evento_ref,resultado_ref,nombre_evento,nombre_prueba,fecha,municipio,distancia_m,finisher_h,finisher_d
448-2212,448-2212-3895,XXII VOLTA A PEU LORIGUILLA,Junior (2009-2010),2026-09-04,Loriguilla,0,,
448-2212,448-2212-3861,XXII VOLTA A PEU LORIGUILLA,Benjamin (2017-2018),2026-09-04,Loriguilla,300,8.0,9.0
448-2212,448-2212-3862,XXII VOLTA A PEU LORIGUILLA,Alevin (2015-2016),2026-09-04,Loriguilla,700,7.0,5.0
448-2212,448-2212-3863,XXII VOLTA A PEU LORIGUILLA,Infantil (2013-2014),2026-09-04,Loriguilla,1050,1.0,2.0
448-2212,448-2212-3864,XXII VOLTA A PEU LORIGUILLA,Cadete (2011-2012),2026-09-04,Loriguilla,1400,2.0,1.0
448-2212,448-2212-3694,XXII VOLTA A PEU LORIGUILLA,10k,2026-09-04,Loriguilla,10000,220.0,58.0
331-2261,331-2261-3814,XXIX VOLTA A PEU LA CANYADA,Sub 10 (Nacidos en 2017 y posteriores),2026-08-29,Paterna,1000,,
331-2261,331-2261-3815,XXIX VOLTA A PEU LA CANYADA,Sub 14 (Nacidos entre 2013 y 2016),2026-08-29,Paterna,1000,,
331-2261,331-2261-3813,XXIX VOLTA A PEU LA CANYADA,"Volta a peu La Canyada (6,4km)",2026-08-29,Paterna,6400,320.0,156.0
306-2175,306-2175-3868,XXXIV VOLTA A PEU NOCTURNA A MANUEL,Prebenjamin (2019-2020),2026-08-28,Manuel,200,14.0,10.0
306-2175,306-2175-3869,XXXIV VOLTA A PEU NOCTURNA A MANUEL,Benjamin (2017-2018),2026-08-28,Manuel,550,20.0,5.0
306-2175,306-2175-3870,XXXIV VOLTA A PEU NOCTURNA A MANUEL,Alevin (2015-2016),2026-08-28,Manuel,1100,12.0,10.0
306-2175,306-2175-3871,XXXIV VOLTA A PEU NOCTURNA A MANUEL,Infantil (2013-2014),2026-08-28,Manuel,1650,6.0,4.0
306-2175,306-2175-3872,XXXIV VOLTA A PEU NOCTURNA A MANUEL,Cadet (2009-2012),2026-08-28,Manuel,2200,5.0,3.0
306-2175,306-2175-3591,XXXIV VOLTA A PEU NOCTURNA A MANUEL,7k,2026-08-28,Manuel,7000,363.0,135.0
437-2184,437-2184-3602,XVI VOLTA A PEU ALBUIXECH,"6,5k",2026-08-21,Albuixech,6500,479.0,204.0
437-2184,437-2184-3894,XVI VOLTA A PEU ALBUIXECH,"6,5k Cadet-juvenil",2026-08-21,Albuixech,6500,26.0,13.0
453-2211,453-2211-3693,XXVIII LEGUA SAN ANTONIO DE BENAGÉBER,"5,5KM",2026-08-08,San Antonio de Benagéber,5572,297.0,121.0
453-2211,453-2211-3848,XXVIII LEGUA SAN ANTONIO DE BENAGÉBER,Querubines ( 0 a 5 años),2026-08-08,San Antonio de Benagéber,100,,
453-2211,453-2211-3849,XXVIII LEGUA SAN ANTONIO DE BENAGÉBER,Prebenjamines ( 6 a 7 años),2026-08-08,San Antonio de Benagéber,200,,
453-2211,453-2211-3850,XXVIII LEGUA SAN ANTONIO DE BENAGÉBER,Benjamines (8 a 9 años),2026-08-08,San Antonio de Benagéber,300,,
453-2211,453-2211-3851,XXVIII LEGUA SAN ANTONIO DE BENAGÉBER,Alevines (10 a 11 años),2026-08-08,San Antonio de Benagéber,400,,
453-2211,453-2211-3852,XXVIII LEGUA SAN ANTONIO DE BENAGÉBER,Infantil (12 a 13 años),2026-08-08,San Antonio de Benagéber,600,,
453-2211,453-2211-3853,XXVIII LEGUA SAN ANTONIO DE BENAGÉBER,Cadetes (14 a 15 aoñs),2026-08-08,San Antonio de Benagéber,800,,
671-2267,671-2267-3834,IX 8k ALBALAT DE LA RIBERA,8KM,2026-08-07,Albalat de la Ribera,8000,172.0,39.0
347-2229,347-2229-3812,XI 10K MONTSERRAT,10k,2026-07-31,Montserrat,10000,528.0,140.0
305-2170,305-2170-3766,XXIV VOLTA A PEU PEL XÚQUER - RIOLA,Chupetín 2022-2025,2026-07-25,Riola,100,,
305-2170,305-2170-3767,XXIV VOLTA A PEU PEL XÚQUER - RIOLA,Prebenjamín 2019-2021,2026-07-25,Riola,250,,
305-2170,305-2170-3768,XXIV VOLTA A PEU PEL XÚQUER - RIOLA,Benjamín 2017-2018,2026-07-25,Riola,550,,
305-2170,305-2170-3769,XXIV VOLTA A PEU PEL XÚQUER - RIOLA,Alevín 2015-2016,2026-07-25,Riola,800,,
305-2170,305-2170-3770,XXIV VOLTA A PEU PEL XÚQUER - RIOLA,Infantil 2013-2014,2026-07-25,Riola,1200,,
305-2170,305-2170-3771,XXIV VOLTA A PEU PEL XÚQUER - RIOLA,Cadet 2009-2012,2026-07-25,Riola,1800,,
305-2170,305-2170-3577,XXIV VOLTA A PEU PEL XÚQUER - RIOLA,8K,2026-07-25,Riola,8000,554.0,259.0
305-2170,305-2170-3772,XXIV VOLTA A PEU PEL XÚQUER - RIOLA,Compra Obsequios (No corro),2026-07-25,Riola,0,,
305-2170,305-2170-3774,XXIV VOLTA A PEU PEL XÚQUER - RIOLA,Marcha,2026-07-25,Riola,5500,,
667-2237,667-2237-3842,10K L'ELIANA,Sub6,2026-07-25,l'Eliana,0,,
667-2237,667-2237-3843,10K L'ELIANA,Sub8,2026-07-25,l'Eliana,0,,
667-2237,667-2237-3844,10K L'ELIANA,Sub10,2026-07-25,l'Eliana,0,,
667-2237,667-2237-3845,10K L'ELIANA,Sub12,2026-07-25,l'Eliana,0,,
667-2237,667-2237-3846,10K L'ELIANA,Sub14/16,2026-07-25,l'Eliana,0,,
667-2237,667-2237-3879,10K L'ELIANA,Lista espera (inscripción dia de la carrera sin chip),2026-07-25,l'Eliana,10000,,
667-2237,667-2237-3680,10K L'ELIANA,10km (Prueba Puntuable para el circuito Camp de Túria 2026),2026-07-25,l'Eliana,10000,465.0,181.0
667-2237,667-2237-3841,10K L'ELIANA,5km,2026-07-25,l'Eliana,5000,105.0,118.0
395-2174,395-2174-3590,XXVIII VOLTA A PEU LLAURÍ,8k,2026-07-24,Llaurí,8000,241.0,63.0
265-2196,265-2196-3802,XIV 10K SENSE LÍMITS ALDAIA,10km,2026-07-18,Aldaia,10000,739.0,213.0
160-2220,160-2220-3804,XII VOLTA A PEU JOANOT PRESÈNCIA POLINYÀ DE XÚQUER,Aguiluchos 2026/2025,2026-07-17,Polinyà de Xúquer,50,,
160-2220,160-2220-3805,XII VOLTA A PEU JOANOT PRESÈNCIA POLINYÀ DE XÚQUER,Chupetines 2022-2023,2026-07-17,Polinyà de Xúquer,100,,
160-2220,160-2220-3806,XII VOLTA A PEU JOANOT PRESÈNCIA POLINYÀ DE XÚQUER,Prebenjamines 2019-2021,2026-07-17,Polinyà de Xúquer,250,,
160-2220,160-2220-3807,XII VOLTA A PEU JOANOT PRESÈNCIA POLINYÀ DE XÚQUER,Benjamines 2017-2018,2026-07-17,Polinyà de Xúquer,350,,
160-2220,160-2220-3808,XII VOLTA A PEU JOANOT PRESÈNCIA POLINYÀ DE XÚQUER,Alevines 2015-2016,2026-07-17,Polinyà de Xúquer,800,,
160-2220,160-2220-3809,XII VOLTA A PEU JOANOT PRESÈNCIA POLINYÀ DE XÚQUER,Infantiles 2013-2014,2026-07-17,Polinyà de Xúquer,1300,,
160-2220,160-2220-3810,XII VOLTA A PEU JOANOT PRESÈNCIA POLINYÀ DE XÚQUER,Cadets 2009-2012,2026-07-17,Polinyà de Xúquer,1800,,
160-2220,160-2220-3803,XII VOLTA A PEU JOANOT PRESÈNCIA POLINYÀ DE XÚQUER,8KM,2026-07-17,Polinyà de Xúquer,8000,243.0,61.0
344-2169,344-2169-3796,XXXIX VOLTA A PEU SOLLANA,Compra Camiseta (NO CORRO),2026-07-11,Sollana,0,,
344-2169,344-2169-3784,XXXIX VOLTA A PEU SOLLANA,Xupetins (2022-2024),2026-07-11,Sollana,200,,
344-2169,344-2169-3785,XXXIX VOLTA A PEU SOLLANA,Prebenjamins (2019-2021),2026-07-11,Sollana,400,,
344-2169,344-2169-3786,XXXIX VOLTA A PEU SOLLANA,Benjamins (2017-2018),2026-07-11,Sollana,800,,
344-2169,344-2169-3787,XXXIX VOLTA A PEU SOLLANA,Alevins (2015-2016),2026-07-11,Sollana,800,,
344-2169,344-2169-3788,XXXIX VOLTA A PEU SOLLANA,Infantil (2013-2014),2026-07-11,Sollana,1600,,
344-2169,344-2169-3789,XXXIX VOLTA A PEU SOLLANA,Cadets (2009-2012),2026-07-11,Sollana,2500,,
344-2169,344-2169-3576,XXXIX VOLTA A PEU SOLLANA,8K,2026-07-11,Sollana,8000,367.0,103.0
542-2258,542-2258-3773,VI TRAIL NOCTURNO DE CULLERA,"11,4KM",2026-07-11,Cullera,11400,319.0,70.0
450-2210,450-2210-3835,XXXIX VOLTA A PEU NOCTURNA A LA POBLA DE VALLBONA,Minibenjamin (2021 y posteriores),2026-07-10,Pobla de Vallbona,50,,
450-2210,450-2210-3836,XXXIX VOLTA A PEU NOCTURNA A LA POBLA DE VALLBONA,Prebenjamin (2019/2020),2026-07-10,Pobla de Vallbona,100,,
450-2210,450-2210-3837,XXXIX VOLTA A PEU NOCTURNA A LA POBLA DE VALLBONA,Benjamin (2017/2018),2026-07-10,Pobla de Vallbona,200,,
450-2210,450-2210-3838,XXXIX VOLTA A PEU NOCTURNA A LA POBLA DE VALLBONA,Alevins (2015/2016),2026-07-10,Pobla de Vallbona,350,,
450-2210,450-2210-3839,XXXIX VOLTA A PEU NOCTURNA A LA POBLA DE VALLBONA,Infantils (2013/2014),2026-07-10,Pobla de Vallbona,900,,
450-2210,450-2210-3840,XXXIX VOLTA A PEU NOCTURNA A LA POBLA DE VALLBONA,Cadets (2011/2012),2026-07-10,Pobla de Vallbona,1350,,
450-2210,450-2210-3692,XXXIX VOLTA A PEU NOCTURNA A LA POBLA DE VALLBONA,5km,2026-07-10,Pobla de Vallbona,5000,430.0,224.0
304-2173,304-2173-3589,XVII VOLTA A PEU MARENY DE BARRAQUETES,7k,2026-07-04,Mareny de Barraquetes,7000,253.0,115.0
597-2183,597-2183-3811,XII 5K ALBALAT DELS SORELLS,Compra Camiseta (No Corro),2026-07-04,Albalat dels Sorells,0,,
597-2183,597-2183-3816,XII 5K ALBALAT DELS SORELLS,Compra Bocadillo (No corro),2026-07-04,Albalat dels Sorells,0,,
597-2183,597-2183-3860,XII 5K ALBALAT DELS SORELLS,MENORES,2026-07-04,Albalat dels Sorells,0,20.0,13.0
597-2183,597-2183-3601,XII 5K ALBALAT DELS SORELLS,5k,2026-07-04,Albalat dels Sorells,5000,462.0,175.0
324-2200,324-2200-3777,XXXIV VOLTA A PEU ALBAL,Chupetins 2021 i posteriors,2026-07-04,Albal,100,,
324-2200,324-2200-3778,XXXIV VOLTA A PEU ALBAL,Prebenjamins 2019-2020,2026-07-04,Albal,300,,
324-2200,324-2200-3779,XXXIV VOLTA A PEU ALBAL,Benjamins 2017-2018,2026-07-04,Albal,500,,
324-2200,324-2200-3780,XXXIV VOLTA A PEU ALBAL,Alevins 2015-2016,2026-07-04,Albal,1000,,
324-2200,324-2200-3781,XXXIV VOLTA A PEU ALBAL,Infantils 2013-2014,2026-07-04,Albal,1100,,
324-2200,324-2200-3782,XXXIV VOLTA A PEU ALBAL,Cadets 2011-2012,2026-07-04,Albal,2100,,
324-2200,324-2200-3775,XXXIV VOLTA A PEU ALBAL,10k,2026-07-04,Albal,10000,236.0,48.0
324-2200,324-2200-3776,XXXIV VOLTA A PEU ALBAL,5km,2026-07-04,Albal,5000,62.0,50.0
266-2202,266-2202-3824,XXXII LEGUA URBANA CIUTAT DE TORRENT,Legua Urbana,2026-07-03,Torrent,5572,313.0,157.0
561-2257,561-2257-3818,XXXII VOLTA A PEU A GUADASSUAR,Querubins 2023-2026,2026-07-02,Guadassuar,50,,
561-2257,561-2257-3819,XXXII VOLTA A PEU A GUADASSUAR,Xupetins 2021-2022,2026-07-02,Guadassuar,75,,
561-2257,561-2257-3820,XXXII VOLTA A PEU A GUADASSUAR,Prebenjamins 2019-2020,2026-07-02,Guadassuar,250,,
561-2257,561-2257-3821,XXXII VOLTA A PEU A GUADASSUAR,Benjamins 2017-2018,2026-07-02,Guadassuar,450,13.0,11.0
561-2257,561-2257-3822,XXXII VOLTA A PEU A GUADASSUAR,Alevins 2015-216,2026-07-02,Guadassuar,750,22.0,9.0
561-2257,561-2257-3823,XXXII VOLTA A PEU A GUADASSUAR,Infantils 2013-2014,2026-07-02,Guadassuar,1200,5.0,9.0
561-2257,561-2257-3817,XXXII VOLTA A PEU A GUADASSUAR,8KM,2026-07-02,Guadassuar,8000,547.0,185.0
457-2263,457-2263-3833,VIII CARRERA INFANTIL CAIXA RURAL TORRENT A PICANYA,Alevín (2015-2014),2026-07-01,Picanya,850,,
457-2263,457-2263-3832,VIII CARRERA INFANTIL CAIXA RURAL TORRENT A PICANYA,Benjamín (2017-2016),2026-07-01,Picanya,540,,
457-2263,457-2263-3831,VIII CARRERA INFANTIL CAIXA RURAL TORRENT A PICANYA,Prebenjamín (2019-2018),2026-07-01,Picanya,410,,
457-2263,457-2263-3830,VIII CARRERA INFANTIL CAIXA RURAL TORRENT A PICANYA,Querubín (2021-2020),2026-07-01,Picanya,200,,
261-2209,261-2209-3765,XXII VOLTA A PEU NOCTURNA RIBA-ROJA DE TURIA,III TRAIL NOCTURNO RIBA-ROJA (No puntuable para el circuito Camp de Túria),2026-06-26,Riba-Roja de Túria,8600,193.0,61.0
261-2209,261-2209-3691,XXII VOLTA A PEU NOCTURNA RIBA-ROJA DE TURIA,7KM,2026-06-26,Riba-Roja de Túria,7000,424.0,167.0
614-2168,614-2168-3575,XXXVII VOLTA A PEU ALMUSSAFES,8k,2026-06-20,Almussafes,8000,426.0,143.0
614-2168,614-2168-3652,XXXVII VOLTA A PEU ALMUSSAFES,Chupetins (2021-2026),2026-06-20,Almussafes,100,,
614-2168,614-2168-3653,XXXVII VOLTA A PEU ALMUSSAFES,Prebenjamí 2019/2020 (sub8),2026-06-20,Almussafes,300,,
614-2168,614-2168-3654,XXXVII VOLTA A PEU ALMUSSAFES,Aleví 2015/2016 (sub12),2026-06-20,Almussafes,1000,,
614-2168,614-2168-3655,XXXVII VOLTA A PEU ALMUSSAFES,Infantil (sub14) 2013-2014,2026-06-20,Almussafes,1100,,
614-2168,614-2168-3656,XXXVII VOLTA A PEU ALMUSSAFES,Cadet (sub16) 2011-2012,2026-06-20,Almussafes,1500,,
614-2168,614-2168-3657,XXXVII VOLTA A PEU ALMUSSAFES,Benjamí (sub10) 2017/2018,2026-06-20,Almussafes,500,,
644-2234,644-2234-3847,XIV TRAIL CHULILLA,11k,2026-06-20,Chulilla,11000,264.0,130.0
365-2167,365-2167-3574,II VOLTA A PEU EL PERELLÓ,8K,2026-06-14,El Perelló,8000,592.0,255.0
609-2182,609-2182-3826,VI 6k solidaria Massalfassar,MENORES,2026-06-14,Massalfassar,6000,11.0,10.0
609-2182,609-2182-3600,VI 6k solidaria Massalfassar,6k,2026-06-14,Massalfassar,6000,292.0,130.0
302-2162,302-2162-3798,XII VOLTA A PEU A SANT JOANET,Compra Camiseta (NO CORRO),2026-06-13,Sant Joanet,0,,
302-2162,302-2162-3588,XII VOLTA A PEU A SANT JOANET,6k,2026-06-13,Sant Joanet,6000,295.0,120.0
323-2199,323-2199-3731,37 VOLTA A PEU FIBRA VALENCIA VILA D'ALAQUAS,7KM,2026-06-13,Alaquàs,7300,413.0,173.0
650-2260,650-2260-3800,Carrera per la Dona 2026 - Quart de Poblet,5km,2026-06-13,Quart de Poblet,5000,57.0,95.0
650-2260,650-2260-3801,Carrera per la Dona 2026 - Quart de Poblet,Marcha No competitiva,2026-06-13,Quart de Poblet,1800,,
658-2224,658-2224-3732,II VOLTA A PEU CIUTAT DE LLÍRIA,Compra Camiseta (Sin dorsal - SOLO para los inscritos a todo el circuito),2026-06-06,Lliria,0,,
658-2224,658-2224-3689,II VOLTA A PEU CIUTAT DE LLÍRIA,6KM,2026-06-06,Lliria,6000,224.0,98.0
456-2230,456-2230-3754,VII 7K SALADAR-SILLA,Chupetines (2021-2026),2026-06-06,Silla,0,,
456-2230,456-2230-3755,VII 7K SALADAR-SILLA,Prebenjamin (sub 8) 2019-2020,2026-06-06,Silla,0,,
456-2230,456-2230-3756,VII 7K SALADAR-SILLA,Benjamin (sub 10) 2017-2018,2026-06-06,Silla,0,,
456-2230,456-2230-3757,VII 7K SALADAR-SILLA,Alevín (sub 12) 2015-2016,2026-06-06,Silla,0,,
456-2230,456-2230-3715,VII 7K SALADAR-SILLA,7k,2026-06-06,Silla,7000,99.0,34.0
301-2233,301-2233-3675,XLI VOLTA A PEU SANT ONOFRE D'ALGEMESÍ,Prebenjamins (4 a 7 anys),2026-06-06,Algemesí,80,,
301-2233,301-2233-3676,XLI VOLTA A PEU SANT ONOFRE D'ALGEMESÍ,Benjamins (8 a 9 anys),2026-06-06,Algemesí,500,,
301-2233,301-2233-3677,XLI VOLTA A PEU SANT ONOFRE D'ALGEMESÍ,Alevins (10 a 11 anys),2026-06-06,Algemesí,1000,,
301-2233,301-2233-3678,XLI VOLTA A PEU SANT ONOFRE D'ALGEMESÍ,Infantils (12 a 13 anys),2026-06-06,Algemesí,1500,,
301-2233,301-2233-3679,XLI VOLTA A PEU SANT ONOFRE D'ALGEMESÍ,Cadets (14 a 17 anys),2026-06-06,Algemesí,1500,,
301-2233,301-2233-3674,XLI VOLTA A PEU SANT ONOFRE D'ALGEMESÍ,10km,2026-06-06,Algemesí,10000,314.0,91.0
670-2255,670-2255-3764,Como aprovechar el GPS para entrenar - Club Atletisme Vila d'Alaquàs,Inscripción a la Charla,2026-06-03,Alaquàs,0,,
638-2219,638-2219-3714,III Carrera Solidaria “Ruta 091” de Valencia,"Dorsal 0 (Colaboro, no corro)",2026-05-30,Valencia,0,,
638-2219,638-2219-3707,III Carrera Solidaria “Ruta 091” de Valencia,"5,2km",2026-05-30,Valencia,5200,806.0,653.0
638-2219,638-2219-3713,III Carrera Solidaria “Ruta 091” de Valencia,Modalidad Inclusiva,2026-05-30,Valencia,5200,,
638-2219,638-2219-3708,III Carrera Solidaria “Ruta 091” de Valencia,nacidos 2019 y posteriores,2026-05-30,Valencia,50,,
638-2219,638-2219-3709,III Carrera Solidaria “Ruta 091” de Valencia,de 2017 a 2018,2026-05-30,Valencia,100,,
638-2219,638-2219-3710,III Carrera Solidaria “Ruta 091” de Valencia,de 2015 a 2016,2026-05-30,Valencia,200,,
638-2219,638-2219-3711,III Carrera Solidaria “Ruta 091” de Valencia,de 2013 a 2014,2026-05-30,Valencia,400,,
638-2219,638-2219-3712,III Carrera Solidaria “Ruta 091” de Valencia,de 2011 a 2012,2026-05-30,Valencia,800,,
443-2198,443-2198-3735,XXXIII VOLTA A PEU BENETÚSSER,"7,5km",2026-05-24,Benetússer,7500,192.0,71.0
443-2198,443-2198-3736,XXXIII VOLTA A PEU BENETÚSSER,SUB 5,2026-05-24,Benetússer,330,,
443-2198,443-2198-3743,XXXIII VOLTA A PEU BENETÚSSER,Diversidad Funcional,2026-05-24,Benetússer,330,,
443-2198,443-2198-3737,XXXIII VOLTA A PEU BENETÚSSER,SUB 8,2026-05-24,Benetússer,550,7.0,8.0
443-2198,443-2198-3738,XXXIII VOLTA A PEU BENETÚSSER,SUB10,2026-05-24,Benetússer,550,9.0,13.0
443-2198,443-2198-3739,XXXIII VOLTA A PEU BENETÚSSER,SUB12,2026-05-24,Benetússer,1100,13.0,7.0
443-2198,443-2198-3740,XXXIII VOLTA A PEU BENETÚSSER,SUB14,2026-05-24,Benetússer,1650,5.0,3.0
443-2198,443-2198-3741,XXXIII VOLTA A PEU BENETÚSSER,SUB16,2026-05-24,Benetússer,1650,1.0,2.0
443-2198,443-2198-3742,XXXIII VOLTA A PEU BENETÚSSER,SUB18,2026-05-24,Benetússer,2150,1.0,0.0
222-2203,222-2203-3682,XI 10 KM CIUTAT DE TORRENT,10k,2026-05-24,Torrent,10000,432.0,111.0
264-2161,264-2161-3758,XXX VOLTA A PEU ALBERIC (LA CARRERA DE LA MONA),Chupetins (2021-2026),2026-05-23,Alberic,100,,
264-2161,264-2161-3759,XXX VOLTA A PEU ALBERIC (LA CARRERA DE LA MONA),Prebenjamins (2019-2020),2026-05-23,Alberic,300,,
264-2161,264-2161-3760,XXX VOLTA A PEU ALBERIC (LA CARRERA DE LA MONA),Benjamins (2017-2018),2026-05-23,Alberic,500,18.0,17.0
264-2161,264-2161-3761,XXX VOLTA A PEU ALBERIC (LA CARRERA DE LA MONA),Alevins (2015-2016),2026-05-23,Alberic,1000,10.0,10.0
264-2161,264-2161-3762,XXX VOLTA A PEU ALBERIC (LA CARRERA DE LA MONA),Infantils (2013-2014),2026-05-23,Alberic,1500,9.0,10.0
264-2161,264-2161-3763,XXX VOLTA A PEU ALBERIC (LA CARRERA DE LA MONA),Cadets (2009-2012),2026-05-23,Alberic,2000,6.0,2.0
264-2161,264-2161-3587,XXX VOLTA A PEU ALBERIC (LA CARRERA DE LA MONA),8k,2026-05-23,Alberic,8000,283.0,111.0
629-2181,629-2181-3749,IV 5k POBLA DE FARNALS,Chupetín (2022-23-24-25),2026-05-23,La Pobla,100,,
629-2181,629-2181-3750,IV 5k POBLA DE FARNALS,Prebenjamín (2021-20),2026-05-23,La Pobla,200,,
629-2181,629-2181-3751,IV 5k POBLA DE FARNALS,Benjamín (2019- 18),2026-05-23,La Pobla,400,,
629-2181,629-2181-3752,IV 5k POBLA DE FARNALS,Alevín (2017-16),2026-05-23,La Pobla,750,,
629-2181,629-2181-3753,IV 5k POBLA DE FARNALS,Infantil (2014-15),2026-05-23,La Pobla,1000,,
629-2181,629-2181-3599,IV 5k POBLA DE FARNALS,5k,2026-05-23,La Pobla,5000,422.0,218.0
629-2181,629-2181-3797,IV 5k POBLA DE FARNALS,MENORES 5K,2026-05-23,La Pobla,5000,22.0,23.0
150-2166,150-2166-3573,II 10k BIMI SILLA,10K,2026-05-17,Silla,10000,439.0,143.0
295-2243,295-2243-3718,XX GRAN FONS DE TURÍS MEMORIAL RAIMON SORIA,Gran Fons,2026-05-17,Turís,15500,100.0,13.0
295-2243,295-2243-3719,XX GRAN FONS DE TURÍS MEMORIAL RAIMON SORIA,Cursa iniciació,2026-05-17,Turís,8600,28.0,14.0
295-2243,295-2243-3720,XX GRAN FONS DE TURÍS MEMORIAL RAIMON SORIA,Benjamins Sub 10 (2017-2018),2026-05-17,Turís,600,,
295-2243,295-2243-3721,XX GRAN FONS DE TURÍS MEMORIAL RAIMON SORIA,Alevins Sub 12 (2015-2016),2026-05-17,Turís,1000,,
295-2243,295-2243-3722,XX GRAN FONS DE TURÍS MEMORIAL RAIMON SORIA,Infantils Sub 14 (2013-2014),2026-05-17,Turís,1600,,
295-2243,295-2243-3723,XX GRAN FONS DE TURÍS MEMORIAL RAIMON SORIA,Cadets Sub 16 (2009-2012),2026-05-17,Turís,2000,,
643-2180,643-2180-3734,XXIII 15K i I 5K VILA DE MASSAMAGRELL,Compra Obsequios (NO CORRO),2026-05-16,Massamagrell,0,,
643-2180,643-2180-3598,XXIII 15K i I 5K VILA DE MASSAMAGRELL,15k,2026-05-16,Massamagrell,15,,
643-2180,643-2180-3649,XXIII 15K i I 5K VILA DE MASSAMAGRELL,5km,2026-05-16,Massamagrell,5000,168.0,125.0
643-2180,643-2180-3783,XXIII 15K i I 5K VILA DE MASSAMAGRELL,5k menores,2026-05-16,Massamagrell,5000,22.0,25.0
649-2204,649-2204-3638,GRAN PREMIO VELAS MARATON 3.0,10km,2026-05-16,Cheste,10000,579.0,203.0
649-2204,649-2204-3639,GRAN PREMIO VELAS MARATON 3.0,4km,2026-05-16,Cheste,4000,124.0,183.0
647-2240,647-2240-3748,Carrera Popular Lucha contra la Droga Memorial Benito Pozo,6km,2026-05-16,Torrent,6000,41.0,19.0
384-2248,384-2248-3745,XLIV VOLTA A PEU LLUIS VIVES,"5,2km",2026-05-15,Sueca,5200,,
608-2206,608-2206-3635,TRAIL VALLE DEL TÚRIA GESTALGAR,26KM,2026-05-10,Gestalgar,26000,109.0,19.0
608-2206,608-2206-3636,TRAIL VALLE DEL TÚRIA GESTALGAR,12KM,2026-05-10,Gestalgar,12000,134.0,57.0
608-2206,608-2206-3637,TRAIL VALLE DEL TÚRIA GESTALGAR,"Marcha (6,5km)",2026-05-10,Gestalgar,6500,,
308-2160,308-2160-3703,XXXIII VOLTA A PEU CIUTAT DE CARLET,Benjamí (2017-2018),2026-05-09,Carlet,500,18.0,13.0
308-2160,308-2160-3704,XXXIII VOLTA A PEU CIUTAT DE CARLET,Aleví (2015-2016),2026-05-09,Carlet,500,17.0,17.0
308-2160,308-2160-3705,XXXIII VOLTA A PEU CIUTAT DE CARLET,Infantil (2013-2014),2026-05-09,Carlet,1000,11.0,7.0
308-2160,308-2160-3706,XXXIII VOLTA A PEU CIUTAT DE CARLET,Cadet (2009-2012),2026-05-09,Carlet,1500,11.0,1.0
308-2160,308-2160-3586,XXXIII VOLTA A PEU CIUTAT DE CARLET,10k,2026-05-09,Carlet,10000,400.0,121.0
308-2160,308-2160-3702,XXXIII VOLTA A PEU CIUTAT DE CARLET,Marxa Nórdica,2026-05-09,Carlet,4350,,
223-2178,223-2178-3595,XLIV MITJA MARATÓ D'ALCÀSSER,21km,2026-05-09,Alcàsser,21097,650.0,150.0
219-2192,219-2192-3651,XIII CARRERA DE LA DONA DE SUECA,"Dorsal 0 (Colaboro, no corro)",2026-05-03,Sueca,0,,
219-2192,219-2192-3650,XIII CARRERA DE LA DONA DE SUECA,5km,2026-05-03,Sueca,5000,10.0,545.0
560-2197,560-2197-3700,IX 10K MANISES,10km,2026-05-03,Manises,10000,451.0,159.0
668-2238,668-2238-3701,Relleus Per l'Horta Nord 2026 - Albalat dels Sorells,Relevos Femenino,2026-04-26,Albalat dels Sorells,6000,0.0,18.0
668-2238,668-2238-3683,Relleus Per l'Horta Nord 2026 - Albalat dels Sorells,Relevos Masculino,2026-04-26,Albalat dels Sorells,10000,16.0,0.0
557-2244,557-2244-3727,V CARRERA ESCOLAR CAIXA RURAL TORRENT,Aleví (2014-2015),2026-04-26,Torrent,800,,
557-2244,557-2244-3726,V CARRERA ESCOLAR CAIXA RURAL TORRENT,Benjamí (2016-2017),2026-04-26,Torrent,700,,
557-2244,557-2244-3725,V CARRERA ESCOLAR CAIXA RURAL TORRENT,Prebenjamí (2018-2019),2026-04-26,Torrent,450,,
557-2244,557-2244-3724,V CARRERA ESCOLAR CAIXA RURAL TORRENT,Querubí (2020-2021),2026-04-26,Torrent,200,,
307-2159,307-2159-3744,XXVIII VOLTA A PEU ALGINET,Compra Camiseta (No Corro),2026-04-25,Alginet,0,,
307-2159,307-2159-3684,XXVIII VOLTA A PEU ALGINET,Benjamins (2017-2018),2026-04-25,Alginet,500,18.0,18.0
307-2159,307-2159-3685,XXVIII VOLTA A PEU ALGINET,Alevins (2015-2016),2026-04-25,Alginet,1000,16.0,18.0
307-2159,307-2159-3686,XXVIII VOLTA A PEU ALGINET,Infantils (2013-2014),2026-04-25,Alginet,1500,17.0,13.0
307-2159,307-2159-3687,XXVIII VOLTA A PEU ALGINET,Cadets (2009-2012),2026-04-25,Alginet,2250,4.0,5.0
307-2159,307-2159-3688,XXVIII VOLTA A PEU ALGINET,Prebenjamins (2019-2025),2026-04-25,Alginet,200,,
307-2159,307-2159-3585,XXVIII VOLTA A PEU ALGINET,8k,2026-04-25,Alginet,8000,375.0,107.0
569-2165,569-2165-3572,"VI 10K ""Via Materal"" Ciutat de Sueca",10K,2026-04-25,Sueca,10000,341.0,105.0
569-2165,569-2165-3658,"VI 10K ""Via Materal"" Ciutat de Sueca",Cagons (2026-2023),2026-04-25,Sueca,0,,
569-2165,569-2165-3659,"VI 10K ""Via Materal"" Ciutat de Sueca",Chupetins (2022-2021),2026-04-25,Sueca,0,,
569-2165,569-2165-3660,"VI 10K ""Via Materal"" Ciutat de Sueca",Prebenjamins (2020-2019),2026-04-25,Sueca,0,,
569-2165,569-2165-3661,"VI 10K ""Via Materal"" Ciutat de Sueca",Benjamins (2018-2017),2026-04-25,Sueca,0,,
569-2165,569-2165-3662,"VI 10K ""Via Materal"" Ciutat de Sueca",Alevins (2016-2015),2026-04-25,Sueca,0,,
569-2165,569-2165-3663,"VI 10K ""Via Materal"" Ciutat de Sueca",Infantils (2014-2013),2026-04-25,Sueca,0,,
569-2165,569-2165-3664,"VI 10K ""Via Materal"" Ciutat de Sueca",Cadets (2012-2011),2026-04-25,Sueca,0,,
366-2148,366-2148-3613,XVI CARRERA POPULAR PARQUE NATURAL DEL TÚRIA,NANOS (2020 -2021),2026-04-19,Pedralba,50,,
366-2148,366-2148-3614,XVI CARRERA POPULAR PARQUE NATURAL DEL TÚRIA,PREBENJAMIN (2018-2019),2026-04-19,Pedralba,80,,
366-2148,366-2148-3615,XVI CARRERA POPULAR PARQUE NATURAL DEL TÚRIA,BENJAMIN (2016-2017),2026-04-19,Pedralba,300,,
366-2148,366-2148-3616,XVI CARRERA POPULAR PARQUE NATURAL DEL TÚRIA,ALEVIN (2014-2015),2026-04-19,Pedralba,800,,
366-2148,366-2148-3617,XVI CARRERA POPULAR PARQUE NATURAL DEL TÚRIA,INFANTIL (2012-2013),2026-04-19,Pedralba,1600,,
366-2148,366-2148-3618,XVI CARRERA POPULAR PARQUE NATURAL DEL TÚRIA,CADETE (2008-2011),2026-04-19,Pedralba,2800,,
366-2148,366-2148-3553,XVI CARRERA POPULAR PARQUE NATURAL DEL TÚRIA,10k,2026-04-19,Pedralba,10000,134.0,51.0
366-2148,366-2148-3569,XVI CARRERA POPULAR PARQUE NATURAL DEL TÚRIA,5km,2026-04-19,Pedralba,5000,38.0,47.0
287-2194,287-2194-3665,XII ALÈDUA TRAIL MEMORIAL MJ,20km,2026-04-19,Llombai,20000,86.0,15.0
287-2194,287-2194-3666,XII ALÈDUA TRAIL MEMORIAL MJ,11km,2026-04-19,Llombai,11000,159.0,50.0
287-2194,287-2194-3667,XII ALÈDUA TRAIL MEMORIAL MJ,Senderista,2026-04-19,Llombai,11000,,
445-2208,445-2208-3690,XIII 7K SANT VICENT DE LLIRIA,7KM,2026-04-18,Lliria,7000,226.0,90.0
433-2179,433-2179-3681,XXVI GRAN FONS DE PUÇOL,Compra Camiseta (No Corro),2026-04-12,Puçol,0,,
433-2179,433-2179-3597,XXVI GRAN FONS DE PUÇOL,15k,2026-04-12,Puçol,15000,477.0,149.0
296-2158,296-2158-3673,XXIV VOLTA A PEU GAVARDA,Compra Camiseta (No Corro),2026-04-11,Gavarda,0,,
296-2158,296-2158-3668,XXIV VOLTA A PEU GAVARDA,Iniciació/Nanos 2019 i posterior,2026-04-11,Gavarda,100,,
296-2158,296-2158-3669,XXIV VOLTA A PEU GAVARDA,Benjamí (2017-2018),2026-04-11,Gavarda,400,13.0,12.0
296-2158,296-2158-3670,XXIV VOLTA A PEU GAVARDA,Aleví (2015-2016),2026-04-11,Gavarda,1000,10.0,14.0
296-2158,296-2158-3671,XXIV VOLTA A PEU GAVARDA,Infantil (2013-2014),2026-04-11,Gavarda,1400,12.0,8.0
296-2158,296-2158-3672,XXIV VOLTA A PEU GAVARDA,Cadet (2009-2012),2026-04-11,Gavarda,2000,8.0,2.0
296-2158,296-2158-3584,XXIV VOLTA A PEU GAVARDA,6k,2026-04-11,Gavarda,6000,268.0,90.0
578-2157,578-2157-3583,XII 10k ALCÀNTERA DEL XÚQUER,10k,2026-03-29,Alcàntera de Xúquer,10000,258.0,81.0
377-2188,377-2188-3606,XLIV VOLTA A PEU XIRIVELLA,"7,2k",2026-03-29,Xirivella,7200,635.0,249.0
441-2124,441-2124-3504,XX SUBIDA VERTICAL GRAN HOTEL BALI,OPEN,2026-03-28,Benidorm,0,227.0,93.0
441-2124,441-2124-3505,XX SUBIDA VERTICAL GRAN HOTEL BALI,ELITE,2026-03-28,Benidorm,0,27.0,13.0
441-2124,441-2124-3506,XX SUBIDA VERTICAL GRAN HOTEL BALI,BOMBEROS/AS,2026-03-28,Benidorm,0,122.0,6.0
441-2124,441-2124-3507,XX SUBIDA VERTICAL GRAN HOTEL BALI,DOBLE MODALIDAD OPEN/BOMBEROS/AS,2026-03-28,Benidorm,0,,
441-2124,441-2124-3508,XX SUBIDA VERTICAL GRAN HOTEL BALI,BICICLETA,2026-03-28,Benidorm,0,,
536-2164,536-2164-3640,VII 10k CIUTAT DE PICASSENT,Chupetín (2026-2021),2026-03-28,Picassent,100,,
536-2164,536-2164-3641,VII 10k CIUTAT DE PICASSENT,Prebenjamín (2019-2020),2026-03-28,Picassent,400,,
536-2164,536-2164-3642,VII 10k CIUTAT DE PICASSENT,Benjamins (2017-2018),2026-03-28,Picassent,600,,
536-2164,536-2164-3643,VII 10k CIUTAT DE PICASSENT,Alevín (2015-2016),2026-03-28,Picassent,1000,,
536-2164,536-2164-3644,VII 10k CIUTAT DE PICASSENT,Infantil (2014-2013),2026-03-28,Picassent,1500,,
536-2164,536-2164-3645,VII 10k CIUTAT DE PICASSENT,Cadets (2011-2012),2026-03-28,Picassent,1800,,
536-2164,536-2164-3571,VII 10k CIUTAT DE PICASSENT,10K,2026-03-28,Picassent,10000,608.0,146.0
612-2217,612-2217-3647,IV CARRERA DE LES DONES ALDAIA - ALAQUÀS,5km,2026-03-27,Aldaia,5000,0.0,373.0
136-2140,136-2140-3535,XXI TRAIL 3 PICS LES RODANES,RAPITTRAIL 14KM,2026-03-22,Vilamarxant,14000,282.0,96.0
136-2140,136-2140-3534,XXI TRAIL 3 PICS LES RODANES,Prueba Reina 28km,2026-03-22,Vilamarxant,28000,85.0,13.0
136-2140,136-2140-3536,XXI TRAIL 3 PICS LES RODANES,Iniciació Trail 8km,2026-03-22,Vilamarxant,8000,56.0,49.0
136-2140,136-2140-3634,XXI TRAIL 3 PICS LES RODANES,Cronoescalada,2026-03-22,Vilamarxant,2000,353.0,82.0
369-2155,369-2155-3582,XIII VOLTA A PEU A L ÉNOVA,8k,2026-02-28,Énova,8000,283.0,96.0
163-2156,163-2156-3633,XI 10K BENIMODO,Compra Camiseta (No Corro),2026-02-21,Benimodo,0,,
163-2156,163-2156-3581,XI 10K BENIMODO,10k,2026-02-21,Benimodo,10000,330.0,80.0
514-2163,514-2163-3570,"XV 10k ALBAL ""POR ESA SONRISA""",10K,2026-02-15,Albal,10000,519.0,163.0
514-2163,514-2163-3619,"XV 10k ALBAL ""POR ESA SONRISA""",5K Marcha,2026-02-15,Albal,5000,,
514-2163,514-2163-3626,"XV 10k ALBAL ""POR ESA SONRISA""",Cadete (2011 a 2012),2026-02-15,Albal,1200,,
514-2163,514-2163-3625,"XV 10k ALBAL ""POR ESA SONRISA""",Infantil (2013 a 2014),2026-02-15,Albal,1000,,
514-2163,514-2163-3624,"XV 10k ALBAL ""POR ESA SONRISA""",Alevín (2015 a 20016),2026-02-15,Albal,800,,
514-2163,514-2163-3623,"XV 10k ALBAL ""POR ESA SONRISA""",Benjamín (2017 a 2018),2026-02-15,Albal,800,,
514-2163,514-2163-3622,"XV 10k ALBAL ""POR ESA SONRISA""",Prebenjamín (2019 a 2020),2026-02-15,Albal,400,,
514-2163,514-2163-3621,"XV 10k ALBAL ""POR ESA SONRISA""",Querubín (2021 a 2022),2026-02-15,Albal,100,,
514-2163,514-2163-3620,"XV 10k ALBAL ""POR ESA SONRISA""",Chupetín (2023 a 2026),2026-02-15,Albal,100,,
514-2163,514-2163-3627,"XV 10k ALBAL ""POR ESA SONRISA""",Juvenil (2009 a 2010),2026-02-15,Albal,1200,,
567-2191,567-2191-3612,XX MITJA MARATÓ CIUTAT DE TORRENT,Mitja marató,2026-02-15,Torrent,21097,287.0,42.0
575-2190,575-2190-3607,GALA FINAL CIRCUIT CAIXA POPULAR HORTA SUD,5 CARRERAS COMPLETADAS,2026-02-13,Castell d'Alaquàs,0,,
575-2190,575-2190-3608,GALA FINAL CIRCUIT CAIXA POPULAR HORTA SUD,6 CARRERAS COMPLETADAS,2026-02-13,Castell d'Alaquàs,0,,
575-2190,575-2190-3609,GALA FINAL CIRCUIT CAIXA POPULAR HORTA SUD,7 CARRERAS COMPLETADAS,2026-02-13,Castell d'Alaquàs,0,,
575-2190,575-2190-3610,GALA FINAL CIRCUIT CAIXA POPULAR HORTA SUD,8 CARRERAS COMPLETADAS,2026-02-13,Castell d'Alaquàs,0,,
632-2069,632-2069-3406,"XV CARRERA REGIMIENTO ""LUSITANIA""",TRAIL 21KM,2026-02-08,Marines,21000,146.0,27.0
632-2069,632-2069-3407,"XV CARRERA REGIMIENTO ""LUSITANIA""",SPRINTRAIL 15km,2026-02-08,Marines,15000,211.0,70.0
632-2069,632-2069-3410,"XV CARRERA REGIMIENTO ""LUSITANIA""",Canicross,2026-02-08,Marines,9000,24.0,11.0
632-2069,632-2069-3408,"XV CARRERA REGIMIENTO ""LUSITANIA""","Trail de Iniciación (10,5km)",2026-02-08,Marines,10500,161.0,84.0
632-2069,632-2069-3409,"XV CARRERA REGIMIENTO ""LUSITANIA""",Marcha,2026-02-08,Marines,10500,,
206-2147,206-2147-3580,XXXVII VOLTA A PEU A L´ALCÚDIA,Prebenjamin (2019-2020),2026-02-08,L'Alcúdia,300,,
206-2147,206-2147-3632,XXXVII VOLTA A PEU A L´ALCÚDIA,Chupetín (2021-2025),2026-02-08,L'Alcúdia,100,,
206-2147,206-2147-3628,XXXVII VOLTA A PEU A L´ALCÚDIA,Benjamí (2017-2018),2026-02-08,L'Alcúdia,500,20.0,17.0
206-2147,206-2147-3629,XXXVII VOLTA A PEU A L´ALCÚDIA,Alevi (2015-2016),2026-02-08,L'Alcúdia,1000,14.0,21.0
206-2147,206-2147-3630,XXXVII VOLTA A PEU A L´ALCÚDIA,Infantil (2013-2014),2026-02-08,L'Alcúdia,1500,13.0,24.0
206-2147,206-2147-3631,XXXVII VOLTA A PEU A L´ALCÚDIA,Cadet (2009-2009),2026-02-08,L'Alcúdia,2000,9.0,8.0
206-2147,206-2147-3552,XXXVII VOLTA A PEU A L´ALCÚDIA,10km,2026-02-08,L'Alcúdia,10000,521.0,137.0
316-1987,316-1987-3133,VI VOLTA A PEU BENÉFICA FALLA EL RABAL,Fila 0 (NO CORRO),2026-02-08,Catarroja,0,,
316-1987,316-1987-3128,VI VOLTA A PEU BENÉFICA FALLA EL RABAL,6km,2026-02-08,Catarroja,6000,239.0,122.0
316-1987,316-1987-3545,VI VOLTA A PEU BENÉFICA FALLA EL RABAL,Marcha,2026-02-08,Catarroja,2500,,
449-2153,449-2153-3562,X TRAILKIDS 3 PICS LES RODANES VILAMARXANT,Querubí (2021-2022),2026-01-24,Vilamarxant,300,,
449-2153,449-2153-3563,X TRAILKIDS 3 PICS LES RODANES VILAMARXANT,Prebenjamin (2019-2020),2026-01-24,Vilamarxant,300,,
449-2153,449-2153-3565,X TRAILKIDS 3 PICS LES RODANES VILAMARXANT,Alevin (2015-2016),2026-01-24,Vilamarxant,1000,,
449-2153,449-2153-3566,X TRAILKIDS 3 PICS LES RODANES VILAMARXANT,Infantil (2013-2014),2026-01-24,Vilamarxant,1500,,
449-2153,449-2153-3567,X TRAILKIDS 3 PICS LES RODANES VILAMARXANT,Cadet (2011-2012),2026-01-24,Vilamarxant,2000,,
449-2153,449-2153-3564,X TRAILKIDS 3 PICS LES RODANES VILAMARXANT,Benjamin (2017-2018),2026-01-24,Vilamarxant,600,,
358-2137,358-2137-3548,8K SANT ANTONI FORTALENY,8k,2026-01-18,Fortaleny,8000,217.0,74.0
358-2137,358-2137-3549,8K SANT ANTONI FORTALENY,Marcha 4km,2026-01-18,Fortaleny,4000,,
642-2146,642-2146-3596,IV CARRERA SANT ROQUENSE MUSEROS,FILA 0 - NO CORRO,2026-01-17,Museros,0,,
642-2146,642-2146-3550,IV CARRERA SANT ROQUENSE MUSEROS,"Marxa 2,5km",2026-01-17,Museros,2500,,
642-2146,642-2146-3551,IV CARRERA SANT ROQUENSE MUSEROS,Carrera 5km,2026-01-17,Museros,5000,,
640-2151,640-2151-3556,IX SANT SILVESTRE CIUTAT DE CARLET,Cursa (5k),2025-12-30,Carlet,5000,158.0,36.0
640-2151,640-2151-3557,IX SANT SILVESTRE CIUTAT DE CARLET,Caminata,2025-12-30,Carlet,0,,
421-2136,421-2136-3538,X SAN SILVESTRE SOLIDARIA POBLA DE FARNALS,Prechupetín (2023-2024),2025-12-29,La Pobla de Farnals,50,,
421-2136,421-2136-3539,X SAN SILVESTRE SOLIDARIA POBLA DE FARNALS,Chupetín (2022-2021),2025-12-29,La Pobla de Farnals,100,,
421-2136,421-2136-3540,X SAN SILVESTRE SOLIDARIA POBLA DE FARNALS,Prebenjamín (2019-2020),2025-12-29,La Pobla de Farnals,250,,
421-2136,421-2136-3541,X SAN SILVESTRE SOLIDARIA POBLA DE FARNALS,Benjamín (2017-2018),2025-12-29,La Pobla de Farnals,500,,
421-2136,421-2136-3542,X SAN SILVESTRE SOLIDARIA POBLA DE FARNALS,Alevín (2015-2016),2025-12-29,La Pobla de Farnals,750,,
421-2136,421-2136-3543,X SAN SILVESTRE SOLIDARIA POBLA DE FARNALS,Infantil (2013-2014),2025-12-29,La Pobla de Farnals,1000,,
421-2136,421-2136-3537,X SAN SILVESTRE SOLIDARIA POBLA DE FARNALS,5km,2025-12-29,La Pobla de Farnals,5000,182.0,69.0
422-2134,422-2134-3546,IX SANT SILVESTRE DE MONTSERRAT,"3,1km MARCHA",2025-12-28,Montserrat,3100,,
422-2134,422-2134-3547,IX SANT SILVESTRE DE MONTSERRAT,"4, 5KM Carrera",2025-12-28,Montserrat,4500,,
416-2139,416-2139-3532,IX SANT SILVESTRE D'ALMUSSAFES,1000 m ( de 9 a 12 anys),2025-12-27,Almussafes,1000,,
416-2139,416-2139-3533,IX SANT SILVESTRE D'ALMUSSAFES,500 m (de 4 a 8 anys),2025-12-27,Almussafes,500,,
416-2139,416-2139-3531,IX SANT SILVESTRE D'ALMUSSAFES,5k (a partir de 13 anys),2025-12-27,Almussafes,5000,,
623-2070,623-2070-3523,X SANSIL TRAIL CALLES,"11,6km",2025-12-21,Calles,11600,191.0,96.0
625-2119,625-2119-3558,V SANT SILVESTRE CIUTAT DE XIRIVELLA,Carrera absoluta,2025-12-21,Xirivella,3430,,
468-2133,468-2133-3516,XII 10K Arco Foios per la Fibrosi Quistica,Querubin (0 a 4 años),2025-12-21,Foios,50,,
468-2133,468-2133-3517,XII 10K Arco Foios per la Fibrosi Quistica,Prebenjamin (5 a 7 años),2025-12-21,Foios,100,,
468-2133,468-2133-3518,XII 10K Arco Foios per la Fibrosi Quistica,Benjamin (8 a 10 años),2025-12-21,Foios,250,,
468-2133,468-2133-3519,XII 10K Arco Foios per la Fibrosi Quistica,Alevin (11 a 12 años),2025-12-21,Foios,500,,
468-2133,468-2133-3520,XII 10K Arco Foios per la Fibrosi Quistica,Infantil (13 a 14 años),2025-12-21,Foios,1000,,
468-2133,468-2133-3521,XII 10K Arco Foios per la Fibrosi Quistica,"Dorsal 0 (Colaboración a partir de 1€, no corro)",2025-12-21,Foios,0,,
468-2133,468-2133-3522,XII 10K Arco Foios per la Fibrosi Quistica,Compra Camiseta (No Corro),2025-12-21,Foios,0,,
468-2133,468-2133-3515,XII 10K Arco Foios per la Fibrosi Quistica,10KM,2025-12-21,Foios,10000,705.0,294.0
570-2150,570-2150-3554,III SANT SILVESTRE CARCAIXENT BRESSOL DE LA TARONJA,Carrera 5k,2025-12-21,Carcaixent,5000,120.0,38.0
570-2150,570-2150-3555,III SANT SILVESTRE CARCAIXENT BRESSOL DE LA TARONJA,"Marcha 3,5k",2025-12-21,Carcaixent,3500,,
361-2088,361-2088-3526,XXIII CURSA DE NADAL BÉTERA,SUB 6 XUPETÍ,2025-12-20,Bétera,100,,
361-2088,361-2088-3527,XXIII CURSA DE NADAL BÉTERA,SUB 8 PREBENJAMÍ,2025-12-20,Bétera,200,,
361-2088,361-2088-3528,XXIII CURSA DE NADAL BÉTERA,SUB 10 BENJAMÍ,2025-12-20,Bétera,400,,
361-2088,361-2088-3529,XXIII CURSA DE NADAL BÉTERA,SUB 12 ALEVÍ,2025-12-20,Bétera,800,,
361-2088,361-2088-3289,XXIII CURSA DE NADAL BÉTERA,5km,2025-12-20,Bétera,5000,286.0,129.0
351-2059,351-2059-3491,X 10k y 5K DINOSAURIS MONCADA,10k,2025-11-30,Moncada,10000,346.0,195.0
351-2059,351-2059-3492,X 10k y 5K DINOSAURIS MONCADA,5km,2025-11-30,Moncada,5000,163.0,151.0
565-2075,565-2075-3500,VII GRAN FONS I CARRERA TRENCANT BARRERES PER LA SALUT MENTAL DE SUECA,Gran Fons (15k),2025-11-30,Sueca,15000,112.0,32.0
565-2075,565-2075-3501,VII GRAN FONS I CARRERA TRENCANT BARRERES PER LA SALUT MENTAL DE SUECA,"Carrera (8,5km)",2025-11-30,Sueca,8500,123.0,76.0
565-2075,565-2075-3502,VII GRAN FONS I CARRERA TRENCANT BARRERES PER LA SALUT MENTAL DE SUECA,"Caminata (5,5km)",2025-11-30,Sueca,5500,,
467-2087,467-2087-3288,X 10K DULCES DE CASINOS,10KM,2025-11-29,Casinos,10000,225.0,67.0
467-2087,467-2087-3493,X 10K DULCES DE CASINOS,Minibenjamin (0 a 5 años),2025-11-29,Casinos,60,,
467-2087,467-2087-3494,X 10K DULCES DE CASINOS,Prebenjamin (6 a 7 años),2025-11-29,Casinos,100,,
467-2087,467-2087-3495,X 10K DULCES DE CASINOS,Benjamin (8 a 9 años),2025-11-29,Casinos,450,,
467-2087,467-2087-3496,X 10K DULCES DE CASINOS,Alevin (10 a 12 años),2025-11-29,Casinos,450,,
467-2087,467-2087-3497,X 10K DULCES DE CASINOS,Infantil (13 a 15 años),2025-11-29,Casinos,900,,
467-2087,467-2087-3498,X 10K DULCES DE CASINOS,Cadete (16 a 17 años),2025-11-29,Casinos,900,,
618-2121,618-2121-3476,VI TRAIL DE LLÍRIA - SANDRA VIDRIER,Trail Reina (20k),2025-11-23,Llíria,20000,96.0,20.0
618-2121,618-2121-3477,VI TRAIL DE LLÍRIA - SANDRA VIDRIER,"Curt Trail (11,3km)",2025-11-23,Llíria,11300,222.0,104.0
643-2037,643-2037-3524,XXII 15K i I 5K VILA DE MASSAMAGRELL,Compra Camiseta (No Corro),2025-11-23,Massamagrell,0,,
643-2037,643-2037-3525,XXII 15K i I 5K VILA DE MASSAMAGRELL,Compra Manguitos (No Corro),2025-11-23,Massamagrell,0,,
643-2037,643-2037-3544,XXII 15K i I 5K VILA DE MASSAMAGRELL,5K MENORES,2025-11-23,Massamagrell,0,22.0,19.0
643-2037,643-2037-3220,XXII 15K i I 5K VILA DE MASSAMAGRELL,15K,2025-11-23,Massamagrell,15000,413.0,134.0
643-2037,643-2037-3265,XXII 15K i I 5K VILA DE MASSAMAGRELL,5km,2025-11-23,Massamagrell,5000,219.0,115.0
550-2097,550-2097-3513,XLIV 10k y 5K MISLATA,10k,2025-11-16,Mislata,10000,318.0,126.0
550-2097,550-2097-3514,XLIV 10k y 5K MISLATA,5km,2025-11-16,Mislata,5000,194.0,136.0
660-2062,660-2062-3530,I 8K Burjassot,8K MENORES,2025-11-09,Burjassot,0,11.0,2.0
660-2062,660-2062-3263,I 8K Burjassot,8km,2025-11-09,Burjassot,8000,435.0,173.0
275-2085,275-2085-3286,XXXV VOLTA A PEU VILAMARXANT,10k,2025-11-09,Vilamarxant,10000,207.0,47.0
275-2085,275-2085-3483,XXXV VOLTA A PEU VILAMARXANT,Juvenil 5km (2008-2009),2025-11-09,Vilamarxant,5000,3.0,1.0
275-2085,275-2085-3484,XXXV VOLTA A PEU VILAMARXANT,Cadet (2010-2011),2025-11-09,Vilamarxant,2350,,
275-2085,275-2085-3485,XXXV VOLTA A PEU VILAMARXANT,Infantil (2012-2013),2025-11-09,Vilamarxant,1200,,
275-2085,275-2085-3486,XXXV VOLTA A PEU VILAMARXANT,Aleví (2014-2015),2025-11-09,Vilamarxant,600,,
275-2085,275-2085-3487,XXXV VOLTA A PEU VILAMARXANT,Benjamí (2016-2017),2025-11-09,Vilamarxant,430,,
275-2085,275-2085-3488,XXXV VOLTA A PEU VILAMARXANT,Prebenjamí (2018-2019),2025-11-09,Vilamarxant,250,,
275-2085,275-2085-3489,XXXV VOLTA A PEU VILAMARXANT,Menudets (2020 i posteriors),2025-11-09,Vilamarxant,100,,
551-2127,551-2127-3509,XIII GALA FINAL DEL CIRCUIT CAIXA POPULAR RIBERA DE XÚQUER,Elección Tallaje Chaqueta (10 carreras completadas),2025-11-07,Sin Localidad definida,0,,
555-2086,555-2086-3287,VI 10K SOLIDARIA DE MARINES,10k,2025-11-02,Marines,10000,167.0,53.0
409-2132,409-2132-3512,XI 10k y la VII Caminata de la Miel,Caminata 5k,2025-11-02,Montroy,5000,,
409-2132,409-2132-3511,XI 10k y la VII Caminata de la Miel,10k,2025-11-02,Montroy,10000,120.0,38.0
540-2107,540-2107-3366,V TRAIL SANTA BÁRBARA  PINA DE MONTALGRAO-VILLANUEVA DE VIVER,Modalidad 2 (14km),2025-10-19,Pina de Montalgrao,14000,95.0,21.0
540-2107,540-2107-3365,V TRAIL SANTA BÁRBARA  PINA DE MONTALGRAO-VILLANUEVA DE VIVER,"Modalidad 1 (5,5km)",2025-10-19,Pina de Montalgrao,5500,82.0,85.0
645-2110,645-2110-3398,XXVII GRAN FONS VILA DE PATERNA,15k,2025-10-19,Paterna,15000,525.0,121.0
16-2126,16-2126-3490,37 VOLTA A PEU A LA POBLA LLARGA MEMORIAL JULIO SALOM,8km,2025-10-18,La Pobla Llarga,8000,154.0,49.0
541-2092,541-2092-3425,VII CARRERA Y CAMINATA SOLIDARIA BENETÚSSER,Dorsal 0,2025-10-05,Benetússer,0,,
541-2092,541-2092-3423,VII CARRERA Y CAMINATA SOLIDARIA BENETÚSSER,Carrera (5km),2025-10-05,Benetússer,5000,82.0,46.0
541-2092,541-2092-3424,VII CARRERA Y CAMINATA SOLIDARIA BENETÚSSER,Caminata (3km),2025-10-05,Benetússer,3000,,
631-2120,631-2120-3482,III GRAN FONS XIRIVELLA,Gran Fons,2025-10-05,Xirivella,15000,129.0,34.0
381-2035,381-2035-3510,VII 10K i III 5K RAFELBUNYOL,5K MENORES,2025-10-05,Rafelbunyol,0,18.0,12.0
381-2035,381-2035-3264,VII 10K i III 5K RAFELBUNYOL,5km,2025-10-05,Rafelbunyol,5000,78.0,37.0
381-2035,381-2035-3218,VII 10K i III 5K RAFELBUNYOL,10km,2025-10-05,Rafelbunyol,10000,263.0,113.0
494-2016,494-2016-3481,XLV VOLTA A PEU CARCAIXENT,Compra Toalla (No Corro),2025-10-04,Carcaixent,0,,
494-2016,494-2016-3194,XLV VOLTA A PEU CARCAIXENT,10km,2025-10-04,Carcaixent,10000,319.0,116.0
156-2026,156-2026-3204,XL VOLTA A PEU PORT DE CATARROJA,10km,2025-10-04,Catarroja,10000,380.0,102.0
535-2071,535-2071-3467,VIII PICATRAIL,Trail (19km),2025-09-28,Picassent,19000,,
535-2071,535-2071-3468,VIII PICATRAIL,Sprint trail (11km),2025-09-28,Picassent,11000,131.0,33.0
535-2071,535-2071-3469,VIII PICATRAIL,Caminata (11km),2025-09-28,Picassent,11000,,
661-2125,661-2125-3479,CAMINADA SOLIDÀRIA - RIOLA CONTRA LA VIOLÈNCIA VICÀRIA,Caminada,2025-09-28,Riola,5000,,
626-2040,626-2040-3411,36 VOLTA A PEU SUECA,8k,2025-09-28,Sueca,8000,160.0,60.0
626-2040,626-2040-3412,36 VOLTA A PEU SUECA,Caminada 6k,2025-09-28,Sueca,6000,9.0,32.0
308-2015,308-2015-3419,XXXII VOLTA A PEU CIUTAT DE CARLET,Benjamins,2025-09-27,Carlet,500,16.0,18.0
308-2015,308-2015-3420,XXXII VOLTA A PEU CIUTAT DE CARLET,Alevins 2014 - 2015,2025-09-27,Carlet,1000,22.0,18.0
308-2015,308-2015-3421,XXXII VOLTA A PEU CIUTAT DE CARLET,Infantils 2012 - 2013,2025-09-27,Carlet,1500,5.0,14.0
308-2015,308-2015-3422,XXXII VOLTA A PEU CIUTAT DE CARLET,Cadets 2008 - 2011,2025-09-27,Carlet,2000,14.0,3.0
308-2015,308-2015-3193,XXXII VOLTA A PEU CIUTAT DE CARLET,10km,2025-09-27,Carlet,10000,306.0,77.0
354-2076,354-2076-3426,VIII GRAN FONS TRITONS ALBALAT DE LA RIBERA,15km,2025-09-21,Albalat,15000,115.0,27.0
354-2076,354-2076-3427,VIII GRAN FONS TRITONS ALBALAT DE LA RIBERA,"7,5km",2025-09-21,Albalat,7500,46.0,26.0
400-2058,400-2058-3478,XXXV VOLTA A PEU QUART DE POBLET,"8,2KM",2025-09-20,Quart de Poblet,8200,399.0,163.0
610-2036,610-2036-3460,IV 7k MUSEROS,Compro camiseta (No corro),2025-09-20,Museros,0,,
610-2036,610-2036-3503,IV 7k MUSEROS,MENORES,2025-09-20,Museros,0,11.0,9.0
610-2036,610-2036-3219,IV 7k MUSEROS,7k,2025-09-20,Museros,7000,317.0,111.0
553-2084,553-2084-3290,XIV VOLTA A PEU BENISSANÓ,7K,2025-09-13,Benissanó,7000,183.0,62.0
299-2014,299-2014-3461,XXIII VOLTA A PEU CATADAU,Minibenjamín (2021-2025),2025-09-13,Catadau,100,,
299-2014,299-2014-3462,XXIII VOLTA A PEU CATADAU,Prebenjamín (2018-2020),2025-09-13,Catadau,100,,
299-2014,299-2014-3463,XXIII VOLTA A PEU CATADAU,Benjamín (20156-2017),2025-09-13,Catadau,400,8.0,6.0
299-2014,299-2014-3464,XXIII VOLTA A PEU CATADAU,Alevins (2014-2015),2025-09-13,Catadau,1000,13.0,7.0
299-2014,299-2014-3465,XXIII VOLTA A PEU CATADAU,Infantils (2012-2013),2025-09-13,Catadau,1400,3.0,9.0
299-2014,299-2014-3466,XXIII VOLTA A PEU CATADAU,Cadets (2008-2011),2025-09-13,Catadau,2000,3.0,1.0
299-2014,299-2014-3192,XXIII VOLTA A PEU CATADAU,9KM,2025-09-13,Catadau,9000,200.0,50.0
444-2025,444-2025-3434,XII GRAN FONS NOCTURN ALFAFAR,Compra Camiseta (No Corro),2025-09-13,Alfafar,0,,
444-2025,444-2025-3435,XII GRAN FONS NOCTURN ALFAFAR,Compro Soft Flask (No corro),2025-09-13,Alfafar,0,,
444-2025,444-2025-3203,XII GRAN FONS NOCTURN ALFAFAR,15K,2025-09-13,Alfafar,15000,356.0,76.0
432-2033,432-2033-3499,XXXIII VOLTA A PEU EL PUIG,MENORES,2025-09-13,El Puig,0,13.0,7.0
432-2033,432-2033-3475,XXXIII VOLTA A PEU EL PUIG,Compra Camiseta (NO CORRO),2025-09-13,El Puig,0,,
432-2033,432-2033-3470,XXXIII VOLTA A PEU EL PUIG,Querubín (2020-2024),2025-09-13,El Puig,50,,
432-2033,432-2033-3471,XXXIII VOLTA A PEU EL PUIG,Prebenjamín (2018-2019),2025-09-13,El Puig,100,,
432-2033,432-2033-3472,XXXIII VOLTA A PEU EL PUIG,Benjamín (2016-2017),2025-09-13,El Puig,250,,
432-2033,432-2033-3473,XXXIII VOLTA A PEU EL PUIG,Alevín (2014-2015),2025-09-13,El Puig,0,,
432-2033,432-2033-3474,XXXIII VOLTA A PEU EL PUIG,Infantil (2012-2013),2025-09-13,El Puig,1000,,
432-2033,432-2033-3216,XXXIII VOLTA A PEU EL PUIG,8k,2025-09-13,El Puig,8000,331.0,89.0
331-2114,331-2114-3400,XXVIII VOLTA A PEU LA CANYADA,Sub 10 (Nacidos en 2016 y posteriores),2025-08-30,Paterna,1000,,
331-2114,331-2114-3401,XXVIII VOLTA A PEU LA CANYADA,Sub 14 (Nacidos entre 2012 y 2015),2025-08-30,Paterna,1000,,
331-2114,331-2114-3399,XXVIII VOLTA A PEU LA CANYADA,Carrera Absoluta,2025-08-30,Paterna,6400,328.0,143.0
306-2013,306-2013-3449,XXXIII VOLTA A PEU NOCTURNA A MANUEL,Prebenjamí (2018-2019),2025-08-29,Manuel,200,17.0,8.0
306-2013,306-2013-3450,XXXIII VOLTA A PEU NOCTURNA A MANUEL,Benjamí (2016-2017),2025-08-29,Manuel,550,19.0,11.0
306-2013,306-2013-3451,XXXIII VOLTA A PEU NOCTURNA A MANUEL,Aleví (2014-2015),2025-08-29,Manuel,1100,14.0,7.0
306-2013,306-2013-3452,XXXIII VOLTA A PEU NOCTURNA A MANUEL,Infantils (2012-2013),2025-08-29,Manuel,1650,6.0,7.0
306-2013,306-2013-3453,XXXIII VOLTA A PEU NOCTURNA A MANUEL,Cadets (2008-2011),2025-08-29,Manuel,2200,4.0,7.0
306-2013,306-2013-3191,XXXIII VOLTA A PEU NOCTURNA A MANUEL,7KM,2025-08-29,Manuel,7000,361.0,123.0
318-2065,318-2065-3442,XLIV VOLTA A PEU BENICULL,8km,2025-08-25,Benicull,8000,234.0,62.0
318-2065,318-2065-3443,XLIV VOLTA A PEU BENICULL,Chupetín (1 a 5 años),2025-08-25,Benicull,100,,
318-2065,318-2065-3444,XLIV VOLTA A PEU BENICULL,Prebenjamín (6-7 años),2025-08-25,Benicull,250,,
318-2065,318-2065-3445,XLIV VOLTA A PEU BENICULL,Benjamín (8 a 9 años),2025-08-25,Benicull,550,,
318-2065,318-2065-3446,XLIV VOLTA A PEU BENICULL,Alevín (10 a 11 años),2025-08-25,Benicull,800,,
318-2065,318-2065-3447,XLIV VOLTA A PEU BENICULL,Infantil ( 12 a 14 años),2025-08-25,Benicull,1200,,
318-2065,318-2065-3448,XLIV VOLTA A PEU BENICULL,Cadet (14 a 17 años),2025-08-25,Benicull,1800,,
448-2083,448-2083-3436,XXI VOLTA A PEU LORIGUILLA,Benjamines (2016-2017),2025-08-22,Loriguilla,350,11.0,6.0
448-2083,448-2083-3437,XXI VOLTA A PEU LORIGUILLA,Alevins (2014-2015),2025-08-22,Loriguilla,700,7.0,7.0
448-2083,448-2083-3438,XXI VOLTA A PEU LORIGUILLA,Infantiles (2012-2013),2025-08-22,Loriguilla,1050,2.0,8.0
448-2083,448-2083-3439,XXI VOLTA A PEU LORIGUILLA,Cadetes (2010-2011),2025-08-22,Loriguilla,1400,2.0,3.0
448-2083,448-2083-3440,XXI VOLTA A PEU LORIGUILLA,Juveniles (2008-2009),2025-08-22,Loriguilla,1400,4.0,1.0
448-2083,448-2083-3285,XXI VOLTA A PEU LORIGUILLA,10k,2025-08-22,Loriguilla,10000,223.0,57.0
437-2034,437-2034-3217,XV VOLTA A PEU ALBUIXECH,"6,3K",2025-08-22,Albuixech,6300,445.0,152.0
437-2034,437-2034-3480,XV VOLTA A PEU ALBUIXECH,MENORES,2025-08-22,Albuixech,6300,34.0,12.0
596-2072,596-2072-3441,XVII SUBIDA A LOS MOLINOS DE ALCUBLAS,8KM,2025-08-15,Alcublas,8000,125.0,40.0
343-2078,343-2078-3332,XLII VUELTA A PIE  VILLAR DEL ARZOBISPO,8KM,2025-08-09,Villar del Arzobispo,8000,158.0,36.0
453-2082,453-2082-3454,XVI LEGUA SAN ANTONIO DE BENAGÉBER,Querubines ( 0 a 5 años),2025-08-09,San Antonio de Benagéber,100,,
453-2082,453-2082-3455,XVI LEGUA SAN ANTONIO DE BENAGÉBER,Prebenjamin (6 a 7 años),2025-08-09,San Antonio de Benagéber,200,,
453-2082,453-2082-3456,XVI LEGUA SAN ANTONIO DE BENAGÉBER,Benjamines (8 a 9 años),2025-08-09,San Antonio de Benagéber,300,,
453-2082,453-2082-3457,XVI LEGUA SAN ANTONIO DE BENAGÉBER,Alevines (10 a 11 años),2025-08-09,San Antonio de Benagéber,400,,
453-2082,453-2082-3458,XVI LEGUA SAN ANTONIO DE BENAGÉBER,Infantiles (12 a 13 años),2025-08-09,San Antonio de Benagéber,600,,
453-2082,453-2082-3459,XVI LEGUA SAN ANTONIO DE BENAGÉBER,Cadetes (14 a 15 años),2025-08-09,San Antonio de Benagéber,800,,
453-2082,453-2082-3284,XVI LEGUA SAN ANTONIO DE BENAGÉBER,"5,5KM",2025-08-09,San Antonio de Benagéber,5500,277.0,116.0
394-2117,394-2117-3429,XXXVI VOLTA A PEU A TURÍS,Prebenjamí 2019-2018,2025-08-04,Turís,300,31.0,19.0
394-2117,394-2117-3430,XXXVI VOLTA A PEU A TURÍS,Benjamí 2017-2016,2025-08-04,Turís,600,19.0,23.0
394-2117,394-2117-3431,XXXVI VOLTA A PEU A TURÍS,Aleví 2015-2014,2025-08-04,Turís,1000,20.0,11.0
394-2117,394-2117-3432,XXXVI VOLTA A PEU A TURÍS,Infantil 2013-2012,2025-08-04,Turís,1600,14.0,16.0
394-2117,394-2117-3433,XXXVI VOLTA A PEU A TURÍS,Cadet 2008-2011,2025-08-04,Turís,2000,8.0,5.0
394-2117,394-2117-3428,XXXVI VOLTA A PEU A TURÍS,7K,2025-08-04,Turís,7000,245.0,68.0
159-2113,159-2113-3403,XXVI VOLTA A PEU FAVARA,Benjamins (2017-2021),2025-08-02,Favara,350,,
159-2113,159-2113-3404,XXVI VOLTA A PEU FAVARA,Alevins (2012-2016),2025-08-02,Favara,800,,
159-2113,159-2113-3405,XXVI VOLTA A PEU FAVARA,Cadets (2008-2011),2025-08-02,Favara,1600,,
159-2113,159-2113-3402,XXVI VOLTA A PEU FAVARA,"8,5k",2025-08-02,Favara,8500,130.0,29.0
347-2116,347-2116-3417,X 10K MONTSERRAT,10km,2025-08-01,Montserrat,10000,,
305-2024,305-2024-3341,XXIII VOLTA A PEU PEL XÚQUER - RIOLA,"Marcha (5,5km)",2025-07-26,Riola,5500,,
305-2024,305-2024-3342,XXIII VOLTA A PEU PEL XÚQUER - RIOLA,Compro Obsequio (No corro),2025-07-26,Riola,0,,
305-2024,305-2024-3343,XXIII VOLTA A PEU PEL XÚQUER - RIOLA,Chupetín ( 2021-2024),2025-07-26,Riola,100,,
305-2024,305-2024-3344,XXIII VOLTA A PEU PEL XÚQUER - RIOLA,Prebenjamín (2018-2020),2025-07-26,Riola,250,,
305-2024,305-2024-3345,XXIII VOLTA A PEU PEL XÚQUER - RIOLA,Benjamín (2016-2017),2025-07-26,Riola,550,,
305-2024,305-2024-3346,XXIII VOLTA A PEU PEL XÚQUER - RIOLA,Alevín (2014-2015),2025-07-26,Riola,800,,
305-2024,305-2024-3347,XXIII VOLTA A PEU PEL XÚQUER - RIOLA,Infantil (2012-2013),2025-07-26,Riola,1200,,
305-2024,305-2024-3348,XXIII VOLTA A PEU PEL XÚQUER - RIOLA,Cadete (2008-2011),2025-07-26,Riola,1800,,
305-2024,305-2024-3202,XXIII VOLTA A PEU PEL XÚQUER - RIOLA,8KM,2025-07-26,Riola,8000,540.0,242.0
395-2012,395-2012-3190,XXVII VOLTA A PEU LLAURÍ,8KM,2025-07-25,Llaurí,8000,303.0,67.0
265-2057,265-2057-3363,XIII 10K SENSE LÍMITS ALDAIA,10k,2025-07-19,Aldaia,10000,657.0,177.0
160-2044,160-2044-3383,XXI VOLTA A PEU JOANOT PRESÈNCIA POLINYÀ DE XÚQUER,Cadetes 2008/2011,2025-07-18,Polinyà de Xúquer,1800,,
160-2044,160-2044-3377,XXI VOLTA A PEU JOANOT PRESÈNCIA POLINYÀ DE XÚQUER,Aguiluchos 2024/2025,2025-07-18,Polinyà de Xúquer,50,,
160-2044,160-2044-3378,XXI VOLTA A PEU JOANOT PRESÈNCIA POLINYÀ DE XÚQUER,Chupetines 2021/2023,2025-07-18,Polinyà de Xúquer,100,,
160-2044,160-2044-3379,XXI VOLTA A PEU JOANOT PRESÈNCIA POLINYÀ DE XÚQUER,Prebenjamines 2018/2019/2020,2025-07-18,Polinyà de Xúquer,250,,
160-2044,160-2044-3380,XXI VOLTA A PEU JOANOT PRESÈNCIA POLINYÀ DE XÚQUER,Benjamines 2016/2017,2025-07-18,Polinyà de Xúquer,350,,
160-2044,160-2044-3381,XXI VOLTA A PEU JOANOT PRESÈNCIA POLINYÀ DE XÚQUER,Alevines 2014/2015,2025-07-18,Polinyà de Xúquer,800,,
160-2044,160-2044-3382,XXI VOLTA A PEU JOANOT PRESÈNCIA POLINYÀ DE XÚQUER,Infantiles 2012/2013,2025-07-18,Polinyà de Xúquer,1300,,
160-2044,160-2044-3376,XXI VOLTA A PEU JOANOT PRESÈNCIA POLINYÀ DE XÚQUER,8km,2025-07-18,Polinyà de Xúquer,8000,214.0,53.0
542-2104,542-2104-3349,V TRAIL NOCTURNO DE CULLERA,"11,4KM",2025-07-12,Cullera,11400,294.0,71.0
344-2023,344-2023-3350,XXXVIII VOLTA A PEU SOLLANA,XUPETINS   (2021-2023),2025-07-12,Sollana,200,,
344-2023,344-2023-3351,XXXVIII VOLTA A PEU SOLLANA,PREBENJAMÍ   (2018-2020),2025-07-12,Sollana,400,,
344-2023,344-2023-3352,XXXVIII VOLTA A PEU SOLLANA,BENJAMÍ   (2016-2017),2025-07-12,Sollana,800,,
344-2023,344-2023-3353,XXXVIII VOLTA A PEU SOLLANA,ALEVÍ   (2014-2015),2025-07-12,Sollana,800,,
344-2023,344-2023-3354,XXXVIII VOLTA A PEU SOLLANA,INFANTIL   (2012-2013),2025-07-12,Sollana,1600,,
344-2023,344-2023-3355,XXXVIII VOLTA A PEU SOLLANA,CADET   (2008-2011),2025-07-12,Sollana,2500,,
344-2023,344-2023-3201,XXXVIII VOLTA A PEU SOLLANA,8KM,2025-07-12,Sollana,8000,340.0,99.0
615-2066,615-2066-3364,IV CARRERA NOCTURNA D'ALFARB,7KM,2025-07-11,Alfarb,7000,152.0,41.0
450-2081,450-2081-3390,XXXVIII VOLTA A PEU NOCTURNA A LA POBLA DE VALLBONA,Minibenjamins(2020-posteriors),2025-07-11,Pobla de Vallbona,50,,
450-2081,450-2081-3391,XXXVIII VOLTA A PEU NOCTURNA A LA POBLA DE VALLBONA,Prebenjamins (2018-2019),2025-07-11,Pobla de Vallbona,100,,
450-2081,450-2081-3392,XXXVIII VOLTA A PEU NOCTURNA A LA POBLA DE VALLBONA,Benjamins (2016-2017),2025-07-11,Pobla de Vallbona,200,,
450-2081,450-2081-3393,XXXVIII VOLTA A PEU NOCTURNA A LA POBLA DE VALLBONA,Alevins (2014-2015),2025-07-11,Pobla de Vallbona,350,,
450-2081,450-2081-3394,XXXVIII VOLTA A PEU NOCTURNA A LA POBLA DE VALLBONA,Infantils (2012-2013),2025-07-11,Pobla de Vallbona,900,,
450-2081,450-2081-3395,XXXVIII VOLTA A PEU NOCTURNA A LA POBLA DE VALLBONA,Cadets (2010-2011),2025-07-11,Pobla de Vallbona,1350,,
450-2081,450-2081-3283,XXXVIII VOLTA A PEU NOCTURNA A LA POBLA DE VALLBONA,5K,2025-07-11,Pobla de Vallbona,5000,455.0,222.0
324-2056,324-2056-3326,XXXIII VOLTA A PEU ALBAL,Chupetin 2020 i posteriors,2025-07-05,Albal,100,,
324-2056,324-2056-3327,XXXIII VOLTA A PEU ALBAL,Prebenjamin 2018 - 2019,2025-07-05,Albal,300,,
324-2056,324-2056-3328,XXXIII VOLTA A PEU ALBAL,Benjamin 2016-2017,2025-07-05,Albal,500,,
324-2056,324-2056-3329,XXXIII VOLTA A PEU ALBAL,Alevin 2014 - 2015,2025-07-05,Albal,1000,,
324-2056,324-2056-3330,XXXIII VOLTA A PEU ALBAL,Infantils 2012-2013,2025-07-05,Albal,1100,,
324-2056,324-2056-3331,XXXIII VOLTA A PEU ALBAL,Cadets 2010-2011,2025-07-05,Albal,2100,,
324-2056,324-2056-3325,XXXIII VOLTA A PEU ALBAL,10km,2025-07-05,Albal,10000,209.0,49.0
304-2011,304-2011-3195,XVI VOLTA A PEU MARENY DE BARRAQUETES,7KM,2025-07-05,Mareny de Barraquetes,7000,281.0,105.0
597-2032,597-2032-3368,XI 5K ALBALAT DELS SORELLS,Compra Camiseta (No Corro),2025-07-05,Albalat dels Sorells,0,,
597-2032,597-2032-3389,XI 5K ALBALAT DELS SORELLS,Compra Bocadillo (No corro/Corro),2025-07-05,Albalat dels Sorells,0,,
597-2032,597-2032-3418,XI 5K ALBALAT DELS SORELLS,MENORES,2025-07-05,Albalat dels Sorells,0,21.0,14.0
597-2032,597-2032-3215,XI 5K ALBALAT DELS SORELLS,5km,2025-07-05,Albalat dels Sorells,5000,398.0,135.0
266-2067,266-2067-3397,XXXI LEGUA URBANA CIUTAT DE TORRENT,Legua Urbana,2025-07-04,Torrent,5572,244.0,84.0
561-2105,561-2105-3370,XXXI VOLTA A PEU A GUADASSUAR,Querubins (2022 - 2025),2025-07-03,Guadassuar,50,,
561-2105,561-2105-3371,XXXI VOLTA A PEU A GUADASSUAR,Jupetins (2020-2021),2025-07-03,Guadassuar,75,,
561-2105,561-2105-3372,XXXI VOLTA A PEU A GUADASSUAR,Prebenjamins (2018-2019),2025-07-03,Guadassuar,250,,
561-2105,561-2105-3373,XXXI VOLTA A PEU A GUADASSUAR,Benjamins (2016-2017),2025-07-03,Guadassuar,450,23.0,12.0
561-2105,561-2105-3374,XXXI VOLTA A PEU A GUADASSUAR,Alevins (2014-2015),2025-07-03,Guadassuar,750,8.0,11.0
561-2105,561-2105-3375,XXXI VOLTA A PEU A GUADASSUAR,Infantils (2012-2013),2025-07-03,Guadassuar,1200,6.0,11.0
561-2105,561-2105-3369,XXXI VOLTA A PEU A GUADASSUAR,8km,2025-07-03,Guadassuar,8000,583.0,163.0
261-2039,261-2039-3222,XXI VOLTA A PEU NOCTURNA RIBA-ROJA DE TURIA,7km,2025-06-27,Riba-Roja de Túria,7000,474.0,163.0
658-2080,658-2080-3282,I VOLTA A PEU CIUTAT DE LLÍRIA,6k,2025-06-21,Llíria,6000,237.0,83.0
302-2010,302-2010-3384,XI VOLTA A PEU A SANT JOANET,Compra Camiseta (No Corro),2025-06-21,Sant Joanet,0,,
302-2010,302-2010-3189,XI VOLTA A PEU A SANT JOANET,6km,2025-06-21,Sant Joanet,6000,256.0,97.0
614-2022,614-2022-3209,XXXVI VOLTA A PEU ALMUSSAFES,8km,2025-06-21,Almussafes,8000,376.0,134.0
365-2073,365-2073-3334,I VOLTA A PEU EL PERELLÓ,8km,2025-06-15,El Perelló,8000,394.0,147.0
609-2031,609-2031-3396,V 6k solidaria Massalfassar,Menores,2025-06-15,Massalfassar,0,14.0,13.0
609-2031,609-2031-3214,V 6k solidaria Massalfassar,6km,2025-06-15,Massalfassar,6000,376.0,139.0
323-2055,323-2055-3318,XXXVI VOLTA A PEU FIBRA VALENCIA VILA D'ALAQUAS,7KM,2025-06-14,Alaquàs,7000,339.0,103.0
158-2021,158-2021-3200,XXVI 10K CIUTAT DE BENIPARRELL,10km,2025-06-08,Beniparrell,10000,336.0,94.0
644-2091,644-2091-3292,XIII TRAIL CHULILLA,11K,2025-06-07,Chulilla,11000,293.0,132.0
439-2096,439-2096-3304,VII SCHNEIDER ELECTRIC 7K MELIANA,Chupetines 2025-2020,2025-06-07,Meliana,50,,
439-2096,439-2096-3305,VII SCHNEIDER ELECTRIC 7K MELIANA,Prebenjamines 2019-2018,2025-06-07,Meliana,100,,
439-2096,439-2096-3306,VII SCHNEIDER ELECTRIC 7K MELIANA,Benjamines 2017-2016,2025-06-07,Meliana,250,,
439-2096,439-2096-3307,VII SCHNEIDER ELECTRIC 7K MELIANA,Alevines 205-2014,2025-06-07,Meliana,500,,
439-2096,439-2096-3308,VII SCHNEIDER ELECTRIC 7K MELIANA,Infantiles 2013-2012,2025-06-07,Meliana,1000,,
439-2096,439-2096-3303,VII SCHNEIDER ELECTRIC 7K MELIANA,7k,2025-06-07,Meliana,7000,288.0,102.0
439-2096,439-2096-3333,VII SCHNEIDER ELECTRIC 7K MELIANA,Marcha No competitiva,2025-06-07,Meliana,0,,
301-2101,301-2101-3336,XL VOLTA A PEU SANT ONOFRE D'ALGEMESÍ,Prebenjamí ( 4 - 7 anys),2025-06-07,Algemesí,80,,
301-2101,301-2101-3337,XL VOLTA A PEU SANT ONOFRE D'ALGEMESÍ,Benjamí (8 - 9 anys),2025-06-07,Algemesí,500,,
301-2101,301-2101-3338,XL VOLTA A PEU SANT ONOFRE D'ALGEMESÍ,Aleví (10 - 11 anys),2025-06-07,Algemesí,1000,,
301-2101,301-2101-3339,XL VOLTA A PEU SANT ONOFRE D'ALGEMESÍ,Infantil ( 12 - 13 anys),2025-06-07,Algemesí,1500,,
301-2101,301-2101-3340,XL VOLTA A PEU SANT ONOFRE D'ALGEMESÍ,Cadet ( 14 - 17 anys),2025-06-07,Algemesí,1500,,
301-2101,301-2101-3335,XL VOLTA A PEU SANT ONOFRE D'ALGEMESÍ,10k,2025-06-07,Algemesí,10000,263.0,52.0
221-2094,221-2094-3299,XIX MITJA MARATO i X10K CIUTAT DE TORRENT,10k,2025-06-01,Torrent,10000,339.0,146.0
221-2094,221-2094-3300,XIX MITJA MARATO i X10K CIUTAT DE TORRENT,Media Maratón,2025-06-01,Torrent,21097,357.0,76.0
649-2051,649-2051-3252,II GRAN PREMIO VELAS MARATON 3.0,10KM,2025-05-31,Cheste,10000,487.0,173.0
649-2051,649-2051-3253,II GRAN PREMIO VELAS MARATON 3.0,4KM,2025-05-31,Cheste,4000,103.0,119.0
264-2009,264-2009-3356,XXIX VOLTA A PEU ALBERIC (LA CARRERA DE LA MONA),Chupetí (2020-2025),2025-05-31,Alberic,100,,
264-2009,264-2009-3357,XXIX VOLTA A PEU ALBERIC (LA CARRERA DE LA MONA),Prebenjamí (2018-2019),2025-05-31,Alberic,300,,
264-2009,264-2009-3358,XXIX VOLTA A PEU ALBERIC (LA CARRERA DE LA MONA),Benjamí (2016-2017),2025-05-31,Alberic,500,22.0,25.0
264-2009,264-2009-3359,XXIX VOLTA A PEU ALBERIC (LA CARRERA DE LA MONA),Aleví (2014-2015),2025-05-31,Alberic,1000,16.0,14.0
264-2009,264-2009-3360,XXIX VOLTA A PEU ALBERIC (LA CARRERA DE LA MONA),Infantils (2012-2013),2025-05-31,Alberic,1500,5.0,12.0
264-2009,264-2009-3361,XXIX VOLTA A PEU ALBERIC (LA CARRERA DE LA MONA),Cadets (2008-2011),2025-05-31,Alberic,2000,4.0,4.0
264-2009,264-2009-3188,XXIX VOLTA A PEU ALBERIC (LA CARRERA DE LA MONA),8KM,2025-05-31,Alberic,8000,323.0,103.0
629-2030,629-2030-3362,III 5k POBLA DE FARNALS,Compra Camiseta (No Corro),2025-05-31,La Pobla de Farnals,0,,
629-2030,629-2030-3367,III 5k POBLA DE FARNALS,MENORES,2025-05-31,La Pobla de Farnals,0,22.0,18.0
629-2030,629-2030-3319,III 5k POBLA DE FARNALS,Prechupetín (2022-2023),2025-05-31,La Pobla de Farnals,50,,
629-2030,629-2030-3320,III 5k POBLA DE FARNALS,Chupetín (2020-2021),2025-05-31,La Pobla de Farnals,100,,
629-2030,629-2030-3321,III 5k POBLA DE FARNALS,Prebenjamín (2019-2018),2025-05-31,La Pobla de Farnals,250,,
629-2030,629-2030-3322,III 5k POBLA DE FARNALS,Benjamín (2017-2016),2025-05-31,La Pobla de Farnals,500,,
629-2030,629-2030-3323,III 5k POBLA DE FARNALS,Alevín (2015-2014),2025-05-31,La Pobla de Farnals,750,,
629-2030,629-2030-3324,III 5k POBLA DE FARNALS,Infantil (2103-2012),2025-05-31,La Pobla de Farnals,1000,,
629-2030,629-2030-3213,III 5k POBLA DE FARNALS,5km,2025-05-31,La Pobla de Farnals,5000,491.0,227.0
443-2054,443-2054-3317,XXXII VOLTA A PEU BENETÚSSER,8k,2025-05-25,Benetússer,8000,287.0,87.0
578-2005,578-2005-3184,XI 10k ALCÀNTERA DEL XÚQUER,10km,2025-05-18,Alcàntera de Xúquer,10000,327.0,105.0
456-2077,456-2077-3294,VI 7K SALADAR-SILLA,Chupetin (2020-2025),2025-05-17,Silla,100,,
456-2077,456-2077-3295,VI 7K SALADAR-SILLA,Prebenjamin (sub 8  2018-2019),2025-05-17,Silla,400,,
456-2077,456-2077-3296,VI 7K SALADAR-SILLA,Benjamin (sub 10 2016-2017),2025-05-17,Silla,600,,
456-2077,456-2077-3297,VI 7K SALADAR-SILLA,Alevin (sub 12 2014-2015),2025-05-17,Silla,1000,,
456-2077,456-2077-3293,VI 7K SALADAR-SILLA,7K,2025-05-17,Silla,7000,152.0,69.0
384-2099,384-2099-3315,XLIII VOLTA A PEU LLUIS VIVES,5km,2025-05-16,Sueca,5000,,
647-2095,647-2095-3301,Carrera Popular Lucha contra la Droga Memorial Benito Pozo,"Marcha (1,4km)",2025-05-10,Torrent,1400,,
647-2095,647-2095-3302,Carrera Popular Lucha contra la Droga Memorial Benito Pozo,Carrera (6km),2025-05-10,Torrent,6000,80.0,27.0
223-2020,223-2020-3266,XLIII MITJA MARATÓ D'ALCÀSSER,Compra Camiseta (No Corro),2025-05-10,Alcàsser,0,,
223-2020,223-2020-3199,XLIII MITJA MARATÓ D'ALCÀSSER,21K,2025-05-10,Alcàsser,21097,750.0,163.0
392-2029,392-2029-3210,VIII 5K EMPERADOR MEMORIAL EVA GIMENO,5km,2025-05-05,Emperador,0,,
560-2053,560-2053-3280,VIII 10K MANISES,10km,2025-05-04,Manises,10000,337.0,131.0
287-2061,287-2061-3261,XI ALÈDUA TRAIL MEMORIAL MJ,11K,2025-05-04,Llombai,11000,127.0,22.0
287-2061,287-2061-3262,XI ALÈDUA TRAIL MEMORIAL MJ,11k (Inscripción por parejas),2025-05-04,Llombai,11000,12.0,0.0
219-2047,219-2047-3267,XII CARRERA DE LA DONA DE SUECA,5km,2025-05-04,Sueca,5000,2.0,485.0
445-2038,445-2038-3221,XII 7K SANT VICENT DE LLIRIA,9K,2025-05-03,Llíria,9400,210.0,73.0
441-1976,441-1976-3088,XIX SUBIDA VERTICAL GRAN HOTEL BALI,OPEN,2025-04-26,Benidorm,52,240.0,82.0
441-1976,441-1976-3089,XIX SUBIDA VERTICAL GRAN HOTEL BALI,ELITE - M,2025-04-26,Benidorm,52,20.0,0.0
441-1976,441-1976-3090,XIX SUBIDA VERTICAL GRAN HOTEL BALI,BOMBEROS/AS,2025-04-26,Benidorm,52,116.0,2.0
441-1976,441-1976-3107,XIX SUBIDA VERTICAL GRAN HOTEL BALI,DOBLE MODALIDAD OPEN/BOMBEROS,2025-04-26,Benidorm,52,,
441-1976,441-1976-3316,XIX SUBIDA VERTICAL GRAN HOTEL BALI,ELITE - F,2025-04-26,Benidorm,52,0.0,11.0
296-2007,296-2007-3314,XXIII VOLTA A PEU GAVARDA,Compra Camiseta (No Corro),2025-04-26,Gavarda,0,,
296-2007,296-2007-3309,XXIII VOLTA A PEU GAVARDA,Iniciació/Nanos 2018 i posterior,2025-04-26,Gavarda,0,,
296-2007,296-2007-3310,XXIII VOLTA A PEU GAVARDA,Benjamí 2016-2017,2025-04-26,Gavarda,400,20.0,9.0
296-2007,296-2007-3311,XXIII VOLTA A PEU GAVARDA,Aleví 2014-2015,2025-04-26,Gavarda,1000,18.0,8.0
296-2007,296-2007-3312,XXIII VOLTA A PEU GAVARDA,Infantil 2012-2013,2025-04-26,Gavarda,1400,7.0,8.0
296-2007,296-2007-3313,XXIII VOLTA A PEU GAVARDA,Cadet 2008-2011,2025-04-26,Gavarda,2000,4.0,5.0
296-2007,296-2007-3186,XXIII VOLTA A PEU GAVARDA,6km,2025-04-26,Gavarda,6000,265.0,99.0
377-2052,377-2052-3268,XLIII VOLTA A PEU XIRIVELLA,"7,2km",2025-04-13,Xirivella,7275,588.0,286.0
307-2006,307-2006-3291,XXVII VOLTA A PEU ALGINET,Compro Camiseta (NO CORRO),2025-04-12,Alginet,0,,
307-2006,307-2006-3275,XXVII VOLTA A PEU ALGINET,Prebenjamí (0 a 7 anys) NO COMPETITIVA,2025-04-12,Alginet,200,,
307-2006,307-2006-3276,XXVII VOLTA A PEU ALGINET,Benjamí (8 a 9 anys),2025-04-12,Alginet,500,23.0,15.0
307-2006,307-2006-3277,XXVII VOLTA A PEU ALGINET,Aleví (10 a 11 anys),2025-04-12,Alginet,1000,25.0,11.0
307-2006,307-2006-3278,XXVII VOLTA A PEU ALGINET,Infantil (12 a 13 anys),2025-04-12,Alginet,1500,5.0,11.0
307-2006,307-2006-3279,XXVII VOLTA A PEU ALGINET,Cadet (14 a 17 anys),2025-04-12,Alginet,2250,6.0,6.0
307-2006,307-2006-3185,XXVII VOLTA A PEU ALGINET,8KM,2025-04-12,Alginet,8000,376.0,104.0
569-2019,569-2019-3254,"V 10K ""Via Materal"" Ciutat de Sueca",Cagons (2022-2025),2025-04-12,Sueca,100,,
569-2019,569-2019-3255,"V 10K ""Via Materal"" Ciutat de Sueca",Chupetines (2020-2021),2025-04-12,Sueca,100,,
569-2019,569-2019-3256,"V 10K ""Via Materal"" Ciutat de Sueca",Prebenjamines (2018-2019),2025-04-12,Sueca,300,,
569-2019,569-2019-3257,"V 10K ""Via Materal"" Ciutat de Sueca",Benjamines (2016-2017),2025-04-12,Sueca,600,,
569-2019,569-2019-3258,"V 10K ""Via Materal"" Ciutat de Sueca",Alevines (2014-2015),2025-04-12,Sueca,900,,
569-2019,569-2019-3259,"V 10K ""Via Materal"" Ciutat de Sueca",Infantiles (2012-2013),2025-04-12,Sueca,1200,,
569-2019,569-2019-3260,"V 10K ""Via Materal"" Ciutat de Sueca",Cadetes (2010-2011),2025-04-12,Sueca,1500,,
569-2019,569-2019-3198,"V 10K ""Via Materal"" Ciutat de Sueca",10km,2025-04-12,Sueca,10000,459.0,146.0
433-2027,433-2027-3274,XXV GRAN FONS DE PUÇOL,Compro Camiseta + Manguitos (No corro),2025-04-12,Puçol,0,,
433-2027,433-2027-3211,XXV GRAN FONS DE PUÇOL,15K,2025-04-12,Puçol,15000,366.0,91.0
534-2028,534-2028-3212,VI 5K ARCO FOIOS,5K,2025-04-12,Foios,0,,
557-2074,557-2074-3272,IV CARRERA ESCOLAR CAIXA RURAL TORRENT,Aleví (2013-2014),2025-04-06,Torrent,800,,
557-2074,557-2074-3271,IV CARRERA ESCOLAR CAIXA RURAL TORRENT,Benjamí (2015-2016),2025-04-06,Torrent,700,,
557-2074,557-2074-3270,IV CARRERA ESCOLAR CAIXA RURAL TORRENT,Prebenjamí (2017-2018),2025-04-06,Torrent,450,,
557-2074,557-2074-3269,IV CARRERA ESCOLAR CAIXA RURAL TORRENT,Querubí (2019-2020),2025-04-06,Torrent,200,,
163-2008,163-2008-3273,X 10K BENIMODO,Compra Camiseta (No Corro),2025-04-05,Benimodo,0,,
163-2008,163-2008-3187,X 10K BENIMODO,10km,2025-04-05,Benimodo,10000,323.0,98.0
536-2018,536-2018-3281,VI 10k CIUTAT DE PICASSENT,Compro camiseta (No corro),2025-03-29,Picassent,0,,
536-2018,536-2018-3245,VI 10k CIUTAT DE PICASSENT,Chupetines 2020/2025,2025-03-29,Picassent,100,,
536-2018,536-2018-3247,VI 10k CIUTAT DE PICASSENT,Benjamines (Sub 10),2025-03-29,Picassent,600,,
536-2018,536-2018-3248,VI 10k CIUTAT DE PICASSENT,Alevin (Sub 12) 2014/2015,2025-03-29,Picassent,1000,,
536-2018,536-2018-3249,VI 10k CIUTAT DE PICASSENT,Infantil (Sub14) 2012/2013,2025-03-29,Picassent,1500,,
536-2018,536-2018-3250,VI 10k CIUTAT DE PICASSENT,Cadete (Sub 16) 2010/2011,2025-03-29,Picassent,1800,,
536-2018,536-2018-3197,VI 10k CIUTAT DE PICASSENT,10km,2025-03-29,Picassent,10000,713.0,201.0
536-2018,536-2018-3246,VI 10k CIUTAT DE PICASSENT,Prebenjamines (Sub 8),2025-03-29,Picassent,400,,
657-2041,657-2041-3226,GALA FINAL CIRCUITO CAMP DE TÚRIA CAIXA POPULAR 2025,9 carreras (clasificación + medalla + chándal + camiseta + toalla),2025-03-21,Llíria,0,,
657-2041,657-2041-3227,GALA FINAL CIRCUITO CAMP DE TÚRIA CAIXA POPULAR 2025,10 pruebas (clasificación + medalla + chándal + camiseta + toalla + chaqueta/cortavientos Full Finis,2025-03-21,Llíria,0,,
657-2041,657-2041-3223,GALA FINAL CIRCUITO CAMP DE TÚRIA CAIXA POPULAR 2025,6 carreras (clasificación + medalla),2025-03-21,Llíria,0,,
657-2041,657-2041-3224,GALA FINAL CIRCUITO CAMP DE TÚRIA CAIXA POPULAR 2025,7 carreras (clasificación + medalla + chándal),2025-03-21,Llíria,0,,
657-2041,657-2041-3225,GALA FINAL CIRCUITO CAMP DE TÚRIA CAIXA POPULAR 2025,8 carrerass (clasificación + medalla + chándal + camiseta),2025-03-21,Llíria,0,,
576-2050,576-2050-3251,VII CARRERA DE LA DONA - MONTSERRAT,"3,5km",2025-03-14,Montserrat,3500,,
369-2004,369-2004-3183,XII VOLTA A PEU A L ÉNOVA,8KM,2025-03-01,Énova,8000,265.0,76.0
638-1881,638-1881-3003,II Carrera Solidaria “Ruta 091” de Valencia,dorsal 0 (DONATIVO NO CORRO),2025-02-16,Valencia,0,,
638-1881,638-1881-3001,II Carrera Solidaria “Ruta 091” de Valencia,Carrera Absoluta,2025-02-16,Valencia,5200,575.0,555.0
638-1881,638-1881-3002,II Carrera Solidaria “Ruta 091” de Valencia,Modalidad Inclusiva,2025-02-16,Valencia,5200,,
638-1881,638-1881-3004,II Carrera Solidaria “Ruta 091” de Valencia,Carreras infantiles (2018 y posteriores),2025-02-16,Valencia,50,,
638-1881,638-1881-3005,II Carrera Solidaria “Ruta 091” de Valencia,Carreras infantiles (2016 - 2017),2025-02-16,Valencia,100,,
638-1881,638-1881-3006,II Carrera Solidaria “Ruta 091” de Valencia,Carreras infantiles (2014 - 2015),2025-02-16,Valencia,200,,
638-1881,638-1881-3007,II Carrera Solidaria “Ruta 091” de Valencia,Carreras infantiles (2012 - 2013),2025-02-16,Valencia,400,,
638-1881,638-1881-3008,II Carrera Solidaria “Ruta 091” de Valencia,Carreras infantiles (2010 - 2011),2025-02-16,Valencia,800,,
206-2003,206-2003-3234,XXXVI VOLTA A PEU A L´ALCÚDIA,Compro Obsequio (No corro),2025-02-16,L'Alcúdia,0,,
206-2003,206-2003-3228,XXXVI VOLTA A PEU A L´ALCÚDIA,Chupetí (2020-2024),2025-02-16,L'Alcúdia,100,,
206-2003,206-2003-3229,XXXVI VOLTA A PEU A L´ALCÚDIA,Prebenjamí (2018-2019),2025-02-16,L'Alcúdia,300,,
206-2003,206-2003-3230,XXXVI VOLTA A PEU A L´ALCÚDIA,Benjamí (2016-2017),2025-02-16,L'Alcúdia,500,19.0,15.0
206-2003,206-2003-3231,XXXVI VOLTA A PEU A L´ALCÚDIA,Aleví (2014-2015),2025-02-16,L'Alcúdia,1000,17.0,12.0
206-2003,206-2003-3232,XXXVI VOLTA A PEU A L´ALCÚDIA,Infantil (2012-2013),2025-02-16,L'Alcúdia,1500,5.0,7.0
206-2003,206-2003-3233,XXXVI VOLTA A PEU A L´ALCÚDIA,Cadet (2008-2011),2025-02-16,L'Alcúdia,2000,5.0,6.0
206-2003,206-2003-3182,XXXVI VOLTA A PEU A L´ALCÚDIA,10km,2025-02-16,L'Alcúdia,10000,416.0,124.0
514-2017,514-2017-3196,"XIV 10k ALBAL ""POR ESA SONRISA""",10km,2025-02-16,Albal,10000,570.0,178.0
514-2017,514-2017-3235,"XIV 10k ALBAL ""POR ESA SONRISA""",Caminata 5k,2025-02-16,Albal,5000,,
514-2017,514-2017-3242,"XIV 10k ALBAL ""POR ESA SONRISA""",Cadete (2010-2011),2025-02-16,Albal,1200,,
514-2017,514-2017-3241,"XIV 10k ALBAL ""POR ESA SONRISA""",Infantil (2012-2013),2025-02-16,Albal,1000,,
514-2017,514-2017-3240,"XIV 10k ALBAL ""POR ESA SONRISA""",Alevín (2014-2015),2025-02-16,Albal,800,,
514-2017,514-2017-3239,"XIV 10k ALBAL ""POR ESA SONRISA""",Benjamin (2016-2017),2025-02-16,Albal,800,,
514-2017,514-2017-3238,"XIV 10k ALBAL ""POR ESA SONRISA""",Prebenjamín (2018-2019),2025-02-16,Albal,400,,
514-2017,514-2017-3237,"XIV 10k ALBAL ""POR ESA SONRISA""",Querubín (2020_2021),2025-02-16,Albal,100,,
514-2017,514-2017-3236,"XIV 10k ALBAL ""POR ESA SONRISA""",Chupetín (2022-2025),2025-02-16,Albal,100,,
514-2017,514-2017-3243,"XIV 10k ALBAL ""POR ESA SONRISA""",Juvenil (2008-2009),2025-02-16,Albal,1200,,
575-2001,575-2001-3176,GALA FINAL CIRCUIT CAIXA POPULAR HORTA SUD,5 carreras completadas,2025-02-14,Manises Auditori Municipal,0,,
575-2001,575-2001-3177,GALA FINAL CIRCUIT CAIXA POPULAR HORTA SUD,6 carreras completadas,2025-02-14,Manises Auditori Municipal,0,,
575-2001,575-2001-3178,GALA FINAL CIRCUIT CAIXA POPULAR HORTA SUD,7 carreras completadas,2025-02-14,Manises Auditori Municipal,0,,
575-2001,575-2001-3179,GALA FINAL CIRCUIT CAIXA POPULAR HORTA SUD,8 carreras completadas,2025-02-14,Manises Auditori Municipal,0,,
632-1904,632-1904-2839,"XIV CARRERA REGIMIENTO ""LUSITANIA""",Trail 21k,2025-02-09,Marines,21000,140.0,23.0
632-1904,632-1904-2840,"XIV CARRERA REGIMIENTO ""LUSITANIA""","Sprintrail 11,2k",2025-02-09,Marines,11200,199.0,102.0
632-1904,632-1904-2841,"XIV CARRERA REGIMIENTO ""LUSITANIA""",Iniciación 9k,2025-02-09,Marines,9000,59.0,45.0
632-1904,632-1904-2842,"XIV CARRERA REGIMIENTO ""LUSITANIA""",Marcha 9k / Canicross,2025-02-09,Marines,9000,,
295-2002,295-2002-3205,XIX GRAN FONS DE TURÍS MEMORIAL RAIMON SORIA,Benjamí (2017-2016),2025-02-09,Turís,600,17.0,15.0
295-2002,295-2002-3206,XIX GRAN FONS DE TURÍS MEMORIAL RAIMON SORIA,Aleví (2015-2014),2025-02-09,Turís,1000,21.0,11.0
295-2002,295-2002-3207,XIX GRAN FONS DE TURÍS MEMORIAL RAIMON SORIA,Infantil (2013-2012),2025-02-09,Turís,1600,9.0,22.0
295-2002,295-2002-3208,XIX GRAN FONS DE TURÍS MEMORIAL RAIMON SORIA,Cadet (2008-2011),2025-02-09,Turís,2000,20.0,43.0
295-2002,295-2002-3181,XIX GRAN FONS DE TURÍS MEMORIAL RAIMON SORIA,10km,2025-02-09,Turís,10000,342.0,116.0
150-1956,150-1956-3129,I 10k BIMI SILLA,10KM,2025-02-02,silla,10000,315.0,98.0
136-1972,136-1972-3244,XIX TRAIL 3 PICS LES RODANES,Sprint Subida,2025-01-26,Vilamarxant,0,,
136-1972,136-1972-3138,XIX TRAIL 3 PICS LES RODANES,Prueba Reina 28km,2025-01-26,Vilamarxant,28000,159.0,15.0
136-1972,136-1972-3139,XIX TRAIL 3 PICS LES RODANES,RAPITTRAIL 14KM,2025-01-26,Vilamarxant,14000,366.0,139.0
136-1972,136-1972-3140,XIX TRAIL 3 PICS LES RODANES,Iniciació Trail 8km,2025-01-26,Vilamarxant,8000,67.0,72.0
449-1985,449-1985-3141,IX TRAILKIDS 3 PICS LES RODANES VILAMARXANT,Querubí (2019-2020),2025-01-25,Vilamarxant,300,,
449-1985,449-1985-3142,IX TRAILKIDS 3 PICS LES RODANES VILAMARXANT,Prebenjamin (2017-2018),2025-01-25,Vilamarxant,300,,
449-1985,449-1985-3143,IX TRAILKIDS 3 PICS LES RODANES VILAMARXANT,Benjamin (2015-2016),2025-01-25,Vilamarxant,600,,
449-1985,449-1985-3144,IX TRAILKIDS 3 PICS LES RODANES VILAMARXANT,Alevin (2013-2014),2025-01-25,Vilamarxant,1000,,
449-1985,449-1985-3145,IX TRAILKIDS 3 PICS LES RODANES VILAMARXANT,Infantil (2011-2012),2025-01-25,Vilamarxant,1500,,
449-1985,449-1985-3146,IX TRAILKIDS 3 PICS LES RODANES VILAMARXANT,Cadet (2009-2010),2025-01-25,Vilamarxant,2000,,
598-1831,598-1831-2685,IV 10K OLIVA NOVA,10KM,2025-01-19,Oliva,10000,250.0,109.0
598-1831,598-1831-2747,IV 10K OLIVA NOVA,Carreras infantiles,2025-01-19,Oliva,0,,
642-1994,642-1994-3160,III CARRERA SANT ROQUENSE MUSEROS,5k,2025-01-18,Museros,5000,,
642-1994,642-1994-3161,III CARRERA SANT ROQUENSE MUSEROS,Dorsal 0 (No corro),2025-01-18,Museros,0,,
113-1996,113-1996-3167,XXXVIII SAN SILVESTRE D'ALBALAT DE LA RIBERA,Fila 0 (Donació Voluntaria - No participe),2024-12-31,Albalat de la Ribera,0,,
113-1996,113-1996-3164,XXXVIII SAN SILVESTRE D'ALBALAT DE LA RIBERA,Querubins de 0 a 7 anys,2024-12-31,Albalat de la Ribera,300,,
113-1996,113-1996-3165,XXXVIII SAN SILVESTRE D'ALBALAT DE LA RIBERA,Infantils de 8 a 11 anys,2024-12-31,Albalat de la Ribera,800,,
113-1996,113-1996-3166,XXXVIII SAN SILVESTRE D'ALBALAT DE LA RIBERA,Absoluta a partir de 12 anys,2024-12-31,Albalat de la Ribera,6000,,
640-1999,640-1999-3174,VIII SANT SILVESTRE CIUTAT DE CARLET,Cursa (5k),2024-12-29,Carlet,5000,196.0,48.0
640-1999,640-1999-3175,VIII SANT SILVESTRE CIUTAT DE CARLET,"Caminata (2,5km)",2024-12-29,Carlet,2500,,
367-2000,367-2000-3180,XXIV SAN SILVESTRE DE MISLATA,"2,km",2024-12-29,Mislata,2800,,
422-1988,422-1988-3168,VIII SANT SILVESTRE DE MONTSERRAT,"3,2KM",2024-12-28,Montserrat,3200,,
421-1989,421-1989-3148,IX SAN SILVESTRE SOLIDARIA POBLA DE FARNALS,Pre-chupetin (2022-2023),2024-12-27,La Pobla de Farnals,100,,
421-1989,421-1989-3149,IX SAN SILVESTRE SOLIDARIA POBLA DE FARNALS,Chupetin (2020-2022),2024-12-27,La Pobla de Farnals,150,,
421-1989,421-1989-3150,IX SAN SILVESTRE SOLIDARIA POBLA DE FARNALS,Prebenjamin (2018-2019),2024-12-27,La Pobla de Farnals,250,,
421-1989,421-1989-3151,IX SAN SILVESTRE SOLIDARIA POBLA DE FARNALS,Benjamin (2016-2017),2024-12-27,La Pobla de Farnals,500,,
421-1989,421-1989-3152,IX SAN SILVESTRE SOLIDARIA POBLA DE FARNALS,Alevin (2014-2015),2024-12-27,La Pobla de Farnals,750,,
421-1989,421-1989-3153,IX SAN SILVESTRE SOLIDARIA POBLA DE FARNALS,Infantil (2012-2013),2024-12-27,La Pobla de Farnals,1000,,
421-1989,421-1989-3147,IX SAN SILVESTRE SOLIDARIA POBLA DE FARNALS,5k,2024-12-27,La Pobla de Farnals,5000,244.0,112.0
548-1993,548-1993-3163,XV SANT SILVESTRE SOLIDARIA TORRENT,Dorsal Zero Solidari (no participo),2024-12-27,Torrent,0,,
548-1993,548-1993-3159,XV SANT SILVESTRE SOLIDARIA TORRENT,Carrera,2024-12-27,Torrent,3080,,
570-1995,570-1995-3162,II SANT SILVESTRE CARCAIXENT BRESSOL DE LA TARONJA,"3,5km",2024-12-27,Carcaixent,3500,,
625-1918,625-1918-3157,IV SANT SILVESTRE CIUTAT DE XIRIVELLA,Carrera absoluta,2024-12-22,Xirivella,3430,,
625-1918,625-1918-3158,IV SANT SILVESTRE CIUTAT DE XIRIVELLA,Menores de 0 a 12 acompañados de adulto,2024-12-22,Xirivella,0,,
468-1984,468-1984-3117,XI 10K Arco Foios per la Fibrosi Quistica,Compro Camiseta (No corro),2024-12-22,Foios,0,,
468-1984,468-1984-3118,XI 10K Arco Foios per la Fibrosi Quistica,Dorsal 0 (Aportación Solidaria-No corro),2024-12-22,Foios,0,,
468-1984,468-1984-3116,XI 10K Arco Foios per la Fibrosi Quistica,10km,2024-12-22,Foios,10000,577.0,266.0
468-1984,468-1984-3119,XI 10K Arco Foios per la Fibrosi Quistica,Querubín (0 a 4 años),2024-12-22,Foios,50,,
468-1984,468-1984-3120,XI 10K Arco Foios per la Fibrosi Quistica,Pre-benjamín (5 a 7 años),2024-12-22,Foios,100,,
468-1984,468-1984-3121,XI 10K Arco Foios per la Fibrosi Quistica,Benjamín (8 a 10 años),2024-12-22,Foios,250,,
468-1984,468-1984-3122,XI 10K Arco Foios per la Fibrosi Quistica,Alevín (11 a 12 años),2024-12-22,Foios,500,,
468-1984,468-1984-3123,XI 10K Arco Foios per la Fibrosi Quistica,Infantil (13 a 14 años),2024-12-22,Foios,1000,,
361-1930,361-1930-3134,XXII CURSA DE NADAL BÉTERA,Sub 6 Xupetins,2024-12-21,Bétera,100,,
361-1930,361-1930-3135,XXII CURSA DE NADAL BÉTERA,Sub 8 Prebenjamin,2024-12-21,Bétera,200,,
361-1930,361-1930-3136,XXII CURSA DE NADAL BÉTERA,Sub 10 Benjamin,2024-12-21,Bétera,400,,
361-1930,361-1930-3137,XXII CURSA DE NADAL BÉTERA,Sub 12 Alevin,2024-12-21,Bétera,800,,
361-1930,361-1930-2837,XXII CURSA DE NADAL BÉTERA,5K,2024-12-21,Bétera,5000,227.0,96.0
416-1991,416-1991-3155,VIII SANT SILVESTRE D'ALMUSSAFES,1000m (de 9 a 12 anys),2024-12-21,Almussafes,1000,,
416-1991,416-1991-3156,VIII SANT SILVESTRE D'ALMUSSAFES,500m (de 4 a 8 anys),2024-12-21,Almussafes,500,,
416-1991,416-1991-3154,VIII SANT SILVESTRE D'ALMUSSAFES,5k (a partir de 13 anys),2024-12-21,Almussafes,5000,,
643-1895,643-1895-3093,15K i I 5K VILA DE MASSAMAGRELL,Compro Pantalón (NO CORRO),2024-12-15,Massamagrell,0,,
643-1895,643-1895-2801,15K i I 5K VILA DE MASSAMAGRELL,15K,2024-12-15,Massamagrell,15000,415.0,116.0
643-1895,643-1895-2802,15K i I 5K VILA DE MASSAMAGRELL,5K,2024-12-15,Massamagrell,5000,139.0,104.0
643-1895,643-1895-3091,15K i I 5K VILA DE MASSAMAGRELL,Compro Camiseta (NO CORRO),2024-12-15,Massamagrell,0,,
643-1895,643-1895-3092,15K i I 5K VILA DE MASSAMAGRELL,Compro Gorra (NO CORRO),2024-12-15,Massamagrell,0,,
643-1895,643-1895-3169,15K i I 5K VILA DE MASSAMAGRELL,5K MENORES,2024-12-15,Massamagrell,5000,16.0,16.0
550-1902,550-1902-3131,XLIII 10k y 5K MISLATA,10KM,2024-12-15,Mislata,10000,168.0,51.0
550-1902,550-1902-3132,XLIII 10k y 5K MISLATA,5km,2024-12-15,Mislata,5000,74.0,41.0
467-1929,467-1929-2836,IX 10K DULCES DE CASINOS,10k,2024-12-14,Casinos,10000,170.0,55.0
467-1929,467-1929-3100,IX 10K DULCES DE CASINOS,Minibenjamin,2024-12-14,Casinos,60,,
467-1929,467-1929-3101,IX 10K DULCES DE CASINOS,Prebenjamin (6-7 años),2024-12-14,Casinos,100,,
467-1929,467-1929-3102,IX 10K DULCES DE CASINOS,Benjamin (8-9 años),2024-12-14,Casinos,450,,
467-1929,467-1929-3103,IX 10K DULCES DE CASINOS,Alevin (10-12 años),2024-12-14,Casinos,450,,
467-1929,467-1929-3104,IX 10K DULCES DE CASINOS,Infantil (13-15 años),2024-12-14,Casinos,900,,
467-1929,467-1929-3105,IX 10K DULCES DE CASINOS,Cadete (16-17 años),2024-12-14,Casinos,900,,
555-1928,555-1928-2835,V 10K SOLIDARIA DE MARINES,10k,2024-11-30,Marines,10000,139.0,49.0
565-1898,565-1898-3080,VI GRAN FONS I CARRERA TRENCANT BARRERES PER LA SALUT MENTAL DE SUECA,"Caminata 5,5km",2024-11-24,Sueca,5500,,
565-1898,565-1898-3081,VI GRAN FONS I CARRERA TRENCANT BARRERES PER LA SALUT MENTAL DE SUECA,"Carrera 8,5km",2024-11-24,Sueca,8500,123.0,79.0
565-1898,565-1898-3082,VI GRAN FONS I CARRERA TRENCANT BARRERES PER LA SALUT MENTAL DE SUECA,Gran Fons 15km,2024-11-24,Sueca,15000,100.0,21.0
351-1916,351-1916-3063,IX 10k y 5K DINOSAURIS MONCADA,10k,2024-11-24,Moncada,10000,274.0,142.0
351-1916,351-1916-3064,IX 10k y 5K DINOSAURIS MONCADA,5k,2024-11-24,Moncada,5000,101.0,122.0
540-1949,540-1949-3078,IV TRAIL SANTA BÁRBARA  PINA DE MONTALGRAO-VILLANUEVA DE VIVER,14km,2024-10-27,Pina de Montalgrao,14000,81.0,21.0
540-1949,540-1949-3077,IV TRAIL SANTA BÁRBARA  PINA DE MONTALGRAO-VILLANUEVA DE VIVER,"5,5km",2024-10-27,Pina de Montalgrao,5500,75.0,92.0
646-1982,646-1982-3111,CIRCUIT CAIXA POPULAR RIBERA DE XÚQUER - SELECCIÓN TALLA INSCRITOS MODALIDAD GLOBAL,Solo finishers del circuito a partir de 10 carreras completadas,2024-10-25,Mareny de Barraquetes,0,,
646-1982,646-1982-3115,CIRCUIT CAIXA POPULAR RIBERA DE XÚQUER - SELECCIÓN TALLA INSCRITOS MODALIDAD GLOBAL,Inscripción Menores a partir de 5 pruebas completadas,2024-10-25,Mareny de Barraquetes,0,,
409-1973,409-1973-3086,VI 10k y la VII Caminata de la Miel,Caminata,2024-10-20,Montroy,5000,,
409-1973,409-1973-3085,VI 10k y la VII Caminata de la Miel,10K,2024-10-20,Montroy,10000,87.0,20.0
654-1986,654-1986-3125,EN MEMÒRIA DE J.A. CUCHALA,Modalidad A (5km),2024-10-20,Vilamarxant,5000,,
654-1986,654-1986-3126,EN MEMÒRIA DE J.A. CUCHALA,Modalidad B (3km),2024-10-20,Vilamarxant,3000,,
654-1986,654-1986-3127,EN MEMÒRIA DE J.A. CUCHALA,Dorsal 0 (Aportación Solidaria-No corro),2024-10-20,Vilamarxant,0,,
16-1971,16-1971-3083,XXXVI VOLTA A PEU A LA POBLA LLARGA MEMORIAL JULIO SALOM,8K,2024-10-19,La Pobla Llarga,8000,170.0,51.0
381-1893,381-1893-2799,VI 10K i III 5K RAFELBUNYOL,10k,2024-10-13,Rafelbunyol,10000,325.0,125.0
381-1893,381-1893-2800,VI 10K i III 5K RAFELBUNYOL,5km,2024-10-13,Rafelbunyol,5000,74.0,51.0
381-1893,381-1893-3124,VI 10K i III 5K RAFELBUNYOL,5K MENORES,2024-10-13,Rafelbunyol,5000,7.0,11.0
645-1938,645-1938-2846,XXVI GRAN FONS VILA DE PATERNA,15k,2024-10-13,Paterna,15000,517.0,139.0
275-1927,275-1927-2834,XXXIV VOLTA A PEU VILAMARXANT,Volta a peu (Categoria absoluta ),2024-10-09,Vilamarxant,10000,219.0,78.0
275-1927,275-1927-3051,XXXIV VOLTA A PEU VILAMARXANT,Juvenil (2007-2008),2024-10-09,Vilamarxant,5000,2.0,2.0
275-1927,275-1927-3050,XXXIV VOLTA A PEU VILAMARXANT,Cadet (2009-2010),2024-10-09,Vilamarxant,2350,,
275-1927,275-1927-3049,XXXIV VOLTA A PEU VILAMARXANT,Infantil (2011-2012),2024-10-09,Vilamarxant,1200,,
275-1927,275-1927-3048,XXXIV VOLTA A PEU VILAMARXANT,Alevi (2013-2014),2024-10-09,Vilamarxant,600,,
275-1927,275-1927-3047,XXXIV VOLTA A PEU VILAMARXANT,Benjami (2015-2016),2024-10-09,Vilamarxant,430,,
275-1927,275-1927-3046,XXXIV VOLTA A PEU VILAMARXANT,Prebenjami (2017-2018),2024-10-09,Vilamarxant,250,,
275-1927,275-1927-3045,XXXIV VOLTA A PEU VILAMARXANT,Menudets (2019 i posteriors),2024-10-09,Vilamarxant,100,,
631-1917,631-1917-3087,II GRAN FONS XIRIVELLA,Gran fons,2024-10-06,Xirivella,15000,178.0,38.0
541-1961,541-1961-2982,VI CARRERA Y CAMINATA SOLIDARIA BENETÚSSER,Dorsal 0,2024-10-06,Benetússer,0,,
541-1961,541-1961-2980,VI CARRERA Y CAMINATA SOLIDARIA BENETÚSSER,Carrera (5k),2024-10-06,Benetússer,5000,84.0,24.0
541-1961,541-1961-2981,VI CARRERA Y CAMINATA SOLIDARIA BENETÚSSER,Caminata (3k),2024-10-06,Benetússer,3000,,
156-1877,156-1877-2744,XXXIX VOLTA A PEU PORT DE CATARROJA,10k,2024-10-05,Catarroja,10000,414.0,124.0
626-1858,626-1858-2945,35 VOLTA A PEU SUECA,7KM (Caminada),2024-09-29,Sueca,7000,,
626-1858,626-1858-2944,35 VOLTA A PEU SUECA,8KM,2024-09-29,Sueca,8000,196.0,78.0
535-1900,535-1900-2994,VII PICATRAIL,TRAIL 18K,2024-09-29,Picassent,18000,112.0,21.0
535-1900,535-1900-2995,VII PICATRAIL,SPRINT TRAIL 10K,2024-09-29,Picassent,10000,144.0,57.0
535-1900,535-1900-2996,VII PICATRAIL,CAMINATA 10K,2024-09-29,Picassent,10000,,
653-1977,653-1977-3094,I Carrera Solidaria Infantil Beniparrell 2024,Minibenjamin (2020-2024),2024-09-29,Beniparrell,100,,
653-1977,653-1977-3095,I Carrera Solidaria Infantil Beniparrell 2024,Benjamín (2015-2016),2024-09-29,Beniparrell,400,,
653-1977,653-1977-3096,I Carrera Solidaria Infantil Beniparrell 2024,Alevín (2013-2014),2024-09-29,Beniparrell,1000,,
653-1977,653-1977-3097,I Carrera Solidaria Infantil Beniparrell 2024,Infantil (2011-2012),2024-09-29,Beniparrell,1400,,
653-1977,653-1977-3098,I Carrera Solidaria Infantil Beniparrell 2024,Cadete (2009-2010),2024-09-29,Beniparrell,2000,,
653-1977,653-1977-3099,I Carrera Solidaria Infantil Beniparrell 2024,Junior (2007-2008),2024-09-29,Beniparrell,2000,,
653-1977,653-1977-3106,I Carrera Solidaria Infantil Beniparrell 2024,Prebenjamin (2017-2019),2024-09-29,Beniparrell,100,,
494-1857,494-1857-2764,XLIV VOLTA A PEU CARCAIXENT,10k,2024-09-28,Carcaixent,10000,405.0,104.0
494-1857,494-1857-3079,XLIV VOLTA A PEU CARCAIXENT,Compro Camiseta (No corro),2024-09-28,Carcaixent,0,,
337-1950,337-1950-2954,VIII CARRERA SOLIDARIA FALLA EL DIVENDRES  MASSANASSA,Marcha,2024-09-28,Massanassa,1800,,
337-1950,337-1950-2953,VIII CARRERA SOLIDARIA FALLA EL DIVENDRES  MASSANASSA,6K,2024-09-28,Massanassa,6000,144.0,48.0
354-1932,354-1932-2844,VII GRAN FONS TRITONS ALBALAT DE LA RIBERA,Gran Fons,2024-09-22,Albalat,15000,119.0,22.0
354-1932,354-1932-2845,VII GRAN FONS TRITONS ALBALAT DE LA RIBERA,7.5K,2024-09-22,Albalat,7500,50.0,25.0
308-1856,308-1856-3052,XXXI VOLTA A PEU CIUTAT DE CARLET,Benjamin (2015-2016),2024-09-21,Carlet,750,11.0,12.0
308-1856,308-1856-3053,XXXI VOLTA A PEU CIUTAT DE CARLET,Alevin (2013-2014),2024-09-21,Carlet,750,16.0,19.0
308-1856,308-1856-3054,XXXI VOLTA A PEU CIUTAT DE CARLET,Infantil (2011-2012),2024-09-21,Carlet,1500,7.0,8.0
308-1856,308-1856-3055,XXXI VOLTA A PEU CIUTAT DE CARLET,Cadet (2007-2010),2024-09-21,Carlet,1500,7.0,8.0
308-1856,308-1856-2763,XXXI VOLTA A PEU CIUTAT DE CARLET,10k,2024-09-21,Carlet,10000,326.0,74.0
610-1892,610-1892-3027,III 7k MUSEROS,Compro camiseta (NO CORRO),2024-09-21,Museros,0,,
610-1892,610-1892-2798,III 7k MUSEROS,7K,2024-09-21,Museros,7000,309.0,136.0
610-1892,610-1892-3110,III 7k MUSEROS,Menores,2024-09-21,Museros,7000,8.0,9.0
444-1879,444-1879-2997,XI GRAN FONS NOCTURN ALFAFAR,Compro Camiseta (NO CORRO),2024-09-14,Alfafar,0,,
444-1879,444-1879-2998,XI GRAN FONS NOCTURN ALFAFAR,Compro Gorra (NO CORRO),2024-09-14,Alfafar,0,,
444-1879,444-1879-2746,XI GRAN FONS NOCTURN ALFAFAR,15k,2024-09-14,Alfafar,15000,378.0,90.0
553-1926,553-1926-2833,XIII VOLTA A PEU BENISSANÓ,Volta a peu,2024-09-14,Benissanó,7000,168.0,53.0
400-1968,400-1968-3067,XXXVI VOLTA A PEU QUART DE POBLET,8k,2024-09-14,Quart de Poblet,8200,448.0,147.0
299-1855,299-1855-3069,XXII VOLTA A PEU CATADAU,Mini Benjamín 2020/2024,2024-09-07,Catadau,100,,
299-1855,299-1855-3070,XXII VOLTA A PEU CATADAU,Prebenjamin 2017/2019,2024-09-07,Catadau,100,,
299-1855,299-1855-3071,XXII VOLTA A PEU CATADAU,Benjamin 2015/2016,2024-09-07,Catadau,400,15.0,12.0
299-1855,299-1855-3072,XXII VOLTA A PEU CATADAU,Alevin 2013/2014,2024-09-07,Catadau,1000,12.0,7.0
299-1855,299-1855-3073,XXII VOLTA A PEU CATADAU,Infantil 2011/2012,2024-09-07,Catadau,1400,7.0,7.0
299-1855,299-1855-3074,XXII VOLTA A PEU CATADAU,Cadet 2007/2010,2024-09-07,Catadau,2000,9.0,4.0
299-1855,299-1855-2762,XXII VOLTA A PEU CATADAU,9k,2024-09-07,Catadau,9000,213.0,54.0
432-1891,432-1891-3076,XXXII VOLTA A PEU EL PUIG,Compro Camiseta (No corro),2024-09-07,El Puig,0,,
432-1891,432-1891-3031,XXXII VOLTA A PEU EL PUIG,Alevin (2013-2014),2024-09-07,El Puig,500,,
432-1891,432-1891-3028,XXXII VOLTA A PEU EL PUIG,Querubines (2020-2023),2024-09-07,El Puig,50,,
432-1891,432-1891-3029,XXXII VOLTA A PEU EL PUIG,Prebenjamin (2017-2019),2024-09-07,El Puig,100,,
432-1891,432-1891-3030,XXXII VOLTA A PEU EL PUIG,Benjamin (2015-2016),2024-09-07,El Puig,250,,
432-1891,432-1891-3032,XXXII VOLTA A PEU EL PUIG,Infantil (2011-2012),2024-09-07,El Puig,1000,,
432-1891,432-1891-2797,XXXII VOLTA A PEU EL PUIG,8K,2024-09-07,El Puig,8000,284.0,77.0
432-1891,432-1891-3084,XXXII VOLTA A PEU EL PUIG,Menores,2024-09-07,El Puig,8000,10.0,7.0
456-1942,456-1942-2950,V 7K SALADAR-SILLA,7k,2024-09-07,Silla,7000,74.0,23.0
331-1966,331-1966-3033,XXVII VOLTA A PEU LA CANYADA,sub 10 (2015 y posteriores),2024-08-24,Paterna,1000,,
331-1966,331-1966-3034,XXVII VOLTA A PEU LA CANYADA,sub 14 (2011-2014),2024-08-24,Paterna,1000,,
331-1966,331-1966-2999,XXVII VOLTA A PEU LA CANYADA,Carrera absoluta,2024-08-24,Paterna,6400,246.0,117.0
306-1853,306-1853-3058,XXXII VOLTA A PEU NOCTURNA A MANUEL,Prebenjamin (2017-2018),2024-08-23,Manuel,200,22.0,9.0
306-1853,306-1853-3059,XXXII VOLTA A PEU NOCTURNA A MANUEL,Benjamin (2015-2016),2024-08-23,Manuel,550,17.0,21.0
306-1853,306-1853-3060,XXXII VOLTA A PEU NOCTURNA A MANUEL,Alevin (2013-2014),2024-08-23,Manuel,1100,14.0,11.0
306-1853,306-1853-3061,XXXII VOLTA A PEU NOCTURNA A MANUEL,Infantil (2011-2012),2024-08-23,Manuel,1650,6.0,6.0
306-1853,306-1853-3062,XXXII VOLTA A PEU NOCTURNA A MANUEL,Cadet (2007-2010),2024-08-23,Manuel,2200,4.0,3.0
306-1853,306-1853-2760,XXXII VOLTA A PEU NOCTURNA A MANUEL,7k,2024-08-23,Manuel,7000,323.0,101.0
437-1890,437-1890-3075,XIV VOLTA A PEU ALBUIXECH,MENORES,2024-08-23,Albuixech,6300,19.0,7.0
437-1890,437-1890-2796,XIV VOLTA A PEU ALBUIXECH,"6,3K",2024-08-23,Albuixech,6300,341.0,115.0
448-1924,448-1924-3014,XX VOLTA A PEU LORIGUILLA,Benjamin (2015-2016),2024-08-23,Loriguilla,0,14.0,3.0
448-1924,448-1924-3015,XX VOLTA A PEU LORIGUILLA,Alevin (2013-2014),2024-08-23,Loriguilla,0,16.0,3.0
448-1924,448-1924-3016,XX VOLTA A PEU LORIGUILLA,Infantil (2011-2012),2024-08-23,Loriguilla,0,4.0,2.0
448-1924,448-1924-3017,XX VOLTA A PEU LORIGUILLA,Cadete (2009-2010),2024-08-23,Loriguilla,0,5.0,2.0
448-1924,448-1924-3018,XX VOLTA A PEU LORIGUILLA,Juvenil (2007-2008),2024-08-23,Loriguilla,0,1.0,0.0
448-1924,448-1924-2832,XX VOLTA A PEU LORIGUILLA,Volta a peu,2024-08-23,Loriguilla,10000,228.0,61.0
596-1964,596-1964-3009,XVI SUBIDA A LOS MOLINOS DE ALCUBLAS,"8,2k",2024-08-16,Alcublas,8200,258.0,64.0
596-1964,596-1964-3010,XVI SUBIDA A LOS MOLINOS DE ALCUBLAS,Alevin (2011-2013),2024-08-16,Alcublas,600,,
596-1964,596-1964-3011,XVI SUBIDA A LOS MOLINOS DE ALCUBLAS,Benjamin (2014-2016),2024-08-16,Alcublas,500,,
596-1964,596-1964-3012,XVI SUBIDA A LOS MOLINOS DE ALCUBLAS,Chupetines (2020-2017),2024-08-16,Alcublas,150,,
596-1964,596-1964-3013,XVI SUBIDA A LOS MOLINOS DE ALCUBLAS,Aguilucho (2021-2022),2024-08-16,Alcublas,50,,
343-1962,343-1962-2979,XLI VUELTA A PIE  VILLAR DEL ARZOBISPO,8k,2024-08-10,Villar del Arzobispo,8000,141.0,45.0
453-1923,453-1923-3035,XV LEGUA SAN ANTONIO DE BENAGÉBER,Querubines,2024-08-08,San Antonio de Benagéber,100,,
453-1923,453-1923-3036,XV LEGUA SAN ANTONIO DE BENAGÉBER,Prebenjamines,2024-08-08,San Antonio de Benagéber,200,,
453-1923,453-1923-3037,XV LEGUA SAN ANTONIO DE BENAGÉBER,Benjamines,2024-08-08,San Antonio de Benagéber,300,,
453-1923,453-1923-3038,XV LEGUA SAN ANTONIO DE BENAGÉBER,Alevines,2024-08-08,San Antonio de Benagéber,400,,
453-1923,453-1923-3039,XV LEGUA SAN ANTONIO DE BENAGÉBER,Infantiles,2024-08-08,San Antonio de Benagéber,600,,
453-1923,453-1923-3040,XV LEGUA SAN ANTONIO DE BENAGÉBER,Cadetes,2024-08-08,San Antonio de Benagéber,800,,
453-1923,453-1923-2831,XV LEGUA SAN ANTONIO DE BENAGÉBER,Legua,2024-08-08,San Antonio de Benagéber,5572,312.0,136.0
394-1967,394-1967-3020,XXXV VOLTA A PEU A TURÍS,Prexupetins (2022-2023),2024-08-05,Turís,30,,
394-1967,394-1967-3021,XXXV VOLTA A PEU A TURÍS,Xupetins (2019-2021),2024-08-05,Turís,60,,
394-1967,394-1967-3022,XXXV VOLTA A PEU A TURÍS,Prebenjamin (2017-2018),2024-08-05,Turís,300,,
394-1967,394-1967-3023,XXXV VOLTA A PEU A TURÍS,Benjamin (2015-2016),2024-08-05,Turís,600,,
394-1967,394-1967-3024,XXXV VOLTA A PEU A TURÍS,Alevin (2013-2014),2024-08-05,Turís,1000,,
394-1967,394-1967-3025,XXXV VOLTA A PEU A TURÍS,Infantil (2011-2012),2024-08-05,Turís,1600,,
394-1967,394-1967-3026,XXXV VOLTA A PEU A TURÍS,Juvenils-Cadets (2007-2010),2024-08-05,Turís,2000,,
394-1967,394-1967-3019,XXXV VOLTA A PEU A TURÍS,"7,7k",2024-08-05,Turís,7700,,
159-1965,159-1965-3042,XXV VOLTA A PEU FAVARA,Benjamin (2016 - 2020),2024-08-03,Favara,350,,
159-1965,159-1965-3043,XXV VOLTA A PEU FAVARA,Alevin (2011-2015),2024-08-03,Favara,800,,
159-1965,159-1965-3044,XXV VOLTA A PEU FAVARA,Cadet (2005 – 2010),2024-08-03,Favara,1600,,
159-1965,159-1965-3041,XXV VOLTA A PEU FAVARA,"8,5km",2024-08-03,Favara,8500,113.0,36.0
305-1876,305-1876-2934,XXII VOLTA A PEU PEL XÚQUER - RIOLA,Benjamín (2015-2016),2024-07-27,Riola,550,,
305-1876,305-1876-2937,XXII VOLTA A PEU PEL XÚQUER - RIOLA,Cadete (2007-2010),2024-07-27,Riola,1800,,
305-1876,305-1876-2936,XXII VOLTA A PEU PEL XÚQUER - RIOLA,Infantil (2011-2012),2024-07-27,Riola,1200,,
305-1876,305-1876-2932,XXII VOLTA A PEU PEL XÚQUER - RIOLA,Chupetín (2020-2022),2024-07-27,Riola,100,,
305-1876,305-1876-2933,XXII VOLTA A PEU PEL XÚQUER - RIOLA,Prebenjamín (2017-2019),2024-07-27,Riola,250,,
305-1876,305-1876-2935,XXII VOLTA A PEU PEL XÚQUER - RIOLA,Alevín (2013-2014),2024-07-27,Riola,800,,
305-1876,305-1876-2743,XXII VOLTA A PEU PEL XÚQUER - RIOLA,8k,2024-07-27,Riola,8000,538.0,212.0
305-1876,305-1876-2931,XXII VOLTA A PEU PEL XÚQUER - RIOLA,Compra Camiseta (NO CORRO),2024-07-27,Riola,0,,
305-1876,305-1876-2952,XXII VOLTA A PEU PEL XÚQUER - RIOLA,Compra Toalla (NO CORRO),2024-07-27,Riola,0,,
305-1876,305-1876-2930,XXII VOLTA A PEU PEL XÚQUER - RIOLA,"Marcha (4,5km)",2024-07-27,Riola,4500,,
336-1963,336-1963-2993,XV CARRERA ENTRE OLIVOS Y PINARES VALL DE ALMONACID,Marcha No competitiva,2024-07-27,Vall de Almonacid,8500,,
336-1963,336-1963-2992,XV CARRERA ENTRE OLIVOS Y PINARES VALL DE ALMONACID,Carrera,2024-07-27,Vall de Almonacid,8500,39.0,9.0
395-1852,395-1852-2759,XXVI VOLTA A PEU LLAURÍ,8k,2024-07-26,Llaurí,8000,266.0,64.0
265-1915,265-1915-2946,XII 10K SENSE LÍMITS ALDAIA,10k,2024-07-20,Aldaia,10000,704.0,153.0
160-1897,160-1897-2985,XX VOLTA A PEU JOANOT PRESÈNCIA POLINYÀ DE XÚQUER,Aguiluchos (2023-2024),2024-07-19,Polinyà de Xúquer,50,,
160-1897,160-1897-2986,XX VOLTA A PEU JOANOT PRESÈNCIA POLINYÀ DE XÚQUER,Chupetines (2020-2022),2024-07-19,Polinyà de Xúquer,100,,
160-1897,160-1897-2987,XX VOLTA A PEU JOANOT PRESÈNCIA POLINYÀ DE XÚQUER,Prebenjamin sub 8 (2017-2018-2019),2024-07-19,Polinyà de Xúquer,250,,
160-1897,160-1897-2988,XX VOLTA A PEU JOANOT PRESÈNCIA POLINYÀ DE XÚQUER,Benjamin sub 10 (2015-2016),2024-07-19,Polinyà de Xúquer,350,,
160-1897,160-1897-2989,XX VOLTA A PEU JOANOT PRESÈNCIA POLINYÀ DE XÚQUER,Alevin  sub 12 (2013-2014),2024-07-19,Polinyà de Xúquer,800,,
160-1897,160-1897-2990,XX VOLTA A PEU JOANOT PRESÈNCIA POLINYÀ DE XÚQUER,Infantil sub 14 (2011-2012),2024-07-19,Polinyà de Xúquer,1300,,
160-1897,160-1897-2991,XX VOLTA A PEU JOANOT PRESÈNCIA POLINYÀ DE XÚQUER,Cadete (2007-2010),2024-07-19,Polinyà de Xúquer,1800,,
160-1897,160-1897-2984,XX VOLTA A PEU JOANOT PRESÈNCIA POLINYÀ DE XÚQUER,8k,2024-07-19,Polinyà de Xúquer,8000,187.0,64.0
344-1875,344-1875--3416,XXXV VOLTA A PEU SOLLANA,Compra Camiseta (NO CORRO),2024-07-13,Sollana,0,,
344-1875,344-1875-2949,XXXV VOLTA A PEU SOLLANA,Compro camiseta (NO CORRO),2024-07-13,Sollana,0,,
344-1875,344-1875-2941,XXXV VOLTA A PEU SOLLANA,Alevi (2013-2014),2024-07-13,Sollana,800,,
344-1875,344-1875-2939,XXXV VOLTA A PEU SOLLANA,Prebenjami (2017-2019),2024-07-13,Sollana,400,,
344-1875,344-1875-2940,XXXV VOLTA A PEU SOLLANA,Benjami (2015-2016),2024-07-13,Sollana,0,,
344-1875,344-1875-2938,XXXV VOLTA A PEU SOLLANA,Xupetins (2020-2022),2024-07-13,Sollana,200,,
344-1875,344-1875-2942,XXXV VOLTA A PEU SOLLANA,Infantil (2011-2012),2024-07-13,Sollana,1600,,
344-1875,344-1875-2943,XXXV VOLTA A PEU SOLLANA,Cadet (2007-2010),2024-07-13,Sollana,2500,,
344-1875,344-1875-2742,XXXV VOLTA A PEU SOLLANA,8k,2024-07-13,Sollana,8000,387.0,122.0
344-1875,344-1875-2978,XXXV VOLTA A PEU SOLLANA,Marcha (No competitiva),2024-07-13,Sollana,4000,,
542-1952,542-1952-2924,IV TRAIL NOCTURNO DE CULLERA,"11,4k",2024-07-13,Cullera,11400,279.0,68.0
542-1952,542-1952-2956,IV TRAIL NOCTURNO DE CULLERA,Compra Camiseta (NO CORRO),2024-07-13,Cullera,0,,
450-1922,450-1922-2971,XXXVII VOLTA A PEU NOCTURNA A LA POBLA DE VALLBONA,Minibenjamins (2019-posteriors),2024-07-12,Pobla de Vallbona,100,,
450-1922,450-1922-2972,XXXVII VOLTA A PEU NOCTURNA A LA POBLA DE VALLBONA,Prebenjamin (2017-2018),2024-07-12,Pobla de Vallbona,200,,
450-1922,450-1922-2973,XXXVII VOLTA A PEU NOCTURNA A LA POBLA DE VALLBONA,Benjamin (2015-2016),2024-07-12,Pobla de Vallbona,400,,
450-1922,450-1922-2974,XXXVII VOLTA A PEU NOCTURNA A LA POBLA DE VALLBONA,Alevin (2013-2014),2024-07-12,Pobla de Vallbona,800,,
450-1922,450-1922-2975,XXXVII VOLTA A PEU NOCTURNA A LA POBLA DE VALLBONA,Infantil (2011-2012),2024-07-12,Pobla de Vallbona,1600,,
450-1922,450-1922-2976,XXXVII VOLTA A PEU NOCTURNA A LA POBLA DE VALLBONA,Cadete (2009-2010),2024-07-12,Pobla de Vallbona,1600,,
450-1922,450-1922-2977,XXXVII VOLTA A PEU NOCTURNA A LA POBLA DE VALLBONA,Juvenil (2007-2008),2024-07-12,Pobla de Vallbona,1600,,
450-1922,450-1922-2830,XXXVII VOLTA A PEU NOCTURNA A LA POBLA DE VALLBONA,Volta a peu,2024-07-12,Pobla de Vallbona,5000,394.0,142.0
615-1960,615-1960-2963,III CARRERA NOCTURNA D'ALFARB,7k,2024-07-12,Alfarb,7000,166.0,56.0
304-1851,304-1851-2758,XV VOLTA A PEU MARENY DE BARRAQUETES,7k,2024-07-06,Mareny de Barraquetes,7100,297.0,110.0
597-1888,597-1888-2947,X 5K ALBALAT DELS SORELLS,Compra equipación (CORRO/NO CORRO),2024-07-06,Albalat dels Sorells,0,,
597-1888,597-1888-2948,X 5K ALBALAT DELS SORELLS,Compro bocadillo (CORRO/NO CORRO),2024-07-06,Albalat dels Sorells,0,,
597-1888,597-1888-2794,X 5K ALBALAT DELS SORELLS,5km,2024-07-06,Albalat dels Sorells,5000,446.0,177.0
597-1888,597-1888-3000,X 5K ALBALAT DELS SORELLS,MENORES,2024-07-06,Albalat dels Sorells,5000,17.0,15.0
324-1914,324-1914-2904,XXXII VOLTA A PEU ALBAL,10k,2024-07-06,Albal,10000,155.0,34.0
266-1958,266-1958-2957,XXX LEGUA URBANA CIUTAT DE TORRENT,Legua Urbana,2024-07-05,Torrent,5572,187.0,67.0
561-1959,561-1959-2966,XXX VOLTA A PEU A GUADASSUAR,Prebenjami (2017-2018),2024-07-04,Guadassuar,250,,
561-1959,561-1959-2964,XXX VOLTA A PEU A GUADASSUAR,Querubins (2021-2024),2024-07-04,Guadassuar,50,,
561-1959,561-1959-2965,XXX VOLTA A PEU A GUADASSUAR,Jupetins (2019-2020),2024-07-04,Guadassuar,75,,
561-1959,561-1959-2967,XXX VOLTA A PEU A GUADASSUAR,Benjami (2015-2016),2024-07-04,Guadassuar,450,17.0,18.0
561-1959,561-1959-2968,XXX VOLTA A PEU A GUADASSUAR,Alevi (2013-2014),2024-07-04,Guadassuar,750,9.0,13.0
561-1959,561-1959-2969,XXX VOLTA A PEU A GUADASSUAR,Infantil (2011-2012),2024-07-04,Guadassuar,1200,7.0,8.0
561-1959,561-1959-2970,XXX VOLTA A PEU A GUADASSUAR,Cadet (2009-2010),2024-07-04,Guadassuar,1200,7.0,2.0
561-1959,561-1959-2955,XXX VOLTA A PEU A GUADASSUAR,8k,2024-07-04,Guadassuar,8000,594.0,160.0
457-1957,457-1957-2962,VI CARRERA INFANTIL CAIXA RURAL TORRENT A PICANYA,Infantil (2010-2011),2024-07-03,Picanya,1080,,
457-1957,457-1957-2961,VI CARRERA INFANTIL CAIXA RURAL TORRENT A PICANYA,Aleví (2012-2013),2024-07-03,Picanya,850,,
457-1957,457-1957-2960,VI CARRERA INFANTIL CAIXA RURAL TORRENT A PICANYA,Benjamí (2014-2015),2024-07-03,Picanya,540,,
457-1957,457-1957-2959,VI CARRERA INFANTIL CAIXA RURAL TORRENT A PICANYA,Prebenjamí (2017-2016),2024-07-03,Picanya,410,,
457-1957,457-1957-2958,VI CARRERA INFANTIL CAIXA RURAL TORRENT A PICANYA,Querubí (2018-2019),2024-07-03,Picanya,200,,
614-1874,614-1874-2881,XXXV VOLTA A PEU ALMUSSAFES,Compra Camiseta (No Corro),2024-06-29,Almussafes,0,,
614-1874,614-1874-2886,XXXV VOLTA A PEU ALMUSSAFES,(Sub 14) Infantil (2011-2012),2024-06-29,Almussafes,1100,,
614-1874,614-1874-2882,XXXV VOLTA A PEU ALMUSSAFES,Chupetín (2019-2024),2024-06-29,Almussafes,100,,
614-1874,614-1874-2883,XXXV VOLTA A PEU ALMUSSAFES,(Sub 8) Prebenjamín (2017-2018),2024-06-29,Almussafes,300,,
614-1874,614-1874-2884,XXXV VOLTA A PEU ALMUSSAFES,(Sub 10) Benjamín (2015-2016),2024-06-29,Almussafes,500,,
614-1874,614-1874-2885,XXXV VOLTA A PEU ALMUSSAFES,(Sub 12) Alevín (2013-2014),2024-06-29,Almussafes,1000,,
614-1874,614-1874-2887,XXXV VOLTA A PEU ALMUSSAFES,(Sub 16) Cadet (2009-2010),2024-06-29,Almussafes,1500,,
614-1874,614-1874-2741,XXXV VOLTA A PEU ALMUSSAFES,10k,2024-06-29,Almussafes,10000,440.0,119.0
261-1921,261-1921-2829,XX VOLTA A PEU NOCTURNA RIBA-ROJA DE TURIA,7km,2024-06-28,Riba-Roja de Túria,7000,291.0,103.0
650-1954,650-1954-2925,I Carrera per la Dona 2026 - Quart de Poblet,5k,2024-06-22,Quart de Poblet,5000,7.0,104.0
609-1889,609-1889-2795,IV 6k solidaria Massalfassar,6k,2024-06-16,Massalfassar,6000,287.0,116.0
609-1889,609-1889-2983,IV 6k solidaria Massalfassar,6k menores,2024-06-16,Massalfassar,6000,8.0,16.0
302-1850,302-1850-2757,X VOLTA A PEU A SANT JOANET,6k,2024-06-15,Sant Joanet,6000,282.0,88.0
270-1947,270-1947-2923,XII VOLTA A PEU ILLA DEL PALMAR,7k,2024-06-15,El Palmar,7000,124.0,55.0
649-1951,649-1951-2921,I GRAN PREMIO VELAS MARATON 3.0,10k,2024-06-15,Cheste,10000,372.0,115.0
649-1951,649-1951-2922,I GRAN PREMIO VELAS MARATON 3.0,4k,2024-06-15,Cheste,4000,108.0,120.0
648-1948,648-1948-2919,Algunos consejos para la corrección de la técnica de carrera y prevención de lesiones,Charla Informativa,2024-06-12,Alaquás,0,,
158-1873,158-1873-2740,XXVI 10K CIUTAT DE BENIPARRELL,10k,2024-06-09,Beniparrell,10000,415.0,122.0
644-1936,644-1936-2825,xii TRAIL CHULILLA,11k,2024-06-08,Chulilla,11000,298.0,143.0
301-1849,301-1849-2914,XXXIX VOLTA A PEU SANT ONOFRE D'ALGEMESÍ,Prebenjamin (2020-2017),2024-06-01,Algemesí,80,,
301-1849,301-1849-2915,XXXIX VOLTA A PEU SANT ONOFRE D'ALGEMESÍ,Benjamin (2015-2016),2024-06-01,Algemesí,500,17.0,18.0
301-1849,301-1849-2916,XXXIX VOLTA A PEU SANT ONOFRE D'ALGEMESÍ,Alevin (2013-2014),2024-06-01,Algemesí,1000,13.0,14.0
301-1849,301-1849-2917,XXXIX VOLTA A PEU SANT ONOFRE D'ALGEMESÍ,Infantil (2011-2012),2024-06-01,Algemesí,1500,8.0,7.0
301-1849,301-1849-2918,XXXIX VOLTA A PEU SANT ONOFRE D'ALGEMESÍ,Cadet (2007-2010),2024-06-01,Algemesí,1500,8.0,5.0
301-1849,301-1849-2756,XXXIX VOLTA A PEU SANT ONOFRE D'ALGEMESÍ,10k,2024-06-01,Algemesí,10000,432.0,109.0
629-1887,629-1887-2893,II 5k POBLA DE FARNALS,Chupetin (2019-2022),2024-06-01,La Pobla de Farnals,100,,
629-1887,629-1887-2894,II 5k POBLA DE FARNALS,Prebenjamin (2017-2018),2024-06-01,La Pobla de Farnals,250,,
629-1887,629-1887-2895,II 5k POBLA DE FARNALS,Benjamin (2015-2016),2024-06-01,La Pobla de Farnals,500,,
629-1887,629-1887-2896,II 5k POBLA DE FARNALS,Alevin (2013-2014),2024-06-01,La Pobla de Farnals,750,,
629-1887,629-1887-2897,II 5k POBLA DE FARNALS,Infantil (2011-2012),2024-06-01,La Pobla de Farnals,1000,,
629-1887,629-1887-2793,II 5k POBLA DE FARNALS,5km,2024-06-01,La Pobla de Farnals,5000,398.0,176.0
629-1887,629-1887-2951,II 5k POBLA DE FARNALS,5K MENORES,2024-06-01,La Pobla de Farnals,5000,13.0,18.0
323-1913,323-1913-2890,XXXVI VOLTA A PEU FIBRA VALENCIA VILA D'ALAQUAS,Volta 10k,2024-06-01,Alaquàs,10000,162.0,42.0
323-1913,323-1913-2891,XXXVI VOLTA A PEU FIBRA VALENCIA VILA D'ALAQUAS,Volteta 5k,2024-06-01,Alaquàs,5000,80.0,44.0
651-1955,651-1955-2927,I EAACI Walk & Run,10k,2024-06-01,Valencia,10000,48.0,30.0
651-1955,651-1955-2928,I EAACI Walk & Run,5k,2024-06-01,Valencia,5000,101.0,0.0
651-1955,651-1955-2929,I EAACI Walk & Run,"Marcha 2,5k",2024-06-01,Valencia,2500,,
443-1912,443-1912-2861,XXXI VOLTA A PEU BENETÚSSER,10k,2024-05-26,Benetússer,10000,258.0,63.0
567-1941,567-1941-3611,XVIII MITJA MARATÓ CIUTAT DE TORRENT,Carrera absoluta,2024-05-26,Torrent,0,,
567-1941,567-1941-2860,XVIII MITJA MARATÓ CIUTAT DE TORRENT,Mitja Marató,2024-05-26,Torrent,21097,275.0,47.0
311-1872,311-1872-2926,VII 10MILPASSOS KANGURS BENIFAIÓ,Compro camiseta (NO CORRO),2024-05-25,Benifaió,0,,
311-1872,311-1872-2907,VII 10MILPASSOS KANGURS BENIFAIÓ,Prebenjamí (Sub8),2024-05-25,Benifaió,300,,
311-1872,311-1872-2908,VII 10MILPASSOS KANGURS BENIFAIÓ,Benjamí (Sub10),2024-05-25,Benifaió,500,,
311-1872,311-1872-2909,VII 10MILPASSOS KANGURS BENIFAIÓ,Aleví (Sub12),2024-05-25,Benifaió,1000,,
311-1872,311-1872-2910,VII 10MILPASSOS KANGURS BENIFAIÓ,Infantil (Sub14),2024-05-25,Benifaió,1500,,
311-1872,311-1872-2911,VII 10MILPASSOS KANGURS BENIFAIÓ,Cadet (Sub16),2024-05-25,Benifaió,2000,,
311-1872,311-1872-2739,VII 10MILPASSOS KANGURS BENIFAIÓ,10k,2024-05-25,Benifaió,10000,350.0,107.0
608-1896,608-1896-2812,TRAIL VALLE DEL TÚRIA GESTALGAR,Trail,2024-05-19,Gestalgar,26000,189.0,28.0
608-1896,608-1896-2813,TRAIL VALLE DEL TÚRIA GESTALGAR,Sprint Trail,2024-05-19,Gestalgar,11000,173.0,117.0
608-1896,608-1896-2814,TRAIL VALLE DEL TÚRIA GESTALGAR,Marcha no competitiva,2024-05-19,Gestalgar,6500,,
439-1886,439-1886-2878,VI SCHNEIDER ELECTRIC 7K MELIANA,Caminata 5k,2024-05-18,Meliana,5000,17.0,34.0
439-1886,439-1886-2873,VI SCHNEIDER ELECTRIC 7K MELIANA,Chupetines (2024-2019),2024-05-18,Meliana,0,,
439-1886,439-1886-2874,VI SCHNEIDER ELECTRIC 7K MELIANA,Prebenjamin (2018-2017),2024-05-18,Meliana,0,,
439-1886,439-1886-2875,VI SCHNEIDER ELECTRIC 7K MELIANA,Benjami (2016-2015),2024-05-18,Meliana,0,,
439-1886,439-1886-2876,VI SCHNEIDER ELECTRIC 7K MELIANA,Alevin (2014-2013),2024-05-18,Meliana,0,,
439-1886,439-1886-2877,VI SCHNEIDER ELECTRIC 7K MELIANA,Infantil (2012-2011),2024-05-18,Meliana,0,,
439-1886,439-1886-2791,VI SCHNEIDER ELECTRIC 7K MELIANA,7k,2024-05-18,Meliana,7000,317.0,150.0
384-1903,384-1903-2906,XLII VOLTA A PEU LLUIS VIVES,5k,2024-05-17,Sueca,5200,,
616-1935,616-1935-2822,VI TRAIL MILLARES,Trail 24k,2024-05-12,Millares,24000,38.0,5.0
616-1935,616-1935-2823,VI TRAIL MILLARES,Sprint Trail 14k,2024-05-12,Millares,14000,59.0,22.0
616-1935,616-1935-2824,VI TRAIL MILLARES,Marcha andarines,2024-05-12,Millares,9600,,
264-1848,264-1848-2898,XXVI VOLTA A PEU ALBERIC (LA CARRERA DE LA MONA),Chupeti (2019-2024),2024-05-11,Alberic,100,,
264-1848,264-1848-2899,XXVI VOLTA A PEU ALBERIC (LA CARRERA DE LA MONA),Prebenjamin (2017-2018),2024-05-11,Alberic,300,,
264-1848,264-1848-2900,XXVI VOLTA A PEU ALBERIC (LA CARRERA DE LA MONA),Benjamin (2015-2016),2024-05-11,Alberic,500,20.0,13.0
264-1848,264-1848-2901,XXVI VOLTA A PEU ALBERIC (LA CARRERA DE LA MONA),Alevin (2013-2014),2024-05-11,Alberic,1000,20.0,30.0
264-1848,264-1848-2902,XXVI VOLTA A PEU ALBERIC (LA CARRERA DE LA MONA),Infantil (2011-2012),2024-05-11,Alberic,1500,8.0,8.0
264-1848,264-1848-2903,XXVI VOLTA A PEU ALBERIC (LA CARRERA DE LA MONA),Cadets (2007-2010),2024-05-11,Alberic,0,9.0,4.0
264-1848,264-1848-2755,XXVI VOLTA A PEU ALBERIC (LA CARRERA DE LA MONA),8k,2024-05-11,Alberic,8000,316.0,100.0
223-1878,223-1878-2815,XLII MITJA MARATÓ D'ALCÀSSER,Compro obsequio (NO CORRO),2024-05-11,Alcàsser,0,,
223-1878,223-1878-2745,XLII MITJA MARATÓ D'ALCÀSSER,21k,2024-05-11,Alcàsser,21097,675.0,133.0
612-1925,612-1925-2880,III CARRERA DE LES DONES ALDAIA - ALAQUÀS,5K,2024-05-10,Aldaia,5000,,
392-1885,392-1885-2913,VII 5K EMPERADOR MEMORIAL EVA GIMENO,5K MENORES,2024-05-05,Emperador,5000,15.0,18.0
392-1885,392-1885-2790,VII 5K EMPERADOR MEMORIAL EVA GIMENO,5k,2024-05-05,Emperador,5000,338.0,157.0
219-1905,219-1905-2872,XI CARRERA DE LA DONA DE SUECA,5k,2024-05-05,Sueca,5000,4.0,468.0
560-1911,560-1911-2862,VII 10K MANISES,10k,2024-05-05,Manises,10000,400.0,111.0
163-1847,163-1847-2879,IX 10K BENIMODO,Compro camiseta (NO CORRO),2024-05-04,Benimodo,0,,
163-1847,163-1847-2754,IX 10K BENIMODO,10k,2024-05-04,Benimodo,10000,275.0,71.0
633-1937,633-1937-2892,II 5K CARCAIXENT MEMORIAL PEPE OLASO,Fila 0 (Donativo-No corro),2024-05-03,Carcaixent,0,,
633-1937,633-1937-2826,II 5K CARCAIXENT MEMORIAL PEPE OLASO,5k competitiva,2024-05-03,Carcaixent,5000,173.0,59.0
633-1937,633-1937-2889,II 5K CARCAIXENT MEMORIAL PEPE OLASO,3KM Caminata A tu ritmo,2024-05-03,Carcaixent,3000,,
208-1901,208-1901-2912,XI VOLTA A PEU A TAVERNES BLANQUES AVAPACE,Carrera Popular,2024-05-01,Tavernes Blanques,0,296.0,154.0
441-1821,441-1821-2905,XVIII SUBIDA VERTICAL GRAN HOTEL BALI,ELITE - F,2024-04-27,Benidorm,52,1.0,1.0
441-1821,441-1821-2650,XVIII SUBIDA VERTICAL GRAN HOTEL BALI,OPEN,2024-04-27,Benidorm,52,213.0,75.0
441-1821,441-1821-2651,XVIII SUBIDA VERTICAL GRAN HOTEL BALI,BOMBEROS/AS,2024-04-27,Benidorm,52,119.0,3.0
441-1821,441-1821-2652,XVIII SUBIDA VERTICAL GRAN HOTEL BALI,ELITE - M,2024-04-27,Benidorm,52,1.0,0.0
441-1821,441-1821-2653,XVIII SUBIDA VERTICAL GRAN HOTEL BALI,DOBLE MODALIDAD OPEN/BOMBEROS,2024-04-27,Benidorm,52,,
369-1842,369-1842-2749,XI VOLTA A PEU A L ÉNOVA,8k,2024-04-27,Énova,8000,256.0,76.0
569-1871,569-1871-2847,"IV 10K ""Via Materal"" Ciutat de Sueca",Chupetines (2022-2024),2024-04-27,Sueca,100,,
569-1871,569-1871-2848,"IV 10K ""Via Materal"" Ciutat de Sueca",Chupetines (2019-2021),2024-04-27,Sueca,100,,
569-1871,569-1871-2849,"IV 10K ""Via Materal"" Ciutat de Sueca",Prebenjamin (2017-2018),2024-04-27,Sueca,400,,
569-1871,569-1871-2850,"IV 10K ""Via Materal"" Ciutat de Sueca",Benjamin (2016-2015),2024-04-27,Sueca,700,,
569-1871,569-1871-2851,"IV 10K ""Via Materal"" Ciutat de Sueca",Alevin (2013-2014),2024-04-27,Sueca,800,,
569-1871,569-1871-2852,"IV 10K ""Via Materal"" Ciutat de Sueca",Infantil (2011-2012),2024-04-27,Sueca,1100,,
569-1871,569-1871-2853,"IV 10K ""Via Materal"" Ciutat de Sueca",Cadete (2009-2010),2024-04-27,Sueca,1600,,
569-1871,569-1871-2738,"IV 10K ""Via Materal"" Ciutat de Sueca",10k,2024-04-27,Sueca,10000,480.0,140.0
647-1943,647-1943-2864,Carrera Popular Lucha contra la Droga Memorial Benito Pozo,"Marcha (1,4km)",2024-04-20,Torrent,1400,,
647-1943,647-1943-2863,Carrera Popular Lucha contra la Droga Memorial Benito Pozo,6km,2024-04-20,Torrent,6000,69.0,39.0
287-1882,287-1882-2785,X ALÈDUA TRAIL MEMORIAL MJ,13k,2024-04-14,Llombai,13000,158.0,71.0
287-1882,287-1882-2786,X ALÈDUA TRAIL MEMORIAL MJ,23k,2024-04-14,Llombai,23000,118.0,15.0
307-1845,307-1845-2816,XXVI VOLTA A PEU ALGINET,Compro camiseta (NO CORRO),2024-04-13,Alginet,0,,
307-1845,307-1845-2817,XXVI VOLTA A PEU ALGINET,Prebenjamin,2024-04-13,Alginet,200,,
307-1845,307-1845-2818,XXVI VOLTA A PEU ALGINET,Benjami,2024-04-13,Alginet,500,21.0,19.0
307-1845,307-1845-2819,XXVI VOLTA A PEU ALGINET,Alevi,2024-04-13,Alginet,1000,15.0,20.0
307-1845,307-1845-2820,XXVI VOLTA A PEU ALGINET,Infantil,2024-04-13,Alginet,1500,9.0,9.0
307-1845,307-1845-2821,XXVI VOLTA A PEU ALGINET,Cadet,2024-04-13,Alginet,2250,12.0,8.0
307-1845,307-1845-2752,XXVI VOLTA A PEU ALGINET,8k,2024-04-13,Alginet,8000,371.0,101.0
534-1884,534-1884-2843,V 5K ARCO FOIOS,Compra camiseta ( NO CORRO),2024-04-13,Foios,0,,
534-1884,534-1884-2888,V 5K ARCO FOIOS,5K Menores,2024-04-13,Foios,5000,16.0,17.0
534-1884,534-1884-2789,V 5K ARCO FOIOS,5k,2024-04-13,Foios,5000,361.0,146.0
445-1919,445-1919-2828,XI 7K SANT VICENT DE LLIRIA,9k,2024-04-13,Llíria,9000,230.0,72.0
296-1844,296-1844-2859,XXII VOLTA A PEU GAVARDA,Compro coca de calabaza (NO CORRO),2024-04-06,Gavarda,0,,
296-1844,296-1844-2854,XXII VOLTA A PEU GAVARDA,Iniciació/Nanos (2017 y posteriors),2024-04-06,Gavarda,100,,
296-1844,296-1844-2855,XXII VOLTA A PEU GAVARDA,Benjami (2015-2016),2024-04-06,Gavarda,400,17.0,17.0
296-1844,296-1844-2856,XXII VOLTA A PEU GAVARDA,Alevi (2013-2014),2024-04-06,Gavarda,1000,16.0,11.0
296-1844,296-1844-2857,XXII VOLTA A PEU GAVARDA,Infantil (2011-2012),2024-04-06,Gavarda,1400,4.0,10.0
296-1844,296-1844-2858,XXII VOLTA A PEU GAVARDA,Cadet (2007-2010),2024-04-06,Gavarda,2000,8.0,7.0
296-1844,296-1844-2751,XXII VOLTA A PEU GAVARDA,6k,2024-04-06,Gavarda,6000,256.0,84.0
433-1883,433-1883-2787,XXIV GRAN FONS DE PUÇOL,15k,2024-04-06,Puçol,15000,569.0,152.0
433-1883,433-1883-2788,XXIV GRAN FONS DE PUÇOL,"4,7k",2024-04-06,Puçol,4700,48.0,38.0
377-1910,377-1910-2838,XLII VOLTA A PEU XIRIVELLA,"7,2km",2024-03-24,Xirivella,7275,647.0,230.0
536-1870,536-1870-2804,V 10k CIUTAT DE PICASSENT,Compra camiseta (NO CORRO),2024-03-23,Picassent,0,,
536-1870,536-1870-2805,V 10k CIUTAT DE PICASSENT,Chupetines,2024-03-23,Picassent,100,,
536-1870,536-1870-2806,V 10k CIUTAT DE PICASSENT,Prebenjamin,2024-03-23,Picassent,400,,
536-1870,536-1870-2807,V 10k CIUTAT DE PICASSENT,Benjamin,2024-03-23,Picassent,600,,
536-1870,536-1870-2808,V 10k CIUTAT DE PICASSENT,Alevin,2024-03-23,Picassent,1000,,
536-1870,536-1870-2809,V 10k CIUTAT DE PICASSENT,Infantil,2024-03-23,Picassent,1500,,
536-1870,536-1870-2810,V 10k CIUTAT DE PICASSENT,Cadete,2024-03-23,Picassent,1800,,
536-1870,536-1870-2737,V 10k CIUTAT DE PICASSENT,10k,2024-03-23,Picassent,10000,709.0,199.0
134-1843,134-1843-2750,IX 10k D' ALCÁNTERA DEL XÚQUER,10k,2024-03-10,Alcàntera de Xúquer,10000,297.0,90.0
576-1906,576-1906-2811,VI CARRERA DE LA DONA - MONTSERRAT,3k,2024-03-08,Montserrat,3000,,
646-1939,646-1939-2827,CIRCUIT CAIXA POPULAR RIBERA DE XÚQUER - SELECCIÓN TALLA INSCRITOS MODALIDAD GLOBAL,ELECCIÓN TALLA - SOLO INSCRITOS CIRCUITO COMPLETO,2024-03-06,Mareny deBarraquetes,0,,
316-1837,316-1837-2711,V VOLTA A PEU BENÉFICA FALLA EL RABAL,Fila 0 (No corro),2024-02-24,Catarroja,0,,
316-1837,316-1837-2706,V VOLTA A PEU BENÉFICA FALLA EL RABAL,6k,2024-02-24,Catarroja,6000,237.0,104.0
366-1826,366-1826-2723,XV CARRERA POPULAR PARQUE NATURAL DEL TÚRIA,Nanos,2024-02-18,Pedralba,50,,
366-1826,366-1826-2724,XV CARRERA POPULAR PARQUE NATURAL DEL TÚRIA,Prebenjamin,2024-02-18,Pedralba,80,,
366-1826,366-1826-2725,XV CARRERA POPULAR PARQUE NATURAL DEL TÚRIA,Benjamin,2024-02-18,Pedralba,300,,
366-1826,366-1826-2726,XV CARRERA POPULAR PARQUE NATURAL DEL TÚRIA,Alevin,2024-02-18,Pedralba,800,,
366-1826,366-1826-2727,XV CARRERA POPULAR PARQUE NATURAL DEL TÚRIA,Infantil,2024-02-18,Pedralba,1600,,
366-1826,366-1826-2728,XV CARRERA POPULAR PARQUE NATURAL DEL TÚRIA,Cadete,2024-02-18,Pedralba,2800,,
366-1826,366-1826-2722,XV CARRERA POPULAR PARQUE NATURAL DEL TÚRIA,10k,2024-02-18,Pedralba,10000,266.0,77.0
514-1869,514-1869-2736,"XIII 10k ALBAL ""POR ESA SONRISA""",Carrera Absoluta,2024-02-18,Albal,10000,640.0,217.0
514-1869,514-1869-2770,"XIII 10k ALBAL ""POR ESA SONRISA""",Andarines,2024-02-18,Albal,5000,,
514-1869,514-1869-2777,"XIII 10k ALBAL ""POR ESA SONRISA""",Cadete (2009-2010),2024-02-18,Albal,1200,,
514-1869,514-1869-2776,"XIII 10k ALBAL ""POR ESA SONRISA""",Infantil (2011-2012),2024-02-18,Albal,1000,,
514-1869,514-1869-2775,"XIII 10k ALBAL ""POR ESA SONRISA""",Alevin (2013-2014),2024-02-18,Albal,800,,
514-1869,514-1869-2774,"XIII 10k ALBAL ""POR ESA SONRISA""",Benjamin (2015-2016),2024-02-18,Albal,800,,
514-1869,514-1869-2773,"XIII 10k ALBAL ""POR ESA SONRISA""",Pre-Benjamin (2017-2018),2024-02-18,Albal,400,,
514-1869,514-1869-2772,"XIII 10k ALBAL ""POR ESA SONRISA""",Querubin (2019-2020),2024-02-18,Albal,100,,
514-1869,514-1869-2771,"XIII 10k ALBAL ""POR ESA SONRISA""",Chupetin (2021-2024),2024-02-18,Albal,100,,
514-1869,514-1869-2778,"XIII 10k ALBAL ""POR ESA SONRISA""",Juvenil (2008-2007),2024-02-18,Albal,1200,,
295-1841,295-1841-2766,XVIII GRAN FONS DE TURÍS MEMORIAL RAIMON SORIA,Benjami (2015-2016),2024-02-11,Turís,600,19.0,18.0
295-1841,295-1841-2767,XVIII GRAN FONS DE TURÍS MEMORIAL RAIMON SORIA,Alevi (2013-2014),2024-02-11,Turís,1000,15.0,14.0
295-1841,295-1841-2768,XVIII GRAN FONS DE TURÍS MEMORIAL RAIMON SORIA,Infantil (2011-2012),2024-02-11,Turís,1600,7.0,16.0
295-1841,295-1841-2769,XVIII GRAN FONS DE TURÍS MEMORIAL RAIMON SORIA,Cadet (2007-2010),2024-02-11,Turís,2000,34.0,43.0
295-1841,295-1841-2748,XVIII GRAN FONS DE TURÍS MEMORIAL RAIMON SORIA,Gran Fons,2024-02-11,Turís,16000,272.0,56.0
295-1841,295-1841-2765,XVIII GRAN FONS DE TURÍS MEMORIAL RAIMON SORIA,Cursa iniciació,2024-02-11,Turís,8600,70.0,33.0
575-1868,575-1868-2733,GALA FINAL CIRCUIT CAIXA POPULAR HORTA SUD,5 carreras completadas,2024-02-02,Alaquás,0,,
575-1868,575-1868-2734,GALA FINAL CIRCUIT CAIXA POPULAR HORTA SUD,6 carreras completadas,2024-02-02,Alaquás,0,,
575-1868,575-1868-2735,GALA FINAL CIRCUIT CAIXA POPULAR HORTA SUD,7 carreras completadas,2024-02-02,Alaquás,0,,
136-1833,136-1833-2803,XVIII TRAIL 3 PICS LES RODANES,Sprint Subida,2024-01-28,Vilamarxant,0,,
136-1833,136-1833-2689,XVIII TRAIL 3 PICS LES RODANES,Iniciació Trail 8km,2024-01-28,Vilamarxant,8000,107.0,97.0
136-1833,136-1833-2687,XVIII TRAIL 3 PICS LES RODANES,Prueba Reina 28km,2024-01-28,Vilamarxant,28000,187.0,18.0
136-1833,136-1833-2688,XVIII TRAIL 3 PICS LES RODANES,RAPITTRAIL 14KM,2024-01-28,Vilamarxant,14000,337.0,154.0
449-1830,449-1830-2779,VIII TRAILKIDS 3 PICS LES RODANES VILAMARXANT,Querubi (2018-2019),2024-01-27,Vilamarxant,300,,
449-1830,449-1830-2780,VIII TRAILKIDS 3 PICS LES RODANES VILAMARXANT,Pre-Benjamin (2016-2017),2024-01-27,Vilamarxant,300,,
449-1830,449-1830-2781,VIII TRAILKIDS 3 PICS LES RODANES VILAMARXANT,Benjamin (2014-2015),2024-01-27,Vilamarxant,600,,
449-1830,449-1830-2782,VIII TRAILKIDS 3 PICS LES RODANES VILAMARXANT,Alevin (2012-2013),2024-01-27,Vilamarxant,1000,,
449-1830,449-1830-2783,VIII TRAILKIDS 3 PICS LES RODANES VILAMARXANT,Infantil (2010-2011),2024-01-27,Vilamarxant,1500,,
449-1830,449-1830-2784,VIII TRAILKIDS 3 PICS LES RODANES VILAMARXANT,Cadet (2008 – 2009),2024-01-27,Vilamarxant,2000,,
642-1866,642-1866-2792,II CARRERA SANT ROQUENSE MUSEROS,Dorsal 0,2024-01-20,Museros,0,,
642-1866,642-1866-2732,II CARRERA SANT ROQUENSE MUSEROS,5k,2024-01-20,Museros,5000,,
113-1860,113-1860-2729,XXXVII SAN SILVESTRE D'ALBALAT DE LA RIBERA,0 a 7 anys,2023-12-31,Albalat de la Ribera,0,,
113-1860,113-1860-2730,XXXVII SAN SILVESTRE D'ALBALAT DE LA RIBERA,de 8 a 11 anys,2023-12-31,Albalat de la Ribera,0,,
113-1860,113-1860-2731,XXXVII SAN SILVESTRE D'ALBALAT DE LA RIBERA,A partir de 12 anys,2023-12-31,Albalat de la Ribera,6000,,
641-1863,641-1863-2714,XVII SAN SILVESTRE ALCOYANA,Menudets (2018-2023),2023-12-31,Alcoi,200,,
641-1863,641-1863-2715,XVII SAN SILVESTRE ALCOYANA,Prebenjamins (2016-2017),2023-12-31,Alcoi,300,,
641-1863,641-1863-2716,XVII SAN SILVESTRE ALCOYANA,Benjamins (2014-2015),2023-12-31,Alcoi,400,,
641-1863,641-1863-2717,XVII SAN SILVESTRE ALCOYANA,Alevins (2012-2013),2023-12-31,Alcoi,800,,
641-1863,641-1863-2718,XVII SAN SILVESTRE ALCOYANA,Infantils (2010-2011),2023-12-31,Alcoi,1300,,
641-1863,641-1863-2713,XVII SAN SILVESTRE ALCOYANA,6km,2023-12-31,Alcoi,6000,328.0,129.0
640-1859,640-1859-2709,VII SANT SILVESTRE CIUTAT DE CARLET,5km,2023-12-29,Carlet,5000,158.0,46.0
640-1859,640-1859-2710,VII SANT SILVESTRE CIUTAT DE CARLET,"Caminata (2,5km)",2023-12-29,Carlet,2500,,
627-1865,627-1865-2719,II SANT SILVESTRE CATARROJA,SAN SILVESTRE,2023-12-29,Catarroja,0,,
422-1829,422-1829-2699,VII SANT SILVESTRE DE MONTSERRAT,"3,9k",2023-12-28,Montserrat,3900,,
548-1861,548-1861-2720,XIV SANT SILVESTRE SOLIDARIA TORRENT,3KM,2023-12-28,Torrent,3080,,
548-1861,548-1861-2721,XIV SANT SILVESTRE SOLIDARIA TORRENT,3KM SOLO PERSONAS CON DIVERSIDAD FUNCIONAL,2023-12-28,Torrent,3080,,
416-1832,416-1832-2686,VIII SANT SILVESTRE D'ALMUSSAFES,5k (a partir de 13 anys),2023-12-23,Almussafes,5000,,
570-1862,570-1862-2712,I SANT SILVESTRE CARCAIXENT BRESSOL DE LA TARONJA,"3,5km",2023-12-23,Carcaixent,3500,,
623-1798,623-1798-2528,VIII SANSIL TRAIL CALLES,12K,2023-12-17,Calles,12000,185.0,71.0
625-1753,625-1753-2707,III SANT SILVESTRE CIUTAT DE XIRIVELLA,4280m,2023-12-17,Xirivella,4280,,
625-1753,625-1753-2708,III SANT SILVESTRE CIUTAT DE XIRIVELLA,Menores de 12 años (Obligatorio ir con acompañante),2023-12-17,Xirivella,4280,,
468-1754,468-1754-2681,X 10K Arco Foios per la Fibrosi Quistica,Infantil,2023-12-17,Foios,1000,,
468-1754,468-1754-2677,X 10K Arco Foios per la Fibrosi Quistica,Querubines,2023-12-17,Foios,50,,
468-1754,468-1754-2678,X 10K Arco Foios per la Fibrosi Quistica,Prebenjamin,2023-12-17,Foios,100,,
468-1754,468-1754-2679,X 10K Arco Foios per la Fibrosi Quistica,Benjamin,2023-12-17,Foios,250,,
468-1754,468-1754-2680,X 10K Arco Foios per la Fibrosi Quistica,Alevin,2023-12-17,Foios,500,,
468-1754,468-1754-2674,X 10K Arco Foios per la Fibrosi Quistica,10km,2023-12-17,Foios,10000,522.0,232.0
468-1754,468-1754-2675,X 10K Arco Foios per la Fibrosi Quistica,Fila 0 (No corro),2023-12-17,Foios,0,,
468-1754,468-1754-2676,X 10K Arco Foios per la Fibrosi Quistica,Compro Camiseta (No corro),2023-12-17,Foios,0,,
591-1828,591-1828-2682,IV CARRERA SOLIDARIA L'EMPALME-AVAPACE,5k,2023-12-16,Burjassot,5000,,
591-1828,591-1828-2683,IV CARRERA SOLIDARIA L'EMPALME-AVAPACE,Marcha 5k,2023-12-16,Burjassot,5000,,
591-1828,591-1828-2684,IV CARRERA SOLIDARIA L'EMPALME-AVAPACE,Fila 0 (SOLO DONACIONES),2023-12-16,Burjassot,0,,
361-1771,361-1771-2700,XXI CURSA DE NADAL BÉTERA,Sub 6 Xupetins,2023-12-16,Bétera,100,,
361-1771,361-1771-2701,XXI CURSA DE NADAL BÉTERA,Sub 8 Prebenjamin,2023-12-16,Bétera,200,,
361-1771,361-1771-2702,XXI CURSA DE NADAL BÉTERA,Sub 10 Benjamin,2023-12-16,Bétera,400,,
361-1771,361-1771-2703,XXI CURSA DE NADAL BÉTERA,Sub 12 Alevin,2023-12-16,Bétera,800,,
361-1771,361-1771-2704,XXI CURSA DE NADAL BÉTERA,Sub 14 Infantil,2023-12-16,Bétera,1200,,
361-1771,361-1771-2705,XXI CURSA DE NADAL BÉTERA,Sub 16 Cadete,2023-12-16,Bétera,1600,,
361-1771,361-1771-2404,XXI CURSA DE NADAL BÉTERA,5km,2023-12-16,Bétera,5000,129.0,55.0
421-1827,421-1827-2668,VIII SAN SILVESTRE SOLIDARIA POBLA DE FARNALS,Chupetines (2018-2023),2023-12-09,La Pobla de Farnals,0,,
421-1827,421-1827-2669,VIII SAN SILVESTRE SOLIDARIA POBLA DE FARNALS,Prebenjamin (2016-2017),2023-12-09,La Pobla de Farnals,0,,
421-1827,421-1827-2670,VIII SAN SILVESTRE SOLIDARIA POBLA DE FARNALS,Benjamin (2014-2015),2023-12-09,La Pobla de Farnals,0,,
421-1827,421-1827-2671,VIII SAN SILVESTRE SOLIDARIA POBLA DE FARNALS,Alevin (2012-2013),2023-12-09,La Pobla de Farnals,0,,
421-1827,421-1827-2672,VIII SAN SILVESTRE SOLIDARIA POBLA DE FARNALS,Infantil (2010-2011),2023-12-09,La Pobla de Farnals,0,,
421-1827,421-1827-2667,VIII SAN SILVESTRE SOLIDARIA POBLA DE FARNALS,5k,2023-12-09,La Pobla de Farnals,5000,220.0,103.0
557-1834,557-1834-2694,III CARRERA ESCOLAR CAIXA RURAL TORRENT,Infantil (2011-2010),2023-12-03,Torrent,1000,,
557-1834,557-1834-2692,III CARRERA ESCOLAR CAIXA RURAL TORRENT,Benjamí (2015-2014),2023-12-03,Torrent,700,,
557-1834,557-1834-2693,III CARRERA ESCOLAR CAIXA RURAL TORRENT,Aleví  (2013-2012),2023-12-03,Torrent,800,,
557-1834,557-1834-2691,III CARRERA ESCOLAR CAIXA RURAL TORRENT,Prebenjamí (2017-2016),2023-12-03,Torrent,450,,
557-1834,557-1834-2690,III CARRERA ESCOLAR CAIXA RURAL TORRENT,Querubí (2018-2019),2023-12-03,Torrent,200,,
351-1733,351-1733-2370,VIII 10k y 5K DINOSAURIS MONCADA,10k,2023-11-26,Moncada,10000,279.0,106.0
351-1733,351-1733-2371,VIII 10k y 5K DINOSAURIS MONCADA,5k,2023-11-26,Moncada,5000,124.0,122.0
565-1755,565-1755-2638,V GRAN FONS I CARRERA TRENCANT BARRERES PER LA SALUT MENTAL DE SUECA,15km,2023-11-26,Sueca,15000,89.0,22.0
565-1755,565-1755-2639,V GRAN FONS I CARRERA TRENCANT BARRERES PER LA SALUT MENTAL DE SUECA,"8,5km",2023-11-26,Sueca,8500,95.0,65.0
467-1770,467-1770-2403,VIII 10K DULCES DE CASINOS,10km,2023-11-25,Casinos,10000,162.0,55.0
467-1770,467-1770-2658,VIII 10K DULCES DE CASINOS,MINI BENJAMIN (0 A 5 AÑOS),2023-11-25,Casinos,0,,
467-1770,467-1770-2659,VIII 10K DULCES DE CASINOS,PRE BENJAMIN (6 A 7 AÑOS),2023-11-25,Casinos,0,,
467-1770,467-1770-2660,VIII 10K DULCES DE CASINOS,BENJAMIN (8 A 9 AÑOS),2023-11-25,Casinos,0,,
467-1770,467-1770-2661,VIII 10K DULCES DE CASINOS,ALEVIN (10 A 12 AÑOS),2023-11-25,Casinos,0,,
467-1770,467-1770-2662,VIII 10K DULCES DE CASINOS,INFANTIL (13 A 15 AÑOS),2023-11-25,Casinos,0,,
467-1770,467-1770-2663,VIII 10K DULCES DE CASINOS,CADETE (16 A 17 AÑOS),2023-11-25,Casinos,0,,
618-1817,618-1817-2636,V TRAIL DE LLÍRIA - SANDRA VIDRIER,"Trail reina (21,7km)",2023-11-19,Llíria,21700,70.0,12.0
618-1817,618-1817-2637,V TRAIL DE LLÍRIA - SANDRA VIDRIER,"Curt trail (11,3km)",2023-11-19,Llíria,11300,152.0,39.0
540-1818,540-1818-2642,III TRAIL SANTA BÁRBARA  PINA DE MONTALGRAO-VILLANUEVA DE VIVER,Modalidad 2 (14k),2023-11-19,Pina de Montalgrao,14000,90.0,21.0
540-1818,540-1818-2641,III TRAIL SANTA BÁRBARA  PINA DE MONTALGRAO-VILLANUEVA DE VIVER,Modalidad 1 (6k),2023-11-19,Pina de Montalgrao,6000,81.0,112.0
624-1820,624-1820-2657,V CARRERA SOLIDARIA POR EL CANCER DE PULMÓN,Fila 0 (No corro),2023-11-19,Valencia,0,,
624-1820,624-1820-2649,V CARRERA SOLIDARIA POR EL CANCER DE PULMÓN,10k,2023-11-19,Valencia,10000,194.0,112.0
624-1820,624-1820-2648,V CARRERA SOLIDARIA POR EL CANCER DE PULMÓN,Caminata 5k no competitiva,2023-11-19,Valencia,5000,,
635-1786,635-1786-2444,II MEDIA MARATÓN VILA DE PATERNA,Media Maratón,2023-11-19,Paterna,21097,,
551-1822,551-1822-2654,XI GALA FINAL DEL CIRCUIT CAIXA POPULAR RIBERA DE XÚQUER,Elección Tallaje Chandal (finalistas con 11 carreras),2023-11-17,Alberic,0,,
550-1750,550-1750-2645,XLII 10k y 5K MISLATA,10km,2023-11-12,Mislata,10000,251.0,59.0
550-1750,550-1750-2646,XLII 10k y 5K MISLATA,5km,2023-11-12,Mislata,5000,73.0,56.0
357-1824,357-1824-2664,VII GALA FINAL CIRCUIT DE L'ALBUFERA,8 CARRERAS FINALIZADAS,2023-11-10,Alzira,0,,
357-1824,357-1824-2665,VII GALA FINAL CIRCUIT DE L'ALBUFERA,9 CARRERAS FINALIZADAS,2023-11-10,Alzira,0,,
357-1824,357-1824-2666,VII GALA FINAL CIRCUIT DE L'ALBUFERA,10 CARRERAS FINALIZADAS,2023-11-10,Alzira,0,,
524-1724,524-1724-2362,"IV 10k i I 4,6K MASSAMAGRELL",10k,2023-11-05,Massamagrell,10000,320.0,104.0
524-1724,524-1724-2655,"IV 10k i I 4,6K MASSAMAGRELL","4,6k",2023-11-05,Massamagrell,4600,62.0,63.0
524-1724,524-1724-2656,"IV 10k i I 4,6K MASSAMAGRELL",Compra Obsequio (No Corro),2023-11-05,Massamagrell,0,,
631-1752,631-1752-2379,I GRAN FONS XIRIVELLA,Gran Fons,2023-11-05,Xirivella,15000,187.0,32.0
632-1773,632-1773-2449,"XII + I CARRERA REGIMIENTO ""LUSITANIA""",Trail,2023-11-05,Marines,17000,199.0,32.0
632-1773,632-1773-2450,"XII + I CARRERA REGIMIENTO ""LUSITANIA""",Sprint Trail,2023-11-05,Marines,9000,113.0,68.0
632-1773,632-1773-2451,"XII + I CARRERA REGIMIENTO ""LUSITANIA""",Marcha,2023-11-05,Marines,9000,,
555-1769,555-1769-2402,IV 10K SOLIDARIA DE MARINES,10km,2023-11-04,Marines,10000,73.0,28.0
409-1784,409-1784-2432,IX 10k y la VII Caminata de la Miel,Caminata,2023-11-04,Montroy,5000,,
409-1784,409-1784-2431,IX 10k y la VII Caminata de la Miel,10k,2023-11-04,Montroy,10000,54.0,8.0
557-1677,557-1677-2264,II CARRERA ESCOLAR CAIXA RURAL TORRENT,Infantil (2010-2009),2022-12-04,Torrent,1000,,
557-1677,557-1677-2263,II CARRERA ESCOLAR CAIXA RURAL TORRENT,Aleví (2012-2011),2022-12-04,Torrent,800,,
557-1677,557-1677-2262,II CARRERA ESCOLAR CAIXA RURAL TORRENT,Benjamí (2014-2013),2022-12-04,Torrent,700,,
557-1677,557-1677-2261,II CARRERA ESCOLAR CAIXA RURAL TORRENT,Prebenjamí (2016-2015),2022-12-04,Torrent,450,,
557-1677,557-1677-2260,II CARRERA ESCOLAR CAIXA RURAL TORRENT,Querubí (2018-2017),2022-12-04,Torrent,200,,
351-1571,351-1571-2204,VII 10k y 5K DINOSAURIS MONCADA,10k,2022-11-27,Moncada,10000,372.0,1.0
351-1571,351-1571-2205,VII 10k y 5K DINOSAURIS MONCADA,5k,2022-11-27,Moncada,5000,211.0,0.0
565-1604,565-1604-2222,IV GRAN FONS I CARRERA TRENCANT BARRERES PER LA SALUT MENTAL DE SUECA,15KM,2022-11-27,Sueca,15000,112.0,27.0
565-1604,565-1604-2223,IV GRAN FONS I CARRERA TRENCANT BARRERES PER LA SALUT MENTAL DE SUECA,"8,5KM",2022-11-27,Sueca,8500,105.0,90.0
622-1669,622-1669-2234,XIII TRAIL CASTELLNOVO,Sprintrail 10km,2022-11-27,Castellnovo,10000,224.0,0.0
622-1669,622-1669-2235,XIII TRAIL CASTELLNOVO,Trail 21km,2022-11-27,Castellnovo,21000,113.0,0.0
467-1616,467-1616-2027,VII 10K DULCES DE CASINOS,10k,2022-11-26,Casinos,10000,180.0,0.0
467-1616,467-1616-2236,VII 10K DULCES DE CASINOS,Mini Benjamín (0 a 5 años),2022-11-26,Casinos,60,,
467-1616,467-1616-2237,VII 10K DULCES DE CASINOS,Prebenjamín (6 a 7 años),2022-11-26,Casinos,100,,
467-1616,467-1616-2238,VII 10K DULCES DE CASINOS,Benjamín (8 a 9 años),2022-11-26,Casinos,450,,
467-1616,467-1616-2239,VII 10K DULCES DE CASINOS,Alevín (10 a 12 años),2022-11-26,Casinos,450,,
467-1616,467-1616-2240,VII 10K DULCES DE CASINOS,Infantil (13 a 15 años),2022-11-26,Casinos,900,,
467-1616,467-1616-2241,VII 10K DULCES DE CASINOS,Cadet (16 a 17 años),2022-11-26,Casinos,900,,
618-1653,618-1653-2188,IV TRAIL DE LLÍRIA - SANDRA VIDRIER,"Curt Trail (11,6km)",2022-11-20,Llíria,11600,215.0,0.0
618-1653,618-1653-2189,IV TRAIL DE LLÍRIA - SANDRA VIDRIER,Trail Reina (21km),2022-11-20,Llíria,21000,,
550-1586,550-1586-1990,XXXX 10k y 5K MISLATA,10k,2022-11-13,Mislata,10000,255.0,1.0
550-1586,550-1586-2227,XXXX 10k y 5K MISLATA,2X5KM (Relevos),2022-11-13,Mislata,10000,21.0,0.0
621-1657,621-1657-2219,NAVAJAS TRAIL,15km,2022-11-13,Navajas,15000,163.0,0.0
621-1657,621-1657-2220,NAVAJAS TRAIL,25km,2022-11-13,Navajas,25000,33.0,0.0
357-1676,357-1676-2259,VII GALA FINAL CIRCUIT DE L'ALBUFERA,Cena de gala,2022-11-11,Alzira,0,,
524-1599,524-1599-2004,"III 10k i I 4,6K MASSAMAGRELL",Carrera Absoluta,2022-11-06,Massamagrell,10000,438.0,1.0
409-1659,409-1659-2226,VIII 10k y la VII Caminata de la Miel,CAMINATA,2022-11-06,Montroy,5000,,
409-1659,409-1659-2225,VIII 10k y la VII Caminata de la Miel,10k,2022-11-06,Montroy,10000,82.0,0.0
572-1642,572-1642-2130,MONTANEJOS TRAIL,55k (05-11-2022),2022-11-05,Montanejos,55000,163.0,0.0
572-1642,572-1642-2128,MONTANEJOS TRAIL,15k (05-11-2022),2022-11-05,Montanejos,15000,357.0,0.0
572-1642,572-1642-2129,MONTANEJOS TRAIL,30k (06-11-2022),2022-11-05,Montanejos,30000,265.0,1.0
356-1671,356-1671-2243,X GALA CIRCUIT RIBERA DE XÚQUER,GALA CRX2022,2022-11-04,Carcaixent,0,,
539-1618,539-1618-2202,"VII VOLTA A PEU Y CAMINATA SOLIDARIA, TOTS AMB JOSEP",Carrera 7k,2022-10-30,Albal,0,128.0,0.0
539-1618,539-1618-2203,"VII VOLTA A PEU Y CAMINATA SOLIDARIA, TOTS AMB JOSEP",Marcha 4k,2022-10-30,Albal,4000,,
598-1645,598-1645-2224,II 10K OLIVA NOVA,Carrreras Infantiles,2022-10-30,Oliva,0,,
598-1645,598-1645-2147,II 10K OLIVA NOVA,10k,2022-10-30,Oliva,10000,466.0,0.0
620-1656,620-1656-2210,I CARRERA Y MARCHA 25 ANIVERSARIO UMH,Carrera,2022-10-16,Elche,4790,219.0,0.0
620-1656,620-1656-2211,I CARRERA Y MARCHA 25 ANIVERSARIO UMH,Marcha,2022-10-16,Elche,2395,,
434-1598,434-1598-2003,IX 5K Y 10K ALBALAT DELS SORELLS,10KM,2022-10-15,Albalat dels Sorells,10000,283.0,0.0
434-1598,434-1598-2221,IX 5K Y 10K ALBALAT DELS SORELLS,5KM,2022-10-15,Albalat dels Sorells,5000,146.0,0.0
275-1615,275-1615-2026,XXXII VOLTA A PEU VILAMARXANT,10k,2022-10-09,Vilamarxant,10000,174.0,0.0
275-1615,275-1615-2212,XXXII VOLTA A PEU VILAMARXANT,Juvenil (2005-2006),2022-10-09,Vilamarxant,5000,,
275-1615,275-1615-2213,XXXII VOLTA A PEU VILAMARXANT,Cadet (2007-2008),2022-10-09,Vilamarxant,2350,,
275-1615,275-1615-2214,XXXII VOLTA A PEU VILAMARXANT,Infantil (2009-2010),2022-10-09,Vilamarxant,1200,,
275-1615,275-1615-2215,XXXII VOLTA A PEU VILAMARXANT,Aleví (2011-2012),2022-10-09,Vilamarxant,600,,
275-1615,275-1615-2216,XXXII VOLTA A PEU VILAMARXANT,Benjamí (2013-2014),2022-10-09,Vilamarxant,430,,
275-1615,275-1615-2217,XXXII VOLTA A PEU VILAMARXANT,Prebenjamí (2015-2016),2022-10-09,Vilamarxant,250,,
275-1615,275-1615-2218,XXXII VOLTA A PEU VILAMARXANT,Menudets (2017 y posteriors),2022-10-09,Vilamarxant,100,,
306-1561,306-1561-2192,XXX VOLTA A PEU NOCTURNA A MANUEL,BENJAMÍ (2013-2014),2022-10-08,Manuel,550,17.0,9.0
306-1561,306-1561-2194,XXX VOLTA A PEU NOCTURNA A MANUEL,INFANTIL (2009-2010),2022-10-08,Manuel,1650,13.0,0.0
306-1561,306-1561-2195,XXX VOLTA A PEU NOCTURNA A MANUEL,Cadet (2005-2008),2022-10-08,Manuel,2000,9.0,0.0
306-1561,306-1561-2191,XXX VOLTA A PEU NOCTURNA A MANUEL,PREBENJAMÍ (2015-2016),2022-10-08,Manuel,200,,
306-1561,306-1561-2193,XXX VOLTA A PEU NOCTURNA A MANUEL,ALEVÍ (2011-2012),2022-10-08,Manuel,1100,12.0,8.0
306-1561,306-1561-2190,XXX VOLTA A PEU NOCTURNA A MANUEL,8KM,2022-10-08,Manuel,8000,290.0,2.0
156-1581,156-1581-1987,XXXVII VOLTA A PEU PORT DE CATARROJA,10k,2022-10-08,Catarroja,10000,562.0,0.0
494-1564,494-1564-2209,XLII VOLTA A PEU CARCAIXENT,10km,2022-10-02,Carcaixent,10000,429.0,0.0
381-1596,381-1596-2001,IV 10K i III 5K RAFELBUNYOL,Carrera Absoluta,2022-10-02,Rafelbunyol,10000,267.0,0.0
568-1647,568-1647-2185,II DOS AGUAS TRAIL,Sprint-trail 11k,2022-10-02,Dos Aguas,11000,85.0,0.0
568-1647,568-1647-2186,II DOS AGUAS TRAIL,Trail 21k,2022-10-02,Dos Aguas,21000,37.0,0.0
337-1635,337-1635-2116,VI CARRERA SOLIDARIA FALLA EL DIVENDRES  MASSANASSA,6k,2022-10-01,Massanassa,6000,176.0,0.0
337-1635,337-1635-2117,VI CARRERA SOLIDARIA FALLA EL DIVENDRES  MASSANASSA,Caminata,2022-10-01,Massanassa,1800,,
16-1652,16-1652-2178,XXXIV VOLTA A PEU A LA POBLA LLARGA MEMORIAL JULIO SALOM,8KM,2022-10-01,La Pobla Llarga,8000,131.0,0.0
535-1587,535-1587-1991,V PICATRAIL,Trail 15k,2022-09-25,Picassent,15000,296.0,0.0
535-1587,535-1587-1992,V PICATRAIL,Marcha no competitiva 10k,2022-09-25,Picassent,9000,,
553-1614,553-1614-2023,XI VOLTA A PEU BENISSANÓ,"7,2k",2022-09-25,Benissanó,7200,183.0,0.0
308-1563,308-1563-2198,XXIX VOLTA A PEU CIUTAT DE CARLET,BENJAMÍ (2013-2014),2022-09-24,Carlet,750,22.0,21.0
308-1563,308-1563-2199,XXIX VOLTA A PEU CIUTAT DE CARLET,ALEVÍ (2011-2012),2022-09-24,Carlet,750,13.0,24.0
308-1563,308-1563-2200,XXIX VOLTA A PEU CIUTAT DE CARLET,INFANTIL (2009-2010),2022-09-24,Carlet,1500,20.0,8.0
308-1563,308-1563-2201,XXIX VOLTA A PEU CIUTAT DE CARLET,CADET (2005-2008),2022-09-24,Carlet,1500,13.0,5.0
308-1563,308-1563-2197,XXIX VOLTA A PEU CIUTAT DE CARLET,10KM,2022-09-24,Carlet,10000,391.0,88.0
610-1597,610-1597-2002,I 7k MUSEROS,Carrera Absoluta,2022-09-24,Museros,7000,281.0,98.0
354-1602,354-1602-2014,VI GRAN FONS TRITONS ALBALAT DE LA RIBERA,15km,2022-09-18,Albalat,15000,218.0,0.0
354-1602,354-1602-2015,VI GRAN FONS TRITONS ALBALAT DE LA RIBERA,"7,5km",2022-09-18,Albalat,7500,81.0,0.0
541-1630,541-1630-2084,IV CARRERA Y CAMINATA SOLIDARIA BENETÚSSER,"Carrera (6,8k)",2022-09-18,Benetússer,6800,105.0,0.0
541-1630,541-1630-2085,IV CARRERA Y CAMINATA SOLIDARIA BENETÚSSER,Caminata (3k),2022-09-18,Benetússer,3000,,
400-1648,400-1648-2187,XXXIV VOLTA A PEU QUART DE POBLET,8KM,2022-09-17,Quart de Poblet,8000,510.0,0.0
619-1654,619-1654-2196,RODANT X TORRENT,RODANT X TORRENT,2022-09-17,Torrent,0,,
162-1580,162-1580-1988,VII 10K DE L'HORTA CASTELLAR-OLIVERAL,10KM,2022-09-11,Castellar-Oliveral,10000,530.0,119.0
162-1580,162-1580-2184,VII 10K DE L'HORTA CASTELLAR-OLIVERAL,Cadet (2007-2008),2022-09-11,Castellar-Oliveral,2000,,
162-1580,162-1580-2183,VII 10K DE L'HORTA CASTELLAR-OLIVERAL,Infantil (2009-2010),2022-09-11,Castellar-Oliveral,2000,,
162-1580,162-1580-2182,VII 10K DE L'HORTA CASTELLAR-OLIVERAL,Alevín (2011-2012),2022-09-11,Castellar-Oliveral,1000,,
162-1580,162-1580-2181,VII 10K DE L'HORTA CASTELLAR-OLIVERAL,Benjamín (2013-2014),2022-09-11,Castellar-Oliveral,500,,
162-1580,162-1580-2180,VII 10K DE L'HORTA CASTELLAR-OLIVERAL,Prebenjamín (2015-2016),2022-09-11,Castellar-Oliveral,200,,
307-1562,307-1562-2168,XXIV VOLTA A PEU ALGINET,Prebenjamí (0 a 7 anys),2022-09-10,Alginet,200,,
307-1562,307-1562-2169,XXIV VOLTA A PEU ALGINET,Benjamí (8 a 9 anys),2022-09-10,Alginet,500,11.0,11.0
307-1562,307-1562-2170,XXIV VOLTA A PEU ALGINET,Aleví (10 a 11 anys),2022-09-10,Alginet,1000,12.0,8.0
307-1562,307-1562-2171,XXIV VOLTA A PEU ALGINET,Infantil (12 a 13 anys),2022-09-10,Alginet,1500,8.0,7.0
307-1562,307-1562-2172,XXIV VOLTA A PEU ALGINET,Cadet (14 a 17),2022-09-10,Alginet,2250,9.0,6.0
307-1562,307-1562-2167,XXIV VOLTA A PEU ALGINET,8km,2022-09-10,Alginet,8000,253.0,60.0
432-1595,432-1595-2000,XXX VOLTA A PEU EL PUIG,Carrera Absoluta,2022-09-10,El Puig,7800,237.0,68.0
617-1650,617-1650-2208,I JOCS INFANTILS ALAQUÀS 2022,Jocs Infantils,2022-09-04,Alaquás,0,,
602-1651,602-1651-2174,XXXIX MEDIO MARATÓN NAVAJAS,Carrera Absoluta,2022-09-04,Navajas,21097,55.0,7.0
444-1570,444-1570-2151,IX GRAN FONS NOCTURN ALFAFAR,5k,2022-09-03,Alfafar,5000,159.0,107.0
444-1570,444-1570-2150,IX GRAN FONS NOCTURN ALFAFAR,GRAN FONS,2022-09-03,Alfafar,15000,402.0,76.0
318-1628,318-1628-2173,XLII VOLTA A PEU BENICULL,8k,2022-08-22,Benicull,8000,194.0,38.0
448-1613,448-1613-2162,XVIII VOLTA A PEU LORIGUILLA,Benjamin (2013-2014),2022-08-20,Loriguilla,0,,
448-1613,448-1613-2163,XVIII VOLTA A PEU LORIGUILLA,Alevín (2011-2012),2022-08-20,Loriguilla,0,,
448-1613,448-1613-2164,XVIII VOLTA A PEU LORIGUILLA,Infantil (2009-2010),2022-08-20,Loriguilla,0,,
448-1613,448-1613-2165,XVIII VOLTA A PEU LORIGUILLA,Cadete (2007-2008),2022-08-20,Loriguilla,0,,
448-1613,448-1613-2166,XVIII VOLTA A PEU LORIGUILLA,Juvenil (2005-2006),2022-08-20,Loriguilla,0,,
448-1613,448-1613-2025,XVIII VOLTA A PEU LORIGUILLA,10k,2022-08-20,Loriguilla,10000,117.0,28.0
343-1638,343-1638-2122,XXXIX VUELTA A PIE  VILLAR DEL ARZOBISPO,8k,2022-08-13,Villar del Arzobispo,8000,66.0,15.0
596-1643,596-1643-2131,XIV SUBIDA A LOS MOLINOS DE ALCUBLAS,"8,2k",2022-08-12,Alcublas,8200,106.0,16.0
159-1578,159-1578-2152,XXIII VOLTA A PEU FAVARA,Benjamins (2013-2015),2022-08-06,Favara,830,,
159-1578,159-1578-2153,XXIII VOLTA A PEU FAVARA,Alevins (2010-2012),2022-08-06,Favara,1660,,
159-1578,159-1578-2154,XXIII VOLTA A PEU FAVARA,Cadets (2006-2009),2022-08-06,Favara,2490,,
159-1578,159-1578-1986,XXIII VOLTA A PEU FAVARA,"8,5km",2022-08-06,Favara,8500,243.0,51.0
453-1612,453-1612-2024,XXIV LEGUA SAN ANTONIO DE BENAGÉBER,Legua,2022-08-06,San Antonio de Benagéber,5572,138.0,39.0
387-1629,387-1629-2124,XXV CARRERA MATUTINA A LA PLAYA DE CULLERA,7k,2022-08-06,Cullera,7000,188.0,63.0
347-1560,347-1560-2125,VII 10K MONTSERRAT,10k,2022-08-05,Montserrat,10000,257.0,57.0
350-1639,350-1639-2123,IV VOLTA A PEU BENIFAIÓ,6k,2022-08-05,Benifaió,6000,139.0,42.0
394-1649,394-1649-2155,XXXIII VOLTA A PEU A TURÍS,Prexupetins (2020-2021),2022-08-01,Turís,30,,
394-1649,394-1649-2156,XXXIII VOLTA A PEU A TURÍS,Xupetins (2017-2018-2019),2022-08-01,Turís,60,,
394-1649,394-1649-2157,XXXIII VOLTA A PEU A TURÍS,Prebenjamins (2015-2016),2022-08-01,Turís,300,,
394-1649,394-1649-2158,XXXIII VOLTA A PEU A TURÍS,Benjamins (2013-2014),2022-08-01,Turís,600,,
394-1649,394-1649-2159,XXXIII VOLTA A PEU A TURÍS,Alevins (2011-2012),2022-08-01,Turís,1000,,
394-1649,394-1649-2160,XXXIII VOLTA A PEU A TURÍS,Infantils (2009-2010),2022-08-01,Turís,1600,,
394-1649,394-1649-2161,XXXIII VOLTA A PEU A TURÍS,Juvenils-Cadeet (2008-2005),2022-08-01,Turís,2000,,
394-1649,394-1649-2149,XXXIII VOLTA A PEU A TURÍS,"7,7k",2022-08-01,Turís,7700,,
305-1583,305-1583-2108,XX VOLTA A PEU PEL XÚQUER - RIOLA,Chupetin (2020-2018),2022-07-30,Riola,100,,
305-1583,305-1583-2109,XX VOLTA A PEU PEL XÚQUER - RIOLA,Prebenjamín ( 2017-2015),2022-07-30,Riola,250,,
305-1583,305-1583-2111,XX VOLTA A PEU PEL XÚQUER - RIOLA,Alevin (2011-2012),2022-07-30,Riola,800,,
305-1583,305-1583-2112,XX VOLTA A PEU PEL XÚQUER - RIOLA,Infantil (2009-2010),2022-07-30,Riola,1200,,
305-1583,305-1583-2113,XX VOLTA A PEU PEL XÚQUER - RIOLA,Cadete (2005-2008),2022-07-30,Riola,1800,,
305-1583,305-1583-1980,XX VOLTA A PEU PEL XÚQUER - RIOLA,8k,2022-07-30,Riola,8000,427.0,125.0
305-1583,305-1583-2107,XX VOLTA A PEU PEL XÚQUER - RIOLA,Marcha,2022-07-30,Riola,4500,,
305-1583,305-1583-2110,XX VOLTA A PEU PEL XÚQUER - RIOLA,Benjamin (2013-2014),2022-07-30,Riola,0,,
336-1510,336-1510-1895,XIII CARRERA ENTRE OLIVOS Y PINARES VALL DE ALMONACID,Marcha no competitiva,2022-07-30,Vall de Almonacid,8200,,
336-1510,336-1510-1894,XIII CARRERA ENTRE OLIVOS Y PINARES VALL DE ALMONACID,Carrera,2022-07-30,Vall de Almonacid,8200,51.0,5.0
395-1559,395-1559-2106,XXIV VOLTA A PEU LLAURÍ,8km,2022-07-29,Llaurí,8000,250.0,45.0
265-1569,265-1569-2121,X 10K SENSE LÍMITS ALDAIA,10k,2022-07-23,Aldaia,10000,637.0,151.0
534-1594,534-1594-1999,III 5K ARCO FOIOS,Carrera Absoluta,2022-07-16,Foios,5000,387.0,138.0
160-1603,160-1603-2016,XVIII  VOLTA A PEU JOANOT PRESÈNCIA POLINYÀ DE XÚQUER,8k,2022-07-16,Polinyà de Xúquer,8000,195.0,49.0
615-1641,615-1641-2127,I CARRERA NOCTURNA D'ALFARB,7k,2022-07-15,Alfarp,7000,191.0,57.0
324-1568,324-1568-2119,XXX VOLTA A PEU ALBAL,10km,2022-07-09,Albal,10000,194.0,43.0
344-1579,344-1579-2487,XXXV VOLTA A PEU SOLLANA,Compra Camiseta (NO CORRO),2022-07-09,Sollana,0,,
344-1579,344-1579-2114,XXXV VOLTA A PEU SOLLANA,Caminata,2022-07-09,Sollana,5000,,
344-1579,344-1579-1985,XXXV VOLTA A PEU SOLLANA,8k,2022-07-09,Sollana,8000,325.0,92.0
344-1579,344-1579-2488,XXXV VOLTA A PEU SOLLANA,Xupetins (2019-2021),2022-07-09,Sollana,200,,
344-1579,344-1579-2489,XXXV VOLTA A PEU SOLLANA,Prebenjamí (2016-2018),2022-07-09,Sollana,400,,
344-1579,344-1579-2490,XXXV VOLTA A PEU SOLLANA,Benjamí (2014-2015),2022-07-09,Sollana,800,,
344-1579,344-1579-2491,XXXV VOLTA A PEU SOLLANA,Aleví  (2012-2013),2022-07-09,Sollana,800,,
344-1579,344-1579-2493,XXXV VOLTA A PEU SOLLANA,Cadet (2006-2009),2022-07-09,Sollana,2500,,
344-1579,344-1579-2492,XXXV VOLTA A PEU SOLLANA,Infantil (2010-2011),2022-07-09,Sollana,1600,,
450-1610,450-1610-2021,XXXIV VOLTA A PEU NOCTURNA A LA POBLA DE VALLBONA,5k,2022-07-08,Pobla de Vallbona,5000,196.0,84.0
561-1620,561-1620-2133,XXVIII VOLTA A PEU A GUADASSUAR,QUERUBINS (2019-2022),2022-07-07,Guadassuar,50,,
561-1620,561-1620-2134,XXVIII VOLTA A PEU A GUADASSUAR,JUPETINS (2017-2018),2022-07-07,Guadassuar,100,,
561-1620,561-1620-2135,XXVIII VOLTA A PEU A GUADASSUAR,PREBENJAMÍ (2015-2016),2022-07-07,Guadassuar,250,,
561-1620,561-1620-2136,XXVIII VOLTA A PEU A GUADASSUAR,BENJAMÍ (2013-2014),2022-07-07,Guadassuar,400,19.0,15.0
561-1620,561-1620-2137,XXVIII VOLTA A PEU A GUADASSUAR,ALEVÍ (2011-2012),2022-07-07,Guadassuar,1000,7.0,11.0
561-1620,561-1620-2138,XXVIII VOLTA A PEU A GUADASSUAR,INFANTIL (2009-2010),2022-07-07,Guadassuar,1200,8.0,15.0
561-1620,561-1620-2139,XXVIII VOLTA A PEU A GUADASSUAR,CADET (2007-2008),2022-07-07,Guadassuar,1200,6.0,3.0
561-1620,561-1620-2132,XXVIII VOLTA A PEU A GUADASSUAR,"8,4k",2022-07-07,Guadassuar,8400,554.0,129.0
457-1644,457-1644-2146,IV CARRERA INFANTIL CAIXA RURAL TORRENT A PICANYA,CADET (2008/2007),2022-07-06,Picanya,1280,,
457-1644,457-1644-2145,IV CARRERA INFANTIL CAIXA RURAL TORRENT A PICANYA,INFANTIL (2010/2009),2022-07-06,Picanya,1080,,
457-1644,457-1644-2144,IV CARRERA INFANTIL CAIXA RURAL TORRENT A PICANYA,ALEVÍ (2012/2011),2022-07-06,Picanya,850,,
457-1644,457-1644-2143,IV CARRERA INFANTIL CAIXA RURAL TORRENT A PICANYA,BENJAMÍ (214/2013),2022-07-06,Picanya,540,,
457-1644,457-1644-2142,IV CARRERA INFANTIL CAIXA RURAL TORRENT A PICANYA,PREBENJAMÍ (2106/2015),2022-07-06,Picanya,410,,
457-1644,457-1644-2141,IV CARRERA INFANTIL CAIXA RURAL TORRENT A PICANYA,QUERUBÍ (2018/2017),2022-07-06,Picanya,200,,
609-1593,609-1593-1998,II 6k solidaria Massalfassar,Carrera Absoluta,2022-07-03,Massalfassar,6000,257.0,101.0
304-1558,304-1558-2140,XIII VOLTA A PEU MARENY DE BARRAQUETES,7km,2022-07-02,Mareny de Barraquetes,7100,287.0,75.0
555-1609,555-1609-2020,III 10K SOLIDARIA DE MARINES,10k,2022-07-02,Marines,10000,78.0,18.0
266-1640,266-1640-2126,XXXVIII LEGUA URBANA CIUTAT DE TORRENT,Legua,2022-07-01,Torrent,5542,251.0,60.0
614-1634,614-1634-2115,XXXIII VOLTA A PEU ALMUSSAFES,10k,2022-06-25,Almussafes,10000,274.0,64.0
261-1611,261-1611-2022,XVIII VOLTA A PEU NOCTURNA RIBA-ROJA DE TURIA,7k,2022-06-24,Riba-Roja de Túria,7000,264.0,117.0
302-1557,302-1557-2120,VIII VOLTA A PEU A SANT JOANET,8KM,2022-06-18,Sant Joanet,8000,260.0,68.0
158-1577,158-1577-1984,XXIII 10K CIUTAT DE BENIPARRELL,10k,2022-06-12,Beniparrell,10000,371.0,87.0
301-1556,301-1556-2089,XXXVI VOLTA A PEU SANT ONOFRE D'ALGEMESÍ,Prebenjamín ( 2016-2015),2022-06-04,Algemesí,80,,
301-1556,301-1556-2090,XXXVI VOLTA A PEU SANT ONOFRE D'ALGEMESÍ,Benjamin (2013-2014),2022-06-04,Algemesí,500,20.0,12.0
301-1556,301-1556-2091,XXXVI VOLTA A PEU SANT ONOFRE D'ALGEMESÍ,Alevin (2011-2012),2022-06-04,Algemesí,1000,8.0,17.0
301-1556,301-1556-2092,XXXVI VOLTA A PEU SANT ONOFRE D'ALGEMESÍ,Infantil (2009-2010),2022-06-04,Algemesí,1500,6.0,7.0
301-1556,301-1556-2093,XXXVI VOLTA A PEU SANT ONOFRE D'ALGEMESÍ,Cadete (2005-2008),2022-06-04,Algemesí,1500,9.0,3.0
301-1556,301-1556-2088,XXXVI VOLTA A PEU SANT ONOFRE D'ALGEMESÍ,10k,2022-06-04,Algemesí,10000,382.0,68.0
440-1591,440-1591-2094,IV 10k POBLA DE FARNALS,Prebenjamín (2016-2020),2022-06-04,La Pobla de Farnals,150,,
440-1591,440-1591-2095,IV 10k POBLA DE FARNALS,Benjamín (2015-2014),2022-06-04,La Pobla de Farnals,300,,
440-1591,440-1591-2096,IV 10k POBLA DE FARNALS,Alevín (2013-2012),2022-06-04,La Pobla de Farnals,600,,
440-1591,440-1591-2097,IV 10k POBLA DE FARNALS,Infantil (2011-2010),2022-06-04,La Pobla de Farnals,1000,,
440-1591,440-1591-2098,IV 10k POBLA DE FARNALS,Cadete - Junior (2009-2005),2022-06-04,La Pobla de Farnals,1500,,
440-1591,440-1591-1996,IV 10k POBLA DE FARNALS,Carrera Absoluta,2022-06-04,La Pobla de Farnals,10000,274.0,82.0
552-1608,552-1608-2019,XVII GRAN FONS CIUTAT DE LLÍRIA,15k,2022-05-29,Llíria,15000,139.0,33.0
552-1608,552-1608-2077,XVII GRAN FONS CIUTAT DE LLÍRIA,8km (No puntuable en el circuito),2022-05-29,Llíria,8000,35.0,28.0
443-1567,443-1567-2049,XXIX VOLTA A PEU BENETÚSSER,10km,2022-05-28,Benetússer,10000,301.0,64.0
608-1547,608-1547-1964,I TRAIL VALLE DEL TÚRIA GESTALGAR,14k,2022-05-22,Gestalgar,14000,127.0,45.0
608-1547,608-1547-1965,I TRAIL VALLE DEL TÚRIA GESTALGAR,28k,2022-05-22,Gestalgar,28000,69.0,17.0
608-1547,608-1547-2062,I TRAIL VALLE DEL TÚRIA GESTALGAR,8K Marcha No Competitiva,2022-05-22,Gestalgar,8000,,
439-1590,439-1590-2069,IV SCHNEIDER ELECTRIC 7K MELIANA,Chupetin (2022-2017),2022-05-21,Meliana,0,,
439-1590,439-1590-2070,IV SCHNEIDER ELECTRIC 7K MELIANA,Prebenjamín ( 2016-2015),2022-05-21,Meliana,0,,
439-1590,439-1590-2071,IV SCHNEIDER ELECTRIC 7K MELIANA,Benjamin (2013-2014),2022-05-21,Meliana,0,,
439-1590,439-1590-2072,IV SCHNEIDER ELECTRIC 7K MELIANA,Alevin (2011-2012),2022-05-21,Meliana,0,,
439-1590,439-1590-2073,IV SCHNEIDER ELECTRIC 7K MELIANA,Infantil (2009-2010),2022-05-21,Meliana,0,,
439-1590,439-1590-2074,IV SCHNEIDER ELECTRIC 7K MELIANA,Cadete (2007-2008),2022-05-21,Meliana,0,,
439-1590,439-1590-1995,IV SCHNEIDER ELECTRIC 7K MELIANA,7k,2022-05-21,Meliana,7000,500.0,197.0
384-1631,384-1631-2100,XL VOLTA A PEU LLUIS VIVES,Menudets (a partir de 2016),2022-05-20,Sueca,100,,
384-1631,384-1631-2101,XL VOLTA A PEU LLUIS VIVES,Prebenjamí (2014-2015),2022-05-20,Sueca,300,,
384-1631,384-1631-2102,XL VOLTA A PEU LLUIS VIVES,Benjamí (2013 - 2012),2022-05-20,Sueca,500,,
384-1631,384-1631-2103,XL VOLTA A PEU LLUIS VIVES,Aleví (2010-2011),2022-05-20,Sueca,800,,
384-1631,384-1631-2104,XL VOLTA A PEU LLUIS VIVES,Infantil (2008-2009),2022-05-20,Sueca,800,,
384-1631,384-1631-2105,XL VOLTA A PEU LLUIS VIVES,Cadet (2006 - 2007),2022-05-20,Sueca,1500,,
384-1631,384-1631-2099,XL VOLTA A PEU LLUIS VIVES,5k,2022-05-20,Sueca,5000,,
560-1585,560-1585-2076,V 10K MANISES,10k,2022-05-15,Manises,10000,335.0,85.0
264-1555,264-1555-2079,XXVI VOLTA A PEU ALBERIC (LA CARRERA DE LA MONA),Prebenjamín ( 2019-2015),2022-05-14,Alberic,100,,
264-1555,264-1555-2080,XXVI VOLTA A PEU ALBERIC (LA CARRERA DE LA MONA),Benjamin (2013-2014),2022-05-14,Alberic,400,35.0,23.0
264-1555,264-1555-2081,XXVI VOLTA A PEU ALBERIC (LA CARRERA DE LA MONA),Alevin (2011-2012),2022-05-14,Alberic,1000,13.0,26.0
264-1555,264-1555-2082,XXVI VOLTA A PEU ALBERIC (LA CARRERA DE LA MONA),Infantil (2009-2010),2022-05-14,Alberic,1500,15.0,17.0
264-1555,264-1555-2083,XXVI VOLTA A PEU ALBERIC (LA CARRERA DE LA MONA),Cadete (2005-2008),2022-05-14,Alberic,2000,9.0,10.0
264-1555,264-1555-2078,XXVI VOLTA A PEU ALBERIC (LA CARRERA DE LA MONA),8k,2022-05-14,Alberic,8000,295.0,98.0
569-1575,569-1575-1983,"II 10K ""Via Materal"" Ciutat de Sueca",10k,2022-05-14,Sueca,10000,313.0,74.0
613-1627,613-1627-2061,I MUKWANO BIRA LAGUN,FILA 0 (No corro),2022-05-14,Laguardia,0,,
613-1627,613-1627-2057,I MUKWANO BIRA LAGUN,Benjamín (8-10),2022-05-14,Laguardia,600,,
613-1627,613-1627-2058,I MUKWANO BIRA LAGUN,Infantil (11-14),2022-05-14,Laguardia,900,,
613-1627,613-1627-2059,I MUKWANO BIRA LAGUN,Cadete-Juvenil (15-17),2022-05-14,Laguardia,3000,,
613-1627,613-1627-2060,I MUKWANO BIRA LAGUN,Sénior (+18),2022-05-14,Laguardia,5000,,
613-1627,613-1627-2056,I MUKWANO BIRA LAGUN,Pre-Benjamin (0-7),2022-05-14,Laguardia,300,,
392-1589,392-1589-1994,V 5K EMPERADOR MEMORIAL EVA GIMENO,5k,2022-05-08,Emperador,5000,332.0,164.0
208-1619,208-1619-2086,X VOLTA A PEU A TAVERNES BLANQUES AVAPACE,Caminata,2022-05-01,Tavernes Blanques,0,,
208-1619,208-1619-2087,X VOLTA A PEU A TAVERNES BLANQUES AVAPACE,Absoluta,2022-05-01,Tavernes Blanques,0,178.0,84.0
206-1554,206-1554-2051,XXXIII VOLTA A PEU A L´ALCÚDIA,PREBENJAMÍ (2016-2015),2022-04-30,Sin Localidad definida,300,,
206-1554,206-1554-2052,XXXIII VOLTA A PEU A L´ALCÚDIA,BENJAMÍ (2013-2014),2022-04-30,Sin Localidad definida,600,19.0,15.0
206-1554,206-1554-2053,XXXIII VOLTA A PEU A L´ALCÚDIA,ALEVÍ (2011-2012),2022-04-30,Sin Localidad definida,1000,14.0,19.0
206-1554,206-1554-2054,XXXIII VOLTA A PEU A L´ALCÚDIA,INFANTIL (2009-2010),2022-04-30,Sin Localidad definida,2000,10.0,7.0
206-1554,206-1554-2055,XXXIII VOLTA A PEU A L´ALCÚDIA,CADET (2005-2008),2022-04-30,Sin Localidad definida,2000,13.0,6.0
206-1554,206-1554-2050,XXXIII VOLTA A PEU A L´ALCÚDIA,10k,2022-04-30,Sin Localidad definida,10000,299.0,73.0
323-1565,323-1565-2048,XXXIV VOLTA A PEU FIBRA VALENCIA VILA D'ALAQUAS,Volteta 5k,2022-04-30,Alaquàs,5000,27.0,20.0
323-1565,323-1565-2047,XXXIV VOLTA A PEU FIBRA VALENCIA VILA D'ALAQUAS,Volta 10k,2022-04-30,Alaquàs,10000,166.0,38.0
514-1584,514-1584-2040,"XI 10k ALBAL ""POR ESA SONRISA""",Alevin (2011-2012),2022-04-30,Sin Localidad definida,800,,
514-1584,514-1584-2036,"XI 10k ALBAL ""POR ESA SONRISA""",Chupetín (2019-2022),2022-04-30,Sin Localidad definida,100,,
514-1584,514-1584-2037,"XI 10k ALBAL ""POR ESA SONRISA""",Querubín (2017-2018),2022-04-30,Sin Localidad definida,100,,
514-1584,514-1584-2038,"XI 10k ALBAL ""POR ESA SONRISA""",Prebenjamin (2015-2016),2022-04-30,Sin Localidad definida,400,,
514-1584,514-1584-2039,"XI 10k ALBAL ""POR ESA SONRISA""",Benjamin (2013-2014),2022-04-30,Sin Localidad definida,800,,
514-1584,514-1584-2043,"XI 10k ALBAL ""POR ESA SONRISA""",Juvenil (2005-2006),2022-04-30,Sin Localidad definida,1200,,
514-1584,514-1584-2041,"XI 10k ALBAL ""POR ESA SONRISA""",Infantil (2009-2010),2022-04-30,Sin Localidad definida,1000,,
514-1584,514-1584-2042,"XI 10k ALBAL ""POR ESA SONRISA""",Cadete (2007-2008),2022-04-30,Sin Localidad definida,1200,,
514-1584,514-1584-2045,"XI 10k ALBAL ""POR ESA SONRISA""",Andarines,2022-04-30,Sin Localidad definida,0,,
514-1584,514-1584-1982,"XI 10k ALBAL ""POR ESA SONRISA""",10k,2022-04-30,Sin Localidad definida,10000,281.0,84.0
445-1607,445-1607-2018,IX 7K SANT VICENT DE LLIRIA,10k,2022-04-30,Llíria,10000,77.0,24.0
296-1553,296-1553-2064,XX VOLTA A PEU GAVARDA,Iniciació - Nanos (2015 i posteriors),2022-04-23,Sin Localidad definida,100,,
296-1553,296-1553-2065,XX VOLTA A PEU GAVARDA,Benjamí (2014-2013),2022-04-23,Sin Localidad definida,400,19.0,6.0
296-1553,296-1553-2066,XX VOLTA A PEU GAVARDA,Aleví (2012-2011),2022-04-23,Sin Localidad definida,1000,8.0,20.0
296-1553,296-1553-2067,XX VOLTA A PEU GAVARDA,Infantil (2009-2010),2022-04-23,Sin Localidad definida,1400,5.0,13.0
296-1553,296-1553-2068,XX VOLTA A PEU GAVARDA,Cadet (2008-2005),2022-04-23,Sin Localidad definida,2000,9.0,4.0
296-1553,296-1553-2063,XX VOLTA A PEU GAVARDA,8km,2022-04-23,Sin Localidad definida,8050,189.0,45.0
377-1566,377-1566-2044,XL VOLTA A PEU XIRIVELLA,Volta a peu,2022-04-10,Sin Localidad definida,7275,678.0,276.0
611-1600,611-1600-2005,XIV TRAIL VILLA DE AZUÉBAR,Sprintrail 14K,2022-04-10,Azuébar,14000,96.0,47.0
611-1600,611-1600-2006,XIV TRAIL VILLA DE AZUÉBAR,Trail 24K,2022-04-10,Azuébar,24000,82.0,13.0
163-1552,163-1552-2046,VII 10K BENIMODO,10KM,2022-04-09,Sin Localidad definida,10000,330.0,65.0
536-1573,536-1573-1981,III 10k CIUTAT DE PICASSENT,10k,2022-04-09,Picassent,10000,438.0,119.0
536-1573,536-1573-2007,III 10k CIUTAT DE PICASSENT,Chupetines 2022-2017,2022-04-09,Picassent,100,,
536-1573,536-1573-2008,III 10k CIUTAT DE PICASSENT,Prebenjamin (Sub8) 2016-2015,2022-04-09,Picassent,400,,
536-1573,536-1573-2009,III 10k CIUTAT DE PICASSENT,Benjamin (Sub10) 2013-2014,2022-04-09,Picassent,600,,
536-1573,536-1573-2010,III 10k CIUTAT DE PICASSENT,Aleví (Sub12) 2011-2012,2022-04-09,Picassent,1000,,
536-1573,536-1573-2011,III 10k CIUTAT DE PICASSENT,Infantil (Sub14) 2009-2010,2022-04-09,Picassent,1500,,
536-1573,536-1573-2012,III 10k CIUTAT DE PICASSENT,Cadet (Sub16) 2007-2008,2022-04-09,Picassent,1800,,
299-1551,299-1551-2030,XX VOLTA A PEU CATADAU,Mini Benjamins (2018-2022),2022-04-02,Sin Localidad definida,90,,
299-1551,299-1551-2031,XX VOLTA A PEU CATADAU,Pre Benjamins (2015-2017),2022-04-02,Sin Localidad definida,90,,
299-1551,299-1551-2032,XX VOLTA A PEU CATADAU,Benjamin (2013-2014),2022-04-02,Sin Localidad definida,500,14.0,7.0
299-1551,299-1551-2033,XX VOLTA A PEU CATADAU,Alevins (2011-2012),2022-04-02,Sin Localidad definida,1000,11.0,24.0
299-1551,299-1551-2034,XX VOLTA A PEU CATADAU,Infantils (2009-2010),2022-04-02,Sin Localidad definida,1500,7.0,8.0
299-1551,299-1551-2035,XX VOLTA A PEU CATADAU,Cadets (2005-2008),2022-04-02,Sin Localidad definida,2000,10.0,11.0
299-1551,299-1551-2029,XX VOLTA A PEU CATADAU,10.5 KM,2022-04-02,Sin Localidad definida,10500,238.0,68.0
433-1588,433-1588-1993,XXII GRAN FONS DE PUÇOL,15k,2022-04-02,Puçol,15000,550.0,118.0
612-1601,612-1601-2013,I CARRERA DE LES DONES ALDAIA - ALAQUÀS,5k,2022-04-01,Aldaia,5000,13.0,352.0
435-1582,435-1582-1979,5K MUSEROS,5K,2022-03-26,Museros,5000,,
576-1605,576-1605-2017,IV CARRERA DE LA DONA - MONTSERRAT,3k,2022-03-13,Montserrat,3000,,
369-1549,369-1549-1972,IX VOLTA A PEU A L ÉNOVA,8km,2022-02-26,Enova,8000,272.0,65.0
295-1548,295-1548-1968,XVI GRAN FONS DE TURÍS MEMORIAL RAIMON SORIA,Benjamí (2014-2013),2022-02-13,Sin Localidad definida,600,8.0,11.0
295-1548,295-1548-1969,XVI GRAN FONS DE TURÍS MEMORIAL RAIMON SORIA,Aleví (2012-2011),2022-02-13,Sin Localidad definida,1000,13.0,12.0
295-1548,295-1548-1970,XVI GRAN FONS DE TURÍS MEMORIAL RAIMON SORIA,Infantil (2010-2009),2022-02-13,Sin Localidad definida,1600,8.0,7.0
295-1548,295-1548-1971,XVI GRAN FONS DE TURÍS MEMORIAL RAIMON SORIA,Cadet (2008-2005),2022-02-13,Sin Localidad definida,2000,5.0,2.0
295-1548,295-1548-1966,XVI GRAN FONS DE TURÍS MEMORIAL RAIMON SORIA,GRAN FONS (16KM),2022-02-13,Sin Localidad definida,16000,343.0,57.0
295-1548,295-1548-1967,XVI GRAN FONS DE TURÍS MEMORIAL RAIMON SORIA,"Cursa d Iniciació (8,7km)",2022-02-13,Sin Localidad definida,8700,118.0,36.0
35-1544,35-1544-1957,XXIII MITJA MARATÓ CIUTAT D'ALZIRA,MITJA MARATÓ D’ALZIRA,2022-01-30,Sin Localidad definida,21097,631.0,109.0
136-1538,136-1538-1945,XVII TRAIL 3 PICS LES RODANES,Prueba Reina 28km,2022-01-23,Vilamarxant,28000,141.0,15.0
136-1538,136-1538-1946,XVII TRAIL 3 PICS LES RODANES,RAPITTRAIL 14KM,2022-01-23,Vilamarxant,14000,339.0,119.0
136-1538,136-1538-1947,XVII TRAIL 3 PICS LES RODANES,Iniciació Trail 8km,2022-01-23,Vilamarxant,8000,85.0,111.0
449-1572,449-1572-1973,VI TRAILKIDS 3 PICS LES RODANES VILAMARXANT,Querubí (2016-2017),2022-01-22,Vilamarxant,300,,
449-1572,449-1572-1974,VI TRAILKIDS 3 PICS LES RODANES VILAMARXANT,Prebenjamín (2014-2015),2022-01-22,Vilamarxant,300,,
449-1572,449-1572-1975,VI TRAILKIDS 3 PICS LES RODANES VILAMARXANT,Benjamín (2012-2013),2022-01-22,Vilamarxant,600,,
449-1572,449-1572-1976,VI TRAILKIDS 3 PICS LES RODANES VILAMARXANT,Alevín (2010-2011),2022-01-22,Vilamarxant,1000,,
449-1572,449-1572-1977,VI TRAILKIDS 3 PICS LES RODANES VILAMARXANT,Infantil (2008-2009),2022-01-22,Vilamarxant,15000,,
449-1572,449-1572-1978,VI TRAILKIDS 3 PICS LES RODANES VILAMARXANT,Cadet (2006-2007),2022-01-22,Vilamarxant,2000,,
607-1546,607-1546-1963,II SAN SILVESTRE VIRTUAL TORRENT,II SAN SILVESTRE VIRTUAL TORRENT,2022-01-09,Sin Localidad definida,0,19.0,19.0
548-1539,548-1539-1953,XIII SANT SILVESTRE SOLIDARIA TORRENT,San Silvestre,2021-12-28,Torrent,3450,,
606-1545,606-1545-1959,I SAN SILVESTRE POPULAR PUÇOL 2022,Pre Benjamin ( 2016-2020),2021-12-26,Sin Localidad definida,150,,
606-1545,606-1545-1960,I SAN SILVESTRE POPULAR PUÇOL 2022,Benjamín (2015-2014),2021-12-26,Sin Localidad definida,600,,
606-1545,606-1545-1961,I SAN SILVESTRE POPULAR PUÇOL 2022,Alevín (2013-2012),2021-12-26,Sin Localidad definida,600,,
606-1545,606-1545-1962,I SAN SILVESTRE POPULAR PUÇOL 2022,Infantil (2011-2010),2021-12-26,Sin Localidad definida,1000,,
606-1545,606-1545-1958,I SAN SILVESTRE POPULAR PUÇOL 2022,Carrera Absoluta (3km),2021-12-26,Sin Localidad definida,3000,113.0,79.0
377-1537,377-1537-1943,XXXIX VOLTA A PEU XIRIVELLA,VOLTA A PEU CIUTAT DE XIRIVELLA I 1RA SAN SILVESTRE,2021-12-19,Sin Localidad definida,4280,,
468-1528,468-1528-1928,VIII 10K Arco Foios per la Fibrosi Quistica,10k,2021-12-19,Foios,10000,489.0,204.0
564-1531,564-1531-1934,II SANT SILVESTRE SOLIDARIA D'ALZIRA,5k,2021-12-19,Alzira,5000,223.0,182.0
361-1535,361-1535-1936,XIX CURSA DE NADAL BÉTERA,Xupetins (2017-2018),2021-12-18,Sin Localidad definida,100,,
361-1535,361-1535-1937,XIX CURSA DE NADAL BÉTERA,Pre Benjamin ( 2015-2016),2021-12-18,Sin Localidad definida,200,,
361-1535,361-1535-1938,XIX CURSA DE NADAL BÉTERA,Benjamin (2013-2014),2021-12-18,Sin Localidad definida,400,,
361-1535,361-1535-1939,XIX CURSA DE NADAL BÉTERA,Alevins (2011-2012),2021-12-18,Sin Localidad definida,800,,
361-1535,361-1535-1940,XIX CURSA DE NADAL BÉTERA,Infantil (2009-2010),2021-12-18,Sin Localidad definida,1200,,
361-1535,361-1535-1942,XIX CURSA DE NADAL BÉTERA,Cadets (2007-2008),2021-12-18,Sin Localidad definida,1600,,
361-1535,361-1535-1935,XIX CURSA DE NADAL BÉTERA,5 QM,2021-12-18,Sin Localidad definida,5000,92.0,42.0
421-1534,421-1534-1948,VI SAN SILVESTRE SOLIDARIA POBLA DE FARNALS,Prebenjamín (2020-2016),2021-12-11,La Pobla de Farnals,0,,
421-1534,421-1534-1949,VI SAN SILVESTRE SOLIDARIA POBLA DE FARNALS,Benjamín (2015-2014),2021-12-11,La Pobla de Farnals,0,,
421-1534,421-1534-1950,VI SAN SILVESTRE SOLIDARIA POBLA DE FARNALS,Alevín (2013-2012),2021-12-11,La Pobla de Farnals,0,,
421-1534,421-1534-1951,VI SAN SILVESTRE SOLIDARIA POBLA DE FARNALS,Infantil (2011-2010),2021-12-11,La Pobla de Farnals,0,,
421-1534,421-1534-1952,VI SAN SILVESTRE SOLIDARIA POBLA DE FARNALS,Cadet-Juvenil (2009-2005),2021-12-11,La Pobla de Farnals,0,,
421-1534,421-1534-1944,VI SAN SILVESTRE SOLIDARIA POBLA DE FARNALS,5k,2021-12-11,La Pobla de Farnals,5000,171.0,71.0
351-1520,351-1520-1908,VI 10k y 5K DINOSAURIS MONCADA,10K,2021-11-28,Moncada,10000,290.0,108.0
351-1520,351-1520-1909,VI 10k y 5K DINOSAURIS MONCADA,5K,2021-11-28,Moncada,5000,132.0,104.0
565-1524,565-1524-1914,III GRAN FONS I CARRERA TRENCANT BARRERES PER LA SALUT MENTAL DE SUECA,Gran Fons (15km),2021-11-28,Sueca,15000,109.0,22.0
565-1524,565-1524-1915,III GRAN FONS I CARRERA TRENCANT BARRERES PER LA SALUT MENTAL DE SUECA,"Carrera Corta (8,5km)",2021-11-28,Sueca,8500,89.0,66.0
462-1527,462-1527-1927,XXXVII VOLTA A PEU A CULLERA,14km,2021-11-21,Cullera,14000,267.0,72.0
602-1523,602-1523-1912,XXXVIII MEDIO MARATÓN NAVAJAS,Media Maratón,2021-11-14,Navajas,21000,45.0,6.0
602-1523,602-1523-1913,XXXVIII MEDIO MARATÓN NAVAJAS,Trail,2021-11-14,Navajas,15000,236.0,74.0
344-1529,344-1529-1929,XXXIV VOLTA A PEU SOLLANA,10km,2021-11-14,Sin Localidad definida,10000,310.0,53.0
344-1529,344-1529-1930,XXXIV VOLTA A PEU SOLLANA,Marcha 5km,2021-11-14,Sin Localidad definida,5000,,
572-1493,572-1493-1864,MONTANEJOS TRAIL,55k,2021-11-06,Montanejos,55000,133.0,23.0
572-1493,572-1493-1862,MONTANEJOS TRAIL,15k,2021-11-06,Montanejos,15000,327.0,165.0
572-1493,572-1493-1863,MONTANEJOS TRAIL,30k,2021-11-06,Montanejos,30000,304.0,59.0
598-1517,598-1517-1903,I 10K OLIVA NOVA,10K,2021-10-31,Oliva,0,552.0,208.0
409-1519,409-1519-1907,VII 10k y la VII Caminata de la Miel,III CAMINATA,2021-10-30,Montroy,5000,,
409-1519,409-1519-1906,VII 10k y la VII Caminata de la Miel,10K,2021-10-30,Montroy,10000,121.0,30.0
603-1525,603-1525-1916,"TRAIL BATALLA DE TERUEL, CEDRILLAS",15K,2021-10-17,Cedrillas,15000,45.0,17.0
603-1525,603-1525-1917,"TRAIL BATALLA DE TERUEL, CEDRILLAS",28K,2021-10-17,Cedrillas,28000,26.0,3.0
603-1525,603-1525-1918,"TRAIL BATALLA DE TERUEL, CEDRILLAS",15K Andarin,2021-10-17,Cedrillas,15000,,
597-1515,597-1515-1901,VII 5K ALBALAT DELS SORELLS,5k,2021-10-16,Albalat dels Sorells,5000,249.0,96.0
494-1513,494-1513-1899,XLI VOLTA A PEU CARCAIXENT,10k,2021-10-10,Carcaixent,10000,458.0,112.0
275-1526,275-1526-1919,XXXI VOLTA A PEU VILAMARXANT,Carrera absoluta,2021-10-09,Vilamarxant,10000,68.0,18.0
275-1526,275-1526-1926,XXXI VOLTA A PEU VILAMARXANT,Juvenil (2004-2005),2021-10-09,Vilamarxant,5000,,
275-1526,275-1526-1925,XXXI VOLTA A PEU VILAMARXANT,Cadet (2006-2007),2021-10-09,Vilamarxant,2350,,
275-1526,275-1526-1924,XXXI VOLTA A PEU VILAMARXANT,Infantil (2008-2009),2021-10-09,Vilamarxant,1200,,
275-1526,275-1526-1923,XXXI VOLTA A PEU VILAMARXANT,Alevín (2010-2011),2021-10-09,Vilamarxant,600,,
275-1526,275-1526-1922,XXXI VOLTA A PEU VILAMARXANT,Benjamin (2012-2013),2021-10-09,Vilamarxant,430,,
275-1526,275-1526-1921,XXXI VOLTA A PEU VILAMARXANT,Pre Benjamin ( 2014-2015),2021-10-09,Vilamarxant,250,,
275-1526,275-1526-1920,XXXI VOLTA A PEU VILAMARXANT,Menudets (2016 y posteriores),2021-10-09,Vilamarxant,100,,
568-1367,568-1367-1679,DOS AGUAS TRAIL,Sprintrail (11K),2021-10-03,Dos Aguas,11000,111.0,54.0
568-1367,568-1367-1680,DOS AGUAS TRAIL,Trail (21K),2021-10-03,Dos Aguas,21000,97.0,15.0
535-1509,535-1509-1892,IV PICATRAIL,Trail 15k,2021-09-26,Picassent,15000,371.0,69.0
535-1509,535-1509-1893,IV PICATRAIL,Marcha no competitiva 9k,2021-09-26,Picassent,9000,,
308-1410,308-1410-1756,XXVIII VOLTA A PEU CIUTAT DE CARLET,Carrera Absoluta,2021-09-25,Carlet,10000,354.0,71.0
601-1522,601-1522-1911,MARCHA VIRTUAL TORRENT,MARCHA VIRTUAL TORRENT,2021-09-22,Torrent,6000,,
301-1512,301-1512-1898,XXXVI VOLTA A PEU SANT ONOFRE D'ALGEMESÍ,10k,2021-09-18,Algemesi,10000,413.0,69.0
600-1521,600-1521-1910,RUTA EN BICI TORRENT,RUTA EN BICI,2021-09-18,Torrent,2800,,
432-1516,432-1516-1902,XXXIX VOLTA A PEU EL PUIG,"7,8k",2021-09-11,El Puig,7800,187.0,38.0
596-1514,596-1514-1900,XII SUBIDA A LOS MOLINOS DE ALCUBLAS,"8,2k",2021-08-21,Alcublas,8200,114.0,30.0
343-1511,343-1511-1896,XXXVIII VUELTA A PIE  VILLAR DEL ARZOBISPO,8k,2021-08-14,Villar del Arzobispo,8000,120.0,19.0
347-1407,347-1407-1753,VI 10K MONTSERRAT,Carrera Absoluta,2021-08-06,Montserrat,10000,262.0,49.0
593-1507,593-1507-1883,III Repte Virtual Burriac ATAC,Repte juliol,2021-07-30,Vilassar de Mar,22000,,
363-1491,363-1491-1860,V TRAIL BRONCHALES,43K,2021-07-04,Bronchales,43000,193.0,26.0
363-1491,363-1491-1858,V TRAIL BRONCHALES,22K RUNNING,2021-07-04,Bronchales,22000,145.0,47.0
363-1491,363-1491-1859,V TRAIL BRONCHALES,25K,2021-07-04,Bronchales,25000,372.0,76.0
363-1491,363-1491-1857,V TRAIL BRONCHALES,13K,2021-07-04,Bronchales,13000,306.0,178.0
261-1454,261-1454-1762,XVII VOLTA A PEU NOCTURNA RIBA-ROJA DE TURIA,Carrera Absoluta,2021-07-02,Riba-Roja de Túria,7000,468.0,186.0
561-1434,561-1434-1886,XXVII VOLTA A PEU A GUADASSUAR,Jupetins (2016/2017),2021-07-01,Guadassuar,100,,
561-1434,561-1434-1887,XXVII VOLTA A PEU A GUADASSUAR,Prebenjamins (2014/2015),2021-07-01,Guadassuar,250,,
561-1434,561-1434-1888,XXVII VOLTA A PEU A GUADASSUAR,Benjamins (2012/2013),2021-07-01,Guadassuar,400,16.0,0.0
561-1434,561-1434-1889,XXVII VOLTA A PEU A GUADASSUAR,Alevins (2010/2011),2021-07-01,Guadassuar,800,28.0,23.0
561-1434,561-1434-1890,XXVII VOLTA A PEU A GUADASSUAR,Infantils (2008/2009),2021-07-01,Guadassuar,1200,18.0,15.0
561-1434,561-1434-1891,XXVII VOLTA A PEU A GUADASSUAR,Cadets (2006/2007),2021-07-01,Guadassuar,1200,8.0,8.0
561-1434,561-1434-1884,XXVII VOLTA A PEU A GUADASSUAR,8800m,2021-07-01,Guadassuar,8000,648.0,187.0
593-1506,593-1506-1882,II Repte Virtual Burriac ATAC,Repte juny,2021-06-30,Vilassar de Mar,17000,4.0,3.0
595-1508,595-1508-1885,II VOLTA VIRTUAL ALMUSSAFES,10k Virtual,2021-06-18,Almussafes,10000,19.0,13.0
158-1504,158-1504-1878,XXIII 10K CIUTAT DE BENIPARRELL,10K,2021-06-12,Beniparell,10000,661.0,161.0
594-1505,594-1505-1880,I MARXA CICLOTURISTA CIUTAT DE BENICARLÓ,MARCHA CICLOTURISTA BENICARLÓ,2021-06-12,Benicarló,156000,,
593-1503,593-1503-1879,I Repte Virtual Burriac ATAC,Repte Maig,2021-05-31,Vilassar de Mar,13600,17.0,9.0
592-1502,592-1502-1875,I CARRERA VIRTUAL SALESIANAS,6k,2021-04-16,Valencia,6000,11.0,11.0
592-1502,592-1502-1876,I CARRERA VIRTUAL SALESIANAS,3k,2021-04-16,Valencia,3000,13.0,13.0
592-1502,592-1502-1877,I CARRERA VIRTUAL SALESIANAS,FILA 0,2021-04-16,Valencia,0,,
589-1497,589-1497-1868,15K Circuito Virtual Running Horta Sud Caixa Popular,15K,2021-03-28,Alaquás,15000,53.0,20.0
589-1496,589-1496-1867,10K Circuito Virtual Running Horta Sud Caixa Popular,10K,2021-02-15,Alaquás,10000,59.0,25.0
589-1495,589-1495-1866,7K Circuito Virtual Running Horta Sud Caixa Popular,7K,2021-02-14,Alaquás,7000,70.0,25.0
591-1501,591-1501-1874,I CARRERA SOLIDARIA L'EMPALME-AVAPACE,Carrera  solidaria,2021-01-22,Burjassot,5000,7.0,4.0
589-1494,589-1494-1865,5K Circuito Virtual Running Horta Sud Caixa Popular,5K,2021-01-04,Alaquás,5000,67.0,27.0
590-1498,590-1498-1869,I SAN SILVESTRE VIRTUAL SOLIDARIA DE ALDAIA,3k Lúdica,2021-01-04,Aldaia,3000,,
590-1498,590-1498-1870,I SAN SILVESTRE VIRTUAL SOLIDARIA DE ALDAIA,7k Competitiva,2021-01-04,Aldaia,7000,13.0,3.0
468-1433,468-1433-1872,VII 10K Arco Foios per la Fibrosi Quistica,Cursa per la FQ,2020-12-31,Foios,0,,
548-1499,548-1499-1871,XII SANT SILVESTRE SOLIDARIA TORRENT,1.5km,2020-12-27,Torrent,1500,19.0,9.0
587-1490,587-1490-1855,I GRAN FONS VIRTUAL PER PER LA SALUT MENTAL,Gran Fons 15k,2020-11-28,Sueca,15000,17.0,5.0
587-1490,587-1490-1856,I GRAN FONS VIRTUAL PER PER LA SALUT MENTAL,8k,2020-11-28,Sueca,8000,39.0,21.0
588-1492,588-1492-1861,I Carrera y marcha virtual Una victima un minuto,1 victima 1 minuto,2020-11-28,La Pobla de Farnals,0,,
586-1489,586-1489-1854,I 10K VIRTUAL LA RODANA,10k,2020-10-12,Vilamarxant,10000,39.0,10.0
585-1488,585-1488-1853,I VIRTUAL RUNNING CAMINO DE SANTIAGO,10k,2020-07-26,Vilanova de Lourenzá,10000,115.0,25.0
583-1486,583-1486-1846,I Virtual Running Trail,20K,2020-06-21,España,20000,8.0,0.0
583-1486,583-1486-1847,I Virtual Running Trail,10K,2020-06-21,España,10000,43.0,9.0
584-1487,584-1487-1850,I Corremos x Puertollano,FILA 0 (COLABORACIÓN SIN COMPETIR),2020-06-13,Puertollano,0,,
584-1487,584-1487-1848,I Corremos x Puertollano,10k ASFALTO,2020-06-13,Puertollano,10000,16.0,10.0
584-1487,584-1487-1849,I Corremos x Puertollano,10k TRAIL,2020-06-13,Puertollano,10000,37.0,16.0
582-1485,582-1485-1844,I Virtual Running,10k,2020-06-07,España,10000,253.0,52.0
582-1485,582-1485-1845,I Virtual Running,5k,2020-06-07,España,5000,137.0,59.0
576-1443,576-1443-1743,III CARRERA DE LA DONA - MONTSERRAT,Cursa Solidària,2020-03-08,Montserrat,3000,,
578-1449,578-1449-1742,IX 10k ALCÀNTERA DEL XÚQUER,10KM,2020-03-08,Alcàntera de Xúquer,10000,373.0,81.0
322-1446,322-1446-1741,VIII CARRERA DE DONES D'ALDAIA,Carrera Absoluta,2020-03-07,Aldaia,5000,39.0,98.0
378-1474,378-1474-1787,VII CARRERA DE LA DONA PER LA IGUALTAT MISLATA,CARRERA DE LA DONA PER LA IGUALTAT,2020-03-07,Sin Localidad definida,0,,
369-1396,369-1396-1740,VIII VOLTA A PEU A L ÉNOVA,Carrera Absoluta,2020-02-29,L'Ènova,8000,389.0,95.0
366-1368,366-1368-1682,XIII CARRERA POPULAR PARQUE NATURAL DEL TÚRIA,Nanos (2015-2018),2020-02-09,Pedralba,50,,
366-1368,366-1368-1683,XIII CARRERA POPULAR PARQUE NATURAL DEL TÚRIA,Pre Benjamin (2013-2014),2020-02-09,Pedralba,80,,
366-1368,366-1368-1684,XIII CARRERA POPULAR PARQUE NATURAL DEL TÚRIA,Benjamín (2011-2012),2020-02-09,Pedralba,300,,
366-1368,366-1368-1685,XIII CARRERA POPULAR PARQUE NATURAL DEL TÚRIA,Alevín (2009-2010),2020-02-09,Pedralba,800,,
366-1368,366-1368-1686,XIII CARRERA POPULAR PARQUE NATURAL DEL TÚRIA,Infantil (2007-2008),2020-02-09,Pedralba,1600,,
366-1368,366-1368-1687,XIII CARRERA POPULAR PARQUE NATURAL DEL TÚRIA,Cadete (2005-2006),2020-02-09,Pedralba,2800,,
366-1368,366-1368-1681,XIII CARRERA POPULAR PARQUE NATURAL DEL TÚRIA,Carrera Absoluta (10K),2020-02-09,Pedralba,10100,246.0,57.0
295-1395,295-1395-1726,XV GRAN FONS DE TURÍS MEMORIAL RAIMON SORIA,Benjamí (2012-2011),2020-02-09,Turís,600,13.0,8.0
295-1395,295-1395-1727,XV GRAN FONS DE TURÍS MEMORIAL RAIMON SORIA,Aleví (2010-2009),2020-02-09,Turís,1000,16.0,16.0
295-1395,295-1395-1728,XV GRAN FONS DE TURÍS MEMORIAL RAIMON SORIA,Infantil (2008-2007),2020-02-09,Turís,1600,10.0,5.0
295-1395,295-1395-1729,XV GRAN FONS DE TURÍS MEMORIAL RAIMON SORIA,Cadet (2006-2003),2020-02-09,Turís,2000,6.0,2.0
295-1395,295-1395-1731,XV GRAN FONS DE TURÍS MEMORIAL RAIMON SORIA,Gran Fons,2020-02-09,Turís,16000,334.0,73.0
295-1395,295-1395-1732,XV GRAN FONS DE TURÍS MEMORIAL RAIMON SORIA,Cursa d'iniciació (NO PUNTUABLE),2020-02-09,Turís,8600,66.0,27.0
287-1385,287-1385-1707,VIII ALÈDUA TRAIL MEMORIAL MJ,15KM (INDIVIDUAL),2020-02-02,Llombai,15000,339.0,63.0
287-1385,287-1385-1708,VIII ALÈDUA TRAIL MEMORIAL MJ,15KM (PARELLES MIXTES),2020-02-02,Llombai,15000,46.0,0.0
321-1362,321-1362-1667,VI VOLTA MUNTANYA DE LLAURÍ,SPRINT,2020-01-25,Llaurí,12000,126.0,39.0
321-1362,321-1362-1668,VI VOLTA MUNTANYA DE LLAURÍ,TRA·LLA,2020-01-25,Llaurí,18000,126.0,13.0
136-1364,136-1364-1673,XVI TRAIL 3 PICS LES RODANES,28KM (PRUEBA REINA),2020-01-19,Vilamarxant,28000,144.0,10.0
136-1364,136-1364-1674,XVI TRAIL 3 PICS LES RODANES,14KM (RAPITTRAIL),2020-01-19,Vilamarxant,14000,303.0,92.0
136-1364,136-1364-1675,XVI TRAIL 3 PICS LES RODANES,8KM (INICIACIÓ TRAIL),2020-01-19,Vilamarxant,8000,64.0,61.0
567-1365,567-1365-1676,XV MITJA MARATÓ CIUTAT DE TORRENT,MITJA MARATÓ,2020-01-19,Torrent,21097,230.0,31.0
449-1440,449-1440-1720,V TRAILKIDS 3 PICS LES RODANES VILAMARXANT,Querubí (2014-2015) -Circuito Spartan-,2020-01-18,Sin Localidad definida,0,,
449-1440,449-1440-1721,V TRAILKIDS 3 PICS LES RODANES VILAMARXANT,Pre-Benjamín (2012-2013),2020-01-18,Sin Localidad definida,300,,
449-1440,449-1440-1722,V TRAILKIDS 3 PICS LES RODANES VILAMARXANT,Benjamín (2010-2011),2020-01-18,Sin Localidad definida,600,,
449-1440,449-1440-1723,V TRAILKIDS 3 PICS LES RODANES VILAMARXANT,Alevín (2008-2009),2020-01-18,Sin Localidad definida,1000,,
449-1440,449-1440-1724,V TRAILKIDS 3 PICS LES RODANES VILAMARXANT,Infantil (2006-2007),2020-01-18,Sin Localidad definida,1500,,
449-1440,449-1440-1725,V TRAILKIDS 3 PICS LES RODANES VILAMARXANT,Cadet (2004-2005),2020-01-18,Sin Localidad definida,2000,,
575-1437,575-1437-1716,GALA FINAL CIRCUIT CAIXA POPULAR HORTA SUD,5 Carreras Completadas,2020-01-17,Sin Localidad definida,0,,
575-1437,575-1437-1717,GALA FINAL CIRCUIT CAIXA POPULAR HORTA SUD,6 Carreras Completadas,2020-01-17,Sin Localidad definida,0,,
575-1437,575-1437-1718,GALA FINAL CIRCUIT CAIXA POPULAR HORTA SUD,7 Carreras Completadas,2020-01-17,Sin Localidad definida,7,,
575-1437,575-1437-1719,GALA FINAL CIRCUIT CAIXA POPULAR HORTA SUD,Todas las Carreras Completadas,2020-01-17,Sin Localidad definida,0,,
113-1359,113-1359-1645,XXXV SAN SILVESTRE D'ALBALAT DE LA RIBERA,Querubins (0-7 anys),2019-12-31,Sin Localidad definida,300,,
113-1359,113-1359-1646,XXXV SAN SILVESTRE D'ALBALAT DE LA RIBERA,Infantils (8-11 anys),2019-12-31,Sin Localidad definida,800,,
113-1359,113-1359-1647,XXXV SAN SILVESTRE D'ALBALAT DE LA RIBERA,Absoluta (A partir de 12 anys),2019-12-31,Sin Localidad definida,6000,,
564-1352,564-1352-1627,I SANT SILVESTRE SOLIDARIA D'ALZIRA,5k,2019-12-29,Sin Localidad definida,5000,365.0,210.0
85-1382,85-1382-1690,VII SAN SILVESTRE SOLIDARIA DE L'ALCÚDIA,5K,2019-12-28,Sin Localidad definida,5000,,
548-1366,548-1366-1677,XI SANT SILVESTRE SOLIDARIA TORRENT,SAN SILVESTRE SOLIDARIA TORRENT,2019-12-27,Sin Localidad definida,4000,,
422-1381,422-1381-1689,IV SANT SILVESTRE DE MONTSERRAT,San Silvestre Montserrat 2019,2019-12-27,Sin Localidad definida,3000,,
546-1351,546-1351-1625,II CARRERA VIRTUAL SOLIDARIA L'EMPALME,FILA 0,2019-12-22,Burjassot,0,,
546-1351,546-1351-1619,II CARRERA VIRTUAL SOLIDARIA L'EMPALME,Carrera (A partir de 18 años),2019-12-22,Burjassot,5000,,
546-1351,546-1351-1620,II CARRERA VIRTUAL SOLIDARIA L'EMPALME,Carrera (0-14 años),2019-12-22,Burjassot,5000,,
546-1351,546-1351-1621,II CARRERA VIRTUAL SOLIDARIA L'EMPALME,Carrera (15-17 años),2019-12-22,Burjassot,5000,,
546-1351,546-1351-1622,II CARRERA VIRTUAL SOLIDARIA L'EMPALME,Marcha (A partir de 18 años),2019-12-22,Burjassot,5000,,
546-1351,546-1351-1623,II CARRERA VIRTUAL SOLIDARIA L'EMPALME,Marcha ( 0-14 años),2019-12-22,Burjassot,5000,,
546-1351,546-1351-1624,II CARRERA VIRTUAL SOLIDARIA L'EMPALME,Marcha (15-17 años),2019-12-22,Burjassot,5000,,
468-1264,468-1264-1648,VI 10K Arco Foios per la Fibrosi Quistica,10K,2019-12-22,Sin Localidad definida,10000,653.0,245.0
468-1264,468-1264-1688,VI 10K Arco Foios per la Fibrosi Quistica,Dorsal 0,2019-12-22,Sin Localidad definida,0,,
468-1264,468-1264-1649,VI 10K Arco Foios per la Fibrosi Quistica,Querubines (4-5 años),2019-12-22,Sin Localidad definida,50,,
468-1264,468-1264-1650,VI 10K Arco Foios per la Fibrosi Quistica,Pre-Benjamines (6-7 años),2019-12-22,Sin Localidad definida,250,,
468-1264,468-1264-1651,VI 10K Arco Foios per la Fibrosi Quistica,Benjamines (8-9 años),2019-12-22,Sin Localidad definida,450,,
468-1264,468-1264-1652,VI 10K Arco Foios per la Fibrosi Quistica,Alevines (10-11 años),2019-12-22,Sin Localidad definida,700,,
468-1264,468-1264-1653,VI 10K Arco Foios per la Fibrosi Quistica,Infantiles (12-13 años),2019-12-22,Sin Localidad definida,1000,,
468-1264,468-1264-1654,VI 10K Arco Foios per la Fibrosi Quistica,Cadetes (14-15 años),2019-12-22,Sin Localidad definida,1200,,
361-1304,361-1304-1663,XVI CURSA DE NADAL BÉTERA,Infantil (2006-2007),2019-12-21,Sin Localidad definida,0,,
361-1304,361-1304-1664,XVI CURSA DE NADAL BÉTERA,Aleví (2008-2009),2019-12-21,Sin Localidad definida,1000,,
361-1304,361-1304-1665,XVI CURSA DE NADAL BÉTERA,Benjamí (2010-2011),2019-12-21,Sin Localidad definida,500,,
361-1304,361-1304-1666,XVI CURSA DE NADAL BÉTERA,Pre-Benjamin (2012-2013-2014),2019-12-21,Sin Localidad definida,100,,
361-1304,361-1304-1662,XVI CURSA DE NADAL BÉTERA,5KM,2019-12-21,Sin Localidad definida,5000,178.0,68.0
550-1294,550-1294-1612,XXXIX 10k y 5K MISLATA,10k Mislata,2019-12-15,Sin Localidad definida,10000,359.0,74.0
550-1294,550-1294-1613,XXXIX 10k y 5K MISLATA,2 x 5KM,2019-12-15,Sin Localidad definida,10000,40.0,0.0
426-1360,426-1360-1655,IV SANT SILVESTRE FALLA DEL POBLE DE SOLLANA,IV Sant Silvestre Sollana,2019-12-14,Sollana,5200,,
351-1307,351-1307-1587,V 10k y 5K DINOSAURIS MONCADA,10K,2019-11-24,Sin Localidad definida,10000,213.0,61.0
351-1307,351-1307-1588,V 10k y 5K DINOSAURIS MONCADA,5K,2019-11-24,Sin Localidad definida,5000,36.0,26.0
565-1353,565-1353-1628,I GRAN FONS I CARRERA TRENCANT BARRERES PER LA SALUT MENTAL DE SUECA,Gran Fons,2019-11-24,Sin Localidad definida,15000,85.0,12.0
565-1353,565-1353-1629,I GRAN FONS I CARRERA TRENCANT BARRERES PER LA SALUT MENTAL DE SUECA,Carrera,2019-11-24,Sin Localidad definida,8500,72.0,52.0
547-1361,547-1361-1678,II CURSA ESCOLAR CAIXA RURAL TORRENT - PAIPORTA,Cadet (2005-2006),2019-11-24,Sin Localidad definida,1500,,
547-1361,547-1361-1661,II CURSA ESCOLAR CAIXA RURAL TORRENT - PAIPORTA,Infantil (2007-2008),2019-11-24,Sin Localidad definida,1200,,
547-1361,547-1361-1660,II CURSA ESCOLAR CAIXA RURAL TORRENT - PAIPORTA,Aleví (2009-2010),2019-11-24,Sin Localidad definida,1000,,
547-1361,547-1361-1659,II CURSA ESCOLAR CAIXA RURAL TORRENT - PAIPORTA,Benjamí (2011-2012),2019-11-24,Sin Localidad definida,600,,
547-1361,547-1361-1657,II CURSA ESCOLAR CAIXA RURAL TORRENT - PAIPORTA,Prebenjamí (2013-2014),2019-11-24,Sin Localidad definida,400,,
547-1361,547-1361-1658,II CURSA ESCOLAR CAIXA RURAL TORRENT - PAIPORTA,Querubí (2015-2016),2019-11-24,Sin Localidad definida,200,,
524-1259,524-1259-1312,"II 10k i I 4,6K MASSAMAGRELL",10K,2019-11-24,Sin Localidad definida,10000,348.0,116.0
467-1308,467-1308-1633,V 10K DULCES DE CASINOS,10K,2019-11-23,Sin Localidad definida,10000,194.0,59.0
467-1308,467-1308-1634,V 10K DULCES DE CASINOS,Mini Benjamín 2014 y posteriores,2019-11-23,Sin Localidad definida,60,,
467-1308,467-1308-1635,V 10K DULCES DE CASINOS,Pre-Benjamin (2012-2013),2019-11-23,Sin Localidad definida,100,,
467-1308,467-1308-1636,V 10K DULCES DE CASINOS,Benjamin (2010-2011),2019-11-23,Sin Localidad definida,450,,
467-1308,467-1308-1637,V 10K DULCES DE CASINOS,Alevin (2008-2009),2019-11-23,Sin Localidad definida,450,,
467-1308,467-1308-1638,V 10K DULCES DE CASINOS,Infantil (2006-2007),2019-11-23,Sin Localidad definida,900,,
467-1308,467-1308-1639,V 10K DULCES DE CASINOS,Cadete (2004-2005),2019-11-23,Sin Localidad definida,900,,
357-1355,357-1355-1640,VI GALA FINAL CIRCUIT DE L'ALBUFERA,GALA CIRCUITO ALBUFERA (De 9 a 11 pruebas SOLO CAMISETA),2019-11-22,Sin Localidad definida,0,,
357-1355,357-1355-1641,VI GALA FINAL CIRCUIT DE L'ALBUFERA,GALA CIRCUITO ALBUFERA (12 pruebas CAMISETA+CHANDAL),2019-11-22,Sin Localidad definida,0,,
357-1355,357-1355-1642,VI GALA FINAL CIRCUIT DE L'ALBUFERA,CENA GALA CIRCUITO ALBUFERA,2019-11-22,Sin Localidad definida,0,,
226-1315,226-1315-1632,XXIV MITJA MARATÓ CIUTAT DE XIRIVELLA,Mitja Marató,2019-11-17,Sin Localidad definida,21097,318.0,41.0
237-1339,237-1339-1540,XIX GRAN FONDO LA POBLA DE VALLBONA,5k,2019-11-17,Sin Localidad definida,5000,34.0,29.0
237-1339,237-1339-1539,XIX GRAN FONDO LA POBLA DE VALLBONA,Gran Fons,2019-11-17,Sin Localidad definida,15000,96.0,15.0
237-1339,237-1339-1541,XIX GRAN FONDO LA POBLA DE VALLBONA,5k (menores),2019-11-17,Sin Localidad definida,5000,,
359-1344,359-1344-1563,VI CURSA PER EQUIPS I MARXA DE L'MPOC,EQUIPS MASCULINS (3 MEMBRES),2019-11-17,Sin Localidad definida,5000,,
359-1344,359-1344-1564,VI CURSA PER EQUIPS I MARXA DE L'MPOC,EQUIPS FEMENINS (3 MEMBRES),2019-11-17,Sin Localidad definida,0,,
359-1344,359-1344-1565,VI CURSA PER EQUIPS I MARXA DE L'MPOC,EQUIPS MIXTES (3 MEMBRES),2019-11-17,Sin Localidad definida,5000,,
359-1344,359-1344-1566,VI CURSA PER EQUIPS I MARXA DE L'MPOC,EQUIPS FEMENINS (4 MEMBRES),2019-11-17,Sin Localidad definida,5000,,
359-1344,359-1344-1567,VI CURSA PER EQUIPS I MARXA DE L'MPOC,EQUIPS MASCULINS (4 MEMBRES),2019-11-17,Sin Localidad definida,5000,,
359-1344,359-1344-1568,VI CURSA PER EQUIPS I MARXA DE L'MPOC,EQUIPS MIXTES (4 MEMBRES),2019-11-17,Sin Localidad definida,5000,,
359-1344,359-1344-1594,VI CURSA PER EQUIPS I MARXA DE L'MPOC,MARXA PER L'MPOC,2019-11-17,Sin Localidad definida,5000,,
539-1349,539-1349-1606,"VI VOLTA A PEU Y CAMINATA SOLIDARIA, TOTS AMB JOSEP",Chupetín y Querubín,2019-11-17,Sin Localidad definida,100,,
539-1349,539-1349-1607,"VI VOLTA A PEU Y CAMINATA SOLIDARIA, TOTS AMB JOSEP",Prebenjamín (2012/2013),2019-11-17,Sin Localidad definida,400,,
539-1349,539-1349-1608,"VI VOLTA A PEU Y CAMINATA SOLIDARIA, TOTS AMB JOSEP",Benjamín (2010-2011),2019-11-17,Sin Localidad definida,600,,
539-1349,539-1349-1609,"VI VOLTA A PEU Y CAMINATA SOLIDARIA, TOTS AMB JOSEP",Alevín (2008/2009),2019-11-17,Sin Localidad definida,1000,,
539-1349,539-1349-1610,"VI VOLTA A PEU Y CAMINATA SOLIDARIA, TOTS AMB JOSEP",Infantil (2006/2007),2019-11-17,Sin Localidad definida,1200,,
539-1349,539-1349-1611,"VI VOLTA A PEU Y CAMINATA SOLIDARIA, TOTS AMB JOSEP",Cadet (2004/2005),2019-11-17,Sin Localidad definida,1600,,
539-1349,539-1349-1605,"VI VOLTA A PEU Y CAMINATA SOLIDARIA, TOTS AMB JOSEP",Caminata,2019-11-17,Sin Localidad definida,3500,,
539-1349,539-1349-1604,"VI VOLTA A PEU Y CAMINATA SOLIDARIA, TOTS AMB JOSEP",Carrera,2019-11-17,Sin Localidad definida,7000,161.0,68.0
356-1356,356-1356-1643,IX GALA CIRCUIT RIBERA DE XÚQUER,GALA CRX2019 (De 12 a 14 pruebas SOLO SOFTSHELL),2019-11-15,Sin Localidad definida,0,,
356-1356,356-1356-1644,IX GALA CIRCUIT RIBERA DE XÚQUER,GALA CRX2019 (De 15 a 18 pruebas SOFTSHELL+MOCHILA),2019-11-15,Sin Localidad definida,0,,
285-1350,285-1350-1614,VIII VOLTA A PEU SANTA CECILIA CULLERA,Carrera Absoluta,2019-11-10,Sin Localidad definida,7200,,
409-1354,409-1354-1630,V 10k y la VII Caminata de la Miel,10k,2019-11-03,Sin Localidad definida,10000,120.0,34.0
409-1354,409-1354-1631,V 10k y la VII Caminata de la Miel,Marcha 3.5k,2019-11-03,Sin Localidad definida,3500,,
442-1258,442-1258-1615,VI 5K MASSALFASSAR,Prebenjamin(2012/2019),2019-11-02,Sin Localidad definida,250,,
442-1258,442-1258-1616,VI 5K MASSALFASSAR,Benjamin(2009/2011),2019-11-02,Sin Localidad definida,500,,
442-1258,442-1258-1617,VI 5K MASSALFASSAR,Alevin(2006/2008),2019-11-02,Sin Localidad definida,750,,
442-1258,442-1258-1618,VI 5K MASSALFASSAR,Infantil-Cadete(2002/2005),2019-11-02,Sin Localidad definida,1000,,
442-1258,442-1258-1311,VI 5K MASSALFASSAR,5K,2019-11-02,Sin Localidad definida,5000,300.0,118.0
462-1293,462-1293-1626,XXXVI VOLTA A PEU A CULLERA,VOLTA A PEU A CULLERA,2019-10-20,Sin Localidad definida,12700,325.0,85.0
434-1257,434-1257-1590,VI 5K Y 10K ALBALAT DELS SORELLS,Benjamí (2013-2019),2019-10-19,Sin Localidad definida,300,,
434-1257,434-1257-1591,VI 5K Y 10K ALBALAT DELS SORELLS,Aleví (2010-2012),2019-10-19,Sin Localidad definida,500,,
434-1257,434-1257-1592,VI 5K Y 10K ALBALAT DELS SORELLS,Infantil (2007-2009),2019-10-19,Sin Localidad definida,800,,
434-1257,434-1257-1593,VI 5K Y 10K ALBALAT DELS SORELLS,Cadet (2004-2006),2019-10-19,Sin Localidad definida,1600,,
434-1257,434-1257-1310,VI 5K Y 10K ALBALAT DELS SORELLS,10K,2019-10-19,Sin Localidad definida,10000,309.0,72.0
434-1257,434-1257-1586,VI 5K Y 10K ALBALAT DELS SORELLS,5k,2019-10-19,Sin Localidad definida,5000,96.0,65.0
549-1281,549-1281-1343,XXII Mitja Marató Alzira - 10k Ciutat d'Alzira Memorial Abel Signes Rodríguez,10KM,2019-10-13,Sin Localidad definida,10000,353.0,107.0
549-1281,549-1281-1584,XXII Mitja Marató Alzira - 10k Ciutat d'Alzira Memorial Abel Signes Rodríguez,21KM,2019-10-13,Sin Localidad definida,21000,416.0,54.0
275-1303,275-1303-1595,XXX VOLTA A PEU VILAMARXANT,Carrera Absoluta,2019-10-09,Sin Localidad definida,10000,150.0,49.0
275-1303,275-1303-1596,XXX VOLTA A PEU VILAMARXANT,Juvenil (2002/2003),2019-10-09,Sin Localidad definida,5000,,
275-1303,275-1303-1597,XXX VOLTA A PEU VILAMARXANT,Cadets (2004/2005),2019-10-09,Sin Localidad definida,2350,,
275-1303,275-1303-1599,XXX VOLTA A PEU VILAMARXANT,Infantil (2006/2007),2019-10-09,Sin Localidad definida,1200,,
275-1303,275-1303-1600,XXX VOLTA A PEU VILAMARXANT,Aleví (2008/2009),2019-10-09,Sin Localidad definida,600,,
275-1303,275-1303-1601,XXX VOLTA A PEU VILAMARXANT,Benjamí (2010/2011),2019-10-09,Sin Localidad definida,430,,
275-1303,275-1303-1602,XXX VOLTA A PEU VILAMARXANT,Prebenjamí (2012/2013),2019-10-09,Sin Localidad definida,250,,
275-1303,275-1303-1603,XXX VOLTA A PEU VILAMARXANT,Menudets (2014/2019),2019-10-09,Sin Localidad definida,100,,
332-1313,332-1313-1490,VI MITJA MARATÓ DEL KAKI,Mitja Marató,2019-10-06,Sin Localidad definida,21097,1333.0,266.0
332-1313,332-1313-1571,VI MITJA MARATÓ DEL KAKI,JO ET CONVIDE,2019-10-06,Sin Localidad definida,21097,,
381-1256,381-1256-1309,III 10K i III 5K RAFELBUNYOL,10K,2019-10-06,Sin Localidad definida,10000,269.0,73.0
543-1341,543-1341-1547,II MITJA MARATÓ PER EQUIPS ALAQUÀS PER QUATRE,Media maratón por relevos,2019-10-05,Sin Localidad definida,21097,,
156-1246,156-1246-1324,XXXVI VOLTA A PEU PORT DE CATARROJA,Carrera Absoluta,2019-10-05,Sin Localidad definida,10000,538.0,132.0
414-1292,414-1292-1598,XX VOLTA POPULAR EN BICICLETA,Volta en Bicicleta,2019-09-29,Sin Localidad definida,13000,,
541-1337,541-1337-1523,III CARRERA Y CAMINATA SOLIDARIA BENETÚSSER,Caminata (3k),2019-09-29,Sin Localidad definida,6800,,
541-1337,541-1337-1522,III CARRERA Y CAMINATA SOLIDARIA BENETÚSSER,"Carrera (6,1k)",2019-09-29,Sin Localidad definida,6800,96.0,21.0
494-1269,494-1269-1342,XL VOLTA A PEU CARCAIXENT,10KM,2019-09-29,Sin Localidad definida,10000,532.0,119.0
553-1302,553-1302-1531,X VOLTA A PEU BENISSANÓ,Carrera Absoluta,2019-09-28,Sin Localidad definida,7200,181.0,48.0
16-1340,16-1340-1546,XXXIII VOLTA A PEU A LA POBLA LLARGA MEMORIAL JULIO SALOM,8k,2019-09-28,Sin Localidad definida,8000,139.0,37.0
161-1247,161-1247-1323,XXXII 10K i 20K CIUTAT DE SUECA,10K,2019-09-28,Sin Localidad definida,10000,432.0,160.0
161-1247,161-1247-1585,XXXII 10K i 20K CIUTAT DE SUECA,20K,2019-09-28,Sin Localidad definida,20000,167.0,32.0
456-1312,456-1312-1326,III 7K SALADAR-SILLA,Carrera Absoluta (7K),2019-09-21,Sin Localidad definida,7000,78.0,19.0
337-1327,337-1327-1461,V CARRERA SOLIDARIA FALLA EL DIVENDRES  MASSANASSA,Marcha,2019-09-21,Sin Localidad definida,1500,,
337-1327,337-1327-1460,V CARRERA SOLIDARIA FALLA EL DIVENDRES  MASSANASSA,Carrera,2019-09-21,Sin Localidad definida,6000,117.0,39.0
308-1271,308-1271-1577,XXVII VOLTA A PEU CIUTAT DE CARLET,Benjamin (2010/2011),2019-09-21,Sin Localidad definida,806,28.0,19.0
308-1271,308-1271-1578,XXVII VOLTA A PEU CIUTAT DE CARLET,Alevi (2009/2008),2019-09-21,Sin Localidad definida,806,22.0,20.0
308-1271,308-1271-1579,XXVII VOLTA A PEU CIUTAT DE CARLET,Infantil (2006/2007),2019-09-21,Sin Localidad definida,1470,12.0,8.0
308-1271,308-1271-1580,XXVII VOLTA A PEU CIUTAT DE CARLET,Cadet (2002/2005),2019-09-21,Sin Localidad definida,1470,17.0,7.0
308-1271,308-1271-1341,XXVII VOLTA A PEU CIUTAT DE CARLET,10KM,2019-09-21,Sin Localidad definida,10000,458.0,111.0
354-1320,354-1320-1365,V GRAN FONS TRITONS ALBALAT DE LA RIBERA,15KM,2019-09-15,Sin Localidad definida,15000,229.0,43.0
354-1320,354-1320-1366,V GRAN FONS TRITONS ALBALAT DE LA RIBERA,"7,5KM",2019-09-15,Sin Localidad definida,7500,76.0,43.0
444-1287,444-1287-1556,VIII GRAN FONS NOCTURN ALFAFAR,Volta a peu (5km),2019-09-14,Sin Localidad definida,5000,214.0,1.0
444-1287,444-1287-1555,VIII GRAN FONS NOCTURN ALFAFAR,Gran Fons (15km),2019-09-14,Sin Localidad definida,15000,343.0,76.0
400-1336,400-1336-1521,XXXIII VOLTA A PEU QUART DE POBLET,"8,2k",2019-09-14,Sin Localidad definida,8200,408.0,99.0
162-1248,162-1248-1322,VI 10K DE L'HORTA CASTELLAR-OLIVERAL,10K,2019-09-08,Sin Localidad definida,10000,689.0,159.0
162-1248,162-1248-1506,VI 10K DE L'HORTA CASTELLAR-OLIVERAL,Cadete (2004-2005),2019-09-08,Sin Localidad definida,2000,,
162-1248,162-1248-1505,VI 10K DE L'HORTA CASTELLAR-OLIVERAL,Infantil (2006-2007),2019-09-08,Sin Localidad definida,2000,,
162-1248,162-1248-1504,VI 10K DE L'HORTA CASTELLAR-OLIVERAL,Alevín (2008-2009),2019-09-08,Sin Localidad definida,1000,,
162-1248,162-1248-1503,VI 10K DE L'HORTA CASTELLAR-OLIVERAL,Benjamín (2010-2011),2019-09-08,Sin Localidad definida,500,,
162-1248,162-1248-1502,VI 10K DE L'HORTA CASTELLAR-OLIVERAL,Pre- benjamín (2012-2013),2019-09-08,Sin Localidad definida,200,,
343-1345,343-1345-1569,XXXVII VUELTA A PIE  VILLAR DEL ARZOBISPO,Carrera 8k,2019-09-07,Sin Localidad definida,8000,32.0,17.0
343-1345,343-1345-1570,XXXVII VUELTA A PIE  VILLAR DEL ARZOBISPO,Trail 13k,2019-09-07,Sin Localidad definida,13000,84.0,12.0
432-1255,432-1255-1308,XXVIII VOLTA A PEU EL PUIG,Carrera Absoluta,2019-09-07,Sin Localidad definida,8000,283.0,73.0
307-1273,307-1273-1573,XXIII VOLTA A PEU ALGINET,Benjamin (2010/2011),2019-09-07,Sin Localidad definida,500,17.0,16.0
307-1273,307-1273-1574,XXIII VOLTA A PEU ALGINET,Alevín (2008/2009),2019-09-07,Sin Localidad definida,1000,21.0,12.0
307-1273,307-1273-1575,XXIII VOLTA A PEU ALGINET,Infantil (2006/2007),2019-09-07,Sin Localidad definida,1500,5.0,10.0
307-1273,307-1273-1576,XXIII VOLTA A PEU ALGINET,Cadet (2002/2005),2019-09-07,Sin Localidad definida,2250,7.0,7.0
307-1273,307-1273-1340,XXIII VOLTA A PEU ALGINET,8KM,2019-09-07,Sin Localidad definida,8000,431.0,72.0
402-1346,402-1346-1572,IV MARXA DE COLORS XIRIVELLA,Marxa de Colors,2019-09-06,Sin Localidad definida,2900,,
544-1347,544-1347-1582,II GRUPO ENTRENAMIENTO MITJA MARATÓ KAKI (MARTA),ENTRENAMIENTO CON MARTA (Sábados),2019-08-31,Sin Localidad definida,0,,
544-1347,544-1347-1581,II GRUPO ENTRENAMIENTO MITJA MARATÓ KAKI (MARTA),ENTRENAMIENTO CON MARTA (Miércoles),2019-08-31,Sin Localidad definida,0,,
545-1348,545-1348-1583,II GRUPO ENTRENAMIENTO MITJA MARATÓ KAKI (ALCÚDIA),ENTRENAMIENTO EN L'ALCÚDIA,2019-08-31,Sin Localidad definida,0,,
347-1276,347-1276-1338,V 10K MONTSERRAT,10KM,2019-08-30,Sin Localidad definida,10000,401.0,87.0
318-1328,318-1328-1465,XLI VOLTA A PEU BENICULL,Chupetín (2014-2018),2019-08-26,Sin Localidad definida,100,,
318-1328,318-1328-1466,XLI VOLTA A PEU BENICULL,Pre Benjamín (2013-2012),2019-08-26,Sin Localidad definida,250,,
318-1328,318-1328-1467,XLI VOLTA A PEU BENICULL,Benjamín (2011-2010),2019-08-26,Sin Localidad definida,550,,
318-1328,318-1328-1468,XLI VOLTA A PEU BENICULL,Alevin (2009-2008),2019-08-26,Sin Localidad definida,800,,
318-1328,318-1328-1469,XLI VOLTA A PEU BENICULL,Infantil (2007-2006),2019-08-26,Sin Localidad definida,1200,,
318-1328,318-1328-1470,XLI VOLTA A PEU BENICULL,Cadet (2005-2002),2019-08-26,Sin Localidad definida,1800,,
318-1328,318-1328-1464,XLI VOLTA A PEU BENICULL,Carrera Absoluta (8km),2019-08-26,Sin Localidad definida,8000,270.0,57.0
542-1332,542-1332-1495,II TRAIL NOCTURNO DE CULLERA,"Trail de 11,4 km",2019-08-24,Sin Localidad definida,11400,259.0,42.0
331-1343,331-1343-1562,XXV VOLTA A PEU LA CANYADA,Volta a peu La Canyada,2019-08-24,Sin Localidad definida,6400,201.0,73.0
270-1245,270-1245-1321,X VOLTA A PEU ILLA DEL PALMAR,Carrera Absoluta,2019-08-24,Sin Localidad definida,7000,454.0,144.0
448-1301,448-1301-1526,XVII VOLTA A PEU LORIGUILLA,Benjamin (2010/2011),2019-08-23,Sin Localidad definida,0,,
448-1301,448-1301-1527,XVII VOLTA A PEU LORIGUILLA,Alevín (2008-2009),2019-08-23,Sin Localidad definida,0,,
448-1301,448-1301-1528,XVII VOLTA A PEU LORIGUILLA,Infantil (2006/2007),2019-08-23,Sin Localidad definida,0,,
448-1301,448-1301-1529,XVII VOLTA A PEU LORIGUILLA,Cadet (2004/2005),2019-08-23,Sin Localidad definida,0,,
448-1301,448-1301-1530,XVII VOLTA A PEU LORIGUILLA,Juvenil (2002/2003),2019-08-23,Sin Localidad definida,0,,
448-1301,448-1301-1525,XVII VOLTA A PEU LORIGUILLA,Carrera Absoluta,2019-08-23,Sin Localidad definida,10000,196.0,54.0
306-1275,306-1275-1557,XXIX VOLTA A PEU NOCTURNA A MANUEL,Prebenjamins (2012-2013),2019-08-23,Sin Localidad definida,200,16.0,14.0
306-1275,306-1275-1558,XXIX VOLTA A PEU NOCTURNA A MANUEL,Benjamins (2010-2011),2019-08-23,Sin Localidad definida,550,23.0,7.0
306-1275,306-1275-1559,XXIX VOLTA A PEU NOCTURNA A MANUEL,Alevins (2008-2009),2019-08-23,Sin Localidad definida,1100,14.0,14.0
306-1275,306-1275-1560,XXIX VOLTA A PEU NOCTURNA A MANUEL,Infantils (2006-2007),2019-08-23,Sin Localidad definida,1650,16.0,6.0
306-1275,306-1275-1561,XXIX VOLTA A PEU NOCTURNA A MANUEL,Cadets (2002-2005),2019-08-23,Sin Localidad definida,2200,11.0,10.0
306-1275,306-1275-1339,XXIX VOLTA A PEU NOCTURNA A MANUEL,8KM,2019-08-23,Sin Localidad definida,8000,444.0,110.0
453-1309,453-1309-1545,XXIII LEGUA SAN ANTONIO DE BENAGÉBER,Legua San Antonio de Benageber,2019-08-10,Sin Localidad definida,5000,153.0,51.0
350-1342,350-1342-1554,III VOLTA A PEU BENIFAIÓ,5k,2019-08-08,Sin Localidad definida,5000,,
394-1338,394-1338-1532,XXXII VOLTA A PEU A TURÍS,Prexupeti (2018/2017),2019-08-05,Sin Localidad definida,30,,
394-1338,394-1338-1533,XXXII VOLTA A PEU A TURÍS,Xupeti (2016/2014),2019-08-05,Sin Localidad definida,60,,
394-1338,394-1338-1534,XXXII VOLTA A PEU A TURÍS,Prebenjami(2013/2012),2019-08-05,Sin Localidad definida,300,,
394-1338,394-1338-1535,XXXII VOLTA A PEU A TURÍS,Benjami (2011/2010),2019-08-05,Sin Localidad definida,600,,
394-1338,394-1338-1536,XXXII VOLTA A PEU A TURÍS,Alevi (2009/2008),2019-08-05,Sin Localidad definida,1000,,
394-1338,394-1338-1537,XXXII VOLTA A PEU A TURÍS,Infantil (2007/2006),2019-08-05,Sin Localidad definida,1600,,
394-1338,394-1338-1538,XXXII VOLTA A PEU A TURÍS,Juvenil-Cadet (2005/2002),2019-08-05,Sin Localidad definida,2000,,
394-1338,394-1338-1524,XXXII VOLTA A PEU A TURÍS,Cursa Absoluta,2019-08-05,Sin Localidad definida,7700,,
387-1291,387-1291-1516,XXIV CARRERA MATUTINA A LA PLAYA DE CULLERA,Carrera Absoluta,2019-08-03,Sin Localidad definida,7000,367.0,75.0
159-1244,159-1244-1542,XXII VOLTA A PEU FAVARA,Benjamins (2010/2012),2019-08-03,Sin Localidad definida,830,,
159-1244,159-1244-1543,XXII VOLTA A PEU FAVARA,Alevins (2007/2009),2019-08-03,Sin Localidad definida,1660,,
159-1244,159-1244-1544,XXII VOLTA A PEU FAVARA,Cadets (2003/2006),2019-08-03,Sin Localidad definida,2490,,
159-1244,159-1244-1320,XXII VOLTA A PEU FAVARA,Carrera Absoluta,2019-08-03,Sin Localidad definida,8500,408.0,109.0
305-1335,305-1335-1548,XIX VOLTA A PEU PEL XÚQUER - RIOLA,Chupetin (2014/2017),2019-08-02,Sin Localidad definida,100,,
305-1335,305-1335-1549,XIX VOLTA A PEU PEL XÚQUER - RIOLA,Pre Benjamin (2012/2013),2019-08-02,Sin Localidad definida,250,,
305-1335,305-1335-1550,XIX VOLTA A PEU PEL XÚQUER - RIOLA,Benjamin (2011/2010),2019-08-02,Sin Localidad definida,0,,
305-1335,305-1335-1551,XIX VOLTA A PEU PEL XÚQUER - RIOLA,Alevi (2009/2008),2019-08-02,Sin Localidad definida,800,,
305-1335,305-1335-1552,XIX VOLTA A PEU PEL XÚQUER - RIOLA,Infantil (2006/2007),2019-08-02,Sin Localidad definida,1200,,
305-1335,305-1335-1553,XIX VOLTA A PEU PEL XÚQUER - RIOLA,Cadet (2002/2005),2019-08-02,Sin Localidad definida,180,,
305-1335,305-1335-1507,XIX VOLTA A PEU PEL XÚQUER - RIOLA,Carrera,2019-08-02,Sin Localidad definida,8000,305.0,79.0
305-1335,305-1335-1508,XIX VOLTA A PEU PEL XÚQUER - RIOLA,Marcha,2019-08-02,Sin Localidad definida,4500,,
435-1254,435-1254-1474,V 5K MUSEROS,Micros (0-3 anys),2019-07-27,Sin Localidad definida,50,,
435-1254,435-1254-1475,V 5K MUSEROS,Pre Benjamins (4-6 anys),2019-07-27,Sin Localidad definida,100,,
435-1254,435-1254-1477,V 5K MUSEROS,Benjamins (7-8 anys),2019-07-27,Sin Localidad definida,400,,
435-1254,435-1254-1478,V 5K MUSEROS,Alevins (9-11 anys),2019-07-27,Sin Localidad definida,500,,
435-1254,435-1254-1479,V 5K MUSEROS,Infantils (12-14 anys),2019-07-27,Sin Localidad definida,1000,,
435-1254,435-1254-1480,V 5K MUSEROS,Cadets (15-17 anys),2019-07-27,Sin Localidad definida,1500,,
435-1254,435-1254-1307,V 5K MUSEROS,10K,2019-07-27,Sin Localidad definida,10000,368.0,87.0
395-1277,395-1277-1337,XXIII VOLTA A PEU LLAURÍ,8KM,2019-07-26,Llaurí,8000,419.0,92.0
265-1286,265-1286-1481,IX 10K SENSE LÍMITS ALDAIA,10k,2019-07-20,Aldaia,10000,799.0,198.0
336-1314,336-1314-1492,XII CARRERA ENTRE OLIVOS Y PINARES VALL DE ALMONACID,Marcha,2019-07-20,Sin Localidad definida,0,,
336-1314,336-1314-1491,XII CARRERA ENTRE OLIVOS Y PINARES VALL DE ALMONACID,Carrera,2019-07-20,Sin Localidad definida,0,142.0,46.0
160-1333,160-1333-1518,XVI VOLTA A PEU JOANOT PRESÈNCIA POLINYÀ DE XÚQUER,Chupetin,2019-07-19,Sin Localidad definida,150,,
160-1333,160-1333-1519,XVI VOLTA A PEU JOANOT PRESÈNCIA POLINYÀ DE XÚQUER,Benjamin-Alevin,2019-07-19,Sin Localidad definida,400,,
160-1333,160-1333-1520,XVI VOLTA A PEU JOANOT PRESÈNCIA POLINYÀ DE XÚQUER,Infantil (10 a 13 años),2019-07-19,Sin Localidad definida,1000,,
160-1333,160-1333-1517,XVI VOLTA A PEU JOANOT PRESÈNCIA POLINYÀ DE XÚQUER,Carrera Absoluta,2019-07-19,Sin Localidad definida,8000,233.0,58.0
562-1334,562-1334-1497,V VUELTA A PIE ALBORACHE,10KM,2019-07-14,Sin Localidad definida,10000,63.0,10.0
562-1334,562-1334-1498,V VUELTA A PIE ALBORACHE,5KM,2019-07-14,Sin Localidad definida,5000,57.0,14.0
540-1317,540-1317-1358,II TRAIL SANTA BÁRBARA  PINA DE MONTALGRAO-VILLANUEVA DE VIVER,Modalidad 1,2019-07-13,Sin Localidad definida,5400,57.0,53.0
540-1317,540-1317-1359,II TRAIL SANTA BÁRBARA  PINA DE MONTALGRAO-VILLANUEVA DE VIVER,Modalidad 2,2019-07-13,Sin Localidad definida,12600,60.0,13.0
344-1243,344-1243-1494,XXXIII VOLTA A PEU SOLLANA,Caminata,2019-07-13,Sin Localidad definida,5000,,
344-1243,344-1243-1319,XXXIII VOLTA A PEU SOLLANA,Carrera Absoluta,2019-07-13,Sin Localidad definida,8000,447.0,135.0
534-1253,534-1253-1306,II 5K ARCO FOIOS,5K,2019-07-13,Sin Localidad definida,5000,400.0,165.0
450-1300,450-1300-1509,XXXIII VOLTA A PEU NOCTURNA A LA POBLA DE VALLBONA,Mini Benjamin (2014 i posteriors),2019-07-12,Sin Localidad definida,50,,
450-1300,450-1300-1510,XXXIII VOLTA A PEU NOCTURNA A LA POBLA DE VALLBONA,Pre Benjamin (2012/2013),2019-07-12,Sin Localidad definida,100,,
450-1300,450-1300-1511,XXXIII VOLTA A PEU NOCTURNA A LA POBLA DE VALLBONA,Benjamin (2010/2011),2019-07-12,Sin Localidad definida,425,,
450-1300,450-1300-1512,XXXIII VOLTA A PEU NOCTURNA A LA POBLA DE VALLBONA,Alevín (2008/209),2019-07-12,Sin Localidad definida,925,,
450-1300,450-1300-1513,XXXIII VOLTA A PEU NOCTURNA A LA POBLA DE VALLBONA,Infantil (2006/2007),2019-07-12,Sin Localidad definida,1850,,
450-1300,450-1300-1514,XXXIII VOLTA A PEU NOCTURNA A LA POBLA DE VALLBONA,Cadet (2004/2005),2019-07-12,Sin Localidad definida,1850,,
450-1300,450-1300-1515,XXXIII VOLTA A PEU NOCTURNA A LA POBLA DE VALLBONA,Juvenil (2002/2003),2019-07-12,Sin Localidad definida,1850,,
450-1300,450-1300-1496,XXXIII VOLTA A PEU NOCTURNA A LA POBLA DE VALLBONA,"Carrera Absoluta (7,5Km)",2019-07-12,Sin Localidad definida,7500,315.0,90.0
324-1285,324-1285-1482,XXIX VOLTA A PEU ALBAL,10k,2019-07-06,Sin Localidad definida,10000,364.0,74.0
555-1310,555-1310-1483,II 10K SOLIDARIA DE MARINES,10k,2019-07-06,Sin Localidad definida,10000,166.0,37.0
555-1310,555-1310-1484,II 10K SOLIDARIA DE MARINES,5k No competitiva,2019-07-06,Sin Localidad definida,5000,,
266-1331,266-1331-1493,XXVII LEGUA URBANA CIUTAT DE TORRENT,Legua Urbana,2019-07-06,Sin Localidad definida,5572,223.0,75.0
304-1278,304-1278-1336,XII VOLTA A PEU MARENY DE BARRAQUETES,"7,1KM",2019-07-06,Sin Localidad definida,7100,406.0,123.0
561-1329,561-1329-1473,XXVI VOLTA A PEU A GUADASSUAR,Carrera Absoluta (8km),2019-07-04,Sin Localidad definida,8000,529.0,112.0
457-1330,457-1330-1488,III CARRERA INFANTIL CAIXA RURAL TORRENT A PICANYA,ALEVIN (2007/2008),2019-07-03,Sin Localidad definida,1000,,
457-1330,457-1330-1487,III CARRERA INFANTIL CAIXA RURAL TORRENT A PICANYA,BENJAMIN (2009/2010),2019-07-03,Sin Localidad definida,600,,
457-1330,457-1330-1486,III CARRERA INFANTIL CAIXA RURAL TORRENT A PICANYA,PREBENJAMIN (2011/2012),2019-07-03,Sin Localidad definida,400,,
457-1330,457-1330-1485,III CARRERA INFANTIL CAIXA RURAL TORRENT A PICANYA,QUERUBI (2013/2014),2019-07-03,Sin Localidad definida,200,,
457-1330,457-1330-1489,III CARRERA INFANTIL CAIXA RURAL TORRENT A PICANYA,INFANTIL (2005/2006),2019-07-03,Sin Localidad definida,1200,,
391-1290,391-1290-1462,XXIV TRAVESÍA A LA PLAYA DE CULLERA,Prueba Larga,2019-06-30,Sin Localidad definida,2500,,
391-1290,391-1290-1463,XXIV TRAVESÍA A LA PLAYA DE CULLERA,Prueba Promoción,2019-06-30,Sin Localidad definida,1300,,
261-1299,261-1299-1471,XV VOLTA A PEU NOCTURNA RIBA-ROJA DE TURIA,5k,2019-06-28,Sin Localidad definida,5000,196.0,145.0
261-1299,261-1299-1472,XV VOLTA A PEU NOCTURNA RIBA-ROJA DE TURIA,10k,2019-06-28,Sin Localidad definida,10000,352.0,93.0
443-1284,443-1284-1454,XXVIII VOLTA A PEU BENETÚSSER,10K,2019-06-22,Sin Localidad definida,10000,563.0,116.0
552-1298,552-1298-1434,XVI GRAN FONS CIUTAT DE LLÍRIA,No competitiva.,2019-06-15,Sin Localidad definida,60,,
552-1298,552-1298-1435,XVI GRAN FONS CIUTAT DE LLÍRIA,Sub 10,2019-06-15,Sin Localidad definida,250,,
552-1298,552-1298-1436,XVI GRAN FONS CIUTAT DE LLÍRIA,Sub 12,2019-06-15,Sin Localidad definida,600,,
552-1298,552-1298-1437,XVI GRAN FONS CIUTAT DE LLÍRIA,Sub 14,2019-06-15,Sin Localidad definida,1000,,
552-1298,552-1298-1438,XVI GRAN FONS CIUTAT DE LLÍRIA,Sub 16,2019-06-15,Sin Localidad definida,1200,,
552-1298,552-1298-1439,XVI GRAN FONS CIUTAT DE LLÍRIA,Sub 18,2019-06-15,Sin Localidad definida,1800,,
552-1298,552-1298-1432,XVI GRAN FONS CIUTAT DE LLÍRIA,GRAN FONS,2019-06-15,Sin Localidad definida,15000,1.0,219.0
552-1298,552-1298-1433,XVI GRAN FONS CIUTAT DE LLÍRIA,8KM,2019-06-15,Sin Localidad definida,8000,0.0,73.0
441-1223,441-1223-1246,XVI SUBIDA VERTICAL GRAN HOTEL BALI,OPEN,2019-06-15,Sin Localidad definida,0,322.0,0.0
441-1223,441-1223-1247,XVI SUBIDA VERTICAL GRAN HOTEL BALI,ELITE,2019-06-15,Sin Localidad definida,0,42.0,0.0
441-1223,441-1223-1248,XVI SUBIDA VERTICAL GRAN HOTEL BALI,BOMBEROS/AS,2019-06-15,Sin Localidad definida,0,56.0,0.0
158-1242,158-1242-1318,XXII 10K CIUTAT DE BENIPARRELL,10K,2019-06-15,Sin Localidad definida,10000,539.0,138.0
302-1279,302-1279-1335,VII VOLTA A PEU A SANT JOANET,8km,2019-06-15,Sin Localidad definida,8000,329.0,86.0
452-1297,452-1297-1373,IX 10K DOMEÑO,10K,2019-06-02,Sin Localidad definida,10000,118.0,28.0
157-1241,157-1241-1317,VI PUJADA A LA BOLA DE CULLERA,Carrera Absoluta,2019-06-02,Sin Localidad definida,10600,486.0,162.0
228-1322,228-1322-1397,XXXI GRAN FONS DE MASSANASSA,15k,2019-06-01,Sin Localidad definida,15000,388.0,51.0
440-1252,440-1252-1305,III 10k POBLA DE FARNALS,10K,2019-06-01,Sin Localidad definida,10000,276.0,84.0
301-1274,301-1274-1334,XXXV VOLTA A PEU SANT ONOFRE D'ALGEMESÍ,10KM,2019-06-01,Sin Localidad definida,10000,533.0,109.0
301-1274,301-1274-1455,XXXV VOLTA A PEU SANT ONOFRE D'ALGEMESÍ,Pre Benjamí (2012/2015),2019-06-01,Sin Localidad definida,80,,
301-1274,301-1274-1456,XXXV VOLTA A PEU SANT ONOFRE D'ALGEMESÍ,Benjamí (2010/2011),2019-06-01,Sin Localidad definida,0,14.0,6.0
301-1274,301-1274-1457,XXXV VOLTA A PEU SANT ONOFRE D'ALGEMESÍ,Aleví (2008/2009),2019-06-01,Sin Localidad definida,0,13.0,14.0
301-1274,301-1274-1458,XXXV VOLTA A PEU SANT ONOFRE D'ALGEMESÍ,Infantil (2006/2007),2019-06-01,Sin Localidad definida,0,10.0,7.0
301-1274,301-1274-1459,XXXV VOLTA A PEU SANT ONOFRE D'ALGEMESÍ,Cadet (2002/2005),2019-06-01,Sin Localidad definida,0,4.0,4.0
439-1251,439-1251-1409,III SCHNEIDER ELECTRIC 7K MELIANA,Pre Benjamin (2014-2016),2019-05-25,Sin Localidad definida,100,,
439-1251,439-1251-1410,III SCHNEIDER ELECTRIC 7K MELIANA,Benjamin (2012-2013),2019-05-25,Sin Localidad definida,250,,
439-1251,439-1251-1411,III SCHNEIDER ELECTRIC 7K MELIANA,Alevin (2010-2011),2019-05-25,Sin Localidad definida,500,,
439-1251,439-1251-1412,III SCHNEIDER ELECTRIC 7K MELIANA,Infantil (2008-2009),2019-05-25,Sin Localidad definida,1000,,
439-1251,439-1251-1414,III SCHNEIDER ELECTRIC 7K MELIANA,Cadet (2006-2007),2019-05-25,Sin Localidad definida,1500,,
439-1251,439-1251-1416,III SCHNEIDER ELECTRIC 7K MELIANA,Juvenil (2003-2005),2019-05-25,Sin Localidad definida,2000,,
439-1251,439-1251-1304,III SCHNEIDER ELECTRIC 7K MELIANA,7K,2019-05-25,Sin Localidad definida,7000,562.0,319.0
535-1316,535-1316-1413,III PICATRAIL,23K,2019-05-19,Sin Localidad definida,23000,109.0,14.0
535-1316,535-1316-1415,III PICATRAIL,13K,2019-05-19,Sin Localidad definida,13000,195.0,57.0
535-1316,535-1316-1417,III PICATRAIL,CAMINATA,2019-05-19,Sin Localidad definida,8000,,
264-1272,264-1272-1446,XXV VOLTA A PEU ALBERIC (LA CARRERA DE LA MONA),Pre Benjamí (2012 o posteriors),2019-05-18,Sin Localidad definida,100,,
264-1272,264-1272-1447,XXV VOLTA A PEU ALBERIC (LA CARRERA DE LA MONA),Benjamí (2011-2010),2019-05-18,Sin Localidad definida,400,24.0,25.0
264-1272,264-1272-1448,XXV VOLTA A PEU ALBERIC (LA CARRERA DE LA MONA),Aleví (2009-2008),2019-05-18,Sin Localidad definida,1000,19.0,30.0
264-1272,264-1272-1449,XXV VOLTA A PEU ALBERIC (LA CARRERA DE LA MONA),Infantil (2007-2006),2019-05-18,Sin Localidad definida,1500,9.0,6.0
264-1272,264-1272-1450,XXV VOLTA A PEU ALBERIC (LA CARRERA DE LA MONA),Cadets (2005-2002),2019-05-18,Sin Localidad definida,2000,9.0,6.0
264-1272,264-1272-1333,XXV VOLTA A PEU ALBERIC (LA CARRERA DE LA MONA),8KM,2019-05-18,Sin Localidad definida,8000,421.0,118.0
384-1324,384-1324-1431,XXXIX VOLTA A PEU LLUIS VIVES,Carrera Absoluta,2019-05-17,Sueca,5200,,
560-1325,560-1325-1440,IV 10K MANISES,Carrera Absoluta (10K),2019-05-12,Sin Localidad definida,10000,449.0,151.0
445-1296,445-1296-1350,VIII 7K SANT VICENT DE LLIRIA,10K,2019-05-04,Sin Localidad definida,10000,175.0,62.0
514-1240,514-1240-1418,"X 10k ALBAL ""POR ESA SONRISA""",CHUPETÍN (2015/2019),2019-05-04,Sin Localidad definida,100,,
514-1240,514-1240-1419,"X 10k ALBAL ""POR ESA SONRISA""",PRE BENJAMÍN (2011/2014),2019-05-04,Sin Localidad definida,400,,
514-1240,514-1240-1420,"X 10k ALBAL ""POR ESA SONRISA""",BENJAMÍN (2009/2010),2019-05-04,Sin Localidad definida,800,,
514-1240,514-1240-1421,"X 10k ALBAL ""POR ESA SONRISA""",ALEVÍN (2007/2008),2019-05-04,Sin Localidad definida,800,,
514-1240,514-1240-1422,"X 10k ALBAL ""POR ESA SONRISA""",INFANTIL (2005/2006),2019-05-04,Sin Localidad definida,1200,,
514-1240,514-1240-1423,"X 10k ALBAL ""POR ESA SONRISA""",CADETE(2003/2004),2019-05-04,Sin Localidad definida,1200,,
514-1240,514-1240-1424,"X 10k ALBAL ""POR ESA SONRISA""",JUVENIL(2001/2002),2019-05-04,Sin Localidad definida,1200,,
514-1240,514-1240-1316,"X 10k ALBAL ""POR ESA SONRISA""",10K,2019-05-04,Sin Localidad definida,10000,493.0,155.0
514-1240,514-1240-1425,"X 10k ALBAL ""POR ESA SONRISA""",CAMINATA,2019-05-04,Sin Localidad definida,10000,,
392-1250,392-1250-1427,IV 5K EMPERADOR MEMORIAL EVA GIMENO,Benjamín (2009-2010),2019-05-04,Sin Localidad definida,0,,
392-1250,392-1250-1428,IV 5K EMPERADOR MEMORIAL EVA GIMENO,Alevín (2007-2008),2019-05-04,Sin Localidad definida,0,,
392-1250,392-1250-1429,IV 5K EMPERADOR MEMORIAL EVA GIMENO,Infantil (2005-2006),2019-05-04,Sin Localidad definida,0,,
392-1250,392-1250-1430,IV 5K EMPERADOR MEMORIAL EVA GIMENO,Fundación DEPORTEA,2019-05-04,Sin Localidad definida,0,,
392-1250,392-1250-1426,IV 5K EMPERADOR MEMORIAL EVA GIMENO,Prebenjamin (2011-2012),2019-05-04,Sin Localidad definida,100,,
392-1250,392-1250-1451,IV 5K EMPERADOR MEMORIAL EVA GIMENO,Querubí (2013 i posteriors),2019-05-04,Sin Localidad definida,50,,
392-1250,392-1250-1303,IV 5K EMPERADOR MEMORIAL EVA GIMENO,5K,2019-05-04,Sin Localidad definida,5000,314.0,129.0
206-1270,206-1270-1441,XXXII VOLTA A PEU A L´ALCÚDIA,Prebenjamí 2012/2019,2019-05-04,Sin Localidad definida,300,,
206-1270,206-1270-1442,XXXII VOLTA A PEU A L´ALCÚDIA,Benjamí 2010/2011,2019-05-04,Sin Localidad definida,600,18.0,4.0
206-1270,206-1270-1443,XXXII VOLTA A PEU A L´ALCÚDIA,Aleví 2008/2009,2019-05-04,Sin Localidad definida,1000,14.0,20.0
206-1270,206-1270-1444,XXXII VOLTA A PEU A L´ALCÚDIA,Infantil 2006/2007,2019-05-04,Sin Localidad definida,2000,9.0,7.0
206-1270,206-1270-1445,XXXII VOLTA A PEU A L´ALCÚDIA,Cadet 2004/2002,2019-05-04,Sin Localidad definida,2000,6.0,6.0
206-1270,206-1270-1332,XXXII VOLTA A PEU A L´ALCÚDIA,10KM,2019-05-04,Sin Localidad definida,10000,469.0,109.0
320-1280,320-1280-1286,VIII VOLTA A PEU I MARXA BONESTAR-LA LLACUNA,Marcha,2019-05-01,Sin Localidad definida,11800,59.0,50.0
320-1280,320-1280-1285,VIII VOLTA A PEU I MARXA BONESTAR-LA LLACUNA,Carrera Absoluta,2019-05-01,Sin Localidad definida,11800,130.0,53.0
208-1326,208-1326-1453,VIII VOLTA A PEU A TAVERNES BLANQUES AVAPACE,Marcha,2019-05-01,Sin Localidad definida,0,,
208-1326,208-1326-1452,VIII VOLTA A PEU A TAVERNES BLANQUES AVAPACE,Volta a Peu,2019-05-01,Sin Localidad definida,8000,408.0,213.0
323-1283,323-1283-1395,XXXII VOLTA A PEU FIBRA VALENCIA VILA D'ALAQUAS,10K,2019-04-27,Sin Localidad definida,10000,402.0,114.0
323-1283,323-1283-1396,XXXII VOLTA A PEU FIBRA VALENCIA VILA D'ALAQUAS,5K,2019-04-27,Sin Localidad definida,5000,,
296-1267,296-1267-1374,XIX VOLTA A PEU GAVARDA,Iniciació (2012 o posteriores),2019-04-27,Sin Localidad definida,100,,
296-1267,296-1267-1375,XIX VOLTA A PEU GAVARDA,Benjamí (2010/2011),2019-04-27,Sin Localidad definida,400,20.0,8.0
296-1267,296-1267-1376,XIX VOLTA A PEU GAVARDA,Aleví (2008/2009),2019-04-27,Sin Localidad definida,1000,13.0,21.0
296-1267,296-1267-1377,XIX VOLTA A PEU GAVARDA,Infantil (2006/2007),2019-04-27,Sin Localidad definida,1400,12.0,7.0
296-1267,296-1267-1378,XIX VOLTA A PEU GAVARDA,Cadet (2002/2005),2019-04-27,Sin Localidad definida,2000,12.0,5.0
296-1267,296-1267-1331,XIX VOLTA A PEU GAVARDA,8KM,2019-04-27,Sin Localidad definida,8000,340.0,81.0
377-1282,377-1282-1357,XXXVIII VOLTA A PEU XIRIVELLA,Volta a peu Xirivella,2019-04-14,Sin Localidad definida,6900,772.0,333.0
559-1323,559-1323-1402,I CURSA ESCOLAR CAIXA RURAL ALDAIA,INFANTIL (2005/2006),2019-04-14,Sin Localidad definida,0,,
559-1323,559-1323-1401,I CURSA ESCOLAR CAIXA RURAL ALDAIA,ALEVÍN (2007/2008),2019-04-14,Sin Localidad definida,0,,
559-1323,559-1323-1400,I CURSA ESCOLAR CAIXA RURAL ALDAIA,BENJAMIN (2009/2010),2019-04-14,Sin Localidad definida,0,,
559-1323,559-1323-1399,I CURSA ESCOLAR CAIXA RURAL ALDAIA,PREBENJAMIN (2011/2012),2019-04-14,Sin Localidad definida,0,,
559-1323,559-1323-1398,I CURSA ESCOLAR CAIXA RURAL ALDAIA,QUERUBI (2013/2014),2019-04-14,Sin Localidad definida,0,,
311-1239,311-1239-1315,V 10MILPASSOS KANGURS BENIFAIÓ,10K,2019-04-13,Sin Localidad definida,10000,505.0,158.0
386-1289,386-1289-1387,iv CURSA ESCOLAR A CULLERA,Alevín Masculino (2007/2008),2019-04-07,Sin Localidad definida,1200,,
386-1289,386-1289-1388,iv CURSA ESCOLAR A CULLERA,Alevín Femenino (2007/2008),2019-04-07,Sin Localidad definida,1200,,
386-1289,386-1289-1389,iv CURSA ESCOLAR A CULLERA,Benjamín Masculino (2009/2010),2019-04-07,Sin Localidad definida,900,,
386-1289,386-1289-1390,iv CURSA ESCOLAR A CULLERA,Benjamín Femenino (2009/2010),2019-04-07,Sin Localidad definida,900,,
386-1289,386-1289-1391,iv CURSA ESCOLAR A CULLERA,Pre Benjamín Masculino (2011),2019-04-07,Sin Localidad definida,500,,
386-1289,386-1289-1392,iv CURSA ESCOLAR A CULLERA,Pre Benjamín Femenino (2011),2019-04-07,Sin Localidad definida,500,,
386-1289,386-1289-1393,iv CURSA ESCOLAR A CULLERA,Querubín Masculino (2012),2019-04-07,Sin Localidad definida,400,,
386-1289,386-1289-1394,iv CURSA ESCOLAR A CULLERA,Querubín Femenino (2012),2019-04-07,Sin Localidad definida,400,,
150-1238,150-1238-1314,VI 10k BIMI SILLA,10K,2019-04-06,Sin Localidad definida,10000,688.0,201.0
433-1249,433-1249-1299,XXI GRAN FONS DE PUÇOL,Carrera Absoluta,2019-04-06,Sin Localidad definida,15000,587.0,131.0
163-1266,163-1266-1367,VI 10K BENIMODO,Menudets (2019/2014),2019-04-06,Sin Localidad definida,100,,
163-1266,163-1266-1368,VI 10K BENIMODO,Pre-Benjamí (2013/2012),2019-04-06,Sin Localidad definida,150,,
163-1266,163-1266-1369,VI 10K BENIMODO,Benjamí (2010/2011),2019-04-06,Sin Localidad definida,720,12.0,11.0
163-1266,163-1266-1370,VI 10K BENIMODO,Aleví (2008/2009),2019-04-06,Sin Localidad definida,720,24.0,22.0
163-1266,163-1266-1371,VI 10K BENIMODO,Infantil (2006/2007),2019-04-06,Sin Localidad definida,1440,5.0,6.0
163-1266,163-1266-1372,VI 10K BENIMODO,Cadet (2002/2005),2019-04-06,Sin Localidad definida,2160,7.0,5.0
163-1266,163-1266-1330,VI 10K BENIMODO,10KM,2019-04-06,Sin Localidad definida,10000,371.0,80.0
558-1321,558-1321-1380,IV CURSA ESCOLAR A CULLERA (Infantiles y Cadetes),Cadete Femenino por Relevos (2002/2004),2019-04-05,Sin Localidad definida,2000,,
558-1321,558-1321-1382,IV CURSA ESCOLAR A CULLERA (Infantiles y Cadetes),Infantil Masculino por Relevos (2005/2006),2019-04-05,Sin Localidad definida,2000,,
558-1321,558-1321-1381,IV CURSA ESCOLAR A CULLERA (Infantiles y Cadetes),Infantil Femenino por Relevos (2005/2006),2019-04-05,Sin Localidad definida,1600,,
558-1321,558-1321-1383,IV CURSA ESCOLAR A CULLERA (Infantiles y Cadetes),Cadete Masculino (2002/2004),2019-04-05,Sin Localidad definida,2600,,
558-1321,558-1321-1384,IV CURSA ESCOLAR A CULLERA (Infantiles y Cadetes),Cadete Femenino (2002/2004),2019-04-05,Sin Localidad definida,2000,,
558-1321,558-1321-1385,IV CURSA ESCOLAR A CULLERA (Infantiles y Cadetes),Infantil Masculino (2005/2006),2019-04-05,Sin Localidad definida,2000,,
558-1321,558-1321-1386,IV CURSA ESCOLAR A CULLERA (Infantiles y Cadetes),Infantil Femenino (2005/2006),2019-04-05,Sin Localidad definida,1500,,
558-1321,558-1321-1379,IV CURSA ESCOLAR A CULLERA (Infantiles y Cadetes),Cadete Masculino por Relevos (2002/2004),2019-04-05,Sin Localidad definida,2600,,
554-1306,554-1306-1301,XII MITJA I QUARTA MARATÓ CIUTAT DE SUECA,Mitja Marató,2019-03-31,Sin Localidad definida,21097,67.0,14.0
554-1306,554-1306-1302,XII MITJA I QUARTA MARATÓ CIUTAT DE SUECA,Quarta,2019-03-31,Sin Localidad definida,10580,71.0,22.0
538-1222,538-1222-1245,II MORISCOS TRAIL,43K,2019-03-31,Sin Localidad definida,43000,43.0,5.0
538-1222,538-1222-1244,II MORISCOS TRAIL,23K,2019-03-31,Sin Localidad definida,23000,100.0,21.0
538-1222,538-1222-1243,II MORISCOS TRAIL,13K,2019-03-31,Sin Localidad definida,13000,79.0,38.0
557-1319,557-1319-1364,I CARRERA ESCOLAR CAIXA RURAL TORRENT,Infantil (2005 a 2006),2019-03-24,Sin Localidad definida,1200,,
557-1319,557-1319-1363,I CARRERA ESCOLAR CAIXA RURAL TORRENT,Aleví (2007 a 2008),2019-03-24,Sin Localidad definida,1000,,
557-1319,557-1319-1362,I CARRERA ESCOLAR CAIXA RURAL TORRENT,Benjamí (2009 a 2010),2019-03-24,Sin Localidad definida,600,,
557-1319,557-1319-1361,I CARRERA ESCOLAR CAIXA RURAL TORRENT,Pre Benjamí (2011 a 2012),2019-03-24,Sin Localidad definida,400,,
557-1319,557-1319-1360,I CARRERA ESCOLAR CAIXA RURAL TORRENT,Querubí (2013 a 2014),2019-03-24,Sin Localidad definida,200,,
536-1237,536-1237-1344,II 10k CIUTAT DE PICASSENT,Chupetines (2019-2014),2019-03-23,Sin Localidad definida,0,,
536-1237,536-1237-1345,II 10k CIUTAT DE PICASSENT,Prebenjamines (2012-2013),2019-03-23,Sin Localidad definida,0,,
536-1237,536-1237-1346,II 10k CIUTAT DE PICASSENT,Benjamines (2010-2011),2019-03-23,Sin Localidad definida,0,,
536-1237,536-1237-1347,II 10k CIUTAT DE PICASSENT,Alevines (2008-2009),2019-03-23,Sin Localidad definida,0,,
536-1237,536-1237-1348,II 10k CIUTAT DE PICASSENT,Infantiles (2006-2007),2019-03-23,Sin Localidad definida,0,,
536-1237,536-1237-1349,II 10k CIUTAT DE PICASSENT,Cadetes (2004-2005),2019-03-23,Sin Localidad definida,0,,
536-1237,536-1237-1313,II 10k CIUTAT DE PICASSENT,10K,2019-03-23,Sin Localidad definida,10000,701.0,206.0
299-1265,299-1265-1351,XIX VOLTA A PEU CATADAU,Mini Benjamí 2015/2019,2019-03-23,Sin Localidad definida,90,,
299-1265,299-1265-1352,XIX VOLTA A PEU CATADAU,Pre Benjamí 2012/2014,2019-03-23,Sin Localidad definida,90,,
299-1265,299-1265-1353,XIX VOLTA A PEU CATADAU,Benjamí 2010/2011,2019-03-23,Sin Localidad definida,500,19.0,10.0
299-1265,299-1265-1354,XIX VOLTA A PEU CATADAU,Aleví 2008/2009,2019-03-23,Sin Localidad definida,1000,13.0,21.0
299-1265,299-1265-1355,XIX VOLTA A PEU CATADAU,Infantil 2006/2007,2019-03-23,Sin Localidad definida,1500,8.0,13.0
299-1265,299-1265-1356,XIX VOLTA A PEU CATADAU,Cadet 2002/2005,2019-03-23,Sin Localidad definida,2000,12.0,9.0
299-1265,299-1265-1329,XIX VOLTA A PEU CATADAU,"10,5KM",2019-03-23,Sin Localidad definida,10500,336.0,81.0
134-1263,134-1263-1327,VIII 10k D' ALCÁNTERA DEL XÚQUER,Mitja,2019-03-10,Sin Localidad definida,21097,131.0,24.0
134-1263,134-1263-1328,VIII 10k D' ALCÁNTERA DEL XÚQUER,Quarta,2019-03-10,Sin Localidad definida,10870,302.0,86.0
322-1305,322-1305-1300,VII CARRERA DE DONES D'ALDAIA,Carrera Absoluta (5KM),2019-03-02,Sin Localidad definida,5000,27.0,170.0
472-1211,472-1211-1282,II TRAIL SERRA DE CORBERA,TRAIL,2019-03-02,Sin Localidad definida,19000,115.0,15.0
472-1211,472-1211-1283,II TRAIL SERRA DE CORBERA,SPRINT,2019-03-02,Sin Localidad definida,8000,160.0,58.0
472-1211,472-1211-1284,II TRAIL SERRA DE CORBERA,CAMINATA,2019-03-02,Sin Localidad definida,5750,,
369-1262,369-1262-1325,VII VOLTA A PEU A L ÉNOVA,Carrera Absoluta,2019-03-02,Sin Localidad definida,8000,348.0,81.0
295-1261,295-1261-1295,XIII GRAN FONS DE TURÍS MEMORIAL RAIMON SORIA,Benjamí (2011-2010),2019-02-10,Sin Localidad definida,600,16.0,10.0
295-1261,295-1261-1296,XIII GRAN FONS DE TURÍS MEMORIAL RAIMON SORIA,Aleví (2009-2008),2019-02-10,Sin Localidad definida,1000,14.0,14.0
295-1261,295-1261-1297,XIII GRAN FONS DE TURÍS MEMORIAL RAIMON SORIA,Infantil (2007-2006),2019-02-10,Sin Localidad definida,1600,6.0,10.0
295-1261,295-1261-1298,XIII GRAN FONS DE TURÍS MEMORIAL RAIMON SORIA,Cadet (2005-2002),2019-02-10,Sin Localidad definida,2000,19.0,5.0
295-1261,295-1261-1293,XIII GRAN FONS DE TURÍS MEMORIAL RAIMON SORIA,Gran Fons,2019-02-10,Sin Localidad definida,16000,320.0,68.0
295-1261,295-1261-1294,XIII GRAN FONS DE TURÍS MEMORIAL RAIMON SORIA,Cursa d'Iniciació,2019-02-10,Sin Localidad definida,8600,76.0,22.0
287-1226,287-1226-1258,VII ALÈDUA TRAIL MEMORIAL MJ,K23 (23'5km),2019-02-03,Sin Localidad definida,23500,222.0,17.0
287-1226,287-1226-1259,VII ALÈDUA TRAIL MEMORIAL MJ,K11 (11km),2019-02-03,Sin Localidad definida,11000,258.0,74.0
366-1234,366-1234-1276,XII CARRERA POPULAR PARQUE NATURAL DEL TÚRIA,Nanos (2014-2017),2019-02-03,Sin Localidad definida,50,,
366-1234,366-1234-1277,XII CARRERA POPULAR PARQUE NATURAL DEL TÚRIA,Pre Benjamin (2012-2013),2019-02-03,Sin Localidad definida,80,,
366-1234,366-1234-1278,XII CARRERA POPULAR PARQUE NATURAL DEL TÚRIA,Benjamin (2010-2011),2019-02-03,Sin Localidad definida,300,,
366-1234,366-1234-1279,XII CARRERA POPULAR PARQUE NATURAL DEL TÚRIA,Alevin (2008-2009),2019-02-03,Sin Localidad definida,800,,
366-1234,366-1234-1280,XII CARRERA POPULAR PARQUE NATURAL DEL TÚRIA,Infantil (2006-2007),2019-02-03,Sin Localidad definida,1600,,
366-1234,366-1234-1281,XII CARRERA POPULAR PARQUE NATURAL DEL TÚRIA,Cadete (2004-2005),2019-02-03,Sin Localidad definida,2800,,
366-1234,366-1234-1275,XII CARRERA POPULAR PARQUE NATURAL DEL TÚRIA,Carrera Absoluta,2019-02-03,Sin Localidad definida,10000,281.0,95.0
321-1213,321-1213-1222,V VOLTA MUNTANYA DE LLAURÍ,TRA·LLA,2019-01-26,Sin Localidad definida,18000,151.0,14.0
321-1213,321-1213-1223,V VOLTA MUNTANYA DE LLAURÍ,SPRINT,2019-01-26,Sin Localidad definida,12000,130.0,41.0
136-1227,136-1227-1261,X TRAIL 3 PICS LES RODANES,INICIACIÓ TRAIL 8K,2019-01-20,Sin Localidad definida,8000,73.0,66.0
136-1227,136-1227-1262,X TRAIL 3 PICS LES RODANES,RAPITTRAIL 14KM,2019-01-20,Sin Localidad definida,14000,337.0,110.0
136-1227,136-1227-1263,X TRAIL 3 PICS LES RODANES,PRUEBA REINA 28KM,2019-01-20,Sin Localidad definida,28000,199.0,24.0
449-1288,449-1288-1287,IV TRAILKIDS 3 PICS LES RODANES VILAMARXANT,Querubí (2013-2014) -Circuito Spartan-,2019-01-19,Sin Localidad definida,0,,
449-1288,449-1288-1288,IV TRAILKIDS 3 PICS LES RODANES VILAMARXANT,Pre-Benjamí (2011-2012),2019-01-19,Sin Localidad definida,300,,
449-1288,449-1288-1289,IV TRAILKIDS 3 PICS LES RODANES VILAMARXANT,Benjamí (2009-2010),2019-01-19,Sin Localidad definida,600,,
449-1288,449-1288-1290,IV TRAILKIDS 3 PICS LES RODANES VILAMARXANT,Aleví (2007-2008),2019-01-19,Sin Localidad definida,1000,,
449-1288,449-1288-1291,IV TRAILKIDS 3 PICS LES RODANES VILAMARXANT,Infantil (2005-2006),2019-01-19,Sin Localidad definida,1500,,
449-1288,449-1288-1292,IV TRAILKIDS 3 PICS LES RODANES VILAMARXANT,Cadet (2003-2004),2019-01-19,Sin Localidad definida,2000,,
113-1221,113-1221-1240,XXXIV SAN SILVESTRE D'ALBALAT DE LA RIBERA,Querubins (0-7 años),2018-12-31,Sin Localidad definida,300,,
113-1221,113-1221-1241,XXXIV SAN SILVESTRE D'ALBALAT DE LA RIBERA,Infantils,2018-12-31,Sin Localidad definida,800,,
113-1221,113-1221-1242,XXXIV SAN SILVESTRE D'ALBALAT DE LA RIBERA,Absoluta,2018-12-31,Sin Localidad definida,6000,,
416-1220,416-1220-1239,IV SANT SILVESTRE D'ALMUSSAFES,SANT SILVESTRE ALMUSSAFES 2018,2018-12-29,Sin Localidad definida,5000,,
85-1231,85-1231-1268,VI SAN SILVESTRE SOLIDARIA DE L'ALCÚDIA,5K,2018-12-28,Sin Localidad definida,5000,185.0,29.0
546-1212,546-1212-1213,I CARRERA VIRTUAL SOLIDARIA L'EMPALME,CARRERA (A partir de 18 años),2018-12-23,Sin Localidad definida,5000,,
546-1212,546-1212-1214,I CARRERA VIRTUAL SOLIDARIA L'EMPALME,CARRERA (0-14 AÑOS),2018-12-23,Sin Localidad definida,5000,,
546-1212,546-1212-1215,I CARRERA VIRTUAL SOLIDARIA L'EMPALME,CARRERA (15-17 AÑOS),2018-12-23,Sin Localidad definida,5000,,
546-1212,546-1212-1216,I CARRERA VIRTUAL SOLIDARIA L'EMPALME,MARCHA (A partir de 18 años),2018-12-23,Sin Localidad definida,5000,,
546-1212,546-1212-1217,I CARRERA VIRTUAL SOLIDARIA L'EMPALME,MARCHA (0-14 AÑOS),2018-12-23,Sin Localidad definida,5000,,
546-1212,546-1212-1218,I CARRERA VIRTUAL SOLIDARIA L'EMPALME,MARCHA (15-17 AÑOS),2018-12-23,Sin Localidad definida,5000,,
546-1212,546-1212-1221,I CARRERA VIRTUAL SOLIDARIA L'EMPALME,FILA 0,2018-12-23,Sin Localidad definida,0,,
468-1217,468-1217-1226,V 10K Arco Foios per la Fibrosi Quistica,Carrera Absoluta,2018-12-23,Sin Localidad definida,10000,641.0,267.0
468-1217,468-1217-1227,V 10K Arco Foios per la Fibrosi Quistica,Querubines 2013-2014,2018-12-23,Sin Localidad definida,50,,
468-1217,468-1217-1228,V 10K Arco Foios per la Fibrosi Quistica,Pre-Benjamin 2011-2012,2018-12-23,Sin Localidad definida,250,,
468-1217,468-1217-1229,V 10K Arco Foios per la Fibrosi Quistica,Benjamin 2009-2010,2018-12-23,Sin Localidad definida,450,,
468-1217,468-1217-1230,V 10K Arco Foios per la Fibrosi Quistica,Alevin 2007-2008,2018-12-23,Sin Localidad definida,700,,
468-1217,468-1217-1231,V 10K Arco Foios per la Fibrosi Quistica,Infantil 2005-2006,2018-12-23,Sin Localidad definida,1000,,
468-1217,468-1217-1232,V 10K Arco Foios per la Fibrosi Quistica,Cadete 2003-2004,2018-12-23,Sin Localidad definida,1200,,
360-1232,360-1232-1270,IV SANT SILVESTRE NOCTURNA RIOLA,3-5 Anys (50m),2018-12-23,Sin Localidad definida,50,,
360-1232,360-1232-1271,IV SANT SILVESTRE NOCTURNA RIOLA,9-10 anys (250m),2018-12-23,Sin Localidad definida,250,,
360-1232,360-1232-1272,IV SANT SILVESTRE NOCTURNA RIOLA,6-8 Anys (100m),2018-12-23,Sin Localidad definida,100,,
360-1232,360-1232-1273,IV SANT SILVESTRE NOCTURNA RIOLA,11-13 Anys (500m),2018-12-23,Sin Localidad definida,500,,
360-1232,360-1232-1269,IV SANT SILVESTRE NOCTURNA RIOLA,"Carrera Absoluta (4,8K)",2018-12-23,Sin Localidad definida,4800,,
426-1233,426-1233-1274,III SANT SILVESTRE FALLA DEL POBLE DE SOLLANA,III Sant Silvestre Sollana,2018-12-22,Sin Localidad definida,5200,,
471-1230,471-1230-1264,V GALA CIRCUIT CAIXA POPULAR RUNNING SOLIDARI,5 Carreras,2018-12-12,Sin Localidad definida,0,,
471-1230,471-1230-1265,V GALA CIRCUIT CAIXA POPULAR RUNNING SOLIDARI,6 Carreras,2018-12-12,Sin Localidad definida,0,,
471-1230,471-1230-1266,V GALA CIRCUIT CAIXA POPULAR RUNNING SOLIDARI,7 Carreras,2018-12-12,Sin Localidad definida,0,,
471-1230,471-1230-1267,V GALA CIRCUIT CAIXA POPULAR RUNNING SOLIDARI,8 Carreras,2018-12-12,Sin Localidad definida,0,,
356-1218,356-1218-1233,VIII GALA CIRCUIT RIBERA DE XÚQUER,De 12 a 14 Curses,2018-11-30,Sin Localidad definida,0,,
356-1218,356-1218-1234,VIII GALA CIRCUIT RIBERA DE XÚQUER,15 Curses o més,2018-11-30,Sin Localidad definida,0,,
351-1179,351-1179-1154,IV 10k y 5K DINOSAURIS MONCADA,10K,2018-11-25,Sin Localidad definida,10000,219.0,53.0
462-1181,462-1181-1181,XXXV VOLTA A PEU A CULLERA,Volta a Peu a Cullera,2018-11-25,Sin Localidad definida,12700,336.0,98.0
547-1224,547-1224-1250,I CURSA ESCOLAR CAIXA RURAL TORRENT - PAIPORTA,Prebenjamí (2011-2012),2018-11-25,Sin Localidad definida,400,,
547-1224,547-1224-1251,I CURSA ESCOLAR CAIXA RURAL TORRENT - PAIPORTA,Benjamí (2009-2010),2018-11-25,Sin Localidad definida,600,,
547-1224,547-1224-1252,I CURSA ESCOLAR CAIXA RURAL TORRENT - PAIPORTA,Aleví (2007-2008),2018-11-25,Sin Localidad definida,800,,
547-1224,547-1224-1253,I CURSA ESCOLAR CAIXA RURAL TORRENT - PAIPORTA,Infantil (2005-2006),2018-11-25,Sin Localidad definida,1300,,
547-1224,547-1224-1254,I CURSA ESCOLAR CAIXA RURAL TORRENT - PAIPORTA,Cadet (2003-20043),2018-11-25,Sin Localidad definida,1500,,
547-1224,547-1224-1656,I CURSA ESCOLAR CAIXA RURAL TORRENT - PAIPORTA,Querubí (2013-2014),2018-11-25,Sin Localidad definida,200,,
227-1178,227-1178-1210,XXXVIII BESTDRIVE 10K. MISLATA 2018,BESTDRIVE 10K. MISLATA 2018,2018-11-18,Sin Localidad definida,10000,357.0,85.0
227-1178,227-1178-1211,XXXVIII BESTDRIVE 10K. MISLATA 2018,2 x 5K,2018-11-18,Sin Localidad definida,10000,35.0,0.0
469-1225,469-1225-1255,II GALA CIRCUIT DE L'HORTA NORD,Elección Talla Obsequio (TODAS LA CARRERAS COMPLETADAS),2018-11-17,Sin Localidad definida,0,,
469-1225,469-1225-1257,II GALA CIRCUIT DE L'HORTA NORD,De 7 a 9 carreras,2018-11-17,Sin Localidad definida,0,,
469-1225,469-1225-1256,II GALA CIRCUIT DE L'HORTA NORD,Acompañantes y Niños,2018-11-17,Sin Localidad definida,0,,
357-1219,357-1219-1235,V GALA FINAL CIRCUIT DE L'ALBUFERA,"GALA CIRCUITO ALBUFERA (9 a 11 pruebas, SOLO CAMISETA)",2018-11-16,Sin Localidad definida,0,,
357-1219,357-1219-1236,V GALA FINAL CIRCUIT DE L'ALBUFERA,"GALA CIRCUITO ALBUFERA (12 pruebas, CAMISETA+SOFT SHELL)",2018-11-16,Sin Localidad definida,0,,
357-1219,357-1219-1237,V GALA FINAL CIRCUIT DE L'ALBUFERA,GALA CIRCUITO ALBUFERA (Acompañantes y Niños),2018-11-16,Sin Localidad definida,0,,
357-1219,357-1219-1238,V GALA FINAL CIRCUIT DE L'ALBUFERA,CENA GALA CIRCUITO ALBUFERA,2018-11-16,Sin Localidad definida,0,,
539-1189,539-1189-1082,"V VOLTA A PEU Y CAMINATA SOLIDARIA, TOTS AMB JOSEP",Carrera,2018-11-11,Sin Localidad definida,7000,184.0,76.0
539-1189,539-1189-1083,"V VOLTA A PEU Y CAMINATA SOLIDARIA, TOTS AMB JOSEP",Caminata,2018-11-11,Sin Localidad definida,3500,,
359-1205,359-1205-1194,V CURSA PER EQUIPS I MARXA DE L'MPOC,EQUIPS MASCULINS (3 MEMBRES),2018-11-11,Sin Localidad definida,5000,,
359-1205,359-1205-1195,V CURSA PER EQUIPS I MARXA DE L'MPOC,EQUIPS FEMENINS (3 MEMBRES),2018-11-11,Sin Localidad definida,5000,,
359-1205,359-1205-1196,V CURSA PER EQUIPS I MARXA DE L'MPOC,EQUIPS MASCULINS (4 MEMBRES),2018-11-11,Sin Localidad definida,5000,,
359-1205,359-1205-1197,V CURSA PER EQUIPS I MARXA DE L'MPOC,EQUIPS FEMENINS (4 MEMBRES),2018-11-11,Sin Localidad definida,5000,,
359-1205,359-1205-1198,V CURSA PER EQUIPS I MARXA DE L'MPOC,EQUIPS MIXTES (3 MEMBRES),2018-11-11,Sin Localidad definida,5000,,
359-1205,359-1205-1199,V CURSA PER EQUIPS I MARXA DE L'MPOC,EQUIPS MIXTES (4 MEMBRES),2018-11-11,Sin Localidad definida,5000,,
359-1205,359-1205-1200,V CURSA PER EQUIPS I MARXA DE L'MPOC,MARXA SOLIDARIA PER L'MPOC,2018-11-11,Sin Localidad definida,5000,,
285-1210,285-1210-1212,VII VOLTA A PEU SANTA CECILIA CULLERA,Volta a peu Santa Cecília,2018-11-11,Sin Localidad definida,6900,,
434-1094,434-1094-1206,V 5K Y 10K ALBALAT DELS SORELLS,Benjamin 2012/2018,2018-11-10,Sin Localidad definida,300,,
434-1094,434-1094-1208,V 5K Y 10K ALBALAT DELS SORELLS,Infantil 2006/2008,2018-11-10,Sin Localidad definida,800,,
434-1094,434-1094-1209,V 5K Y 10K ALBALAT DELS SORELLS,Cadete 2003/2005,2018-11-10,Sin Localidad definida,1600,,
434-1094,434-1094-983,V 5K Y 10K ALBALAT DELS SORELLS,10k,2018-11-10,Sin Localidad definida,10000,318.0,110.0
434-1094,434-1094-1205,V 5K Y 10K ALBALAT DELS SORELLS,5K,2018-11-10,Sin Localidad definida,5000,95.0,73.0
434-1094,434-1094-1207,V 5K Y 10K ALBALAT DELS SORELLS,Alevin 2009/2011,2018-11-10,Sin Localidad definida,500,,
226-1215,226-1215-1224,XXIII MITJA MARATÓ CIUTAT DE XIRIVELLA,Mitja Marató,2018-11-04,Sin Localidad definida,21097,355.0,35.0
409-1216,409-1216-1225,IV 10k y la VII Caminata de la Miel,10k Carrera de la Miel Urban Trail,2018-11-04,Sin Localidad definida,10000,77.0,12.0
442-1104,442-1104-1201,V 5K MASSALFASSAR,Pre-Benjamin 2011/2018,2018-11-03,Sin Localidad definida,250,,
442-1104,442-1104-1202,V 5K MASSALFASSAR,Benjamin 2008/2010,2018-11-03,Sin Localidad definida,500,,
442-1104,442-1104-1203,V 5K MASSALFASSAR,Aleví 2005/2007,2018-11-03,Sin Localidad definida,750,,
442-1104,442-1104-1204,V 5K MASSALFASSAR,Infantil-Cadet 2001/2004,2018-11-03,Sin Localidad definida,1000,,
442-1104,442-1104-984,V 5K MASSALFASSAR,5k,2018-11-03,Sin Localidad definida,5000,269.0,97.0
156-994,156-994-996,XXXV VOLTA A PEU PORT DE CATARROJA,10k,2018-11-03,Sin Localidad definida,10000,555.0,169.0
504-874,504-874-1187,XXI MITJA MARATÓ I 10K CIUTAT D'ALZIRA,10K,2018-10-14,Sin Localidad definida,10000,271.0,63.0
504-874,504-874-1188,XXI MITJA MARATÓ I 10K CIUTAT D'ALZIRA,Mitja Marató,2018-10-14,Sin Localidad definida,21097,487.0,71.0
381-1084,381-1084-982,II 10K i III 5K RAFELBUNYOL,10k,2018-10-07,Sin Localidad definida,10000,359.0,93.0
332-1144,332-1144-1096,V MITJA MARATÓ DEL KAKI,Mitja Marató,2018-10-07,Sin Localidad definida,21097,,
494-864,494-864-1189,XXXIX VOLTA A PEU CARCAIXENT,Carrera Absoluta,2018-09-30,Sin Localidad definida,10000,442.0,85.0
541-1197,541-1197-1126,II CARRERA Y CAMINATA SOLIDARIA BENETÚSSER,Caminata (3K),2018-09-30,Sin Localidad definida,3000,,
541-1197,541-1197-1125,II CARRERA Y CAMINATA SOLIDARIA BENETÚSSER,"Carrera (6,8K)",2018-09-30,Sin Localidad definida,6800,115.0,23.0
414-1207,414-1207-1190,XIX VOLTA POPULAR EN BICICLETA,VOLTA POPULAR EN BICICLETA,2018-09-30,Sin Localidad definida,0,,
544-1208,544-1208-1193,I GRUPO ENTRENAMIENTO MITJA MARATÓ KAKI (MARTA),ENTRENAMIENTO CON MARTA (SÁBADOS),2018-09-30,Sin Localidad definida,0,,
544-1208,544-1208-1191,I GRUPO ENTRENAMIENTO MITJA MARATÓ KAKI (MARTA),ENTRENAMIENTO CON MARTA (MIÉRCOLES),2018-09-30,Sin Localidad definida,0,,
545-1209,545-1209-1192,I GRUPO ENTRENAMIENTO MITJA MARATÓ KAKI (ALCÚDIA),ENTRENAMIENTO EN L'ALCÚDIA,2018-09-30,Sin Localidad definida,0,,
543-1203,543-1203-1160,I MITJA MARATÓ PER EQUIPS ALAQUÀS PER QUATRE,Media Maratón por Relevos,2018-09-29,Sin Localidad definida,21097,,
161-984,161-984-995,XXXI 10K i 20K CIUTAT DE SUECA,10k,2018-09-29,Sin Localidad definida,10000,391.0,139.0
161-984,161-984-1153,XXXI 10K i 20K CIUTAT DE SUECA,20k,2018-09-29,Sin Localidad definida,20000,165.0,29.0
308-854,308-854-1183,XXVI VOLTA A PEU CIUTAT DE CARLET,Benjamins (2009-2010),2018-09-22,Sin Localidad definida,806,22.0,8.0
308-854,308-854-1184,XXVI VOLTA A PEU CIUTAT DE CARLET,Alevins (2007-2008),2018-09-22,Sin Localidad definida,806,16.0,13.0
308-854,308-854-1185,XXVI VOLTA A PEU CIUTAT DE CARLET,Infantils (2005-2006),2018-09-22,Sin Localidad definida,1470,11.0,15.0
308-854,308-854-1186,XXVI VOLTA A PEU CIUTAT DE CARLET,Cadets (2001-2004),2018-09-22,Sin Localidad definida,1470,7.0,2.0
308-854,308-854-1182,XXVI VOLTA A PEU CIUTAT DE CARLET,Carrera Absoluta,2018-09-22,Sin Localidad definida,10000,467.0,114.0
456-1191,456-1191-1086,II 7K SALADAR-SILLA,7K SALADAR - SILLA,2018-09-22,Sin Localidad definida,7000,70.0,12.0
354-1188,354-1188-1128,IV GRAN FONS TRITONS ALBALAT DE LA RIBERA,"Quart Fons (7,5km)",2018-09-16,Sin Localidad definida,7500,99.0,53.0
354-1188,354-1188-1129,IV GRAN FONS TRITONS ALBALAT DE LA RIBERA,Gran Fons (15km),2018-09-16,Sin Localidad definida,15000,238.0,37.0
536-1169,536-1169-1116,I 10k CIUTAT DE PICASSENT,Carrera Absoluta 10K,2018-09-15,Sin Localidad definida,10000,288.0,59.0
337-1194,337-1194-1111,IV CARRERA SOLIDARIA FALLA EL DIVENDRES  MASSANASSA,"Caminata (1,5km)",2018-09-15,Sin Localidad definida,1500,,
337-1194,337-1194-1110,IV CARRERA SOLIDARIA FALLA EL DIVENDRES  MASSANASSA,Carrera Absoluta (6km),2018-09-15,Sin Localidad definida,6000,164.0,76.0
162-974,162-974-994,V 10K DE L'HORTA CASTELLAR-OLIVERAL,10k,2018-09-09,Sin Localidad definida,10000,772.0,160.0
162-974,162-974-1159,V 10K DE L'HORTA CASTELLAR-OLIVERAL,Infantil 2004-2006,2018-09-09,Sin Localidad definida,2000,,
162-974,162-974-1158,V 10K DE L'HORTA CASTELLAR-OLIVERAL,Alevin 2007-2008,2018-09-09,Sin Localidad definida,1000,,
162-974,162-974-1157,V 10K DE L'HORTA CASTELLAR-OLIVERAL,Benjamin 2009-2010,2018-09-09,Sin Localidad definida,500,,
162-974,162-974-1156,V 10K DE L'HORTA CASTELLAR-OLIVERAL,Pre Benjamin 2011-2012,2018-09-09,Sin Localidad definida,200,,
162-974,162-974-1155,V 10K DE L'HORTA CASTELLAR-OLIVERAL,Categoría hasta 5 años,2018-09-09,Sin Localidad definida,100,,
432-1082,432-1082-981,XXVII VOLTA A PEU EL PUIG,8k,2018-09-08,Sin Localidad definida,8000,314.0,89.0
307-844,307-844-1169,XXII VOLTA A PEU ALGINET,Prebenjami 2018/2011 (Inscripción mismo día de la prueba),2018-09-08,Sin Localidad definida,0,,
307-844,307-844-1170,XXII VOLTA A PEU ALGINET,Benjami 2009/2010,2018-09-08,Sin Localidad definida,500,24.0,12.0
307-844,307-844-1171,XXII VOLTA A PEU ALGINET,Alevi 2008/2007,2018-09-08,Sin Localidad definida,1000,11.0,17.0
307-844,307-844-1172,XXII VOLTA A PEU ALGINET,Infantil 2006/2005,2018-09-08,Sin Localidad definida,1500,16.0,9.0
307-844,307-844-1173,XXII VOLTA A PEU ALGINET,Cadet 2001/2004,2018-09-08,Sin Localidad definida,2050,12.0,2.0
307-844,307-844-1162,XXII VOLTA A PEU ALGINET,Carrera Absoluta,2018-09-08,Sin Localidad definida,8000,449.0,102.0
444-1165,444-1165-1150,VII GRAN FONS NOCTURN ALFAFAR,Volta a peu (5km),2018-09-01,Sin Localidad definida,5000,169.0,104.0
444-1165,444-1165-1149,VII GRAN FONS NOCTURN ALFAFAR,Gran Fons (15km),2018-09-01,Sin Localidad definida,15000,397.0,76.0
458-1193,458-1193-1104,II HOLI REMEI RUN LLÍRIA,"Holi Remei Run 3,8KM",2018-09-01,Sin Localidad definida,3800,,
542-1202,542-1202-1152,I TRAIL NOCTURNO DE CULLERA,"Trail (11,4km)",2018-08-25,Sin Localidad definida,11400,207.0,55.0
331-1204,331-1204-1180,XXIV VOLTA A PEU LA CANYADA,"Volta a peu La Canyada (6,4km)",2018-08-25,Sin Localidad definida,6400,223.0,74.0
270-964,270-964-993,IX VOLTA A PEU ILLA DEL PALMAR,Volta a Peu,2018-08-25,Sin Localidad definida,7000,390.0,112.0
306-834,306-834-1163,XXVIII VOLTA A PEU NOCTURNA A MANUEL,Baby 2013/2018,2018-08-24,Sin Localidad definida,50,,
306-834,306-834-1164,XXVIII VOLTA A PEU NOCTURNA A MANUEL,Prebenjamins 2011/2012,2018-08-24,Sin Localidad definida,200,32.0,1.0
306-834,306-834-1165,XXVIII VOLTA A PEU NOCTURNA A MANUEL,Benjamins 2009/2010,2018-08-24,Sin Localidad definida,550,16.0,9.0
306-834,306-834-1166,XXVIII VOLTA A PEU NOCTURNA A MANUEL,Alevins 2007/2008,2018-08-24,Sin Localidad definida,1100,23.0,14.0
306-834,306-834-1167,XXVIII VOLTA A PEU NOCTURNA A MANUEL,Infantils 2005/2006,2018-08-24,Sin Localidad definida,1650,11.0,13.0
306-834,306-834-1168,XXVIII VOLTA A PEU NOCTURNA A MANUEL,Cadets 2001/2004,2018-08-24,Sin Localidad definida,2200,12.0,8.0
306-834,306-834-1161,XXVIII VOLTA A PEU NOCTURNA A MANUEL,Carrera Absoluta,2018-08-24,Sin Localidad definida,8000,459.0,95.0
318-1200,318-1200-1174,XL VOLTA A PEU BENICULL,Chupetin 2013/2017,2018-08-20,Sin Localidad definida,0,,
318-1200,318-1200-1175,XL VOLTA A PEU BENICULL,Prebenjamin 2012/2011,2018-08-20,Sin Localidad definida,250,,
318-1200,318-1200-1176,XL VOLTA A PEU BENICULL,Benjamin 2010/2009,2018-08-20,Sin Localidad definida,550,,
318-1200,318-1200-1177,XL VOLTA A PEU BENICULL,Alevin 2008/2007,2018-08-20,Sin Localidad definida,800,,
318-1200,318-1200-1178,XL VOLTA A PEU BENICULL,Infantil 2006/2005,2018-08-20,Sin Localidad definida,1200,,
318-1200,318-1200-1179,XL VOLTA A PEU BENICULL,Cadet 2004/2001,2018-08-20,Sin Localidad definida,1800,,
318-1200,318-1200-1131,XL VOLTA A PEU BENICULL,Carrera Absoluta (8km),2018-08-20,Sin Localidad definida,8000,301.0,58.0
338-1198,338-1198-1127,IV CARRERA NOCTURNA CIUTAT DE SUECA,Carrera (8K),2018-08-13,Sin Localidad definida,8000,281.0,91.0
347-824,347-824-1151,IV 10K MONTSERRAT,Carrera Absoluta,2018-08-10,Sin Localidad definida,10000,386.0,75.0
394-1199,394-1199-1142,xxxi VOLTA A PEU A TURÍS,Prexupetins (2016-2017),2018-08-06,Sin Localidad definida,30,,
394-1199,394-1199-1143,xxxi VOLTA A PEU A TURÍS,Xupetins (2015-2013),2018-08-06,Sin Localidad definida,60,,
394-1199,394-1199-1144,xxxi VOLTA A PEU A TURÍS,Prebenjamins (2012-2011),2018-08-06,Sin Localidad definida,300,,
394-1199,394-1199-1145,xxxi VOLTA A PEU A TURÍS,Benjamins (2010-2009),2018-08-06,Sin Localidad definida,600,,
394-1199,394-1199-1146,xxxi VOLTA A PEU A TURÍS,Alevins (2008-2007),2018-08-06,Sin Localidad definida,1000,,
394-1199,394-1199-1147,xxxi VOLTA A PEU A TURÍS,Infantils (2006-2005),2018-08-06,Sin Localidad definida,1600,,
394-1199,394-1199-1148,xxxi VOLTA A PEU A TURÍS,Juvenils-Cadets (2004-2001),2018-08-06,Sin Localidad definida,2000,,
394-1199,394-1199-1141,xxxi VOLTA A PEU A TURÍS,Carrera Absoluta,2018-08-06,Sin Localidad definida,7700,,
387-1170,387-1170-1115,XXIII CARRERA MATUTINA A LA PLAYA DE CULLERA,Carrera Absoluta,2018-08-04,Sin Localidad definida,7000,293.0,62.0
159-954,159-954-1138,XXI VOLTA A PEU FAVARA,Benjamí (2009-2011),2018-08-04,Sin Localidad definida,830,,
159-954,159-954-1139,XXI VOLTA A PEU FAVARA,Aleví (2006-2008),2018-08-04,Sin Localidad definida,1660,,
159-954,159-954-1140,XXI VOLTA A PEU FAVARA,Cadet (2002-2005),2018-08-04,Sin Localidad definida,2490,,
159-954,159-954-992,XXI VOLTA A PEU FAVARA,Volta a Peu,2018-08-04,Sin Localidad definida,8500,418.0,117.0
305-1192,305-1192-1098,XVIII VOLTA A PEU PEL XÚQUER - RIOLA,Chupetín 2012/2016,2018-08-03,Riola,100,,
305-1192,305-1192-1099,XVIII VOLTA A PEU PEL XÚQUER - RIOLA,Pre Benjamin 2010/2011,2018-08-03,Riola,250,,
305-1192,305-1192-1100,XVIII VOLTA A PEU PEL XÚQUER - RIOLA,Benjamin 2008/2009,2018-08-03,Riola,550,,
305-1192,305-1192-1101,XVIII VOLTA A PEU PEL XÚQUER - RIOLA,Alevin 2006/2007,2018-08-03,Riola,800,,
305-1192,305-1192-1102,XVIII VOLTA A PEU PEL XÚQUER - RIOLA,Infantil 2004/2005,2018-08-03,Riola,1200,,
305-1192,305-1192-1097,XVIII VOLTA A PEU PEL XÚQUER - RIOLA,Carrera Absoluta (8km),2018-08-03,Riola,8000,293.0,85.0
305-1192,305-1192-1105,XVIII VOLTA A PEU PEL XÚQUER - RIOLA,"Marcha (4,5km)",2018-08-03,Riola,4500,,
305-1192,305-1192-1103,XVIII VOLTA A PEU PEL XÚQUER - RIOLA,Cadet 2000/2003,2018-08-03,Riola,1800,,
435-1064,435-1064-1119,IV 5K MUSEROS,Pre Benjamins ( 0-3 años),2018-07-28,Sin Localidad definida,250,,
435-1064,435-1064-1120,IV 5K MUSEROS,Benjamins (4-6 años),2018-07-28,Sin Localidad definida,500,,
435-1064,435-1064-1121,IV 5K MUSEROS,Alevins (7-9 años),2018-07-28,Sin Localidad definida,900,,
435-1064,435-1064-1122,IV 5K MUSEROS,Infantils (10-12 años),2018-07-28,Sin Localidad definida,1800,,
435-1064,435-1064-1123,IV 5K MUSEROS,Cadets (13-15 años),2018-07-28,Sin Localidad definida,2200,,
435-1064,435-1064-1124,IV 5K MUSEROS,Juvenils (16-17 años),2018-07-28,Sin Localidad definida,2500,,
435-1064,435-1064-980,IV 5K MUSEROS,10k,2018-07-28,Sin Localidad definida,10000,395.0,104.0
395-814,395-814-1132,XXII VOLTA A PEU LLAURÍ,8K,2018-07-27,Sin Localidad definida,8000,494.0,126.0
265-1164,265-1164-1094,VIII 10K SENSE LÍMITS ALDAIA,Carrera Absoluta,2018-07-21,Sin Localidad definida,10000,831.0,210.0
336-1177,336-1177-973,XI CARRERA ENTRE OLIVOS Y PINARES VALL DE ALMONACID,Marcha,2018-07-21,Sin Localidad definida,8500,,
336-1177,336-1177-972,XI CARRERA ENTRE OLIVOS Y PINARES VALL DE ALMONACID,Carrera,2018-07-21,Sin Localidad definida,8500,91.0,12.0
160-944,160-944-991,XV VOLTA A PEU JOANOT PRESÈNCIA POLINYÀ DE XÚQUER,Volta a Peu,2018-07-20,Sin Localidad definida,8000,586.0,183.0
534-1054,534-1054-979,I 5K ARCO FOIOS,5k,2018-07-14,Sin Localidad definida,5000,,
369-804,369-804-1130,VI VOLTA A PEU A L ÉNOVA,Carrera Absoluta,2018-07-14,Sin Localidad definida,8000,201.0,46.0
324-1154,324-1154-1112,XXVIII VOLTA A PEU ALBAL,10K,2018-07-14,Sin Localidad definida,10000,390.0,0.0
304-794,304-794-1118,XI VOLTA A PEU MARENY DE BARRAQUETES,"Carrera Absoluta (7,1km)",2018-07-07,Sin Localidad definida,7100,388.0,121.0
344-934,344-934-990,XXXII VOLTA A PEU SOLLANA,8k,2018-07-07,Sin Localidad definida,8000,443.0,125.0
540-1190,540-1190-1062,I TRAIL SANTA BÁRBARA  PINA DE MONTALGRAO-VILLANUEVA DE VIVER,"MODALIDAD 1 (5,4 KM)",2018-07-07,Sin Localidad definida,5400,73.0,75.0
540-1190,540-1190-1063,I TRAIL SANTA BÁRBARA  PINA DE MONTALGRAO-VILLANUEVA DE VIVER,"MODALIDAD 2 (12,2 KM)",2018-07-07,Sin Localidad definida,12200,82.0,20.0
540-1190,540-1190-1084,I TRAIL SANTA BÁRBARA  PINA DE MONTALGRAO-VILLANUEVA DE VIVER,"MODALIDAD 1 (5,4 KM) (Menores)",2018-07-07,Sin Localidad definida,5400,,
540-1190,540-1190-1085,I TRAIL SANTA BÁRBARA  PINA DE MONTALGRAO-VILLANUEVA DE VIVER,"MODALIDAD 2 (12,2 KM) (Menores)",2018-07-07,Sin Localidad definida,12200,,
266-1195,266-1195-1117,XXVI LEGUA URBANA CIUTAT DE TORRENT,Legua Urbana,2018-07-07,Sin Localidad definida,5572,419.0,0.0
457-1201,457-1201-1133,II CARRERA INFANTIL CAIXA RURAL TORRENT A PICANYA,Prebenjamí (2010-2011),2018-07-04,Sin Localidad definida,400,,
457-1201,457-1201-1134,II CARRERA INFANTIL CAIXA RURAL TORRENT A PICANYA,Benjamí (2008-2009),2018-07-04,Sin Localidad definida,600,,
457-1201,457-1201-1135,II CARRERA INFANTIL CAIXA RURAL TORRENT A PICANYA,Aleví (2006-2007),2018-07-04,Sin Localidad definida,800,,
457-1201,457-1201-1136,II CARRERA INFANTIL CAIXA RURAL TORRENT A PICANYA,Infantil (2004-2005),2018-07-04,Sin Localidad definida,1300,,
457-1201,457-1201-1137,II CARRERA INFANTIL CAIXA RURAL TORRENT A PICANYA,Cadet (2002-2003),2018-07-04,Sin Localidad definida,1500,,
524-1044,524-1044-978,"I 10k i I 4,6K MASSAMAGRELL",10k,2018-07-01,Sin Localidad definida,10000,353.0,85.0
363-644,363-644-919,III TRAIL BRONCHALES,43k,2018-07-01,Sin Localidad definida,43000,232.0,36.0
363-644,363-644-917,III TRAIL BRONCHALES,22k Running,2018-07-01,Sin Localidad definida,22000,106.0,51.0
363-644,363-644-918,III TRAIL BRONCHALES,25k,2018-07-01,Sin Localidad definida,25000,418.0,128.0
363-644,363-644-916,III TRAIL BRONCHALES,13k,2018-07-01,Sin Localidad definida,13000,294.0,253.0
391-1171,391-1171-1113,XXIII TRAVESÍA A LA PLAYA DE CULLERA,Prueba Larga,2018-07-01,Sin Localidad definida,2500,83.0,17.0
391-1171,391-1171-1114,XXIII TRAVESÍA A LA PLAYA DE CULLERA,Prueba Promoción,2018-07-01,Sin Localidad definida,1300,49.0,28.0
443-1134,443-1134-1108,XXVII VOLTA A PEU BENETÚSSER,10K,2018-06-23,Sin Localidad definida,10000,354.0,82.0
443-1134,443-1134-1109,XXVII VOLTA A PEU BENETÚSSER,5K,2018-06-23,Sin Localidad definida,5000,101.0,66.0
302-784,302-784-1095,VI VOLTA A PEU A SANT JOANET,8K,2018-06-16,Sin Localidad definida,8000,337.0,83.0
158-924,158-924-989,XXI 10K CIUTAT DE BENIPARRELL,10k,2018-06-16,Sin Localidad definida,10000,511.0,131.0
440-1034,440-1034-977,II 10k POBLA DE FARNALS,10k,2018-06-09,Sin Localidad definida,10000,431.0,124.0
228-1184,228-1184-1015,XXX GRAN FONS DE MASSANASSA,15k,2018-06-02,Sin Localidad definida,15000,700.0,105.0
260-764,260-764-1077,XXXIV VOLTA A PEU ALGEMESI,Pre Benjami (2011-2014),2018-06-02,Sin Localidad definida,80,,
260-764,260-764-1078,XXXIV VOLTA A PEU ALGEMESI,Benjami (2009-2010),2018-06-02,Sin Localidad definida,500,12.0,16.0
260-764,260-764-1079,XXXIV VOLTA A PEU ALGEMESI,Alevi (2007-2008),2018-06-02,Sin Localidad definida,1000,9.0,19.0
260-764,260-764-1080,XXXIV VOLTA A PEU ALGEMESI,Infantil (2005-2006),2018-06-02,Sin Localidad definida,1500,9.0,15.0
260-764,260-764-1081,XXXIV VOLTA A PEU ALGEMESI,Cadet (2001-2004),2018-06-02,Sin Localidad definida,1500,14.0,5.0
260-764,260-764-1076,XXXIV VOLTA A PEU ALGEMESI,Carrera Absoluta,2018-06-02,Sin Localidad definida,10000,632.0,156.0
157-914,157-914-988,V PUJADA A LA BOLA DE CULLERA,Pujada a la Bola,2018-05-27,Sin Localidad definida,10700,485.0,131.0
439-1024,439-1024-976,II SCHNEIDER ELECTRIC 7K MELIANA,7k,2018-05-26,Sin Localidad definida,7000,553.0,229.0
439-1024,439-1024-1052,II SCHNEIDER ELECTRIC 7K MELIANA,Dorsal Solidario ASPANION,2018-05-26,Sin Localidad definida,0,,
441-635,441-635-1107,XV SUBIDA VERTICAL GRAN HOTEL BALI,Descenso Silla Ruedas,2018-05-26,Sin Localidad definida,180,1.0,0.0
441-635,441-635-901,XV SUBIDA VERTICAL GRAN HOTEL BALI,Open,2018-05-26,Sin Localidad definida,180,230.0,60.0
441-635,441-635-902,XV SUBIDA VERTICAL GRAN HOTEL BALI,Élite Masculina,2018-05-26,Sin Localidad definida,180,19.0,0.0
441-635,441-635-906,XV SUBIDA VERTICAL GRAN HOTEL BALI,Bomber@s Equipados,2018-05-26,Sin Localidad definida,180,25.0,0.0
441-635,441-635-1106,XV SUBIDA VERTICAL GRAN HOTEL BALI,Élite Femenina,2018-05-26,Sin Localidad definida,180,0.0,13.0
386-1167,386-1167-1060,III CURSA ESCOLAR A CULLERA,CADETE MASCULINO (2001/02/03),2018-05-20,Sin Localidad definida,2600,5.0,0.0
386-1167,386-1167-1059,III CURSA ESCOLAR A CULLERA,CADETE FEMENINO (2001/02/03),2018-05-20,Sin Localidad definida,2000,0.0,2.0
386-1167,386-1167-1058,III CURSA ESCOLAR A CULLERA,INFANTIL MASCULINO (2004-2005),2018-05-20,Sin Localidad definida,2000,10.0,0.0
386-1167,386-1167-1057,III CURSA ESCOLAR A CULLERA,INFANTIL FEMENINO (2004-2005),2018-05-20,Sin Localidad definida,1500,0.0,4.0
386-1167,386-1167-1056,III CURSA ESCOLAR A CULLERA,ALEVIN (2006-2007),2018-05-20,Sin Localidad definida,1200,35.0,28.0
386-1167,386-1167-1055,III CURSA ESCOLAR A CULLERA,BENJAMÍN (2008-2009),2018-05-20,Sin Localidad definida,900,64.0,34.0
386-1167,386-1167-1054,III CURSA ESCOLAR A CULLERA,PREBENJAMÍN (2010),2018-05-20,Sin Localidad definida,500,24.0,23.0
386-1167,386-1167-1053,III CURSA ESCOLAR A CULLERA,QUERUBÍN (2011),2018-05-20,Sin Localidad definida,400,31.0,29.0
538-1175,538-1175-969,I MORISCOS TRAIL,43k,2018-05-20,Sin Localidad definida,43000,35.0,7.0
538-1175,538-1175-968,I MORISCOS TRAIL,23k,2018-05-20,Sin Localidad definida,23000,107.0,34.0
538-1175,538-1175-967,I MORISCOS TRAIL,13k,2018-05-20,Sin Localidad definida,13000,138.0,69.0
264-754,264-754-1088,XXIV VOLTA A PEU ALBERIC (LA CARRERA DE LA MONA),Pre-benjamins (2011 o posteriores),2018-05-19,Sin Localidad definida,100,,
264-754,264-754-1089,XXIV VOLTA A PEU ALBERIC (LA CARRERA DE LA MONA),Benjamins (2009-2010),2018-05-19,Sin Localidad definida,400,23.0,14.0
264-754,264-754-1090,XXIV VOLTA A PEU ALBERIC (LA CARRERA DE LA MONA),Alevins (2007-2008),2018-05-19,Sin Localidad definida,1000,19.0,17.0
264-754,264-754-1091,XXIV VOLTA A PEU ALBERIC (LA CARRERA DE LA MONA),Infantils (2005-2006),2018-05-19,Sin Localidad definida,1500,15.0,12.0
264-754,264-754-1092,XXIV VOLTA A PEU ALBERIC (LA CARRERA DE LA MONA),Cadets (2001-2004),2018-05-19,Sin Localidad definida,2000,7.0,4.0
264-754,264-754-1087,XXIV VOLTA A PEU ALBERIC (LA CARRERA DE LA MONA),"Carrera Absoluta (8,5km)",2018-05-19,Sin Localidad definida,8500,492.0,149.0
384-1187,384-1187-1030,XXXVIII VOLTA A PEU LLUIS VIVES,Carrera Absoluta,2018-05-18,Sin Localidad definida,5200,,
514-904,514-904-1093,"IX 10k ALBAL ""POR ESA SONRISA""",Querubín 2014/2013,2018-05-12,Sin Localidad definida,100,,
514-904,514-904-1047,"IX 10k ALBAL ""POR ESA SONRISA""",Juvenil 2002/2001,2018-05-12,Sin Localidad definida,1200,,
514-904,514-904-1046,"IX 10k ALBAL ""POR ESA SONRISA""",Cadete 2004/2003,2018-05-12,Sin Localidad definida,1200,,
514-904,514-904-1045,"IX 10k ALBAL ""POR ESA SONRISA""",Infantil 2006/2005,2018-05-12,Sin Localidad definida,1200,,
514-904,514-904-1044,"IX 10k ALBAL ""POR ESA SONRISA""",Alevin 2008/2007,2018-05-12,Sin Localidad definida,800,,
514-904,514-904-1043,"IX 10k ALBAL ""POR ESA SONRISA""",Benjamin 2010/2009,2018-05-12,Sin Localidad definida,800,,
514-904,514-904-1042,"IX 10k ALBAL ""POR ESA SONRISA""",Pre-benjamin 2011/2012,2018-05-12,Sin Localidad definida,400,,
514-904,514-904-1041,"IX 10k ALBAL ""POR ESA SONRISA""",Chupetin 2015/2018,2018-05-12,Sin Localidad definida,100,,
514-904,514-904-1040,"IX 10k ALBAL ""POR ESA SONRISA""",Caminata,2018-05-12,Sin Localidad definida,5000,,
514-904,514-904-987,"IX 10k ALBAL ""POR ESA SONRISA""",10k,2018-05-12,Sin Localidad definida,10000,533.0,146.0
535-1168,535-1168-1017,II PICATRAIL,23K,2018-05-06,Sin Localidad definida,23000,121.0,9.0
535-1168,535-1168-1018,II PICATRAIL,13K,2018-05-06,Sin Localidad definida,13300,228.0,74.0
535-1168,535-1168-1019,II PICATRAIL,CAMINATA,2018-05-06,Sin Localidad definida,10500,,
323-1124,323-1124-1000,XXXI VOLTA A PEU FIBRA VALENCIA VILA D'ALAQUAS,10k,2018-05-05,Sin Localidad definida,10000,368.0,84.0
323-1124,323-1124-1001,XXXI VOLTA A PEU FIBRA VALENCIA VILA D'ALAQUAS,5k,2018-05-05,Sin Localidad definida,5000,70.0,63.0
322-1183,322-1183-1013,VI CARRERA DE DONES D'ALDAIA,5k,2018-05-05,Sin Localidad definida,5000,24.0,154.0
322-1183,322-1183-1014,VI CARRERA DE DONES D'ALDAIA,5k (Inscripción menores de edad),2018-05-05,Sin Localidad definida,5000,,
206-744,206-744-1065,XXXI VOLTA A PEU A L´ALCÚDIA,PREBENJAMI (2018-2009),2018-05-05,Sin Localidad definida,300,,
206-744,206-744-1066,XXXI VOLTA A PEU A L´ALCÚDIA,BENJAMIN (2009-2010),2018-05-05,Sin Localidad definida,600,13.0,9.0
206-744,206-744-1067,XXXI VOLTA A PEU A L´ALCÚDIA,ALEVI (2007-2008),2018-05-05,Sin Localidad definida,1000,20.0,16.0
206-744,206-744-1068,XXXI VOLTA A PEU A L´ALCÚDIA,INFANTIL (2005-2006),2018-05-05,Sin Localidad definida,2000,11.0,10.0
206-744,206-744-1069,XXXI VOLTA A PEU A L´ALCÚDIA,CADET (2003-2001),2018-05-05,Sin Localidad definida,2000,8.0,4.0
206-744,206-744-1064,XXXI VOLTA A PEU A L´ALCÚDIA,Carrera Absoluta,2018-05-05,Sin Localidad definida,10000,537.0,117.0
392-1014,392-1014-1048,III 5K EMPERADOR MEMORIAL EVA GIMENO,Prebenjamin 2010/2011,2018-05-05,Sin Localidad definida,100,,
392-1014,392-1014-1049,III 5K EMPERADOR MEMORIAL EVA GIMENO,Benjamin 2008/2009,2018-05-05,Sin Localidad definida,400,,
392-1014,392-1014-1050,III 5K EMPERADOR MEMORIAL EVA GIMENO,Alevin 2006/2007,2018-05-05,Sin Localidad definida,800,,
392-1014,392-1014-1051,III 5K EMPERADOR MEMORIAL EVA GIMENO,Infantil 2004/2005,2018-05-05,Sin Localidad definida,1200,,
392-1014,392-1014-1061,III 5K EMPERADOR MEMORIAL EVA GIMENO,Baby 2012/2018,2018-05-05,Sin Localidad definida,0,,
392-1014,392-1014-975,III 5K EMPERADOR MEMORIAL EVA GIMENO,5k,2018-05-05,Sin Localidad definida,5000,422.0,181.0
320-1172,320-1172-1029,VII VOLTA A PEU I MARXA BONESTAR-LA LLACUNA,Marcha,2018-05-01,Sin Localidad definida,11800,21.0,24.0
320-1172,320-1172-1028,VII VOLTA A PEU I MARXA BONESTAR-LA LLACUNA,Carrera,2018-05-01,Sin Localidad definida,11800,99.0,25.0
208-1185,208-1185-1026,VII VOLTA A PEU A TAVERNES BLANQUES AVAPACE,Carrera Absoluta,2018-05-01,Sin Localidad definida,8000,439.0,190.0
208-1185,208-1185-1027,VII VOLTA A PEU A TAVERNES BLANQUES AVAPACE,Marcha,2018-05-01,Sin Localidad definida,0,,
311-894,311-894-986,IV 10MILPASSOS KANGURS BENIFAIÓ,10k,2018-04-28,Sin Localidad definida,10000,479.0,126.0
289-643,289-643-915,XI MITJA MARATÓ CIUTAT DE SUECA,Mitja Marató,2018-04-22,Sin Localidad definida,21097,160.0,18.0
221-1182,221-1182-1003,XIV MITJA MARATO i X10K CIUTAT DE TORRENT,10k,2018-04-22,Sin Localidad definida,10000,232.0,71.0
221-1182,221-1182-1002,XIV MITJA MARATO i X10K CIUTAT DE TORRENT,Media maratón,2018-04-22,Sin Localidad definida,21000,210.0,23.0
163-734,163-734-1034,V 10K BENIMODO,Menudets 2013-2018,2018-04-21,Sin Localidad definida,100,,
163-734,163-734-1035,V 10K BENIMODO,Pre-Benjamí 2011-2012,2018-04-21,Sin Localidad definida,150,,
163-734,163-734-1036,V 10K BENIMODO,Aleví 2007-2008,2018-04-21,Sin Localidad definida,720,13.0,16.0
163-734,163-734-1037,V 10K BENIMODO,Infantil 2005-2006,2018-04-21,Sin Localidad definida,1440,5.0,11.0
163-734,163-734-1038,V 10K BENIMODO,Cadet 2004-2001,2018-04-21,Sin Localidad definida,2160,10.0,4.0
163-734,163-734-1039,V 10K BENIMODO,Benjamí 2009-2010,2018-04-21,Sin Localidad definida,720,18.0,12.0
163-734,163-734-1033,V 10K BENIMODO,Carrera Absoluta,2018-04-21,Sin Localidad definida,10000,449.0,110.0
377-1114,377-1114-1032,XXXVII VOLTA A PEU XIRIVELLA,Carrera Absoluta,2018-04-15,Sin Localidad definida,6900,876.0,315.0
150-884,150-884-985,V 10k BIMI SILLA,10k,2018-04-14,Sin Localidad definida,10000,595.0,145.0
296-724,296-724-1020,XVIII VOLTA A PEU GAVARDA,Iniciació/Nanos 2011 o posteriors,2018-04-07,Sin Localidad definida,100,,
296-724,296-724-1021,XVIII VOLTA A PEU GAVARDA,Benjamí 2009/2010,2018-04-07,Sin Localidad definida,400,9.0,11.0
296-724,296-724-1022,XVIII VOLTA A PEU GAVARDA,Aleví 2007/2008,2018-04-07,Sin Localidad definida,1000,13.0,16.0
296-724,296-724-1023,XVIII VOLTA A PEU GAVARDA,Infantil 2005/2006,2018-04-07,Sin Localidad definida,1400,6.0,10.0
296-724,296-724-1024,XVIII VOLTA A PEU GAVARDA,Cadet 2001/2004,2018-04-07,Sin Localidad definida,2000,9.0,3.0
296-724,296-724-1031,XVIII VOLTA A PEU GAVARDA,Dorsal Solidario,2018-04-07,Sin Localidad definida,0,,
296-724,296-724-1025,XVIII VOLTA A PEU GAVARDA,Carrera Absoluta,2018-04-07,Sin Localidad definida,8050,344.0,79.0
433-1004,433-1004-974,XX GRAN FONS DE PUÇOL,15K,2018-04-07,Sin Localidad definida,15000,669.0,129.0
299-714,299-714-1007,XVIII VOLTA A PEU CATADAU,Benjamí 2009/2010,2018-03-24,Sin Localidad definida,500,15.0,9.0
299-714,299-714-1008,XVIII VOLTA A PEU CATADAU,Aleví 2007/2008,2018-03-24,Sin Localidad definida,1000,14.0,22.0
299-714,299-714-1009,XVIII VOLTA A PEU CATADAU,Infantil 2005/2006,2018-03-24,Sin Localidad definida,1500,5.0,13.0
299-714,299-714-1010,XVIII VOLTA A PEU CATADAU,Cadet 2001/2004,2018-03-24,Sin Localidad definida,2000,11.0,7.0
299-714,299-714-1011,XVIII VOLTA A PEU CATADAU,Mini-Benjamí 2014/2018,2018-03-24,Sin Localidad definida,80,,
299-714,299-714-1012,XVIII VOLTA A PEU CATADAU,Pre-Benjamí 2011/2013,2018-03-24,Sin Localidad definida,100,,
299-714,299-714-1006,XVIII VOLTA A PEU CATADAU,Carrera Absoluta,2018-03-24,Sin Localidad definida,10500,369.0,90.0
288-1176,288-1176-970,"VI 7K, 15k MASKOKOTAS GUADASSUAR",7k,2018-03-11,Sin Localidad definida,7000,90.0,54.0
288-1176,288-1176-971,"VI 7K, 15k MASKOKOTAS GUADASSUAR",15k,2018-03-11,Sin Localidad definida,15000,128.0,21.0
134-704,134-704-1004,VII 10k D' ALCÁNTERA DEL XÚQUER,Mitja,2018-03-11,Sin Localidad definida,21097,142.0,18.0
134-704,134-704-1005,VII 10k D' ALCÁNTERA DEL XÚQUER,Quarta,2018-03-11,Sin Localidad definida,10548,275.0,79.0
472-653,472-653-931,I TRAIL SERRA DE CORBERA,Trail,2018-03-03,Sin Localidad definida,21000,163.0,18.0
472-653,472-653-932,I TRAIL SERRA DE CORBERA,Sprint,2018-03-03,Sin Localidad definida,13000,205.0,63.0
472-653,472-653-933,I TRAIL SERRA DE CORBERA,Marcha,2018-03-03,Sin Localidad definida,8000,,
366-654,366-654-940,XI CARRERA POPULAR PARQUE NATURAL DEL TÚRIA,Cadete,2018-02-11,Sin Localidad definida,0,,
366-654,366-654-935,XI CARRERA POPULAR PARQUE NATURAL DEL TÚRIA,Nanos,2018-02-11,Sin Localidad definida,50,,
366-654,366-654-936,XI CARRERA POPULAR PARQUE NATURAL DEL TÚRIA,Pre Benjamin,2018-02-11,Sin Localidad definida,80,,
366-654,366-654-937,XI CARRERA POPULAR PARQUE NATURAL DEL TÚRIA,Benjamin,2018-02-11,Sin Localidad definida,300,,
366-654,366-654-938,XI CARRERA POPULAR PARQUE NATURAL DEL TÚRIA,Alevin,2018-02-11,Sin Localidad definida,800,,
366-654,366-654-939,XI CARRERA POPULAR PARQUE NATURAL DEL TÚRIA,Infantil,2018-02-11,Sin Localidad definida,1600,,
366-654,366-654-934,XI CARRERA POPULAR PARQUE NATURAL DEL TÚRIA,Carrera Absoluta,2018-02-11,Sin Localidad definida,10000,359.0,111.0
295-694,295-694-957,XIII GRAN FONS DE TURÍS MEMORIAL RAIMON SORIA,Benjamí,2018-02-11,Sin Localidad definida,600,10.0,7.0
295-694,295-694-958,XIII GRAN FONS DE TURÍS MEMORIAL RAIMON SORIA,Aleví,2018-02-11,Sin Localidad definida,1000,11.0,7.0
295-694,295-694-959,XIII GRAN FONS DE TURÍS MEMORIAL RAIMON SORIA,Infantil,2018-02-11,Sin Localidad definida,1600,6.0,14.0
295-694,295-694-960,XIII GRAN FONS DE TURÍS MEMORIAL RAIMON SORIA,Cadet,2018-02-11,Sin Localidad definida,2000,3.0,4.0
295-694,295-694-955,XIII GRAN FONS DE TURÍS MEMORIAL RAIMON SORIA,Gran Fons,2018-02-11,Sin Localidad definida,16000,386.0,62.0
295-694,295-694-956,XIII GRAN FONS DE TURÍS MEMORIAL RAIMON SORIA,"Iniciación 8,7k (NO PUNTUABLE)",2018-02-11,Sin Localidad definida,8750,59.0,36.0
287-634,287-634-899,VI ALÈDUA TRAIL MEMORIAL MJ,k23,2018-02-04,Sin Localidad definida,23000,239.0,29.0
287-634,287-634-900,VI ALÈDUA TRAIL MEMORIAL MJ,k11,2018-02-04,Sin Localidad definida,11000,217.0,65.0
466-629,466-629-893,I DUATLÓN INVERNAL BRONCHALES,Inscripción por parejas,2018-01-27,Sin Localidad definida,40000,86.0,0.0
466-629,466-629-894,I DUATLÓN INVERNAL BRONCHALES,Categoría individual,2018-01-27,Sin Localidad definida,40000,67.0,4.0
321-641,321-641-911,IV VOLTA MUNTANYA DE LLAURÍ,TRA·LLA,2018-01-27,Sin Localidad definida,18000,138.0,20.0
321-641,321-641-912,IV VOLTA MUNTANYA DE LLAURÍ,SPRINT,2018-01-27,Sin Localidad definida,8500,111.0,51.0
136-636,136-636-903,IX TRAIL 3 PICS LES RODANES,28k,2018-01-21,Sin Localidad definida,28000,159.0,22.0
136-636,136-636-904,IX TRAIL 3 PICS LES RODANES,14k,2018-01-21,Sin Localidad definida,14000,291.0,105.0
136-636,136-636-905,IX TRAIL 3 PICS LES RODANES,8k,2018-01-21,Sin Localidad definida,8000,51.0,45.0
471-652,471-652-930,IV GALA CIRCUIT CAIXA POPULAR RUNNING SOLIDARI,Gala Circuit Caixa Popular Running Solidari,2018-01-10,Sin Localidad definida,0,,
468-631,468-631-896,IV 10K Arco Foios per la Fibrosi Quistica,Carrera Absoluta,2018-01-07,Sin Localidad definida,10000,758.0,291.0
113-647,113-647-922,XXXIII SAN SILVESTRE D'ALBALAT DE LA RIBERA,Carrera Absoluta,2017-12-31,Sin Localidad definida,0,,
416-639,416-639-908,III SANT SILVESTRE D'ALMUSSAFES,Carrera Absoluta,2017-12-30,Sin Localidad definida,0,,
416-639,416-639-910,III SANT SILVESTRE D'ALMUSSAFES,Curses Infantils,2017-12-30,Sin Localidad definida,0,,
422-646,422-646-920,II SANT SILVESTRE DE MONTSERRAT,Carrera Absoluta,2017-12-30,Sin Localidad definida,0,,
368-645,368-645-921,V SANT SILVESTRE DE CULLERA,Carrera Absoluta,2017-12-29,Sin Localidad definida,0,,
367-648,367-648-924,XIX SAN SILVESTRE DE MISLATA,Carrera Absoluta,2017-12-29,Sin Localidad definida,0,,
470-649,470-649-925,III SAN SILVESTRE SOLIDARIA DE BENETÚSSER,Carrera Absoluta,2017-12-29,Sin Localidad definida,0,,
470-649,470-649-926,III SAN SILVESTRE SOLIDARIA DE BENETÚSSER,Carreras Infantiles,2017-12-29,Sin Localidad definida,0,,
360-638,360-638-907,III SANT SILVESTRE NOCTURNA RIOLA,Carrera Absoluta,2017-12-28,Sin Localidad definida,5000,,
425-650,425-650-927,VIII SANT SILVESTRE VILAMARXANT,Carrera Absoluta,2017-12-28,Sin Localidad definida,0,,
425-650,425-650-928,VIII SANT SILVESTRE VILAMARXANT,Carreras Infantiles,2017-12-28,Sin Localidad definida,0,,
361-588,361-588-775,XVI CURSA DE NADAL BÉTERA,Carrera Absoluta,2017-12-17,Sin Localidad definida,0,,
361-588,361-588-776,XVI CURSA DE NADAL BÉTERA,Cadete,2017-12-17,Sin Localidad definida,0,,
361-588,361-588-777,XVI CURSA DE NADAL BÉTERA,Infantil,2017-12-17,Sin Localidad definida,0,,
361-588,361-588-778,XVI CURSA DE NADAL BÉTERA,Alevín,2017-12-17,Sin Localidad definida,0,,
361-588,361-588-779,XVI CURSA DE NADAL BÉTERA,Benjamín,2017-12-17,Sin Localidad definida,0,,
361-588,361-588-780,XVI CURSA DE NADAL BÉTERA,Pre Benjamín,2017-12-17,Sin Localidad definida,0,,
361-588,361-588-781,XVI CURSA DE NADAL BÉTERA,Mini Benjamín,2017-12-17,Sin Localidad definida,0,,
421-640,421-640-909,V SAN SILVESTRE SOLIDARIA POBLA DE FARNALS,Carrera Absoluta,2017-12-16,Sin Localidad definida,0,152.0,51.0
446-580,446-580-748,II TRAIL MARINES VELL 2017,Trail 21k,2017-12-10,Sin Localidad definida,0,241.0,36.0
451-589,451-589-782,I MARCHA CICLOTURISTA DE L’OLLERIA,Carrera Absoluta,2017-12-09,Sin Localidad definida,0,143.0,7.0
351-565,351-565-717,III 10k y 5K DINOSAURIS MONCADA,Carrera Absoluta,2017-12-03,Sin Localidad definida,0,206.0,83.0
469-642,469-642-914,I GALA CIRCUIT DE L'HORTA NORD,Entrada,2017-12-02,Sin Localidad definida,0,,
411-535,411-535-679,II TRAIL DE L'OLLERÍA,Trail 23k,2017-11-26,Sin Localidad definida,0,107.0,26.0
411-535,411-535-680,II TRAIL DE L'OLLERÍA,Trail 14k,2017-11-26,Sin Localidad definida,0,188.0,52.0
411-535,411-535-681,II TRAIL DE L'OLLERÍA,Marcha 14k,2017-11-26,Sin Localidad definida,0,21.0,33.0
227-564,227-564-716,XXXVII BESTDRIVE 10K. MISLATA 2018,Carrera Absoluta,2017-11-26,Sin Localidad definida,0,484.0,128.0
467-630,467-630-895,IV 10K DULCES DE CASINOS,Carrera Absoluta,2017-11-25,Sin Localidad definida,0,134.0,35.0
414-633,414-633-898,XVIII VOLTA POPULAR EN BICICLETA,Volta Popular,2017-11-19,Sin Localidad definida,0,,
285-623,285-623-888,VI VOLTA A PEU SANTA CECILIA CULLERA,Carrera Absoluta,2017-11-12,Sin Localidad definida,0,,
282-625,282-625-890,IV CAMINATA PER LA MPOC,Marcha,2017-11-12,Sin Localidad definida,0,,
359-626,359-626-891,IV CURSA PER EQUIPS I MARXA DE L'MPOC,Cursa MPOC,2017-11-12,Sin Localidad definida,0,,
442-570,442-570-723,IV 5K MASSALFASSAR,5k,2017-11-11,Sin Localidad definida,0,394.0,123.0
409-627,409-627-892,III 10k y la VII Caminata de la Miel,Carrera Absoluta,2017-11-05,Sin Localidad definida,0,178.0,33.0
357-624,357-624-889,IV GALA FINAL CIRCUIT DE L'ALBUFERA,Absoluta,2017-11-03,Sin Localidad definida,0,,
434-553,434-553-701,IV 5K Y 10K ALBALAT DELS SORELLS,10k,2017-10-28,Sin Localidad definida,0,337.0,83.0
434-553,434-553-702,IV 5K Y 10K ALBALAT DELS SORELLS,5k,2017-10-28,Sin Localidad definida,0,107.0,97.0
462-620,462-620-885,XXXIV VOLTA A PEU A CULLERA,Carrera Absoluta,2017-10-28,Sin Localidad definida,1,257.0,88.0
373-534,373-534-676,III TRAIL DE SELLENT,"Trail 17,5k",2017-10-22,Sin Localidad definida,0,72.0,12.0
373-534,373-534-677,III TRAIL DE SELLENT,Sprint 13k,2017-10-22,Sin Localidad definida,0,124.0,45.0
373-534,373-534-678,III TRAIL DE SELLENT,Marcha 13k,2017-10-22,Sin Localidad definida,0,21.0,19.0
275-574,275-574-733,XXVIII VOLTA A PEU VILAMARXANT,Carrera Absoluta,2017-10-09,Sin Localidad definida,0,104.0,39.0
275-574,275-574-879,XXVIII VOLTA A PEU VILAMARXANT,Juvenil,2017-10-09,Sin Localidad definida,0,,
275-574,275-574-880,XXVIII VOLTA A PEU VILAMARXANT,Cadete,2017-10-09,Sin Localidad definida,0,,
396-533,396-533-673,II TRAIL DE TOUS,Trail 21k,2017-10-08,Sin Localidad definida,0,87.0,10.0
396-533,396-533-674,II TRAIL DE TOUS,Trail 14k,2017-10-08,Sin Localidad definida,0,112.0,37.0
396-533,396-533-675,II TRAIL DE TOUS,Marcha 14k,2017-10-08,Sin Localidad definida,0,23.0,18.0
330-563,330-563-715,V 10K MANISES MEMORIAL JUAN RAMON FERRER,Carrera Absoluta,2017-10-08,Sin Localidad definida,0,272.0,83.0
332-561,332-561-712,IV MITJA MARATÓ DEL KAKI,Carrera Absoluta,2017-10-01,Sin Localidad definida,0,642.0,96.0
21-611,21-611-843,V CURSA MUNTANYA OLOCAU,Trail,2017-10-01,Sin Localidad definida,0,,
21-611,21-611-844,V CURSA MUNTANYA OLOCAU,Iniciació,2017-10-01,Sin Localidad definida,0,180.0,100.0
21-611,21-611-845,V CURSA MUNTANYA OLOCAU,Kidsmountain,2017-10-01,Sin Localidad definida,0,,
381-439,381-439-443,I 10K i III 5K RAFELBUNYOL,Carrera Absoluta,2017-10-01,Sin Localidad definida,0,376.0,114.0
161-547,161-547-692,XXX 10K i 20K CIUTAT DE SUECA,10k,2017-09-30,Sin Localidad definida,0,476.0,171.0
161-547,161-547-693,XXX 10K i 20K CIUTAT DE SUECA,20k,2017-09-30,Sin Localidad definida,0,171.0,31.0
463-621,463-621-886,II 10k IVASPE VALENCIA,Carrera Absoluta,2017-09-30,Sin Localidad definida,0,199.0,31.0
447-582,447-582-751,XI PUJADA A LA MONTIELETA - BENAGUASIL,Carrera Absoluta,2017-09-23,Sin Localidad definida,0,398.0,80.0
337-600,337-600-813,III CARRERA SOLIDARIA FALLA EL DIVENDRES  MASSANASSA,Carrera,2017-09-23,Sin Localidad definida,0,168.0,121.0
337-600,337-600-814,III CARRERA SOLIDARIA FALLA EL DIVENDRES  MASSANASSA,Marcha,2017-09-23,Sin Localidad definida,0,,
354-612,354-612-846,III GRAN FONS TRITONS ALBALAT DE LA RIBERA,Gran Fons,2017-09-17,Sin Localidad definida,0,254.0,44.0
354-612,354-612-847,III GRAN FONS TRITONS ALBALAT DE LA RIBERA,Fons,2017-09-17,Sin Localidad definida,0,89.0,38.0
156-546,156-546-691,XXXIV VOLTA A PEU PORT DE CATARROJA,Carrera Absoluta,2017-09-16,Sin Localidad definida,0,602.0,135.0
400-617,400-617-881,XXXI VOLTA A PEU QUART DE POBLET,Carrera Absoluta,2017-09-16,Sin Localidad definida,0,573.0,181.0
372-532,372-532-670,III TRAIL ALCÀNTERA DE XÚQUER,Trail 21k,2017-09-10,Sin Localidad definida,0,90.0,10.0
372-532,372-532-671,III TRAIL ALCÀNTERA DE XÚQUER,Trail 14k,2017-09-10,Sin Localidad definida,0,143.0,47.0
372-532,372-532-672,III TRAIL ALCÀNTERA DE XÚQUER,Marcha 14k,2017-09-10,Sin Localidad definida,0,4.0,10.0
162-545,162-545-690,IV 10K DE L'HORTA CASTELLAR-OLIVERAL,Carrera Absoluta,2017-09-10,Sin Localidad definida,0,727.0,166.0
162-545,162-545-863,IV 10K DE L'HORTA CASTELLAR-OLIVERAL,Infantil,2017-09-10,Sin Localidad definida,0,,
162-545,162-545-864,IV 10K DE L'HORTA CASTELLAR-OLIVERAL,Alevin,2017-09-10,Sin Localidad definida,0,,
162-545,162-545-865,IV 10K DE L'HORTA CASTELLAR-OLIVERAL,Benjamin,2017-09-10,Sin Localidad definida,0,,
162-545,162-545-866,IV 10K DE L'HORTA CASTELLAR-OLIVERAL,Pre-Benjamin,2017-09-10,Sin Localidad definida,0,,
432-550,432-550-698,XXVI VOLTA A PEU EL PUIG,Carrera Absoluta,2017-09-09,Sin Localidad definida,0,342.0,85.0
444-573,444-573-731,VI GRAN FONS NOCTURN ALFAFAR,Gran Fons,2017-09-09,Sin Localidad definida,0,362.0,79.0
444-573,444-573-732,VI GRAN FONS NOCTURN ALFAFAR,Volta a Peu,2017-09-09,Sin Localidad definida,0,114.0,81.0
331-559,331-559-710,XXIII VOLTA A PEU LA CANYADA,Carrera Absoluta,2017-08-26,Sin Localidad definida,0,293.0,118.0
437-560,437-560-711,IX VOLTA A PEU ALBUIXECH,Carrera Absoluta,2017-08-25,Sin Localidad definida,0,418.0,109.0
448-583,448-583-752,XV VOLTA A PEU LORIGUILLA,Carrera Absoluta,2017-08-23,Sin Localidad definida,0,281.0,65.0
448-583,448-583-758,XV VOLTA A PEU LORIGUILLA,Cadetes,2017-08-23,Sin Localidad definida,0,,
448-583,448-583-759,XV VOLTA A PEU LORIGUILLA,Infantiles,2017-08-23,Sin Localidad definida,0,,
448-583,448-583-760,XV VOLTA A PEU LORIGUILLA,Alevines,2017-08-23,Sin Localidad definida,0,,
448-583,448-583-761,XV VOLTA A PEU LORIGUILLA,Benjamines,2017-08-23,Sin Localidad definida,0,,
448-583,448-583-762,XV VOLTA A PEU LORIGUILLA,Pre Benjamines,2017-08-23,Sin Localidad definida,0,,
318-608,318-608-830,XXXIX VOLTA A PEU BENICULL,Carrera Absoluta,2017-08-21,Sin Localidad definida,0,273.0,48.0
318-608,318-608-870,XXXIX VOLTA A PEU BENICULL,Infantil,2017-08-21,Sin Localidad definida,0,,
318-608,318-608-871,XXXIX VOLTA A PEU BENICULL,Alevín,2017-08-21,Sin Localidad definida,0,,
318-608,318-608-872,XXXIX VOLTA A PEU BENICULL,Benjamín,2017-08-21,Sin Localidad definida,0,,
318-608,318-608-873,XXXIX VOLTA A PEU BENICULL,Prebenjamín,2017-08-21,Sin Localidad definida,0,,
318-608,318-608-874,XXXIX VOLTA A PEU BENICULL,Querubín,2017-08-21,Sin Localidad definida,0,,
349-605,349-605-826,III CARRERA I MARXA FESTES DEL CRIST MASSALAVÉS,Carrera,2017-08-18,Sin Localidad definida,0,112.0,20.0
349-605,349-605-827,III CARRERA I MARXA FESTES DEL CRIST MASSALAVÉS,Marcha,2017-08-18,Sin Localidad definida,0,35.0,16.0
305-584,305-584-763,XVII VOLTA A PEU PEL XÚQUER - RIOLA,8k,2017-08-12,Sin Localidad definida,0,423.0,106.0
305-584,305-584-764,XVII VOLTA A PEU PEL XÚQUER - RIOLA,Marcha,2017-08-12,Sin Localidad definida,0,,
305-584,305-584-817,XVII VOLTA A PEU PEL XÚQUER - RIOLA,Chupetín,2017-08-12,Sin Localidad definida,0,,
305-584,305-584-818,XVII VOLTA A PEU PEL XÚQUER - RIOLA,Prebenjamín,2017-08-12,Sin Localidad definida,0,,
305-584,305-584-819,XVII VOLTA A PEU PEL XÚQUER - RIOLA,Benjamín,2017-08-12,Sin Localidad definida,0,,
305-584,305-584-820,XVII VOLTA A PEU PEL XÚQUER - RIOLA,Alevín,2017-08-12,Sin Localidad definida,0,,
305-584,305-584-821,XVII VOLTA A PEU PEL XÚQUER - RIOLA,Infantil,2017-08-12,Sin Localidad definida,0,,
305-584,305-584-822,XVII VOLTA A PEU PEL XÚQUER - RIOLA,Cadete,2017-08-12,Sin Localidad definida,0,,
453-593,453-593-788,XI LEGUA SAN ANTONIO DE BENAGÉBER,Legua,2017-08-12,Sin Localidad definida,0,102.0,45.0
453-593,453-593-875,XI LEGUA SAN ANTONIO DE BENAGÉBER,0-5 años,2017-08-12,Sin Localidad definida,0,,
453-593,453-593-876,XI LEGUA SAN ANTONIO DE BENAGÉBER,6-8 años,2017-08-12,Sin Localidad definida,0,,
453-593,453-593-877,XI LEGUA SAN ANTONIO DE BENAGÉBER,9-11 años,2017-08-12,Sin Localidad definida,0,,
453-593,453-593-878,XI LEGUA SAN ANTONIO DE BENAGÉBER,12-15 años,2017-08-12,Sin Localidad definida,0,,
338-602,338-602-816,III CARRERA NOCTURNA CIUTAT DE SUECA,Carrera Absoluta,2017-08-07,Sin Localidad definida,0,319.0,112.0
394-613,394-613-853,XXX VOLTA A PEU A TURÍS,Carrera Absoluta,2017-08-07,Sin Localidad definida,0,,
394-613,394-613-854,XXX VOLTA A PEU A TURÍS,Prexupetins,2017-08-07,Sin Localidad definida,0,,
394-613,394-613-855,XXX VOLTA A PEU A TURÍS,Xupetins,2017-08-07,Sin Localidad definida,0,,
394-613,394-613-856,XXX VOLTA A PEU A TURÍS,PreBenjamins,2017-08-07,Sin Localidad definida,0,,
394-613,394-613-857,XXX VOLTA A PEU A TURÍS,Benjamins,2017-08-07,Sin Localidad definida,0,,
394-613,394-613-858,XXX VOLTA A PEU A TURÍS,Alevins,2017-08-07,Sin Localidad definida,0,,
394-613,394-613-859,XXX VOLTA A PEU A TURÍS,Infantils,2017-08-07,Sin Localidad definida,0,,
394-613,394-613-860,XXX VOLTA A PEU A TURÍS,Juvenils,2017-08-07,Sin Localidad definida,0,,
159-544,159-544-689,XX VOLTA A PEU FAVARA,Carrera Absoluta,2017-08-05,Sin Localidad definida,0,514.0,113.0
159-544,159-544-848,XX VOLTA A PEU FAVARA,Xupetins,2017-08-05,Sin Localidad definida,0,,
159-544,159-544-849,XX VOLTA A PEU FAVARA,PreBenjamins,2017-08-05,Sin Localidad definida,0,,
159-544,159-544-850,XX VOLTA A PEU FAVARA,Benjamins,2017-08-05,Sin Localidad definida,0,,
159-544,159-544-851,XX VOLTA A PEU FAVARA,Alevins,2017-08-05,Sin Localidad definida,0,,
159-544,159-544-852,XX VOLTA A PEU FAVARA,Cadets,2017-08-05,Sin Localidad definida,0,,
387-579,387-579-747,XXII CARRERA MATUTINA A LA PLAYA DE CULLERA,Carrera Absoluta,2017-08-05,Sin Localidad definida,0,341.0,69.0
342-606,342-606-828,XXVII VOLTA A PEU ALBALAT DELS TARONGERS,Carrera Absoluta,2017-08-04,Sin Localidad definida,0,189.0,43.0
460-615,460-615-868,I 5k SOLIDARI FOIOS,Carrera Absoluta,2017-08-04,Sin Localidad definida,0,,
435-554,435-554-704,III 5K MUSEROS,10k,2017-07-29,Sin Localidad definida,0,443.0,104.0
435-554,435-554-836,III 5K MUSEROS,Micro,2017-07-29,Sin Localidad definida,0,,
435-554,435-554-837,III 5K MUSEROS,Juniors,2017-07-29,Sin Localidad definida,0,,
435-554,435-554-838,III 5K MUSEROS,Prebenjamines,2017-07-29,Sin Localidad definida,0,,
435-554,435-554-839,III 5K MUSEROS,Benjamines,2017-07-29,Sin Localidad definida,0,,
435-554,435-554-840,III 5K MUSEROS,Alevin,2017-07-29,Sin Localidad definida,0,,
435-554,435-554-841,III 5K MUSEROS,Infantil,2017-07-29,Sin Localidad definida,0,,
435-554,435-554-861,III 5K MUSEROS,Cadete,2017-07-29,Sin Localidad definida,0,,
344-610,344-610-842,XXXI VOLTA A PEU SOLLANA,Carrera Absoluta,2017-07-29,Sin Localidad definida,0,263.0,56.0
272-607,272-607-829,V VOLTA A PEU RAFELGUARAF (INSCRIPCIONES EN META),Carrera Absoluta,2017-07-27,Sin Localidad definida,0,,
265-558,265-558-709,VII 10K SENSE LÍMITS ALDAIA,Carrera Absoluta,2017-07-22,Sin Localidad definida,0,829.0,229.0
336-597,336-597-802,X CARRERA ENTRE OLIVOS Y PINARES VALL DE ALMONACID,Carrera,2017-07-22,Sin Localidad definida,0,138.0,17.0
336-597,336-597-803,X CARRERA ENTRE OLIVOS Y PINARES VALL DE ALMONACID,Marcha,2017-07-22,Sin Localidad definida,0,,
160-543,160-543-688,XIV VOLTA A PEU JOANOT PRESÈNCIA POLINYÀ DE XÚQUER,Carrera Absoluta,2017-07-21,Sin Localidad definida,0,619.0,172.0
390-531,390-531-667,V TRAIL DE BICORP,Trail 21k,2017-07-16,Sin Localidad definida,0,120.0,29.0
390-531,390-531-668,V TRAIL DE BICORP,Trail 14k,2017-07-16,Sin Localidad definida,0,193.0,68.0
390-531,390-531-669,V TRAIL DE BICORP,Marcha 14k,2017-07-16,Sin Localidad definida,0,5.0,25.0
450-587,450-587-767,XXXI VOLTA A PEU NOCTURNA A LA POBLA DE VALLBONA,Carrera Absoluta,2017-07-16,Sin Localidad definida,0,301.0,89.0
450-587,450-587-768,XXXI VOLTA A PEU NOCTURNA A LA POBLA DE VALLBONA,Juvenil,2017-07-16,Sin Localidad definida,0,,
450-587,450-587-769,XXXI VOLTA A PEU NOCTURNA A LA POBLA DE VALLBONA,Cadete,2017-07-16,Sin Localidad definida,0,,
450-587,450-587-770,XXXI VOLTA A PEU NOCTURNA A LA POBLA DE VALLBONA,Infantil,2017-07-16,Sin Localidad definida,0,,
450-587,450-587-771,XXXI VOLTA A PEU NOCTURNA A LA POBLA DE VALLBONA,Alevín,2017-07-16,Sin Localidad definida,0,,
450-587,450-587-772,XXXI VOLTA A PEU NOCTURNA A LA POBLA DE VALLBONA,Benjamin,2017-07-16,Sin Localidad definida,0,,
450-587,450-587-773,XXXI VOLTA A PEU NOCTURNA A LA POBLA DE VALLBONA,Pre Benjamin,2017-07-16,Sin Localidad definida,0,,
450-587,450-587-774,XXXI VOLTA A PEU NOCTURNA A LA POBLA DE VALLBONA,Mini Benjamin,2017-07-16,Sin Localidad definida,0,,
270-542,270-542-687,VIII VOLTA A PEU ILLA DEL PALMAR,Carrera Absoluta,2017-07-08,Sin Localidad definida,0,460.0,132.0
324-557,324-557-708,XXVII VOLTA A PEU ALBAL,Carrera Absoluta,2017-07-08,Sin Localidad definida,0,388.0,86.0
266-604,266-604-825,XXV LEGUA URBANA CIUTAT DE TORRENT,Legua Urbana,2017-07-08,Sin Localidad definida,0,284.0,113.0
229-603,229-603-823,XXIV VOLTA A PEU GUADASSUAR (INSCRIPCIONS EN META),Carrera Absoluta,2017-07-06,Sin Localidad definida,0,,
363-525,363-525-650,II TRAIL BRONCHALES,43k,2017-07-02,Sin Localidad definida,0,231.0,33.0
363-525,363-525-651,II TRAIL BRONCHALES,25k Trail,2017-07-02,Sin Localidad definida,0,325.0,79.0
363-525,363-525-652,II TRAIL BRONCHALES,22k Running,2017-07-02,Sin Localidad definida,0,93.0,30.0
363-525,363-525-653,II TRAIL BRONCHALES,13k Trail,2017-07-02,Sin Localidad definida,0,308.0,216.0
391-578,391-578-737,XXII TRAVESÍA A LA PLAYA DE CULLERA,Prueba Larga,2017-07-02,Sin Localidad definida,0,118.0,16.0
391-578,391-578-738,XXII TRAVESÍA A LA PLAYA DE CULLERA,Promoción,2017-07-02,Sin Localidad definida,0,80.0,20.0
457-609,457-609-831,I CARRERA INFANTIL CAIXA RURAL TORRENT A PICANYA,PreBenjamí,2017-07-02,Sin Localidad definida,0,,
457-609,457-609-832,I CARRERA INFANTIL CAIXA RURAL TORRENT A PICANYA,Benjamí,2017-07-02,Sin Localidad definida,0,,
457-609,457-609-833,I CARRERA INFANTIL CAIXA RURAL TORRENT A PICANYA,Aleví,2017-07-02,Sin Localidad definida,0,,
457-609,457-609-834,I CARRERA INFANTIL CAIXA RURAL TORRENT A PICANYA,Infantil,2017-07-02,Sin Localidad definida,0,,
457-609,457-609-835,I CARRERA INFANTIL CAIXA RURAL TORRENT A PICANYA,Cadet,2017-07-02,Sin Localidad definida,0,,
261-598,261-598-806,XIV VOLTA A PEU NOCTURNA RIBA-ROJA DE TURIA,Carrera Absoluta,2017-06-30,Sin Localidad definida,0,464.0,188.0
455-599,455-599-807,I I TRAIL NOCTURNO RIBA-ROJA DE TÚRIA,Trail,2017-06-30,Sin Localidad definida,0,183.0,67.0
443-572,443-572-730,XXVI VOLTA A PEU BENETÚSSER,10k,2017-06-24,Sin Localidad definida,0,307.0,65.0
443-572,443-572-824,XXVI VOLTA A PEU BENETÚSSER,5k,2017-06-24,Sin Localidad definida,0,58.0,58.0
456-601,456-601-815,I 7K SALADAR-SILLA,Carrera Absoluta,2017-06-24,Sin Localidad definida,0,106.0,25.0
158-540,158-540-686,XX 10K CIUTAT DE BENIPARRELL,Carrera Absoluta,2017-06-17,Sin Localidad definida,0,473.0,73.0
158-540,158-540-808,XX 10K CIUTAT DE BENIPARRELL,Categoria 1,2017-06-17,Sin Localidad definida,0,,
158-540,158-540-809,XX 10K CIUTAT DE BENIPARRELL,Categoria 2,2017-06-17,Sin Localidad definida,0,,
158-540,158-540-810,XX 10K CIUTAT DE BENIPARRELL,Categoria 3,2017-06-17,Sin Localidad definida,0,,
158-540,158-540-811,XX 10K CIUTAT DE BENIPARRELL,Categoria 4,2017-06-17,Sin Localidad definida,0,,
440-568,440-568-720,I 10k POBLA DE FARNALS,Carrera Absoluta,2017-06-17,Sin Localidad definida,0,366.0,82.0
228-539,228-539-685,XXIX GRAN FONS DE MASSANASSA,Carrera Absoluta,2017-06-03,Sin Localidad definida,0,992.0,183.0
454-596,454-596-798,I CURSA ESCOLAR CAIXA RURAL TORRENT (MONTSERRAT),PreBenjamí,2017-05-27,Sin Localidad definida,0,,
454-596,454-596-799,I CURSA ESCOLAR CAIXA RURAL TORRENT (MONTSERRAT),Benjamí,2017-05-27,Sin Localidad definida,0,,
454-596,454-596-800,I CURSA ESCOLAR CAIXA RURAL TORRENT (MONTSERRAT),Aleví,2017-05-27,Sin Localidad definida,0,,
454-596,454-596-801,I CURSA ESCOLAR CAIXA RURAL TORRENT (MONTSERRAT),Infantil,2017-05-27,Sin Localidad definida,0,,
157-538,157-538-684,IV PUJADA A LA BOLA DE CULLERA,Carrera Absoluta,2017-05-21,Sin Localidad definida,0,473.0,108.0
221-586,221-586-765,XIII MITJA MARATO i X10K CIUTAT DE TORRENT,Media Maratón,2017-05-21,Sin Localidad definida,0,220.0,22.0
221-586,221-586-766,XIII MITJA MARATO i X10K CIUTAT DE TORRENT,10K,2017-05-21,Sin Localidad definida,0,194.0,64.0
452-592,452-592-787,VII 10K DOMEÑO,Carrera Absoluta,2017-05-21,Sin Localidad definida,0,94.0,30.0
439-567,439-567-719,I SCHNEIDER ELECTRIC 7K MELIANA,Carrera Absoluta,2017-05-20,Sin Localidad definida,0,599.0,251.0
384-595,384-595-797,XXXVII VOLTA A PEU LLUIS VIVES,Carrera Absoluta,2017-05-20,Sin Localidad definida,0,,
441-569,441-569-721,XIV SUBIDA VERTICAL GRAN HOTEL BALI,Open,2017-05-13,Sin Localidad definida,0,159.0,36.0
441-569,441-569-722,XIV SUBIDA VERTICAL GRAN HOTEL BALI,Élite,2017-05-13,Sin Localidad definida,0,23.0,10.0
264-571,264-571-725,XXIII VOLTA A PEU ALBERIC (LA CARRERA DE LA MONA),Carrera Absoluta,2017-05-13,Sin Localidad definida,0,178.0,52.0
264-571,264-571-726,XXIII VOLTA A PEU ALBERIC (LA CARRERA DE LA MONA),Infantil,2017-05-13,Sin Localidad definida,0,,
264-571,264-571-727,XXIII VOLTA A PEU ALBERIC (LA CARRERA DE LA MONA),Alevín,2017-05-13,Sin Localidad definida,0,,
264-571,264-571-728,XXIII VOLTA A PEU ALBERIC (LA CARRERA DE LA MONA),Benjamín,2017-05-13,Sin Localidad definida,0,,
264-571,264-571-729,XXIII VOLTA A PEU ALBERIC (LA CARRERA DE LA MONA),Pre  Benjamín,2017-05-13,Sin Localidad definida,0,,
371-530,371-530-664,II TRAIL DE SUMACÁRCER,Trail 20k,2017-05-07,Sin Localidad definida,0,87.0,18.0
371-530,371-530-665,II TRAIL DE SUMACÁRCER,Sprint 11k,2017-05-07,Sin Localidad definida,0,172.0,68.0
371-530,371-530-666,II TRAIL DE SUMACÁRCER,Marcha 14k,2017-05-07,Sin Localidad definida,0,23.0,21.0
392-552,392-552-700,II 5K EMPERADOR MEMORIAL EVA GIMENO,Carrera Absoluta,2017-05-06,Sin Localidad definida,0,378.0,182.0
392-552,392-552-790,II 5K EMPERADOR MEMORIAL EVA GIMENO,Inscripción Solidaria,2017-05-06,Sin Localidad definida,0,,
392-552,392-552-792,II 5K EMPERADOR MEMORIAL EVA GIMENO,Pre Benjamín 2009-10,2017-05-06,Sin Localidad definida,0,,
392-552,392-552-793,II 5K EMPERADOR MEMORIAL EVA GIMENO,Benjamin 2007-08,2017-05-06,Sin Localidad definida,0,,
392-552,392-552-794,II 5K EMPERADOR MEMORIAL EVA GIMENO,Alevin 2005-06,2017-05-06,Sin Localidad definida,0,,
392-552,392-552-795,II 5K EMPERADOR MEMORIAL EVA GIMENO,Infantil 2003-04,2017-05-06,Sin Localidad definida,0,,
392-552,392-552-804,II 5K EMPERADOR MEMORIAL EVA GIMENO,Minis 2011-13,2017-05-06,Sin Localidad definida,0,,
392-552,392-552-805,II 5K EMPERADOR MEMORIAL EVA GIMENO,Super Minis 2014-16,2017-05-06,Sin Localidad definida,0,,
322-591,322-591-786,V CARRERA DE DONES D'ALDAIA,Carrera Absoluta,2017-05-06,Sin Localidad definida,0,25.0,155.0
320-576,320-576-735,VI VOLTA A PEU I MARXA BONESTAR-LA LLACUNA,Carrera,2017-05-01,Sin Localidad definida,0,88.0,20.0
320-576,320-576-736,VI VOLTA A PEU I MARXA BONESTAR-LA LLACUNA,Marcha,2017-05-01,Sin Localidad definida,0,32.0,27.0
311-537,311-537-683,III 10MILPASSOS KANGURS BENIFAIÓ,Carrera Absoluta,2017-04-29,Sin Localidad definida,0,498.0,114.0
445-575,445-575-734,VI 7K SANT VICENT DE LLIRIA,Carrera Absoluta,2017-04-29,Sin Localidad definida,0,176.0,54.0
375-581,375-581-749,IV CULLERA TRAIL,14k,2017-04-22,Sin Localidad definida,0,293.0,51.0
375-581,375-581-750,IV CULLERA TRAIL,6.5k,2017-04-22,Sin Localidad definida,0,56.0,28.0
429-529,429-529-661,I TRAIL DE NAVALÓN,Trail,2017-04-09,Sin Localidad definida,0,94.0,15.0
429-529,429-529-662,I TRAIL DE NAVALÓN,Sprint,2017-04-09,Sin Localidad definida,0,122.0,41.0
429-529,429-529-663,I TRAIL DE NAVALÓN,Marcha,2017-04-09,Sin Localidad definida,0,26.0,47.0
377-555,377-555-705,XXXVI VOLTA A PEU XIRIVELLA,Carrera Absoluta,2017-04-09,Sin Localidad definida,0,860.0,256.0
386-577,386-577-739,II CURSA ESCOLAR A CULLERA,Cadete M,2017-04-09,Sin Localidad definida,0,8.0,0.0
386-577,386-577-740,II CURSA ESCOLAR A CULLERA,Cadete F,2017-04-09,Sin Localidad definida,0,4.0,0.0
386-577,386-577-741,II CURSA ESCOLAR A CULLERA,Infantil M,2017-04-09,Sin Localidad definida,0,18.0,0.0
386-577,386-577-742,II CURSA ESCOLAR A CULLERA,Infantil F,2017-04-09,Sin Localidad definida,0,5.0,0.0
386-577,386-577-743,II CURSA ESCOLAR A CULLERA,Alevin,2017-04-09,Sin Localidad definida,0,55.0,0.0
386-577,386-577-744,II CURSA ESCOLAR A CULLERA,Benjamin,2017-04-09,Sin Localidad definida,0,72.0,0.0
386-577,386-577-745,II CURSA ESCOLAR A CULLERA,Prebenjamin,2017-04-09,Sin Localidad definida,0,,
386-577,386-577-746,II CURSA ESCOLAR A CULLERA,Querubin,2017-04-09,Sin Localidad definida,0,,
136-523,136-523-647,VIII TRAIL 3 PICS LES RODANES,Prueba Reina,2017-04-02,Sin Localidad definida,0,165.0,28.0
136-523,136-523-648,VIII TRAIL 3 PICS LES RODANES,RapitTrail,2017-04-02,Sin Localidad definida,0,277.0,91.0
170-590,170-590-783,VI GATOVA TRAIL,Maratón 42K,2017-04-02,Sin Localidad definida,0,,
170-590,170-590-784,VI GATOVA TRAIL,21K,2017-04-02,Sin Localidad definida,0,,
170-590,170-590-785,VI GATOVA TRAIL,10K,2017-04-02,Sin Localidad definida,0,155.0,0.0
208-594,208-594-791,VI VOLTA A PEU A TAVERNES BLANQUES AVAPACE,Carrera Absoluta,2017-04-02,Sin Localidad definida,0,443.0,197.0
208-594,208-594-796,VI VOLTA A PEU A TAVERNES BLANQUES AVAPACE,Marcha,2017-04-02,Sin Localidad definida,0,,
150-536,150-536-682,IV 10k BIMI SILLA,Carrera Absoluta,2017-04-01,Sin Localidad definida,0,675.0,161.0
433-551,433-551-699,XIX GRAN FONS DE PUÇOL,Carrera Absoluta,2017-04-01,Sin Localidad definida,0,785.0,173.0
323-556,323-556-706,XXX VOLTA A PEU FIBRA VALENCIA VILA D'ALAQUAS,5k,2017-04-01,Sin Localidad definida,0,41.0,28.0
323-556,323-556-707,XXX VOLTA A PEU FIBRA VALENCIA VILA D'ALAQUAS,10k,2017-04-01,Sin Localidad definida,0,345.0,60.0
449-585,449-585-753,I TRAILKIDS 3 PICS LES RODANES VILAMARXANT,Circuito Spartan Mini Kids,2017-04-01,Sin Localidad definida,0,,
449-585,449-585-754,I TRAILKIDS 3 PICS LES RODANES VILAMARXANT,Trail Kids Benjamin,2017-04-01,Sin Localidad definida,0,,
449-585,449-585-755,I TRAILKIDS 3 PICS LES RODANES VILAMARXANT,Trail Kids Alevin,2017-04-01,Sin Localidad definida,0,,
449-585,449-585-756,I TRAILKIDS 3 PICS LES RODANES VILAMARXANT,Trail Kids Infantil,2017-04-01,Sin Localidad definida,0,,
449-585,449-585-757,I TRAILKIDS 3 PICS LES RODANES VILAMARXANT,Trail Kids Juvenil,2017-04-01,Sin Localidad definida,0,,
428-528,428-528-658,I TRAIL DE AYORA,Trail,2017-03-26,Sin Localidad definida,0,120.0,17.0
428-528,428-528-659,I TRAIL DE AYORA,Sprint,2017-03-26,Sin Localidad definida,0,131.0,45.0
428-528,428-528-660,I TRAIL DE AYORA,Marcha,2017-03-26,Sin Localidad definida,0,16.0,19.0
427-527,427-527-657,I MARCHA CICLOTURISTA TOUS,Marcha Cicloturista,2017-03-12,Sin Localidad definida,0,556.0,28.0
288-562,288-562-713,"V 7K, 15k MASKOKOTAS GUADASSUAR",7k,2017-03-05,Sin Localidad definida,0,145.0,86.0
288-562,288-562-714,"V 7K, 15k MASKOKOTAS GUADASSUAR",15k,2017-03-05,Sin Localidad definida,0,189.0,41.0
370-526,370-526-654,II TRAIL DE ANNA,Trail 21k,2017-02-26,Sin Localidad definida,0,234.0,51.0
370-526,370-526-655,II TRAIL DE ANNA,Sprint 14k,2017-02-26,Sin Localidad definida,0,261.0,117.0
370-526,370-526-656,II TRAIL DE ANNA,Marcha 14k,2017-02-26,Sin Localidad definida,0,56.0,91.0
431-549,431-549-695,II 9KM 9 MESES,9KM 9 MESES,2017-02-19,Sin Localidad definida,0,227.0,8.0
431-549,431-549-696,II 9KM 9 MESES,Marcha no competitiva,2017-02-19,Sin Localidad definida,0,,
431-549,431-549-697,II 9KM 9 MESES,Dorsal 0,2017-02-19,Sin Localidad definida,0,,
287-518,287-518-635,V ALÈDUA TRAIL MEMORIAL MJ,K26,2017-02-05,Sin Localidad definida,0,194.0,23.0
287-518,287-518-636,V ALÈDUA TRAIL MEMORIAL MJ,K12,2017-02-05,Sin Localidad definida,0,,
289-514,289-514-626,X MITJA MARATÓ CIUTAT DE SUECA,Media Solidaria AVAPACE,2017-01-29,Sin Localidad definida,0,199.0,26.0
417-507,417-507-615,V MARATÓN Y MEDIA MARATÓN DE MONTAÑA DEL CAROIG BICORP,Maratón,2017-01-29,Sin Localidad definida,0,34.0,2.0
417-507,417-507-616,V MARATÓN Y MEDIA MARATÓN DE MONTAÑA DEL CAROIG BICORP,Trail 21k,2017-01-29,Sin Localidad definida,0,14.0,1.0
417-507,417-507-617,V MARATÓN Y MEDIA MARATÓN DE MONTAÑA DEL CAROIG BICORP,Sprint Trail 14k,2017-01-29,Sin Localidad definida,0,19.0,13.0
417-507,417-507-618,V MARATÓN Y MEDIA MARATÓN DE MONTAÑA DEL CAROIG BICORP,Marcha 14k,2017-01-29,Sin Localidad definida,0,14.0,19.0
420-508,420-508-621,I MARATÓN CAROIG BICORP PAREJAS MIXTAS,Parejas Mixtas,2017-01-29,Sin Localidad definida,0,3.0,0.0
419-509,419-509-620,I MARATÓN CAROIG BICORP PAREJAS FEMENINAS,Parejas Femeninas,2017-01-29,Sin Localidad definida,0,,
418-510,418-510-619,I MARATÓN CAROIG BICORP PAREJAS MASCULINAS,Parejas Masculinas,2017-01-29,Sin Localidad definida,0,2.0,0.0
321-512,321-512-623,III VOLTA MUNTANYA DE LLAURÍ,TRA·LLA,2017-01-28,Sin Localidad definida,0,141.0,20.0
321-512,321-512-624,III VOLTA MUNTANYA DE LLAURÍ,SPRINT,2017-01-28,Sin Localidad definida,0,109.0,51.0
430-548,430-548-694,I GALA CIRCUIT CAIXA POPULAR,Gala Final,2017-01-20,Sin Localidad definida,0,,
366-522,366-522-640,X CARRERA POPULAR PARQUE NATURAL DEL TÚRIA,Carrera Absoluta,2017-01-15,Sin Localidad definida,0,324.0,90.0
366-522,366-522-641,X CARRERA POPULAR PARQUE NATURAL DEL TÚRIA,Cadete,2017-01-15,Sin Localidad definida,0,,
366-522,366-522-642,X CARRERA POPULAR PARQUE NATURAL DEL TÚRIA,Infantil,2017-01-15,Sin Localidad definida,0,,
366-522,366-522-643,X CARRERA POPULAR PARQUE NATURAL DEL TÚRIA,Alevín,2017-01-15,Sin Localidad definida,0,,
366-522,366-522-644,X CARRERA POPULAR PARQUE NATURAL DEL TÚRIA,Benjamín,2017-01-15,Sin Localidad definida,0,,
366-522,366-522-645,X CARRERA POPULAR PARQUE NATURAL DEL TÚRIA,Pre Benjamín,2017-01-15,Sin Localidad definida,0,,
366-522,366-522-646,X CARRERA POPULAR PARQUE NATURAL DEL TÚRIA,Nano,2017-01-15,Sin Localidad definida,0,,
84-502,84-502-606,V CARRERA DE EQUIPOS CONTRA ZOMBIES UMH ELCHE,Carrera Absoluta,2017-01-14,Sin Localidad definida,0,74.0,0.0
84-502,84-502-612,V CARRERA DE EQUIPOS CONTRA ZOMBIES UMH ELCHE,Carrera Infantil,2017-01-14,Sin Localidad definida,0,,
423-516,423-516-632,I SAN SILVESTRE TRAIL - SUMACÁRCER,Trail,2016-12-31,Sin Localidad definida,0,81.0,24.0
423-516,423-516-633,I SAN SILVESTRE TRAIL - SUMACÁRCER,Prueba Corta,2016-12-31,Sin Localidad definida,0,23.0,20.0
416-504,416-504-608,II SANT SILVESTRE D'ALMUSSAFES,Carrera Absoluta,2016-12-31,Sin Localidad definida,0,,
113-506,113-506-610,XXXII SAN SILVESTRE D'ALBALAT DE LA RIBERA,Carrera Absoluta,2016-12-31,Sin Localidad definida,0,,
421-511,421-511-622,IV SAN SILVESTRE SOLIDARIA POBLA DE FARNALS,Carrera Absoluta,2016-12-31,Sin Localidad definida,0,153.0,43.0
368-519,368-519-637,IV SANT SILVESTRE DE CULLERA,Carrera Absoluta,2016-12-30,Sin Localidad definida,0,,
367-524,367-524-649,XVIII SAN SILVESTRE DE MISLATA,Carrera Absoluta,2016-12-29,Sin Localidad definida,0,,
425-520,425-520-638,VII SANT SILVESTRE VILAMARXANT,Carrera Absoluta,2016-12-28,Sin Localidad definida,0,,
422-515,422-515-627,I SANT SILVESTRE DE MONTSERRAT,Carrera Absoluta,2016-12-27,Sin Localidad definida,0,,
360-505,360-505-609,II SANT SILVESTRE NOCTURNA RIOLA,Carrera Absoluta,2016-12-27,Sin Localidad definida,0,,
424-517,424-517-634,II SANT SILVESTRE DE BENIFAIÓ,Carrera Absoluta,2016-12-23,Sin Localidad definida,0,,
426-521,426-521-639,I SANT SILVESTRE FALLA DEL POBLE DE SOLLANA,Carrera Solidaria,2016-12-23,Sin Localidad definida,0,,
361-492,361-492-593,XV CURSA DE NADAL BÉTERA,Carrera Absoluta,2016-12-11,Sin Localidad definida,0,288.0,76.0
361-492,361-492-628,XV CURSA DE NADAL BÉTERA,Nascuts 2001-2003,2016-12-11,Sin Localidad definida,0,,
361-492,361-492-629,XV CURSA DE NADAL BÉTERA,Nascuts 2004-2006,2016-12-11,Sin Localidad definida,0,,
361-492,361-492-630,XV CURSA DE NADAL BÉTERA,Nascuts 2007-2008,2016-12-11,Sin Localidad definida,0,,
361-492,361-492-631,XV CURSA DE NADAL BÉTERA,Nascuts 2009-2016,2016-12-11,Sin Localidad definida,0,,
364-513,364-513-625,III GALA CRESPO CRONORUNNERS,Cena,2016-12-10,Sin Localidad definida,0,,
351-430,351-430-429,II 10k y 5K DINOSAURIS MONCADA,Carrera Absoluta,2016-12-06,Sin Localidad definida,0,277.0,103.0
403-483,403-483-575,I MARATÓN Y MEDIA MARATÓN DE MONTAÑA ANNA,Maratón,2016-12-04,Sin Localidad definida,0,27.0,1.0
403-483,403-483-613,I MARATÓN Y MEDIA MARATÓN DE MONTAÑA ANNA,Media Maratón,2016-12-04,Sin Localidad definida,0,22.0,0.0
403-483,403-483-614,I MARATÓN Y MEDIA MARATÓN DE MONTAÑA ANNA,Marcha,2016-12-04,Sin Localidad definida,0,,
404-484,404-484-580,I MARATÓN DE MONTAÑA ANNA PAREJAS MASCULINAS,Parejas Masculinas,2016-12-04,Sin Localidad definida,0,9.0,0.0
405-485,405-485-581,I MARATÓN DE MONTAÑA ANNA PAREJAS FEMENINAS,Parejas Femeninas,2016-12-04,Sin Localidad definida,0,4.0,0.0
406-486,406-486-582,I MARATÓN DE MONTAÑA ANNA PAREJAS MIXTAS,Parejas Mixtas,2016-12-04,Sin Localidad definida,0,21.0,0.0
227-421,227-421-418,XXXVI BESTDRIVE 10K. MISLATA 2018,Carrera Absoluta,2016-11-27,Sin Localidad definida,0,649.0,193.0
359-500,359-500-604,III CURSA PER EQUIPS I MARXA DE L'MPOC,Carrera Absoluta,2016-11-27,Sin Localidad definida,0,,
282-501,282-501-605,IV CAMINATA PER LA MPOC,Marcha,2016-11-27,Sin Localidad definida,0,,
415-503,415-503-607,I GALA CIRCUIT TRAIL LA RIBERA,Carrera Absoluta,2016-11-26,Sin Localidad definida,0,,
411-494,411-494-595,I TRAIL DE L'OLLERÍA,Trail 21k,2016-11-20,Sin Localidad definida,0,124.0,19.0
411-494,411-494-596,I TRAIL DE L'OLLERÍA,Sprint Trail 13k,2016-11-20,Sin Localidad definida,0,116.0,42.0
411-494,411-494-597,I TRAIL DE L'OLLERÍA,Marcha 13k,2016-11-20,Sin Localidad definida,0,40.0,46.0
285-493,285-493-594,V VOLTA A PEU SANTA CECILIA CULLERA,Carrera Absoluta,2016-11-13,Sin Localidad definida,0,,
414-498,414-498-602,XVII VOLTA POPULAR EN BICICLETA,Carrera Absoluta,2016-11-06,Sin Localidad definida,0,,
414-498,414-498-611,XVII VOLTA POPULAR EN BICICLETA,Carrera niños,2016-11-06,Sin Localidad definida,0,,
412-495,412-495-598,I ANIVERSARIO CRESPO CRONORUNNERS,CrespoCronorunners Social Day,2016-11-01,Sin Localidad definida,0,,
412-495,412-495-603,I ANIVERSARIO CRESPO CRONORUNNERS,CrespoCronorunners Lunch & Bufa,2016-11-01,Sin Localidad definida,0,,
410-491,410-491-592,I HALLOWEEN RUN CIUTAT DE SUECA,Carrera Absoluta,2016-10-31,Sin Localidad definida,0,,
408-488,408-488-584,I NUCLEAR RUNNING DEAD VALENCIA,10k,2016-10-30,Sin Localidad definida,0,87.0,55.0
408-488,408-488-585,I NUCLEAR RUNNING DEAD VALENCIA,4k,2016-10-30,Sin Localidad definida,0,167.0,84.0
409-490,409-490-591,II 10k y la VII Caminata de la Miel,Carrera Absoluta,2016-10-30,Sin Localidad definida,0,,
357-496,357-496-599,III GALA FINAL CIRCUIT DE L'ALBUFERA,Cena de Gala,2016-10-28,Sin Localidad definida,0,,
373-416,373-416-410,II TRAIL DE SELLENT,Trail 19km,2016-10-23,Sin Localidad definida,0,93.0,18.0
373-416,373-416-411,II TRAIL DE SELLENT,Marcha 10km,2016-10-23,Sin Localidad definida,0,18.0,49.0
373-416,373-416-571,II TRAIL DE SELLENT,Sprint Trail 10km,2016-10-23,Sin Localidad definida,0,109.0,46.0
373-416,373-416-600,II TRAIL DE SELLENT,Escaladores Trail,2016-10-23,Sin Localidad definida,0,109.0,0.0
373-416,373-416-601,II TRAIL DE SELLENT,Escaladores Sprint,2016-10-23,Sin Localidad definida,0,140.0,0.0
356-489,356-489-590,VI GALA CIRCUIT RIBERA DE XÚQUER,Elección Talla Obsequio,2016-10-14,Sin Localidad definida,0,,
275-473,275-473-549,XXVII VOLTA A PEU VILAMARXANT,Carrera Absoluta,2016-10-09,Sin Localidad definida,0,91.0,30.0
275-473,275-473-550,XXVII VOLTA A PEU VILAMARXANT,Cadete-Juvenil,2016-10-09,Sin Localidad definida,0,,
396-474,396-474-551,I TRAIL DE TOUS,Trail 21k,2016-10-09,Sin Localidad definida,0,143.0,30.0
396-474,396-474-586,I TRAIL DE TOUS,SprintTrail 14k,2016-10-09,Sin Localidad definida,0,135.0,53.0
396-474,396-474-587,I TRAIL DE TOUS,Marcha 14k,2016-10-09,Sin Localidad definida,0,69.0,79.0
330-428,330-428-427,IV 10K MANISES MEMORIAL JUAN RAMON FERRER,Carrera Absoluta,2016-10-02,Sin Localidad definida,0,323.0,97.0
332-452,332-452-472,III MITJA MARATÓ DEL KAKI,Carrera Absoluta,2016-10-02,Sin Localidad definida,0,441.0,45.0
156-392,156-392-320,XXXIII VOLTA A PEU PORT DE CATARROJA,Carrera Absoluta,2016-10-01,Sin Localidad definida,0,654.0,190.0
308-412,308-412-381,XXIV VOLTA A PEU CIUTAT DE CARLET,Carrera Absoluta,2016-09-25,Sin Localidad definida,0,467.0,77.0
308-412,308-412-382,XXIV VOLTA A PEU CIUTAT DE CARLET,Benjamín,2016-09-25,Sin Localidad definida,0,23.0,0.0
308-412,308-412-383,XXIV VOLTA A PEU CIUTAT DE CARLET,Alevín,2016-09-25,Sin Localidad definida,0,23.0,0.0
308-412,308-412-384,XXIV VOLTA A PEU CIUTAT DE CARLET,Infantil,2016-09-25,Sin Localidad definida,0,14.0,0.0
308-412,308-412-385,XXIV VOLTA A PEU CIUTAT DE CARLET,Cadete,2016-09-25,Sin Localidad definida,0,13.0,0.0
274-457,274-457-483,III BELLUS TRAIL MOUNTAIN LA COSTERA-LA VALL D'ALBAIDA,Special One 39k,2016-09-25,Sin Localidad definida,0,29.0,2.0
274-457,274-457-484,III BELLUS TRAIL MOUNTAIN LA COSTERA-LA VALL D'ALBAIDA,Speed Way 27k,2016-09-25,Sin Localidad definida,0,31.0,2.0
274-457,274-457-485,III BELLUS TRAIL MOUNTAIN LA COSTERA-LA VALL D'ALBAIDA,"Sprint Trail 12,6k",2016-09-25,Sin Localidad definida,0,99.0,45.0
161-391,161-391-318,XXX 10K i 20K CIUTAT DE SUECA,10k,2016-09-24,Sin Localidad definida,0,414.0,140.0
161-391,161-391-319,XXX 10K i 20K CIUTAT DE SUECA,20k,2016-09-24,Sin Localidad definida,0,234.0,45.0
372-415,372-415-407,II TRAIL ALCÀNTERA DE XÚQUER,Trail 21km,2016-09-18,Sin Localidad definida,0,97.0,21.0
372-415,372-415-408,II TRAIL ALCÀNTERA DE XÚQUER,Trail 14km,2016-09-18,Sin Localidad definida,0,96.0,45.0
372-415,372-415-409,II TRAIL ALCÀNTERA DE XÚQUER,Marcha 14km,2016-09-18,Sin Localidad definida,0,28.0,37.0
372-415,372-415-589,II TRAIL ALCÀNTERA DE XÚQUER,Escaladores 21K,2016-09-18,Sin Localidad definida,0,106.0,0.0
354-481,354-481-572,II GRAN FONS TRITONS ALBALAT DE LA RIBERA,Fons,2016-09-18,Sin Localidad definida,0,95.0,55.0
354-481,354-481-573,II GRAN FONS TRITONS ALBALAT DE LA RIBERA,Gran Fons,2016-09-18,Sin Localidad definida,0,181.0,29.0
337-456,337-456-481,II CARRERA SOLIDARIA FALLA EL DIVENDRES  MASSANASSA,Carrera Absoluta,2016-09-17,Sin Localidad definida,0,282.0,114.0
337-456,337-456-482,II CARRERA SOLIDARIA FALLA EL DIVENDRES  MASSANASSA,Marcha,2016-09-17,Sin Localidad definida,0,,
400-478,400-478-561,XXX VOLTA A PEU QUART DE POBLET,Carrera Absoluta,2016-09-17,Sin Localidad definida,0,610.0,172.0
407-487,407-487-583,I VOLTA A PEU NOCTURNA CULLERA,Carrera Absoluta,2016-09-16,Sin Localidad definida,0,273.0,76.0
162-390,162-390-317,III 10K DE L'HORTA CASTELLAR-OLIVERAL,Carrera Absoluta,2016-09-11,Sin Localidad definida,0,585.0,142.0
162-390,162-390-544,III 10K DE L'HORTA CASTELLAR-OLIVERAL,Infantil,2016-09-11,Sin Localidad definida,0,,
162-390,162-390-545,III 10K DE L'HORTA CASTELLAR-OLIVERAL,Alevin,2016-09-11,Sin Localidad definida,0,,
162-390,162-390-546,III 10K DE L'HORTA CASTELLAR-OLIVERAL,Benjamin,2016-09-11,Sin Localidad definida,0,,
162-390,162-390-547,III 10K DE L'HORTA CASTELLAR-OLIVERAL,Pre Benjamin,2016-09-11,Sin Localidad definida,0,,
162-390,162-390-548,III 10K DE L'HORTA CASTELLAR-OLIVERAL,Chupetin,2016-09-11,Sin Localidad definida,0,,
307-411,307-411-376,XX VOLTA A PEU ALGINET,Carrera Absoluta,2016-09-10,Sin Localidad definida,0,576.0,125.0
307-411,307-411-377,XX VOLTA A PEU ALGINET,Benjamín,2016-09-10,Sin Localidad definida,0,25.0,0.0
307-411,307-411-378,XX VOLTA A PEU ALGINET,Alevín,2016-09-10,Sin Localidad definida,0,39.0,0.0
307-411,307-411-379,XX VOLTA A PEU ALGINET,Infantil,2016-09-10,Sin Localidad definida,0,18.0,0.0
307-411,307-411-380,XX VOLTA A PEU ALGINET,Cadete,2016-09-10,Sin Localidad definida,0,15.0,0.0
392-465,392-465-516,I 5K EMPERADOR MEMORIAL EVA GIMENO,Carrera Absoluta,2016-09-10,Sin Localidad definida,0,197.0,126.0
392-465,392-465-517,I 5K EMPERADOR MEMORIAL EVA GIMENO,Pre Benjamín,2016-09-10,Sin Localidad definida,0,,
392-465,392-465-518,I 5K EMPERADOR MEMORIAL EVA GIMENO,Benjamín,2016-09-10,Sin Localidad definida,0,,
392-465,392-465-519,I 5K EMPERADOR MEMORIAL EVA GIMENO,Alevín,2016-09-10,Sin Localidad definida,0,,
392-465,392-465-520,I 5K EMPERADOR MEMORIAL EVA GIMENO,Infantil,2016-09-10,Sin Localidad definida,0,,
392-465,392-465-521,I 5K EMPERADOR MEMORIAL EVA GIMENO,Cadete,2016-09-10,Sin Localidad definida,0,,
392-465,392-465-588,I 5K EMPERADOR MEMORIAL EVA GIMENO,Minis,2016-09-10,Sin Localidad definida,0,,
402-480,402-480-566,I MARXA DE COLORS XIRIVELLA,Marxa absoluta,2016-09-10,Sin Localidad definida,0,,
362-482,362-482-574,II COLORINS RUN FALLA TAÜT,Colorins Run,2016-09-10,Sin Localidad definida,0,,
346-434,346-434-434,II CURSA I MARXA NOCTURNA GAVARDA,Carrera Absoluta,2016-09-09,Sin Localidad definida,0,,
346-434,346-434-560,II CURSA I MARXA NOCTURNA GAVARDA,Marcha,2016-09-09,Sin Localidad definida,0,,
401-479,401-479-565,XII CARRERA SOLIDARIA A PIE  Y XI MILLA PARALIMPICA CASTILLO DE CHIVA,Carrera Absoluta,2016-09-09,Sin Localidad definida,0,168.0,31.0
401-479,401-479-567,XII CARRERA SOLIDARIA A PIE  Y XI MILLA PARALIMPICA CASTILLO DE CHIVA,Milla Paralímpica,2016-09-09,Sin Localidad definida,0,,
401-479,401-479-568,XII CARRERA SOLIDARIA A PIE  Y XI MILLA PARALIMPICA CASTILLO DE CHIVA,Infantil,2016-09-09,Sin Localidad definida,0,,
401-479,401-479-569,XII CARRERA SOLIDARIA A PIE  Y XI MILLA PARALIMPICA CASTILLO DE CHIVA,Cadete,2016-09-09,Sin Localidad definida,0,,
401-479,401-479-570,XII CARRERA SOLIDARIA A PIE  Y XI MILLA PARALIMPICA CASTILLO DE CHIVA,Juvenil,2016-09-09,Sin Localidad definida,0,,
393-466,393-466-522,XXXII VOLTA A PEU VILLANUEVA DE CASTELLÓN,Carrera Absoluta,2016-09-03,Sin Localidad definida,0,130.0,33.0
399-477,399-477-559,I MISLATA RUN COLOR FEST,Carrera Absoluta,2016-09-03,Sin Localidad definida,0,,
331-425,331-425-422,XXII VOLTA A PEU LA CANYADA,Carrera Absoluta,2016-08-27,Sin Localidad definida,0,345.0,88.0
353-461,353-461-500,II COLORINES RUN PARTY CIUTAT DE SUECA,Colorines Run Party,2016-08-27,Sin Localidad definida,0,,
353-461,353-461-501,II COLORINES RUN PARTY CIUTAT DE SUECA,Menores de 10 años,2016-08-27,Sin Localidad definida,0,,
306-410,306-410-371,XXVI VOLTA A PEU NOCTURNA A MANUEL,Carrera Absoluta,2016-08-26,Sin Localidad definida,0,466.0,113.0
306-410,306-410-372,XXVI VOLTA A PEU NOCTURNA A MANUEL,Benjamín,2016-08-26,Sin Localidad definida,0,36.0,0.0
306-410,306-410-373,XXVI VOLTA A PEU NOCTURNA A MANUEL,Alevín,2016-08-26,Sin Localidad definida,0,35.0,0.0
306-410,306-410-374,XXVI VOLTA A PEU NOCTURNA A MANUEL,Infantil,2016-08-26,Sin Localidad definida,0,29.0,0.0
306-410,306-410-375,XXVI VOLTA A PEU NOCTURNA A MANUEL,Cadete,2016-08-26,Sin Localidad definida,0,20.0,0.0
306-410,306-410-579,XXVI VOLTA A PEU NOCTURNA A MANUEL,Pre Benjamín,2016-08-26,Sin Localidad definida,0,23.0,0.0
318-463,318-463-503,XXXVIII VOLTA A PEU BENICULL,Carrera Absoluta,2016-08-22,Sin Localidad definida,0,235.0,54.0
318-463,318-463-504,XXXVIII VOLTA A PEU BENICULL,Querubín,2016-08-22,Sin Localidad definida,0,,
318-463,318-463-505,XXXVIII VOLTA A PEU BENICULL,Pre Benjamín,2016-08-22,Sin Localidad definida,0,,
318-463,318-463-506,XXXVIII VOLTA A PEU BENICULL,Benjamín,2016-08-22,Sin Localidad definida,0,,
318-463,318-463-507,XXXVIII VOLTA A PEU BENICULL,Alevín,2016-08-22,Sin Localidad definida,0,,
318-463,318-463-508,XXXVIII VOLTA A PEU BENICULL,Infantil,2016-08-22,Sin Localidad definida,0,,
349-472,349-472-542,II CARRERA I MARXA FESTES DEL CRIST MASSALAVÉS,Carrera Absoluta,2016-08-19,Sin Localidad definida,0,128.0,70.0
349-472,349-472-543,II CARRERA I MARXA FESTES DEL CRIST MASSALAVÉS,Marcha Absoluta,2016-08-19,Sin Localidad definida,0,,
343-464,343-464-509,XXXIV VUELTA A PIE  VILLAR DEL ARZOBISPO,Carrera Absoluta,2016-08-13,Sin Localidad definida,0,189.0,37.0
343-464,343-464-510,XXXIV VUELTA A PIE  VILLAR DEL ARZOBISPO,Minibenjamín,2016-08-13,Sin Localidad definida,0,,
343-464,343-464-511,XXXIV VUELTA A PIE  VILLAR DEL ARZOBISPO,Prebenjamín,2016-08-13,Sin Localidad definida,0,,
343-464,343-464-512,XXXIV VUELTA A PIE  VILLAR DEL ARZOBISPO,Benjamín,2016-08-13,Sin Localidad definida,0,,
343-464,343-464-513,XXXIV VUELTA A PIE  VILLAR DEL ARZOBISPO,Alevin,2016-08-13,Sin Localidad definida,0,,
343-464,343-464-514,XXXIV VUELTA A PIE  VILLAR DEL ARZOBISPO,Infantil,2016-08-13,Sin Localidad definida,0,,
343-464,343-464-515,XXXIV VUELTA A PIE  VILLAR DEL ARZOBISPO,Cadete,2016-08-13,Sin Localidad definida,0,,
347-409,347-409-370,II 10K MONTSERRAT,Carrera Absoluta,2016-08-12,Sin Localidad definida,0,369.0,77.0
338-459,338-459-488,II CARRERA NOCTURNA CIUTAT DE SUECA,Carrera,2016-08-12,Sin Localidad definida,0,261.0,79.0
350-470,350-470-540,II VOLTA A PEU BENIFAIÓ,Carrera Absoluta,2016-08-12,Sin Localidad definida,0,,
159-389,159-389-316,XIX VOLTA A PEU FAVARA,Carrera Absoluta,2016-08-06,Sin Localidad definida,0,354.0,97.0
159-389,159-389-562,XIX VOLTA A PEU FAVARA,Benjamin,2016-08-06,Sin Localidad definida,0,,
159-389,159-389-563,XIX VOLTA A PEU FAVARA,Alevin,2016-08-06,Sin Localidad definida,0,,
159-389,159-389-564,XIX VOLTA A PEU FAVARA,Cadete,2016-08-06,Sin Localidad definida,0,,
387-446,387-446-457,XXI CARRERA MATUTINA A LA PLAYA DE CULLERA,Carrera Absoluta,2016-08-06,Sin Localidad definida,0,392.0,68.0
344-471,344-471-541,XXX VOLTA A PEU SOLLANA,Carrera Absoluta,2016-08-06,Sin Localidad definida,0,224.0,42.0
342-454,342-454-475,XXVI VOLTA A PEU ALBALAT DELS TARONGERS,Carrera Absoluta,2016-08-04,Sin Localidad definida,0,246.0,52.0
342-454,342-454-476,XXVI VOLTA A PEU ALBALAT DELS TARONGERS,De 0 a 3 años,2016-08-04,Sin Localidad definida,0,,
342-454,342-454-477,XXVI VOLTA A PEU ALBALAT DELS TARONGERS,De 4 a 8 años,2016-08-04,Sin Localidad definida,0,,
342-454,342-454-478,XXVI VOLTA A PEU ALBALAT DELS TARONGERS,De 9 a 13 años,2016-08-04,Sin Localidad definida,0,,
342-454,342-454-479,XXVI VOLTA A PEU ALBALAT DELS TARONGERS,De 14 a 17 años,2016-08-04,Sin Localidad definida,0,,
398-476,398-476-553,IV 10k VUELTA A PIE MACASTRE,Carrera Absoluta,2016-08-04,Sin Localidad definida,0,364.0,85.0
398-476,398-476-554,IV 10k VUELTA A PIE MACASTRE,Cadete,2016-08-04,Sin Localidad definida,0,,
398-476,398-476-555,IV 10k VUELTA A PIE MACASTRE,Alevin,2016-08-04,Sin Localidad definida,0,,
398-476,398-476-556,IV 10k VUELTA A PIE MACASTRE,Benjamin,2016-08-04,Sin Localidad definida,0,,
398-476,398-476-557,IV 10k VUELTA A PIE MACASTRE,Pre Benjamin,2016-08-04,Sin Localidad definida,0,,
398-476,398-476-558,IV 10k VUELTA A PIE MACASTRE,Chupetin,2016-08-04,Sin Localidad definida,0,,
305-408,305-408-365,XVI VOLTA A PEU PEL XÚQUER - RIOLA,Carrera Absoluta,2016-08-03,Sin Localidad definida,0,626.0,178.0
305-408,305-408-366,XVI VOLTA A PEU PEL XÚQUER - RIOLA,Benjamín,2016-08-03,Sin Localidad definida,0,24.0,0.0
305-408,305-408-367,XVI VOLTA A PEU PEL XÚQUER - RIOLA,Alevín,2016-08-03,Sin Localidad definida,0,23.0,0.0
305-408,305-408-368,XVI VOLTA A PEU PEL XÚQUER - RIOLA,Infantil,2016-08-03,Sin Localidad definida,0,16.0,0.0
305-408,305-408-369,XVI VOLTA A PEU PEL XÚQUER - RIOLA,Cadete,2016-08-03,Sin Localidad definida,0,18.0,0.0
394-468,394-468-524,XXIX VOLTA A PEU A TURÍS,Carrera Absoluta,2016-08-01,Sin Localidad definida,0,,
394-468,394-468-525,XXIX VOLTA A PEU A TURÍS,Prexupetín,2016-08-01,Sin Localidad definida,0,,
394-468,394-468-526,XXIX VOLTA A PEU A TURÍS,Xupetín,2016-08-01,Sin Localidad definida,0,,
394-468,394-468-527,XXIX VOLTA A PEU A TURÍS,Prebenjamín,2016-08-01,Sin Localidad definida,0,,
394-468,394-468-528,XXIX VOLTA A PEU A TURÍS,Benjamín,2016-08-01,Sin Localidad definida,0,,
394-468,394-468-529,XXIX VOLTA A PEU A TURÍS,Alevín,2016-08-01,Sin Localidad definida,0,,
394-468,394-468-530,XXIX VOLTA A PEU A TURÍS,Infantil,2016-08-01,Sin Localidad definida,0,,
394-468,394-468-531,XXIX VOLTA A PEU A TURÍS,Cadete-Juvenil,2016-08-01,Sin Localidad definida,0,,
265-424,265-424-421,VI 10K SENSE LÍMITS ALDAIA,Carrera Absoluta,2016-07-30,Sin Localidad definida,0,780.0,237.0
395-469,395-469-539,XX VOLTA A PEU LLAURÍ,Carrera Absoluta,2016-07-30,Sin Localidad definida,0,152.0,23.0
397-475,397-475-552,II CAMPEONATO AUTÓNOMICO C. VALENCIANA TRIATLON POR RELEVOS - ANNA,Carrera Absoluta,2016-07-30,Sin Localidad definida,0,,
369-407,369-407-364,IV VOLTA A PEU A L ÉNOVA,Carrera Absoluta,2016-07-23,Sin Localidad definida,8000,261.0,47.0
336-453,336-453-473,IX CARRERA ENTRE OLIVOS Y PINARES VALL DE ALMONACID,Carrera,2016-07-23,Sin Localidad definida,0,132.0,19.0
336-453,336-453-474,IX CARRERA ENTRE OLIVOS Y PINARES VALL DE ALMONACID,Marcha,2016-07-23,Sin Localidad definida,0,,
160-388,160-388-315,XIII VOLTA A PEU JOANOT PRESÈNCIA POLINYÀ DE XÚQUER,Carrera Absoluta,2016-07-22,Sin Localidad definida,0,421.0,146.0
272-467,272-467-523,IV VOLTA A PEU RAFELGUARAF (INSCRIPCIONES EN META),Carrera Absoluta,2016-07-21,Sin Localidad definida,0,,
390-450,390-450-467,IV TRAIL DE BICORP,Sprint Trail 14km,2016-07-17,Sin Localidad definida,0,156.0,48.0
390-450,390-450-469,IV TRAIL DE BICORP,Trail 21km,2016-07-17,Sin Localidad definida,0,120.0,19.0
391-451,391-451-470,XXI TRAVESÍA A LA PLAYA DE CULLERA,Prueba Larga,2016-07-10,Sin Localidad definida,0,59.0,7.0
391-451,391-451-471,XXI TRAVESÍA A LA PLAYA DE CULLERA,Prueba promoción,2016-07-10,Sin Localidad definida,0,36.0,8.0
270-387,270-387-314,VII VOLTA A PEU ILLA DEL PALMAR,Carrera Absoluta,2016-07-09,Sin Localidad definida,0,361.0,100.0
324-429,324-429-428,XXVI VOLTA A PEU ALBAL,Carrera Absoluta,2016-07-09,Albal,0,347.0,91.0
229-462,229-462-502,XXIII VOLTA A PEU GUADASSUAR (INSCRIPCIONS EN META),Carrera Absoluta,2016-07-07,Sin Localidad definida,0,,
363-383,363-383-306,I TRAIL BRONCHALES,Trail 43Km,2016-07-03,Sin Localidad definida,43000,215.0,27.0
363-383,363-383-307,I TRAIL BRONCHALES,Trail 24Km,2016-07-03,Sin Localidad definida,24000,294.0,74.0
363-383,363-383-308,I TRAIL BRONCHALES,Trail Running 20K,2016-07-03,Sin Localidad definida,20000,115.0,25.0
363-383,363-383-309,I TRAIL BRONCHALES,Trail 10Km,2016-07-03,Sin Localidad definida,10000,167.0,186.0
345-449,345-449-462,II CARRERA 2K HOLI ALAQUÀS,Fiesta Holi Alaquàs 2016,2016-07-03,Sin Localidad definida,0,,
304-406,304-406-363,IX VOLTA A PEU MARENY DE BARRAQUETES,Carrera Absoluta,2016-07-02,Sin Localidad definida,0,603.0,195.0
266-455,266-455-480,XXIV LEGUA URBANA CIUTAT DE TORRENT,Carrera Absoluta,2016-07-01,Sin Localidad definida,0,469.0,138.0
335-445,335-445-456,II 5k CIUTAT DE VINARÒS,Carrera Absoluta,2016-06-25,Sin Localidad definida,0,102.0,47.0
364-460,364-460-491,II GALA CRESPO CRONORUNNERS,Cena,2016-06-24,Sin Localidad definida,0,,
158-386,158-386-313,XIX 10K CIUTAT DE BENIPARRELL,Carrera Absoluta,2016-06-18,Sin Localidad definida,0,524.0,107.0
158-386,158-386-463,XIX 10K CIUTAT DE BENIPARRELL,Categoría 1,2016-06-18,Sin Localidad definida,0,,
158-386,158-386-464,XIX 10K CIUTAT DE BENIPARRELL,Categoría 2,2016-06-18,Sin Localidad definida,0,,
158-386,158-386-465,XIX 10K CIUTAT DE BENIPARRELL,Categoría 3,2016-06-18,Sin Localidad definida,0,,
302-405,302-405-362,IV VOLTA A PEU A SANT JOANET,Carrera Absoluta,2016-06-18,Sin Localidad definida,0,367.0,71.0
260-404,260-404-357,XXXII VOLTA A PEU ALGEMESI,Carrera Absoluta,2016-06-04,Sin Localidad definida,0,669.0,138.0
260-404,260-404-358,XXXII VOLTA A PEU ALGEMESI,Benjamín,2016-06-04,Sin Localidad definida,0,34.0,0.0
260-404,260-404-359,XXXII VOLTA A PEU ALGEMESI,Alevín,2016-06-04,Sin Localidad definida,0,26.0,0.0
260-404,260-404-360,XXXII VOLTA A PEU ALGEMESI,Infantil,2016-06-04,Sin Localidad definida,0,23.0,0.0
260-404,260-404-361,XXXII VOLTA A PEU ALGEMESI,Cadete,2016-06-04,Sin Localidad definida,0,14.0,0.0
157-382,157-382-304,III PUJADA A LA BOLA DE CULLERA,Carrera Absoluta,2016-05-29,Sin Localidad definida,0,436.0,97.0
389-448,389-448-461,I CARRERA I MARXA SOLIDARIA CONTRA EL CÀNCER GUADASSUAR,Carrera Absoluta,2016-05-29,Sin Localidad definida,0,,
389-448,389-448-492,I CARRERA I MARXA SOLIDARIA CONTRA EL CÀNCER GUADASSUAR,Marcha,2016-05-29,Sin Localidad definida,0,,
264-437,264-437-439,XXII VOLTA A PEU ALBERIC (LA CARRERA DE LA MONA),Carrera Absoluta,2016-05-28,Sin Localidad definida,0,298.0,87.0
264-437,264-437-496,XXII VOLTA A PEU ALBERIC (LA CARRERA DE LA MONA),Pre Benjamín,2016-05-28,Sin Localidad definida,0,,
264-437,264-437-497,XXII VOLTA A PEU ALBERIC (LA CARRERA DE LA MONA),Benjamín,2016-05-28,Sin Localidad definida,0,,
264-437,264-437-498,XXII VOLTA A PEU ALBERIC (LA CARRERA DE LA MONA),Alevin,2016-05-28,Sin Localidad definida,0,,
264-437,264-437-499,XXII VOLTA A PEU ALBERIC (LA CARRERA DE LA MONA),Infantil,2016-05-28,Sin Localidad definida,0,,
371-414,371-414-404,I TRAIL DE SUMACÁRCER,Trail 21km,2016-05-22,Sin Localidad definida,0,145.0,28.0
371-414,371-414-405,I TRAIL DE SUMACÁRCER,Trail 12km,2016-05-22,Sin Localidad definida,0,178.0,78.0
371-414,371-414-406,I TRAIL DE SUMACÁRCER,Marcha 12km,2016-05-22,Sin Localidad definida,0,,
371-414,371-414-489,I TRAIL DE SUMACÁRCER,Trail 21K Escaladores,2016-05-22,Sin Localidad definida,0,179.0,0.0
371-414,371-414-490,I TRAIL DE SUMACÁRCER,Trail 12Km Escaladores,2016-05-22,Sin Localidad definida,0,249.0,0.0
236-438,236-438-442,II CARRERA BENEFICA CONTRA LA ENFERMEDAD DE CROHN Y LA COLITIS ULCEROSA,Carrera Absoluta,2016-05-22,Sin Localidad definida,0,,
214-403,214-403-352,IV 10K CIUTAT D'ALZIRA,Carrera Absoluta,2016-05-21,Sin Localidad definida,0,809.0,150.0
214-403,214-403-353,IV 10K CIUTAT D'ALZIRA,Benjamín,2016-05-21,Sin Localidad definida,0,39.0,0.0
214-403,214-403-354,IV 10K CIUTAT D'ALZIRA,Alevín,2016-05-21,Sin Localidad definida,0,38.0,0.0
214-403,214-403-355,IV 10K CIUTAT D'ALZIRA,Infantil,2016-05-21,Sin Localidad definida,0,29.0,0.0
214-403,214-403-356,IV 10K CIUTAT D'ALZIRA,Cadete,2016-05-21,Sin Localidad definida,0,28.0,0.0
384-442,384-442-446,XXXVI VOLTA A PEU LLUIS VIVES,Carrera Absoluta,2016-05-21,Sin Localidad definida,0,,
365-385,365-385-312,III VOLTA A PEU EL PERELLÓ,Carrera Absoluta,2016-05-08,Sin Localidad definida,0,548.0,168.0
385-443,385-443-449,I CORRECAN XERACO,Carrera Absoluta,2016-05-08,Sin Localidad definida,0,,
299-402,299-402-347,XVI VOLTA A PEU CATADAU,Carrera Absoluta,2016-05-07,Sin Localidad definida,0,451.0,88.0
299-402,299-402-348,XVI VOLTA A PEU CATADAU,Benjamín,2016-05-07,Sin Localidad definida,0,23.0,0.0
299-402,299-402-349,XVI VOLTA A PEU CATADAU,Alevín,2016-05-07,Sin Localidad definida,0,19.0,0.0
299-402,299-402-350,XVI VOLTA A PEU CATADAU,Infantil,2016-05-07,Sin Localidad definida,0,22.0,0.0
299-402,299-402-351,XVI VOLTA A PEU CATADAU,Cadete,2016-05-07,Sin Localidad definida,0,20.0,0.0
322-423,322-423-420,IV CARRERA DE DONES D'ALDAIA,Carrera Absoluta,2016-05-07,Sin Localidad definida,0,23.0,158.0
320-420,320-420-416,V VOLTA A PEU I MARXA BONESTAR-LA LLACUNA,Carrera,2016-05-01,Sin Localidad definida,0,98.0,30.0
320-420,320-420-417,V VOLTA A PEU I MARXA BONESTAR-LA LLACUNA,Marcha,2016-05-01,Sin Localidad definida,0,42.0,34.0
206-399,206-399-339,XXIX VOLTA A PEU A L´ALCÚDIA,Carrera Absoluta,2016-04-30,Sin Localidad definida,0,725.0,138.0
206-399,206-399-340,XXIX VOLTA A PEU A L´ALCÚDIA,Benjamín,2016-04-30,Sin Localidad definida,0,37.0,0.0
206-399,206-399-341,XXIX VOLTA A PEU A L´ALCÚDIA,Alevín,2016-04-30,Sin Localidad definida,0,38.0,0.0
206-399,206-399-342,XXIX VOLTA A PEU A L´ALCÚDIA,Infantil,2016-04-30,Sin Localidad definida,0,24.0,0.0
206-399,206-399-343,XXIX VOLTA A PEU A L´ALCÚDIA,Cadete,2016-04-30,Sin Localidad definida,0,20.0,0.0
221-427,221-427-425,XII MITJA MARATO i X10K CIUTAT DE TORRENT,Media Maratón,2016-04-24,Sin Localidad definida,0,279.0,26.0
221-427,221-427-426,XII MITJA MARATO i X10K CIUTAT DE TORRENT,10k,2016-04-24,Sin Localidad definida,0,290.0,99.0
379-435,379-435-435,"I MARCHA Y GRAN FONDO ""LOS REBOMBEOS"" DE GODELLETA",Carrera Absoluta,2016-04-24,Sin Localidad definida,0,29.0,2.0
379-435,379-435-436,"I MARCHA Y GRAN FONDO ""LOS REBOMBEOS"" DE GODELLETA",Marcha Absoluta,2016-04-24,Sin Localidad definida,0,25.0,23.0
386-444,386-444-450,I CURSA ESCOLAR A CULLERA,Querubín,2016-04-24,Sin Localidad definida,0,69.0,0.0
386-444,386-444-451,I CURSA ESCOLAR A CULLERA,Pre Benjamín,2016-04-24,Sin Localidad definida,0,55.0,0.0
386-444,386-444-455,I CURSA ESCOLAR A CULLERA,Benjamín,2016-04-24,Sin Localidad definida,0,86.0,0.0
386-444,386-444-458,I CURSA ESCOLAR A CULLERA,Alevín,2016-04-24,Sin Localidad definida,0,89.0,0.0
386-444,386-444-459,I CURSA ESCOLAR A CULLERA,Infantil,2016-04-24,Sin Localidad definida,0,36.0,0.0
386-444,386-444-460,I CURSA ESCOLAR A CULLERA,Cadete,2016-04-24,Sin Localidad definida,0,38.0,0.0
311-381,311-381-303,II 10MILPASSOS KANGURS BENIFAIÓ,Carrera Absoluta,2016-04-23,Sin Localidad definida,0,442.0,128.0
323-426,323-426-423,XXIX VOLTA A PEU FIBRA VALENCIA VILA D'ALAQUAS,Prueba Reina,2016-04-23,Sin Localidad definida,0,345.0,78.0
323-426,323-426-424,XXIX VOLTA A PEU FIBRA VALENCIA VILA D'ALAQUAS,Volteta,2016-04-23,Sin Localidad definida,0,68.0,60.0
377-432,377-432-432,XXXV VOLTA A PEU XIRIVELLA,Carrera Absoluta,2016-04-17,Sin Localidad definida,0,917.0,348.0
163-397,163-397-331,III 10K BENIMODO,Carrera Absoluta,2016-04-16,Sin Localidad definida,0,509.0,108.0
163-397,163-397-332,III 10K BENIMODO,Benjamín,2016-04-16,Sin Localidad definida,0,29.0,0.0
163-397,163-397-333,III 10K BENIMODO,Alevín,2016-04-16,Sin Localidad definida,0,36.0,0.0
163-397,163-397-334,III 10K BENIMODO,Infantil,2016-04-16,Sin Localidad definida,0,26.0,0.0
163-397,163-397-335,III 10K BENIMODO,Cadete,2016-04-16,Sin Localidad definida,0,19.0,0.0
380-436,380-436-437,I RACER OF RICE,RACER RICE ELITE,2016-04-10,Sin Localidad definida,0,,
380-436,380-436-438,I RACER OF RICE,RACER RICE,2016-04-10,Sin Localidad definida,0,,
150-379,150-379-311,III 10k BIMI SILLA,Carrera Absoluta,2016-04-09,Sin Localidad definida,0,678.0,160.0
136-417,136-417-412,VII TRAIL 3 PICS LES RODANES,Reina 28K,2016-04-03,Sin Localidad definida,0,215.0,25.0
136-417,136-417-413,VII TRAIL 3 PICS LES RODANES,RapiTTrail 14k,2016-04-03,Sin Localidad definida,0,174.0,81.0
296-396,296-396-326,XVI VOLTA A PEU GAVARDA,Carrera Absoluta,2016-04-02,Sin Localidad definida,0,426.0,88.0
296-396,296-396-327,XVI VOLTA A PEU GAVARDA,Benjamín,2016-04-02,Sin Localidad definida,0,37.0,0.0
296-396,296-396-328,XVI VOLTA A PEU GAVARDA,Alevín,2016-04-02,Sin Localidad definida,0,40.0,0.0
296-396,296-396-329,XVI VOLTA A PEU GAVARDA,Infantil,2016-04-02,Sin Localidad definida,0,24.0,0.0
296-396,296-396-330,XVI VOLTA A PEU GAVARDA,Cadete,2016-04-02,Sin Localidad definida,0,21.0,0.0
296-396,296-396-440,XVI VOLTA A PEU GAVARDA,Nanos,2016-04-02,Sin Localidad definida,0,,
375-418,375-418-414,III CULLERA TRAIL,Trail Cullera,2016-04-02,Sin Localidad definida,0,267.0,73.0
375-418,375-418-441,III CULLERA TRAIL,Sprint Trail,2016-04-02,Sin Localidad definida,0,59.0,50.0
375-418,375-418-448,III CULLERA TRAIL,Trail Escaladores,2016-04-02,Sin Localidad definida,0,342.0,0.0
134-395,134-395-324,V 10k D' ALCÁNTERA DEL XÚQUER,MITJA MARATÓ,2016-03-13,Sin Localidad definida,21,182.0,17.0
134-395,134-395-325,V 10k D' ALCÁNTERA DEL XÚQUER,QUARTA MARATÓ,2016-03-13,Sin Localidad definida,0,288.0,80.0
288-398,288-398-336,"IV 7K, 15k MASKOKOTAS GUADASSUAR",7km,2016-03-06,Sin Localidad definida,0,194.0,96.0
288-398,288-398-337,"IV 7K, 15k MASKOKOTAS GUADASSUAR",14km,2016-03-06,Sin Localidad definida,0,195.0,61.0
288-398,288-398-338,"IV 7K, 15k MASKOKOTAS GUADASSUAR",21km,2016-03-06,Sin Localidad definida,0,117.0,12.0
316-422,316-422-419,IV VOLTA A PEU BENÉFICA FALLA EL RABAL,Carrera Absoluta,2016-03-06,Sin Localidad definida,0,440.0,191.0
376-431,376-431-430,I CARRERA DE LA DONA DE RIOLA,Carrera,2016-03-05,Sin Localidad definida,0,,
376-431,376-431-431,I CARRERA DE LA DONA DE RIOLA,Marcha,2016-03-05,Sin Localidad definida,0,,
370-413,370-413-395,I TRAIL DE ANNA,Trail 21k,2016-02-28,Sin Localidad definida,0,167.0,20.0
370-413,370-413-396,I TRAIL DE ANNA,Trail 14km,2016-02-28,Sin Localidad definida,0,182.0,78.0
370-413,370-413-397,I TRAIL DE ANNA,Marcha 12k,2016-02-28,Sin Localidad definida,0,124.0,200.0
370-413,370-413-444,I TRAIL DE ANNA,Escaladores 21K,2016-02-28,Sin Localidad definida,0,179.0,0.0
370-413,370-413-445,I TRAIL DE ANNA,Escaladores 14K,2016-02-28,Sin Localidad definida,0,251.0,0.0
191-419,191-419-415,IV CARRERA SOLIDARIA DEL COMERCIO 10K SAGUNTO,Carrera Absoluta,2016-02-28,Sin Localidad definida,0,78.0,82.0
378-433,378-433-433,III CARRERA DE LA DONA PER LA IGUALTAT MISLATA,Carrera Absoluta,2016-02-27,Sin Localidad definida,0,,
295-393,295-393-322,XI GRAN FONS DE TURÍS MEMORIAL RAIMON SORIA,Gran Fons,2016-02-14,Sin Localidad definida,0,403.0,59.0
295-393,295-393-323,XI GRAN FONS DE TURÍS MEMORIAL RAIMON SORIA,8k,2016-02-14,Sin Localidad definida,0,45.0,31.0
295-393,295-393-386,XI GRAN FONS DE TURÍS MEMORIAL RAIMON SORIA,Benjamín,2016-02-14,Sin Localidad definida,0,25.0,0.0
295-393,295-393-387,XI GRAN FONS DE TURÍS MEMORIAL RAIMON SORIA,Alevín,2016-02-14,Sin Localidad definida,0,18.0,0.0
295-393,295-393-388,XI GRAN FONS DE TURÍS MEMORIAL RAIMON SORIA,Infantil,2016-02-14,Sin Localidad definida,0,15.0,0.0
295-393,295-393-389,XI GRAN FONS DE TURÍS MEMORIAL RAIMON SORIA,Cadete,2016-02-14,Sin Localidad definida,0,16.0,0.0
355-365,355-365-282,XIV MITJA I QUARTA MARATÓ CIUTAT D'OLIVA,Mitja Marató,2016-02-07,Sin Localidad definida,0,322.0,74.0
355-365,355-365-283,XIV MITJA I QUARTA MARATÓ CIUTAT D'OLIVA,Quarta Marató,2016-02-07,Sin Localidad definida,0,288.0,116.0
355-365,355-365-390,XIV MITJA I QUARTA MARATÓ CIUTAT D'OLIVA,Piponets,2016-02-07,Sin Localidad definida,0,,
355-365,355-365-391,XIV MITJA I QUARTA MARATÓ CIUTAT D'OLIVA,Pre-Benjamí,2016-02-07,Sin Localidad definida,0,,
355-365,355-365-392,XIV MITJA I QUARTA MARATÓ CIUTAT D'OLIVA,Benjamí,2016-02-07,Sin Localidad definida,0,,
355-365,355-365-393,XIV MITJA I QUARTA MARATÓ CIUTAT D'OLIVA,Aleví,2016-02-07,Sin Localidad definida,0,,
355-365,355-365-394,XIV MITJA I QUARTA MARATÓ CIUTAT D'OLIVA,Infantil,2016-02-07,Sin Localidad definida,0,,
287-368,287-368-286,IV ALÈDUA TRAIL MEMORIAL MJ,K11,2016-02-07,Sin Localidad definida,0,208.0,60.0
287-368,287-368-287,IV ALÈDUA TRAIL MEMORIAL MJ,K25,2016-02-07,Sin Localidad definida,0,416.0,47.0
366-394,366-394-321,IX CARRERA POPULAR PARQUE NATURAL DEL TÚRIA,Carrera Absoluta,2016-02-07,Sin Localidad definida,0,461.0,135.0
366-394,366-394-398,IX CARRERA POPULAR PARQUE NATURAL DEL TÚRIA,Nanos,2016-02-07,Sin Localidad definida,0,,
366-394,366-394-399,IX CARRERA POPULAR PARQUE NATURAL DEL TÚRIA,Pre Benjamín,2016-02-07,Sin Localidad definida,0,,
366-394,366-394-400,IX CARRERA POPULAR PARQUE NATURAL DEL TÚRIA,Benjamín,2016-02-07,Sin Localidad definida,0,,
366-394,366-394-401,IX CARRERA POPULAR PARQUE NATURAL DEL TÚRIA,Alevín,2016-02-07,Sin Localidad definida,0,,
366-394,366-394-402,IX CARRERA POPULAR PARQUE NATURAL DEL TÚRIA,Infantil,2016-02-07,Sin Localidad definida,0,,
366-394,366-394-403,IX CARRERA POPULAR PARQUE NATURAL DEL TÚRIA,Cadete,2016-02-07,Sin Localidad definida,0,,
289-370,289-370-289,IX MITJA MARATÓ CIUTAT DE SUECA,Carrera Absoluta,2016-01-31,Sin Localidad definida,0,399.0,68.0
321-375,321-375-294,II VOLTA MUNTANYA DE LLAURÍ,Prueba Reina,2016-01-30,Sin Localidad definida,0,236.0,66.0
321-375,321-375-298,II VOLTA MUNTANYA DE LLAURÍ,Sprint Trail,2016-01-30,Sin Localidad definida,0,158.0,107.0
358-371,358-371-290,V 8K SANT ANTONI FORTALENY,Carrera Absoluta,2016-01-16,Sin Localidad definida,0,359.0,132.0
358-371,358-371-305,V 8K SANT ANTONI FORTALENY,Marcha,2016-01-16,Sin Localidad definida,0,,
113-374,113-374-293,XXXI SAN SILVESTRE D'ALBALAT DE LA RIBERA,Carrera Absoluta,2015-12-31,Sin Localidad definida,0,,
368-401,368-401-345,III SANT SILVESTRE DE CULLERA,Carrera Absoluta,2015-12-30,Sin Localidad definida,0,,
368-401,368-401-346,III SANT SILVESTRE DE CULLERA,Carreras Infantiles,2015-12-30,Sin Localidad definida,0,,
367-400,367-400-344,XVII SAN SILVESTRE DE MISLATA,Carrera Absoluta,2015-12-29,Sin Localidad definida,0,,
360-373,360-373-292,I SANT SILVESTRE NOCTURNA RIOLA,Carrera Absoluta,2015-12-28,Sin Localidad definida,0,,
361-376,361-376-295,XIV CURSA DE NADAL BÉTERA,Carrera Absoluta,2015-12-13,Sin Localidad definida,0,357.0,97.0
361-376,361-376-299,XIV CURSA DE NADAL BÉTERA,Nascuts 2008-2015,2015-12-13,Sin Localidad definida,0,,
361-376,361-376-300,XIV CURSA DE NADAL BÉTERA,Nascuts 2006-2007,2015-12-13,Sin Localidad definida,0,,
361-376,361-376-301,XIV CURSA DE NADAL BÉTERA,Nascuts 2003-2005,2015-12-13,Sin Localidad definida,0,,
361-376,361-376-302,XIV CURSA DE NADAL BÉTERA,Nascuts 2000-2002,2015-12-13,Sin Localidad definida,0,,
84-377,84-377-296,IV CARRERA DE EQUIPOS CONTRA ZOMBIES UMH ELCHE,Carrera Absoluta,2015-12-12,Sin Localidad definida,0,145.0,0.0
364-384,364-384-310,I GALA CRESPO CRONORUNNERS,Gala Final,2015-12-11,Sin Localidad definida,0,,
362-378,362-378-297,I COLORINS RUN FALLA TAÜT,Colorins Run,2015-11-28,Sin Localidad definida,0,,
227-327,227-327-183,XXXV BESTDRIVE 10K. MISLATA 2018,Carrera Absoluta,2015-11-22,Sin Localidad definida,0,832.0,227.0
351-360,351-360-276,I 10k y 5K DINOSAURIS MONCADA,Carrera Absoluta,2015-11-22,Sin Localidad definida,0,215.0,80.0
282-369,282-369-288,II CAMINATA PER LA MPOC,Caminata per l´MPOC,2015-11-22,Sin Localidad definida,0,,
359-372,359-372-291,II CURSA PER EQUIPS I MARXA DE L'MPOC,Contrarrelloge,2015-11-22,Sin Localidad definida,0,,
226-328,226-328-184,XX MITJA MARATÓ CIUTAT DE XIRIVELLA,Carrera Absoluta,2015-11-08,Sin Localidad definida,21097,559.0,62.0
285-364,285-364-281,IV VOLTA A PEU SANTA CECILIA CULLERA,Carrera Absoluta,2015-11-08,Sin Localidad definida,0,,
357-367,357-367-285,II GALA FINAL CIRCUIT DE L'ALBUFERA,Selección Talla Obsequio,2015-10-30,Sin Localidad definida,0,,
348-356,348-356-239,II CURSA POPULAR A BORBOTÓ,Carrera Absoluta,2015-10-24,Sin Localidad definida,0,192.0,76.0
356-366,356-366-284,V GALA CIRCUIT RIBERA DE XÚQUER,Talla Obsequio,2015-10-23,Sin Localidad definida,0,,
275-357,275-357-248,XXVI VOLTA A PEU VILAMARXANT,Carrera Absoluta,2015-10-09,Sin Localidad definida,0,186.0,55.0
332-335,332-335-193,II MITJA MARATÓ DEL KAKI,Carrera Absoluta,2015-10-04,Sin Localidad definida,0,545.0,72.0
156-311,156-311-147,XXXII VOLTA A PEU PORT DE CATARROJA,Carrera Absoluta,2015-10-03,Sin Localidad definida,0,725.0,202.0
352-361,352-361-277,I 5K SOLIDARIA BARRIO BIENSA,Carrera Absoluta,2015-10-03,Sin Localidad definida,0,87.0,39.0
308-302,308-302-146,XXIII VOLTA A PEU CIUTAT DE CARLET,Carrera Absoluta,2015-09-27,Sin Localidad definida,0,509.0,107.0
308-302,308-302-272,XXIII VOLTA A PEU CIUTAT DE CARLET,Benjamín,2015-09-27,Sin Localidad definida,0,20.0,0.0
308-302,308-302-273,XXIII VOLTA A PEU CIUTAT DE CARLET,Alevín,2015-09-27,Sin Localidad definida,0,10.0,0.0
308-302,308-302-274,XXIII VOLTA A PEU CIUTAT DE CARLET,Infantil,2015-09-27,Sin Localidad definida,0,38.0,0.0
308-302,308-302-275,XXIII VOLTA A PEU CIUTAT DE CARLET,Cadete,2015-09-27,Sin Localidad definida,0,8.0,0.0
274-346,274-346-215,II BELLUS TRAIL MOUNTAIN LA COSTERA-LA VALL D'ALBAIDA,Special One 42k,2015-09-27,Sin Localidad definida,38,57.0,5.0
274-346,274-346-216,II BELLUS TRAIL MOUNTAIN LA COSTERA-LA VALL D'ALBAIDA,Sprint Trail 13K,2015-09-27,Sin Localidad definida,12,114.0,37.0
161-310,161-310-144,XXVIII 10K i 20K CIUTAT DE SUECA,10k,2015-09-26,Sin Localidad definida,0,424.0,143.0
161-310,161-310-145,XXVIII 10K i 20K CIUTAT DE SUECA,20k,2015-09-26,Sin Localidad definida,0,208.0,28.0
330-333,330-333-191,III 10K MANISES MEMORIAL JUAN RAMON FERRER,Carrera Absoluta,2015-09-20,Sin Localidad definida,0,210.0,112.0
330-333,330-333-268,III 10K MANISES MEMORIAL JUAN RAMON FERRER,Benjamín,2015-09-20,Sin Localidad definida,0,,
330-333,330-333-269,III 10K MANISES MEMORIAL JUAN RAMON FERRER,Alevín,2015-09-20,Sin Localidad definida,0,,
330-333,330-333-270,III 10K MANISES MEMORIAL JUAN RAMON FERRER,Infantil,2015-09-20,Sin Localidad definida,0,,
330-333,330-333-271,III 10K MANISES MEMORIAL JUAN RAMON FERRER,Cadete,2015-09-20,Sin Localidad definida,0,,
354-363,354-363-279,I GRAN FONS TRITONS ALBALAT DE LA RIBERA,15k,2015-09-20,Sin Localidad definida,0,251.0,44.0
354-363,354-363-280,I GRAN FONS TRITONS ALBALAT DE LA RIBERA,"7,5k",2015-09-20,Sin Localidad definida,0,87.0,47.0
337-343,337-343-208,I CARRERA SOLIDARIA FALLA EL DIVENDRES  MASSANASSA,Carrera Absoluta,2015-09-19,Sin Localidad definida,0,262.0,148.0
337-343,337-343-223,I CARRERA SOLIDARIA FALLA EL DIVENDRES  MASSANASSA,Marcha Absoluta,2015-09-19,Sin Localidad definida,0,,
353-362,353-362-278,I COLORINES RUN PARTY CIUTAT DE SUECA,Colorines Run Party,2015-09-19,Sin Localidad definida,0,,
307-301,307-301-143,XIX VOLTA A PEU ALGINET,Carrera Absoluta,2015-09-12,Sin Localidad definida,0,621.0,134.0
307-301,307-301-263,XIX VOLTA A PEU ALGINET,Benjamín,2015-09-12,Sin Localidad definida,0,37.0,0.0
307-301,307-301-264,XIX VOLTA A PEU ALGINET,Alevín,2015-09-12,Sin Localidad definida,0,29.0,0.0
307-301,307-301-265,XIX VOLTA A PEU ALGINET,Infantil,2015-09-12,Sin Localidad definida,0,25.0,0.0
307-301,307-301-266,XIX VOLTA A PEU ALGINET,Cadete,2015-09-12,Sin Localidad definida,0,14.0,0.0
162-309,162-309-141,II 10K DE L'HORTA CASTELLAR-OLIVERAL,Carrera Absoluta,2015-09-06,Sin Localidad definida,0,612.0,117.0
345-353,345-353-235,I CARRERA 2K HOLI ALAQUÀS,Fiesta Holi Alaquàs,2015-09-06,Sin Localidad definida,0,,
331-334,331-334-192,XXI VOLTA A PEU LA CANYADA,Carrera Absoluta,2015-08-29,Sin Localidad definida,0,345.0,48.0
306-300,306-300-139,XXV VOLTA A PEU NOCTURNA A MANUEL,Carrera Absoluta,2015-08-28,Sin Localidad definida,0,506.0,134.0
306-300,306-300-225,XXV VOLTA A PEU NOCTURNA A MANUEL,Benjamín,2015-08-28,Sin Localidad definida,0,40.0,0.0
306-300,306-300-226,XXV VOLTA A PEU NOCTURNA A MANUEL,Alevín,2015-08-28,Sin Localidad definida,0,28.0,0.0
306-300,306-300-227,XXV VOLTA A PEU NOCTURNA A MANUEL,Infantil,2015-08-28,Sin Localidad definida,0,25.0,0.0
306-300,306-300-228,XXV VOLTA A PEU NOCTURNA A MANUEL,Cadete,2015-08-28,Sin Localidad definida,0,18.0,0.0
306-300,306-300-267,XXV VOLTA A PEU NOCTURNA A MANUEL,Pre-Benjamín,2015-08-28,Sin Localidad definida,0,25.0,0.0
318-317,318-317-118,XXXVII VOLTA A PEU BENICULL,Carrera Absoluta,2015-08-24,Sin Localidad definida,0,351.0,71.0
346-354,346-354-236,I CURSA I MARXA NOCTURNA GAVARDA,Carrera,2015-08-21,Sin Localidad definida,0,,
346-354,346-354-237,I CURSA I MARXA NOCTURNA GAVARDA,Marxa,2015-08-21,Sin Localidad definida,0,,
347-355,347-355-238,I 10K MONTSERRAT,Carrera Absoluta,2015-08-17,Sin Localidad definida,10000,285.0,69.0
349-358,349-358-253,I CARRERA I MARXA FESTES DEL CRIST MASSALAVÉS,Carrera Absoluta,2015-08-14,Sin Localidad definida,0,221.0,75.0
349-358,349-358-254,I CARRERA I MARXA FESTES DEL CRIST MASSALAVÉS,Marcha,2015-08-14,Sin Localidad definida,0,,
350-359,350-359-262,I VOLTA A PEU BENIFAIÓ,Carrera Absoluta,2015-08-12,Sin Localidad definida,0,,
338-344,338-344-209,I CARRERA NOCTURNA CIUTAT DE SUECA,Carrera Absoluta,2015-08-10,Sin Localidad definida,0,377.0,119.0
159-308,159-308-140,XVIII VOLTA A PEU FAVARA,Carrera Absoluta,2015-08-08,Sin Localidad definida,0,354.0,103.0
159-308,159-308-258,XVIII VOLTA A PEU FAVARA,Prebenjamín,2015-08-08,Sin Localidad definida,0,,
159-308,159-308-259,XVIII VOLTA A PEU FAVARA,Benjamín,2015-08-08,Sin Localidad definida,0,32.0,0.0
159-308,159-308-260,XVIII VOLTA A PEU FAVARA,Alevín,2015-08-08,Sin Localidad definida,0,13.0,0.0
159-308,159-308-261,XVIII VOLTA A PEU FAVARA,Cadete,2015-08-08,Sin Localidad definida,0,7.0,0.0
342-350,342-350-222,XXV VOLTA A PEU ALBALAT DELS TARONGERS,Carrera Absoluta,2015-08-05,Sin Localidad definida,0,352.0,86.0
342-350,342-350-249,XXV VOLTA A PEU ALBALAT DELS TARONGERS,De 0 a 3 años,2015-08-05,Sin Localidad definida,0,,
342-350,342-350-250,XXV VOLTA A PEU ALBALAT DELS TARONGERS,de 4 a 8 años,2015-08-05,Sin Localidad definida,0,,
342-350,342-350-251,XXV VOLTA A PEU ALBALAT DELS TARONGERS,De 9 a 13 años,2015-08-05,Sin Localidad definida,0,,
342-350,342-350-252,XXV VOLTA A PEU ALBALAT DELS TARONGERS,De 14 a 17 años,2015-08-05,Sin Localidad definida,0,,
305-299,305-299-138,XV VOLTA A PEU PEL XÚQUER - RIOLA,Carrera Absoluta,2015-08-03,Sin Localidad definida,0,597.0,181.0
305-299,305-299-229,XV VOLTA A PEU PEL XÚQUER - RIOLA,Benjamín,2015-08-03,Sin Localidad definida,0,30.0,0.0
305-299,305-299-230,XV VOLTA A PEU PEL XÚQUER - RIOLA,Alevín,2015-08-03,Sin Localidad definida,0,16.0,0.0
305-299,305-299-231,XV VOLTA A PEU PEL XÚQUER - RIOLA,Infantil,2015-08-03,Sin Localidad definida,0,16.0,0.0
305-299,305-299-232,XV VOLTA A PEU PEL XÚQUER - RIOLA,Cadete-M,2015-08-03,Sin Localidad definida,0,13.0,0.0
343-351,343-351-224,XXXIII VUELTA A PIE  VILLAR DEL ARZOBISPO,Carrera Absoluta,2015-08-01,Sin Localidad definida,10000,164.0,24.0
343-351,343-351-242,XXXIII VUELTA A PIE  VILLAR DEL ARZOBISPO,Minibenjamin,2015-08-01,Sin Localidad definida,0,,
343-351,343-351-243,XXXIII VUELTA A PIE  VILLAR DEL ARZOBISPO,Prebenjamín,2015-08-01,Sin Localidad definida,0,,
343-351,343-351-244,XXXIII VUELTA A PIE  VILLAR DEL ARZOBISPO,Benjamín,2015-08-01,Sin Localidad definida,0,,
343-351,343-351-245,XXXIII VUELTA A PIE  VILLAR DEL ARZOBISPO,Alevín,2015-08-01,Sin Localidad definida,0,,
343-351,343-351-246,XXXIII VUELTA A PIE  VILLAR DEL ARZOBISPO,Infantil,2015-08-01,Sin Localidad definida,0,,
343-351,343-351-247,XXXIII VUELTA A PIE  VILLAR DEL ARZOBISPO,Cadete,2015-08-01,Sin Localidad definida,0,,
344-352,344-352-233,XXIX VOLTA A PEU SOLLANA,Carrera Absoluta,2015-08-01,Sin Localidad definida,8000,,
344-352,344-352-234,XXIX VOLTA A PEU SOLLANA,Marcha,2015-08-01,Sin Localidad definida,0,,
160-307,160-307-137,XII VOLTA A PEU JOANOT PRESÈNCIA POLINYÀ DE XÚQUER,Carrera Absoluta,2015-07-25,Sin Localidad definida,0,469.0,133.0
160-307,160-307-255,XII VOLTA A PEU JOANOT PRESÈNCIA POLINYÀ DE XÚQUER,De 0 a 5 años,2015-07-25,Sin Localidad definida,0,,
160-307,160-307-256,XII VOLTA A PEU JOANOT PRESÈNCIA POLINYÀ DE XÚQUER,De 6 a 9 años,2015-07-25,Sin Localidad definida,0,,
160-307,160-307-257,XII VOLTA A PEU JOANOT PRESÈNCIA POLINYÀ DE XÚQUER,De 10 a 13 años,2015-07-25,Sin Localidad definida,0,,
265-325,265-325-181,V 10K SENSE LÍMITS ALDAIA,Carrera Absoluta,2015-07-25,Sin Localidad definida,0,700.0,209.0
272-349,272-349-221,III VOLTA A PEU RAFELGUARAF (INSCRIPCIONES EN META),Carrera Absoluta,2015-07-24,Sin Localidad definida,9300,,
336-342,336-342-206,VIII CARRERA ENTRE OLIVOS Y PINARES VALL DE ALMONACID,Carrera Absoluta,2015-07-18,Sin Localidad definida,0,98.0,16.0
336-342,336-342-207,VIII CARRERA ENTRE OLIVOS Y PINARES VALL DE ALMONACID,Marcha Absoluta,2015-07-18,Sin Localidad definida,0,,
339-345,339-345-214,IX CARRERA KIKEMORET DESAFIORUNNING,Carrera Absoluta,2015-07-17,Sin Localidad definida,0,,
339-345,339-345-220,IX CARRERA KIKEMORET DESAFIORUNNING,Carreras Infantiles,2015-07-17,Sin Localidad definida,0,,
315-315,315-315-160,"I VOLTA A PEU ""FUERZA JULEN"" EL PERELLONET",Carrera Absoluta,2015-07-11,Sin Localidad definida,0,400.0,140.0
315-315,315-315-219,"I VOLTA A PEU ""FUERZA JULEN"" EL PERELLONET",Pre Benjamín,2015-07-11,Sin Localidad definida,0,,
315-315,315-315-240,"I VOLTA A PEU ""FUERZA JULEN"" EL PERELLONET",Benjamín,2015-07-11,Sin Localidad definida,0,,
315-315,315-315-241,"I VOLTA A PEU ""FUERZA JULEN"" EL PERELLONET",Infantil,2015-07-11,Sin Localidad definida,0,,
334-340,334-340-204,I CARRERA POPULAR ALBORACHE,Carrera Absoluta,2015-07-11,Sin Localidad definida,0,100.0,19.0
304-298,304-298-136,VIII VOLTA A PEU MARENY DE BARRAQUETES,Carrera Absoluta,2015-07-04,Sin Localidad definida,0,511.0,151.0
324-326,324-326-182,XXV VOLTA A PEU ALBAL,Carrera Absoluta,2015-07-04,Sin Localidad definida,0,388.0,81.0
266-348,266-348-218,XXIII LEGUA URBANA CIUTAT DE TORRENT,Carrera Absoluta,2015-07-03,Sin Localidad definida,0,700.0,232.0
229-347,229-347-217,XXII VOLTA A PEU GUADASSUAR (INSCRIPCIONS EN META),Carrera Absoluta,2015-07-02,Sin Localidad definida,8,,
335-341,335-341-205,I 5k CIUTAT DE VINARÒS,Carrera Absoluta,2015-06-28,Sin Localidad definida,0,85.0,47.0
333-338,333-338-202,II CARRERA 5K SOLIDARIA DE BUÑOL,Carrera Absoluta,2015-06-27,Sin Localidad definida,0,156.0,85.0
261-337,261-337-195,XII VOLTA A PEU NOCTURNA RIBA-ROJA DE TURIA,Carrera Absoluta,2015-06-26,Sin Localidad definida,0,807.0,407.0
302-296,302-296-134,III VOLTA A PEU A SANT JOANET,Carrera Absoluta,2015-06-20,Sin Localidad definida,0,456.0,102.0
158-306,158-306-135,XVIII 10K CIUTAT DE BENIPARRELL,Carrera Absoluta,2015-06-20,Sin Localidad definida,0,502.0,108.0
158-306,158-306-210,XVIII 10K CIUTAT DE BENIPARRELL,De 0 a 5 años,2015-06-20,Sin Localidad definida,0,,
158-306,158-306-211,XVIII 10K CIUTAT DE BENIPARRELL,De 6 a 9 años,2015-06-20,Sin Localidad definida,0,,
158-306,158-306-212,XVIII 10K CIUTAT DE BENIPARRELL,De 10 a 13 años,2015-06-20,Sin Localidad definida,0,,
264-339,264-339-203,XXI VOLTA A PEU ALBERIC (LA CARRERA DE LA MONA),Carrera Absoluta,2015-06-12,Sin Localidad definida,0,375.0,101.0
262-336,262-336-194,II 6K NOCTURNO SOLIDARIO PUERTO DE SAGUNTO,Carrera Absoluta,2015-06-06,Sin Localidad definida,0,183.0,111.0
262-336,262-336-213,II 6K NOCTURNO SOLIDARIO PUERTO DE SAGUNTO,Carreras Infantiles,2015-06-06,Sin Localidad definida,0,,
260-255,260-255-130,XXXI VOLTA A PEU ALGEMESI,Carrera Absoluta,2015-06-06,Sin Localidad definida,0,800.0,147.0
260-255,260-255-198,XXXI VOLTA A PEU ALGEMESI,Benjamín,2015-06-06,Sin Localidad definida,0,32.0,0.0
260-255,260-255-199,XXXI VOLTA A PEU ALGEMESI,Alevín,2015-06-06,Sin Localidad definida,0,11.0,0.0
260-255,260-255-200,XXXI VOLTA A PEU ALGEMESI,Infantil,2015-06-06,Sin Localidad definida,0,18.0,0.0
260-255,260-255-201,XXXI VOLTA A PEU ALGEMESI,Cadete,2015-06-06,Sin Localidad definida,0,8.0,0.0
270-314,270-314-142,VI VOLTA A PEU ILLA DEL PALMAR,Carrera Absoluta,2015-05-30,Sin Localidad definida,0,424.0,114.0
293-288,293-288-105,I TRAIL 15KM BENICARLÓ,Carrera Absoluta,2015-05-24,Sin Localidad definida,0,167.0,41.0
214-294,214-294-129,III 10K CIUTAT D'ALZIRA,Carrera Absoluta,2015-05-16,Sin Localidad definida,0,831.0,175.0
214-294,214-294-175,III 10K CIUTAT D'ALZIRA,Benjamín,2015-05-16,Sin Localidad definida,0,,
214-294,214-294-176,III 10K CIUTAT D'ALZIRA,Alevín,2015-05-16,Sin Localidad definida,0,,
214-294,214-294-177,III 10K CIUTAT D'ALZIRA,Infantil,2015-05-16,Sin Localidad definida,0,,
214-294,214-294-178,III 10K CIUTAT D'ALZIRA,Cadete,2015-05-16,Sin Localidad definida,0,1.0,0.0
157-305,157-305-133,II PUJADA A LA BOLA DE CULLERA,Carrera Absoluta,2015-05-10,Sin Localidad definida,0,335.0,91.0
223-323,223-323-161,XXXIII MITJA MARATÓ D'ALCÀSSER,Carrera Absoluta,2015-05-09,Sin Localidad definida,0,413.0,48.0
206-204,206-204-128,XXVIII VOLTA A PEU A L´ALCÚDIA,Carrera Absoluta,2015-05-02,Sin Localidad definida,0,674.0,145.0
206-204,206-204-171,XXVIII VOLTA A PEU A L´ALCÚDIA,Benjamín,2015-05-02,Sin Localidad definida,0,,
206-204,206-204-172,XXVIII VOLTA A PEU A L´ALCÚDIA,Alevín,2015-05-02,Sin Localidad definida,0,,
206-204,206-204-173,XXVIII VOLTA A PEU A L´ALCÚDIA,Infantil,2015-05-02,Sin Localidad definida,0,,
206-204,206-204-174,XXVIII VOLTA A PEU A L´ALCÚDIA,Cadete,2015-05-02,Sin Localidad definida,0,,
320-319,320-319-121,IV VOLTA A PEU I MARXA BONESTAR-LA LLACUNA,Carrera,2015-05-01,Sin Localidad definida,0,129.0,40.0
320-319,320-319-122,IV VOLTA A PEU I MARXA BONESTAR-LA LLACUNA,Caminantes,2015-05-01,Sin Localidad definida,0,,
221-322,221-322-162,XI MITJA MARATO i X10K CIUTAT DE TORRENT,Media Maratón,2015-04-26,Sin Localidad definida,0,271.0,33.0
221-322,221-322-186,XI MITJA MARATO i X10K CIUTAT DE TORRENT,10k,2015-04-26,Sin Localidad definida,0,252.0,66.0
295-290,295-290-125,X GRAN FONS DE TURÍS MEMORIAL RAIMON SORIA,Carrera Absoluta,2015-04-25,Sin Localidad definida,0,296.0,60.0
295-290,295-290-163,X GRAN FONS DE TURÍS MEMORIAL RAIMON SORIA,Benjamín,2015-04-25,Sin Localidad definida,0,29.0,0.0
295-290,295-290-164,X GRAN FONS DE TURÍS MEMORIAL RAIMON SORIA,Alevín,2015-04-25,Sin Localidad definida,0,30.0,0.0
295-290,295-290-165,X GRAN FONS DE TURÍS MEMORIAL RAIMON SORIA,Infantil,2015-04-25,Sin Localidad definida,0,14.0,0.0
295-290,295-290-166,X GRAN FONS DE TURÍS MEMORIAL RAIMON SORIA,Cadetes,2015-04-25,Sin Localidad definida,0,9.0,0.0
327-330,327-330-188,III CARRERA INDIVIDUAL Y EN FAMILIA DE MISLATA,Carrera Absoluta,2015-04-25,Sin Localidad definida,0,,
328-331,328-331-187,III CARRERA COLECTIVOS MEDIOS DE MISLATA,Colectivos Medios,2015-04-25,Sin Localidad definida,0,,
329-332,329-332-189,III CARRERA GRANDES GRUPOS DE MISLATA,Carrera Absoluta,2015-04-25,Sin Localidad definida,0,,
292-287,292-287-104,II VOLTA A PEU DE LA DONA BENICARLÓ,Carrera Absoluta,2015-04-19,Sin Localidad definida,0,97.0,679.0
150-304,150-304-132,II 10k BIMI SILLA,Carrera Absoluta,2015-04-19,Sin Localidad definida,0,540.0,141.0
163-164,163-164-127,II 10K BENIMODO,Carrera Absoluta,2015-04-19,Sin Localidad definida,0,327.0,65.0
163-164,163-164-167,II 10K BENIMODO,Benjamín,2015-04-19,Sin Localidad definida,0,,
163-164,163-164-168,II 10K BENIMODO,Alevín,2015-04-19,Sin Localidad definida,0,,
163-164,163-164-169,II 10K BENIMODO,Infantil,2015-04-19,Sin Localidad definida,0,,
163-164,163-164-170,II 10K BENIMODO,Cadetes,2015-04-19,Sin Localidad definida,0,,
163-164,163-164-196,II 10K BENIMODO,Pre-Benjamín,2015-04-19,Sin Localidad definida,0,,
163-164,163-164-197,II 10K BENIMODO,Menudets,2015-04-19,Sin Localidad definida,0,,
323-324,323-324-179,XXVIII VOLTA A PEU FIBRA VALENCIA VILA D'ALAQUAS,Prueba Reina,2015-04-18,Sin Localidad definida,0,340.0,70.0
323-324,323-324-180,XXVIII VOLTA A PEU FIBRA VALENCIA VILA D'ALAQUAS,Volteta,2015-04-18,Sin Localidad definida,0,57.0,71.0
296-291,296-291-126,XV VOLTA A PEU GAVARDA,Carrera Absoluta,2015-04-11,Sin Localidad definida,0,441.0,99.0
296-291,296-291-155,XV VOLTA A PEU GAVARDA,Benjamín,2015-04-11,Sin Localidad definida,0,33.0,0.0
296-291,296-291-156,XV VOLTA A PEU GAVARDA,Alevín,2015-04-11,Sin Localidad definida,0,32.0,0.0
296-291,296-291-157,XV VOLTA A PEU GAVARDA,Infantil,2015-04-11,Sin Localidad definida,0,23.0,0.0
296-291,296-291-158,XV VOLTA A PEU GAVARDA,Cadetes,2015-04-11,Sin Localidad definida,0,20.0,0.0
296-291,296-291-190,XV VOLTA A PEU GAVARDA,No competitiva,2015-04-11,Sin Localidad definida,0,,
291-286,291-286-103,I 10K CIUTAT DE BENICARLÓ,Carrera Absoluta,2015-03-29,Sin Localidad definida,0,232.0,79.0
136-293,136-293-111,VI TRAIL 3 PICS LES RODANES,REINA 28K,2015-03-29,Sin Localidad definida,0,191.0,2.0
136-293,136-293-112,VI TRAIL 3 PICS LES RODANES,RAPITTRAIL 14K,2015-03-29,Sin Localidad definida,0,,
299-295,299-295-124,XV VOLTA A PEU CATADAU,Carrera Absoluta,2015-03-28,Sin Localidad definida,0,393.0,93.0
299-295,299-295-148,XV VOLTA A PEU CATADAU,Mini-Benjamin,2015-03-28,Sin Localidad definida,0,,
299-295,299-295-149,XV VOLTA A PEU CATADAU,Pre-Benjamín,2015-03-28,Sin Localidad definida,0,,
299-295,299-295-150,XV VOLTA A PEU CATADAU,Benjamín,2015-03-28,Sin Localidad definida,0,24.0,0.0
299-295,299-295-151,XV VOLTA A PEU CATADAU,Alevín,2015-03-28,Sin Localidad definida,0,22.0,0.0
299-295,299-295-152,XV VOLTA A PEU CATADAU,Infantil,2015-03-28,Sin Localidad definida,0,16.0,0.0
299-295,299-295-153,XV VOLTA A PEU CATADAU,Cadetes,2015-03-28,Sin Localidad definida,0,16.0,0.0
311-303,311-303-120,I 10MILPASSOS KANGURS BENIFAIÓ,Carrera Absoluta,2015-03-28,Sin Localidad definida,0,361.0,106.0
326-329,326-329-185,XXXVII PUJADA A LA FONT ROJA,Carrera Absoluta,2015-03-22,Sin Localidad definida,0,175.0,43.0
321-320,321-320-154,I VOLTA MUNTANYA DE LLAURÍ,Carrera Absoluta,2015-03-21,Sin Localidad definida,0,81.0,17.0
312-312,312-312-117,XV VOLTA A PEU A LA CIUTAT DE CASTELLO TROFEU LUIS ADSUARA,Carrera Absoluta,2015-03-15,Sin Localidad definida,0,452.0,175.0
134-134,134-134-108,IV 10k D' ALCÁNTERA DEL XÚQUER,Mitja Marató,2015-03-15,Sin Localidad definida,0,210.0,21.0
134-134,134-134-109,IV 10k D' ALCÁNTERA DEL XÚQUER,Quarta Marató,2015-03-15,Sin Localidad definida,0,233.0,72.0
288-283,288-283-97,"III 7K, 15k MASKOKOTAS GUADASSUAR",7k,2015-03-08,Sin Localidad definida,0,,
288-283,288-283-98,"III 7K, 15k MASKOKOTAS GUADASSUAR",14k,2015-03-08,Sin Localidad definida,0,,
288-283,288-283-99,"III 7K, 15k MASKOKOTAS GUADASSUAR",21k,2015-03-08,Sin Localidad definida,0,,
294-289,294-289-106,XIX MEDIA MARATÓN DE RIBARROJA,Carrera Absoluta,2015-03-08,Sin Localidad definida,0,,
191-292,191-292-107,III CARRERA SOLIDARIA DEL COMERCIO 10K SAGUNTO,Carrera Absoluta,2015-03-07,Sin Localidad definida,0,96.0,32.0
191-292,191-292-131,III CARRERA SOLIDARIA DEL COMERCIO 10K SAGUNTO,Carrera de la mujer,2015-03-07,Sin Localidad definida,0,,
316-316,316-316-110,III VOLTA A PEU BENÉFICA FALLA EL RABAL,Carrera Absoluta,2015-03-07,Sin Localidad definida,0,618.0,243.0
322-321,322-321-159,III CARRERA DE DONES D'ALDAIA,Carrera de la dona,2015-03-07,Sin Localidad definida,5000,38.0,136.0
319-318,319-318-119,I CARRERA SOLIDARIA SAN ANTONIO DE BENAGÉBER,Carrera Absoluta,2015-02-28,Sin Localidad definida,0,168.0,111.0
313-313,313-313-113,II MEETING SOLIDARI CIUTAT DE SUECA,800,2015-02-21,Sin Localidad definida,0,,
313-313,313-313-114,II MEETING SOLIDARI CIUTAT DE SUECA,1500,2015-02-21,Sin Localidad definida,0,,
313-313,313-313-115,II MEETING SOLIDARI CIUTAT DE SUECA,3000 obs,2015-02-21,Sin Localidad definida,0,,
313-313,313-313-116,II MEETING SOLIDARI CIUTAT DE SUECA,5000,2015-02-21,Sin Localidad definida,0,,
313-313,313-313-123,II MEETING SOLIDARI CIUTAT DE SUECA,Categorías Infantiles,2015-02-21,Sin Localidad definida,0,,
287-282,287-282-95,III ALÈDUA TRAIL MEMORIAL MJ,K25,2015-02-08,Sin Localidad definida,0,307.0,32.0
287-282,287-282-96,III ALÈDUA TRAIL MEMORIAL MJ,k10,2015-02-08,Sin Localidad definida,0,202.0,80.0
289-284,289-284-100,VIII MITJA MARATÓ CIUTAT DE SUECA,Carrera Absoluta,2015-02-08,Sin Localidad definida,0,248.0,38.0
290-285,290-285-102,XXXVII SAN SILVESTRE BENICARLÓ,Carrera Absoluta,2014-12-31,Sin Localidad definida,0,247.0,63.0
283-277,283-277-93,VIII SAN SILVESTRE SOLIDARIA  RIBA-ROJA DEL TúRIA,Carrera Absoluta,2014-12-20,Sin Localidad definida,0,,
84-278,84-278-101,III CARRERA DE EQUIPOS CONTRA ZOMBIES UMH ELCHE,Absoluta,2014-12-13,Sin Localidad definida,0,,
286-281,286-281-94,I CARRERA SOLIDARIA PAPANOEL,Carrera Absoluta,2014-12-13,Sin Localidad definida,0,,
279-273,279-273-89,IV CARRERA POR MONTAÑA SIERRA DE CHIVA TRAIL 34KM,Trail 34km,2014-12-07,Sin Localidad definida,0,309.0,43.0
63-64,63-64-88,V CARRERA POR MONTAÑA SIERRA DE CHIVA MASTER 61KM,Master 61km,2014-12-07,Sin Localidad definida,0,354.0,33.0
282-276,282-276-92,I CAMINATA PER LA MPOC,MARCHA SOLIDARIA PER LA EPOC,2014-11-23,Sin Localidad definida,0,,
227-224,227-224-25,XXXIV BESTDRIVE 10K. MISLATA 2018,Carrera Absoluta,2014-11-23,Sin Localidad definida,0,920.0,247.0
226-223,226-223-87,XIX MITJA MARATÓ CIUTAT DE XIRIVELLA,Absoluta,2014-11-09,Sin Localidad definida,0,,
280-274,280-274-90,I GALA FINAL CIRCUIT DIVINA PASTORA PARC DE L'ALBUFERA (SELECCIÓN DE TALLA OBSEQUIO),Gala Final,2014-10-31,Sin Localidad definida,0,,
273-268,273-268-86,I Mitja Marathon del Kaki,Carrera Absoluta,2014-10-26,Sin Localidad definida,0,578.0,52.0
275-270,275-270-82,XXV VOLTA A PEU VILAMARXANT,Carrera Absoluta,2014-10-09,Sin Localidad definida,0,150.0,42.0
277-272,277-272-84,VII Volta a Peu Solidaria 9 d'octubre de  Villalonga,Carrera Absoluta,2014-10-09,Sin Localidad definida,0,174.0,47.0
15-17,15-17-85,XXVIII MITJA MARATÓ D'ALAQUÁS,Carrera Absoluta,2014-10-04,Sin Localidad definida,0,388.0,41.0
156-157,156-157-81,XXXI VOLTA A PEU PORT DE CATARROJA,Carrera Absoluta,2014-10-04,Sin Localidad definida,0,524.0,117.0
268-263,268-263-69,II TRAIL RIBARROJA DEL TURIA,K25,2014-09-28,Sin Localidad definida,0,186.0,13.0
268-263,268-263-70,II TRAIL RIBARROJA DEL TURIA,K12,2014-09-28,Sin Localidad definida,0,163.0,43.0
274-269,274-269-79,I BELLUS TRAIL MOUNTAIN LA COSTERA-LA VALL D'ALBAIDA,SPECIAL ONE TRAIL 42K,2014-09-27,Sin Localidad definida,0,40.0,1.0
274-269,274-269-80,I BELLUS TRAIL MOUNTAIN LA COSTERA-LA VALL D'ALBAIDA,SPRINT TRAIL 12K,2014-09-27,Sin Localidad definida,0,79.0,11.0
161-162,161-162-72,XXVII 10K i 20K CIUTAT DE SUECA,20k,2014-09-27,Sin Localidad definida,0,152.0,18.0
161-162,161-162-73,XXVII 10K i 20K CIUTAT DE SUECA,10k,2014-09-27,Sin Localidad definida,0,326.0,101.0
162-163,162-163-66,I 10K DE L'HORTA CASTELLAR-OLIVERAL,Prueba Reina,2014-09-07,Sin Localidad definida,0,537.0,96.0
276-271,276-271-83,II Carrera i marxa de la dona de l'Alcúdia,Carrera Absoluta,2014-09-06,Sin Localidad definida,0,,
159-160,159-160-65,XVII VOLTA A PEU FAVARA,Prova Reina,2014-08-02,Sin Localidad definida,0,282.0,64.0
159-160,159-160-75,XVII VOLTA A PEU FAVARA,Cadets,2014-08-02,Sin Localidad definida,0,,
159-160,159-160-76,XVII VOLTA A PEU FAVARA,Alevins,2014-08-02,Sin Localidad definida,0,,
159-160,159-160-77,XVII VOLTA A PEU FAVARA,Benjamins,2014-08-02,Sin Localidad definida,0,,
270-265,270-265-68,V VOLTA A PEU ILLA DEL PALMAR,Carrera Absoluta,2014-07-30,Sin Localidad definida,0,157.0,82.0
270-265,270-265-78,V VOLTA A PEU ILLA DEL PALMAR,Menores Carrera Absoluta,2014-07-30,Sin Localidad definida,0,,
265-260,265-260-58,IV 10K SENSE LÍMITS ALDAIA,Absoluta,2014-07-26,Sin Localidad definida,0,670.0,152.0
160-161,160-161-63,VII VOLTA A PEU JOANOT PRESÈNCIA POLINYÀ DE XÚQUER,Carrera Absoluta,2014-07-26,Sin Localidad definida,0,381.0,101.0
271-266,271-266-71,"I CARRERA NOCTURNA SOLIDARIA ""FUERZA JULEN""",Carrera Absoluta (6k),2014-07-25,Sin Localidad definida,0,252.0,134.0
267-262,267-262-60,VII CARRERA Y MARCHA ENTRE OLIVOS Y PINARES,Carrera Absoluta,2014-07-19,Sin Localidad definida,0,143.0,27.0
267-262,267-262-61,VII CARRERA Y MARCHA ENTRE OLIVOS Y PINARES,Carreras Infantiles,2014-07-19,Sin Localidad definida,0,,
267-262,267-262-74,VII CARRERA Y MARCHA ENTRE OLIVOS Y PINARES,Caminantes no competitiva,2014-07-19,Sin Localidad definida,0,,
266-261,266-261-62,XXII LEGUA URBANA CIUTAT DE TORRENT,Absoluta,2014-07-04,Sin Localidad definida,0,352.0,98.0
261-256,261-256-47,XI VOLTA A PEU NOCTURNA RIBA-ROJA DE TURIA,Carrera Absoluta,2014-06-27,Sin Localidad definida,0,1045.0,0.0
261-256,261-256-48,XI VOLTA A PEU NOCTURNA RIBA-ROJA DE TURIA,Chupetines(80m),2014-06-27,Sin Localidad definida,0,,
261-256,261-256-49,XI VOLTA A PEU NOCTURNA RIBA-ROJA DE TURIA,Pre-Benjamines(200m),2014-06-27,Sin Localidad definida,0,,
261-256,261-256-50,XI VOLTA A PEU NOCTURNA RIBA-ROJA DE TURIA,Benjamines(400m),2014-06-27,Sin Localidad definida,0,,
261-256,261-256-51,XI VOLTA A PEU NOCTURNA RIBA-ROJA DE TURIA,Alevines(1000m),2014-06-27,Sin Localidad definida,0,,
261-256,261-256-52,XI VOLTA A PEU NOCTURNA RIBA-ROJA DE TURIA,Infantiles(1350m),2014-06-27,Sin Localidad definida,0,,
261-256,261-256-53,XI VOLTA A PEU NOCTURNA RIBA-ROJA DE TURIA,Cadetes(1750m),2014-06-27,Sin Localidad definida,0,,
158-159,158-159-56,XVII 10K CIUTAT DE BENIPARRELL,Absoluta,2014-06-21,Sin Localidad definida,0,454.0,87.0
158-159,158-159-59,XVII 10K CIUTAT DE BENIPARRELL,Carreras infantiles,2014-06-21,Sin Localidad definida,0,,
262-257,262-257-54,I 6K NOCTURNO SOLIDARIO PUERTO DE SAGUNTO,Categoría Absoluta (6000),2014-06-14,Sin Localidad definida,0,288.0,177.0
262-257,262-257-55,I 6K NOCTURNO SOLIDARIO PUERTO DE SAGUNTO,Carrera infantil,2014-06-14,Sin Localidad definida,0,,
157-158,157-158-26,I PUJADA A LA BOLA DE CULLERA,10600,2014-05-25,Sin Localidad definida,0,241.0,53.0
223-220,223-220-24,XXXII MITJA MARATÓ D'ALCÀSSER,Mitja Marató,2014-05-10,Sin Localidad definida,0,489.0,47.0
221-218,221-218-22,X MITJA MARATO i X10K CIUTAT DE TORRENT,Media Maratón,2014-05-04,Sin Localidad definida,0,267.0,20.0
222-219,222-219-23,I 10 KM CIUTAT DE TORRENT,10k,2014-05-04,Sin Localidad definida,0,172.0,47.0
151-151,151-151-21,III VOLTA A PEU I MARCHA BONESTAR LA LLACUNA,Corredores,2014-05-01,Sin Localidad definida,0,148.0,49.0
151-151,151-151-29,III VOLTA A PEU I MARCHA BONESTAR LA LLACUNA,Caminantes,2014-05-01,Sin Localidad definida,0,,
197-195,197-195-18,II CARRERA SOLIDARIA AFACAM 10K PUERTO DE SAGUNTO,Alevines,2014-04-06,Sin Localidad definida,0,,
197-195,197-195-19,II CARRERA SOLIDARIA AFACAM 10K PUERTO DE SAGUNTO,Juvenil,2014-04-06,Sin Localidad definida,0,,
197-195,197-195-20,II CARRERA SOLIDARIA AFACAM 10K PUERTO DE SAGUNTO,Absoluta,2014-04-06,Sin Localidad definida,0,,
150-150,150-150-15,I 10k BIMI SILLA,10K SILLA,2014-04-05,Sin Localidad definida,0,482.0,94.0
136-136,136-136-13,V TRAIL 3 PICS LES RODANES,REINA 23K,2014-03-30,Sin Localidad definida,0,378.0,33.0
136-136,136-136-14,V TRAIL 3 PICS LES RODANES,RAPITTRAIL 13K,2014-03-30,Sin Localidad definida,0,139.0,65.0
84-85,84-85-12,II CARRERA DE EQUIPOS CONTRA ZOMBIES UMH ELCHE,Circuito Zombies,2013-12-14,Sin Localidad definida,0,112.0,0.0
79-80,79-80-9,I Competición Popular en la pista de la ciutat de Sueca,800m,2013-11-30,Sin Localidad definida,0,,
79-80,79-80-10,I Competición Popular en la pista de la ciutat de Sueca,1500m,2013-11-30,Sin Localidad definida,0,,
79-80,79-80-11,I Competición Popular en la pista de la ciutat de Sueca,5000m,2013-11-30,Sin Localidad definida,0,,
69-70,69-70-6,I CONTROL PISTA A.L. CRONORUNNER C.A. L'ALCÚDIA,1500m,2013-11-02,Sin Localidad definida,0,,
69-70,69-70-7,I CONTROL PISTA A.L. CRONORUNNER C.A. L'ALCÚDIA,3000m,2013-11-02,Sin Localidad definida,0,,
69-70,69-70-8,I CONTROL PISTA A.L. CRONORUNNER C.A. L'ALCÚDIA,5000m,2013-11-02,Sin Localidad definida,0,,
663-2171,663-2171-3578,XIII GRAN FONS ALFAFAR,15K,2026-09-13,Alfafar,15000,413,105
645-2262,645-2262-3799,XXVIII GRAN FONS VILA DE PATERNA,15km,2026-09-13,Paterna,15000,506,100
299-2176,299-2176-3882,XXIV VOLTA A PEU CATADAU,Pre-benjamins,2026-09-12,Catadau,100,,
299-2176,299-2176-3883,XXIV VOLTA A PEU CATADAU,Benjamins,2026-09-12,Catadau,400,14,5
299-2176,299-2176-3884,XXIV VOLTA A PEU CATADAU,Alevins,2026-09-12,Catadau,1000,11,8
299-2176,299-2176-3885,XXIV VOLTA A PEU CATADAU,Infantils,2026-09-12,Catadau,1400,9,8
299-2176,299-2176-3886,XXIV VOLTA A PEU CATADAU,Cadets,2026-09-12,Catadau,2000,5,4
299-2176,299-2176-3881,XXIV VOLTA A PEU CATADAU,Mini benjamins,2026-09-12,Catadau,100,,
299-2176,299-2176-3592,XXIV VOLTA A PEU CATADAU,9k,2026-09-12,Catadau,9000,252,62
432-2185,432-2185-3873,XXXIV VOLTA A PEU EL PUIG,Pre-Chupetin (2022-2023),2026-09-12,El Puig,50,,
432-2185,432-2185-3874,XXXIV VOLTA A PEU EL PUIG,Chupetín (2020-2021),2026-09-12,El Puig,100,,
432-2185,432-2185-3875,XXXIV VOLTA A PEU EL PUIG,Pre-benjamín (2018-2019),2026-09-12,El Puig,250,,
432-2185,432-2185-3876,XXXIV VOLTA A PEU EL PUIG,Benjamin (2016-2017),2026-09-12,El Puig,500,,
432-2185,432-2185-3877,XXXIV VOLTA A PEU EL PUIG,Alevin (2014-2015),2026-09-12,El Puig,700,,
432-2185,432-2185-3878,XXXIV VOLTA A PEU EL PUIG,Infantil (2012-2013),2026-09-12,El Puig,1000,,
432-2185,432-2185-3896,XXXIV VOLTA A PEU EL PUIG,8K Juvenils,2026-09-12,El Puig,8000,22,13
432-2185,432-2185-3603,XXXIV VOLTA A PEU EL PUIG,8k,2026-09-12,El Puig,8000,347,119
553-2213,553-2213-3695,XV VOLTA A PEU BENISSANÓ,7K,2026-09-12,Benissanó,7000,200,65
206-1846,206-1846-2865,XXXV VOLTA A PEU A L´ALCÚDIA,Compra Camiseta (No Corro),2024-04-20,L'Alcúdia,0,,
206-1846,206-1846-2866,XXXV VOLTA A PEU A L´ALCÚDIA,Chupetí (2019-2024),2024-04-20,L'Alcúdia,100,,
206-1846,206-1846-2867,XXXV VOLTA A PEU A L´ALCÚDIA,Prebenjamí (2017-2018),2024-04-20,L'Alcúdia,300,,
206-1846,206-1846-2868,XXXV VOLTA A PEU A L´ALCÚDIA,Benjamí (2015-2016),2024-04-20,L'Alcúdia,500,21,27
206-1846,206-1846-2869,XXXV VOLTA A PEU A L´ALCÚDIA,Aleví (2013-2014),2024-04-20,L'Alcúdia,1000,22,31
206-1846,206-1846-2870,XXXV VOLTA A PEU A L´ALCÚDIA,Infantil (2011-2012),2024-04-20,L'Alcúdia,1500,11,12
206-1846,206-1846-2871,XXXV VOLTA A PEU A L´ALCÚDIA,Cadet (2007-2010),2024-04-20,L'Alcúdia,2000,11,8
206-1846,206-1846-2753,XXXV VOLTA A PEU A L´ALCÚDIA,10k,2024-04-20,L'Alcúdia,10000,343,93
598-1809,598-1809-2618,III 10K OLIVA NOVA,Carreras Infantiles,2023-10-29,Oliva,0,,
598-1809,598-1809-2602,III 10K OLIVA NOVA,10km,2023-10-29,Oliva,10000,326,118
639-1823,639-1823-2673,VII CRONO INDIVIDUAL PEUS QUETS 2023,2k,2023-10-27,Sueca,2000,,
568-1812,568-1812-2632,III DOS AGUAS TRAIL,Sprint Trail 11k,2023-10-15,Dos Aguas,11000,65,22
568-1812,568-1812-2633,III DOS AGUAS TRAIL,Trail 21k,2023-10-15,Dos Aguas,21000,34,4
434-1723,434-1723-2644,X 5K Y 10K ALBALAT DELS SORELLS,Compra Camiseta (NO CORRO),2023-10-14,Albalat dels Sorells,0,,
434-1723,434-1723-2360,X 5K Y 10K ALBALAT DELS SORELLS,5k,2023-10-14,Albalat dels Sorells,5000,73,50
434-1723,434-1723-2361,X 5K Y 10K ALBALAT DELS SORELLS,10k,2023-10-14,Albalat dels Sorells,10000,266,63
275-1768,275-1768-2401,XXXIII VOLTA A PEU VILAMARXANT,10km,2023-10-09,Vilamarxant,10000,157,41
275-1768,275-1768-2625,XXXIII VOLTA A PEU VILAMARXANT,Juvenil (2006-2007),2023-10-09,Vilamarxant,5000,1,3
275-1768,275-1768-2626,XXXIII VOLTA A PEU VILAMARXANT,Cadet (2008 – 2009),2023-10-09,Vilamarxant,2350,,
275-1768,275-1768-2627,XXXIII VOLTA A PEU VILAMARXANT,Infantil (2010 – 2011),2023-10-09,Vilamarxant,1200,,
275-1768,275-1768-2628,XXXIII VOLTA A PEU VILAMARXANT,Aleví (2012 - 2013),2023-10-09,Vilamarxant,600,,
275-1768,275-1768-2629,XXXIII VOLTA A PEU VILAMARXANT,Benjamí (2014 - 2015),2023-10-09,Vilamarxant,430,,
275-1768,275-1768-2630,XXXIII VOLTA A PEU VILAMARXANT,Prebenjamí (2016 - 2017),2023-10-09,Vilamarxant,250,,
275-1768,275-1768-2631,XXXIII VOLTA A PEU VILAMARXANT,Menudets (2018 i posteriors),2023-10-09,Vilamarxant,100,,
621-1760,621-1760-2610,III NAVAJAS TRAIL,15k,2023-10-08,Navajas,15000,103,47
621-1760,621-1760-2611,III NAVAJAS TRAIL,22k,2023-10-08,Navajas,22000,69,18
156-1713,156-1713-2320,XXXVIII VOLTA A PEU PORT DE CATARROJA,10k,2023-10-07,Catarroja,10000,392,98
494-1702,494-1702-2634,XLIII VOLTA A PEU CARCAIXENT,10k,2023-10-01,Carcaixent,10000,385,96
381-1722,381-1722-2358,V 10K i III 5K RAFELBUNYOL,5k,2023-10-01,Rafelbunyol,5000,55,37
381-1722,381-1722-2359,V 10K i III 5K RAFELBUNYOL,10k,2023-10-01,Rafelbunyol,10000,242,68
381-1722,381-1722-2647,V 10K i III 5K RAFELBUNYOL,5K MENORES,2023-10-01,Rafelbunyol,5000,,
541-1751,541-1751-2553,V CARRERA Y CAMINATA SOLIDARIA BENETÚSSER,Carrera (5k),2023-10-01,Benetússer,5000,88,26
541-1751,541-1751-2552,V CARRERA Y CAMINATA SOLIDARIA BENETÚSSER,caminata (3k),2023-10-01,Benetússer,3000,,
16-1805,16-1805-2612,XXXV VOLTA A PEU A LA POBLA LLARGA MEMORIAL JULIO SALOM,8k,2023-09-30,La Pobla Llarga,8000,115,15
456-1787,456-1787-2554,IV 7K SALADAR-SILLA,7k,2023-09-30,Silla,7000,99,40
535-1808,535-1808-2599,VI PICATRAIL,TRAIL 18KM,2023-09-24,Picassent,18000,122,18
535-1808,535-1808-2600,VI PICATRAIL,SPRINTRAIL 10KM,2023-09-24,Picassent,10000,142,58
535-1808,535-1808-2601,VI PICATRAIL,CAMINATA 10KM,2023-09-24,Picassent,10000,,
337-1794,337-1794-2483,VII CARRERA SOLIDARIA FALLA EL DIVENDRES  MASSANASSA,Caminata,2023-09-23,Massanassa,1800,,
337-1794,337-1794-2482,VII CARRERA SOLIDARIA FALLA EL DIVENDRES  MASSANASSA,6k,2023-09-23,Massanassa,6000,185,82
308-1701,308-1701-2614,XXX VOLTA A PEU CIUTAT DE CARLET,Benjamin (2014-2015),2023-09-23,Carlet,750,22,27
308-1701,308-1701-2615,XXX VOLTA A PEU CIUTAT DE CARLET,Alevin (2012-2013),2023-09-23,Carlet,750,16,15
308-1701,308-1701-2616,XXX VOLTA A PEU CIUTAT DE CARLET,Infantil (2010-2011),2023-09-23,Carlet,1500,15,14
308-1701,308-1701-2617,XXX VOLTA A PEU CIUTAT DE CARLET,Cadete (2006-2009),2023-09-23,Carlet,1500,8,4
308-1701,308-1701-2613,XXX VOLTA A PEU CIUTAT DE CARLET,10k,2023-09-23,Carlet,10000,298,70
610-1721,610-1721-2357,II 7k MUSEROS,7k,2023-09-23,Museros,7000,315,101
610-1721,610-1721-2620,II 7k MUSEROS,Compro camiseta (NO CORRO),2023-09-23,Museros,0,,
610-1721,610-1721-2643,II 7k MUSEROS,7K MENORES,2023-09-23,Museros,7000,14,13
162-1712,162-1712-2586,VIII 10K DE L'HORTA CASTELLAR-OLIVERAL,Cadete (2008-2009),2023-09-17,Castellar-Oliveral,0,,
162-1712,162-1712-2619,VIII 10K DE L'HORTA CASTELLAR-OLIVERAL,Compro camiseta (NO CORRO),2023-09-17,Castellar-Oliveral,0,,
162-1712,162-1712-2319,VIII 10K DE L'HORTA CASTELLAR-OLIVERAL,10k,2023-09-17,Castellar-Oliveral,10000,575,161
162-1712,162-1712-2585,VIII 10K DE L'HORTA CASTELLAR-OLIVERAL,Infantil (2010-2011),2023-09-17,Castellar-Oliveral,2000,,
162-1712,162-1712-2584,VIII 10K DE L'HORTA CASTELLAR-OLIVERAL,Alevin (2012-2013),2023-09-17,Castellar-Oliveral,1000,,
162-1712,162-1712-2583,VIII 10K DE L'HORTA CASTELLAR-OLIVERAL,Benjamin (2014-2015),2023-09-17,Castellar-Oliveral,500,,
162-1712,162-1712-2582,VIII 10K DE L'HORTA CASTELLAR-OLIVERAL,Pre-Benjamin (2016-2017),2023-09-17,Castellar-Oliveral,200,,
553-1767,553-1767-2400,XII VOLTA A PEU BENISSANÓ,"7,2km",2023-09-17,Benissanó,7200,123,40
400-1782,400-1782-2549,XXXV VOLTA A PEU QUART DE POBLET,8k,2023-09-16,Quart de Poblet,8200,444,114
307-1699,307-1699-2605,XXV VOLTA A PEU ALGINET,Pre-Benjami ( 0 a 7 anys),2023-09-09,Alginet,200,,
307-1699,307-1699-2606,XXV VOLTA A PEU ALGINET,Benjami (8 a 9 anys),2023-09-09,Alginet,500,11,18
307-1699,307-1699-2607,XXV VOLTA A PEU ALGINET,Alevi (10 a 11 anys),2023-09-09,Alginet,1000,13,13
307-1699,307-1699-2608,XXV VOLTA A PEU ALGINET,Infantil (12 a 13 anys),2023-09-09,Alginet,1500,10,5
307-1699,307-1699-2609,XXV VOLTA A PEU ALGINET,Cadet (14 a 17 anys),2023-09-09,Alginet,2250,8,4
307-1699,307-1699-2604,XXV VOLTA A PEU ALGINET,8k,2023-09-09,Alginet,8000,273,50
432-1720,432-1720-2563,XXXI VOLTA A PEU EL PUIG,Querubines (2018-2022),2023-09-09,El Puig,50,,
432-1720,432-1720-2564,XXXI VOLTA A PEU EL PUIG,Prebenjamin (2016-2017),2023-09-09,El Puig,100,,
432-1720,432-1720-2565,XXXI VOLTA A PEU EL PUIG,Benjamin (2014-2015),2023-09-09,El Puig,250,,
432-1720,432-1720-2566,XXXI VOLTA A PEU EL PUIG,Alevin (2012-2013),2023-09-09,El Puig,500,,
432-1720,432-1720-2567,XXXI VOLTA A PEU EL PUIG,Infantil (2010-2011),2023-09-09,El Puig,1000,,
432-1720,432-1720-2356,XXXI VOLTA A PEU EL PUIG,8k,2023-09-09,El Puig,8000,315,91
432-1720,432-1720-2635,XXXI VOLTA A PEU EL PUIG,8K MENORES,2023-09-09,El Puig,8000,9,6
444-1772,444-1772-2562,X GRAN FONS NOCTURN ALFAFAR,5km,2023-09-09,Alfafar,5000,127,67
444-1772,444-1772-2561,X GRAN FONS NOCTURN ALFAFAR,15km,2023-09-09,Alfafar,15000,193,29
637-1810,637-1810-2603,XXVI CARRERA POPULAR FERIA Y FIESTAS – BUÑOL,10k,2023-09-01,Buñol,10000,143,23
306-1700,306-1700-2588,XXXI VOLTA A PEU NOCTURNA A MANUEL,Prebenjamins (2016-2017),2023-08-25,Manuel,200,18,9
306-1700,306-1700-2589,XXXI VOLTA A PEU NOCTURNA A MANUEL,Benjamins (2014-2015),2023-08-25,Manuel,550,19,11
306-1700,306-1700-2590,XXXI VOLTA A PEU NOCTURNA A MANUEL,Alevins (2012-2013),2023-08-25,Manuel,1100,18,12
306-1700,306-1700-2591,XXXI VOLTA A PEU NOCTURNA A MANUEL,Infantils (2010-2011),2023-08-25,Manuel,1650,10,5
306-1700,306-1700-2592,XXXI VOLTA A PEU NOCTURNA A MANUEL,Cadets (2006-2009),2023-08-25,Manuel,2200,12,4
306-1700,306-1700-2587,XXXI VOLTA A PEU NOCTURNA A MANUEL,Carrera absoluta,2023-08-25,Manuel,7000,316,92
448-1766,448-1766-2555,XIX VOLTA A PEU LORIGUILLA,Benjamin 2014 al 2015,2023-08-25,Loriguilla,0,,
448-1766,448-1766-2556,XIX VOLTA A PEU LORIGUILLA,Alevin 2012 al 2013,2023-08-25,Loriguilla,0,,
448-1766,448-1766-2557,XIX VOLTA A PEU LORIGUILLA,Infantil 2010 al 2011,2023-08-25,Loriguilla,0,,
448-1766,448-1766-2558,XIX VOLTA A PEU LORIGUILLA,Cadet 2008 al 2009,2023-08-25,Loriguilla,0,,
448-1766,448-1766-2559,XIX VOLTA A PEU LORIGUILLA,Juvenil 2006 al 2007,2023-08-25,Loriguilla,0,,
448-1766,448-1766-2399,XIX VOLTA A PEU LORIGUILLA,10km,2023-08-25,Loriguilla,10000,171,42
318-1795,318-1795-2541,XLIII VOLTA A PEU BENICULL,Chupetín (1 a 5 años),2023-08-21,Benicull,100,,
318-1795,318-1795-2543,XLIII VOLTA A PEU BENICULL,Benjamín (8 a 9 años),2023-08-21,Benicull,550,,
318-1795,318-1795-2544,XLIII VOLTA A PEU BENICULL,Alevín ( 10 a 11 años),2023-08-21,Benicull,800,,
318-1795,318-1795-2545,XLIII VOLTA A PEU BENICULL,Infantil ( 12 a 14 años),2023-08-21,Benicull,1200,,
318-1795,318-1795-2546,XLIII VOLTA A PEU BENICULL,Cadet ( 14 a 17 años),2023-08-21,Benicull,1800,,
318-1795,318-1795-2501,XLIII VOLTA A PEU BENICULL,8km,2023-08-21,Benicull,8000,136,27
318-1795,318-1795-2542,XLIII VOLTA A PEU BENICULL,Prebenjamin (6 a 7 años),2023-08-21,Benicull,250,,
596-1804,596-1804-2576,XV SUBIDA A LOS MOLINOS DE ALCUBLAS,"8,2k",2023-08-18,Alcublas,8200,120,26
596-1804,596-1804-2621,XV SUBIDA A LOS MOLINOS DE ALCUBLAS,Alevin (2010-2012),2023-08-18,Alcublas,600,,
596-1804,596-1804-2622,XV SUBIDA A LOS MOLINOS DE ALCUBLAS,Benjamin (2013-2015),2023-08-18,Alcublas,500,,
596-1804,596-1804-2623,XV SUBIDA A LOS MOLINOS DE ALCUBLAS,Chupetines (2019-2016),2023-08-18,Alcublas,150,,
596-1804,596-1804-2624,XV SUBIDA A LOS MOLINOS DE ALCUBLAS,Aguilucho (2020-2021),2023-08-18,Alcublas,50,,
394-1806,394-1806-2569,XXXIV VOLTA A PEU A TURÍS,Prexupetins (2022-2021),2023-08-07,Turís,30,,
394-1806,394-1806-2570,XXXIV VOLTA A PEU A TURÍS,Xupetins (2020-2018),2023-08-07,Turís,60,,
394-1806,394-1806-2571,XXXIV VOLTA A PEU A TURÍS,Prebenjamin (2017-2016),2023-08-07,Turís,300,,
394-1806,394-1806-2572,XXXIV VOLTA A PEU A TURÍS,Benjamin (2015-2014),2023-08-07,Turís,600,,
394-1806,394-1806-2573,XXXIV VOLTA A PEU A TURÍS,Alevins (2013-2012),2023-08-07,Turís,1000,,
394-1806,394-1806-2574,XXXIV VOLTA A PEU A TURÍS,Infantil (2011-2010),2023-08-07,Turís,1600,,
394-1806,394-1806-2575,XXXIV VOLTA A PEU A TURÍS,Juvenils-Cadets (2009-2006),2023-08-07,Turís,2000,,
394-1806,394-1806-2568,XXXIV VOLTA A PEU A TURÍS,"7,7k",2023-08-07,Turís,7700,,
453-1765,453-1765-2593,XIV LEGUA SAN ANTONIO DE BENAGÉBER,Querubines (0 a 5 años),2023-08-05,San Antonio de Benagéber,100,,
453-1765,453-1765-2594,XIV LEGUA SAN ANTONIO DE BENAGÉBER,Prebenjamines (6 y 7 años),2023-08-05,San Antonio de Benagéber,200,,
453-1765,453-1765-2595,XIV LEGUA SAN ANTONIO DE BENAGÉBER,Benjamines (8 y 9 años),2023-08-05,San Antonio de Benagéber,300,,
453-1765,453-1765-2596,XIV LEGUA SAN ANTONIO DE BENAGÉBER,Alevines (10 y 11 años),2023-08-05,San Antonio de Benagéber,400,,
453-1765,453-1765-2597,XIV LEGUA SAN ANTONIO DE BENAGÉBER,Infantiles ( 12 y 13 años),2023-08-05,San Antonio de Benagéber,600,,
453-1765,453-1765-2598,XIV LEGUA SAN ANTONIO DE BENAGÉBER,Cadetes (14 y 15 años),2023-08-05,San Antonio de Benagéber,800,,
453-1765,453-1765-2398,XIV LEGUA SAN ANTONIO DE BENAGÉBER,Legua,2023-08-05,San Antonio de Benagéber,5572,114,57
159-1783,159-1783-2550,XXIV VOLTA A PEU FAVARA,"8,5KM",2023-08-05,Favara,8500,184,52
347-1697,347-1697-2430,VIII 10K MONTSERRAT,10k,2023-08-04,Montserrat,10000,338,78
350-1803,350-1803-2551,V VOLTA A PEU BENIFAIÓ,6km,2023-07-29,Benifaió,6000,105,26
305-1711,305-1711-2465,XXI VOLTA A PEU PEL XÚQUER - RIOLA,Chupetín,2023-07-29,Riola,100,,
305-1711,305-1711-2466,XXI VOLTA A PEU PEL XÚQUER - RIOLA,Prebenjamín,2023-07-29,Riola,250,,
305-1711,305-1711-2467,XXI VOLTA A PEU PEL XÚQUER - RIOLA,Benjamín,2023-07-29,Riola,550,,
305-1711,305-1711-2468,XXI VOLTA A PEU PEL XÚQUER - RIOLA,Alevín,2023-07-29,Riola,800,,
305-1711,305-1711-2469,XXI VOLTA A PEU PEL XÚQUER - RIOLA,Infantil,2023-07-29,Riola,1200,,
305-1711,305-1711-2470,XXI VOLTA A PEU PEL XÚQUER - RIOLA,Cadet,2023-07-29,Riola,1800,,
305-1711,305-1711-2318,XXI VOLTA A PEU PEL XÚQUER - RIOLA,8k,2023-07-29,Riola,8000,568,211
305-1711,305-1711-2464,XXI VOLTA A PEU PEL XÚQUER - RIOLA,Marcha (no competitiva),2023-07-29,Riola,4500,,
336-1790,336-1790-2548,XIV CARRERA ENTRE OLIVOS Y PINARES VALL DE ALMONACID,Marcha no competitiva,2023-07-29,Vall de Almonacid,8200,,
336-1790,336-1790-2547,XIV CARRERA ENTRE OLIVOS Y PINARES VALL DE ALMONACID,Carrera,2023-07-29,Vall de Almonacid,8200,34,7
395-1696,395-1696-2503,XXV VOLTA A PEU LLAURÍ,8k,2023-07-28,Llaurí,8000,227,51
265-1732,265-1732-2369,XI 10K SENSE LÍMITS ALDAIA,10k,2023-07-22,Aldaia,10000,623,160
602-1792,602-1792-2478,XL MEDIO MARATÓN NAVAJAS,Media Maratón,2023-07-15,Navajas,21092,124,17
542-1796,542-1796-2502,III TRAIL NOCTURNO DE CULLERA,"11,4k",2023-07-15,Cullera,11400,244,81
344-1710,344-1710-2494,XXXVI VOLTA A PEU SOLLANA,Compro Camiseta (No corro),2023-07-15,Sollana,0,,
344-1710,344-1710-2495,XXXVI VOLTA A PEU SOLLANA,Xupetins (2019-2021),2023-07-15,Sollana,200,,
344-1710,344-1710-2496,XXXVI VOLTA A PEU SOLLANA,Prebenjamí (2016-2018),2023-07-15,Sollana,400,,
344-1710,344-1710-2497,XXXVI VOLTA A PEU SOLLANA,Benjamí (2014-2015),2023-07-15,Sollana,800,,
344-1710,344-1710-2498,XXXVI VOLTA A PEU SOLLANA,Aleví (2012-2013),2023-07-15,Sollana,800,,
344-1710,344-1710-2499,XXXVI VOLTA A PEU SOLLANA,Infantil (2010-2011),2023-07-15,Sollana,1600,,
344-1710,344-1710-2500,XXXVI VOLTA A PEU SOLLANA,Cadet (2006-2009),2023-07-15,Sollana,2500,,
344-1710,344-1710-2486,XXXVI VOLTA A PEU SOLLANA,Caminata,2023-07-15,Sollana,4000,,
344-1710,344-1710-2317,XXXVI VOLTA A PEU SOLLANA,8k,2023-07-15,Sollana,8000,320,90
534-1719,534-1719-2510,IV 5K ARCO FOIOS,Compra Camiseta (No corro),2023-07-15,Foios,0,,
534-1719,534-1719-2505,IV 5K ARCO FOIOS,Querubin (2022-2018),2023-07-15,Foios,0,,
534-1719,534-1719-2506,IV 5K ARCO FOIOS,Prebenjamin (2017-2016),2023-07-15,Foios,0,,
534-1719,534-1719-2507,IV 5K ARCO FOIOS,Benjamin (2015-2014),2023-07-15,Foios,0,,
534-1719,534-1719-2508,IV 5K ARCO FOIOS,Alevin (2013-2012),2023-07-15,Foios,0,,
534-1719,534-1719-2509,IV 5K ARCO FOIOS,Infantil (2011-2010),2023-07-15,Foios,0,,
534-1719,534-1719-2355,IV 5K ARCO FOIOS,5k,2023-07-15,Foios,5000,389,143
534-1719,534-1719-2560,IV 5K ARCO FOIOS,5KM MENORES,2023-07-15,Foios,5000,16,11
615-1735,615-1735-2480,II CARRERA NOCTURNA D'ALFARB,Cursa Nocturna,2023-07-14,Alfarp,7000,136,44
160-1738,160-1738-2522,XIX VOLTA A PEU JOANOT PRESÈNCIA POLINYÀ DE XÚQUER,Aguiluchos (1 a 2 años),2023-07-14,Polinyà de Xúquer,50,,
160-1738,160-1738-2523,XIX VOLTA A PEU JOANOT PRESÈNCIA POLINYÀ DE XÚQUER,Chupetines (de 3 a 5 años),2023-07-14,Polinyà de Xúquer,150,,
160-1738,160-1738-2524,XIX VOLTA A PEU JOANOT PRESÈNCIA POLINYÀ DE XÚQUER,Benjamines (de 6 a 7 años),2023-07-14,Polinyà de Xúquer,250,,
160-1738,160-1738-2525,XIX VOLTA A PEU JOANOT PRESÈNCIA POLINYÀ DE XÚQUER,Alevines ( de 8 a 9 años),2023-07-14,Polinyà de Xúquer,350,,
160-1738,160-1738-2526,XIX VOLTA A PEU JOANOT PRESÈNCIA POLINYÀ DE XÚQUER,Infantiles (de 10 a 13 años),2023-07-14,Polinyà de Xúquer,800,,
160-1738,160-1738-2527,XIX VOLTA A PEU JOANOT PRESÈNCIA POLINYÀ DE XÚQUER,Cadetes (de 14 a 15 años),2023-07-14,Polinyà de Xúquer,1500,,
160-1738,160-1738-2521,XIX VOLTA A PEU JOANOT PRESÈNCIA POLINYÀ DE XÚQUER,Carrera Absoluta,2023-07-14,Polinyà de Xúquer,8000,103,46
324-1730,324-1730-2368,XXXI VOLTA A PEU ALBAL,10k,2023-07-08,Albal,10000,241,60
266-1799,266-1799-2529,XXIX LEGUA URBANA CIUTAT DE TORRENT,Legua,2023-07-07,Torrent,5572,256,80
450-1764,450-1764-2519,XXXVI VOLTA A PEU NOCTURNA A LA POBLA DE VALLBONA,Cadets (2008/2009),2023-07-07,Pobla de Vallbona,1600,,
450-1764,450-1764-2514,XXXVI VOLTA A PEU NOCTURNA A LA POBLA DE VALLBONA,Minibenjamins (2018 i posteriors),2023-07-07,Pobla de Vallbona,100,,
450-1764,450-1764-2515,XXXVI VOLTA A PEU NOCTURNA A LA POBLA DE VALLBONA,Prebenjamins (206/2017),2023-07-07,Pobla de Vallbona,200,,
450-1764,450-1764-2516,XXXVI VOLTA A PEU NOCTURNA A LA POBLA DE VALLBONA,Benjamins (20142015),2023-07-07,Pobla de Vallbona,400,,
450-1764,450-1764-2517,XXXVI VOLTA A PEU NOCTURNA A LA POBLA DE VALLBONA,Alevins (2012/2013),2023-07-07,Pobla de Vallbona,800,,
450-1764,450-1764-2518,XXXVI VOLTA A PEU NOCTURNA A LA POBLA DE VALLBONA,Infantils (2010/2011),2023-07-07,Pobla de Vallbona,1600,,
450-1764,450-1764-2520,XXXVI VOLTA A PEU NOCTURNA A LA POBLA DE VALLBONA,Juvenils (2006/2007),2023-07-07,Pobla de Vallbona,1600,,
450-1764,450-1764-2397,XXXVI VOLTA A PEU NOCTURNA A LA POBLA DE VALLBONA,5k,2023-07-07,Pobla de Vallbona,5000,274,127
561-1736,561-1736-2537,XXVII VOLTA A PEU A GUADASSUAR,Benjamins (2014-2015),2023-07-06,Guadassuar,0,24,13
561-1736,561-1736-2538,XXVII VOLTA A PEU A GUADASSUAR,Alevins (2012-2013),2023-07-06,Guadassuar,0,9,13
561-1736,561-1736-2539,XXVII VOLTA A PEU A GUADASSUAR,Infantils (2010-2011),2023-07-06,Guadassuar,0,16,9
561-1736,561-1736-2540,XXVII VOLTA A PEU A GUADASSUAR,Cadets (2006-2009),2023-07-06,Guadassuar,0,9,5
561-1736,561-1736-2536,XXVII VOLTA A PEU A GUADASSUAR,8KM,2023-07-06,Guadassuar,8000,563,131
457-1800,457-1800-2534,V CARRERA INFANTIL CAIXA RURAL TORRENT A PICANYA,Infantil (2010-2009),2023-07-05,Picanya,1080,,
457-1800,457-1800-2530,V CARRERA INFANTIL CAIXA RURAL TORRENT A PICANYA,Querubi (2018-2017),2023-07-05,Picanya,200,,
457-1800,457-1800-2531,V CARRERA INFANTIL CAIXA RURAL TORRENT A PICANYA,Prebenjami (2016-2015),2023-07-05,Picanya,410,,
457-1800,457-1800-2532,V CARRERA INFANTIL CAIXA RURAL TORRENT A PICANYA,Benjami (2014-2013),2023-07-05,Picanya,540,,
457-1800,457-1800-2533,V CARRERA INFANTIL CAIXA RURAL TORRENT A PICANYA,Alevi (2012-2011),2023-07-05,Picanya,850,,
457-1800,457-1800-2535,V CARRERA INFANTIL CAIXA RURAL TORRENT A PICANYA,Cadet (2008-2007),2023-07-05,Picanya,1280,,
304-1695,304-1695-2504,XIV VOLTA A PEU MARENY DE BARRAQUETES,7km,2023-07-01,Mareny de Barraquetes,7100,306,92
261-1763,261-1763-2396,XIX VOLTA A PEU NOCTURNA RIBA-ROJA DE TURIA,7km,2023-06-30,Riba-Roja de Túria,7000,333,110
614-1709,614-1709-2321,XXXIV VOLTA A PEU ALMUSSAFES,10K,2023-06-24,Almussafes,10000,436,102
302-1698,302-1698-2485,IX VOLTA A PEU A SANT JOANET,6k,2023-06-17,Sant Joanet,6000,327,112
158-1708,158-1708-2316,XXIV 10K CIUTAT DE BENIPARRELL,10k,2023-06-11,Beniparrell,10000,373,89
323-1731,323-1731-2366,XXXV VOLTA A PEU FIBRA VALENCIA VILA D'ALAQUAS,5k,2023-06-10,Alaquàs,5000,84,48
323-1731,323-1731-2367,XXXV VOLTA A PEU FIBRA VALENCIA VILA D'ALAQUAS,10k,2023-06-10,Alaquàs,10000,254,57
301-1694,301-1694-2453,XXXVIII VOLTA A PEU SANT ONOFRE D'ALGEMESÍ,Prebenjamins (2016-2017),2023-06-03,Algemesí,80,,
301-1694,301-1694-2454,XXXVIII VOLTA A PEU SANT ONOFRE D'ALGEMESÍ,Benjamins (2014-2015),2023-06-03,Algemesí,500,16,12
301-1694,301-1694-2455,XXXVIII VOLTA A PEU SANT ONOFRE D'ALGEMESÍ,Alevins (2012-2013),2023-06-03,Algemesí,1000,10,12
301-1694,301-1694-2456,XXXVIII VOLTA A PEU SANT ONOFRE D'ALGEMESÍ,Infantils (2010-2011),2023-06-03,Algemesí,1500,8,13
301-1694,301-1694-2457,XXXVIII VOLTA A PEU SANT ONOFRE D'ALGEMESÍ,Cadet (2006-2009),2023-06-03,Algemesí,1500,8,2
301-1694,301-1694-2452,XXXVIII VOLTA A PEU SANT ONOFRE D'ALGEMESÍ,10k,2023-06-03,Algemesí,10000,404,104
629-1726,629-1726-2481,I 5k POBLA DE FARNALS,Compra Camiseta (No Corro),2023-06-03,La Pobla de Farnals,0,,
629-1726,629-1726-2459,I 5k POBLA DE FARNALS,Chupetín,2023-06-03,La Pobla de Farnals,100,,
629-1726,629-1726-2460,I 5k POBLA DE FARNALS,Prebenjamín,2023-06-03,La Pobla de Farnals,250,,
629-1726,629-1726-2461,I 5k POBLA DE FARNALS,Benjamín,2023-06-03,La Pobla de Farnals,500,,
629-1726,629-1726-2462,I 5k POBLA DE FARNALS,Alevín,2023-06-03,La Pobla de Farnals,750,,
629-1726,629-1726-2463,I 5k POBLA DE FARNALS,Infantil,2023-06-03,La Pobla de Farnals,1000,,
629-1726,629-1726-2354,I 5k POBLA DE FARNALS,5k,2023-06-03,La Pobla de Farnals,5000,394,158
629-1726,629-1726-2484,I 5k POBLA DE FARNALS,5K MENORES,2023-06-03,La Pobla de Farnals,5000,15,18
439-1718,439-1718-2473,V SCHNEIDER ELECTRIC 7K MELIANA,Compra Camiseta (No Corro),2023-05-27,Meliana,0,,
439-1718,439-1718-2445,V SCHNEIDER ELECTRIC 7K MELIANA,Chupetines -Querubines (2018-2022),2023-05-27,Meliana,0,,
439-1718,439-1718-2446,V SCHNEIDER ELECTRIC 7K MELIANA,Prebenjamin (2016-2017),2023-05-27,Meliana,0,,
439-1718,439-1718-2447,V SCHNEIDER ELECTRIC 7K MELIANA,Benjamin (2014-2015),2023-05-27,Meliana,0,,
439-1718,439-1718-2448,V SCHNEIDER ELECTRIC 7K MELIANA,Alevin (2012-2013),2023-05-27,Meliana,0,,
439-1718,439-1718-2471,V SCHNEIDER ELECTRIC 7K MELIANA,Infantil (2010-2011),2023-05-27,Meliana,0,,
439-1718,439-1718-2352,V SCHNEIDER ELECTRIC 7K MELIANA,7k,2023-05-27,Meliana,7000,678,297
439-1718,439-1718-2479,V SCHNEIDER ELECTRIC 7K MELIANA,7K Menores,2023-05-27,Meliana,7000,22,16
636-1791,636-1791-2477,PREPARACIÓN DEL MARATÓN A NIVEL NUTRICIONAL,PREPARACIÓN DEL MARATÓN A NIVEL NUTRICIONAL,2023-05-24,Castell d'Alaquàs,0,,
608-1716,608-1716-2348,TRAIL VALLE DEL TÚRIA GESTALGAR,Sprint Trail,2023-05-21,Gestalgar,14500,121,54
608-1716,608-1716-2349,TRAIL VALLE DEL TÚRIA GESTALGAR,Trail,2023-05-21,Gestalgar,30000,67,12
608-1716,608-1716-2350,TRAIL VALLE DEL TÚRIA GESTALGAR,Marcha no competitiva,2023-05-21,Gestalgar,8000,,
443-1729,443-1729-2365,XXX VOLTA A PEU BENETÚSSER,10k,2023-05-21,Benetússer,10000,298,79
443-1729,443-1729-2422,XXX VOLTA A PEU BENETÚSSER,Sub 5,2023-05-21,Benetússer,250,,
443-1729,443-1729-2429,XXX VOLTA A PEU BENETÚSSER,Diversidad Funcional /Solo Menores,2023-05-21,Benetússer,250,,
443-1729,443-1729-2423,XXX VOLTA A PEU BENETÚSSER,SUB 8,2023-05-21,Benetússer,500,,
443-1729,443-1729-2424,XXX VOLTA A PEU BENETÚSSER,SUB10,2023-05-21,Benetússer,500,,
443-1729,443-1729-2425,XXX VOLTA A PEU BENETÚSSER,Sub 12,2023-05-21,Benetússer,700,,
443-1729,443-1729-2426,XXX VOLTA A PEU BENETÚSSER,Sub 14,2023-05-21,Benetússer,1400,,
443-1729,443-1729-2427,XXX VOLTA A PEU BENETÚSSER,Sub 16,2023-05-21,Benetússer,2100,,
443-1729,443-1729-2428,XXX VOLTA A PEU BENETÚSSER,Sub 18,2023-05-21,Benetússer,2100,,
616-1758,616-1758-2389,V TRAIL MILLARES,Sprintrail 12km,2023-05-21,Millares,12000,56,23
616-1758,616-1758-2390,V TRAIL MILLARES,Trail 24km,2023-05-21,Millares,24000,35,7
616-1758,616-1758-2475,V TRAIL MILLARES,Marcha  Andarines,2023-05-21,Millares,9800,,
311-1705,311-1705-2476,VI 10MILPASSOS KANGURS BENIFAIÓ,Compra Camiseta (No Corro),2023-05-20,Benifaió,0,,
311-1705,311-1705-2439,VI 10MILPASSOS KANGURS BENIFAIÓ,Prebenjamin (sub 8),2023-05-20,Benifaió,300,,
311-1705,311-1705-2440,VI 10MILPASSOS KANGURS BENIFAIÓ,Benjamin (sub 10),2023-05-20,Benifaió,500,,
311-1705,311-1705-2441,VI 10MILPASSOS KANGURS BENIFAIÓ,Alevin (sub 12),2023-05-20,Benifaió,1000,,
311-1705,311-1705-2442,VI 10MILPASSOS KANGURS BENIFAIÓ,Infantil (sub 14),2023-05-20,Benifaió,1500,,
311-1705,311-1705-2443,VI 10MILPASSOS KANGURS BENIFAIÓ,Cadet (sub 16),2023-05-20,Benifaió,2000,,
311-1705,311-1705-2315,VI 10MILPASSOS KANGURS BENIFAIÓ,10k,2023-05-20,Benifaió,10000,378,100
384-1789,384-1789-2472,XLI VOLTA A PEU LLUIS VIVES,5k,2023-05-19,Sueca,5200,,
223-1679,223-1679-2274,XLI MITJA MARATÓ D'ALCÀSSER,Carrera absoluta,2023-05-13,Alcàsser,21097,544,90
264-1693,264-1693-2434,XVII VOLTA A PEU ALBERIC (LA CARRERA DE LA MONA),Prebenjamins (2016 -2017),2023-05-13,Alberic,300,,
264-1693,264-1693-2435,XVII VOLTA A PEU ALBERIC (LA CARRERA DE LA MONA),Benjamins (2014-2015),2023-05-13,Alberic,500,28,29
264-1693,264-1693-2436,XVII VOLTA A PEU ALBERIC (LA CARRERA DE LA MONA),Alevins (2012-2013),2023-05-13,Alberic,1000,14,28
264-1693,264-1693-2437,XVII VOLTA A PEU ALBERIC (LA CARRERA DE LA MONA),Infantils (2010-2011),2023-05-13,Alberic,1500,16,10
264-1693,264-1693-2438,XVII VOLTA A PEU ALBERIC (LA CARRERA DE LA MONA),Cadets (2006-2009),2023-05-13,Alberic,2000,7,3
264-1693,264-1693-2458,XVII VOLTA A PEU ALBERIC (LA CARRERA DE LA MONA),Chupetins (2023-2018),2023-05-13,Alberic,100,,
264-1693,264-1693-2433,XVII VOLTA A PEU ALBERIC (LA CARRERA DE LA MONA),8km,2023-05-13,Alberic,8000,349,99
392-1715,392-1715-2351,VI 5K EMPERADOR MEMORIAL EVA GIMENO,5k,2023-05-07,Emperador,5000,342,176
392-1715,392-1715-2474,VI 5K EMPERADOR MEMORIAL EVA GIMENO,5k Juvenil / Cadete,2023-05-07,Emperador,5000,14,14
560-1728,560-1728-2364,VI 10K MANISES,10k,2023-05-07,Manises,10000,439,110
219-1776,219-1776-2421,X CARRERA DE LA DONA DE SUECA,5k,2023-05-07,Sin Localidad definida,5000,0,373
633-1777,633-1777-2418,I 5K CARCAIXENT MEMORIAL PEPE OLASO,5km,2023-05-06,Carcaixent,5000,208,65
633-1777,633-1777-2419,I 5K CARCAIXENT MEMORIAL PEPE OLASO,Marcha no competitiva,2023-05-06,Carcaixent,5000,,
208-1759,208-1759-2391,X VOLTA A PEU A TAVERNES BLANQUES AVAPACE,Caminata,2023-04-30,Tavernes Blanques,0,,
208-1759,208-1759-2392,X VOLTA A PEU A TAVERNES BLANQUES AVAPACE,Absoluta,2023-04-30,Tavernes Blanques,0,,
206-1692,206-1692-2406,XXXIV VOLTA A PEU A L´ALCÚDIA,Chupetí (2023-2018),2023-04-29,L'Alcúdia,100,,
206-1692,206-1692-2407,XXXIV VOLTA A PEU A L´ALCÚDIA,Prebenjamí (2017-2016),2023-04-29,L'Alcúdia,300,,
206-1692,206-1692-2408,XXXIV VOLTA A PEU A L´ALCÚDIA,Aleví (2012-2013),2023-04-29,L'Alcúdia,1000,11,19
206-1692,206-1692-2409,XXXIV VOLTA A PEU A L´ALCÚDIA,Benjamí (2014-2015),2023-04-29,L'Alcúdia,500,21,17
206-1692,206-1692-2410,XXXIV VOLTA A PEU A L´ALCÚDIA,Infantil (2010-2011),2023-04-29,L'Alcúdia,1500,11,13
206-1692,206-1692-2411,XXXIV VOLTA A PEU A L´ALCÚDIA,Cadet (2006-2009),2023-04-29,L'Alcúdia,2000,10,5
206-1692,206-1692-2405,XXXIV VOLTA A PEU A L´ALCÚDIA,10km,2023-04-29,L'Alcúdia,10000,394,91
287-1681,287-1681-2278,IX ALÈDUA TRAIL MEMORIAL MJ,13k,2023-04-23,Llombai,13000,176,57
287-1681,287-1681-2345,IX ALÈDUA TRAIL MEMORIAL MJ,23k,2023-04-23,Llombai,23000,97,23
630-1745,630-1745-2347,TRAIL YÁTOVA - TERRITORIO ÍBERO,16KM,2023-04-23,Yátova,16000,118,30
441-1668,441-1668-1670,XVII SUBIDA VERTICAL GRAN HOTEL BALI,BOMBEROS/AS,2023-04-22,Benidorm,52,99,2
441-1668,441-1668-1669,XVII SUBIDA VERTICAL GRAN HOTEL BALI,OPEN,2023-04-22,Benidorm,52,189,43
441-1668,441-1668-1671,XVII SUBIDA VERTICAL GRAN HOTEL BALI,ELITE,2023-04-22,Benidorm,52,23,17
441-1668,441-1668-1672,XVII SUBIDA VERTICAL GRAN HOTEL BALI,DOBLE MODALIDAD OPEN/BOMBEROS,2023-04-22,Benidorm,52,,
569-1706,569-1706-2314,"III 10K ""Via Materal"" Ciutat de Sueca",10k,2023-04-22,Sueca,10000,441,120
445-1761,445-1761-2394,X 7K SANT VICENT DE LLIRIA,10km,2023-04-22,Llíria,10000,200,66
296-1691,296-1691-2413,XXI VOLTA A PEU GAVARDA,Iniciació Nanos (2016 i posteriors),2023-04-15,Gavarda,100,,
296-1691,296-1691-2414,XXI VOLTA A PEU GAVARDA,Benjamí (2015-2014),2023-04-15,Gavarda,400,22,16
296-1691,296-1691-2415,XXI VOLTA A PEU GAVARDA,Aleví (2012-2013),2023-04-15,Gavarda,1000,13,16
296-1691,296-1691-2416,XXI VOLTA A PEU GAVARDA,Infantil (2010-2011),2023-04-15,Gavarda,1400,10,11
296-1691,296-1691-2417,XXI VOLTA A PEU GAVARDA,Cadet (2006-2009),2023-04-15,Gavarda,2000,9,5
296-1691,296-1691-2412,XXI VOLTA A PEU GAVARDA,8KM,2023-04-15,Gavarda,8000,315,93
377-1727,377-1727-2300,XLI VOLTA A PEU XIRIVELLA,Volta a peu,2023-04-02,Xirivella,7275,683,275
163-1690,163-1690-2393,VIII 10K BENIMODO,10km,2023-04-01,Benimodo,10000,342,86
433-1714,433-1714-2353,XXIII GRAN FONS DE PUÇOL,15k,2023-04-01,Puçol,15000,671,152
433-1714,433-1714-2372,XXIII GRAN FONS DE PUÇOL,"4,7KM",2023-04-01,Puçol,4700,44,36
567-1757,567-1757-2381,XVII MITJA MARATÓ CIUTAT DE TORRENT,MITJA MARATO,2023-03-26,Torrent,21097,216,24
536-1704,536-1704-2373,IV 10k CIUTAT DE PICASSENT,Chupetines (2018-2023),2023-03-25,Picassent,100,,
536-1704,536-1704-2374,IV 10k CIUTAT DE PICASSENT,Prebenjamín (2016-2017),2023-03-25,Picassent,400,,
536-1704,536-1704-2375,IV 10k CIUTAT DE PICASSENT,Benjamín (2014-2015),2023-03-25,Picassent,600,,
536-1704,536-1704-2376,IV 10k CIUTAT DE PICASSENT,Alevín ( 2012-2013),2023-03-25,Picassent,1000,,
536-1704,536-1704-2377,IV 10k CIUTAT DE PICASSENT,Infantil (2010-2011),2023-03-25,Picassent,1500,,
536-1704,536-1704-2378,IV 10k CIUTAT DE PICASSENT,Cadete (2008-2009),2023-03-25,Picassent,1800,,
536-1704,536-1704-2313,IV 10k CIUTAT DE PICASSENT,10k,2023-03-25,Picassent,10000,636,171
628-1685,628-1685-2286,VI CARRERA SOLIDARIA FACULTAD MEDICINA UMH,FILA 0 (Donación - colaboro sin correr),2023-03-12,San Juan,0,,
628-1685,628-1685-2283,VI CARRERA SOLIDARIA FACULTAD MEDICINA UMH,10k,2023-03-12,San Juan,10000,61,16
628-1685,628-1685-2284,VI CARRERA SOLIDARIA FACULTAD MEDICINA UMH,5k,2023-03-12,San Juan,5000,76,72
628-1685,628-1685-2291,VI CARRERA SOLIDARIA FACULTAD MEDICINA UMH,4x400,2023-03-12,San Juan,0,,
628-1685,628-1685-2285,VI CARRERA SOLIDARIA FACULTAD MEDICINA UMH,Marcha 3k (No competitiva),2023-03-12,San Juan,3000,,
628-1685,628-1685-2288,VI CARRERA SOLIDARIA FACULTAD MEDICINA UMH,Benjamín (8-9 años),2023-03-12,San Juan,800,,
628-1685,628-1685-2289,VI CARRERA SOLIDARIA FACULTAD MEDICINA UMH,Alevin (10-11 años),2023-03-12,San Juan,800,,
628-1685,628-1685-2290,VI CARRERA SOLIDARIA FACULTAD MEDICINA UMH,Infantil (12-13 años),2023-03-12,San Juan,1200,,
628-1685,628-1685-2287,VI CARRERA SOLIDARIA FACULTAD MEDICINA UMH,Prebenjamin (6-7 años),2023-03-12,San Juan,400,,
299-1689,299-1689-2383,XI VOLTA A PEU CATADAU,Mini Benjamin (2019-2023),2023-03-12,Catadau,90,,
299-1689,299-1689-2384,XI VOLTA A PEU CATADAU,Pre Benjamin (2016-2018),2023-03-12,Catadau,90,,
299-1689,299-1689-2385,XI VOLTA A PEU CATADAU,Benjamin (2014-2015),2023-03-12,Catadau,500,16,9
299-1689,299-1689-2386,XI VOLTA A PEU CATADAU,Alevin (2012-2013),2023-03-12,Catadau,1000,13,11
299-1689,299-1689-2387,XI VOLTA A PEU CATADAU,Infantil (2010-2011),2023-03-12,Catadau,1500,14,11
299-1689,299-1689-2388,XI VOLTA A PEU CATADAU,Cadet (2006-2009),2023-03-12,Catadau,2000,10,6
299-1689,299-1689-2382,XI VOLTA A PEU CATADAU,9km,2023-03-12,Catadau,9000,307,87
612-1749,612-1749-2380,II CARRERA DE LES DONES ALDAIA - ALAQUÀS,5km,2023-03-10,Aldaia,5050,20,378
576-1742,576-1742-2328,V CARRERA DE LA DONA - MONTSERRAT,3k,2023-03-03,Montserrat,3000,,
369-1687,369-1687-2346,X VOLTA A PEU A L ÉNOVA,8KM,2023-02-25,Énova,8000,207,74
514-1703,514-1703-2312,"XII 10k ALBAL ""POR ESA SONRISA""",Carrera absoluta,2023-02-19,Albal,10000,544,158
514-1703,514-1703-2329,"XII 10k ALBAL ""POR ESA SONRISA""",Andarines,2023-02-19,Albal,5000,,
514-1703,514-1703-2336,"XII 10k ALBAL ""POR ESA SONRISA""",Cadete (2009-2008),2023-02-19,Albal,0,,
514-1703,514-1703-2335,"XII 10k ALBAL ""POR ESA SONRISA""",Infantil (2011-2010),2023-02-19,Albal,0,,
514-1703,514-1703-2334,"XII 10k ALBAL ""POR ESA SONRISA""",Alevín (2013-2012),2023-02-19,Albal,0,,
514-1703,514-1703-2333,"XII 10k ALBAL ""POR ESA SONRISA""",Benjamín ( 2015-2014),2023-02-19,Albal,0,,
514-1703,514-1703-2332,"XII 10k ALBAL ""POR ESA SONRISA""",Prebenjamín (2017-2016),2023-02-19,Albal,0,,
514-1703,514-1703-2331,"XII 10k ALBAL ""POR ESA SONRISA""",Querubín (2019-2018),2023-02-19,Albal,0,,
514-1703,514-1703-2330,"XII 10k ALBAL ""POR ESA SONRISA""",Chupetí (2023-2020),2023-02-19,Albal,0,,
514-1703,514-1703-2337,"XII 10k ALBAL ""POR ESA SONRISA""",Juvenil (2007-2006),2023-02-19,Albal,0,,
366-1737,366-1737-2339,XIV CARRERA POPULAR PARQUE NATURAL DEL TÚRIA,Nanos (2017-2020),2023-02-19,Pedralba,50,,
366-1737,366-1737-2340,XIV CARRERA POPULAR PARQUE NATURAL DEL TÚRIA,Prebenjamin (2015-2016),2023-02-19,Pedralba,80,,
366-1737,366-1737-2341,XIV CARRERA POPULAR PARQUE NATURAL DEL TÚRIA,Benjamin (2013-2014),2023-02-19,Pedralba,300,,
366-1737,366-1737-2342,XIV CARRERA POPULAR PARQUE NATURAL DEL TÚRIA,Alevin (2011-2012),2023-02-19,Pedralba,800,,
366-1737,366-1737-2343,XIV CARRERA POPULAR PARQUE NATURAL DEL TÚRIA,Infantil (2009-2010),2023-02-19,Pedralba,1600,,
366-1737,366-1737-2344,XIV CARRERA POPULAR PARQUE NATURAL DEL TÚRIA,Cadet (2007-2008),2023-02-19,Pedralba,2800,,
366-1737,366-1737-2338,XIV CARRERA POPULAR PARQUE NATURAL DEL TÚRIA,10km,2023-02-19,Pedralba,10000,98,25
295-1686,295-1686-2324,XVII GRAN FONS DE TURÍS MEMORIAL RAIMON SORIA,Benjamí (2014-2015),2023-02-12,Turís,600,21,9
295-1686,295-1686-2325,XVII GRAN FONS DE TURÍS MEMORIAL RAIMON SORIA,Aleví (2012-2013),2023-02-12,Turís,1000,7,11
295-1686,295-1686-2326,XVII GRAN FONS DE TURÍS MEMORIAL RAIMON SORIA,Infantil (2010-2011),2023-02-12,Turís,1000,11,10
295-1686,295-1686-2327,XVII GRAN FONS DE TURÍS MEMORIAL RAIMON SORIA,Cadet (2006-2009),2023-02-12,Turís,1600,7,7
295-1686,295-1686-2322,XVII GRAN FONS DE TURÍS MEMORIAL RAIMON SORIA,GRAN FONS,2023-02-12,Turís,16000,246,33
295-1686,295-1686-2323,XVII GRAN FONS DE TURÍS MEMORIAL RAIMON SORIA,CURSA INICIACIÓ,2023-02-12,Turís,8700,41,20
575-1725,575-1725-2296,GALA FINAL CIRCUIT CAIXA POPULAR HORTA SUD,6 carrera completas,2023-02-03,Sin Localidad definida,0,,
575-1725,575-1725-2297,GALA FINAL CIRCUIT CAIXA POPULAR HORTA SUD,7 carreras completadas,2023-02-03,Sin Localidad definida,0,,
575-1725,575-1725-2298,GALA FINAL CIRCUIT CAIXA POPULAR HORTA SUD,8 carreras completadas,2023-02-03,Sin Localidad definida,0,,
575-1725,575-1725-2299,GALA FINAL CIRCUIT CAIXA POPULAR HORTA SUD,Todas las carreras completadas,2023-02-03,Sin Localidad definida,0,,
626-1682,626-1682-2279,XXXIV VOLTA A PEU SUECA,10k,2023-01-29,Sueca,10000,190,87
626-1682,626-1682-2280,XXXIV VOLTA A PEU SUECA,5k,2023-01-29,Sueca,5000,117,57
626-1682,626-1682-2311,XXXIV VOLTA A PEU SUECA,Marxa solidària Asil Ancians,2023-01-29,Sueca,4000,,
35-1684,35-1684-2282,XXIV MITJA MARATÓ CIUTAT D'ALZIRA,21k,2023-01-29,Alzira,21097,458,59
136-1680,136-1680-2275,XVIII TRAIL 3 PICS LES RODANES,Prueba Reina 28km,2023-01-22,Vilamarxant,28000,157,18
136-1680,136-1680-2276,XVIII TRAIL 3 PICS LES RODANES,RAPITTRAIL 14KM,2023-01-22,Vilamarxant,14000,347,166
136-1680,136-1680-2277,XVIII TRAIL 3 PICS LES RODANES,Iniciació Trail 8km,2023-01-22,Vilamarxant,8000,106,97
449-1734,449-1734-2305,VII TRAILKIDS 3 PICS LES RODANES VILAMARXANT,Querubí (2017-2018),2023-01-21,Vilamarxant,300,,
449-1734,449-1734-2306,VII TRAILKIDS 3 PICS LES RODANES VILAMARXANT,Prebenjamí (2015-2016),2023-01-21,Vilamarxant,300,,
449-1734,449-1734-2307,VII TRAILKIDS 3 PICS LES RODANES VILAMARXANT,Benjamí (2013-2014),2023-01-21,Vilamarxant,600,,
449-1734,449-1734-2308,VII TRAILKIDS 3 PICS LES RODANES VILAMARXANT,Aleví (2011-2012),2023-01-21,Vilamarxant,1000,,
449-1734,449-1734-2309,VII TRAILKIDS 3 PICS LES RODANES VILAMARXANT,Infantil (2009-2010),2023-01-21,Vilamarxant,1500,,
449-1734,449-1734-2310,VII TRAILKIDS 3 PICS LES RODANES VILAMARXANT,Cadet (2007-2008),2023-01-21,Vilamarxant,2000,,
627-1683,627-1683-2281,I SANT SILVESTRE CATARROJA,SAN SILVESTRE,2022-12-30,Catarroja,0,,
422-1666,422-1666-2265,VI SANT SILVESTRE DE MONTSERRAT,3k,2022-12-29,Montserrat,3000,,
548-1707,548-1707-2292,XIII SANT SILVESTRE SOLIDARIA TORRENT,3km,2022-12-28,Torrent,3080,,
548-1707,548-1707-2295,XIII SANT SILVESTRE SOLIDARIA TORRENT,3Km Diversidad Funcional,2022-12-28,Torrent,3080,,
606-1717,606-1717-2301,II SAN SILVESTRE POPULAR PUÇOL 2022,Prebenjamín (2016-2020),2022-12-28,Puçol,100,,
606-1717,606-1717-2302,II SAN SILVESTRE POPULAR PUÇOL 2022,Benjamín (2014-2015),2022-12-28,Puçol,250,,
606-1717,606-1717-2303,II SAN SILVESTRE POPULAR PUÇOL 2022,Alevín (2013-2012),2022-12-28,Puçol,500,,
606-1717,606-1717-2304,II SAN SILVESTRE POPULAR PUÇOL 2022,Infantil (2011-2010),2022-12-28,Puçol,700,,
606-1717,606-1717-2293,II SAN SILVESTRE POPULAR PUÇOL 2022,3k,2022-12-28,Puçol,3000,,
591-1660,591-1660-2228,III CARRERA SOLIDARIA L'EMPALME-AVAPACE,5k,2022-12-18,Burjassot,5000,,
591-1660,591-1660-2232,III CARRERA SOLIDARIA L'EMPALME-AVAPACE,FILA 0 ( Solo Donaciones ),2022-12-18,Burjassot,0,,
591-1660,591-1660-2229,III CARRERA SOLIDARIA L'EMPALME-AVAPACE,MARCHA (5KM),2022-12-18,Burjassot,5000,,
468-1661,468-1661-2230,IX 10K Arco Foios per la Fibrosi Quistica,10k,2022-12-18,Foios,10000,618,0
468-1661,468-1661-2256,IX 10K Arco Foios per la Fibrosi Quistica,FILA 0 (Donación - colaboro sin correr),2022-12-18,Foios,0,,
468-1661,468-1661-2251,IX 10K Arco Foios per la Fibrosi Quistica,Querubin (0-4 años),2022-12-18,Foios,50,,
468-1661,468-1661-2252,IX 10K Arco Foios per la Fibrosi Quistica,Pre Benjamin (5-7 años),2022-12-18,Foios,250,,
468-1661,468-1661-2253,IX 10K Arco Foios per la Fibrosi Quistica,Benjamin (8-10 años),2022-12-18,Foios,500,,
468-1661,468-1661-2254,IX 10K Arco Foios per la Fibrosi Quistica,Alevin (11-12 años),2022-12-18,Foios,800,,
468-1661,468-1661-2255,IX 10K Arco Foios per la Fibrosi Quistica,Infantil (13-15 años),2022-12-18,Foios,1500,,
625-1678,625-1678-2272,II SANT SILVESTRE CIUTAT DE XIRIVELLA,4280 m,2022-12-18,Sin Localidad definida,4280,,
625-1678,625-1678-2273,II SANT SILVESTRE CIUTAT DE XIRIVELLA,Menores de 12 años (Obligatorio ir con acompañante),2022-12-18,Sin Localidad definida,4280,,
361-1617,361-1617-2294,XVIII CURSA DE NADAL BÉTERA,KIMABE,2022-12-17,Bétera,0,,
361-1617,361-1617-2266,XVIII CURSA DE NADAL BÉTERA,SUB 6 XUPETÍ,2022-12-17,Bétera,100,,
361-1617,361-1617-2267,XVIII CURSA DE NADAL BÉTERA,SUB 8 PREBENJAMÍ,2022-12-17,Bétera,300,,
361-1617,361-1617-2268,XVIII CURSA DE NADAL BÉTERA,SUB 10 BENJAMÍ,2022-12-17,Bétera,500,,
361-1617,361-1617-2269,XVIII CURSA DE NADAL BÉTERA,SUB 12 ALEVÍ,2022-12-17,Bétera,1000,,
361-1617,361-1617-2270,XVIII CURSA DE NADAL BÉTERA,SUB 14 INFANTIL,2022-12-17,Bétera,1000,,
361-1617,361-1617-2271,XVIII CURSA DE NADAL BÉTERA,SUB 16 CADET,2022-12-17,Bétera,1000,,
361-1617,361-1617-2028,XVIII CURSA DE NADAL BÉTERA,5k,2022-12-17,Bétera,5000,169,0
416-1665,416-1665-2233,XXVII SANT SILVESTRE D'ALMUSSAFES,5k Adults (a partir de 13 anys),2022-12-17,Almussafes,5000,125,0
623-1672,623-1672-2244,VII SANSIL TRAIL CALLES,12k,2022-12-17,Calles,12000,420,0
616-1646,616-1646-2206,IV TRAIL MILLARES,Sprintrail 12KM,2022-12-11,Millares,12000,100,0
616-1646,616-1646-2207,IV TRAIL MILLARES,Trail 24KM,2022-12-11,Millares,24000,48,0
421-1673,421-1673-2250,VII SAN SILVESTRE SOLIDARIA POBLA DE FARNALS,Cadete-Juvenil (2010-2006),2022-12-10,La Pobla de Farnals,1500,,
421-1673,421-1673-2246,VII SAN SILVESTRE SOLIDARIA POBLA DE FARNALS,Pre Benjamin (2021-2017),2022-12-10,La Pobla de Farnals,150,,
421-1673,421-1673-2247,VII SAN SILVESTRE SOLIDARIA POBLA DE FARNALS,Benjamin (2016-2015),2022-12-10,La Pobla de Farnals,350,,
421-1673,421-1673-2248,VII SAN SILVESTRE SOLIDARIA POBLA DE FARNALS,Alevin (2014-2013),2022-12-10,La Pobla de Farnals,700,,
421-1673,421-1673-2249,VII SAN SILVESTRE SOLIDARIA POBLA DE FARNALS,Infantil (2012-2011),2022-12-10,La Pobla de Farnals,1000,,
421-1673,421-1673-2245,VII SAN SILVESTRE SOLIDARIA POBLA DE FARNALS,5k,2022-12-10,La Pobla de Farnals,5000,320,17
