fuente,nombre_carrera,fecha,dia_semana,distancia,tipo_modalidad,publico,finisher_d,finisher_h,municipio,comarca,provincia
championsxip,EWR WINTER EDITION TERRASSA,2021-01-31,Domingo,0.0,trail running,Absoluta/General,0,0,,,
championsxip,10A CURSA DE CAP D’ANY DE SABADELL - VIRTUAL,2021-01-31,Domingo,0.0,road running,Absoluta/General,0,0,Madrid,,Comunidad de Madrid
championsxip,TEST CRONOMETRAT 5K,2021-02-21,Domingo,0.0,road running,Absoluta/General,25,103,,,
championsxip,ULTRARUNNING BARCELONA,2021-03-13,Sábado,10.0,road running,Absoluta/General,3,18,,,
championsxip,ULTRARUNNING BARCELONA,2021-03-13,Sábado,20.0,road running,Absoluta/General,3,18,,,
championsxip,ULTRARUNNING BARCELONA,2021-03-13,Sábado,30.0,road running,Absoluta/General,3,18,,,
championsxip,ULTRARUNNING BARCELONA,2021-03-13,Sábado,40.0,road running,Absoluta/General,2,16,,,
championsxip,ULTRARUNNING BARCELONA,2021-03-13,Sábado,50.0,road running,Absoluta/General,2,16,,,
championsxip,ULTRARUNNING BARCELONA,2021-03-13,Sábado,100.0,road running,Absoluta/General,1,12,,,
championsxip,ULTRARUNNING BARCELONA,2021-03-13,Sábado,80.0,road running,Absoluta/General,2,10,,,
championsxip,ULTRARUNNING BARCELONA,2021-03-13,Sábado,150.0,road running,Absoluta/General,0,1,,,
championsxip,TEST CRONOMETRAT 5K,2021-03-28,Domingo,0.0,road running,Absoluta/General,0,30,,,
championsxip,TEST CRONOMETRAT 5K,2021-03-28,Domingo,0.0,road running,Absoluta/General,1,7,,,
championsxip,XI CAMPIONAT CATALUNYA CROS CURT – CROS DE CANET,2021-03-28,Domingo,0.0,trail running,Infantil,26,0,Canet de Mar,Maresme,Catalunya
championsxip,XI CAMPIONAT CATALUNYA CROS CURT – CROS DE CANET,2021-03-28,Domingo,0.0,trail running,Infantil,0,39,Canet de Mar,Maresme,Catalunya
championsxip,XI CAMPIONAT CATALUNYA CROS CURT – CROS DE CANET,2021-03-28,Domingo,0.0,trail running,Infantil,15,0,Canet de Mar,Maresme,Catalunya
championsxip,XI CAMPIONAT CATALUNYA CROS CURT – CROS DE CANET,2021-03-28,Domingo,0.0,trail running,Infantil,0,48,Canet de Mar,Maresme,Catalunya
championsxip,XI CAMPIONAT CATALUNYA CROS CURT – CROS DE CANET,2021-03-28,Domingo,0.0,trail running,Absoluta/General,42,0,Canet de Mar,Maresme,Catalunya
championsxip,XI CAMPIONAT CATALUNYA CROS CURT – CROS DE CANET,2021-03-28,Domingo,0.0,trail running,Absoluta/General,0,110,Canet de Mar,Maresme,Catalunya
championsxip,TRAIL DE LLORET DE MAR,2021-04-11,Domingo,13.0,trail running,Absoluta/General,100,318,Lloret de Mar,,Girona
championsxip,TRAIL DE LLORET DE MAR,2021-04-11,Domingo,5.0,trail running,Absoluta/General,75,115,Lloret de Mar,,Girona
championsxip,EL TAST DE LA MITJA,2021-04-24,Sábado,10.0,road running,Absoluta/General,317,919,Novelda,el Vinalopó Mitjà / El Vinalopó Medio,Comunitat Valenciana
championsxip,XIV CROS ESCOLAR DE NOU BARRIS 2021,2021-04-25,Domingo,0.0,trail running,Infantil,3,1,Barcelona,,Barcelona
championsxip,XIV CROS ESCOLAR DE NOU BARRIS 2021,2021-04-25,Domingo,0.0,trail running,Infantil,5,10,Barcelona,,Barcelona
championsxip,XIV CROS ESCOLAR DE NOU BARRIS 2021,2021-04-25,Domingo,0.0,trail running,Infantil,6,1,Barcelona,,Barcelona
championsxip,XIV CROS ESCOLAR DE NOU BARRIS 2021,2021-04-25,Domingo,0.0,trail running,Infantil,6,14,Barcelona,,Barcelona
championsxip,XIV CROS ESCOLAR DE NOU BARRIS 2021,2021-04-25,Domingo,0.0,trail running,Infantil,10,0,Barcelona,,Barcelona
championsxip,XIV CROS ESCOLAR DE NOU BARRIS 2021,2021-04-25,Domingo,0.0,trail running,Infantil,0,14,Barcelona,,Barcelona
championsxip,XIV CROS ESCOLAR DE NOU BARRIS 2021,2021-04-25,Domingo,0.0,trail running,Infantil,15,0,Barcelona,,Barcelona
championsxip,XIV CROS ESCOLAR DE NOU BARRIS 2021,2021-04-25,Domingo,0.0,trail running,Infantil,0,20,Barcelona,,Barcelona
championsxip,XIV CROS ESCOLAR DE NOU BARRIS 2021,2021-04-25,Domingo,0.0,trail running,Infantil,13,0,Barcelona,,Barcelona
championsxip,XIV CROS ESCOLAR DE NOU BARRIS 2021,2021-04-25,Domingo,0.0,trail running,Infantil,0,14,Barcelona,,Barcelona
championsxip,XIV CROS ESCOLAR DE NOU BARRIS 2021,2021-04-25,Domingo,0.0,trail running,Infantil,18,0,Barcelona,,Barcelona
championsxip,XIV CROS ESCOLAR DE NOU BARRIS 2021,2021-04-25,Domingo,0.0,trail running,Infantil,0,27,Barcelona,,Barcelona
championsxip,XIV CROS ESCOLAR DE NOU BARRIS 2021,2021-04-25,Domingo,0.0,trail running,Infantil,11,0,Barcelona,,Barcelona
championsxip,XIV CROS ESCOLAR DE NOU BARRIS 2021,2021-04-25,Domingo,0.0,trail running,Infantil,0,33,Barcelona,,Barcelona
championsxip,XIV CROS ESCOLAR DE NOU BARRIS 2021,2021-04-25,Domingo,0.0,trail running,Infantil,10,0,Barcelona,,Barcelona
championsxip,XIV CROS ESCOLAR DE NOU BARRIS 2021,2021-04-25,Domingo,0.0,trail running,Infantil,0,21,Barcelona,,Barcelona
championsxip,CURSA DE LES TORTUGUES DE LA GARRIGA,2021-05-01,Sábado,14.0,trail running,Absoluta/General,45,203,la Garriga,Vallès Oriental,Catalunya
championsxip,CURSA DE LES TORTUGUES DE LA GARRIGA,2021-05-01,Sábado,7.0,trail running,Absoluta/General,29,53,la Garriga,Vallès Oriental,Catalunya
championsxip,24A MILLA URBANA DE RIPOLLET,2021-05-01,Sábado,0.0,road running,Infantil,0,17,Ripollet,,Barcelona
championsxip,24A MILLA URBANA DE RIPOLLET,2021-05-01,Sábado,0.0,road running,Infantil,0,31,Ripollet,,Barcelona
championsxip,24A MILLA URBANA DE RIPOLLET,2021-05-01,Sábado,0.0,road running,Infantil,27,0,Ripollet,,Barcelona
championsxip,24A MILLA URBANA DE RIPOLLET,2021-05-01,Sábado,0.0,road running,Infantil,0,12,Ripollet,,Barcelona
championsxip,24A MILLA URBANA DE RIPOLLET,2021-05-01,Sábado,0.0,road running,Infantil,16,0,Ripollet,,Barcelona
championsxip,24A MILLA URBANA DE RIPOLLET,2021-05-01,Sábado,0.0,road running,Infantil,11,5,Ripollet,,Barcelona
championsxip,24A MILLA URBANA DE RIPOLLET,2021-05-01,Sábado,0.0,road running,Infantil,6,8,Ripollet,,Barcelona
championsxip,24A MILLA URBANA DE RIPOLLET,2021-05-01,Sábado,0.0,road running,Absoluta/General,25,0,Ripollet,,Barcelona
championsxip,24A MILLA URBANA DE RIPOLLET,2021-05-01,Sábado,0.0,road running,Absoluta/General,0,42,Ripollet,,Barcelona
championsxip,24A MILLA URBANA DE RIPOLLET,2021-05-01,Sábado,0.0,road running,Mayores/Veteranos,0,15,Ripollet,,Barcelona
championsxip,24A MILLA URBANA DE RIPOLLET,2021-05-01,Sábado,0.0,road running,Infantil,0,14,Ripollet,,Barcelona
championsxip,CURSA DELTA PRAT,2021-05-09,Domingo,5.0,road running,Absoluta/General,197,536,el Prat de Llobregat,,Barcelona
championsxip,CROS POPULAR DE SANTS,2021-05-09,Domingo,5.0,road running,Absoluta/General,184,456,Barcelona,,Barcelona
championsxip,XIV CROS ESCOLAR SANTS MONTJUÏC 2021,2021-05-09,Domingo,0.0,trail running,Infantil,2,1,Barcelona,,Barcelona
championsxip,XIV CROS ESCOLAR SANTS MONTJUÏC 2021,2021-05-09,Domingo,0.0,trail running,Infantil,2,8,Barcelona,,Barcelona
championsxip,XIV CROS ESCOLAR SANTS MONTJUÏC 2021,2021-05-09,Domingo,0.0,trail running,Infantil,2,2,Barcelona,,Barcelona
championsxip,XIV CROS ESCOLAR SANTS MONTJUÏC 2021,2021-05-09,Domingo,0.0,trail running,Infantil,6,5,Barcelona,,Barcelona
championsxip,XIV CROS ESCOLAR SANTS MONTJUÏC 2021,2021-05-09,Domingo,0.0,trail running,Infantil,5,7,Barcelona,,Barcelona
championsxip,XIV CROS ESCOLAR SANTS MONTJUÏC 2021,2021-05-09,Domingo,0.0,trail running,Infantil,10,17,Barcelona,,Barcelona
championsxip,XIV CROS ESCOLAR SANTS MONTJUÏC 2021,2021-05-09,Domingo,0.0,trail running,Infantil,8,8,Barcelona,,Barcelona
championsxip,XIV CROS ESCOLAR SANTS MONTJUÏC 2021,2021-05-09,Domingo,0.0,trail running,Infantil,8,23,Barcelona,,Barcelona
championsxip,XIV CROS ESCOLAR SANTS MONTJUÏC 2021,2021-05-09,Domingo,0.0,trail running,Infantil,8,26,Barcelona,,Barcelona
championsxip,XIV CROS ESCOLAR SANTS MONTJUÏC 2021,2021-05-09,Domingo,0.0,trail running,Infantil,9,10,Barcelona,,Barcelona
championsxip,UNIRUN - CAMPIONAT DE CATALUNYA UNIVERSITARI 5K,2021-05-16,Domingo,5.0,road running,Absoluta/General,0,30,Terrassa,Vallès Occidental,Catalunya
championsxip,CURSA DE SANT QUIRZE - MEMORIAL DAVID ROVIRA,2021-05-23,Domingo,5.0,road running,Absoluta/General,0,30,l'Espluga de Francolí,Conca de Barberà,Tarragona
championsxip,42A MARXA POPULAR TRAIL ARENYS DE MAR,2021-05-30,Domingo,11.0,trail running,Absoluta/General,169,281,Arenys de Mar,Maresme,Catalunya
championsxip,7K,2021-05-30,Domingo,7.0,road running,Absoluta/General,0,30,València,,València / Valencia
championsxip,PUJADA TIBIDABO CEG,2021-05-30,Domingo,0.0,trail running,Absoluta/General,26,67,,,
championsxip,XVIIÈ CROS DE SANT MARTÍ,2021-05-30,Domingo,0.0,trail running,Infantil,2,0,Barcelona,,Barcelona
championsxip,XVIIÈ CROS DE SANT MARTÍ,2021-05-30,Domingo,0.0,trail running,Infantil,0,11,Barcelona,,Barcelona
championsxip,XVIIÈ CROS DE SANT MARTÍ,2021-05-30,Domingo,0.0,trail running,Infantil,2,3,Barcelona,,Barcelona
championsxip,XVIIÈ CROS DE SANT MARTÍ,2021-05-30,Domingo,0.0,trail running,Infantil,2,3,Barcelona,,Barcelona
championsxip,XVIIÈ CROS DE SANT MARTÍ,2021-05-30,Domingo,0.0,trail running,Infantil,10,9,Barcelona,,Barcelona
championsxip,XVIIÈ CROS DE SANT MARTÍ,2021-05-30,Domingo,0.0,trail running,Infantil,9,15,Barcelona,,Barcelona
championsxip,XVIIÈ CROS DE SANT MARTÍ,2021-05-30,Domingo,0.0,trail running,Infantil,8,10,Barcelona,,Barcelona
championsxip,XVIIÈ CROS DE SANT MARTÍ,2021-05-30,Domingo,0.0,trail running,Infantil,10,20,Barcelona,,Barcelona
championsxip,XVIIÈ CROS DE SANT MARTÍ,2021-05-30,Domingo,0.0,trail running,Infantil,12,26,Barcelona,,Barcelona
championsxip,XVIIÈ CROS DE SANT MARTÍ,2021-05-30,Domingo,0.0,trail running,Infantil,8,13,Barcelona,,Barcelona
championsxip,XVIIÈ CROS DE SANT MARTÍ,2021-05-30,Domingo,0.0,trail running,Absoluta/General,4,13,Barcelona,,Barcelona
championsxip,MITJA MARATÓ DE GRANOLLERS - LA MITJA,2021-06-05,Sábado,21.0,road running,Absoluta/General,342,1603,Novelda,el Vinalopó Mitjà / El Vinalopó Medio,Comunitat Valenciana
championsxip,MITJA MARATÓ DE GRANOLLERS - LA MITJA,2021-06-05,Sábado,0.0,road running,Absoluta/General,0,1,Novelda,el Vinalopó Mitjà / El Vinalopó Medio,Comunitat Valenciana
championsxip,TEST CRONOMETRAT 5K-3K-1K - PISTES NOU BARRIS,2021-06-06,Domingo,5.0,road running,Absoluta/General,6,25,Barcelona,Barcelonès,Catalunya
championsxip,TEST CRONOMETRAT 5K-3K-1K - PISTES NOU BARRIS,2021-06-06,Domingo,3.0,road running,Absoluta/General,3,13,Barcelona,Barcelonès,Catalunya
championsxip,TEST CRONOMETRAT 5K-3K-1K - PISTES NOU BARRIS,2021-06-06,Domingo,1.0,road running,Absoluta/General,2,7,Barcelona,Barcelonès,Catalunya
championsxip,CURSA DE PINEDA DE MAR,2021-06-13,Domingo,10.0,road running,Absoluta/General,0,30,Pineda de Mar,,Barcelona
championsxip,CURSA CIENTÍFICA SANT PAU,2021-06-19,Sábado,5.0,road running,Absoluta/General,42,72,València,Comarca de València,Comunitat Valenciana
championsxip,CURSA DEL FOC OLESA DE MONTSERRAT,2021-06-20,Domingo,10.0,road running,Absoluta/General,15,71,Olesa de Montserrat,Baix Llobregat,Catalunya
championsxip,CURSA DEL FOC OLESA DE MONTSERRAT,2021-06-20,Domingo,5.0,road running,Absoluta/General,90,143,Olesa de Montserrat,Baix Llobregat,Catalunya
championsxip,CURSA DEL FOC OLESA DE MONTSERRAT,2021-06-20,Domingo,10.0,road running,Absoluta/General,0,30,Olesa de Montserrat,Baix Llobregat,Catalunya
championsxip,CURSA POPULAR DEL MASNOU 2021,2021-06-20,Domingo,5.0,road running,Absoluta/General,0,30,Sant Joan de les Abadesses,,Girona
championsxip,CURSA D’ESTIU DE PREMIÀ DE MAR,2021-07-03,Sábado,5.0,road running,Absoluta/General,54,156,Premià de Mar,Maresme,Catalunya
championsxip,OLOT ASICS 2021,2021-07-03,Sábado,0.0,road running,Absoluta/General,5,4,,,
championsxip,OLOT ASICS 2021,2021-07-03,Sábado,0.0,road running,Absoluta/General,3,7,,,
championsxip,OLOT ASICS 2021,2021-07-03,Sábado,0.0,road running,Absoluta/General,0,9,,,
championsxip,CURSA DE NOU BARRIS,2021-07-11,Domingo,5.0,road running,Absoluta/General,200,611,Barcelona,,Barcelona
championsxip,XL CURSA POPULAR DE LA GARRIGA,2021-07-31,Sábado,4.0,road running,Absoluta/General,57,137,la Garriga,,Barcelona
championsxip,CURSA POPULAR FESTA MAJOR DE  RIPOLLET,2021-08-29,Domingo,10.0,road running,Absoluta/General,0,60,Ripollet,Vallès Occidental,Catalunya
championsxip,CURSA POPULAR FESTA MAJOR DE  RIPOLLET,2021-08-29,Domingo,5.0,road running,Absoluta/General,32,74,Ripollet,Vallès Occidental,Catalunya
championsxip,CURSA POPULAR FESTA MAJOR DE  RIPOLLET,2021-08-29,Domingo,2.4,road running,Absoluta/General,3,9,Ripollet,Vallès Occidental,Catalunya
championsxip,CURSA POPULAR FESTA MAJOR DE  RIPOLLET,2021-08-29,Domingo,0.8,road running,Absoluta/General,14,7,Ripollet,Vallès Occidental,Catalunya
championsxip,CURSA POPULAR FESTA MAJOR DE  RIPOLLET,2021-08-29,Domingo,0.4,road running,Absoluta/General,12,26,Ripollet,Vallès Occidental,Catalunya
championsxip,XXIV CURSA DE LA VINYA DE SANT LLORENÇ D’HORTON...,2021-09-05,Domingo,10.0,road running,Absoluta/General,54,135,,,
championsxip,XXIV CURSA DE LA VINYA DE SANT LLORENÇ D’HORTON...,2021-09-05,Domingo,21.0,road running,Absoluta/General,12,75,,,
championsxip,10A SANSI BELLATERRA,2021-09-11,Sábado,10.0,road running,Absoluta/General,0,30,,,
championsxip,10A SANSI BELLATERRA,2021-09-11,Sábado,5.0,road running,Absoluta/General,120,173,,,
championsxip,CURSA ATLÈTICA POBLE NOU,2021-09-12,Domingo,5.0,road running,Absoluta/General,168,430,Alcúdia,Raiguer,Illes Balears
championsxip,MATAGALLS MONTSERRAT,2021-09-18,Sábado,82.6,trail running,Absoluta/General,0,0,,,
championsxip,MITJA MARATÓ COSTA BARCELONA MARESME,2021-09-19,Domingo,21.097,road running,Absoluta/General,128,534,Vilassar de Mar,,Barcelona
championsxip,CURSA DE LA MERCÈ,2021-09-19,Domingo,10.0,road running,Absoluta/General,1366,3396,Girona,,Girona
championsxip,CURSA DE LA MERCÈ,2021-09-19,Domingo,2.0,road running,Absoluta/General,6,17,Girona,,Girona
championsxip,CURSA DE LA MERCÈ,2021-09-19,Domingo,0.0,road running,Absoluta/General,0,0,Girona,,Girona
championsxip,CURSA DE LA MERCÈ,2021-09-19,Domingo,0.0,road running,Absoluta/General,0,0,Girona,,Girona
championsxip,BADA TRAIL 2021,2021-09-25,Sábado,15.0,trail running,Absoluta/General,0,30,,,
championsxip,BADA TRAIL 2021,2021-09-25,Sábado,5.0,trail running,Absoluta/General,42,52,,,
championsxip,"EVA-SPORT ""LA CURSA DE LES DONES"" TERRASSA",2021-10-03,Domingo,5.0,road running,Absoluta/General,274,0,Terrassa,Vallès Occidental,Catalunya
championsxip,"EVA-SPORT ""LA CURSA DE LES DONES"" TERRASSA",2021-10-03,Domingo,0.0,road running,Absoluta/General,0,142,Terrassa,Vallès Occidental,Catalunya
championsxip,CURSA DE PARETS DEL VALLÈS,2021-10-03,Domingo,10.0,road running,Absoluta/General,0,30,Parets del Vallès,,Barcelona
championsxip,CURSA DE PARETS DEL VALLÈS,2021-10-03,Domingo,5.0,road running,Absoluta/General,51,89,Parets del Vallès,,Barcelona
championsxip,11A CURSA NOCTURNA DE L'HOSPITALET,2021-10-09,Sábado,5.0,road running,Absoluta/General,759,1276,l'Hospitalet de Llobregat,,Barcelona
championsxip,"MARATÓ TRAIL TOSSA DE MAR ""LA MEGALÍTICA""",2021-10-10,Domingo,10.0,trail running,Absoluta/General,101,169,Salorino,,Cáceres
championsxip,"MARATÓ TRAIL TOSSA DE MAR ""LA MEGALÍTICA""",2021-10-10,Domingo,21.0,trail running,Absoluta/General,25,119,Salorino,,Cáceres
championsxip,"MARATÓ TRAIL TOSSA DE MAR ""LA MEGALÍTICA""",2021-10-10,Domingo,5.0,trail running,Absoluta/General,66,62,Salorino,,Cáceres
championsxip,"40A CURSA POPULAR ""CIUTAT DE CORNELLÀ""",2021-10-10,Domingo,10.0,road running,Absoluta/General,0,90,Cornellà de Llobregat,,Barcelona
championsxip,"40A CURSA POPULAR ""CIUTAT DE CORNELLÀ""",2021-10-10,Domingo,5.0,road running,Absoluta/General,92,187,Cornellà de Llobregat,,Barcelona
championsxip,"40A CURSA POPULAR ""CIUTAT DE CORNELLÀ""",2021-10-10,Domingo,0.0,road running,Infantil,51,31,Cornellà de Llobregat,,Barcelona
championsxip,"40A CURSA POPULAR ""CIUTAT DE CORNELLÀ""",2021-10-10,Domingo,0.0,road running,Infantil,25,28,Cornellà de Llobregat,,Barcelona
championsxip,"40A CURSA POPULAR ""CIUTAT DE CORNELLÀ""",2021-10-10,Domingo,0.0,road running,Infantil,26,47,Cornellà de Llobregat,,Barcelona
championsxip,19È CROS DE CANOVELLES,2021-10-17,Domingo,0.0,trail running,Mayores/Veteranos,6,17,Canovelles,,Barcelona
championsxip,19È CROS DE CANOVELLES,2021-10-17,Domingo,0.0,trail running,Infantil,0,16,Canovelles,,Barcelona
championsxip,19È CROS DE CANOVELLES,2021-10-17,Domingo,0.0,trail running,Infantil,7,0,Canovelles,,Barcelona
championsxip,19È CROS DE CANOVELLES,2021-10-17,Domingo,0.0,trail running,Infantil,0,49,Canovelles,,Barcelona
championsxip,19È CROS DE CANOVELLES,2021-10-17,Domingo,0.0,trail running,Infantil,22,0,Canovelles,,Barcelona
championsxip,19È CROS DE CANOVELLES,2021-10-17,Domingo,0.0,trail running,Infantil,0,52,Canovelles,,Barcelona
championsxip,19È CROS DE CANOVELLES,2021-10-17,Domingo,0.0,trail running,Infantil,32,0,Canovelles,,Barcelona
championsxip,19È CROS DE CANOVELLES,2021-10-17,Domingo,0.0,trail running,Infantil,0,38,Canovelles,,Barcelona
championsxip,19È CROS DE CANOVELLES,2021-10-17,Domingo,0.0,trail running,Infantil,33,0,Canovelles,,Barcelona
championsxip,19È CROS DE CANOVELLES,2021-10-17,Domingo,0.0,trail running,Infantil,0,40,Canovelles,,Barcelona
championsxip,19È CROS DE CANOVELLES,2021-10-17,Domingo,0.0,trail running,Infantil,35,0,Canovelles,,Barcelona
championsxip,19È CROS DE CANOVELLES,2021-10-17,Domingo,0.0,trail running,Infantil,0,18,Canovelles,,Barcelona
championsxip,19È CROS DE CANOVELLES,2021-10-17,Domingo,0.0,trail running,Infantil,11,0,Canovelles,,Barcelona
championsxip,19È CROS DE CANOVELLES,2021-10-17,Domingo,0.0,trail running,Infantil,0,37,Canovelles,,Barcelona
championsxip,19È CROS DE CANOVELLES,2021-10-17,Domingo,0.0,trail running,Infantil,28,0,Canovelles,,Barcelona
championsxip,CURSA LLUÍS COMPANYS,2021-10-23,Sábado,8.0,road running,Absoluta/General,38,135,Anglès,,Girona
championsxip,57È CROS ESCOLAR DE CORNELLÀ DE LLOBREGAT,2021-10-23,Sábado,0.0,trail running,Infantil,3,2,Cornellà de Llobregat,,Barcelona
championsxip,57È CROS ESCOLAR DE CORNELLÀ DE LLOBREGAT,2021-10-23,Sábado,0.0,trail running,Infantil,9,15,Cornellà de Llobregat,,Barcelona
championsxip,57È CROS ESCOLAR DE CORNELLÀ DE LLOBREGAT,2021-10-23,Sábado,0.0,trail running,Infantil,0,23,Cornellà de Llobregat,,Barcelona
championsxip,57È CROS ESCOLAR DE CORNELLÀ DE LLOBREGAT,2021-10-23,Sábado,0.0,trail running,Infantil,34,0,Cornellà de Llobregat,,Barcelona
championsxip,57È CROS ESCOLAR DE CORNELLÀ DE LLOBREGAT,2021-10-23,Sábado,0.0,trail running,Absoluta/General,20,21,Cornellà de Llobregat,,Barcelona
championsxip,57È CROS ESCOLAR DE CORNELLÀ DE LLOBREGAT,2021-10-23,Sábado,0.0,trail running,Absoluta/General,19,16,Cornellà de Llobregat,,Barcelona
championsxip,57È CROS ESCOLAR DE CORNELLÀ DE LLOBREGAT,2021-10-23,Sábado,0.0,trail running,Absoluta/General,29,26,Cornellà de Llobregat,,Barcelona
championsxip,57È CROS ESCOLAR DE CORNELLÀ DE LLOBREGAT,2021-10-23,Sábado,0.0,trail running,Absoluta/General,11,31,Cornellà de Llobregat,,Barcelona
championsxip,57È CROS ESCOLAR DE CORNELLÀ DE LLOBREGAT,2021-10-23,Sábado,0.0,trail running,Absoluta/General,14,23,Cornellà de Llobregat,,Barcelona
championsxip,57È CROS ESCOLAR DE CORNELLÀ DE LLOBREGAT,2021-10-23,Sábado,0.0,trail running,Absoluta/General,13,21,Cornellà de Llobregat,,Barcelona
championsxip,57È CROS ESCOLAR DE CORNELLÀ DE LLOBREGAT,2021-10-23,Sábado,0.0,trail running,Absoluta/General,7,20,Cornellà de Llobregat,,Barcelona
championsxip,57È CROS ESCOLAR DE CORNELLÀ DE LLOBREGAT,2021-10-23,Sábado,0.0,trail running,Absoluta/General,4,10,Cornellà de Llobregat,,Barcelona
championsxip,22È CROS SANTA SUSANNA,2021-10-23,Sábado,0.0,trail running,Infantil,0,22,Santa Susanna,,Barcelona
championsxip,22È CROS SANTA SUSANNA,2021-10-23,Sábado,0.0,trail running,Infantil,0,34,Santa Susanna,,Barcelona
championsxip,22È CROS SANTA SUSANNA,2021-10-23,Sábado,0.0,trail running,Infantil,9,0,Santa Susanna,,Barcelona
championsxip,22È CROS SANTA SUSANNA,2021-10-23,Sábado,0.0,trail running,Infantil,37,0,Santa Susanna,,Barcelona
championsxip,22È CROS SANTA SUSANNA,2021-10-23,Sábado,0.0,trail running,Infantil,0,54,Santa Susanna,,Barcelona
championsxip,22È CROS SANTA SUSANNA,2021-10-23,Sábado,0.0,trail running,Infantil,40,0,Santa Susanna,,Barcelona
championsxip,22È CROS SANTA SUSANNA,2021-10-23,Sábado,0.0,trail running,Infantil,0,62,Santa Susanna,,Barcelona
championsxip,22È CROS SANTA SUSANNA,2021-10-23,Sábado,0.0,trail running,Infantil,32,0,Santa Susanna,,Barcelona
championsxip,22È CROS SANTA SUSANNA,2021-10-23,Sábado,0.0,trail running,Infantil,0,42,Santa Susanna,,Barcelona
championsxip,22È CROS SANTA SUSANNA,2021-10-23,Sábado,0.0,trail running,Infantil,34,0,Santa Susanna,,Barcelona
championsxip,22È CROS SANTA SUSANNA,2021-10-23,Sábado,0.0,trail running,Infantil,0,26,Santa Susanna,,Barcelona
championsxip,22È CROS SANTA SUSANNA,2021-10-23,Sábado,0.0,trail running,Infantil,11,0,Santa Susanna,,Barcelona
championsxip,22È CROS SANTA SUSANNA,2021-10-23,Sábado,0.0,trail running,Absoluta/General,33,0,Santa Susanna,,Barcelona
championsxip,22È CROS SANTA SUSANNA,2021-10-23,Sábado,0.0,trail running,Absoluta/General,0,110,Santa Susanna,,Barcelona
championsxip,MITJA MARATÓ AL PARC DE COLLSEROLA,2021-10-31,Domingo,21.097,trail running,Absoluta/General,57,247,Sant Cugat del Vallès,,Barcelona
championsxip,LA CURSA DE RAC1 - BADALONA,2021-10-31,Domingo,5.0,road running,Absoluta/General,0,30,Badalona,Barcelonès,Catalunya
championsxip,41È CROS DELS ARENYS,2021-11-06,Sábado,0.0,trail running,Mayores/Veteranos,23,61,Arenys de Mar,,Barcelona
championsxip,41È CROS DELS ARENYS,2021-11-06,Sábado,0.0,trail running,Infantil,7,20,Arenys de Mar,,Barcelona
championsxip,41È CROS DELS ARENYS,2021-11-06,Sábado,0.0,trail running,Infantil,26,29,Arenys de Mar,,Barcelona
championsxip,41È CROS DELS ARENYS,2021-11-06,Sábado,0.0,trail running,Infantil,39,48,Arenys de Mar,,Barcelona
championsxip,41È CROS DELS ARENYS,2021-11-06,Sábado,0.0,trail running,Infantil,15,58,Arenys de Mar,,Barcelona
championsxip,41È CROS DELS ARENYS,2021-11-06,Sábado,0.0,trail running,Infantil,37,49,Arenys de Mar,,Barcelona
championsxip,41È CROS DELS ARENYS,2021-11-06,Sábado,0.0,trail running,Infantil,41,43,Arenys de Mar,,Barcelona
championsxip,4A CURSA SOLIDÀRIA DE CARDEDEU 21K,2021-11-07,Domingo,21.0,trail running,Absoluta/General,29,109,Cardedeu,,Barcelona
championsxip,12A CURSA POPULAR DE SANT VICENÇ DELS HORTS,2021-11-14,Domingo,10.0,road running,Absoluta/General,0,60,Sant Vicenç dels Horts,,Barcelona
championsxip,12A CURSA POPULAR DE SANT VICENÇ DELS HORTS,2021-11-14,Domingo,5.0,road running,Absoluta/General,59,74,Sant Vicenç dels Horts,,Barcelona
championsxip,VI VINYA-CROSS SOLIDARI OLLER DEL MAS,2021-11-14,Domingo,10.0,trail running,Absoluta/General,139,205,Ares del Maestrat,l'Alt Maestrat,Comunitat Valenciana
championsxip,VI VINYA-CROSS SOLIDARI OLLER DEL MAS,2021-11-14,Domingo,5.0,trail running,Absoluta/General,142,103,Ares del Maestrat,l'Alt Maestrat,Comunitat Valenciana
championsxip,VI VINYA-CROSS SOLIDARI OLLER DEL MAS,2021-11-14,Domingo,20.0,trail running,Absoluta/General,9,54,Ares del Maestrat,l'Alt Maestrat,Comunitat Valenciana
championsxip,CURSA POPULAR SANT MARTÍ,2021-11-14,Domingo,5.0,road running,Absoluta/General,116,223,Barcelona,,Barcelona
championsxip,MÀGIC BDN RUNNING,2021-11-14,Domingo,10.0,road running,Absoluta/General,0,60,,,
championsxip,MÀGIC BDN RUNNING,2021-11-14,Domingo,5.0,road running,Absoluta/General,250,284,,,
championsxip,1R  CROS DE  TORDERA,2021-11-20,Sábado,0.0,trail running,Mayores/Veteranos,24,76,Tordera,,Barcelona
championsxip,1R  CROS DE  TORDERA,2021-11-20,Sábado,0.0,trail running,Infantil,18,17,Tordera,,Barcelona
championsxip,1R  CROS DE  TORDERA,2021-11-20,Sábado,0.0,trail running,Infantil,32,43,Tordera,,Barcelona
championsxip,1R  CROS DE  TORDERA,2021-11-20,Sábado,0.0,trail running,Absoluta/General,9,38,Tordera,,Barcelona
championsxip,1R  CROS DE  TORDERA,2021-11-20,Sábado,0.0,trail running,Infantil,41,39,Tordera,,Barcelona
championsxip,1R  CROS DE  TORDERA,2021-11-20,Sábado,0.0,trail running,Infantil,41,43,Tordera,,Barcelona
championsxip,1R  CROS DE  TORDERA,2021-11-20,Sábado,0.0,trail running,Infantil,36,47,Tordera,,Barcelona
championsxip,22ENA CURSA DE MARTORELL 5KM,2021-11-21,Domingo,5.0,road running,Absoluta/General,0,60,Martorell,,Barcelona
championsxip,22ENA CURSA DE MARTORELL 5KM,2021-11-21,Domingo,0.0,road running,Infantil,19,27,Martorell,,Barcelona
championsxip,22ENA CURSA DE MARTORELL 5KM,2021-11-21,Domingo,0.0,road running,Infantil,26,29,Martorell,,Barcelona
championsxip,22ENA CURSA DE MARTORELL 5KM,2021-11-21,Domingo,0.0,road running,Infantil,21,33,Martorell,,Barcelona
championsxip,ELS 10 DE LES FRANQUESES,2021-11-21,Domingo,10.0,road running,Absoluta/General,0,90,Corró d'Avall,,Barcelona
championsxip,CROS 3TURONS-LA DIABLADA,2021-11-21,Domingo,12.0,trail running,Absoluta/General,81,390,,,
championsxip,XVIIIÈ CROS DE SANT MARTÍ,2021-11-21,Domingo,0.0,trail running,Infantil,6,13,Barcelona,,Barcelona
championsxip,XVIIIÈ CROS DE SANT MARTÍ,2021-11-21,Domingo,0.0,trail running,Infantil,6,8,Barcelona,,Barcelona
championsxip,XVIIIÈ CROS DE SANT MARTÍ,2021-11-21,Domingo,0.0,trail running,Infantil,8,13,Barcelona,,Barcelona
championsxip,XVIIIÈ CROS DE SANT MARTÍ,2021-11-21,Domingo,0.0,trail running,Infantil,13,14,Barcelona,,Barcelona
championsxip,XVIIIÈ CROS DE SANT MARTÍ,2021-11-21,Domingo,0.0,trail running,Infantil,24,16,Barcelona,,Barcelona
championsxip,XVIIIÈ CROS DE SANT MARTÍ,2021-11-21,Domingo,0.0,trail running,Infantil,17,30,Barcelona,,Barcelona
championsxip,XVIIIÈ CROS DE SANT MARTÍ,2021-11-21,Domingo,0.0,trail running,Infantil,19,34,Barcelona,,Barcelona
championsxip,XVIIIÈ CROS DE SANT MARTÍ,2021-11-21,Domingo,0.0,trail running,Infantil,27,41,Barcelona,,Barcelona
championsxip,XVIIIÈ CROS DE SANT MARTÍ,2021-11-21,Domingo,0.0,trail running,Infantil,21,20,Barcelona,,Barcelona
championsxip,XVIIIÈ CROS DE SANT MARTÍ,2021-11-21,Domingo,0.0,trail running,Infantil,9,20,Barcelona,,Barcelona
championsxip,XVIIIÈ CROS DE SANT MARTÍ,2021-11-21,Domingo,0.0,trail running,Infantil,10,3,Barcelona,,Barcelona
championsxip,XVIIIÈ CROS DE SANT MARTÍ,2021-11-21,Domingo,0.0,trail running,Infantil,4,3,Barcelona,,Barcelona
championsxip,JEAN BOUIN FEDERATS I ESCOLARS,2021-11-28,Domingo,0.0,road running,Infantil,5,0,,,
championsxip,JEAN BOUIN FEDERATS I ESCOLARS,2021-11-28,Domingo,0.0,road running,Infantil,0,7,,,
championsxip,JEAN BOUIN FEDERATS I ESCOLARS,2021-11-28,Domingo,0.0,road running,Absoluta/General,8,0,,,
championsxip,JEAN BOUIN FEDERATS I ESCOLARS,2021-11-28,Domingo,0.0,road running,Absoluta/General,0,18,,,
championsxip,JEAN BOUIN FEDERATS I ESCOLARS,2021-11-28,Domingo,0.0,road running,Infantil,0,74,,,
championsxip,JEAN BOUIN FEDERATS I ESCOLARS,2021-11-28,Domingo,0.0,road running,Infantil,36,0,,,
championsxip,JEAN BOUIN FEDERATS I ESCOLARS,2021-11-28,Domingo,0.0,road running,Infantil,0,70,,,
championsxip,JEAN BOUIN FEDERATS I ESCOLARS,2021-11-28,Domingo,0.0,road running,Infantil,66,0,,,
championsxip,JEAN BOUIN FEDERATS I ESCOLARS,2021-11-28,Domingo,0.0,road running,Infantil,0,53,,,
championsxip,JEAN BOUIN FEDERATS I ESCOLARS,2021-11-28,Domingo,0.0,road running,Infantil,43,0,,,
championsxip,JEAN BOUIN FEDERATS I ESCOLARS,2021-11-28,Domingo,0.0,road running,Infantil,24,0,,,
championsxip,JEAN BOUIN FEDERATS I ESCOLARS,2021-11-28,Domingo,0.0,road running,Infantil,0,40,,,
championsxip,98 JEAN BOUIN OPEN,2021-11-28,Domingo,10.0,road running,Absoluta/General,0,30,,,
championsxip,98 JEAN BOUIN OPEN,2021-11-28,Domingo,5.0,road running,Absoluta/General,0,30,,,
championsxip,35A PUJADA I BAIXADA A GUANTA,2021-12-05,Domingo,12.3,trail running,Absoluta/General,98,357,Sentmenat,Vallès Occidental,Catalunya
championsxip,35A PUJADA I BAIXADA A GUANTA,2021-12-05,Domingo,6.0,trail running,Absoluta/General,37,59,Sentmenat,Vallès Occidental,Catalunya
championsxip,55 CROS DE GRANOLLERS,2021-12-05,Domingo,0.0,trail running,Mayores/Veteranos,0,30,Granollers,,Barcelona
championsxip,55 CROS DE GRANOLLERS,2021-12-05,Domingo,0.0,trail running,Infantil,34,0,Granollers,,Barcelona
championsxip,55 CROS DE GRANOLLERS,2021-12-05,Domingo,0.0,trail running,Infantil,0,46,Granollers,,Barcelona
championsxip,55 CROS DE GRANOLLERS,2021-12-05,Domingo,0.0,trail running,Infantil,66,0,Granollers,,Barcelona
championsxip,55 CROS DE GRANOLLERS,2021-12-05,Domingo,0.0,trail running,Infantil,0,55,Granollers,,Barcelona
championsxip,55 CROS DE GRANOLLERS,2021-12-05,Domingo,0.0,trail running,Infantil,29,0,Granollers,,Barcelona
championsxip,55 CROS DE GRANOLLERS,2021-12-05,Domingo,0.0,trail running,Infantil,0,47,Granollers,,Barcelona
championsxip,55 CROS DE GRANOLLERS,2021-12-05,Domingo,0.0,trail running,Infantil,0,20,Granollers,,Barcelona
championsxip,55 CROS DE GRANOLLERS,2021-12-05,Domingo,0.0,trail running,Infantil,18,0,Granollers,,Barcelona
championsxip,55 CROS DE GRANOLLERS,2021-12-05,Domingo,0.0,trail running,Infantil,0,60,Granollers,,Barcelona
championsxip,55 CROS DE GRANOLLERS,2021-12-05,Domingo,0.0,trail running,Infantil,57,0,Granollers,,Barcelona
championsxip,55 CROS DE GRANOLLERS,2021-12-05,Domingo,0.0,trail running,Infantil,0,46,Granollers,,Barcelona
championsxip,55 CROS DE GRANOLLERS,2021-12-05,Domingo,0.0,trail running,Infantil,41,0,Granollers,,Barcelona
championsxip,55 CROS DE GRANOLLERS,2021-12-05,Domingo,0.0,trail running,Infantil,0,65,Granollers,,Barcelona
championsxip,55 CROS DE GRANOLLERS,2021-12-05,Domingo,0.0,trail running,Infantil,22,32,Granollers,,Barcelona
championsxip,CURSA DE SANT ANDREU - BARCELONA,2021-12-06,Lunes,5.0,road running,Absoluta/General,0,30,Barcelona,,Barcelona
championsxip,26È CROS DE MALGRAT,2021-12-08,Miércoles,0.0,trail running,Mayores/Veteranos,25,73,Cervera,,Lleida
championsxip,26È CROS DE MALGRAT,2021-12-08,Miércoles,0.0,trail running,Infantil,9,17,Cervera,,Lleida
championsxip,26È CROS DE MALGRAT,2021-12-08,Miércoles,0.0,trail running,Infantil,17,40,Cervera,,Lleida
championsxip,26È CROS DE MALGRAT,2021-12-08,Miércoles,0.0,trail running,Absoluta/General,10,36,Cervera,,Lleida
championsxip,26È CROS DE MALGRAT,2021-12-08,Miércoles,0.0,trail running,Infantil,29,27,Cervera,,Lleida
championsxip,26È CROS DE MALGRAT,2021-12-08,Miércoles,0.0,trail running,Infantil,24,35,Cervera,,Lleida
championsxip,26È CROS DE MALGRAT,2021-12-08,Miércoles,0.0,trail running,Infantil,27,40,Cervera,,Lleida
championsxip,24 HORES ULTRAFONS EN PISTA,2021-12-11,Sábado,0.0,road running,Absoluta/General,0,0,Mota del Cuervo,,Cuenca
championsxip,24 HORES ULTRAFONS EN PISTA,2021-12-11,Sábado,0.0,road running,Absoluta/General,0,0,Mota del Cuervo,,Cuenca
championsxip,24 HORES ULTRAFONS EN PISTA,2021-12-11,Sábado,0.0,road running,Absoluta/General,0,0,Mota del Cuervo,,Cuenca
championsxip,CURSA EL PONT DE VILOMARA I ROCAFORT,2021-12-12,Domingo,10.0,trail running,Absoluta/General,48,161,el Pont de Vilomara i Rocafort,,Barcelona
championsxip,CURSA EL PONT DE VILOMARA I ROCAFORT,2021-12-12,Domingo,5.0,trail running,Absoluta/General,14,20,el Pont de Vilomara i Rocafort,,Barcelona
championsxip,CURSA EL PONT DE VILOMARA I ROCAFORT,2021-12-12,Domingo,0.0,trail running,Absoluta/General,31,30,el Pont de Vilomara i Rocafort,,Barcelona
championsxip,CURSA EL PONT DE VILOMARA I ROCAFORT,2021-12-12,Domingo,0.0,trail running,Absoluta/General,7,13,el Pont de Vilomara i Rocafort,,Barcelona
championsxip,LA SANSI 14 VILADECANS,2021-12-12,Domingo,10.0,road running,Absoluta/General,143,413,Barcelona,Barcelonès,Catalunya
championsxip,LA SANSI 14 VILADECANS,2021-12-12,Domingo,5.0,road running,Absoluta/General,0,30,Barcelona,Barcelonès,Catalunya
championsxip,51È CROS CIUTAT DE MATARÓ,2021-12-12,Domingo,0.0,road running,Infantil,14,0,Mataró,,Barcelona
championsxip,51È CROS CIUTAT DE MATARÓ,2021-12-12,Domingo,0.0,road running,Infantil,0,16,Mataró,,Barcelona
championsxip,51È CROS CIUTAT DE MATARÓ,2021-12-12,Domingo,0.0,road running,Infantil,8,0,Mataró,,Barcelona
championsxip,51È CROS CIUTAT DE MATARÓ,2021-12-12,Domingo,0.0,road running,Infantil,0,16,Mataró,,Barcelona
championsxip,51È CROS CIUTAT DE MATARÓ,2021-12-12,Domingo,0.0,road running,Mayores/Veteranos,7,0,Mataró,,Barcelona
championsxip,51È CROS CIUTAT DE MATARÓ,2021-12-12,Domingo,0.0,road running,Mayores/Veteranos,0,25,Mataró,,Barcelona
championsxip,51È CROS CIUTAT DE MATARÓ,2021-12-12,Domingo,0.0,road running,Infantil,0,0,Mataró,,Barcelona
championsxip,51È CROS CIUTAT DE MATARÓ,2021-12-12,Domingo,0.0,road running,Infantil,0,6,Mataró,,Barcelona
championsxip,51È CROS CIUTAT DE MATARÓ,2021-12-12,Domingo,0.0,road running,Infantil,23,0,Mataró,,Barcelona
championsxip,51È CROS CIUTAT DE MATARÓ,2021-12-12,Domingo,0.0,road running,Infantil,0,13,Mataró,,Barcelona
championsxip,51È CROS CIUTAT DE MATARÓ,2021-12-12,Domingo,0.0,road running,Infantil,9,0,Mataró,,Barcelona
championsxip,51È CROS CIUTAT DE MATARÓ,2021-12-12,Domingo,0.0,road running,Infantil,0,19,Mataró,,Barcelona
championsxip,51È CROS CIUTAT DE MATARÓ,2021-12-12,Domingo,0.0,road running,Infantil,12,13,Mataró,,Barcelona
championsxip,TRANSPLANT RUN - L'HOSPITALET,2021-12-18,Sábado,5.0,road running,Absoluta/General,0,30,l'Hospitalet de Llobregat,Barcelonès,Catalunya
championsxip,43A CURSA POPULAR DE LA SAGRERA,2021-12-19,Domingo,10.0,road running,Absoluta/General,0,30,Barcelona,,Barcelona
championsxip,43A CURSA POPULAR DE LA SAGRERA,2021-12-19,Domingo,5.0,road running,Absoluta/General,79,131,Barcelona,,Barcelona
championsxip,MITJA MARATÓ CIUTAT DE VILANOVA,2021-12-19,Domingo,21.0,road running,Absoluta/General,0,30,Vilanova i la Geltrú,,Barcelona
championsxip,MITJA MARATÓ CIUTAT DE VILANOVA,2021-12-19,Domingo,10.5,road running,Absoluta/General,148,223,Vilanova i la Geltrú,,Barcelona
championsxip,LA CURSA DE LA UAB - LA MARATÓ DE TV3,2021-12-19,Domingo,11.6,road running,Absoluta/General,65,182,Sant Joan Despí,Baix Llobregat,Catalunya
championsxip,LA CURSA DE LA UAB - LA MARATÓ DE TV3,2021-12-19,Domingo,6.7,road running,Absoluta/General,109,111,Sant Joan Despí,Baix Llobregat,Catalunya
championsxip,XV CROS DE SANTS-MONTJUIC,2021-12-19,Domingo,0.0,trail running,Infantil,3,9,Barcelona,,Barcelona
championsxip,XV CROS DE SANTS-MONTJUIC,2021-12-19,Domingo,0.0,trail running,Infantil,6,6,Barcelona,,Barcelona
championsxip,XV CROS DE SANTS-MONTJUIC,2021-12-19,Domingo,0.0,trail running,Infantil,5,5,Barcelona,,Barcelona
championsxip,XV CROS DE SANTS-MONTJUIC,2021-12-19,Domingo,0.0,trail running,Infantil,11,10,Barcelona,,Barcelona
championsxip,XV CROS DE SANTS-MONTJUIC,2021-12-19,Domingo,0.0,trail running,Infantil,16,8,Barcelona,,Barcelona
championsxip,XV CROS DE SANTS-MONTJUIC,2021-12-19,Domingo,0.0,trail running,Infantil,13,26,Barcelona,,Barcelona
championsxip,XV CROS DE SANTS-MONTJUIC,2021-12-19,Domingo,0.0,trail running,Infantil,15,25,Barcelona,,Barcelona
championsxip,XV CROS DE SANTS-MONTJUIC,2021-12-19,Domingo,0.0,trail running,Infantil,21,30,Barcelona,,Barcelona
championsxip,XV CROS DE SANTS-MONTJUIC,2021-12-19,Domingo,0.0,trail running,Infantil,11,23,Barcelona,,Barcelona
championsxip,XV CROS DE SANTS-MONTJUIC,2021-12-19,Domingo,0.0,trail running,Infantil,6,24,Barcelona,,Barcelona
championsxip,XV CROS DE SANTS-MONTJUIC,2021-12-19,Domingo,0.0,trail running,Infantil,4,8,Barcelona,,Barcelona
championsxip,XV CROS DE SANTS-MONTJUIC,2021-12-19,Domingo,0.0,trail running,Infantil,7,6,Barcelona,,Barcelona
championsxip,"XXXIX PUJADA AL CASTELL, XXXVIII CURSA DEL CAPÓ...",2021-12-19,Domingo,10.0,road running,Absoluta/General,33,106,Vegaviana,,Cáceres
championsxip,"XXXIX PUJADA AL CASTELL, XXXVIII CURSA DEL CAPÓ...",2021-12-19,Domingo,5.0,road running,Absoluta/General,46,72,Vegaviana,,Cáceres
championsxip,13È CROS D’ALELLA,2021-12-19,Domingo,0.0,trail running,Infantil,9,19,Alella,,Barcelona
championsxip,13È CROS D’ALELLA,2021-12-19,Domingo,0.0,trail running,Infantil,17,33,Alella,,Barcelona
championsxip,13È CROS D’ALELLA,2021-12-19,Domingo,0.0,trail running,Infantil,17,23,Alella,,Barcelona
championsxip,13È CROS D’ALELLA,2021-12-19,Domingo,0.0,trail running,Infantil,14,28,Alella,,Barcelona
championsxip,13È CROS D’ALELLA,2021-12-19,Domingo,0.0,trail running,Infantil,17,27,Alella,,Barcelona
championsxip,13È CROS D’ALELLA,2021-12-19,Domingo,0.0,trail running,Mayores/Veteranos,21,71,Alella,,Barcelona
championsxip,13È CROS D’ALELLA,2021-12-19,Domingo,0.0,trail running,Absoluta/General,14,29,Alella,,Barcelona
championsxip,SANT SILVESTRE DEL MASNOU,2021-12-26,Domingo,5.0,road running,Absoluta/General,0,30,el Masnou,Maresme,Catalunya
championsxip,CURSA DE LA DONA 3 VILES,2021-12-31,Viernes,10.0,road running,Absoluta/General,44,47,Lorca,Alto Guadalentín,Región de Murcia
championsxip,CURSA DE LA DONA 3 VILES,2021-12-31,Viernes,5.0,road running,Absoluta/General,66,36,Lorca,Alto Guadalentín,Región de Murcia
championsxip,SANT SILVESTRE BADALONA GRAN PREMI HYUNDAI MOTO...,2021-12-31,Viernes,5.0,road running,Absoluta/General,140,220,,,
championsxip,SANT SILVESTRE BADALONA GRAN PREMI HYUNDAI MOTO...,2021-12-31,Viernes,10.0,road running,Absoluta/General,0,30,,,
championsxip,10A CURSA DE CAP D’ANY DE SABADELL,2021-12-31,Viernes,5.0,road running,Absoluta/General,318,684,Sabadell,Vallès Occidental,Catalunya
championsxip,CURSA DELS NASSOS - BARCELONA,2021-12-31,Viernes,10.0,road running,Absoluta/General,0,30,Barcelona,Barcelonès,Catalunya
championsxip,CURSA DELS NASSOS - BARCELONA,2021-12-31,Viernes,5.0,road running,Absoluta/General,11,27,Barcelona,Barcelonès,Catalunya
championsxip,CURSA DELS NASSOS - BARCELONA,2021-12-31,Viernes,0.0,road running,Absoluta/General,0,5,Barcelona,Barcelonès,Catalunya
championsxip,7A CURSA SOLIDÀRIA DE REIS - CORNELLÀ DE LLOBREGAT,2022-01-09,Domingo,5.0,road running,Absoluta/General,0,30,Cornellà de Llobregat,Baix Llobregat,Catalunya
championsxip,5È CROS DE PINEDA DE MAR,2022-01-15,Sábado,0.0,trail running,Mayores/Veteranos,15,59,Pineda de Mar,,Barcelona
championsxip,5È CROS DE PINEDA DE MAR,2022-01-15,Sábado,0.0,trail running,Infantil,7,12,Pineda de Mar,,Barcelona
championsxip,5È CROS DE PINEDA DE MAR,2022-01-15,Sábado,0.0,trail running,Infantil,13,30,Pineda de Mar,,Barcelona
championsxip,5È CROS DE PINEDA DE MAR,2022-01-15,Sábado,0.0,trail running,Absoluta/General,9,26,Pineda de Mar,,Barcelona
championsxip,5È CROS DE PINEDA DE MAR,2022-01-15,Sábado,0.0,trail running,Infantil,25,31,Pineda de Mar,,Barcelona
championsxip,5È CROS DE PINEDA DE MAR,2022-01-15,Sábado,0.0,trail running,Infantil,21,28,Pineda de Mar,,Barcelona
championsxip,5È CROS DE PINEDA DE MAR,2022-01-15,Sábado,0.0,trail running,Infantil,33,41,Pineda de Mar,,Barcelona
championsxip,CINC CIMS CORBERA DE LLOBREGAT,2022-01-16,Domingo,27.0,trail running,Absoluta/General,71,415,Corbera de Llobregat,Baix Llobregat,Catalunya
championsxip,CINC CIMS CORBERA DE LLOBREGAT,2022-01-16,Domingo,10.0,trail running,Absoluta/General,86,150,Corbera de Llobregat,Baix Llobregat,Catalunya
championsxip,MITJA MARATÓ DE SITGES,2022-01-16,Domingo,21.097,road running,Absoluta/General,0,60,Sitges,,Barcelona
championsxip,MITJA MARATÓ DE SITGES,2022-01-16,Domingo,10.0,road running,Absoluta/General,241,362,Sitges,,Barcelona
championsxip,CURSA BARRI DE SANT ANTONI,2022-01-16,Domingo,10.0,road running,Absoluta/General,0,30,Alacant / Alicante,,Alacant / Alicante
championsxip,CURSA BARRI DE SANT ANTONI,2022-01-16,Domingo,0.0,road running,Infantil,20,24,Alacant / Alicante,,Alacant / Alicante
championsxip,CURSA BARRI DE SANT ANTONI,2022-01-16,Domingo,0.0,road running,Infantil,32,53,Alacant / Alicante,,Alacant / Alicante
championsxip,CURSA BARRI DE SANT ANTONI,2022-01-16,Domingo,0.0,road running,Infantil,25,45,Alacant / Alicante,,Alacant / Alicante
championsxip,MITJA DE TERRASSA,2022-01-23,Domingo,21.097,road running,Absoluta/General,91,655,Terrassa,,Barcelona
championsxip,MITJA DE TERRASSA,2022-01-23,Domingo,5.0,road running,Absoluta/General,169,226,Terrassa,,Barcelona
championsxip,XVIII CROS DE LES CORTS,2022-01-23,Domingo,0.0,trail running,Infantil,8,5,Barcelona,,Barcelona
championsxip,XVIII CROS DE LES CORTS,2022-01-23,Domingo,0.0,trail running,Infantil,5,7,Barcelona,,Barcelona
championsxip,XVIII CROS DE LES CORTS,2022-01-23,Domingo,0.0,trail running,Infantil,10,9,Barcelona,,Barcelona
championsxip,XVIII CROS DE LES CORTS,2022-01-23,Domingo,0.0,trail running,Infantil,14,21,Barcelona,,Barcelona
championsxip,XVIII CROS DE LES CORTS,2022-01-23,Domingo,0.0,trail running,Infantil,25,11,Barcelona,,Barcelona
championsxip,XVIII CROS DE LES CORTS,2022-01-23,Domingo,0.0,trail running,Infantil,23,24,Barcelona,,Barcelona
championsxip,XVIII CROS DE LES CORTS,2022-01-23,Domingo,0.0,trail running,Infantil,18,25,Barcelona,,Barcelona
championsxip,XVIII CROS DE LES CORTS,2022-01-23,Domingo,0.0,trail running,Infantil,19,33,Barcelona,,Barcelona
championsxip,XVIII CROS DE LES CORTS,2022-01-23,Domingo,0.0,trail running,Infantil,21,23,Barcelona,,Barcelona
championsxip,XVIII CROS DE LES CORTS,2022-01-23,Domingo,0.0,trail running,Infantil,10,16,Barcelona,,Barcelona
championsxip,XVIII CROS DE LES CORTS,2022-01-23,Domingo,0.0,trail running,Infantil,7,7,Barcelona,,Barcelona
championsxip,XVIII CROS DE LES CORTS,2022-01-23,Domingo,0.0,trail running,Infantil,7,7,Barcelona,,Barcelona
championsxip,28È CROS CIUTAT DE CALELLA,2022-01-29,Sábado,0.0,trail running,Absoluta/General,8,22,Calella,,Barcelona
championsxip,28È CROS CIUTAT DE CALELLA,2022-01-29,Sábado,0.0,trail running,Mayores/Veteranos,18,52,Calella,,Barcelona
championsxip,28È CROS CIUTAT DE CALELLA,2022-01-29,Sábado,0.0,trail running,Infantil,5,13,Calella,,Barcelona
championsxip,28È CROS CIUTAT DE CALELLA,2022-01-29,Sábado,0.0,trail running,Infantil,12,21,Calella,,Barcelona
championsxip,28È CROS CIUTAT DE CALELLA,2022-01-29,Sábado,0.0,trail running,Infantil,27,27,Calella,,Barcelona
championsxip,28È CROS CIUTAT DE CALELLA,2022-01-29,Sábado,0.0,trail running,Infantil,18,30,Calella,,Barcelona
championsxip,28È CROS CIUTAT DE CALELLA,2022-01-29,Sábado,0.0,trail running,Infantil,29,36,Calella,,Barcelona
championsxip,XXIII CURSA SANT VICENÇ MOLLET DEL VALLÈS,2022-01-30,Domingo,10.0,road running,Absoluta/General,0,30,Mollet del Vallès,,Barcelona
championsxip,XXIII CURSA SANT VICENÇ MOLLET DEL VALLÈS,2022-01-30,Domingo,5.0,road running,Absoluta/General,62,75,Mollet del Vallès,,Barcelona
championsxip,MITJA MARATÓ DE GRANOLLERS - LA MITJA,2022-02-06,Domingo,21.0,road running,Absoluta/General,476,2020,Novelda,el Vinalopó Mitjà / El Vinalopó Medio,Comunitat Valenciana
championsxip,MITJA MARATÓ DE GRANOLLERS - LA MITJA,2022-02-06,Domingo,10.0,road running,Absoluta/General,171,318,Novelda,el Vinalopó Mitjà / El Vinalopó Medio,Comunitat Valenciana
championsxip,MITJA MARATÓ DE GRANOLLERS - LA MITJA,2022-02-06,Domingo,5.0,road running,Absoluta/General,97,101,Novelda,el Vinalopó Mitjà / El Vinalopó Medio,Comunitat Valenciana
championsxip,1R CROS SANT CEBRIÀ DE VALLALTA,2022-02-12,Sábado,0.0,trail running,Mayores/Veteranos,13,42,Sant Cebrià de Vallalta,,Barcelona
championsxip,1R CROS SANT CEBRIÀ DE VALLALTA,2022-02-12,Sábado,0.0,trail running,Infantil,9,11,Sant Cebrià de Vallalta,,Barcelona
championsxip,1R CROS SANT CEBRIÀ DE VALLALTA,2022-02-12,Sábado,0.0,trail running,Infantil,11,28,Sant Cebrià de Vallalta,,Barcelona
championsxip,1R CROS SANT CEBRIÀ DE VALLALTA,2022-02-12,Sábado,0.0,trail running,Absoluta/General,9,32,Sant Cebrià de Vallalta,,Barcelona
championsxip,1R CROS SANT CEBRIÀ DE VALLALTA,2022-02-12,Sábado,0.0,trail running,Infantil,22,29,Sant Cebrià de Vallalta,,Barcelona
championsxip,1R CROS SANT CEBRIÀ DE VALLALTA,2022-02-12,Sábado,0.0,trail running,Infantil,23,29,Sant Cebrià de Vallalta,,Barcelona
championsxip,1R CROS SANT CEBRIÀ DE VALLALTA,2022-02-12,Sábado,0.0,trail running,Infantil,25,37,Sant Cebrià de Vallalta,,Barcelona
championsxip,BOTIFARUNNER LA LLACUNA,2022-02-20,Domingo,21.5,trail running,Absoluta/General,10,38,la Llacuna,Anoia,Catalunya
championsxip,BOTIFARUNNER LA LLACUNA,2022-02-20,Domingo,12.0,trail running,Absoluta/General,28,74,la Llacuna,Anoia,Catalunya
championsxip,BOTIFARUNNER LA LLACUNA,2022-02-20,Domingo,2.5,trail running,Absoluta/General,20,15,la Llacuna,Anoia,Catalunya
championsxip,CROS DE L’EIXAMPLE,2022-02-20,Domingo,0.0,trail running,Infantil,0,6,Barcelona,,Barcelona
championsxip,CROS DE L’EIXAMPLE,2022-02-20,Domingo,0.0,trail running,Infantil,3,6,Barcelona,,Barcelona
championsxip,CROS DE L’EIXAMPLE,2022-02-20,Domingo,0.0,trail running,Infantil,3,8,Barcelona,,Barcelona
championsxip,CROS DE L’EIXAMPLE,2022-02-20,Domingo,0.0,trail running,Infantil,10,15,Barcelona,,Barcelona
championsxip,CROS DE L’EIXAMPLE,2022-02-20,Domingo,0.0,trail running,Infantil,18,11,Barcelona,,Barcelona
championsxip,CROS DE L’EIXAMPLE,2022-02-20,Domingo,0.0,trail running,Infantil,16,25,Barcelona,,Barcelona
championsxip,CROS DE L’EIXAMPLE,2022-02-20,Domingo,0.0,trail running,Infantil,21,32,Barcelona,,Barcelona
championsxip,CROS DE L’EIXAMPLE,2022-02-20,Domingo,0.0,trail running,Infantil,24,32,Barcelona,,Barcelona
championsxip,CROS DE L’EIXAMPLE,2022-02-20,Domingo,0.0,trail running,Infantil,18,29,Barcelona,,Barcelona
championsxip,CROS DE L’EIXAMPLE,2022-02-20,Domingo,0.0,trail running,Infantil,6,18,Barcelona,,Barcelona
championsxip,CROS DE L’EIXAMPLE,2022-02-20,Domingo,0.0,trail running,Infantil,19,24,Barcelona,,Barcelona
championsxip,X CURSA BENÈFICA MALALTIES MINORITÀRIES,2022-02-27,Domingo,10.0,road running,Absoluta/General,0,30,Barcelona,Barcelonès,Catalunya
championsxip,X CURSA BENÈFICA MALALTIES MINORITÀRIES,2022-02-27,Domingo,5.0,road running,Absoluta/General,151,151,Barcelona,Barcelonès,Catalunya
championsxip,CURSA MUNTANYA DEL FARELL,2022-02-27,Domingo,12.3,trail running,Absoluta/General,86,281,Caldes de Montbui,Vallès Oriental,Catalunya
championsxip,CURSA DE LA DONA SANTA COLOMA DE GRAMENET,2022-03-12,Sábado,5.0,road running,Absoluta/General,0,30,Santa Coloma de Gramenet,,Barcelona
championsxip,"UNIRUN, LA CURSA DE LES UNIVERSITATS",2022-03-13,Domingo,5.0,road running,Absoluta/General,0,30,Muro,Pla de Mallorca,Illes Balears
championsxip,TRAIL DE LLORET DE MAR,2022-03-13,Domingo,14.0,trail running,Absoluta/General,69,184,Lloret de Mar,,Girona
championsxip,TRAIL DE LLORET DE MAR,2022-03-13,Domingo,5.0,trail running,Absoluta/General,55,67,Lloret de Mar,,Girona
championsxip,TRAIL DE LLORET DE MAR,2022-03-13,Domingo,22.0,trail running,Absoluta/General,35,108,Lloret de Mar,,Girona
championsxip,II TRAIL DE LA DONA RURAL,2022-03-13,Domingo,20.0,trail running,Absoluta/General,9,17,Ibeas de Juarros,,Castilla y León
championsxip,II TRAIL DE LA DONA RURAL,2022-03-13,Domingo,12.0,trail running,Absoluta/General,15,16,Ibeas de Juarros,,Castilla y León
championsxip,CROS ESCOLAR CIUTAT VELLA,2022-03-13,Domingo,0.0,trail running,Infantil,3,5,Sollana,,València / Valencia
championsxip,CROS ESCOLAR CIUTAT VELLA,2022-03-13,Domingo,0.0,trail running,Infantil,1,5,Sollana,,València / Valencia
championsxip,CROS ESCOLAR CIUTAT VELLA,2022-03-13,Domingo,0.0,trail running,Infantil,3,5,Sollana,,València / Valencia
championsxip,CROS ESCOLAR CIUTAT VELLA,2022-03-13,Domingo,0.0,trail running,Infantil,9,14,Sollana,,València / Valencia
championsxip,CROS ESCOLAR CIUTAT VELLA,2022-03-13,Domingo,0.0,trail running,Infantil,12,12,Sollana,,València / Valencia
championsxip,CROS ESCOLAR CIUTAT VELLA,2022-03-13,Domingo,0.0,trail running,Infantil,12,24,Sollana,,València / Valencia
championsxip,CROS ESCOLAR CIUTAT VELLA,2022-03-13,Domingo,0.0,trail running,Infantil,20,27,Sollana,,València / Valencia
championsxip,CROS ESCOLAR CIUTAT VELLA,2022-03-13,Domingo,0.0,trail running,Infantil,21,35,Sollana,,València / Valencia
championsxip,CROS ESCOLAR CIUTAT VELLA,2022-03-13,Domingo,0.0,trail running,Infantil,19,26,Sollana,,València / Valencia
championsxip,CROS ESCOLAR CIUTAT VELLA,2022-03-13,Domingo,0.0,trail running,Infantil,5,22,Sollana,,València / Valencia
championsxip,CROS ESCOLAR CIUTAT VELLA,2022-03-13,Domingo,0.0,trail running,Infantil,10,15,Sollana,,València / Valencia
championsxip,III CURSA CORRE EN GRAN!,2022-03-20,Domingo,10.0,road running,Absoluta/General,38,118,Hinojosa de Duero,,Salamanca
championsxip,III CURSA CORRE EN GRAN!,2022-03-20,Domingo,5.0,road running,Absoluta/General,79,78,Hinojosa de Duero,,Salamanca
championsxip,MITJA MARATÓ COLOMENCA I 10K,2022-03-20,Domingo,21.097,road running,Absoluta/General,0,60,Santa Coloma de Gramenet,,Barcelona
championsxip,MITJA MARATÓ COLOMENCA I 10K,2022-03-20,Domingo,10.0,road running,Absoluta/General,74,216,Santa Coloma de Gramenet,,Barcelona
championsxip,XVII MARATÓ DEL MEDITERRANI:,2022-03-20,Domingo,21.097,road running,Absoluta/General,0,30,Barcelona,,Barcelona
championsxip,XVII MARATÓ DEL MEDITERRANI:,2022-03-20,Domingo,10.0,road running,Absoluta/General,0,30,Barcelona,,Barcelona
championsxip,XVII MARATÓ DEL MEDITERRANI:,2022-03-20,Domingo,5.0,road running,Absoluta/General,160,132,Barcelona,,Barcelona
championsxip,CURSA CIENTÍFICA SANT PAU,2022-03-26,Sábado,5.0,road running,Absoluta/General,49,79,València,Comarca de València,Comunitat Valenciana
championsxip,PONLE FRENO BADALONA,2022-03-27,Domingo,10.0,road running,Absoluta/General,95,322,,,
championsxip,PONLE FRENO BADALONA,2022-03-27,Domingo,5.0,road running,Absoluta/General,169,190,,,
championsxip,CORRE PER UNA CAUSA - CORNELLÀ,2022-04-03,Domingo,10.0,road running,Absoluta/General,0,30,Cornellà de Llobregat,Baix Llobregat,Catalunya
championsxip,CORRE PER UNA CAUSA - CORNELLÀ,2022-04-03,Domingo,5.0,road running,Absoluta/General,46,75,Cornellà de Llobregat,Baix Llobregat,Catalunya
championsxip,FINAL NACIONAL CROS ESCOLAR 2022,2022-04-03,Domingo,0.0,trail running,Infantil,4,16,,,
championsxip,FINAL NACIONAL CROS ESCOLAR 2022,2022-04-03,Domingo,0.0,trail running,Infantil,18,0,,,
championsxip,FINAL NACIONAL CROS ESCOLAR 2022,2022-04-03,Domingo,0.0,trail running,Infantil,66,0,,,
championsxip,FINAL NACIONAL CROS ESCOLAR 2022,2022-04-03,Domingo,0.0,trail running,Absoluta/General,39,0,,,
championsxip,FINAL NACIONAL CROS ESCOLAR 2022,2022-04-03,Domingo,0.0,trail running,Absoluta/General,0,44,,,
championsxip,FINAL NACIONAL CROS ESCOLAR 2022,2022-04-03,Domingo,0.0,trail running,Absoluta/General,41,0,,,
championsxip,FINAL NACIONAL CROS ESCOLAR 2022,2022-04-03,Domingo,0.0,trail running,Absoluta/General,0,45,,,
championsxip,FINAL NACIONAL CROS ESCOLAR 2022,2022-04-03,Domingo,0.0,trail running,Absoluta/General,26,0,,,
championsxip,FINAL NACIONAL CROS ESCOLAR 2022,2022-04-03,Domingo,0.0,trail running,Absoluta/General,0,39,,,
championsxip,FINAL NACIONAL CROS ESCOLAR 2022,2022-04-03,Domingo,0.0,trail running,Absoluta/General,34,0,,,
championsxip,FINAL NACIONAL CROS ESCOLAR 2022,2022-04-03,Domingo,0.0,trail running,Absoluta/General,0,34,,,
championsxip,FINAL NACIONAL CROS ESCOLAR 2022,2022-04-03,Domingo,0.0,trail running,Infantil,38,0,,,
championsxip,FINAL NACIONAL CROS ESCOLAR 2022,2022-04-03,Domingo,0.0,trail running,Infantil,0,39,,,
championsxip,FINAL NACIONAL CROS ESCOLAR 2022,2022-04-03,Domingo,0.0,trail running,Infantil,21,0,,,
championsxip,FINAL NACIONAL CROS ESCOLAR 2022,2022-04-03,Domingo,0.0,trail running,Infantil,0,29,,,
championsxip,FINAL NACIONAL CROS ESCOLAR 2022,2022-04-03,Domingo,0.0,trail running,Infantil,0,32,,,
championsxip,FINAL NACIONAL CROS ESCOLAR 2022,2022-04-03,Domingo,0.0,trail running,Infantil,0,60,,,
championsxip,CURSA DE LA SANITAT CATALANA,2022-04-08,Viernes,10.0,trail running,Absoluta/General,54,118,,,
championsxip,CURSA DE LA SANITAT CATALANA,2022-04-08,Viernes,5.5,trail running,Absoluta/General,88,63,,,
championsxip,32ENA CURSA CALDES D'ESTRAC 3 VILES,2022-04-10,Domingo,10.0,road running,Absoluta/General,0,30,Lorca,Alto Guadalentín,Región de Murcia
championsxip,11A MARATÓ PER EQUIPS/ ELS 7K DEL RIU,2022-04-24,Domingo,7.0,road running,Equipos,38,90,Castellar del Riu,Berguedà,Catalunya
championsxip,11A MARATÓ PER EQUIPS/ ELS 7K DEL RIU,2022-04-24,Domingo,0.0,road running,Equipos,0,30,Castellar del Riu,Berguedà,Catalunya
championsxip,1A CURSA SOLIDÀRIA MOSSOS D'ESQUADRA BADALONA,2022-04-24,Domingo,5.0,road running,Absoluta/General,0,31,Badalona,,Barcelona
championsxip,1A CURSA SOLIDÀRIA MOSSOS D'ESQUADRA BADALONA,2022-04-24,Domingo,0.0,road running,Absoluta/General,0,0,Badalona,,Barcelona
championsxip,CROS ESCOLAR NOU BARRIS,2022-04-24,Domingo,0.0,trail running,Infantil,3,6,Barcelona,,Barcelona
championsxip,CROS ESCOLAR NOU BARRIS,2022-04-24,Domingo,0.0,trail running,Infantil,6,7,Barcelona,,Barcelona
championsxip,CROS ESCOLAR NOU BARRIS,2022-04-24,Domingo,0.0,trail running,Infantil,4,8,Barcelona,,Barcelona
championsxip,CROS ESCOLAR NOU BARRIS,2022-04-24,Domingo,0.0,trail running,Infantil,14,18,Barcelona,,Barcelona
championsxip,CROS ESCOLAR NOU BARRIS,2022-04-24,Domingo,0.0,trail running,Infantil,17,11,Barcelona,,Barcelona
championsxip,CROS ESCOLAR NOU BARRIS,2022-04-24,Domingo,0.0,trail running,Infantil,20,27,Barcelona,,Barcelona
championsxip,CROS ESCOLAR NOU BARRIS,2022-04-24,Domingo,0.0,trail running,Infantil,20,42,Barcelona,,Barcelona
championsxip,CROS ESCOLAR NOU BARRIS,2022-04-24,Domingo,0.0,trail running,Infantil,22,33,Barcelona,,Barcelona
championsxip,CROS ESCOLAR NOU BARRIS,2022-04-24,Domingo,0.0,trail running,Infantil,18,40,Barcelona,,Barcelona
championsxip,CROS ESCOLAR NOU BARRIS,2022-04-24,Domingo,0.0,trail running,Infantil,4,23,Barcelona,,Barcelona
championsxip,CROS ESCOLAR NOU BARRIS,2022-04-24,Domingo,0.0,trail running,Infantil,9,16,Barcelona,,Barcelona
championsxip,CURSA MEDIJOCS,2022-04-30,Sábado,0.0,trail running,Absoluta/General,68,92,,,
championsxip,CURSA MEDIJOCS,2022-04-30,Sábado,0.0,trail running,Infantil,6,13,,,
championsxip,CURSA DE LES TORTUGUES DE LA GARRIGA,2022-05-01,Domingo,14.0,trail running,Absoluta/General,0,30,la Garriga,Vallès Oriental,Catalunya
championsxip,CURSA DE LES TORTUGUES DE LA GARRIGA,2022-05-01,Domingo,7.0,trail running,Absoluta/General,52,84,la Garriga,Vallès Oriental,Catalunya
championsxip,25A MILLA URBANA DE RIPOLLET,2022-05-07,Sábado,0.0,road running,Infantil,0,14,Ripollet,,Barcelona
championsxip,25A MILLA URBANA DE RIPOLLET,2022-05-07,Sábado,0.0,road running,Infantil,6,0,Ripollet,,Barcelona
championsxip,25A MILLA URBANA DE RIPOLLET,2022-05-07,Sábado,0.0,road running,Infantil,0,21,Ripollet,,Barcelona
championsxip,25A MILLA URBANA DE RIPOLLET,2022-05-07,Sábado,0.0,road running,Infantil,16,0,Ripollet,,Barcelona
championsxip,25A MILLA URBANA DE RIPOLLET,2022-05-07,Sábado,0.0,road running,Infantil,13,0,Ripollet,,Barcelona
championsxip,25A MILLA URBANA DE RIPOLLET,2022-05-07,Sábado,0.0,road running,Infantil,0,17,Ripollet,,Barcelona
championsxip,25A MILLA URBANA DE RIPOLLET,2022-05-07,Sábado,0.0,road running,Infantil,14,8,Ripollet,,Barcelona
championsxip,25A MILLA URBANA DE RIPOLLET,2022-05-07,Sábado,0.0,road running,Infantil,7,7,Ripollet,,Barcelona
championsxip,25A MILLA URBANA DE RIPOLLET,2022-05-07,Sábado,0.0,road running,Infantil,2,0,Ripollet,,Barcelona
championsxip,25A MILLA URBANA DE RIPOLLET,2022-05-07,Sábado,0.0,road running,Infantil,0,8,Ripollet,,Barcelona
championsxip,25A MILLA URBANA DE RIPOLLET,2022-05-07,Sábado,0.0,road running,Mayores/Veteranos,12,0,Ripollet,,Barcelona
championsxip,25A MILLA URBANA DE RIPOLLET,2022-05-07,Sábado,0.0,road running,Mayores/Veteranos,0,39,Ripollet,,Barcelona
championsxip,25A MILLA URBANA DE RIPOLLET,2022-05-07,Sábado,0.0,road running,Infantil,3,0,Ripollet,,Barcelona
championsxip,25A MILLA URBANA DE RIPOLLET,2022-05-07,Sábado,0.0,road running,Infantil,0,14,Ripollet,,Barcelona
championsxip,CURSA DELTA PRAT,2022-05-08,Domingo,10.0,road running,Absoluta/General,0,30,el Prat de Llobregat,,Barcelona
championsxip,CURSA DELTA PRAT,2022-05-08,Domingo,5.0,road running,Absoluta/General,0,30,el Prat de Llobregat,,Barcelona
championsxip,CURSA DELTA PRAT,2022-05-08,Domingo,0.0,road running,Absoluta/General,9,20,el Prat de Llobregat,,Barcelona
championsxip,CURSA DELTA PRAT,2022-05-08,Domingo,0.0,road running,Absoluta/General,10,21,el Prat de Llobregat,,Barcelona
championsxip,CURSA DELTA PRAT,2022-05-08,Domingo,0.0,road running,Absoluta/General,11,25,el Prat de Llobregat,,Barcelona
championsxip,CURSA SOLIDÀRIA DE CARDEDEU,2022-05-08,Domingo,10.0,trail running,Absoluta/General,97,189,Cardedeu,,Barcelona
championsxip,CURSA SOLIDÀRIA DE CARDEDEU,2022-05-08,Domingo,21.0,trail running,Absoluta/General,11,56,Cardedeu,,Barcelona
championsxip,12A CURSA NOCTURNA DE L'HOSPITALET,2022-05-14,Sábado,10.0,road running,Absoluta/General,402,1033,l'Hospitalet de Llobregat,,Barcelona
championsxip,12A CURSA NOCTURNA DE L'HOSPITALET,2022-05-14,Sábado,5.0,road running,Absoluta/General,664,688,l'Hospitalet de Llobregat,,Barcelona
championsxip,PUJADA TIBIDABO CEG,2022-05-15,Domingo,0.0,trail running,Absoluta/General,39,83,,,
championsxip,CURSA POPULAR ILLA CARLEMANY,2022-05-15,Domingo,5.0,road running,Absoluta/General,359,337,,,
championsxip,CURSA POPULAR ILLA CARLEMANY,2022-05-15,Domingo,2.0,road running,Absoluta/General,437,406,,,
championsxip,CURSA POPULAR ILLA CARLEMANY,2022-05-15,Domingo,2.0,road running,Infantil,303,312,,,
championsxip,XI CROS ESCOLAR DE SANT ANDREU,2022-05-15,Domingo,0.0,trail running,Infantil,1,3,Barcelona,,Barcelona
championsxip,XI CROS ESCOLAR DE SANT ANDREU,2022-05-15,Domingo,0.0,trail running,Infantil,3,5,Barcelona,,Barcelona
championsxip,XI CROS ESCOLAR DE SANT ANDREU,2022-05-15,Domingo,0.0,trail running,Infantil,2,6,Barcelona,,Barcelona
championsxip,XI CROS ESCOLAR DE SANT ANDREU,2022-05-15,Domingo,0.0,trail running,Infantil,5,12,Barcelona,,Barcelona
championsxip,XI CROS ESCOLAR DE SANT ANDREU,2022-05-15,Domingo,0.0,trail running,Infantil,9,9,Barcelona,,Barcelona
championsxip,XI CROS ESCOLAR DE SANT ANDREU,2022-05-15,Domingo,0.0,trail running,Infantil,14,17,Barcelona,,Barcelona
championsxip,XI CROS ESCOLAR DE SANT ANDREU,2022-05-15,Domingo,0.0,trail running,Infantil,13,26,Barcelona,,Barcelona
championsxip,XI CROS ESCOLAR DE SANT ANDREU,2022-05-15,Domingo,0.0,trail running,Infantil,24,23,Barcelona,,Barcelona
championsxip,XI CROS ESCOLAR DE SANT ANDREU,2022-05-15,Domingo,0.0,trail running,Infantil,17,22,Barcelona,,Barcelona
championsxip,XI CROS ESCOLAR DE SANT ANDREU,2022-05-15,Domingo,0.0,trail running,Infantil,4,20,Barcelona,,Barcelona
championsxip,XI CROS ESCOLAR DE SANT ANDREU,2022-05-15,Domingo,0.0,trail running,Infantil,10,13,Barcelona,,Barcelona
championsxip,OXFAM TRAILWALKER,2022-05-21,Sábado,100.0,trail running,Absoluta/General,0,166,,,
championsxip,OXFAM TRAILWALKER,2022-05-21,Sábado,50.0,trail running,Absoluta/General,0,297,,,
championsxip,OXFAM TRAILWALKER,2022-05-21,Sábado,10.0,trail running,Absoluta/General,0,412,,,
championsxip,VIGÍA TRAIL,2022-05-22,Domingo,21.0,trail running,Absoluta/General,32,186,,,
championsxip,VIGÍA TRAIL,2022-05-22,Domingo,10.0,trail running,Absoluta/General,128,271,,,
championsxip,CURSA DE NOU BARRIS,2022-05-22,Domingo,10.0,road running,Absoluta/General,0,30,Barcelona,,Barcelona
championsxip,CURSA DE SANT QUIRZE - MEMORIAL DAVID ROVIRA,2022-05-22,Domingo,10.0,road running,Absoluta/General,0,30,l'Espluga de Francolí,Conca de Barberà,Tarragona
championsxip,CURSA DE SANT QUIRZE - MEMORIAL DAVID ROVIRA,2022-05-22,Domingo,5.0,road running,Absoluta/General,88,96,l'Espluga de Francolí,Conca de Barberà,Tarragona
championsxip,5A CURSA SOLIDÀRIA PER L’ELA SANT ADRIÀ DE BESÒS,2022-05-22,Domingo,5.0,road running,Absoluta/General,0,30,Sant Adrià de Besòs,Barcelonès,Catalunya
championsxip,9A CURSA DE LA DONA - CACO - SANT VICENÇ DELS H...,2022-05-22,Domingo,1.0,road running,Absoluta/General,18,0,Sant Vicenç dels Horts,Baix Llobregat,Catalunya
championsxip,9A CURSA DE LA DONA - CACO - SANT VICENÇ DELS H...,2022-05-22,Domingo,5.0,road running,Absoluta/General,250,0,Sant Vicenç dels Horts,Baix Llobregat,Catalunya
championsxip,43A MARXA POPULAR TRAIL ARENYS DE MAR,2022-05-29,Domingo,11.0,trail running,Absoluta/General,61,162,Arenys de Mar,Maresme,Catalunya
championsxip,1A CURSA DE LA DONA DE LES TRES VILES DE 5 I 10KM,2022-05-29,Domingo,10.0,road running,Absoluta/General,97,74,Lorca,Alto Guadalentín,Región de Murcia
championsxip,1A CURSA DE LA DONA DE LES TRES VILES DE 5 I 10KM,2022-05-29,Domingo,5.0,road running,Absoluta/General,157,67,Lorca,Alto Guadalentín,Región de Murcia
championsxip,"CURSA POPULAR DEL PLA DEL BONAIRE, ”MEMORIAL TO...",2022-05-29,Domingo,6.5,road running,Absoluta/General,0,30,Málaga,Málaga-Costa del Sol,Andalucía
championsxip,CURSA DE PINEDA DE MAR,2022-06-05,Domingo,10.0,road running,Absoluta/General,120,357,Pineda de Mar,,Barcelona
championsxip,ELS 10 DE SANTA,2022-06-05,Domingo,10.0,road running,Absoluta/General,0,30,Santa Pau,,Girona
championsxip,ELS 10 DE SANTA,2022-06-05,Domingo,3.0,road running,Absoluta/General,0,30,Santa Pau,,Girona
championsxip,30A CURSA PER COLLSEROLA,2022-06-11,Sábado,14.0,trail running,Absoluta/General,72,294,,,
championsxip,30A CURSA PER COLLSEROLA,2022-06-11,Sábado,7.5,trail running,Absoluta/General,84,125,,,
championsxip,I CURSA DE L'ESCOLA PIA 3X3 - TERRASSA,2022-06-12,Domingo,9.0,road running,Absoluta/General,11,56,Terrassa,Vallès Occidental,Catalunya
championsxip,CURSA POPULAR CIUTAT DE BADALONA,2022-06-18,Sábado,10.0,road running,Absoluta/General,0,30,Badalona,,Barcelona
championsxip,CURSA POPULAR CIUTAT DE BADALONA,2022-06-18,Sábado,5.0,road running,Absoluta/General,110,151,Badalona,,Barcelona
championsxip,CURSA POPULAR CIUTAT DE BADALONA,2022-06-18,Sábado,5.0,road running,Absoluta/General,18,26,Badalona,,Barcelona
championsxip,CURSA DEL FOC OLESA DE MONTSERRAT,2022-06-19,Domingo,10.0,road running,Absoluta/General,0,30,Olesa de Montserrat,Baix Llobregat,Catalunya
championsxip,CURSA DEL FOC OLESA DE MONTSERRAT,2022-06-19,Domingo,5.0,road running,Absoluta/General,74,151,Olesa de Montserrat,Baix Llobregat,Catalunya
championsxip,CURSA NOCTURNA CORNELLÀ RUNNING 1900,2022-07-02,Sábado,10.0,road running,Absoluta/General,0,29,,,
championsxip,CURSA NOCTURNA CORNELLÀ RUNNING 1900,2022-07-02,Sábado,5.0,road running,Absoluta/General,180,338,,,
championsxip,CURSA D’ESTIU DE PREMIÀ DE MAR,2022-07-02,Sábado,10.0,road running,Absoluta/General,0,60,Premià de Mar,Maresme,Catalunya
championsxip,CURSA D’ESTIU DE PREMIÀ DE MAR,2022-07-02,Sábado,5.0,road running,Absoluta/General,67,82,Premià de Mar,Maresme,Catalunya
championsxip,9A MILLA URBANA DE SANT PERE,2022-07-03,Domingo,0.0,road running,Infantil,4,10,Sant Pere de Ribes,,Barcelona
championsxip,9A MILLA URBANA DE SANT PERE,2022-07-03,Domingo,0.0,road running,Infantil,10,9,Sant Pere de Ribes,,Barcelona
championsxip,9A MILLA URBANA DE SANT PERE,2022-07-03,Domingo,0.0,road running,Infantil,8,11,Sant Pere de Ribes,,Barcelona
championsxip,9A MILLA URBANA DE SANT PERE,2022-07-03,Domingo,0.0,road running,Infantil,4,5,Sant Pere de Ribes,,Barcelona
championsxip,9A MILLA URBANA DE SANT PERE,2022-07-03,Domingo,0.0,road running,Infantil,1,11,Sant Pere de Ribes,,Barcelona
championsxip,9A MILLA URBANA DE SANT PERE,2022-07-03,Domingo,0.0,road running,Infantil,3,9,Sant Pere de Ribes,,Barcelona
championsxip,9A MILLA URBANA DE SANT PERE,2022-07-03,Domingo,0.0,road running,Mayores/Veteranos,3,20,Sant Pere de Ribes,,Barcelona
championsxip,9A MILLA URBANA DE SANT PERE,2022-07-03,Domingo,0.0,road running,Mayores/Veteranos,3,11,Sant Pere de Ribes,,Barcelona
championsxip,9A MILLA URBANA DE SANT PERE,2022-07-03,Domingo,0.0,road running,Infantil,6,10,Sant Pere de Ribes,,Barcelona
championsxip,9A MILLA URBANA DE SANT PERE,2022-07-03,Domingo,0.0,road running,Mayores/Veteranos,14,0,Sant Pere de Ribes,,Barcelona
championsxip,9A MILLA URBANA DE SANT PERE,2022-07-03,Domingo,0.0,road running,Mayores/Veteranos,0,13,Sant Pere de Ribes,,Barcelona
championsxip,9A MILLA URBANA DE SANT PERE,2022-07-03,Domingo,0.0,road running,Mayores/Veteranos,0,46,Sant Pere de Ribes,,Barcelona
championsxip,9A MILLA URBANA DE SANT PERE,2022-07-03,Domingo,0.0,road running,Absoluta/General,5,0,Sant Pere de Ribes,,Barcelona
championsxip,9A MILLA URBANA DE SANT PERE,2022-07-03,Domingo,0.0,road running,Absoluta/General,0,17,Sant Pere de Ribes,,Barcelona
championsxip,MITJA MARATÓ RELLEUS MATARÓ (EQUIPS I XIPS LLIGA),2022-07-16,Sábado,0.0,road running,Equipos,29,53,,,
championsxip,MITJA MARATÓ RELLEUS MATARÓ (EQUIPS I XIPS LLIGA),2022-07-16,Sábado,0.0,road running,Equipos,27,105,,,
championsxip,XXIII CURSA DEL POBLE SEC 5K,2022-07-17,Domingo,5.0,road running,Absoluta/General,95,312,Barcelona,,Barcelona
championsxip,TRAIL VILA DE CREIXELL - CURSA SEMINOCTURNA,2022-07-23,Sábado,10.9,trail running,Absoluta/General,63,166,,,
championsxip,TRAIL VILA DE CREIXELL - CURSA SEMINOCTURNA,2022-07-23,Sábado,3.7,trail running,Absoluta/General,20,50,,,
championsxip,42A CURSA POPULAR LES SANTES MATARÓ,2022-07-28,Jueves,5.0,road running,Absoluta/General,0,30,Mataró,,Barcelona
championsxip,XLI CURSA POPULAR DE LA GARRIGA,2022-07-30,Sábado,4.0,road running,Absoluta/General,0,31,la Garriga,,Barcelona
championsxip,CURSA POPULAR FESTA MAJOR DE  RIPOLLET,2022-08-28,Domingo,10.0,road running,Absoluta/General,0,30,Ripollet,Vallès Occidental,Catalunya
championsxip,CURSA POPULAR FESTA MAJOR DE  RIPOLLET,2022-08-28,Domingo,5.0,road running,Absoluta/General,0,30,Ripollet,Vallès Occidental,Catalunya
championsxip,CURSA POPULAR FESTA MAJOR DE  RIPOLLET,2022-08-28,Domingo,2.4,road running,Absoluta/General,2,5,Ripollet,Vallès Occidental,Catalunya
championsxip,CURSA POPULAR FESTA MAJOR DE  RIPOLLET,2022-08-28,Domingo,0.8,road running,Absoluta/General,15,7,Ripollet,Vallès Occidental,Catalunya
championsxip,CURSA POPULAR FESTA MAJOR DE  RIPOLLET,2022-08-28,Domingo,0.4,road running,Absoluta/General,13,31,Ripollet,Vallès Occidental,Catalunya
championsxip,7A CURSA POPULAR DE FESTA MAJOR SANTA PERPÈTUA ...,2022-09-03,Sábado,5.0,road running,Absoluta/General,39,127,Santa Perpètua de Mogoda,Vallès Occidental,Catalunya
championsxip,CURSA DE LA DONA DE BADALONA,2022-09-04,Domingo,0.0,road running,Absoluta/General,163,78,Badalona,,Barcelona
championsxip,XXV CURSA DE LA VINYA DE SANT LLORENÇ D’HORTONS...,2022-09-04,Domingo,10.0,road running,Absoluta/General,0,30,Sant Llorenç d'Hortons,,Barcelona
championsxip,XXV CURSA DE LA VINYA DE SANT LLORENÇ D’HORTONS...,2022-09-04,Domingo,21.0,road running,Absoluta/General,16,76,Sant Llorenç d'Hortons,,Barcelona
championsxip,32È CROSS CAIXABANK L'AMETLLA DE MEROLA,2022-09-11,Domingo,10.0,trail running,Absoluta/General,23,99,Puig-reig,Berguedà,Catalunya
championsxip,32È CROSS CAIXABANK L'AMETLLA DE MEROLA,2022-09-11,Domingo,5.0,trail running,Absoluta/General,39,56,Puig-reig,Berguedà,Catalunya
championsxip,11A SANSI BELLATERRA,2022-09-11,Domingo,10.0,road running,Absoluta/General,0,30,,,
championsxip,11A SANSI BELLATERRA,2022-09-11,Domingo,5.0,road running,Absoluta/General,0,30,,,
championsxip,XXXIII CURSA POPULAR DE LA VALL DEL TENES,2022-09-11,Domingo,10.0,trail running,Absoluta/General,22,67,Lliçà de Vall,,Barcelona
championsxip,MITJA MARATÓ COSTA BARCELONA MARESME,2022-09-18,Domingo,21.097,road running,Absoluta/General,0,30,Vilassar de Mar,,Barcelona
championsxip,CURSA DE LA MERCÈ,2022-09-18,Domingo,10.0,road running,Absoluta/General,0,30,Girona,,Girona
championsxip,CURSA DE LA MERCÈ,2022-09-18,Domingo,2.0,road running,Absoluta/General,18,31,Girona,,Girona
championsxip,MATAGALLS MONTSERRAT,2022-09-18,Domingo,82.6,trail running,Absoluta/General,0,0,,,
championsxip,V BIMBO GLOBAL RACE BADALONA,2022-09-25,Domingo,10.0,road running,Absoluta/General,139,453,,,
championsxip,V BIMBO GLOBAL RACE BADALONA,2022-09-25,Domingo,5.0,road running,Absoluta/General,132,166,,,
championsxip,33A CURSA DE LA LLAGOSTA DE 5 I 10KM,2022-09-25,Domingo,10.0,road running,Absoluta/General,0,30,la Llagosta,,Barcelona
championsxip,33A CURSA DE LA LLAGOSTA DE 5 I 10KM,2022-09-25,Domingo,5.0,road running,Absoluta/General,49,92,la Llagosta,,Barcelona
championsxip,XI CURSA NICK HORTA,2022-10-02,Domingo,5.0,road running,Absoluta/General,234,477,Barcelona,,Barcelona
championsxip,CURSA FANNY SALLÉS – DIARI SPORT 5K TERRASSA,2022-10-02,Domingo,5.0,road running,Absoluta/General,299,0,Terrassa,Vallès Occidental,Catalunya
championsxip,CURSA FANNY SALLÉS – DIARI SPORT 5K TERRASSA,2022-10-02,Domingo,0.0,road running,Absoluta/General,0,197,Terrassa,Vallès Occidental,Catalunya
championsxip,58È CROS ESCOLAR DE CORNELLÀ DE LLOBREGAT,2022-10-08,Sábado,0.0,trail running,Infantil,0,4,Cornellà de Llobregat,,Barcelona
championsxip,58È CROS ESCOLAR DE CORNELLÀ DE LLOBREGAT,2022-10-08,Sábado,0.0,trail running,Infantil,8,18,Cornellà de Llobregat,,Barcelona
championsxip,58È CROS ESCOLAR DE CORNELLÀ DE LLOBREGAT,2022-10-08,Sábado,0.0,trail running,Infantil,0,37,Cornellà de Llobregat,,Barcelona
championsxip,58È CROS ESCOLAR DE CORNELLÀ DE LLOBREGAT,2022-10-08,Sábado,0.0,trail running,Infantil,48,0,Cornellà de Llobregat,,Barcelona
championsxip,58È CROS ESCOLAR DE CORNELLÀ DE LLOBREGAT,2022-10-08,Sábado,0.0,trail running,Absoluta/General,44,35,Cornellà de Llobregat,,Barcelona
championsxip,58È CROS ESCOLAR DE CORNELLÀ DE LLOBREGAT,2022-10-08,Sábado,0.0,trail running,Absoluta/General,24,35,Cornellà de Llobregat,,Barcelona
championsxip,58È CROS ESCOLAR DE CORNELLÀ DE LLOBREGAT,2022-10-08,Sábado,0.0,trail running,Absoluta/General,22,22,Cornellà de Llobregat,,Barcelona
championsxip,58È CROS ESCOLAR DE CORNELLÀ DE LLOBREGAT,2022-10-08,Sábado,0.0,trail running,Absoluta/General,35,40,Cornellà de Llobregat,,Barcelona
championsxip,58È CROS ESCOLAR DE CORNELLÀ DE LLOBREGAT,2022-10-08,Sábado,0.0,trail running,Absoluta/General,29,34,Cornellà de Llobregat,,Barcelona
championsxip,58È CROS ESCOLAR DE CORNELLÀ DE LLOBREGAT,2022-10-08,Sábado,0.0,trail running,Absoluta/General,17,35,Cornellà de Llobregat,,Barcelona
championsxip,58È CROS ESCOLAR DE CORNELLÀ DE LLOBREGAT,2022-10-08,Sábado,0.0,trail running,Absoluta/General,27,37,Cornellà de Llobregat,,Barcelona
championsxip,58È CROS ESCOLAR DE CORNELLÀ DE LLOBREGAT,2022-10-08,Sábado,0.0,trail running,Absoluta/General,2,14,Cornellà de Llobregat,,Barcelona
championsxip,11A CURSA DE LA TARDOR-SANT ANDREU DE LA BARCA,2022-10-09,Domingo,10.0,road running,Absoluta/General,0,60,Sant Andreu de la Barca,Baix Llobregat,Catalunya
championsxip,11A CURSA DE LA TARDOR-SANT ANDREU DE LA BARCA,2022-10-09,Domingo,5.0,road running,Absoluta/General,63,115,Sant Andreu de la Barca,Baix Llobregat,Catalunya
championsxip,CURSA DE PARETS DEL VALLÈS,2022-10-09,Domingo,10.0,road running,Absoluta/General,33,128,Parets del Vallès,,Barcelona
championsxip,CURSA DE PARETS DEL VALLÈS,2022-10-09,Domingo,5.0,road running,Absoluta/General,42,79,Parets del Vallès,,Barcelona
championsxip,XV CURSA I CAMINADA LLUIS COMPANYS,2022-10-15,Sábado,8.0,road running,Absoluta/General,49,155,Sant Joan de Vilatorrada,Bages,Catalunya
championsxip,7A CURSA SOLIDÀRIA SANT JUST DESVERN,2022-10-15,Sábado,5.0,road running,Absoluta/General,64,133,Sant Just Desvern,,Barcelona
championsxip,7A CURSA SOLIDÀRIA SANT JUST DESVERN,2022-10-15,Sábado,0.0,road running,Infantil,0,33,Sant Just Desvern,,Barcelona
championsxip,7A CURSA SOLIDÀRIA SANT JUST DESVERN,2022-10-15,Sábado,0.0,road running,Infantil,23,0,Sant Just Desvern,,Barcelona
championsxip,7A CURSA SOLIDÀRIA SANT JUST DESVERN,2022-10-15,Sábado,0.0,road running,Infantil,0,78,Sant Just Desvern,,Barcelona
championsxip,7A CURSA SOLIDÀRIA SANT JUST DESVERN,2022-10-15,Sábado,0.0,road running,Infantil,53,0,Sant Just Desvern,,Barcelona
championsxip,7A CURSA SOLIDÀRIA SANT JUST DESVERN,2022-10-15,Sábado,0.0,road running,Infantil,0,44,Sant Just Desvern,,Barcelona
championsxip,7A CURSA SOLIDÀRIA SANT JUST DESVERN,2022-10-15,Sábado,0.0,road running,Infantil,36,0,Sant Just Desvern,,Barcelona
championsxip,CURSA SANTA MARGARIDA I ELS MONJOS,2022-10-15,Sábado,10.0,trail running,Absoluta/General,18,82,Santa Margarida i els Monjos,,Barcelona
championsxip,CURSA SANTA MARGARIDA I ELS MONJOS,2022-10-15,Sábado,5.0,trail running,Absoluta/General,30,62,Santa Margarida i els Monjos,,Barcelona
championsxip,MÀGIC BDN RUNNING,2022-10-16,Domingo,10.0,road running,Absoluta/General,0,60,,,
championsxip,MÀGIC BDN RUNNING,2022-10-16,Domingo,5.0,road running,Absoluta/General,0,30,,,
championsxip,LA CURSA DE RAC1 - SANT CUGAT DEL VALLÈS,2022-10-16,Domingo,5.0,road running,Absoluta/General,1302,1823,Sant Cugat del Vallès,Vallès Occidental,Catalunya
championsxip,"MARATÓ TRAIL TOSSA DE MAR ""LA MEGALÍTICA""",2022-10-16,Domingo,10.0,trail running,Absoluta/General,37,113,Salorino,,Cáceres
championsxip,"MARATÓ TRAIL TOSSA DE MAR ""LA MEGALÍTICA""",2022-10-16,Domingo,21.0,trail running,Absoluta/General,24,142,Salorino,,Cáceres
championsxip,"MARATÓ TRAIL TOSSA DE MAR ""LA MEGALÍTICA""",2022-10-16,Domingo,5.0,trail running,Absoluta/General,53,50,Salorino,,Cáceres
championsxip,5KM I 10KM URBANS DE MANRESA,2022-10-16,Domingo,10.0,road running,Absoluta/General,0,0,Manresa,Bages,Catalunya
championsxip,5KM I 10KM URBANS DE MANRESA,2022-10-16,Domingo,5.0,road running,Absoluta/General,32,52,Manresa,Bages,Catalunya
championsxip,5KM I 10KM URBANS DE MANRESA,2022-10-16,Domingo,0.0,road running,Absoluta/General,11,22,Manresa,Bages,Catalunya
championsxip,CURSA DE LA DONA - CORBERA DE LLOBREGAT,2022-10-16,Domingo,7.0,road running,Absoluta/General,57,3,Corbera de Llobregat,Baix Llobregat,Catalunya
championsxip,MARATÓ I MITJA AL PARC DE COLLSEROLA,2022-10-23,Domingo,21.097,trail running,Absoluta/General,52,241,Sant Cugat del Vallès,Vallès Occidental,Catalunya
championsxip,MARATÓ I MITJA AL PARC DE COLLSEROLA,2022-10-23,Domingo,42.195,trail running,Absoluta/General,0,30,Sant Cugat del Vallès,Vallès Occidental,Catalunya
championsxip,EL TAST DE LA MITJA,2022-10-29,Sábado,10.0,road running,Absoluta/General,223,606,Novelda,el Vinalopó Mitjà / El Vinalopó Medio,Comunitat Valenciana
championsxip,23È CROS SANTA SUSANNA,2022-10-29,Sábado,0.0,trail running,Mayores/Veteranos,0,30,Santa Susanna,,Barcelona
championsxip,23È CROS SANTA SUSANNA,2022-10-29,Sábado,0.0,trail running,Infantil,0,0,Santa Susanna,,Barcelona
championsxip,23È CROS SANTA SUSANNA,2022-10-29,Sábado,0.0,trail running,Infantil,15,21,Santa Susanna,,Barcelona
championsxip,23È CROS SANTA SUSANNA,2022-10-29,Sábado,0.0,trail running,Absoluta/General,8,22,Santa Susanna,,Barcelona
championsxip,23È CROS SANTA SUSANNA,2022-10-29,Sábado,0.0,trail running,Infantil,27,32,Santa Susanna,,Barcelona
championsxip,23È CROS SANTA SUSANNA,2022-10-29,Sábado,0.0,trail running,Infantil,23,43,Santa Susanna,,Barcelona
championsxip,23È CROS SANTA SUSANNA,2022-10-29,Sábado,0.0,trail running,Infantil,17,43,Santa Susanna,,Barcelona
championsxip,23È CROS SANTA SUSANNA,2022-10-29,Sábado,0.0,trail running,Infantil,7,13,Santa Susanna,,Barcelona
championsxip,CURSA DE CAN MERCADER,2022-10-30,Domingo,10.0,road running,Absoluta/General,0,30,Cornellà de Llobregat,,Barcelona
championsxip,CURSA DE CAN MERCADER,2022-10-30,Domingo,5.0,road running,Absoluta/General,63,127,Cornellà de Llobregat,,Barcelona
championsxip,13A CURSA POPULAR DE SANT VICENÇ DELS HORTS,2022-10-30,Domingo,10.0,road running,Absoluta/General,0,30,Sant Vicenç dels Horts,,Barcelona
championsxip,13A CURSA POPULAR DE SANT VICENÇ DELS HORTS,2022-10-30,Domingo,5.0,road running,Absoluta/General,57,64,Sant Vicenç dels Horts,,Barcelona
championsxip,TRANSPLANT RUN - PARC DEL FÒRUM,2022-11-05,Sábado,5.0,road running,Absoluta/General,0,30,Sant Adrià de Besòs,Barcelonès,Catalunya
championsxip,42È CROS DELS ARENYS,2022-11-05,Sábado,0.0,trail running,Mayores/Veteranos,0,30,Arenys de Mar,,Barcelona
championsxip,42È CROS DELS ARENYS,2022-11-05,Sábado,0.0,trail running,Infantil,13,20,Arenys de Mar,,Barcelona
championsxip,42È CROS DELS ARENYS,2022-11-05,Sábado,0.0,trail running,Infantil,19,18,Arenys de Mar,,Barcelona
championsxip,42È CROS DELS ARENYS,2022-11-05,Sábado,0.0,trail running,Infantil,31,43,Arenys de Mar,,Barcelona
championsxip,42È CROS DELS ARENYS,2022-11-05,Sábado,0.0,trail running,Absoluta/General,12,34,Arenys de Mar,,Barcelona
championsxip,42È CROS DELS ARENYS,2022-11-05,Sábado,0.0,trail running,Infantil,18,43,Arenys de Mar,,Barcelona
championsxip,42È CROS DELS ARENYS,2022-11-05,Sábado,0.0,trail running,Infantil,16,28,Arenys de Mar,,Barcelona
championsxip,CURSA EL PONT DE VILOMARA I ROCAFORT,2022-11-06,Domingo,11.0,trail running,Absoluta/General,24,89,el Pont de Vilomara i Rocafort,,Barcelona
championsxip,CURSA EL PONT DE VILOMARA I ROCAFORT,2022-11-06,Domingo,5.0,trail running,Absoluta/General,24,30,el Pont de Vilomara i Rocafort,,Barcelona
championsxip,CURSA EL PONT DE VILOMARA I ROCAFORT,2022-11-06,Domingo,25.0,trail running,Absoluta/General,9,53,el Pont de Vilomara i Rocafort,,Barcelona
championsxip,CURSA EL PONT DE VILOMARA I ROCAFORT,2022-11-06,Domingo,0.0,trail running,Absoluta/General,19,18,el Pont de Vilomara i Rocafort,,Barcelona
championsxip,CURSA EL PONT DE VILOMARA I ROCAFORT,2022-11-06,Domingo,0.0,trail running,Absoluta/General,12,15,el Pont de Vilomara i Rocafort,,Barcelona
championsxip,SALIGARDA TRAIL - LA GARRIGA,2022-11-06,Domingo,24.0,trail running,Absoluta/General,0,30,la Garriga,Vallès Oriental,Catalunya
championsxip,SALIGARDA TRAIL - LA GARRIGA,2022-11-06,Domingo,12.0,trail running,Absoluta/General,0,30,la Garriga,Vallès Oriental,Catalunya
championsxip,CROS CIUTAT DE CERDANYOLA,2022-11-06,Domingo,0.0,trail running,Absoluta/General,0,93,Cerdanyola del Vallès,,Barcelona
championsxip,CROS CIUTAT DE CERDANYOLA,2022-11-06,Domingo,0.0,trail running,Absoluta/General,1,20,Cerdanyola del Vallès,,Barcelona
championsxip,CROS CIUTAT DE CERDANYOLA,2022-11-06,Domingo,0.0,trail running,Absoluta/General,0,8,Cerdanyola del Vallès,,Barcelona
championsxip,CROS CIUTAT DE CERDANYOLA,2022-11-06,Domingo,0.0,trail running,Absoluta/General,0,6,Cerdanyola del Vallès,,Barcelona
championsxip,CROS CIUTAT DE CERDANYOLA,2022-11-06,Domingo,0.0,trail running,Absoluta/General,0,26,Cerdanyola del Vallès,,Barcelona
championsxip,CROS CIUTAT DE CERDANYOLA,2022-11-06,Domingo,0.0,trail running,Absoluta/General,27,0,Cerdanyola del Vallès,,Barcelona
championsxip,CROS CIUTAT DE CERDANYOLA,2022-11-06,Domingo,0.0,trail running,Absoluta/General,0,43,Cerdanyola del Vallès,,Barcelona
championsxip,CROS CIUTAT DE CERDANYOLA,2022-11-06,Domingo,0.0,trail running,Absoluta/General,21,0,Cerdanyola del Vallès,,Barcelona
championsxip,CROS CIUTAT DE CERDANYOLA,2022-11-06,Domingo,0.0,trail running,Absoluta/General,0,53,Cerdanyola del Vallès,,Barcelona
championsxip,CROS CIUTAT DE CERDANYOLA,2022-11-06,Domingo,0.0,trail running,Absoluta/General,24,0,Cerdanyola del Vallès,,Barcelona
championsxip,CROS CIUTAT DE CERDANYOLA,2022-11-06,Domingo,0.0,trail running,Absoluta/General,0,39,Cerdanyola del Vallès,,Barcelona
championsxip,CROS CIUTAT DE CERDANYOLA,2022-11-06,Domingo,0.0,trail running,Absoluta/General,12,23,Cerdanyola del Vallès,,Barcelona
championsxip,CROS CIUTAT DE CERDANYOLA,2022-11-06,Domingo,0.0,trail running,Absoluta/General,29,0,Cerdanyola del Vallès,,Barcelona
championsxip,CROS CIUTAT DE CERDANYOLA,2022-11-06,Domingo,0.0,trail running,Absoluta/General,19,0,Cerdanyola del Vallès,,Barcelona
championsxip,CROS CIUTAT DE CERDANYOLA,2022-11-06,Domingo,0.0,trail running,Absoluta/General,7,0,Cerdanyola del Vallès,,Barcelona
championsxip,CROS CIUTAT DE CERDANYOLA,2022-11-06,Domingo,0.0,trail running,Absoluta/General,2,0,Cerdanyola del Vallès,,Barcelona
championsxip,CROS CIUTAT DE CERDANYOLA,2022-11-06,Domingo,0.0,trail running,Absoluta/General,31,0,Cerdanyola del Vallès,,Barcelona
championsxip,V CROS DE CARDEDEU,2022-11-12,Sábado,0.0,trail running,Absoluta/General,8,37,Cardedeu,,Barcelona
championsxip,V CROS DE CARDEDEU,2022-11-12,Sábado,0.0,trail running,Infantil,7,13,Cardedeu,,Barcelona
championsxip,V CROS DE CARDEDEU,2022-11-12,Sábado,0.0,trail running,Infantil,0,27,Cardedeu,,Barcelona
championsxip,V CROS DE CARDEDEU,2022-11-12,Sábado,0.0,trail running,Infantil,25,0,Cardedeu,,Barcelona
championsxip,V CROS DE CARDEDEU,2022-11-12,Sábado,0.0,trail running,Infantil,0,39,Cardedeu,,Barcelona
championsxip,V CROS DE CARDEDEU,2022-11-12,Sábado,0.0,trail running,Infantil,38,0,Cardedeu,,Barcelona
championsxip,V CROS DE CARDEDEU,2022-11-12,Sábado,0.0,trail running,Infantil,0,36,Cardedeu,,Barcelona
championsxip,V CROS DE CARDEDEU,2022-11-12,Sábado,0.0,trail running,Infantil,23,0,Cardedeu,,Barcelona
championsxip,V CROS DE CARDEDEU,2022-11-12,Sábado,0.0,trail running,Infantil,0,32,Cardedeu,,Barcelona
championsxip,V CROS DE CARDEDEU,2022-11-12,Sábado,0.0,trail running,Infantil,25,0,Cardedeu,,Barcelona
championsxip,CROS POPULAR DE SANTS,2022-11-13,Domingo,10.0,road running,Absoluta/General,0,30,Barcelona,,Barcelona
championsxip,CROS POPULAR DE SANTS,2022-11-13,Domingo,1.609,road running,Absoluta/General,30,56,Barcelona,,Barcelona
championsxip,VII VINYA-CROSS SOLIDARI OLLER DEL MAS,2022-11-13,Domingo,10.0,trail running,Absoluta/General,115,215,Ares del Maestrat,l'Alt Maestrat,Comunitat Valenciana
championsxip,VII VINYA-CROSS SOLIDARI OLLER DEL MAS,2022-11-13,Domingo,5.0,trail running,Absoluta/General,248,134,Ares del Maestrat,l'Alt Maestrat,Comunitat Valenciana
championsxip,VII VINYA-CROSS SOLIDARI OLLER DEL MAS,2022-11-13,Domingo,20.0,trail running,Absoluta/General,15,64,Ares del Maestrat,l'Alt Maestrat,Comunitat Valenciana
championsxip,CORREBLAU 2022,2022-11-13,Domingo,10.0,road running,Absoluta/General,69,121,,,
championsxip,CORREBLAU 2022,2022-11-13,Domingo,5.0,road running,Absoluta/General,455,395,,,
championsxip,XIXÈ CROS DE SANT MARTÍ,2022-11-13,Domingo,0.0,trail running,Infantil,3,7,Barcelona,,Barcelona
championsxip,XIXÈ CROS DE SANT MARTÍ,2022-11-13,Domingo,0.0,trail running,Infantil,1,2,Barcelona,,Barcelona
championsxip,XIXÈ CROS DE SANT MARTÍ,2022-11-13,Domingo,0.0,trail running,Infantil,9,9,Barcelona,,Barcelona
championsxip,XIXÈ CROS DE SANT MARTÍ,2022-11-13,Domingo,0.0,trail running,Infantil,12,16,Barcelona,,Barcelona
championsxip,XIXÈ CROS DE SANT MARTÍ,2022-11-13,Domingo,0.0,trail running,Infantil,14,22,Barcelona,,Barcelona
championsxip,XIXÈ CROS DE SANT MARTÍ,2022-11-13,Domingo,0.0,trail running,Infantil,21,35,Barcelona,,Barcelona
championsxip,XIXÈ CROS DE SANT MARTÍ,2022-11-13,Domingo,0.0,trail running,Infantil,20,35,Barcelona,,Barcelona
championsxip,XIXÈ CROS DE SANT MARTÍ,2022-11-13,Domingo,0.0,trail running,Infantil,34,39,Barcelona,,Barcelona
championsxip,XIXÈ CROS DE SANT MARTÍ,2022-11-13,Domingo,0.0,trail running,Infantil,11,38,Barcelona,,Barcelona
championsxip,XIXÈ CROS DE SANT MARTÍ,2022-11-13,Domingo,0.0,trail running,Infantil,15,20,Barcelona,,Barcelona
championsxip,XIXÈ CROS DE SANT MARTÍ,2022-11-13,Domingo,0.0,trail running,Infantil,4,11,Barcelona,,Barcelona
championsxip,XIXÈ CROS DE SANT MARTÍ,2022-11-13,Domingo,0.0,trail running,Infantil,1,3,Barcelona,,Barcelona
championsxip,MILLES NOCTURNES CERDANYOLA,2022-11-19,Sábado,10.0,road running,Absoluta/General,54,243,,,
championsxip,MILLES NOCTURNES CERDANYOLA,2022-11-19,Sábado,5.0,road running,Absoluta/General,0,30,,,
championsxip,2N CROS DE TORDERA,2022-11-19,Sábado,0.0,trail running,Mayores/Veteranos,0,30,Tordera,,Barcelona
championsxip,2N CROS DE TORDERA,2022-11-19,Sábado,0.0,trail running,Infantil,12,14,Tordera,,Barcelona
championsxip,2N CROS DE TORDERA,2022-11-19,Sábado,0.0,trail running,Infantil,9,24,Tordera,,Barcelona
championsxip,2N CROS DE TORDERA,2022-11-19,Sábado,0.0,trail running,Absoluta/General,8,23,Tordera,,Barcelona
championsxip,2N CROS DE TORDERA,2022-11-19,Sábado,0.0,trail running,Infantil,15,40,Tordera,,Barcelona
championsxip,2N CROS DE TORDERA,2022-11-19,Sábado,0.0,trail running,Infantil,19,45,Tordera,,Barcelona
championsxip,2N CROS DE TORDERA,2022-11-19,Sábado,0.0,trail running,Infantil,23,35,Tordera,,Barcelona
championsxip,23ENA CURSA DE MARTORELL 5KM,2022-11-20,Domingo,5.0,road running,Absoluta/General,111,270,Martorell,,Barcelona
championsxip,23ENA CURSA DE MARTORELL 5KM,2022-11-20,Domingo,0.0,road running,Infantil,16,11,Martorell,,Barcelona
championsxip,23ENA CURSA DE MARTORELL 5KM,2022-11-20,Domingo,0.0,road running,Infantil,29,40,Martorell,,Barcelona
championsxip,23ENA CURSA DE MARTORELL 5KM,2022-11-20,Domingo,0.0,road running,Infantil,16,28,Martorell,,Barcelona
championsxip,CURSA POPULAR SANT MARTÍ,2022-11-20,Domingo,10.0,road running,Absoluta/General,82,276,Barcelona,,Barcelona
championsxip,CURSA POPULAR SANT MARTÍ,2022-11-20,Domingo,5.0,road running,Absoluta/General,83,90,Barcelona,,Barcelona
championsxip,XLIX CROS ANTONIO AMORÓS,2022-11-20,Domingo,0.0,trail running,Absoluta/General,12,45,Santa Coloma de Gramenet,,Barcelona
championsxip,XLIX CROS ANTONIO AMORÓS,2022-11-20,Domingo,0.0,trail running,Infantil,0,49,Santa Coloma de Gramenet,,Barcelona
championsxip,XLIX CROS ANTONIO AMORÓS,2022-11-20,Domingo,0.0,trail running,Infantil,23,0,Santa Coloma de Gramenet,,Barcelona
championsxip,XLIX CROS ANTONIO AMORÓS,2022-11-20,Domingo,0.0,trail running,Infantil,0,55,Santa Coloma de Gramenet,,Barcelona
championsxip,XLIX CROS ANTONIO AMORÓS,2022-11-20,Domingo,0.0,trail running,Infantil,50,0,Santa Coloma de Gramenet,,Barcelona
championsxip,XLIX CROS ANTONIO AMORÓS,2022-11-20,Domingo,0.0,trail running,Infantil,0,90,Santa Coloma de Gramenet,,Barcelona
championsxip,XLIX CROS ANTONIO AMORÓS,2022-11-20,Domingo,0.0,trail running,Infantil,138,0,Santa Coloma de Gramenet,,Barcelona
championsxip,XLIX CROS ANTONIO AMORÓS,2022-11-20,Domingo,0.0,trail running,Absoluta/General,7,43,Santa Coloma de Gramenet,,Barcelona
championsxip,XLIX CROS ANTONIO AMORÓS,2022-11-20,Domingo,0.0,trail running,Infantil,3,7,Santa Coloma de Gramenet,,Barcelona
championsxip,XLIX CROS ANTONIO AMORÓS,2022-11-20,Domingo,0.0,trail running,Infantil,0,8,Santa Coloma de Gramenet,,Barcelona
championsxip,XLIX CROS ANTONIO AMORÓS,2022-11-20,Domingo,0.0,trail running,Infantil,119,0,Santa Coloma de Gramenet,,Barcelona
championsxip,XLIX CROS ANTONIO AMORÓS,2022-11-20,Domingo,0.0,trail running,Infantil,0,165,Santa Coloma de Gramenet,,Barcelona
championsxip,ELS 10 DE LES FRANQUESES,2022-11-20,Domingo,10.0,road running,Absoluta/General,0,30,Corró d'Avall,,Barcelona
championsxip,"41A CURSA POPULAR ""CIUTAT DE CORNELLÀ""",2022-11-20,Domingo,10.0,road running,Absoluta/General,65,270,Cornellà de Llobregat,,Barcelona
championsxip,"41A CURSA POPULAR ""CIUTAT DE CORNELLÀ""",2022-11-20,Domingo,2.0,road running,Absoluta/General,55,54,Cornellà de Llobregat,,Barcelona
championsxip,"41A CURSA POPULAR ""CIUTAT DE CORNELLÀ""",2022-11-20,Domingo,0.0,road running,Infantil,33,70,Cornellà de Llobregat,,Barcelona
championsxip,CROS 3TURONS-LA DIABLADA,2022-11-20,Domingo,12.0,trail running,Absoluta/General,95,391,,,
championsxip,CURSA L’ESQUIROL,2022-11-26,Sábado,15.0,trail running,Absoluta/General,31,153,l'Esquirol,,Barcelona
championsxip,99 JEAN BOUIN OPEN,2022-11-27,Domingo,10.0,road running,Absoluta/General,0,30,,,
championsxip,99 JEAN BOUIN OPEN,2022-11-27,Domingo,5.0,road running,Absoluta/General,0,60,,,
championsxip,CURSA MONTILIVI GIRONA,2022-11-27,Domingo,10.0,road running,Absoluta/General,0,30,Girona,,Girona
championsxip,CURSA MONTILIVI GIRONA,2022-11-27,Domingo,5.0,road running,Absoluta/General,102,107,Girona,,Girona
championsxip,JEAN BOUIN FEDERATS I ESCOLARS,2022-11-27,Domingo,0.0,road running,Infantil,2,0,,,
championsxip,JEAN BOUIN FEDERATS I ESCOLARS,2022-11-27,Domingo,0.0,road running,Infantil,0,9,,,
championsxip,JEAN BOUIN FEDERATS I ESCOLARS,2022-11-27,Domingo,0.0,road running,Absoluta/General,11,0,,,
championsxip,JEAN BOUIN FEDERATS I ESCOLARS,2022-11-27,Domingo,0.0,road running,Absoluta/General,0,17,,,
championsxip,JEAN BOUIN FEDERATS I ESCOLARS,2022-11-27,Domingo,0.0,road running,Infantil,0,87,,,
championsxip,JEAN BOUIN FEDERATS I ESCOLARS,2022-11-27,Domingo,0.0,road running,Infantil,55,0,,,
championsxip,JEAN BOUIN FEDERATS I ESCOLARS,2022-11-27,Domingo,0.0,road running,Infantil,0,75,,,
championsxip,JEAN BOUIN FEDERATS I ESCOLARS,2022-11-27,Domingo,0.0,road running,Infantil,44,0,,,
championsxip,JEAN BOUIN FEDERATS I ESCOLARS,2022-11-27,Domingo,0.0,road running,Infantil,0,49,,,
championsxip,JEAN BOUIN FEDERATS I ESCOLARS,2022-11-27,Domingo,0.0,road running,Infantil,43,0,,,
championsxip,JEAN BOUIN FEDERATS I ESCOLARS,2022-11-27,Domingo,0.0,road running,Infantil,24,0,,,
championsxip,JEAN BOUIN FEDERATS I ESCOLARS,2022-11-27,Domingo,0.0,road running,Infantil,0,53,,,
championsxip,36A PUJADA I BAIXADA A GUANTA,2022-12-04,Domingo,12.3,trail running,Absoluta/General,98,350,Sentmenat,Vallès Occidental,Catalunya
championsxip,36A PUJADA I BAIXADA A GUANTA,2022-12-04,Domingo,6.0,trail running,Absoluta/General,50,66,Sentmenat,Vallès Occidental,Catalunya
championsxip,56 CROS DE GRANOLLERS,2022-12-04,Domingo,0.0,trail running,Mayores/Veteranos,23,68,Granollers,,Barcelona
championsxip,56 CROS DE GRANOLLERS,2022-12-04,Domingo,0.0,trail running,Infantil,34,0,Granollers,,Barcelona
championsxip,56 CROS DE GRANOLLERS,2022-12-04,Domingo,0.0,trail running,Infantil,0,60,Granollers,,Barcelona
championsxip,56 CROS DE GRANOLLERS,2022-12-04,Domingo,0.0,trail running,Infantil,20,0,Granollers,,Barcelona
championsxip,56 CROS DE GRANOLLERS,2022-12-04,Domingo,0.0,trail running,Infantil,0,53,Granollers,,Barcelona
championsxip,56 CROS DE GRANOLLERS,2022-12-04,Domingo,0.0,trail running,Infantil,42,0,Granollers,,Barcelona
championsxip,56 CROS DE GRANOLLERS,2022-12-04,Domingo,0.0,trail running,Infantil,0,57,Granollers,,Barcelona
championsxip,56 CROS DE GRANOLLERS,2022-12-04,Domingo,0.0,trail running,Infantil,0,25,Granollers,,Barcelona
championsxip,56 CROS DE GRANOLLERS,2022-12-04,Domingo,0.0,trail running,Infantil,28,0,Granollers,,Barcelona
championsxip,56 CROS DE GRANOLLERS,2022-12-04,Domingo,0.0,trail running,Infantil,0,52,Granollers,,Barcelona
championsxip,56 CROS DE GRANOLLERS,2022-12-04,Domingo,0.0,trail running,Infantil,74,0,Granollers,,Barcelona
championsxip,56 CROS DE GRANOLLERS,2022-12-04,Domingo,0.0,trail running,Infantil,0,81,Granollers,,Barcelona
championsxip,56 CROS DE GRANOLLERS,2022-12-04,Domingo,0.0,trail running,Infantil,48,0,Granollers,,Barcelona
championsxip,56 CROS DE GRANOLLERS,2022-12-04,Domingo,0.0,trail running,Infantil,0,59,Granollers,,Barcelona
championsxip,56 CROS DE GRANOLLERS,2022-12-04,Domingo,0.0,trail running,Infantil,34,42,Granollers,,Barcelona
championsxip,CURSA DE SANT ANDREU - BARCELONA,2022-12-06,Martes,5.0,road running,Absoluta/General,0,60,Barcelona,,Barcelona
championsxip,27È CROS DE MALGRAT,2022-12-08,Jueves,0.0,trail running,Mayores/Veteranos,0,30,Cervera,,Lleida
championsxip,27È CROS DE MALGRAT,2022-12-08,Jueves,0.0,trail running,Infantil,11,16,Cervera,,Lleida
championsxip,27È CROS DE MALGRAT,2022-12-08,Jueves,0.0,trail running,Infantil,18,18,Cervera,,Lleida
championsxip,27È CROS DE MALGRAT,2022-12-08,Jueves,0.0,trail running,Absoluta/General,13,22,Cervera,,Lleida
championsxip,27È CROS DE MALGRAT,2022-12-08,Jueves,0.0,trail running,Infantil,18,33,Cervera,,Lleida
championsxip,27È CROS DE MALGRAT,2022-12-08,Jueves,0.0,trail running,Infantil,20,33,Cervera,,Lleida
championsxip,27È CROS DE MALGRAT,2022-12-08,Jueves,0.0,trail running,Infantil,20,34,Cervera,,Lleida
championsxip,LA SANSI 15 VILADECANS,2022-12-11,Domingo,5.0,road running,Absoluta/General,0,30,Barcelona,Barcelonès,Catalunya
championsxip,LA NADALENCA- RUNNING VIGIA 2022,2022-12-17,Sábado,5.0,road running,Absoluta/General,939,706,,,
championsxip,24 HORES ULTRAFONS EN PISTA,2022-12-17,Sábado,0.0,road running,Absoluta/General,0,0,Mota del Cuervo,,Cuenca
championsxip,24 HORES ULTRAFONS EN PISTA,2022-12-17,Sábado,0.0,road running,Absoluta/General,0,0,Mota del Cuervo,,Cuenca
championsxip,24 HORES ULTRAFONS EN PISTA,2022-12-17,Sábado,0.0,road running,Absoluta/General,0,0,Mota del Cuervo,,Cuenca
championsxip,SANT SILVESTRE RACC BADALONA,2022-12-18,Domingo,5.0,road running,Absoluta/General,118,161,Badalona,Barcelonès,Catalunya
championsxip,SANT SILVESTRE RACC BADALONA,2022-12-18,Domingo,10.0,road running,Absoluta/General,0,30,Badalona,Barcelonès,Catalunya
championsxip,MITJA MARATÓ CIUTAT DE VILANOVA,2022-12-18,Domingo,21.0,road running,Absoluta/General,0,60,Vilanova i la Geltrú,,Barcelona
championsxip,MITJA MARATÓ CIUTAT DE VILANOVA,2022-12-18,Domingo,10.0,road running,Absoluta/General,179,265,Vilanova i la Geltrú,,Barcelona
championsxip,44A CURSA POPULAR DE LA SAGRERA,2022-12-18,Domingo,10.0,road running,Absoluta/General,93,366,Barcelona,,Barcelona
championsxip,44A CURSA POPULAR DE LA SAGRERA,2022-12-18,Domingo,5.0,road running,Absoluta/General,65,97,Barcelona,,Barcelona
championsxip,LA CURSA DE LA UAB - LA MARATÓ DE TV3,2022-12-18,Domingo,11.6,road running,Absoluta/General,64,193,Sant Joan Despí,Baix Llobregat,Catalunya
championsxip,LA CURSA DE LA UAB - LA MARATÓ DE TV3,2022-12-18,Domingo,6.0,road running,Absoluta/General,88,104,Sant Joan Despí,Baix Llobregat,Catalunya
championsxip,XVIÈ CROS DE SANTS - MONTJUÏC,2022-12-18,Domingo,0.0,trail running,Infantil,4,10,Barcelona,,Barcelona
championsxip,XVIÈ CROS DE SANTS - MONTJUÏC,2022-12-18,Domingo,0.0,trail running,Infantil,3,2,Barcelona,,Barcelona
championsxip,XVIÈ CROS DE SANTS - MONTJUÏC,2022-12-18,Domingo,0.0,trail running,Infantil,9,12,Barcelona,,Barcelona
championsxip,XVIÈ CROS DE SANTS - MONTJUÏC,2022-12-18,Domingo,0.0,trail running,Infantil,13,6,Barcelona,,Barcelona
championsxip,XVIÈ CROS DE SANTS - MONTJUÏC,2022-12-18,Domingo,0.0,trail running,Infantil,11,28,Barcelona,,Barcelona
championsxip,XVIÈ CROS DE SANTS - MONTJUÏC,2022-12-18,Domingo,0.0,trail running,Infantil,19,0,Barcelona,,Barcelona
championsxip,XVIÈ CROS DE SANTS - MONTJUÏC,2022-12-18,Domingo,0.0,trail running,Infantil,0,27,Barcelona,,Barcelona
championsxip,XVIÈ CROS DE SANTS - MONTJUÏC,2022-12-18,Domingo,0.0,trail running,Infantil,18,0,Barcelona,,Barcelona
championsxip,XVIÈ CROS DE SANTS - MONTJUÏC,2022-12-18,Domingo,0.0,trail running,Infantil,0,33,Barcelona,,Barcelona
championsxip,XVIÈ CROS DE SANTS - MONTJUÏC,2022-12-18,Domingo,0.0,trail running,Infantil,18,0,Barcelona,,Barcelona
championsxip,XVIÈ CROS DE SANTS - MONTJUÏC,2022-12-18,Domingo,0.0,trail running,Infantil,0,24,Barcelona,,Barcelona
championsxip,XVIÈ CROS DE SANTS - MONTJUÏC,2022-12-18,Domingo,0.0,trail running,Infantil,16,0,Barcelona,,Barcelona
championsxip,XVIÈ CROS DE SANTS - MONTJUÏC,2022-12-18,Domingo,0.0,trail running,Infantil,0,32,Barcelona,,Barcelona
championsxip,XVIÈ CROS DE SANTS - MONTJUÏC,2022-12-18,Domingo,0.0,trail running,Infantil,13,10,Barcelona,,Barcelona
championsxip,XVIÈ CROS DE SANTS - MONTJUÏC,2022-12-18,Domingo,0.0,trail running,Infantil,3,14,Barcelona,,Barcelona
championsxip,14È CROS D’ALELLA,2022-12-18,Domingo,0.0,trail running,Mayores/Veteranos,0,30,Alella,,Barcelona
championsxip,14È CROS D’ALELLA,2022-12-18,Domingo,0.0,trail running,Infantil,12,19,Alella,,Barcelona
championsxip,14È CROS D’ALELLA,2022-12-18,Domingo,0.0,trail running,Infantil,11,21,Alella,,Barcelona
championsxip,14È CROS D’ALELLA,2022-12-18,Domingo,0.0,trail running,Infantil,14,23,Alella,,Barcelona
championsxip,14È CROS D’ALELLA,2022-12-18,Domingo,0.0,trail running,Infantil,15,39,Alella,,Barcelona
championsxip,14È CROS D’ALELLA,2022-12-18,Domingo,0.0,trail running,Infantil,20,29,Alella,,Barcelona
championsxip,14È CROS D’ALELLA,2022-12-18,Domingo,0.0,trail running,Absoluta/General,11,32,Alella,,Barcelona
championsxip,43A SAN SILVESTRE DEL MASNOU 5KM,2022-12-26,Lunes,5.0,road running,Absoluta/General,0,30,el Masnou,Maresme,Catalunya
championsxip,SANT SILVESTRE DE BERGA,2022-12-31,Sábado,5.0,road running,Absoluta/General,0,30,Berga,Berguedà,Catalunya
championsxip,CURSA DELS NASSOS - BARCELONA,2022-12-31,Sábado,10.0,road running,Absoluta/General,0,30,Barcelona,Barcelonès,Catalunya
championsxip,CURSA DELS NASSOS - BARCELONA,2022-12-31,Sábado,5.0,road running,Absoluta/General,12,27,Barcelona,Barcelonès,Catalunya
championsxip,CURSA DELS NASSOS - BARCELONA,2022-12-31,Sábado,0.0,road running,Absoluta/General,1,1,Barcelona,Barcelonès,Catalunya
championsxip,11A CURSA DE CAP D’ANY DE SABADELL,2022-12-31,Sábado,10.0,road running,Absoluta/General,78,301,Sabadell,Vallès Occidental,Catalunya
championsxip,11A CURSA DE CAP D’ANY DE SABADELL,2022-12-31,Sábado,5.0,road running,Absoluta/General,435,813,Sabadell,Vallès Occidental,Catalunya
championsxip,"XXXIX CURSA DEL CAPÓ, CURSA SOLIDÀRIA ICFO-UPC-PMT",2022-12-31,Sábado,5.0,road running,Absoluta/General,49,91,,,
championsxip,"XXXIX CURSA DEL CAPÓ, CURSA SOLIDÀRIA ICFO-UPC-PMT",2022-12-31,Sábado,10.0,road running,Absoluta/General,36,133,,,
championsxip,8A CURSA SOLIDÀRIA DE REIS - CORNELLÀ DE LLOBREGAT,2023-01-08,Domingo,5.0,road running,Absoluta/General,0,60,Cornellà de Llobregat,Baix Llobregat,Catalunya
championsxip,MITJA MARATÓ DE SITGES,2023-01-15,Domingo,21.097,road running,Absoluta/General,0,30,Sitges,,Barcelona
championsxip,MITJA MARATÓ DE SITGES,2023-01-15,Domingo,10.0,road running,Absoluta/General,321,544,Sitges,,Barcelona
championsxip,CINC CIMS CORBERA DE LLOBREGAT,2023-01-15,Domingo,27.0,trail running,Absoluta/General,68,355,Corbera de Llobregat,Baix Llobregat,Catalunya
championsxip,CINC CIMS CORBERA DE LLOBREGAT,2023-01-15,Domingo,10.0,trail running,Absoluta/General,0,30,Corbera de Llobregat,Baix Llobregat,Catalunya
championsxip,52È CROS CIUTAT DE MATARÓ,2023-01-15,Domingo,0.0,road running,Infantil,90,0,Mataró,,Barcelona
championsxip,52È CROS CIUTAT DE MATARÓ,2023-01-15,Domingo,0.0,road running,Infantil,0,92,Mataró,,Barcelona
championsxip,52È CROS CIUTAT DE MATARÓ,2023-01-15,Domingo,0.0,road running,Infantil,39,0,Mataró,,Barcelona
championsxip,52È CROS CIUTAT DE MATARÓ,2023-01-15,Domingo,0.0,road running,Infantil,0,65,Mataró,,Barcelona
championsxip,52È CROS CIUTAT DE MATARÓ,2023-01-15,Domingo,0.0,road running,Infantil,20,0,Mataró,,Barcelona
championsxip,52È CROS CIUTAT DE MATARÓ,2023-01-15,Domingo,0.0,road running,Infantil,0,63,Mataró,,Barcelona
championsxip,52È CROS CIUTAT DE MATARÓ,2023-01-15,Domingo,0.0,road running,Infantil,0,32,Mataró,,Barcelona
championsxip,52È CROS CIUTAT DE MATARÓ,2023-01-15,Domingo,0.0,road running,Infantil,31,0,Mataró,,Barcelona
championsxip,52È CROS CIUTAT DE MATARÓ,2023-01-15,Domingo,0.0,road running,Infantil,0,83,Mataró,,Barcelona
championsxip,52È CROS CIUTAT DE MATARÓ,2023-01-15,Domingo,0.0,road running,Infantil,62,0,Mataró,,Barcelona
championsxip,52È CROS CIUTAT DE MATARÓ,2023-01-15,Domingo,0.0,road running,Infantil,0,98,Mataró,,Barcelona
championsxip,52È CROS CIUTAT DE MATARÓ,2023-01-15,Domingo,0.0,road running,Infantil,51,0,Mataró,,Barcelona
championsxip,52È CROS CIUTAT DE MATARÓ,2023-01-15,Domingo,0.0,road running,Infantil,0,67,Mataró,,Barcelona
championsxip,52È CROS CIUTAT DE MATARÓ,2023-01-15,Domingo,0.0,road running,Infantil,5,4,Mataró,,Barcelona
championsxip,52È CROS CIUTAT DE MATARÓ,2023-01-15,Domingo,0.0,road running,Infantil,13,0,Mataró,,Barcelona
championsxip,1A CURSA CREMATORRONS TORDERA 5K/10K,2023-01-21,Sábado,10.0,road running,Absoluta/General,25,86,,,
championsxip,1A CURSA CREMATORRONS TORDERA 5K/10K,2023-01-21,Sábado,5.0,road running,Absoluta/General,39,59,,,
championsxip,CURSA MORITZ SANT ANTONI,2023-01-22,Domingo,10.0,road running,Absoluta/General,0,60,Barcelona,,Barcelona
championsxip,CURSA MORITZ SANT ANTONI,2023-01-22,Domingo,0.0,road running,Infantil,18,34,Barcelona,,Barcelona
championsxip,CURSA MORITZ SANT ANTONI,2023-01-22,Domingo,0.0,road running,Infantil,67,102,Barcelona,,Barcelona
championsxip,CURSA MORITZ SANT ANTONI,2023-01-22,Domingo,0.0,road running,Infantil,57,89,Barcelona,,Barcelona
championsxip,29È CROS DE  CALELLA,2023-01-22,Domingo,0.0,trail running,Absoluta/General,13,34,Calella,,Barcelona
championsxip,29È CROS DE  CALELLA,2023-01-22,Domingo,0.0,trail running,Mayores/Veteranos,0,30,Calella,,Barcelona
championsxip,29È CROS DE  CALELLA,2023-01-22,Domingo,0.0,trail running,Infantil,7,16,Calella,,Barcelona
championsxip,29È CROS DE  CALELLA,2023-01-22,Domingo,0.0,trail running,Infantil,21,24,Calella,,Barcelona
championsxip,29È CROS DE  CALELLA,2023-01-22,Domingo,0.0,trail running,Infantil,12,35,Calella,,Barcelona
championsxip,29È CROS DE  CALELLA,2023-01-22,Domingo,0.0,trail running,Infantil,22,48,Calella,,Barcelona
championsxip,29È CROS DE  CALELLA,2023-01-22,Domingo,0.0,trail running,Infantil,16,27,Calella,,Barcelona
championsxip,XIXÈ CROS DE LES CORTS,2023-01-22,Domingo,0.0,trail running,Infantil,9,9,Barcelona,,Barcelona
championsxip,XIXÈ CROS DE LES CORTS,2023-01-22,Domingo,0.0,trail running,Infantil,15,2,Barcelona,,Barcelona
championsxip,XIXÈ CROS DE LES CORTS,2023-01-22,Domingo,0.0,trail running,Infantil,10,8,Barcelona,,Barcelona
championsxip,XIXÈ CROS DE LES CORTS,2023-01-22,Domingo,0.0,trail running,Infantil,18,10,Barcelona,,Barcelona
championsxip,XIXÈ CROS DE LES CORTS,2023-01-22,Domingo,0.0,trail running,Infantil,22,30,Barcelona,,Barcelona
championsxip,XIXÈ CROS DE LES CORTS,2023-01-22,Domingo,0.0,trail running,Infantil,31,0,Barcelona,,Barcelona
championsxip,XIXÈ CROS DE LES CORTS,2023-01-22,Domingo,0.0,trail running,Infantil,0,32,Barcelona,,Barcelona
championsxip,XIXÈ CROS DE LES CORTS,2023-01-22,Domingo,0.0,trail running,Infantil,26,1,Barcelona,,Barcelona
championsxip,XIXÈ CROS DE LES CORTS,2023-01-22,Domingo,0.0,trail running,Infantil,0,35,Barcelona,,Barcelona
championsxip,XIXÈ CROS DE LES CORTS,2023-01-22,Domingo,0.0,trail running,Infantil,33,0,Barcelona,,Barcelona
championsxip,XIXÈ CROS DE LES CORTS,2023-01-22,Domingo,0.0,trail running,Infantil,0,28,Barcelona,,Barcelona
championsxip,XIXÈ CROS DE LES CORTS,2023-01-22,Domingo,0.0,trail running,Infantil,22,0,Barcelona,,Barcelona
championsxip,XIXÈ CROS DE LES CORTS,2023-01-22,Domingo,0.0,trail running,Infantil,0,27,Barcelona,,Barcelona
championsxip,XIXÈ CROS DE LES CORTS,2023-01-22,Domingo,0.0,trail running,Infantil,9,17,Barcelona,,Barcelona
championsxip,XIXÈ CROS DE LES CORTS,2023-01-22,Domingo,0.0,trail running,Infantil,9,19,Barcelona,,Barcelona
championsxip,6È CROS DE PINEDA DE MAR,2023-01-28,Sábado,0.0,trail running,Mayores/Veteranos,15,54,Pineda de Mar,,Barcelona
championsxip,6È CROS DE PINEDA DE MAR,2023-01-28,Sábado,0.0,trail running,Infantil,8,9,Pineda de Mar,,Barcelona
championsxip,6È CROS DE PINEDA DE MAR,2023-01-28,Sábado,0.0,trail running,Infantil,9,15,Pineda de Mar,,Barcelona
championsxip,6È CROS DE PINEDA DE MAR,2023-01-28,Sábado,0.0,trail running,Absoluta/General,10,25,Pineda de Mar,,Barcelona
championsxip,6È CROS DE PINEDA DE MAR,2023-01-28,Sábado,0.0,trail running,Infantil,12,28,Pineda de Mar,,Barcelona
championsxip,6È CROS DE PINEDA DE MAR,2023-01-28,Sábado,0.0,trail running,Infantil,19,29,Pineda de Mar,,Barcelona
championsxip,6È CROS DE PINEDA DE MAR,2023-01-28,Sábado,0.0,trail running,Infantil,9,22,Pineda de Mar,,Barcelona
championsxip,MITJA DE TERRASSA,2023-01-29,Domingo,21.097,road running,Absoluta/General,113,718,Terrassa,,Barcelona
championsxip,MITJA DE TERRASSA,2023-01-29,Domingo,5.0,road running,Absoluta/General,221,267,Terrassa,,Barcelona
championsxip,XXIV CURSA SANT VICENÇ MOLLET DEL VALLÈS,2023-01-29,Domingo,10.0,road running,Absoluta/General,0,30,Mollet del Vallès,,Barcelona
championsxip,XXIV CURSA SANT VICENÇ MOLLET DEL VALLÈS,2023-01-29,Domingo,5.0,road running,Absoluta/General,111,129,Mollet del Vallès,,Barcelona
championsxip,LA MINI 2023 GRANOLLERS,2023-02-04,Sábado,0.0,road running,Absoluta/General,0,63,Madrid,,Comunidad de Madrid
championsxip,LA MINI 2023 GRANOLLERS,2023-02-04,Sábado,0.0,road running,Infantil,66,84,Madrid,,Comunidad de Madrid
championsxip,LA MINI 2023 GRANOLLERS,2023-02-04,Sábado,0.0,road running,Infantil,71,114,Madrid,,Comunidad de Madrid
championsxip,LA MINI 2023 GRANOLLERS,2023-02-04,Sábado,0.0,road running,Infantil,53,71,Madrid,,Comunidad de Madrid
championsxip,LA MINI 2023 GRANOLLERS,2023-02-04,Sábado,0.0,road running,Infantil,16,57,Madrid,,Comunidad de Madrid
championsxip,LA MINI 2023 GRANOLLERS,2023-02-04,Sábado,0.0,road running,Absoluta/General,46,0,Madrid,,Comunidad de Madrid
championsxip,MITJA MARATÓ DE GRANOLLERS - LA MITJA,2023-02-05,Domingo,21.0,road running,Absoluta/General,627,2436,Novelda,el Vinalopó Mitjà / El Vinalopó Medio,Comunitat Valenciana
championsxip,MITJA MARATÓ DE GRANOLLERS - LA MITJA,2023-02-05,Domingo,10.0,road running,Absoluta/General,0,30,Novelda,el Vinalopó Mitjà / El Vinalopó Medio,Comunitat Valenciana
championsxip,MITJA MARATÓ DE GRANOLLERS - LA MITJA,2023-02-05,Domingo,5.0,road running,Absoluta/General,185,188,Novelda,el Vinalopó Mitjà / El Vinalopó Medio,Comunitat Valenciana
championsxip,1ER CROS DE SARRIÀ-SANT GERVASI,2023-02-05,Domingo,0.0,trail running,Infantil,2,8,Barcelona,,Barcelona
championsxip,1ER CROS DE SARRIÀ-SANT GERVASI,2023-02-05,Domingo,0.0,trail running,Infantil,2,3,Barcelona,,Barcelona
championsxip,1ER CROS DE SARRIÀ-SANT GERVASI,2023-02-05,Domingo,0.0,trail running,Infantil,7,5,Barcelona,,Barcelona
championsxip,1ER CROS DE SARRIÀ-SANT GERVASI,2023-02-05,Domingo,0.0,trail running,Infantil,8,7,Barcelona,,Barcelona
championsxip,1ER CROS DE SARRIÀ-SANT GERVASI,2023-02-05,Domingo,0.0,trail running,Infantil,10,18,Barcelona,,Barcelona
championsxip,1ER CROS DE SARRIÀ-SANT GERVASI,2023-02-05,Domingo,0.0,trail running,Infantil,19,0,Barcelona,,Barcelona
championsxip,1ER CROS DE SARRIÀ-SANT GERVASI,2023-02-05,Domingo,0.0,trail running,Infantil,0,28,Barcelona,,Barcelona
championsxip,1ER CROS DE SARRIÀ-SANT GERVASI,2023-02-05,Domingo,0.0,trail running,Infantil,13,0,Barcelona,,Barcelona
championsxip,1ER CROS DE SARRIÀ-SANT GERVASI,2023-02-05,Domingo,0.0,trail running,Infantil,0,24,Barcelona,,Barcelona
championsxip,1ER CROS DE SARRIÀ-SANT GERVASI,2023-02-05,Domingo,0.0,trail running,Infantil,18,0,Barcelona,,Barcelona
championsxip,1ER CROS DE SARRIÀ-SANT GERVASI,2023-02-05,Domingo,0.0,trail running,Infantil,0,33,Barcelona,,Barcelona
championsxip,1ER CROS DE SARRIÀ-SANT GERVASI,2023-02-05,Domingo,0.0,trail running,Infantil,10,0,Barcelona,,Barcelona
championsxip,1ER CROS DE SARRIÀ-SANT GERVASI,2023-02-05,Domingo,0.0,trail running,Infantil,0,24,Barcelona,,Barcelona
championsxip,1ER CROS DE SARRIÀ-SANT GERVASI,2023-02-05,Domingo,0.0,trail running,Infantil,9,18,Barcelona,,Barcelona
championsxip,1ER CROS DE SARRIÀ-SANT GERVASI,2023-02-05,Domingo,0.0,trail running,Infantil,8,28,Barcelona,,Barcelona
championsxip,26È CROS DE CANET,2023-02-05,Domingo,0.0,trail running,Infantil,30,0,Lleida,,Lleida
championsxip,26È CROS DE CANET,2023-02-05,Domingo,0.0,trail running,Infantil,0,42,Lleida,,Lleida
championsxip,26È CROS DE CANET,2023-02-05,Domingo,0.0,trail running,Infantil,30,0,Lleida,,Lleida
championsxip,26È CROS DE CANET,2023-02-05,Domingo,0.0,trail running,Infantil,0,58,Lleida,,Lleida
championsxip,26È CROS DE CANET,2023-02-05,Domingo,0.0,trail running,Absoluta/General,24,0,Lleida,,Lleida
championsxip,26È CROS DE CANET,2023-02-05,Domingo,0.0,trail running,Absoluta/General,0,74,Lleida,,Lleida
championsxip,26È CROS DE CANET,2023-02-05,Domingo,0.0,trail running,Infantil,4,17,Lleida,,Lleida
championsxip,26È CROS DE CANET,2023-02-05,Domingo,0.0,trail running,Infantil,4,7,Lleida,,Lleida
championsxip,2N CROS DE SANT CEBRIÀ DE VALLALTA.,2023-02-11,Sábado,0.0,trail running,Mayores/Veteranos,13,62,Sant Cebrià de Vallalta,,Barcelona
championsxip,2N CROS DE SANT CEBRIÀ DE VALLALTA.,2023-02-11,Sábado,0.0,trail running,Infantil,10,22,Sant Cebrià de Vallalta,,Barcelona
championsxip,2N CROS DE SANT CEBRIÀ DE VALLALTA.,2023-02-11,Sábado,0.0,trail running,Infantil,14,26,Sant Cebrià de Vallalta,,Barcelona
championsxip,2N CROS DE SANT CEBRIÀ DE VALLALTA.,2023-02-11,Sábado,0.0,trail running,Absoluta/General,10,20,Sant Cebrià de Vallalta,,Barcelona
championsxip,2N CROS DE SANT CEBRIÀ DE VALLALTA.,2023-02-11,Sábado,0.0,trail running,Infantil,15,41,Sant Cebrià de Vallalta,,Barcelona
championsxip,2N CROS DE SANT CEBRIÀ DE VALLALTA.,2023-02-11,Sábado,0.0,trail running,Infantil,15,29,Sant Cebrià de Vallalta,,Barcelona
championsxip,2N CROS DE SANT CEBRIÀ DE VALLALTA.,2023-02-11,Sábado,0.0,trail running,Infantil,7,23,Sant Cebrià de Vallalta,,Barcelona
championsxip,MITJA MARATÓ COLOMENCA I 10K,2023-02-12,Domingo,21.097,road running,Absoluta/General,0,30,Santa Coloma de Gramenet,,Barcelona
championsxip,MITJA MARATÓ COLOMENCA I 10K,2023-02-12,Domingo,10.0,road running,Absoluta/General,96,261,Santa Coloma de Gramenet,,Barcelona
championsxip,CURSA MUNTANYA DEL FARELL,2023-02-19,Domingo,12.3,trail running,Absoluta/General,59,220,Caldes de Montbui,Vallès Oriental,Catalunya
championsxip,SISMICA RACE,2023-02-26,Domingo,10.0,trail running,Absoluta/General,59,138,,,
championsxip,SISMICA RACE,2023-02-26,Domingo,24.0,trail running,Absoluta/General,34,157,,,
championsxip,BOTIFARUNNER LA LLACUNA,2023-02-26,Domingo,21.5,trail running,Absoluta/General,21,135,la Llacuna,Anoia,Catalunya
championsxip,BOTIFARUNNER LA LLACUNA,2023-02-26,Domingo,12.0,trail running,Absoluta/General,56,95,la Llacuna,Anoia,Catalunya
championsxip,XI CURSA BENÈFICA MALALTIES MINORITÀRIES,2023-02-26,Domingo,10.0,road running,Absoluta/General,106,247,Barcelona,Barcelonès,Catalunya
championsxip,XI CURSA BENÈFICA MALALTIES MINORITÀRIES,2023-02-26,Domingo,5.0,road running,Absoluta/General,72,94,Barcelona,Barcelonès,Catalunya
championsxip,XIII CROS ESCOLAR DE L’ EIXAMPLE,2023-02-26,Domingo,0.0,trail running,Infantil,2,7,Barcelona,,Barcelona
championsxip,XIII CROS ESCOLAR DE L’ EIXAMPLE,2023-02-26,Domingo,0.0,trail running,Infantil,2,4,Barcelona,,Barcelona
championsxip,XIII CROS ESCOLAR DE L’ EIXAMPLE,2023-02-26,Domingo,0.0,trail running,Infantil,7,6,Barcelona,,Barcelona
championsxip,XIII CROS ESCOLAR DE L’ EIXAMPLE,2023-02-26,Domingo,0.0,trail running,Infantil,13,5,Barcelona,,Barcelona
championsxip,XIII CROS ESCOLAR DE L’ EIXAMPLE,2023-02-26,Domingo,0.0,trail running,Infantil,16,27,Barcelona,,Barcelona
championsxip,XIII CROS ESCOLAR DE L’ EIXAMPLE,2023-02-26,Domingo,0.0,trail running,Infantil,26,0,Barcelona,,Barcelona
championsxip,XIII CROS ESCOLAR DE L’ EIXAMPLE,2023-02-26,Domingo,0.0,trail running,Infantil,0,24,Barcelona,,Barcelona
championsxip,XIII CROS ESCOLAR DE L’ EIXAMPLE,2023-02-26,Domingo,0.0,trail running,Infantil,20,0,Barcelona,,Barcelona
championsxip,XIII CROS ESCOLAR DE L’ EIXAMPLE,2023-02-26,Domingo,0.0,trail running,Infantil,0,37,Barcelona,,Barcelona
championsxip,XIII CROS ESCOLAR DE L’ EIXAMPLE,2023-02-26,Domingo,0.0,trail running,Infantil,23,0,Barcelona,,Barcelona
championsxip,XIII CROS ESCOLAR DE L’ EIXAMPLE,2023-02-26,Domingo,0.0,trail running,Infantil,0,35,Barcelona,,Barcelona
championsxip,XIII CROS ESCOLAR DE L’ EIXAMPLE,2023-02-26,Domingo,0.0,trail running,Infantil,10,0,Barcelona,,Barcelona
championsxip,XIII CROS ESCOLAR DE L’ EIXAMPLE,2023-02-26,Domingo,0.0,trail running,Infantil,0,33,Barcelona,,Barcelona
championsxip,XIII CROS ESCOLAR DE L’ EIXAMPLE,2023-02-26,Domingo,0.0,trail running,Infantil,16,24,Barcelona,,Barcelona
championsxip,XIII CROS ESCOLAR DE L’ EIXAMPLE,2023-02-26,Domingo,0.0,trail running,Infantil,19,22,Barcelona,,Barcelona
championsxip,"UNIRUN, LA CURSA DE LES UNIVERSITATS",2023-03-05,Domingo,5.0,road running,Absoluta/General,0,30,Muro,Pla de Mallorca,Illes Balears
championsxip,XVIII MARATÓ DEL MEDITERRANI:,2023-03-05,Domingo,21.097,road running,Absoluta/General,0,30,Barcelona,,Barcelona
championsxip,XVIII MARATÓ DEL MEDITERRANI:,2023-03-05,Domingo,10.0,road running,Absoluta/General,189,375,Barcelona,,Barcelona
championsxip,XVIII MARATÓ DEL MEDITERRANI:,2023-03-05,Domingo,5.0,road running,Absoluta/General,131,148,Barcelona,,Barcelona
championsxip,XVIII MARATÓ DEL MEDITERRANI:,2023-03-05,Domingo,0.0,road running,Absoluta/General,15,37,Barcelona,,Barcelona
championsxip,CURSA DE LA DONA SANTA COLOMA DE GRAMENET,2023-03-11,Sábado,5.0,road running,Absoluta/General,1306,546,Santa Coloma de Gramenet,,Barcelona
championsxip,2A CURSA DE LA DONA 3 VILES DE 5 I 10KM,2023-03-12,Domingo,10.0,road running,Absoluta/General,153,157,Lorca,Alto Guadalentín,Región de Murcia
championsxip,2A CURSA DE LA DONA 3 VILES DE 5 I 10KM,2023-03-12,Domingo,5.0,road running,Absoluta/General,184,82,Lorca,Alto Guadalentín,Región de Murcia
championsxip,8A CURSA DE LA DONA VILADECANS,2023-03-12,Domingo,5.0,road running,Absoluta/General,158,0,,,
championsxip,CURSA DE LA DONA PINEDA,2023-03-12,Domingo,5.0,road running,Absoluta/General,168,99,Santa Coloma de Cervelló,,Barcelona
championsxip,CROS ESCOLAR DE CIUTAT VELLA,2023-03-12,Domingo,0.0,trail running,Infantil,9,31,Barcelona,,Barcelona
championsxip,CROS ESCOLAR DE CIUTAT VELLA,2023-03-12,Domingo,0.0,trail running,Infantil,3,8,Barcelona,,Barcelona
championsxip,CROS ESCOLAR DE CIUTAT VELLA,2023-03-12,Domingo,0.0,trail running,Infantil,10,9,Barcelona,,Barcelona
championsxip,CROS ESCOLAR DE CIUTAT VELLA,2023-03-12,Domingo,0.0,trail running,Infantil,9,11,Barcelona,,Barcelona
championsxip,CROS ESCOLAR DE CIUTAT VELLA,2023-03-12,Domingo,0.0,trail running,Infantil,14,27,Barcelona,,Barcelona
championsxip,CROS ESCOLAR DE CIUTAT VELLA,2023-03-12,Domingo,0.0,trail running,Infantil,17,0,Barcelona,,Barcelona
championsxip,CROS ESCOLAR DE CIUTAT VELLA,2023-03-12,Domingo,0.0,trail running,Infantil,0,27,Barcelona,,Barcelona
championsxip,CROS ESCOLAR DE CIUTAT VELLA,2023-03-12,Domingo,0.0,trail running,Infantil,22,0,Barcelona,,Barcelona
championsxip,CROS ESCOLAR DE CIUTAT VELLA,2023-03-12,Domingo,0.0,trail running,Infantil,0,34,Barcelona,,Barcelona
championsxip,CROS ESCOLAR DE CIUTAT VELLA,2023-03-12,Domingo,0.0,trail running,Infantil,20,0,Barcelona,,Barcelona
championsxip,CROS ESCOLAR DE CIUTAT VELLA,2023-03-12,Domingo,0.0,trail running,Infantil,0,24,Barcelona,,Barcelona
championsxip,CROS ESCOLAR DE CIUTAT VELLA,2023-03-12,Domingo,0.0,trail running,Infantil,12,0,Barcelona,,Barcelona
championsxip,CROS ESCOLAR DE CIUTAT VELLA,2023-03-12,Domingo,0.0,trail running,Infantil,0,34,Barcelona,,Barcelona
championsxip,CROS ESCOLAR DE CIUTAT VELLA,2023-03-12,Domingo,0.0,trail running,Infantil,8,13,Barcelona,,Barcelona
championsxip,CROS ESCOLAR DE CIUTAT VELLA,2023-03-12,Domingo,0.0,trail running,Infantil,10,17,Barcelona,,Barcelona
championsxip,CURSA CIENTÍFICA SANT PAU,2023-03-18,Sábado,5.0,road running,Absoluta/General,66,114,València,Comarca de València,Comunitat Valenciana
championsxip,PONLE FRENO BADALONA,2023-03-26,Domingo,10.0,road running,Absoluta/General,276,801,,,
championsxip,PONLE FRENO BADALONA,2023-03-26,Domingo,5.0,road running,Absoluta/General,401,404,,,
championsxip,7A CURSA MILLA SANTA PERPÈTUA PER LA INCLUSIO,2023-03-26,Domingo,0.0,road running,Infantil,12,9,Barcelona,Barcelonès,Catalunya
championsxip,7A CURSA MILLA SANTA PERPÈTUA PER LA INCLUSIO,2023-03-26,Domingo,0.0,road running,Absoluta/General,21,19,Barcelona,Barcelonès,Catalunya
championsxip,7A CURSA MILLA SANTA PERPÈTUA PER LA INCLUSIO,2023-03-26,Domingo,0.0,road running,Absoluta/General,13,16,Barcelona,Barcelonès,Catalunya
championsxip,7A CURSA MILLA SANTA PERPÈTUA PER LA INCLUSIO,2023-03-26,Domingo,0.0,road running,Absoluta/General,49,36,Barcelona,Barcelonès,Catalunya
championsxip,7A CURSA MILLA SANTA PERPÈTUA PER LA INCLUSIO,2023-03-26,Domingo,1.609,road running,Absoluta/General,98,126,Barcelona,Barcelonès,Catalunya
championsxip,CAMPIONAT CATALUNYA TRAIL RUNNING - SANT JULIÀ ...,2023-04-02,Domingo,25.0,trail running,Absoluta/General,22,84,Alins,Pallars Sobirà,Lleida
championsxip,CAMPIONAT CATALUNYA TRAIL RUNNING - SANT JULIÀ ...,2023-04-02,Domingo,0.0,trail running,Absoluta/General,5,4,Alins,Pallars Sobirà,Lleida
championsxip,CAMPIONAT CATALUNYA TRAIL RUNNING - SANT JULIÀ ...,2023-04-02,Domingo,0.0,trail running,Absoluta/General,17,39,Alins,Pallars Sobirà,Lleida
championsxip,33ENA CURSA CALDES D'ESTRAC 3 VILES,2023-04-02,Domingo,10.0,road running,Absoluta/General,102,292,Lorca,Alto Guadalentín,Región de Murcia
championsxip,XXVIII CURSA DE LA SANITAT CATALANA,2023-04-14,Viernes,10.0,trail running,Absoluta/General,75,139,,,
championsxip,XXVIII CURSA DE LA SANITAT CATALANA,2023-04-14,Viernes,5.5,trail running,Absoluta/General,165,89,,,
championsxip,12A MARATÓ PER EQUIPS/ ELS 7K DEL RIU,2023-04-16,Domingo,7.0,road running,Equipos,75,156,Castellar del Riu,Berguedà,Catalunya
championsxip,12A MARATÓ PER EQUIPS/ ELS 7K DEL RIU,2023-04-16,Domingo,0.0,road running,Equipos,0,30,Castellar del Riu,Berguedà,Catalunya
championsxip,TRAIL DE LLORET DE MAR,2023-04-16,Domingo,0.0,trail running,Absoluta/General,0,30,Lloret de Mar,,Girona
championsxip,TRAIL DE LLORET DE MAR,2023-04-16,Domingo,0.0,trail running,Absoluta/General,23,131,Lloret de Mar,,Girona
championsxip,TRAIL DE LLORET DE MAR,2023-04-16,Domingo,0.0,trail running,Absoluta/General,25,50,Lloret de Mar,,Girona
championsxip,TRAIL DE LLORET DE MAR,2023-04-16,Domingo,0.0,trail running,Absoluta/General,41,56,Lloret de Mar,,Girona
championsxip,2A CURSA SOLIDÀRIA MOSSOS D'ESQUADRA BADALONA,2023-04-16,Domingo,10.0,road running,Absoluta/General,0,30,Badalona,,Barcelona
championsxip,2A CURSA SOLIDÀRIA MOSSOS D'ESQUADRA BADALONA,2023-04-16,Domingo,5.0,road running,Absoluta/General,296,319,Badalona,,Barcelona
championsxip,1A OLI TRAIL MONTSERRAT,2023-04-16,Domingo,22.0,trail running,Absoluta/General,0,30,,,
championsxip,1A OLI TRAIL MONTSERRAT,2023-04-16,Domingo,11.0,trail running,Absoluta/General,55,125,,,
championsxip,CROS ESCOLAR DE NOU BARRIS,2023-04-16,Domingo,0.0,trail running,Infantil,2,9,Barcelona,,Barcelona
championsxip,CROS ESCOLAR DE NOU BARRIS,2023-04-16,Domingo,0.0,trail running,Infantil,2,3,Barcelona,,Barcelona
championsxip,CROS ESCOLAR DE NOU BARRIS,2023-04-16,Domingo,0.0,trail running,Infantil,15,12,Barcelona,,Barcelona
championsxip,CROS ESCOLAR DE NOU BARRIS,2023-04-16,Domingo,0.0,trail running,Infantil,24,12,Barcelona,,Barcelona
championsxip,CROS ESCOLAR DE NOU BARRIS,2023-04-16,Domingo,0.0,trail running,Infantil,24,22,Barcelona,,Barcelona
championsxip,CROS ESCOLAR DE NOU BARRIS,2023-04-16,Domingo,0.0,trail running,Infantil,19,0,Barcelona,,Barcelona
championsxip,CROS ESCOLAR DE NOU BARRIS,2023-04-16,Domingo,0.0,trail running,Infantil,0,34,Barcelona,,Barcelona
championsxip,CROS ESCOLAR DE NOU BARRIS,2023-04-16,Domingo,0.0,trail running,Infantil,26,0,Barcelona,,Barcelona
championsxip,CROS ESCOLAR DE NOU BARRIS,2023-04-16,Domingo,0.0,trail running,Infantil,0,43,Barcelona,,Barcelona
championsxip,CROS ESCOLAR DE NOU BARRIS,2023-04-16,Domingo,0.0,trail running,Infantil,27,0,Barcelona,,Barcelona
championsxip,CROS ESCOLAR DE NOU BARRIS,2023-04-16,Domingo,0.0,trail running,Infantil,0,43,Barcelona,,Barcelona
championsxip,CROS ESCOLAR DE NOU BARRIS,2023-04-16,Domingo,0.0,trail running,Infantil,22,0,Barcelona,,Barcelona
championsxip,CROS ESCOLAR DE NOU BARRIS,2023-04-16,Domingo,0.0,trail running,Infantil,0,39,Barcelona,,Barcelona
championsxip,CROS ESCOLAR DE NOU BARRIS,2023-04-16,Domingo,0.0,trail running,Infantil,12,12,Barcelona,,Barcelona
championsxip,CROS ESCOLAR DE NOU BARRIS,2023-04-16,Domingo,0.0,trail running,Infantil,7,15,Barcelona,,Barcelona
championsxip,CURSA MEDIJOCS,2023-04-22,Sábado,0.0,trail running,Absoluta/General,92,130,,,
championsxip,CURSA MEDIJOCS,2023-04-22,Sábado,0.0,trail running,Infantil,16,27,,,
championsxip,13A CURSA NOCTURNA DE L'HOSPITALET,2023-04-29,Sábado,10.0,road running,Absoluta/General,0,90,l'Hospitalet de Llobregat,,Barcelona
championsxip,13A CURSA NOCTURNA DE L'HOSPITALET,2023-04-29,Sábado,5.0,road running,Absoluta/General,945,957,l'Hospitalet de Llobregat,,Barcelona
championsxip,CURSA DELTA PRAT,2023-04-30,Domingo,10.0,road running,Absoluta/General,59,316,el Prat de Llobregat,,Barcelona
championsxip,CURSA DELTA PRAT,2023-04-30,Domingo,5.0,road running,Absoluta/General,94,208,el Prat de Llobregat,,Barcelona
championsxip,CURSA DELTA PRAT,2023-04-30,Domingo,0.0,road running,Absoluta/General,16,24,el Prat de Llobregat,,Barcelona
championsxip,CURSA DELTA PRAT,2023-04-30,Domingo,0.0,road running,Absoluta/General,13,11,el Prat de Llobregat,,Barcelona
championsxip,CURSA DELTA PRAT,2023-04-30,Domingo,0.0,road running,Absoluta/General,12,14,el Prat de Llobregat,,Barcelona
championsxip,3A TRAIL SOLIDÀRIA SERRAMARINA ALELLA,2023-05-01,Lunes,17.0,trail running,Absoluta/General,13,54,,,
championsxip,3A TRAIL SOLIDÀRIA SERRAMARINA ALELLA,2023-05-01,Lunes,12.0,trail running,Absoluta/General,44,59,,,
championsxip,CURSA DE LES TORTUGUES DE LA GARRIGA,2023-05-01,Lunes,14.0,trail running,Absoluta/General,0,30,la Garriga,Vallès Oriental,Catalunya
championsxip,CURSA DE LES TORTUGUES DE LA GARRIGA,2023-05-01,Lunes,7.0,trail running,Absoluta/General,55,59,la Garriga,Vallès Oriental,Catalunya
championsxip,26A MILLA URBANA DE RIPOLLET,2023-05-06,Sábado,0.0,road running,Infantil,0,11,Ripollet,,Barcelona
championsxip,26A MILLA URBANA DE RIPOLLET,2023-05-06,Sábado,0.0,road running,Infantil,7,0,Ripollet,,Barcelona
championsxip,26A MILLA URBANA DE RIPOLLET,2023-05-06,Sábado,0.0,road running,Infantil,0,16,Ripollet,,Barcelona
championsxip,26A MILLA URBANA DE RIPOLLET,2023-05-06,Sábado,0.0,road running,Infantil,18,0,Ripollet,,Barcelona
championsxip,26A MILLA URBANA DE RIPOLLET,2023-05-06,Sábado,0.0,road running,Infantil,15,0,Ripollet,,Barcelona
championsxip,26A MILLA URBANA DE RIPOLLET,2023-05-06,Sábado,0.0,road running,Infantil,0,23,Ripollet,,Barcelona
championsxip,26A MILLA URBANA DE RIPOLLET,2023-05-06,Sábado,0.0,road running,Infantil,18,9,Ripollet,,Barcelona
championsxip,26A MILLA URBANA DE RIPOLLET,2023-05-06,Sábado,0.0,road running,Infantil,7,6,Ripollet,,Barcelona
championsxip,26A MILLA URBANA DE RIPOLLET,2023-05-06,Sábado,0.0,road running,Infantil,4,0,Ripollet,,Barcelona
championsxip,26A MILLA URBANA DE RIPOLLET,2023-05-06,Sábado,0.0,road running,Infantil,0,8,Ripollet,,Barcelona
championsxip,26A MILLA URBANA DE RIPOLLET,2023-05-06,Sábado,0.0,road running,Mayores/Veteranos,10,0,Ripollet,,Barcelona
championsxip,26A MILLA URBANA DE RIPOLLET,2023-05-06,Sábado,0.0,road running,Mayores/Veteranos,0,47,Ripollet,,Barcelona
championsxip,26A MILLA URBANA DE RIPOLLET,2023-05-06,Sábado,0.0,road running,Infantil,0,10,Ripollet,,Barcelona
championsxip,27ENA CURSA DE CARDEDEU I CURSA SOLIDÀRIA,2023-05-07,Domingo,10.0,trail running,Absoluta/General,62,119,,,
championsxip,27ENA CURSA DE CARDEDEU I CURSA SOLIDÀRIA,2023-05-07,Domingo,21.0,trail running,Absoluta/General,16,62,,,
championsxip,PUJADA TIBIDABO CEG,2023-05-07,Domingo,0.0,trail running,Absoluta/General,0,30,,,
championsxip,CURSA DE NOU BARRIS,2023-05-14,Domingo,10.0,road running,Absoluta/General,0,30,Barcelona,,Barcelona
championsxip,CURSA DE SANT QUIRZE - MEMORIAL DAVID ROVIRA,2023-05-14,Domingo,10.0,road running,Absoluta/General,44,198,l'Espluga de Francolí,Conca de Barberà,Tarragona
championsxip,CURSA DE SANT QUIRZE - MEMORIAL DAVID ROVIRA,2023-05-14,Domingo,5.0,road running,Absoluta/General,90,125,l'Espluga de Francolí,Conca de Barberà,Tarragona
championsxip,CURSA POPULAR ILLA CARLEMANY,2023-05-14,Domingo,5.0,road running,Absoluta/General,343,408,,,
championsxip,CURSA POPULAR ILLA CARLEMANY,2023-05-14,Domingo,2.0,road running,Absoluta/General,482,289,,,
championsxip,CURSA POPULAR ILLA CARLEMANY,2023-05-14,Domingo,2.0,road running,Infantil,296,265,,,
championsxip,6ENA CURSA SOLIDÀRIA PER L’ELA SANT ADRIÀ DE BESÒS,2023-05-14,Domingo,5.0,road running,Absoluta/General,0,30,,,
championsxip,CROS ESCOLAR DE SANT ANDREU,2023-05-14,Domingo,0.0,trail running,Infantil,2,5,Barcelona,,Barcelona
championsxip,CROS ESCOLAR DE SANT ANDREU,2023-05-14,Domingo,0.0,trail running,Infantil,0,1,Barcelona,,Barcelona
championsxip,CROS ESCOLAR DE SANT ANDREU,2023-05-14,Domingo,0.0,trail running,Infantil,7,3,Barcelona,,Barcelona
championsxip,CROS ESCOLAR DE SANT ANDREU,2023-05-14,Domingo,0.0,trail running,Infantil,7,5,Barcelona,,Barcelona
championsxip,CROS ESCOLAR DE SANT ANDREU,2023-05-14,Domingo,0.0,trail running,Infantil,9,12,Barcelona,,Barcelona
championsxip,CROS ESCOLAR DE SANT ANDREU,2023-05-14,Domingo,0.0,trail running,Infantil,10,0,Barcelona,,Barcelona
championsxip,CROS ESCOLAR DE SANT ANDREU,2023-05-14,Domingo,0.0,trail running,Infantil,0,13,Barcelona,,Barcelona
championsxip,CROS ESCOLAR DE SANT ANDREU,2023-05-14,Domingo,0.0,trail running,Infantil,23,0,Barcelona,,Barcelona
championsxip,CROS ESCOLAR DE SANT ANDREU,2023-05-14,Domingo,0.0,trail running,Infantil,0,24,Barcelona,,Barcelona
championsxip,CROS ESCOLAR DE SANT ANDREU,2023-05-14,Domingo,0.0,trail running,Infantil,11,0,Barcelona,,Barcelona
championsxip,CROS ESCOLAR DE SANT ANDREU,2023-05-14,Domingo,0.0,trail running,Infantil,0,18,Barcelona,,Barcelona
championsxip,CROS ESCOLAR DE SANT ANDREU,2023-05-14,Domingo,0.0,trail running,Infantil,13,0,Barcelona,,Barcelona
championsxip,CROS ESCOLAR DE SANT ANDREU,2023-05-14,Domingo,0.0,trail running,Infantil,0,29,Barcelona,,Barcelona
championsxip,CROS ESCOLAR DE SANT ANDREU,2023-05-14,Domingo,0.0,trail running,Infantil,10,8,Barcelona,,Barcelona
championsxip,CROS ESCOLAR DE SANT ANDREU,2023-05-14,Domingo,0.0,trail running,Infantil,11,14,Barcelona,,Barcelona
championsxip,VIGÍA TRAIL,2023-05-21,Domingo,21.0,trail running,Absoluta/General,38,233,,,
championsxip,VIGÍA TRAIL,2023-05-21,Domingo,10.0,trail running,Absoluta/General,125,286,,,
championsxip,CORRE PER UNA CAUSA - CORNELLÀ,2023-05-21,Domingo,10.0,road running,Absoluta/General,43,91,Cornellà de Llobregat,Baix Llobregat,Catalunya
championsxip,CORRE PER UNA CAUSA - CORNELLÀ,2023-05-21,Domingo,5.0,road running,Absoluta/General,54,57,Cornellà de Llobregat,Baix Llobregat,Catalunya
championsxip,CURSA POPULAR CIUTAT DE BADALONA,2023-05-21,Domingo,10.0,road running,Absoluta/General,0,30,Badalona,,Barcelona
championsxip,CURSA POPULAR CIUTAT DE BADALONA,2023-05-21,Domingo,5.0,road running,Absoluta/General,278,234,Badalona,,Barcelona
championsxip,CURSA POPULAR CIUTAT DE BADALONA,2023-05-21,Domingo,5.0,road running,Absoluta/General,49,88,Badalona,,Barcelona
championsxip,10A CURSA DE LA DONA - CACO - SANT VICENÇ DELS ...,2023-05-21,Domingo,1.0,road running,Absoluta/General,27,0,,,
championsxip,10A CURSA DE LA DONA - CACO - SANT VICENÇ DELS ...,2023-05-21,Domingo,5.0,road running,Absoluta/General,267,0,,,
championsxip,44A MARXA POPULAR TRAIL ARENYS DE MAR,2023-05-28,Domingo,11.0,trail running,Absoluta/General,116,258,,,
championsxip,ELS 10 DE SANTA,2023-06-04,Domingo,10.0,road running,Absoluta/General,0,60,Santa Pau,,Girona
championsxip,ELS 10 DE SANTA,2023-06-04,Domingo,3.0,road running,Absoluta/General,61,55,Santa Pau,,Girona
championsxip,31A CURSA PER COLLSEROLA,2023-06-10,Sábado,14.0,trail running,Absoluta/General,104,335,,,
championsxip,31A CURSA PER COLLSEROLA,2023-06-10,Sábado,7.5,trail running,Absoluta/General,106,130,,,
championsxip,CURSA DE PINEDA DE MAR,2023-06-11,Domingo,10.0,road running,Absoluta/General,174,501,Pineda de Mar,,Barcelona
championsxip,CURSA DEL FOC OLESA DE MONTSERRAT,2023-06-18,Domingo,10.0,road running,Absoluta/General,62,260,Olesa de Montserrat,Baix Llobregat,Catalunya
championsxip,CURSA DEL FOC OLESA DE MONTSERRAT,2023-06-18,Domingo,5.0,road running,Absoluta/General,51,107,Olesa de Montserrat,Baix Llobregat,Catalunya
championsxip,CURSA CCMA,2023-06-18,Domingo,6.0,road running,Absoluta/General,1937,2440,,,
championsxip,CURSA NOCTURNA DE CORNELLÀ RCDE RUNNING 1900,2023-07-01,Sábado,5.0,road running,Absoluta/General,0,30,,,
championsxip,25 CURSA D’ESTIU DE PREMIÀ DE MAR,2023-07-01,Sábado,10.0,road running,Absoluta/General,0,30,,,
championsxip,25 CURSA D’ESTIU DE PREMIÀ DE MAR,2023-07-01,Sábado,5.0,road running,Absoluta/General,81,70,,,
championsxip,NIGHT TRAIL LLORET DE MAR,2023-07-01,Sábado,14.0,trail running,Absoluta/General,51,164,Lloret de Mar,,Girona
championsxip,NIGHT TRAIL LLORET DE MAR,2023-07-01,Sábado,7.0,trail running,Absoluta/General,80,132,Lloret de Mar,,Girona
championsxip,10A MILLA URBANA DE SANT PERE,2023-07-02,Domingo,0.0,road running,Infantil,4,5,Sant Pere de Ribes,,Barcelona
championsxip,10A MILLA URBANA DE SANT PERE,2023-07-02,Domingo,0.0,road running,Infantil,13,7,Sant Pere de Ribes,,Barcelona
championsxip,10A MILLA URBANA DE SANT PERE,2023-07-02,Domingo,0.0,road running,Infantil,6,11,Sant Pere de Ribes,,Barcelona
championsxip,10A MILLA URBANA DE SANT PERE,2023-07-02,Domingo,0.0,road running,Infantil,9,5,Sant Pere de Ribes,,Barcelona
championsxip,10A MILLA URBANA DE SANT PERE,2023-07-02,Domingo,0.0,road running,Infantil,4,4,Sant Pere de Ribes,,Barcelona
championsxip,10A MILLA URBANA DE SANT PERE,2023-07-02,Domingo,0.0,road running,Infantil,2,12,Sant Pere de Ribes,,Barcelona
championsxip,10A MILLA URBANA DE SANT PERE,2023-07-02,Domingo,0.0,road running,Mayores/Veteranos,4,25,Sant Pere de Ribes,,Barcelona
championsxip,10A MILLA URBANA DE SANT PERE,2023-07-02,Domingo,0.0,road running,Mayores/Veteranos,3,15,Sant Pere de Ribes,,Barcelona
championsxip,10A MILLA URBANA DE SANT PERE,2023-07-02,Domingo,0.0,road running,Infantil,2,13,Sant Pere de Ribes,,Barcelona
championsxip,10A MILLA URBANA DE SANT PERE,2023-07-02,Domingo,0.0,road running,Mayores/Veteranos,0,15,Sant Pere de Ribes,,Barcelona
championsxip,10A MILLA URBANA DE SANT PERE,2023-07-02,Domingo,0.0,road running,Mayores/Veteranos,0,18,Sant Pere de Ribes,,Barcelona
championsxip,10A MILLA URBANA DE SANT PERE,2023-07-02,Domingo,0.0,road running,Mayores/Veteranos,0,25,Sant Pere de Ribes,,Barcelona
championsxip,10A MILLA URBANA DE SANT PERE,2023-07-02,Domingo,0.0,road running,Absoluta/General,27,0,Sant Pere de Ribes,,Barcelona
championsxip,10A MILLA URBANA DE SANT PERE,2023-07-02,Domingo,0.0,road running,Absoluta/General,0,22,Sant Pere de Ribes,,Barcelona
championsxip,CURSA POPULAR DE CA N'ANGLADA - TERRASSA,2023-07-08,Sábado,5.0,road running,Absoluta/General,26,101,Terrassa,,Barcelona
championsxip,MITJA MARATÓ RELLEUS MATARÓ (EQUIPS I XIPS LLIGA),2023-07-15,Sábado,0.0,road running,Equipos,0,30,,,
championsxip,MITJA MARATÓ RELLEUS MATARÓ (EQUIPS I XIPS LLIGA),2023-07-15,Sábado,0.0,road running,Equipos,34,32,,,
championsxip,XXV CURSA DEL POBLE-SEC 5K,2023-07-16,Domingo,5.0,road running,Absoluta/General,119,282,Barcelona,,Barcelona
championsxip,43A CURSA POPULAR LES SANTES MATARÓ,2023-07-28,Viernes,5.0,road running,Absoluta/General,0,30,Mataró,,Barcelona
championsxip,XLI CURSA POPULAR DE LA GARRIGA,2023-07-29,Sábado,4.0,road running,Absoluta/General,0,30,la Garriga,,Barcelona
championsxip,HYUNDAI VALLPARK MOTORS FESTA MAJOR DE RIPOLLET,2023-08-27,Domingo,10.0,road running,Absoluta/General,31,157,,,
championsxip,HYUNDAI VALLPARK MOTORS FESTA MAJOR DE RIPOLLET,2023-08-27,Domingo,5.0,road running,Absoluta/General,26,71,,,
championsxip,8A CURSA POPULAR DE FESTA MAJOR SANTA PERPÈTUA ...,2023-09-02,Sábado,5.0,road running,Absoluta/General,61,175,,,
championsxip,XXVI CURSA DE LA VINYA DE SANT LLORENÇ D’HORTON...,2023-09-03,Domingo,10.0,road running,Absoluta/General,71,183,,,
championsxip,XXVI CURSA DE LA VINYA DE SANT LLORENÇ D’HORTON...,2023-09-03,Domingo,21.0,road running,Absoluta/General,20,77,,,
championsxip,XXXIV CURSA POPULAR DE LA VALL DEL TENES,2023-09-11,Lunes,10.0,trail running,Absoluta/General,36,92,Lliçà de Vall,,Barcelona
championsxip,43A CURSA POPULAR VILADECANS,2023-09-11,Lunes,5.0,road running,Absoluta/General,0,30,Viladecans,,Barcelona
championsxip,43A CURSA POPULAR VILADECANS,2023-09-11,Lunes,0.0,road running,Infantil,4,5,Viladecans,,Barcelona
championsxip,43A CURSA POPULAR VILADECANS,2023-09-11,Lunes,0.0,road running,Infantil,15,30,Viladecans,,Barcelona
championsxip,43A CURSA POPULAR VILADECANS,2023-09-11,Lunes,0.0,road running,Infantil,26,46,Viladecans,,Barcelona
championsxip,MATAGALLS MONTSERRAT,2023-09-16,Sábado,82.6,trail running,Absoluta/General,0,0,,,
championsxip,MITJA MARATÓ COSTA BARCELONA MARESME,2023-09-17,Domingo,21.097,road running,Absoluta/General,0,30,Vilassar de Mar,,Barcelona
championsxip,33È CROSS CAIXABANK L'AMETLLA DE MEROLA,2023-09-17,Domingo,10.0,trail running,Absoluta/General,21,90,,,
championsxip,33È CROSS CAIXABANK L'AMETLLA DE MEROLA,2023-09-17,Domingo,5.0,trail running,Absoluta/General,40,57,,,
championsxip,CURSA DE LA MERCÈ BIMBO GLOBAL RACE,2023-09-17,Domingo,10.0,road running,Absoluta/General,0,30,,,
championsxip,CURSA DE LA MERCÈ BIMBO GLOBAL RACE,2023-09-17,Domingo,2.0,road running,Absoluta/General,5,21,,,
championsxip,CURSA DE LA MERCÈ BIMBO GLOBAL RACE,2023-09-17,Domingo,0.0,road running,Absoluta/General,7,16,,,
championsxip,CURSA DE LA MERCÈ BIMBO GLOBAL RACE,2023-09-17,Domingo,0.0,road running,Absoluta/General,12,15,,,
championsxip,34A CURSA DE LA LLAGOSTA DE 5 I 10KM,2023-09-24,Domingo,10.0,road running,Absoluta/General,0,30,la Llagosta,,Barcelona
championsxip,34A CURSA DE LA LLAGOSTA DE 5 I 10KM,2023-09-24,Domingo,5.0,road running,Absoluta/General,64,125,la Llagosta,,Barcelona
championsxip,LA RENTRÉE BADALONA,2023-09-24,Domingo,10.0,road running,Absoluta/General,0,30,,,
championsxip,LA RENTRÉE BADALONA,2023-09-24,Domingo,5.0,road running,Absoluta/General,117,130,,,
championsxip,CROS CIUTAT DE CERDANYOLA,2023-09-30,Sábado,0.0,trail running,Absoluta/General,0,94,Cerdanyola del Vallès,,Barcelona
championsxip,CROS CIUTAT DE CERDANYOLA,2023-09-30,Sábado,0.0,trail running,Infantil,0,14,Cerdanyola del Vallès,,Barcelona
championsxip,CROS CIUTAT DE CERDANYOLA,2023-09-30,Sábado,0.0,trail running,Infantil,0,17,Cerdanyola del Vallès,,Barcelona
championsxip,CROS CIUTAT DE CERDANYOLA,2023-09-30,Sábado,0.0,trail running,Infantil,23,0,Cerdanyola del Vallès,,Barcelona
championsxip,CROS CIUTAT DE CERDANYOLA,2023-09-30,Sábado,0.0,trail running,Infantil,0,33,Cerdanyola del Vallès,,Barcelona
championsxip,CROS CIUTAT DE CERDANYOLA,2023-09-30,Sábado,0.0,trail running,Infantil,30,0,Cerdanyola del Vallès,,Barcelona
championsxip,CROS CIUTAT DE CERDANYOLA,2023-09-30,Sábado,0.0,trail running,Infantil,0,51,Cerdanyola del Vallès,,Barcelona
championsxip,CROS CIUTAT DE CERDANYOLA,2023-09-30,Sábado,0.0,trail running,Infantil,11,0,Cerdanyola del Vallès,,Barcelona
championsxip,CROS CIUTAT DE CERDANYOLA,2023-09-30,Sábado,0.0,trail running,Infantil,0,32,Cerdanyola del Vallès,,Barcelona
championsxip,CROS CIUTAT DE CERDANYOLA,2023-09-30,Sábado,0.0,trail running,Absoluta/General,29,0,Cerdanyola del Vallès,,Barcelona
championsxip,CROS CIUTAT DE CERDANYOLA,2023-09-30,Sábado,0.0,trail running,Infantil,5,0,Cerdanyola del Vallès,,Barcelona
championsxip,CROS CIUTAT DE CERDANYOLA,2023-09-30,Sábado,0.0,trail running,Infantil,16,0,Cerdanyola del Vallès,,Barcelona
championsxip,XII CURSA NICK HORTA,2023-10-01,Domingo,5.0,road running,Absoluta/General,0,30,Barcelona,,Barcelona
championsxip,8A CURSA SOLIDÀRIA SANT JUST DESVERN,2023-10-07,Sábado,5.0,road running,Absoluta/General,48,96,Sant Just Desvern,,Barcelona
championsxip,8A CURSA SOLIDÀRIA SANT JUST DESVERN,2023-10-07,Sábado,0.0,road running,Infantil,0,31,Sant Just Desvern,,Barcelona
championsxip,8A CURSA SOLIDÀRIA SANT JUST DESVERN,2023-10-07,Sábado,0.0,road running,Infantil,31,0,Sant Just Desvern,,Barcelona
championsxip,8A CURSA SOLIDÀRIA SANT JUST DESVERN,2023-10-07,Sábado,0.0,road running,Infantil,0,39,Sant Just Desvern,,Barcelona
championsxip,8A CURSA SOLIDÀRIA SANT JUST DESVERN,2023-10-07,Sábado,0.0,road running,Infantil,0,38,Sant Just Desvern,,Barcelona
championsxip,8A CURSA SOLIDÀRIA SANT JUST DESVERN,2023-10-07,Sábado,0.0,road running,Infantil,0,28,Sant Just Desvern,,Barcelona
championsxip,8A CURSA SOLIDÀRIA SANT JUST DESVERN,2023-10-07,Sábado,0.0,road running,Infantil,34,0,Sant Just Desvern,,Barcelona
championsxip,8A CURSA SOLIDÀRIA SANT JUST DESVERN,2023-10-07,Sábado,0.0,road running,Infantil,21,0,Sant Just Desvern,,Barcelona
championsxip,8A CURSA SOLIDÀRIA SANT JUST DESVERN,2023-10-07,Sábado,0.0,road running,Infantil,29,0,Sant Just Desvern,,Barcelona
championsxip,CURSA FANNY SALLÉS – 5K TERRASSA,2023-10-08,Domingo,5.0,road running,Absoluta/General,345,0,,,
championsxip,CURSA FANNY SALLÉS – 5K TERRASSA,2023-10-08,Domingo,0.0,road running,Absoluta/General,0,234,,,
championsxip,12A CURSA DE LA TARDOR-SANT ANDREU DE LA BARCA,2023-10-08,Domingo,10.0,road running,Absoluta/General,60,215,,,
championsxip,12A CURSA DE LA TARDOR-SANT ANDREU DE LA BARCA,2023-10-08,Domingo,5.0,road running,Absoluta/General,61,113,,,
championsxip,CURSA DE PARETS DEL VALLÈS,2023-10-08,Domingo,10.0,road running,Absoluta/General,0,30,Parets del Vallès,,Barcelona
championsxip,CURSA DE PARETS DEL VALLÈS,2023-10-08,Domingo,5.0,road running,Absoluta/General,39,71,Parets del Vallès,,Barcelona
championsxip,LA CURSA DE RAC1 - SALOU,2023-10-15,Domingo,5.0,road running,Absoluta/General,735,1038,,,
championsxip,"MARATÓ TRAIL TOSSA DE MAR ""LA MEGALÍTICA""",2023-10-15,Domingo,10.0,trail running,Absoluta/General,78,157,Salorino,,Cáceres
championsxip,"MARATÓ TRAIL TOSSA DE MAR ""LA MEGALÍTICA""",2023-10-15,Domingo,21.0,trail running,Absoluta/General,34,175,Salorino,,Cáceres
championsxip,"MARATÓ TRAIL TOSSA DE MAR ""LA MEGALÍTICA""",2023-10-15,Domingo,5.0,trail running,Absoluta/General,45,55,Salorino,,Cáceres
championsxip,CROS DEL BERGUEDÀ,2023-10-15,Domingo,0.0,road running,Infantil,0,2,,,
championsxip,CROS DEL BERGUEDÀ,2023-10-15,Domingo,0.0,road running,Infantil,0,6,,,
championsxip,CROS DEL BERGUEDÀ,2023-10-15,Domingo,0.0,road running,Infantil,0,22,,,
championsxip,CROS DEL BERGUEDÀ,2023-10-15,Domingo,0.0,road running,Infantil,0,34,,,
championsxip,CROS DEL BERGUEDÀ,2023-10-15,Domingo,0.0,road running,Infantil,0,25,,,
championsxip,CROS DEL BERGUEDÀ,2023-10-15,Domingo,0.0,road running,Infantil,0,20,,,
championsxip,CROS DEL BERGUEDÀ,2023-10-15,Domingo,0.0,road running,Absoluta/General,0,16,,,
championsxip,CROS DEL BERGUEDÀ,2023-10-15,Domingo,0.0,road running,Absoluta/General,4,11,,,
championsxip,CROS DEL BERGUEDÀ,2023-10-15,Domingo,0.0,road running,Infantil,3,3,,,
championsxip,CROS DEL BERGUEDÀ,2023-10-15,Domingo,0.0,road running,Infantil,5,10,,,
championsxip,CROS DEL BERGUEDÀ,2023-10-15,Domingo,0.0,road running,Infantil,10,3,,,
championsxip,CURSA SANTA MARGARIDA I ELS MONJOS,2023-10-21,Sábado,10.0,trail running,Absoluta/General,24,93,Santa Margarida i els Monjos,,Barcelona
championsxip,CURSA SANTA MARGARIDA I ELS MONJOS,2023-10-21,Sábado,5.0,trail running,Absoluta/General,34,74,Santa Margarida i els Monjos,,Barcelona
championsxip,EL TAST DE LA MITJA,2023-10-28,Sábado,10.0,road running,Absoluta/General,372,878,Novelda,el Vinalopó Mitjà / El Vinalopó Medio,Comunitat Valenciana
championsxip,24È CROS SANTA SUSANNA,2023-10-28,Sábado,0.0,trail running,Mayores/Veteranos,22,81,Santa Susanna,,Barcelona
championsxip,24È CROS SANTA SUSANNA,2023-10-28,Sábado,0.0,trail running,Infantil,17,14,Santa Susanna,,Barcelona
championsxip,24È CROS SANTA SUSANNA,2023-10-28,Sábado,0.0,trail running,Infantil,17,28,Santa Susanna,,Barcelona
championsxip,24È CROS SANTA SUSANNA,2023-10-28,Sábado,0.0,trail running,Absoluta/General,15,28,Santa Susanna,,Barcelona
championsxip,24È CROS SANTA SUSANNA,2023-10-28,Sábado,0.0,trail running,Infantil,25,34,Santa Susanna,,Barcelona
championsxip,24È CROS SANTA SUSANNA,2023-10-28,Sábado,0.0,trail running,Infantil,32,52,Santa Susanna,,Barcelona
championsxip,24È CROS SANTA SUSANNA,2023-10-28,Sábado,0.0,trail running,Infantil,19,32,Santa Susanna,,Barcelona
championsxip,24È CROS SANTA SUSANNA,2023-10-28,Sábado,0.0,trail running,Infantil,4,12,Santa Susanna,,Barcelona
championsxip,MÀGIC BDN RUNNING,2023-10-29,Domingo,10.0,road running,Absoluta/General,0,30,,,
championsxip,MÀGIC BDN RUNNING,2023-10-29,Domingo,5.0,road running,Absoluta/General,0,30,,,
championsxip,MARATÓ I MITJA AL PARC DE COLLSEROLA,2023-10-29,Domingo,21.097,trail running,Absoluta/General,0,30,Sant Cugat del Vallès,Vallès Occidental,Catalunya
championsxip,MARATÓ I MITJA AL PARC DE COLLSEROLA,2023-10-29,Domingo,42.195,trail running,Absoluta/General,0,30,Sant Cugat del Vallès,Vallès Occidental,Catalunya
championsxip,5KM I 10KM URBANS DE MANRESA,2023-10-29,Domingo,10.0,road running,Absoluta/General,0,60,Manresa,Bages,Catalunya
championsxip,5KM I 10KM URBANS DE MANRESA,2023-10-29,Domingo,5.0,road running,Absoluta/General,49,46,Manresa,Bages,Catalunya
championsxip,5KM I 10KM URBANS DE MANRESA,2023-10-29,Domingo,0.0,road running,Absoluta/General,30,20,Manresa,Bages,Catalunya
championsxip,"XLII CURSA POPULAR ""CIUTAT DE CORNELLÀ""",2023-10-29,Domingo,10.0,road running,Absoluta/General,117,428,Cornellà de Llobregat,,Barcelona
championsxip,"XLII CURSA POPULAR ""CIUTAT DE CORNELLÀ""",2023-10-29,Domingo,5.0,road running,Absoluta/General,0,30,Cornellà de Llobregat,,Barcelona
championsxip,"XLII CURSA POPULAR ""CIUTAT DE CORNELLÀ""",2023-10-29,Domingo,2.0,road running,Absoluta/General,16,9,Cornellà de Llobregat,,Barcelona
championsxip,"XLII CURSA POPULAR ""CIUTAT DE CORNELLÀ""",2023-10-29,Domingo,0.0,road running,Infantil,27,17,Cornellà de Llobregat,,Barcelona
championsxip,"XLII CURSA POPULAR ""CIUTAT DE CORNELLÀ""",2023-10-29,Domingo,0.0,road running,Infantil,24,23,Cornellà de Llobregat,,Barcelona
championsxip,"XLII CURSA POPULAR ""CIUTAT DE CORNELLÀ""",2023-10-29,Domingo,0.0,road running,Infantil,29,29,Cornellà de Llobregat,,Barcelona
championsxip,CURSA DE LA DONA - CORBERA DE LLOBREGAT,2023-10-29,Domingo,7.0,road running,Absoluta/General,191,26,Corbera de Llobregat,Baix Llobregat,Catalunya
championsxip,MILLA SAGRADA FAMILIA,2023-10-29,Domingo,0.0,road running,Absoluta/General,18,0,Barcelona,,Barcelona
championsxip,MILLA SAGRADA FAMILIA,2023-10-29,Domingo,0.0,road running,Absoluta/General,0,73,Barcelona,,Barcelona
championsxip,MILLA SAGRADA FAMILIA,2023-10-29,Domingo,0.0,road running,Infantil,1,11,Barcelona,,Barcelona
championsxip,MILLA SAGRADA FAMILIA,2023-10-29,Domingo,0.0,road running,Infantil,22,0,Barcelona,,Barcelona
championsxip,MILLA SAGRADA FAMILIA,2023-10-29,Domingo,0.0,road running,Infantil,0,11,Barcelona,,Barcelona
championsxip,MILLA SAGRADA FAMILIA,2023-10-29,Domingo,0.0,road running,Absoluta/General,22,0,Barcelona,,Barcelona
championsxip,MILLA SAGRADA FAMILIA,2023-10-29,Domingo,0.0,road running,Absoluta/General,0,37,Barcelona,,Barcelona
championsxip,MILLA SAGRADA FAMILIA,2023-10-29,Domingo,0.0,road running,Infantil,32,35,Barcelona,,Barcelona
championsxip,MILLA SAGRADA FAMILIA,2023-10-29,Domingo,0.0,road running,Infantil,37,48,Barcelona,,Barcelona
championsxip,MILLA SAGRADA FAMILIA,2023-10-29,Domingo,0.0,road running,Absoluta/General,35,40,Barcelona,,Barcelona
championsxip,MILLA SAGRADA FAMILIA,2023-10-29,Domingo,0.0,road running,Absoluta/General,41,64,Barcelona,,Barcelona
championsxip,MILLA SAGRADA FAMILIA,2023-10-29,Domingo,0.0,road running,Absoluta/General,42,57,Barcelona,,Barcelona
championsxip,MILLA SAGRADA FAMILIA,2023-10-29,Domingo,0.0,road running,Absoluta/General,34,44,Barcelona,,Barcelona
championsxip,XXÈ CROS DE SANT MARTÍ,2023-10-29,Domingo,0.0,trail running,Infantil,4,10,Barcelona,,Barcelona
championsxip,XXÈ CROS DE SANT MARTÍ,2023-10-29,Domingo,0.0,trail running,Infantil,12,18,Barcelona,,Barcelona
championsxip,XXÈ CROS DE SANT MARTÍ,2023-10-29,Domingo,0.0,trail running,Infantil,13,15,Barcelona,,Barcelona
championsxip,XXÈ CROS DE SANT MARTÍ,2023-10-29,Domingo,0.0,trail running,Infantil,12,22,Barcelona,,Barcelona
championsxip,XXÈ CROS DE SANT MARTÍ,2023-10-29,Domingo,0.0,trail running,Infantil,17,0,Barcelona,,Barcelona
championsxip,XXÈ CROS DE SANT MARTÍ,2023-10-29,Domingo,0.0,trail running,Infantil,0,25,Barcelona,,Barcelona
championsxip,XXÈ CROS DE SANT MARTÍ,2023-10-29,Domingo,0.0,trail running,Infantil,24,0,Barcelona,,Barcelona
championsxip,XXÈ CROS DE SANT MARTÍ,2023-10-29,Domingo,0.0,trail running,Infantil,0,21,Barcelona,,Barcelona
championsxip,XXÈ CROS DE SANT MARTÍ,2023-10-29,Domingo,0.0,trail running,Infantil,14,0,Barcelona,,Barcelona
championsxip,XXÈ CROS DE SANT MARTÍ,2023-10-29,Domingo,0.0,trail running,Infantil,0,31,Barcelona,,Barcelona
championsxip,XXÈ CROS DE SANT MARTÍ,2023-10-29,Domingo,0.0,trail running,Infantil,10,0,Barcelona,,Barcelona
championsxip,XXÈ CROS DE SANT MARTÍ,2023-10-29,Domingo,0.0,trail running,Infantil,0,25,Barcelona,,Barcelona
championsxip,XXÈ CROS DE SANT MARTÍ,2023-10-29,Domingo,0.0,trail running,Infantil,7,12,Barcelona,,Barcelona
championsxip,XXÈ CROS DE SANT MARTÍ,2023-10-29,Domingo,0.0,trail running,Infantil,4,2,Barcelona,,Barcelona
championsxip,XVI CURSA I CAMINADA LLUIS COMPANYS,2023-11-04,Sábado,10.0,road running,Absoluta/General,0,30,,,
championsxip,59È CROS ESCOLAR DE CORNELLÀ DE LLOBREGAT,2023-11-04,Sábado,0.0,trail running,Infantil,0,3,Cornellà de Llobregat,,Barcelona
championsxip,59È CROS ESCOLAR DE CORNELLÀ DE LLOBREGAT,2023-11-04,Sábado,0.0,trail running,Infantil,3,9,Cornellà de Llobregat,,Barcelona
championsxip,59È CROS ESCOLAR DE CORNELLÀ DE LLOBREGAT,2023-11-04,Sábado,0.0,trail running,Infantil,0,18,Cornellà de Llobregat,,Barcelona
championsxip,59È CROS ESCOLAR DE CORNELLÀ DE LLOBREGAT,2023-11-04,Sábado,0.0,trail running,Infantil,24,0,Cornellà de Llobregat,,Barcelona
championsxip,59È CROS ESCOLAR DE CORNELLÀ DE LLOBREGAT,2023-11-04,Sábado,0.0,trail running,Absoluta/General,26,35,Cornellà de Llobregat,,Barcelona
championsxip,59È CROS ESCOLAR DE CORNELLÀ DE LLOBREGAT,2023-11-04,Sábado,0.0,trail running,Absoluta/General,14,27,Cornellà de Llobregat,,Barcelona
championsxip,59È CROS ESCOLAR DE CORNELLÀ DE LLOBREGAT,2023-11-04,Sábado,0.0,trail running,Absoluta/General,20,39,Cornellà de Llobregat,,Barcelona
championsxip,59È CROS ESCOLAR DE CORNELLÀ DE LLOBREGAT,2023-11-04,Sábado,0.0,trail running,Absoluta/General,13,35,Cornellà de Llobregat,,Barcelona
championsxip,59È CROS ESCOLAR DE CORNELLÀ DE LLOBREGAT,2023-11-04,Sábado,0.0,trail running,Absoluta/General,24,42,Cornellà de Llobregat,,Barcelona
championsxip,59È CROS ESCOLAR DE CORNELLÀ DE LLOBREGAT,2023-11-04,Sábado,0.0,trail running,Absoluta/General,37,55,Cornellà de Llobregat,,Barcelona
championsxip,59È CROS ESCOLAR DE CORNELLÀ DE LLOBREGAT,2023-11-04,Sábado,0.0,trail running,Absoluta/General,30,28,Cornellà de Llobregat,,Barcelona
championsxip,59È CROS ESCOLAR DE CORNELLÀ DE LLOBREGAT,2023-11-04,Sábado,0.0,trail running,Absoluta/General,10,18,Cornellà de Llobregat,,Barcelona
championsxip,43È CROS DELS ARENYS,2023-11-04,Sábado,0.0,trail running,Mayores/Veteranos,18,82,Arenys de Mar,,Barcelona
championsxip,43È CROS DELS ARENYS,2023-11-04,Sábado,0.0,trail running,Infantil,11,10,Arenys de Mar,,Barcelona
championsxip,43È CROS DELS ARENYS,2023-11-04,Sábado,0.0,trail running,Infantil,16,25,Arenys de Mar,,Barcelona
championsxip,43È CROS DELS ARENYS,2023-11-04,Sábado,0.0,trail running,Infantil,18,26,Arenys de Mar,,Barcelona
championsxip,43È CROS DELS ARENYS,2023-11-04,Sábado,0.0,trail running,Absoluta/General,12,29,Arenys de Mar,,Barcelona
championsxip,43È CROS DELS ARENYS,2023-11-04,Sábado,0.0,trail running,Infantil,24,41,Arenys de Mar,,Barcelona
championsxip,43È CROS DELS ARENYS,2023-11-04,Sábado,0.0,trail running,Infantil,22,41,Arenys de Mar,,Barcelona
championsxip,CROS POPULAR DE SANTS,2023-11-05,Domingo,10.0,road running,Absoluta/General,248,761,Barcelona,,Barcelona
championsxip,CROS POPULAR DE SANTS,2023-11-05,Domingo,1.609,road running,Absoluta/General,38,61,Barcelona,,Barcelona
championsxip,CROS POPULAR DE SANTS,2023-11-05,Domingo,1.5,road running,Absoluta/General,2,5,Barcelona,,Barcelona
championsxip,SALIGARDA TRAIL - LA GARRIGA,2023-11-05,Domingo,24.0,trail running,Absoluta/General,0,30,la Garriga,Vallès Oriental,Catalunya
championsxip,SALIGARDA TRAIL - LA GARRIGA,2023-11-05,Domingo,13.0,trail running,Absoluta/General,0,30,la Garriga,Vallès Oriental,Catalunya
championsxip,SALIGARDA TRAIL - LA GARRIGA,2023-11-05,Domingo,10.0,trail running,Absoluta/General,26,26,la Garriga,Vallès Oriental,Catalunya
championsxip,SALIGARDA TRAIL - LA GARRIGA,2023-11-05,Domingo,5.0,trail running,Absoluta/General,20,6,la Garriga,Vallès Oriental,Catalunya
championsxip,CURSA EL PONT DE VILOMARA I ROCAFORT,2023-11-05,Domingo,14.0,trail running,Absoluta/General,43,107,el Pont de Vilomara i Rocafort,,Barcelona
championsxip,CURSA EL PONT DE VILOMARA I ROCAFORT,2023-11-05,Domingo,5.0,trail running,Absoluta/General,20,21,el Pont de Vilomara i Rocafort,,Barcelona
championsxip,CURSA EL PONT DE VILOMARA I ROCAFORT,2023-11-05,Domingo,28.5,trail running,Absoluta/General,6,32,el Pont de Vilomara i Rocafort,,Barcelona
championsxip,CURSA EL PONT DE VILOMARA I ROCAFORT,2023-11-05,Domingo,1.8,trail running,Absoluta/General,10,9,el Pont de Vilomara i Rocafort,,Barcelona
championsxip,CURSA EL PONT DE VILOMARA I ROCAFORT,2023-11-05,Domingo,0.5,trail running,Absoluta/General,16,19,el Pont de Vilomara i Rocafort,,Barcelona
championsxip,14A CURSA POPULAR DE SANT VICENÇ DELS HORTS,2023-11-05,Domingo,10.0,road running,Absoluta/General,56,212,Sant Vicenç dels Horts,,Barcelona
championsxip,14A CURSA POPULAR DE SANT VICENÇ DELS HORTS,2023-11-05,Domingo,5.0,road running,Absoluta/General,53,88,Sant Vicenç dels Horts,,Barcelona
championsxip,CROS CIUTAT DE VIC,2023-11-05,Domingo,0.0,road running,Infantil,117,0,Vic,,Barcelona
championsxip,CROS CIUTAT DE VIC,2023-11-05,Domingo,0.0,road running,Infantil,0,121,Vic,,Barcelona
championsxip,CROS CIUTAT DE VIC,2023-11-05,Domingo,0.0,road running,Infantil,95,0,Vic,,Barcelona
championsxip,CROS CIUTAT DE VIC,2023-11-05,Domingo,0.0,road running,Infantil,0,137,Vic,,Barcelona
championsxip,CROS CIUTAT DE VIC,2023-11-05,Domingo,0.0,road running,Infantil,41,0,Vic,,Barcelona
championsxip,CROS CIUTAT DE VIC,2023-11-05,Domingo,0.0,road running,Infantil,0,102,Vic,,Barcelona
championsxip,CROS CIUTAT DE VIC,2023-11-05,Domingo,0.0,road running,Infantil,19,0,Vic,,Barcelona
championsxip,CROS CIUTAT DE VIC,2023-11-05,Domingo,0.0,road running,Infantil,0,49,Vic,,Barcelona
championsxip,CROS CIUTAT DE VIC,2023-11-05,Domingo,0.0,road running,Infantil,48,0,Vic,,Barcelona
championsxip,CROS CIUTAT DE VIC,2023-11-05,Domingo,0.0,road running,Infantil,0,130,Vic,,Barcelona
championsxip,CROS CIUTAT DE VIC,2023-11-05,Domingo,0.0,road running,Infantil,112,0,Vic,,Barcelona
championsxip,CROS CIUTAT DE VIC,2023-11-05,Domingo,0.0,road running,Infantil,0,105,Vic,,Barcelona
championsxip,CROS CIUTAT DE VIC,2023-11-05,Domingo,0.0,road running,Infantil,88,0,Vic,,Barcelona
championsxip,CROS CIUTAT DE VIC,2023-11-05,Domingo,0.0,road running,Infantil,0,83,Vic,,Barcelona
championsxip,CROS CIUTAT DE VIC,2023-11-05,Domingo,0.0,road running,Infantil,0,0,Vic,,Barcelona
championsxip,ELS 10 DE LES FRANQUESES,2023-11-12,Domingo,10.0,road running,Absoluta/General,0,30,Corró d'Avall,,Barcelona
championsxip,MILLES NOCTURNES CERDANYOLA,2023-11-18,Sábado,5.0,road running,Absoluta/General,0,30,,,
championsxip,3R CROS TORDERA,2023-11-18,Sábado,0.0,trail running,Mayores/Veteranos,0,30,Tordera,,Barcelona
championsxip,3R CROS TORDERA,2023-11-18,Sábado,0.0,trail running,Infantil,12,16,Tordera,,Barcelona
championsxip,3R CROS TORDERA,2023-11-18,Sábado,0.0,trail running,Infantil,15,28,Tordera,,Barcelona
championsxip,3R CROS TORDERA,2023-11-18,Sábado,0.0,trail running,Absoluta/General,10,30,Tordera,,Barcelona
championsxip,3R CROS TORDERA,2023-11-18,Sábado,0.0,trail running,Infantil,23,27,Tordera,,Barcelona
championsxip,3R CROS TORDERA,2023-11-18,Sábado,0.0,trail running,Infantil,24,42,Tordera,,Barcelona
championsxip,3R CROS TORDERA,2023-11-18,Sábado,0.0,trail running,Infantil,14,37,Tordera,,Barcelona
championsxip,CURSA POPULAR SANT MARTÍ,2023-11-19,Domingo,10.0,road running,Absoluta/General,0,30,Barcelona,,Barcelona
championsxip,CURSA POPULAR SANT MARTÍ,2023-11-19,Domingo,5.0,road running,Absoluta/General,100,126,Barcelona,,Barcelona
championsxip,24ENA CURSA DE MARTORELL CAMPIONAT DE CATALUNYA...,2023-11-19,Domingo,5.0,road running,Absoluta/General,0,30,,,
championsxip,24ENA CURSA DE MARTORELL CAMPIONAT DE CATALUNYA...,2023-11-19,Domingo,0.0,road running,Infantil,14,12,,,
championsxip,24ENA CURSA DE MARTORELL CAMPIONAT DE CATALUNYA...,2023-11-19,Domingo,0.0,road running,Infantil,43,36,,,
championsxip,24ENA CURSA DE MARTORELL CAMPIONAT DE CATALUNYA...,2023-11-19,Domingo,0.0,road running,Infantil,21,22,,,
championsxip,CORREBLAU 2023,2023-11-19,Domingo,10.0,road running,Absoluta/General,73,181,,,
championsxip,CORREBLAU 2023,2023-11-19,Domingo,5.0,road running,Absoluta/General,228,211,,,
championsxip,VIII VINYA-CROSS SOLIDARI OLLER DEL MAS,2023-11-19,Domingo,10.0,trail running,Absoluta/General,155,225,,,
championsxip,VIII VINYA-CROSS SOLIDARI OLLER DEL MAS,2023-11-19,Domingo,5.0,trail running,Absoluta/General,233,140,,,
championsxip,VIII VINYA-CROSS SOLIDARI OLLER DEL MAS,2023-11-19,Domingo,20.0,trail running,Absoluta/General,8,67,,,
championsxip,CROS 3TURONS-LA DIABLADA,2023-11-19,Domingo,12.0,trail running,Absoluta/General,89,398,,,
championsxip,VI CROS DE CARDEDEU,2023-11-25,Sábado,0.0,trail running,Absoluta/General,8,31,Cardedeu,,Barcelona
championsxip,VI CROS DE CARDEDEU,2023-11-25,Sábado,0.0,trail running,Infantil,4,10,Cardedeu,,Barcelona
championsxip,VI CROS DE CARDEDEU,2023-11-25,Sábado,0.0,trail running,Infantil,0,23,Cardedeu,,Barcelona
championsxip,VI CROS DE CARDEDEU,2023-11-25,Sábado,0.0,trail running,Infantil,15,0,Cardedeu,,Barcelona
championsxip,VI CROS DE CARDEDEU,2023-11-25,Sábado,0.0,trail running,Infantil,0,35,Cardedeu,,Barcelona
championsxip,VI CROS DE CARDEDEU,2023-11-25,Sábado,0.0,trail running,Infantil,20,0,Cardedeu,,Barcelona
championsxip,VI CROS DE CARDEDEU,2023-11-25,Sábado,0.0,trail running,Infantil,0,48,Cardedeu,,Barcelona
championsxip,VI CROS DE CARDEDEU,2023-11-25,Sábado,0.0,trail running,Infantil,22,0,Cardedeu,,Barcelona
championsxip,VI CROS DE CARDEDEU,2023-11-25,Sábado,0.0,trail running,Infantil,0,30,Cardedeu,,Barcelona
championsxip,VI CROS DE CARDEDEU,2023-11-25,Sábado,0.0,trail running,Infantil,29,0,Cardedeu,,Barcelona
championsxip,1R CROS DE LLAVANERES,2023-11-25,Sábado,0.0,trail running,Mayores/Veteranos,22,80,Sant Andreu de Llavaneres,,Barcelona
championsxip,1R CROS DE LLAVANERES,2023-11-25,Sábado,0.0,trail running,Absoluta/General,10,26,Sant Andreu de Llavaneres,,Barcelona
championsxip,1R CROS DE LLAVANERES,2023-11-25,Sábado,0.0,trail running,Infantil,11,19,Sant Andreu de Llavaneres,,Barcelona
championsxip,1R CROS DE LLAVANERES,2023-11-25,Sábado,0.0,trail running,Infantil,13,21,Sant Andreu de Llavaneres,,Barcelona
championsxip,1R CROS DE LLAVANERES,2023-11-25,Sábado,0.0,trail running,Infantil,20,28,Sant Andreu de Llavaneres,,Barcelona
championsxip,1R CROS DE LLAVANERES,2023-11-25,Sábado,0.0,trail running,Infantil,18,29,Sant Andreu de Llavaneres,,Barcelona
championsxip,1R CROS DE LLAVANERES,2023-11-25,Sábado,0.0,trail running,Infantil,27,32,Sant Andreu de Llavaneres,,Barcelona
championsxip,100 JEAN BOUIN OPEN,2023-11-26,Domingo,10.0,road running,Absoluta/General,0,60,,,
championsxip,100 JEAN BOUIN OPEN,2023-11-26,Domingo,5.0,road running,Absoluta/General,0,30,,,
championsxip,JEAN BOUIN FEDERATS I ESCOLARS,2023-11-26,Domingo,0.0,road running,Absoluta/General,24,58,,,
championsxip,JEAN BOUIN FEDERATS I ESCOLARS,2023-11-26,Domingo,0.0,road running,Absoluta/General,50,69,,,
championsxip,JEAN BOUIN FEDERATS I ESCOLARS,2023-11-26,Domingo,0.0,road running,Infantil,47,55,,,
championsxip,JEAN BOUIN FEDERATS I ESCOLARS,2023-11-26,Domingo,0.0,road running,Infantil,43,63,,,
championsxip,JEAN BOUIN FEDERATS I ESCOLARS,2023-11-26,Domingo,0.0,road running,Infantil,49,75,,,
championsxip,JEAN BOUIN FEDERATS I ESCOLARS,2023-11-26,Domingo,0.0,road running,Infantil,53,75,,,
championsxip,JEAN BOUIN FEDERATS I ESCOLARS,2023-11-26,Domingo,0.0,road running,Infantil,37,73,,,
championsxip,JEAN BOUIN FEDERATS I ESCOLARS,2023-11-26,Domingo,0.0,road running,Infantil,36,69,,,
championsxip,JEAN BOUIN FEDERATS I ESCOLARS,2023-11-26,Domingo,0.0,road running,Infantil,3,0,,,
championsxip,JEAN BOUIN FEDERATS I ESCOLARS,2023-11-26,Domingo,0.0,road running,Infantil,0,7,,,
championsxip,JEAN BOUIN FEDERATS I ESCOLARS,2023-11-26,Domingo,0.0,road running,Absoluta/General,6,0,,,
championsxip,JEAN BOUIN FEDERATS I ESCOLARS,2023-11-26,Domingo,0.0,road running,Absoluta/General,0,11,,,
championsxip,37A PUJADA I BAIXADA A GUANTA,2023-12-03,Domingo,12.3,trail running,Absoluta/General,108,371,,,
championsxip,37A PUJADA I BAIXADA A GUANTA,2023-12-03,Domingo,6.0,trail running,Absoluta/General,36,56,,,
championsxip,CURSA DE SANT ANDREU - BARCELONA,2023-12-06,Miércoles,5.0,road running,Absoluta/General,0,60,Barcelona,,Barcelona
championsxip,28È CROS DE MALGRAT.,2023-12-08,Viernes,0.0,trail running,Mayores/Veteranos,0,30,Cervera,,Lleida
championsxip,28È CROS DE MALGRAT.,2023-12-08,Viernes,0.0,trail running,Infantil,11,11,Cervera,,Lleida
championsxip,28È CROS DE MALGRAT.,2023-12-08,Viernes,0.0,trail running,Infantil,12,20,Cervera,,Lleida
championsxip,28È CROS DE MALGRAT.,2023-12-08,Viernes,0.0,trail running,Absoluta/General,6,23,Cervera,,Lleida
championsxip,28È CROS DE MALGRAT.,2023-12-08,Viernes,0.0,trail running,Infantil,20,20,Cervera,,Lleida
championsxip,28È CROS DE MALGRAT.,2023-12-08,Viernes,0.0,trail running,Infantil,22,31,Cervera,,Lleida
championsxip,28È CROS DE MALGRAT.,2023-12-08,Viernes,0.0,trail running,Infantil,14,29,Cervera,,Lleida
championsxip,LA SANSI 16 VILADECANS,2023-12-10,Domingo,5.0,road running,Absoluta/General,0,30,,,
championsxip,LA NADALENCA- SANTA COLOMA DE GRAMENET 2023,2023-12-16,Sábado,5.0,road running,Absoluta/General,1214,941,,,
championsxip,24 HORES ULTRAFONS EN PISTA,2023-12-16,Sábado,0.0,road running,Absoluta/General,0,0,Mota del Cuervo,,Cuenca
championsxip,MITJA MARATÓ CIUTAT DE VILANOVA,2023-12-17,Domingo,21.0,road running,Absoluta/General,0,30,Vilanova i la Geltrú,,Barcelona
championsxip,MITJA MARATÓ CIUTAT DE VILANOVA,2023-12-17,Domingo,10.0,road running,Absoluta/General,150,296,Vilanova i la Geltrú,,Barcelona
championsxip,45A CURSA POPULAR DE LA SAGRERA,2023-12-17,Domingo,10.0,road running,Absoluta/General,0,30,Barcelona,,Barcelona
championsxip,45A CURSA POPULAR DE LA SAGRERA,2023-12-17,Domingo,5.0,road running,Absoluta/General,94,132,Barcelona,,Barcelona
championsxip,CARRERA DE LAS CIUDADES CONTRA EL CÁNCER DE PÁN...,2023-12-17,Domingo,10.0,road running,Absoluta/General,212,281,,,
championsxip,CARRERA DE LAS CIUDADES CONTRA EL CÁNCER DE PÁN...,2023-12-17,Domingo,5.0,road running,Absoluta/General,232,189,,,
championsxip,LA CURSA DE LA UAB - LA MARATÓ DE TV3,2023-12-17,Domingo,11.6,road running,Absoluta/General,49,144,Sant Joan Despí,Baix Llobregat,Catalunya
championsxip,LA CURSA DE LA UAB - LA MARATÓ DE TV3,2023-12-17,Domingo,6.0,road running,Absoluta/General,108,92,Sant Joan Despí,Baix Llobregat,Catalunya
championsxip,57 CROS DE GRANOLLERS,2023-12-17,Domingo,0.0,trail running,Mayores/Veteranos,17,41,Granollers,,Barcelona
championsxip,57 CROS DE GRANOLLERS,2023-12-17,Domingo,0.0,trail running,Infantil,8,0,Granollers,,Barcelona
championsxip,57 CROS DE GRANOLLERS,2023-12-17,Domingo,0.0,trail running,Infantil,0,23,Granollers,,Barcelona
championsxip,57 CROS DE GRANOLLERS,2023-12-17,Domingo,0.0,trail running,Infantil,36,0,Granollers,,Barcelona
championsxip,57 CROS DE GRANOLLERS,2023-12-17,Domingo,0.0,trail running,Infantil,0,45,Granollers,,Barcelona
championsxip,57 CROS DE GRANOLLERS,2023-12-17,Domingo,0.0,trail running,Infantil,10,0,Granollers,,Barcelona
championsxip,57 CROS DE GRANOLLERS,2023-12-17,Domingo,0.0,trail running,Infantil,0,20,Granollers,,Barcelona
championsxip,57 CROS DE GRANOLLERS,2023-12-17,Domingo,0.0,trail running,Infantil,0,17,Granollers,,Barcelona
championsxip,57 CROS DE GRANOLLERS,2023-12-17,Domingo,0.0,trail running,Infantil,9,0,Granollers,,Barcelona
championsxip,57 CROS DE GRANOLLERS,2023-12-17,Domingo,0.0,trail running,Infantil,0,33,Granollers,,Barcelona
championsxip,57 CROS DE GRANOLLERS,2023-12-17,Domingo,0.0,trail running,Infantil,30,0,Granollers,,Barcelona
championsxip,57 CROS DE GRANOLLERS,2023-12-17,Domingo,0.0,trail running,Infantil,0,42,Granollers,,Barcelona
championsxip,57 CROS DE GRANOLLERS,2023-12-17,Domingo,0.0,trail running,Infantil,24,0,Granollers,,Barcelona
championsxip,57 CROS DE GRANOLLERS,2023-12-17,Domingo,0.0,trail running,Infantil,0,38,Granollers,,Barcelona
championsxip,57 CROS DE GRANOLLERS,2023-12-17,Domingo,0.0,trail running,Infantil,6,11,Granollers,,Barcelona
championsxip,15È CROS D’ALELLA,2023-12-17,Domingo,0.0,trail running,Mayores/Veteranos,16,75,Alella,,Barcelona
championsxip,15È CROS D’ALELLA,2023-12-17,Domingo,0.0,trail running,Infantil,11,17,Alella,,Barcelona
championsxip,15È CROS D’ALELLA,2023-12-17,Domingo,0.0,trail running,Infantil,9,16,Alella,,Barcelona
championsxip,15È CROS D’ALELLA,2023-12-17,Domingo,0.0,trail running,Infantil,10,15,Alella,,Barcelona
championsxip,15È CROS D’ALELLA,2023-12-17,Domingo,0.0,trail running,Infantil,19,31,Alella,,Barcelona
championsxip,15È CROS D’ALELLA,2023-12-17,Domingo,0.0,trail running,Infantil,15,28,Alella,,Barcelona
championsxip,15È CROS D’ALELLA,2023-12-17,Domingo,0.0,trail running,Absoluta/General,6,17,Alella,,Barcelona
championsxip,44A SAN SILVESTRE DEL MASNOU 5KM,2023-12-26,Martes,5.0,road running,Absoluta/General,0,60,,,
championsxip,40ª EDICIÓ EL CAPÓ PUJA AL CASTELL,2023-12-30,Sábado,6.5,road running,Absoluta/General,106,240,,,
championsxip,CURSA DELS NASSOS - BARCELONA,2023-12-31,Domingo,10.0,road running,Absoluta/General,0,60,Barcelona,Barcelonès,Catalunya
championsxip,CURSA DELS NASSOS - BARCELONA,2023-12-31,Domingo,5.0,road running,Absoluta/General,0,39,Barcelona,Barcelonès,Catalunya
championsxip,CURSA DELS NASSOS - BARCELONA,2023-12-31,Domingo,5.0,road running,Absoluta/General,25,0,Barcelona,Barcelonès,Catalunya
championsxip,CURSA DELS NASSOS - BARCELONA,2023-12-31,Domingo,0.0,road running,Absoluta/General,0,1,Barcelona,Barcelonès,Catalunya
championsxip,SANT SILVESTRE RACC BADALONA,2023-12-31,Domingo,10.0,road running,Absoluta/General,154,446,Badalona,Barcelonès,Catalunya
championsxip,SANT SILVESTRE RACC BADALONA,2023-12-31,Domingo,5.0,road running,Absoluta/General,220,286,Badalona,Barcelonès,Catalunya
championsxip,12A CURSA DE CAP D’ANY DE SABADELL,2023-12-31,Domingo,10.0,road running,Absoluta/General,89,434,,,
championsxip,12A CURSA DE CAP D’ANY DE SABADELL,2023-12-31,Domingo,5.0,road running,Absoluta/General,632,1042,,,
championsxip,SANT SILVESTRE DE BERGA,2023-12-31,Domingo,5.0,road running,Absoluta/General,0,30,Berga,Berguedà,Catalunya
championsxip,9A CURSA SOLIDÀRIA DE REIS - CORNELLÀ DE LLOBREGAT,2024-01-07,Domingo,5.0,road running,Absoluta/General,368,635,,,
championsxip,MITJA MARATÓ DE SITGES,2024-01-14,Domingo,21.097,road running,Absoluta/General,0,60,Sitges,,Barcelona
championsxip,MITJA MARATÓ DE SITGES,2024-01-14,Domingo,10.0,road running,Absoluta/General,0,30,Sitges,,Barcelona
championsxip,CINC CIMS CORBERA DE LLOBREGAT,2024-01-14,Domingo,27.0,trail running,Absoluta/General,0,30,Corbera de Llobregat,Baix Llobregat,Catalunya
championsxip,CINC CIMS CORBERA DE LLOBREGAT,2024-01-14,Domingo,10.0,trail running,Absoluta/General,129,235,Corbera de Llobregat,Baix Llobregat,Catalunya
championsxip,53È CROS CIUTAT DE MATARÓ,2024-01-14,Domingo,0.0,road running,Infantil,69,0,Mataró,,Barcelona
championsxip,53È CROS CIUTAT DE MATARÓ,2024-01-14,Domingo,0.0,road running,Infantil,0,78,Mataró,,Barcelona
championsxip,53È CROS CIUTAT DE MATARÓ,2024-01-14,Domingo,0.0,road running,Infantil,36,0,Mataró,,Barcelona
championsxip,53È CROS CIUTAT DE MATARÓ,2024-01-14,Domingo,0.0,road running,Infantil,0,56,Mataró,,Barcelona
championsxip,53È CROS CIUTAT DE MATARÓ,2024-01-14,Domingo,0.0,road running,Infantil,22,0,Mataró,,Barcelona
championsxip,53È CROS CIUTAT DE MATARÓ,2024-01-14,Domingo,0.0,road running,Infantil,0,38,Mataró,,Barcelona
championsxip,53È CROS CIUTAT DE MATARÓ,2024-01-14,Domingo,0.0,road running,Infantil,11,0,Mataró,,Barcelona
championsxip,53È CROS CIUTAT DE MATARÓ,2024-01-14,Domingo,0.0,road running,Infantil,0,28,Mataró,,Barcelona
championsxip,53È CROS CIUTAT DE MATARÓ,2024-01-14,Domingo,0.0,road running,Infantil,26,0,Mataró,,Barcelona
championsxip,53È CROS CIUTAT DE MATARÓ,2024-01-14,Domingo,0.0,road running,Infantil,0,45,Mataró,,Barcelona
championsxip,53È CROS CIUTAT DE MATARÓ,2024-01-14,Domingo,0.0,road running,Infantil,70,0,Mataró,,Barcelona
championsxip,53È CROS CIUTAT DE MATARÓ,2024-01-14,Domingo,0.0,road running,Infantil,0,72,Mataró,,Barcelona
championsxip,53È CROS CIUTAT DE MATARÓ,2024-01-14,Domingo,0.0,road running,Infantil,45,0,Mataró,,Barcelona
championsxip,53È CROS CIUTAT DE MATARÓ,2024-01-14,Domingo,0.0,road running,Infantil,0,66,Mataró,,Barcelona
championsxip,53È CROS CIUTAT DE MATARÓ,2024-01-14,Domingo,0.0,road running,Infantil,4,17,Mataró,,Barcelona
championsxip,7È CROS DE PINEDA DE MAR,2024-01-20,Sábado,0.0,trail running,Mayores/Veteranos,7,48,Pineda de Mar,,Barcelona
championsxip,7È CROS DE PINEDA DE MAR,2024-01-20,Sábado,0.0,trail running,Infantil,8,9,Pineda de Mar,,Barcelona
championsxip,7È CROS DE PINEDA DE MAR,2024-01-20,Sábado,0.0,trail running,Infantil,19,21,Pineda de Mar,,Barcelona
championsxip,7È CROS DE PINEDA DE MAR,2024-01-20,Sábado,0.0,trail running,Absoluta/General,7,15,Pineda de Mar,,Barcelona
championsxip,7È CROS DE PINEDA DE MAR,2024-01-20,Sábado,0.0,trail running,Infantil,12,31,Pineda de Mar,,Barcelona
championsxip,7È CROS DE PINEDA DE MAR,2024-01-20,Sábado,0.0,trail running,Infantil,21,31,Pineda de Mar,,Barcelona
championsxip,7È CROS DE PINEDA DE MAR,2024-01-20,Sábado,0.0,trail running,Infantil,9,13,Pineda de Mar,,Barcelona
championsxip,XXV CURSA SANT VICENÇ MOLLET DEL VALLÈS,2024-01-21,Domingo,10.0,road running,Absoluta/General,0,30,Mollet del Vallès,,Barcelona
championsxip,XXV CURSA SANT VICENÇ MOLLET DEL VALLÈS,2024-01-21,Domingo,5.0,road running,Absoluta/General,108,163,Mollet del Vallès,,Barcelona
championsxip,CURSA MORITZ SANT ANTONI - CAMPIONAT DE CATALUNYA,2024-01-21,Domingo,10.0,road running,Absoluta/General,0,60,,,
championsxip,CURSA MORITZ SANT ANTONI - CAMPIONAT DE CATALUNYA,2024-01-21,Domingo,0.0,road running,Infantil,37,42,,,
championsxip,CURSA MORITZ SANT ANTONI - CAMPIONAT DE CATALUNYA,2024-01-21,Domingo,0.0,road running,Infantil,66,81,,,
championsxip,CURSA MORITZ SANT ANTONI - CAMPIONAT DE CATALUNYA,2024-01-21,Domingo,0.0,road running,Infantil,61,101,,,
championsxip,TRAIL VILA DE CREIXELL,2024-01-21,Domingo,17.3,trail running,Absoluta/General,0,30,Creixell,,Tarragona
championsxip,TRAIL VILA DE CREIXELL,2024-01-21,Domingo,3.7,trail running,Absoluta/General,10,9,Creixell,,Tarragona
championsxip,3A MILLA MUNDIAL DELS MIOPS,2024-01-21,Domingo,1.609,road running,Absoluta/General,19,32,,,
championsxip,MITJA DE TERRASSA,2024-01-28,Domingo,21.097,road running,Absoluta/General,166,852,Terrassa,,Barcelona
championsxip,MITJA DE TERRASSA,2024-01-28,Domingo,5.0,road running,Absoluta/General,247,326,Terrassa,,Barcelona
championsxip,SENDERS DE CAN COSTA,2024-01-28,Domingo,18.0,trail running,Absoluta/General,16,107,,,
championsxip,SENDERS DE CAN COSTA,2024-01-28,Domingo,10.0,trail running,Absoluta/General,36,74,,,
championsxip,XXÈ CROS DE LES CORTS 2024,2024-01-28,Domingo,0.0,trail running,Infantil,23,2,Barcelona,,Barcelona
championsxip,XXÈ CROS DE LES CORTS 2024,2024-01-28,Domingo,0.0,trail running,Infantil,18,11,Barcelona,,Barcelona
championsxip,XXÈ CROS DE LES CORTS 2024,2024-01-28,Domingo,0.0,trail running,Infantil,15,13,Barcelona,,Barcelona
championsxip,XXÈ CROS DE LES CORTS 2024,2024-01-28,Domingo,0.0,trail running,Infantil,22,11,Barcelona,,Barcelona
championsxip,XXÈ CROS DE LES CORTS 2024,2024-01-28,Domingo,0.0,trail running,Infantil,24,0,Barcelona,,Barcelona
championsxip,XXÈ CROS DE LES CORTS 2024,2024-01-28,Domingo,0.0,trail running,Infantil,0,20,Barcelona,,Barcelona
championsxip,XXÈ CROS DE LES CORTS 2024,2024-01-28,Domingo,0.0,trail running,Infantil,32,0,Barcelona,,Barcelona
championsxip,XXÈ CROS DE LES CORTS 2024,2024-01-28,Domingo,0.0,trail running,Infantil,0,23,Barcelona,,Barcelona
championsxip,XXÈ CROS DE LES CORTS 2024,2024-01-28,Domingo,0.0,trail running,Infantil,20,0,Barcelona,,Barcelona
championsxip,XXÈ CROS DE LES CORTS 2024,2024-01-28,Domingo,0.0,trail running,Infantil,0,31,Barcelona,,Barcelona
championsxip,XXÈ CROS DE LES CORTS 2024,2024-01-28,Domingo,0.0,trail running,Infantil,23,0,Barcelona,,Barcelona
championsxip,XXÈ CROS DE LES CORTS 2024,2024-01-28,Domingo,0.0,trail running,Infantil,0,23,Barcelona,,Barcelona
championsxip,XXÈ CROS DE LES CORTS 2024,2024-01-28,Domingo,0.0,trail running,Infantil,10,13,Barcelona,,Barcelona
championsxip,XXÈ CROS DE LES CORTS 2024,2024-01-28,Domingo,0.0,trail running,Infantil,12,6,Barcelona,,Barcelona
championsxip,30È CROS DE CALELLA,2024-01-28,Domingo,0.0,trail running,Absoluta/General,8,21,Calella,,Barcelona
championsxip,30È CROS DE CALELLA,2024-01-28,Domingo,0.0,trail running,Mayores/Veteranos,7,35,Calella,,Barcelona
championsxip,30È CROS DE CALELLA,2024-01-28,Domingo,0.0,trail running,Infantil,6,17,Calella,,Barcelona
championsxip,30È CROS DE CALELLA,2024-01-28,Domingo,0.0,trail running,Infantil,16,21,Calella,,Barcelona
championsxip,30È CROS DE CALELLA,2024-01-28,Domingo,0.0,trail running,Infantil,16,29,Calella,,Barcelona
championsxip,30È CROS DE CALELLA,2024-01-28,Domingo,0.0,trail running,Infantil,20,37,Calella,,Barcelona
championsxip,30È CROS DE CALELLA,2024-01-28,Domingo,0.0,trail running,Infantil,12,18,Calella,,Barcelona
championsxip,CAMPIONAT DE CATALUNYA TRAIL PROMOCIÓ + OPEN OLESA,2024-02-03,Sábado,0.0,road running,Infantil,0,30,,,
championsxip,CAMPIONAT DE CATALUNYA TRAIL PROMOCIÓ + OPEN OLESA,2024-02-03,Sábado,0.0,road running,Infantil,14,25,,,
championsxip,CAMPIONAT DE CATALUNYA TRAIL PROMOCIÓ + OPEN OLESA,2024-02-03,Sábado,0.0,road running,Infantil,7,18,,,
championsxip,CAMPIONAT DE CATALUNYA TRAIL PROMOCIÓ + OPEN OLESA,2024-02-03,Sábado,0.0,road running,Infantil,13,15,,,
championsxip,CAMPIONAT DE CATALUNYA TRAIL PROMOCIÓ + OPEN OLESA,2024-02-03,Sábado,0.0,road running,Infantil,5,20,,,
championsxip,MITJA MARATÓ COLOMENCA I 10K,2024-02-04,Domingo,21.097,road running,Absoluta/General,0,60,Santa Coloma de Gramenet,,Barcelona
championsxip,MITJA MARATÓ COLOMENCA I 10K,2024-02-04,Domingo,10.0,road running,Absoluta/General,0,30,Santa Coloma de Gramenet,,Barcelona
championsxip,2A OLI TRAIL MONTSERRAT,2024-02-04,Domingo,19.0,trail running,Absoluta/General,30,123,,,
championsxip,2A OLI TRAIL MONTSERRAT,2024-02-04,Domingo,11.0,trail running,Absoluta/General,69,126,,,
championsxip,27È CROS DE CANET,2024-02-04,Domingo,0.0,trail running,Infantil,24,0,Lleida,,Lleida
championsxip,27È CROS DE CANET,2024-02-04,Domingo,0.0,trail running,Infantil,0,36,Lleida,,Lleida
championsxip,27È CROS DE CANET,2024-02-04,Domingo,0.0,trail running,Infantil,34,0,Lleida,,Lleida
championsxip,27È CROS DE CANET,2024-02-04,Domingo,0.0,trail running,Infantil,0,48,Lleida,,Lleida
championsxip,27È CROS DE CANET,2024-02-04,Domingo,0.0,trail running,Absoluta/General,15,0,Lleida,,Lleida
championsxip,27È CROS DE CANET,2024-02-04,Domingo,0.0,trail running,Absoluta/General,0,58,Lleida,,Lleida
championsxip,27È CROS DE CANET,2024-02-04,Domingo,0.0,trail running,Infantil,7,17,Lleida,,Lleida
championsxip,CROS DE LA GARRIGA,2024-02-17,Sábado,0.0,trail running,Absoluta/General,2,19,la Garriga,,Barcelona
championsxip,CROS DE LA GARRIGA,2024-02-17,Sábado,0.0,trail running,Infantil,0,14,la Garriga,,Barcelona
championsxip,CROS DE LA GARRIGA,2024-02-17,Sábado,0.0,trail running,Infantil,10,0,la Garriga,,Barcelona
championsxip,CROS DE LA GARRIGA,2024-02-17,Sábado,0.0,trail running,Infantil,0,24,la Garriga,,Barcelona
championsxip,CROS DE LA GARRIGA,2024-02-17,Sábado,0.0,trail running,Infantil,17,0,la Garriga,,Barcelona
championsxip,CROS DE LA GARRIGA,2024-02-17,Sábado,0.0,trail running,Infantil,0,32,la Garriga,,Barcelona
championsxip,CROS DE LA GARRIGA,2024-02-17,Sábado,0.0,trail running,Infantil,22,0,la Garriga,,Barcelona
championsxip,CROS DE LA GARRIGA,2024-02-17,Sábado,0.0,trail running,Infantil,24,31,la Garriga,,Barcelona
championsxip,CROS DE LA GARRIGA,2024-02-17,Sábado,0.0,trail running,Infantil,22,26,la Garriga,,Barcelona
championsxip,CURSA MUNTANYA DEL FARELL,2024-02-18,Domingo,12.3,trail running,Absoluta/General,0,30,Caldes de Montbui,Vallès Oriental,Catalunya
championsxip,XXÈ CROS DE L'EIXAMPLE 2024,2024-02-18,Domingo,0.0,trail running,Infantil,1,3,Barcelona,,Barcelona
championsxip,XXÈ CROS DE L'EIXAMPLE 2024,2024-02-18,Domingo,0.0,trail running,Infantil,11,13,Barcelona,,Barcelona
championsxip,XXÈ CROS DE L'EIXAMPLE 2024,2024-02-18,Domingo,0.0,trail running,Infantil,12,15,Barcelona,,Barcelona
championsxip,XXÈ CROS DE L'EIXAMPLE 2024,2024-02-18,Domingo,0.0,trail running,Infantil,12,14,Barcelona,,Barcelona
championsxip,XXÈ CROS DE L'EIXAMPLE 2024,2024-02-18,Domingo,0.0,trail running,Infantil,18,0,Barcelona,,Barcelona
championsxip,XXÈ CROS DE L'EIXAMPLE 2024,2024-02-18,Domingo,0.0,trail running,Infantil,0,16,Barcelona,,Barcelona
championsxip,XXÈ CROS DE L'EIXAMPLE 2024,2024-02-18,Domingo,0.0,trail running,Infantil,22,0,Barcelona,,Barcelona
championsxip,XXÈ CROS DE L'EIXAMPLE 2024,2024-02-18,Domingo,0.0,trail running,Infantil,0,19,Barcelona,,Barcelona
championsxip,XXÈ CROS DE L'EIXAMPLE 2024,2024-02-18,Domingo,0.0,trail running,Infantil,21,0,Barcelona,,Barcelona
championsxip,XXÈ CROS DE L'EIXAMPLE 2024,2024-02-18,Domingo,0.0,trail running,Infantil,0,39,Barcelona,,Barcelona
championsxip,XXÈ CROS DE L'EIXAMPLE 2024,2024-02-18,Domingo,0.0,trail running,Infantil,19,0,Barcelona,,Barcelona
championsxip,XXÈ CROS DE L'EIXAMPLE 2024,2024-02-18,Domingo,0.0,trail running,Infantil,0,30,Barcelona,,Barcelona
championsxip,XXÈ CROS DE L'EIXAMPLE 2024,2024-02-18,Domingo,0.0,trail running,Infantil,10,18,Barcelona,,Barcelona
championsxip,XXÈ CROS DE L'EIXAMPLE 2024,2024-02-18,Domingo,0.0,trail running,Infantil,12,15,Barcelona,,Barcelona
championsxip,LA MINI 2024 GRANOLLERS,2024-02-24,Sábado,0.0,road running,Absoluta/General,64,0,Madrid,,Comunidad de Madrid
championsxip,LA MINI 2024 GRANOLLERS,2024-02-24,Sábado,0.0,road running,Absoluta/General,0,69,Madrid,,Comunidad de Madrid
championsxip,LA MINI 2024 GRANOLLERS,2024-02-24,Sábado,0.0,road running,Infantil,80,116,Madrid,,Comunidad de Madrid
championsxip,LA MINI 2024 GRANOLLERS,2024-02-24,Sábado,0.0,road running,Infantil,78,114,Madrid,,Comunidad de Madrid
championsxip,LA MINI 2024 GRANOLLERS,2024-02-24,Sábado,0.0,road running,Infantil,80,101,Madrid,,Comunidad de Madrid
championsxip,LA MINI 2024 GRANOLLERS,2024-02-24,Sábado,0.0,road running,Infantil,45,44,Madrid,,Comunidad de Madrid
championsxip,MITJA MARATÓ LA MITJA,2024-02-25,Domingo,21.0,road running,Absoluta/General,869,3019,Novelda,,Alacant / Alicante
championsxip,MITJA MARATÓ LA MITJA,2024-02-25,Domingo,10.0,road running,Absoluta/General,0,30,Novelda,,Alacant / Alicante
championsxip,MITJA MARATÓ LA MITJA,2024-02-25,Domingo,5.0,road running,Absoluta/General,268,256,Novelda,,Alacant / Alicante
championsxip,MITJA MARATÓ LA MITJA,2024-02-25,Domingo,5.0,road running,Infantil,83,91,Novelda,,Alacant / Alicante
championsxip,MITJA MARATÓ LA MITJA,2024-02-25,Domingo,0.0,road running,Absoluta/General,0,1,Novelda,,Alacant / Alicante
championsxip,SISMICA RACE,2024-02-25,Domingo,24.0,trail running,Absoluta/General,43,152,,,
championsxip,SISMICA RACE,2024-02-25,Domingo,10.0,trail running,Absoluta/General,93,195,,,
championsxip,XII CURSA BENÈFICA MALALTIES MINORITÀRIES,2024-02-25,Domingo,10.0,road running,Absoluta/General,144,275,,,
championsxip,XII CURSA BENÈFICA MALALTIES MINORITÀRIES,2024-02-25,Domingo,5.0,road running,Absoluta/General,112,122,,,
championsxip,BOTIFARUNNER LA LLACUNA,2024-02-25,Domingo,21.5,trail running,Absoluta/General,0,30,la Llacuna,Anoia,Catalunya
championsxip,BOTIFARUNNER LA LLACUNA,2024-02-25,Domingo,12.0,trail running,Absoluta/General,45,100,la Llacuna,Anoia,Catalunya
championsxip,CURSA DE LA DONA SANTA COLOMA DE GRAMENET,2024-03-02,Sábado,5.0,road running,Absoluta/General,1404,648,Santa Coloma de Gramenet,,Barcelona
championsxip,"UNIRUN, LA CURSA DE LES UNIVERSITATS",2024-03-03,Domingo,5.0,road running,Absoluta/General,0,30,Muro,Pla de Mallorca,Illes Balears
championsxip,CURSA DE LA DONA PINEDA,2024-03-10,Domingo,0.0,road running,Absoluta/General,289,169,Santa Coloma de Cervelló,,Barcelona
championsxip,CURSA CIENTÍFICA SANT PAU,2024-03-16,Sábado,5.0,road running,Absoluta/General,84,106,València,Comarca de València,Comunitat Valenciana
championsxip,TRAIL DE LLORET DE MAR,2024-03-17,Domingo,16.0,trail running,Absoluta/General,50,151,Lloret de Mar,,Girona
championsxip,TRAIL DE LLORET DE MAR,2024-03-17,Domingo,6.0,trail running,Absoluta/General,60,93,Lloret de Mar,,Girona
championsxip,PONLE FRENO BADALONA,2024-03-17,Domingo,10.0,road running,Absoluta/General,291,769,,,
championsxip,PONLE FRENO BADALONA,2024-03-17,Domingo,5.0,road running,Absoluta/General,406,401,,,
championsxip,8A CURSA MILLA SANTA PERPÈTUA PER LA INCLUSIO,2024-03-17,Domingo,0.0,road running,Infantil,16,19,,,
championsxip,8A CURSA MILLA SANTA PERPÈTUA PER LA INCLUSIO,2024-03-17,Domingo,0.0,road running,Infantil,25,32,,,
championsxip,8A CURSA MILLA SANTA PERPÈTUA PER LA INCLUSIO,2024-03-17,Domingo,0.0,road running,Infantil,26,13,,,
championsxip,8A CURSA MILLA SANTA PERPÈTUA PER LA INCLUSIO,2024-03-17,Domingo,0.0,road running,Infantil,36,16,,,
championsxip,8A CURSA MILLA SANTA PERPÈTUA PER LA INCLUSIO,2024-03-17,Domingo,1.609,road running,Absoluta/General,0,30,,,
championsxip,34A CURSA DE CALDES D’ESTRACH 3 VILES,2024-03-24,Domingo,10.0,road running,Absoluta/General,0,60,,,
championsxip,3A CURSA DE LA DONA 3 VILES DE 5 I 10KM,2024-03-24,Domingo,10.0,road running,Absoluta/General,0,30,,,
championsxip,3A CURSA DE LA DONA 3 VILES DE 5 I 10KM,2024-03-24,Domingo,5.0,road running,Absoluta/General,144,79,,,
championsxip,CROS ESCOLAR DE NOU BARRIS,2024-04-07,Domingo,0.0,trail running,Infantil,2,6,Barcelona,,Barcelona
championsxip,CROS ESCOLAR DE NOU BARRIS,2024-04-07,Domingo,0.0,trail running,Infantil,16,15,Barcelona,,Barcelona
championsxip,CROS ESCOLAR DE NOU BARRIS,2024-04-07,Domingo,0.0,trail running,Infantil,20,15,Barcelona,,Barcelona
championsxip,CROS ESCOLAR DE NOU BARRIS,2024-04-07,Domingo,0.0,trail running,Infantil,15,16,Barcelona,,Barcelona
championsxip,CROS ESCOLAR DE NOU BARRIS,2024-04-07,Domingo,0.0,trail running,Infantil,17,0,Barcelona,,Barcelona
championsxip,CROS ESCOLAR DE NOU BARRIS,2024-04-07,Domingo,0.0,trail running,Infantil,0,24,Barcelona,,Barcelona
championsxip,CROS ESCOLAR DE NOU BARRIS,2024-04-07,Domingo,0.0,trail running,Infantil,22,1,Barcelona,,Barcelona
championsxip,CROS ESCOLAR DE NOU BARRIS,2024-04-07,Domingo,0.0,trail running,Infantil,0,27,Barcelona,,Barcelona
championsxip,CROS ESCOLAR DE NOU BARRIS,2024-04-07,Domingo,0.0,trail running,Infantil,16,0,Barcelona,,Barcelona
championsxip,CROS ESCOLAR DE NOU BARRIS,2024-04-07,Domingo,0.0,trail running,Infantil,0,29,Barcelona,,Barcelona
championsxip,CROS ESCOLAR DE NOU BARRIS,2024-04-07,Domingo,0.0,trail running,Infantil,19,0,Barcelona,,Barcelona
championsxip,CROS ESCOLAR DE NOU BARRIS,2024-04-07,Domingo,0.0,trail running,Infantil,0,28,Barcelona,,Barcelona
championsxip,CROS ESCOLAR DE NOU BARRIS,2024-04-07,Domingo,0.0,trail running,Infantil,6,14,Barcelona,,Barcelona
championsxip,CROS ESCOLAR DE NOU BARRIS,2024-04-07,Domingo,0.0,trail running,Infantil,11,12,Barcelona,,Barcelona
championsxip,XXIXCURSA DE LA SANITAT CATALANA,2024-04-12,Viernes,10.0,trail running,Absoluta/General,72,183,,,
championsxip,XXIXCURSA DE LA SANITAT CATALANA,2024-04-12,Viernes,5.5,trail running,Absoluta/General,168,105,,,
championsxip,14A CURSA NOCTURNA DE L'HOSPITALET,2024-04-13,Sábado,10.0,road running,Absoluta/General,0,30,l'Hospitalet de Llobregat,,Barcelona
championsxip,14A CURSA NOCTURNA DE L'HOSPITALET,2024-04-13,Sábado,5.0,road running,Absoluta/General,0,30,l'Hospitalet de Llobregat,,Barcelona
championsxip,3A CURSA SOLIDÀRIA MOSSOS D'ESQUADRA BADALONA,2024-04-14,Domingo,10.0,road running,Absoluta/General,415,640,Badalona,,Barcelona
championsxip,3A CURSA SOLIDÀRIA MOSSOS D'ESQUADRA BADALONA,2024-04-14,Domingo,5.0,road running,Absoluta/General,468,464,Badalona,,Barcelona
championsxip,CURSA MEDIJOCS,2024-04-20,Sábado,0.0,trail running,Absoluta/General,79,145,,,
championsxip,CURSA MEDIJOCS,2024-04-20,Sábado,0.0,trail running,Infantil,13,25,,,
championsxip,XIX MARATÓ DEL MEDITERRANI:,2024-04-21,Domingo,21.097,road running,Absoluta/General,0,30,Barcelona,,Barcelona
championsxip,XIX MARATÓ DEL MEDITERRANI:,2024-04-21,Domingo,10.0,road running,Absoluta/General,0,30,Barcelona,,Barcelona
championsxip,XIX MARATÓ DEL MEDITERRANI:,2024-04-21,Domingo,5.0,road running,Absoluta/General,0,30,Barcelona,,Barcelona
championsxip,XIX MARATÓ DEL MEDITERRANI:,2024-04-21,Domingo,21.097,road running,Absoluta/General,50,76,Barcelona,,Barcelona
championsxip,CAMPIONAT CATALUNYA MASTER TRAIL RUNNING - SANT...,2024-04-21,Domingo,16.0,trail running,Absoluta/General,19,49,,,
championsxip,CAMPIONAT CATALUNYA MASTER TRAIL RUNNING - SANT...,2024-04-21,Domingo,0.0,trail running,Absoluta/General,0,30,,,
championsxip,CURSA DELTA PRAT,2024-04-28,Domingo,10.0,road running,Absoluta/General,81,386,el Prat de Llobregat,,Barcelona
championsxip,CURSA DELTA PRAT,2024-04-28,Domingo,5.0,road running,Absoluta/General,160,247,el Prat de Llobregat,,Barcelona
championsxip,CURSA DELTA PRAT,2024-04-28,Domingo,0.0,road running,Absoluta/General,12,12,el Prat de Llobregat,,Barcelona
championsxip,CURSA DELTA PRAT,2024-04-28,Domingo,0.0,road running,Absoluta/General,12,10,el Prat de Llobregat,,Barcelona
championsxip,CURSA DELTA PRAT,2024-04-28,Domingo,0.0,road running,Absoluta/General,10,23,el Prat de Llobregat,,Barcelona
championsxip,13A MARATÓ PER EQUIPS/ ELS 7K DEL RIU,2024-04-28,Domingo,7.0,road running,Equipos,51,116,,,
championsxip,13A MARATÓ PER EQUIPS/ ELS 7K DEL RIU,2024-04-28,Domingo,0.0,road running,Equipos,12,117,,,
championsxip,4A TRAIL SOLIDÀRIA SERRAMARINA ALELLA,2024-04-28,Domingo,21.0,trail running,Absoluta/General,12,75,,,
championsxip,4A TRAIL SOLIDÀRIA SERRAMARINA ALELLA,2024-04-28,Domingo,12.0,trail running,Absoluta/General,78,121,,,
championsxip,CURSA MONTILIVI GIRONA,2024-04-28,Domingo,10.0,road running,Absoluta/General,128,292,Girona,,Girona
championsxip,CURSA MONTILIVI GIRONA,2024-04-28,Domingo,5.0,road running,Absoluta/General,135,149,Girona,,Girona
championsxip,CURSA DE LES TORTUGUES DE LA GARRIGA,2024-05-01,Miércoles,14.0,trail running,Absoluta/General,142,301,la Garriga,Vallès Oriental,Catalunya
championsxip,CURSA DE LES TORTUGUES DE LA GARRIGA,2024-05-01,Miércoles,7.0,trail running,Absoluta/General,124,133,la Garriga,Vallès Oriental,Catalunya
championsxip,28ENA CURSA DE CARDEDEU I CURSA SOLIDÀRIA,2024-05-05,Domingo,10.0,trail running,Absoluta/General,104,229,,,
championsxip,28ENA CURSA DE CARDEDEU I CURSA SOLIDÀRIA,2024-05-05,Domingo,21.0,trail running,Absoluta/General,0,30,,,
championsxip,CROS ESCOLAR DE SARRIÀ SANT GERVASI,2024-05-05,Domingo,0.0,trail running,Infantil,3,3,Barcelona,,Barcelona
championsxip,CROS ESCOLAR DE SARRIÀ SANT GERVASI,2024-05-05,Domingo,0.0,trail running,Infantil,5,10,Barcelona,,Barcelona
championsxip,CROS ESCOLAR DE SARRIÀ SANT GERVASI,2024-05-05,Domingo,0.0,trail running,Infantil,4,11,Barcelona,,Barcelona
championsxip,CROS ESCOLAR DE SARRIÀ SANT GERVASI,2024-05-05,Domingo,0.0,trail running,Infantil,8,7,Barcelona,,Barcelona
championsxip,CROS ESCOLAR DE SARRIÀ SANT GERVASI,2024-05-05,Domingo,0.0,trail running,Infantil,14,0,Barcelona,,Barcelona
championsxip,CROS ESCOLAR DE SARRIÀ SANT GERVASI,2024-05-05,Domingo,0.0,trail running,Infantil,0,15,Barcelona,,Barcelona
championsxip,CROS ESCOLAR DE SARRIÀ SANT GERVASI,2024-05-05,Domingo,0.0,trail running,Infantil,18,0,Barcelona,,Barcelona
championsxip,CROS ESCOLAR DE SARRIÀ SANT GERVASI,2024-05-05,Domingo,0.0,trail running,Infantil,0,14,Barcelona,,Barcelona
championsxip,CROS ESCOLAR DE SARRIÀ SANT GERVASI,2024-05-05,Domingo,0.0,trail running,Infantil,10,0,Barcelona,,Barcelona
championsxip,CROS ESCOLAR DE SARRIÀ SANT GERVASI,2024-05-05,Domingo,0.0,trail running,Infantil,0,16,Barcelona,,Barcelona
championsxip,CROS ESCOLAR DE SARRIÀ SANT GERVASI,2024-05-05,Domingo,0.0,trail running,Infantil,15,0,Barcelona,,Barcelona
championsxip,CROS ESCOLAR DE SARRIÀ SANT GERVASI,2024-05-05,Domingo,0.0,trail running,Infantil,0,17,Barcelona,,Barcelona
championsxip,CROS ESCOLAR DE SARRIÀ SANT GERVASI,2024-05-05,Domingo,0.0,trail running,Infantil,5,8,Barcelona,,Barcelona
championsxip,CROS ESCOLAR DE SARRIÀ SANT GERVASI,2024-05-05,Domingo,0.0,trail running,Infantil,9,7,Barcelona,,Barcelona
championsxip,PETITA JAB TRAIL 2024,2024-05-05,Domingo,0.0,road running,Infantil,15,12,,,
championsxip,PETITA JAB TRAIL 2024,2024-05-05,Domingo,0.0,road running,Infantil,11,9,,,
championsxip,PETITA JAB TRAIL 2024,2024-05-05,Domingo,0.0,road running,Infantil,9,16,,,
championsxip,PETITA JAB TRAIL 2024,2024-05-05,Domingo,0.0,road running,Infantil,13,17,,,
championsxip,PETITA JAB TRAIL 2024,2024-05-05,Domingo,0.0,road running,Infantil,6,17,,,
championsxip,PETITA JAB TRAIL 2024,2024-05-05,Domingo,0.0,road running,Infantil,1,4,,,
championsxip,CURSA ENTRECULTURES - CORNELLÀ,2024-05-12,Domingo,10.0,road running,Absoluta/General,0,31,Cornellà de Llobregat,Baix Llobregat,Catalunya
championsxip,CURSA ENTRECULTURES - CORNELLÀ,2024-05-12,Domingo,5.0,road running,Absoluta/General,91,79,Cornellà de Llobregat,Baix Llobregat,Catalunya
championsxip,CURSA ENTRECULTURES - CORNELLÀ,2024-05-12,Domingo,14.0,road running,Absoluta/General,36,84,Cornellà de Llobregat,Baix Llobregat,Catalunya
championsxip,13A CURSA POPULAR ILLA CARLEMANY,2024-05-12,Domingo,5.0,road running,Absoluta/General,451,458,,,
championsxip,13A CURSA POPULAR ILLA CARLEMANY,2024-05-12,Domingo,2.0,road running,Absoluta/General,538,313,,,
championsxip,13A CURSA POPULAR ILLA CARLEMANY,2024-05-12,Domingo,2.0,road running,Infantil,329,298,,,
championsxip,CROS ESCOLAR DE SANTANDREU,2024-05-12,Domingo,0.0,trail running,Infantil,2,2,Avià,,Barcelona
championsxip,CROS ESCOLAR DE SANTANDREU,2024-05-12,Domingo,0.0,trail running,Infantil,7,10,Avià,,Barcelona
championsxip,CROS ESCOLAR DE SANTANDREU,2024-05-12,Domingo,0.0,trail running,Infantil,6,9,Avià,,Barcelona
championsxip,CROS ESCOLAR DE SANTANDREU,2024-05-12,Domingo,0.0,trail running,Infantil,9,10,Avià,,Barcelona
championsxip,CROS ESCOLAR DE SANTANDREU,2024-05-12,Domingo,0.0,trail running,Infantil,16,0,Avià,,Barcelona
championsxip,CROS ESCOLAR DE SANTANDREU,2024-05-12,Domingo,0.0,trail running,Infantil,0,16,Avià,,Barcelona
championsxip,CROS ESCOLAR DE SANTANDREU,2024-05-12,Domingo,0.0,trail running,Infantil,15,0,Avià,,Barcelona
championsxip,CROS ESCOLAR DE SANTANDREU,2024-05-12,Domingo,0.0,trail running,Infantil,0,16,Avià,,Barcelona
championsxip,CROS ESCOLAR DE SANTANDREU,2024-05-12,Domingo,0.0,trail running,Infantil,15,0,Avià,,Barcelona
championsxip,CROS ESCOLAR DE SANTANDREU,2024-05-12,Domingo,0.0,trail running,Infantil,0,17,Avià,,Barcelona
championsxip,CROS ESCOLAR DE SANTANDREU,2024-05-12,Domingo,0.0,trail running,Infantil,16,0,Avià,,Barcelona
championsxip,CROS ESCOLAR DE SANTANDREU,2024-05-12,Domingo,0.0,trail running,Infantil,0,19,Avià,,Barcelona
championsxip,CROS ESCOLAR DE SANTANDREU,2024-05-12,Domingo,0.0,trail running,Infantil,6,9,Avià,,Barcelona
championsxip,CROS ESCOLAR DE SANTANDREU,2024-05-12,Domingo,0.0,trail running,Infantil,6,7,Avià,,Barcelona
championsxip,27A MILLA URBANA DE RIPOLLET,2024-05-18,Sábado,0.0,road running,Infantil,0,3,Ripollet,,Barcelona
championsxip,27A MILLA URBANA DE RIPOLLET,2024-05-18,Sábado,0.0,road running,Infantil,1,0,Ripollet,,Barcelona
championsxip,27A MILLA URBANA DE RIPOLLET,2024-05-18,Sábado,0.0,road running,Infantil,0,4,Ripollet,,Barcelona
championsxip,27A MILLA URBANA DE RIPOLLET,2024-05-18,Sábado,0.0,road running,Infantil,8,0,Ripollet,,Barcelona
championsxip,27A MILLA URBANA DE RIPOLLET,2024-05-18,Sábado,0.0,road running,Infantil,3,0,Ripollet,,Barcelona
championsxip,27A MILLA URBANA DE RIPOLLET,2024-05-18,Sábado,0.0,road running,Infantil,0,8,Ripollet,,Barcelona
championsxip,27A MILLA URBANA DE RIPOLLET,2024-05-18,Sábado,0.0,road running,Infantil,10,7,Ripollet,,Barcelona
championsxip,27A MILLA URBANA DE RIPOLLET,2024-05-18,Sábado,0.0,road running,Infantil,7,4,Ripollet,,Barcelona
championsxip,27A MILLA URBANA DE RIPOLLET,2024-05-18,Sábado,0.0,road running,Infantil,1,0,Ripollet,,Barcelona
championsxip,27A MILLA URBANA DE RIPOLLET,2024-05-18,Sábado,0.0,road running,Infantil,0,2,Ripollet,,Barcelona
championsxip,27A MILLA URBANA DE RIPOLLET,2024-05-18,Sábado,0.0,road running,Mayores/Veteranos,10,0,Ripollet,,Barcelona
championsxip,27A MILLA URBANA DE RIPOLLET,2024-05-18,Sábado,0.0,road running,Mayores/Veteranos,0,29,Ripollet,,Barcelona
championsxip,27A MILLA URBANA DE RIPOLLET,2024-05-18,Sábado,0.0,road running,Infantil,1,0,Ripollet,,Barcelona
championsxip,27A MILLA URBANA DE RIPOLLET,2024-05-18,Sábado,0.0,road running,Infantil,0,5,Ripollet,,Barcelona
championsxip,CURSA DE NOU BARRIS,2024-05-19,Domingo,10.0,road running,Absoluta/General,0,30,Barcelona,,Barcelona
championsxip,CURSA DE SANT QUIRZE - MEMORIAL DAVID ROVIRA,2024-05-19,Domingo,10.0,road running,Absoluta/General,60,226,l'Espluga de Francolí,Conca de Barberà,Tarragona
championsxip,CURSA DE SANT QUIRZE - MEMORIAL DAVID ROVIRA,2024-05-19,Domingo,5.0,road running,Absoluta/General,109,152,l'Espluga de Francolí,Conca de Barberà,Tarragona
championsxip,VIGÍA TRAIL,2024-05-26,Domingo,21.0,trail running,Absoluta/General,36,215,,,
championsxip,VIGÍA TRAIL,2024-05-26,Domingo,13.0,trail running,Absoluta/General,120,316,,,
championsxip,11A CURSA DE LA DONA - CACO - SANT VICENÇ DELS ...,2024-05-26,Domingo,1.0,road running,Absoluta/General,21,10,Castellar del Riu,Berguedà,Catalunya
championsxip,11A CURSA DE LA DONA - CACO - SANT VICENÇ DELS ...,2024-05-26,Domingo,5.0,road running,Absoluta/General,210,0,Castellar del Riu,Berguedà,Catalunya
championsxip,7ENA CURSA SOLIDÀRIA PER L’ELA SANT ADRIÀ DE BESÒS,2024-06-02,Domingo,5.0,road running,Absoluta/General,0,30,Sant Adrià de Besòs,Barcelonès,Catalunya
championsxip,45A MARXA POPULAR TRAIL ARENYS DE MAR,2024-06-02,Domingo,11.0,trail running,Absoluta/General,0,30,Arenys de Mar,Maresme,Catalunya
championsxip,3A EDICIÓ DIRECTA AL TIBIDABO,2024-06-02,Domingo,5.0,trail running,Absoluta/General,0,31,Barcelona,Barcelonès,Catalunya
championsxip,I TRAIL BENÈFICA MALALTIES  MINORITÀRIES,2024-06-02,Domingo,12.0,trail running,Absoluta/General,0,30,Barcelona,Barcelonès,Catalunya
championsxip,I TRAIL BENÈFICA MALALTIES  MINORITÀRIES,2024-06-02,Domingo,7.5,trail running,Absoluta/General,26,45,Barcelona,Barcelonès,Catalunya
championsxip,15ª EDICIO ELS 10 DE SANTA,2024-06-02,Domingo,10.0,road running,Absoluta/General,0,30,Santa Pau,,Girona
championsxip,15ª EDICIO ELS 10 DE SANTA,2024-06-02,Domingo,3.0,road running,Absoluta/General,72,90,Santa Pau,,Girona
championsxip,32A CURSA PER COLLSEROLA,2024-06-08,Sábado,14.0,trail running,Absoluta/General,0,30,,,
championsxip,32A CURSA PER COLLSEROLA,2024-06-08,Sábado,7.5,trail running,Absoluta/General,114,129,,,
championsxip,32A CURSA PER COLLSEROLA,2024-06-08,Sábado,5.0,trail running,Absoluta/General,14,12,,,
championsxip,20A CURSA DE PINEDA DE MAR,2024-06-09,Domingo,10.0,road running,Absoluta/General,0,32,Pineda de Mar,,Barcelona
championsxip,CURSA DEL FOC OLESA DE MONTSERRAT,2024-06-16,Domingo,10.0,road running,Absoluta/General,0,30,Olesa de Montserrat,Baix Llobregat,Catalunya
championsxip,CURSA DEL FOC OLESA DE MONTSERRAT,2024-06-16,Domingo,5.0,road running,Absoluta/General,96,143,Olesa de Montserrat,Baix Llobregat,Catalunya
championsxip,26 CURSA D’ESTIU DE PREMIÀ DE MAR,2024-06-29,Sábado,10.0,road running,Absoluta/General,0,60,Premià de Mar,Maresme,Catalunya
championsxip,26 CURSA D’ESTIU DE PREMIÀ DE MAR,2024-06-29,Sábado,5.0,road running,Absoluta/General,99,93,Premià de Mar,Maresme,Catalunya
championsxip,CURSA NOCTURNA DE CORNELLÀ RCDE RUNNING 1900,2024-06-29,Sábado,5.0,road running,Absoluta/General,0,31,,,
championsxip,NIGHT TRAIL LLORET DE MAR,2024-06-29,Sábado,14.0,trail running,Absoluta/General,56,185,Lloret de Mar,,Girona
championsxip,NIGHT TRAIL LLORET DE MAR,2024-06-29,Sábado,7.0,trail running,Absoluta/General,119,167,Lloret de Mar,,Girona
championsxip,11A MILLA URBANA DE SANT PERE,2024-06-30,Domingo,0.0,road running,Infantil,3,8,Sant Pere de Ribes,,Barcelona
championsxip,11A MILLA URBANA DE SANT PERE,2024-06-30,Domingo,0.0,road running,Infantil,11,10,Sant Pere de Ribes,,Barcelona
championsxip,11A MILLA URBANA DE SANT PERE,2024-06-30,Domingo,0.0,road running,Infantil,11,8,Sant Pere de Ribes,,Barcelona
championsxip,11A MILLA URBANA DE SANT PERE,2024-06-30,Domingo,0.0,road running,Infantil,10,7,Sant Pere de Ribes,,Barcelona
championsxip,11A MILLA URBANA DE SANT PERE,2024-06-30,Domingo,0.0,road running,Infantil,3,5,Sant Pere de Ribes,,Barcelona
championsxip,11A MILLA URBANA DE SANT PERE,2024-06-30,Domingo,0.0,road running,Infantil,3,9,Sant Pere de Ribes,,Barcelona
championsxip,11A MILLA URBANA DE SANT PERE,2024-06-30,Domingo,0.0,road running,Mayores/Veteranos,6,29,Sant Pere de Ribes,,Barcelona
championsxip,11A MILLA URBANA DE SANT PERE,2024-06-30,Domingo,0.0,road running,Mayores/Veteranos,7,15,Sant Pere de Ribes,,Barcelona
championsxip,11A MILLA URBANA DE SANT PERE,2024-06-30,Domingo,0.0,road running,Infantil,3,9,Sant Pere de Ribes,,Barcelona
championsxip,11A MILLA URBANA DE SANT PERE,2024-06-30,Domingo,0.0,road running,Mayores/Veteranos,0,16,Sant Pere de Ribes,,Barcelona
championsxip,11A MILLA URBANA DE SANT PERE,2024-06-30,Domingo,0.0,road running,Mayores/Veteranos,0,33,Sant Pere de Ribes,,Barcelona
championsxip,11A MILLA URBANA DE SANT PERE,2024-06-30,Domingo,0.0,road running,Mayores/Veteranos,0,25,Sant Pere de Ribes,,Barcelona
championsxip,11A MILLA URBANA DE SANT PERE,2024-06-30,Domingo,0.0,road running,Absoluta/General,28,0,Sant Pere de Ribes,,Barcelona
championsxip,11A MILLA URBANA DE SANT PERE,2024-06-30,Domingo,0.0,road running,Absoluta/General,0,15,Sant Pere de Ribes,,Barcelona
championsxip,CURSA POPULAR CIUTAT DE BADALONA,2024-06-30,Domingo,10.0,road running,Absoluta/General,149,463,Badalona,,Barcelona
championsxip,CURSA POPULAR CIUTAT DE BADALONA,2024-06-30,Domingo,5.0,road running,Absoluta/General,0,30,Badalona,,Barcelona
championsxip,CURSA POPULAR CIUTAT DE BADALONA,2024-06-30,Domingo,5.0,road running,Absoluta/General,38,77,Badalona,,Barcelona
championsxip,CURSA POPULAR DE CA N'ANGLADA - TERRASSA,2024-07-06,Sábado,5.0,road running,Absoluta/General,32,102,Terrassa,,Barcelona
championsxip,MITJA MARATÓ RELLEUS MATARÓ (EQUIPS I XIPS LLIGA),2024-07-13,Sábado,0.0,road running,Equipos,43,38,,,
championsxip,MITJA MARATÓ RELLEUS MATARÓ (EQUIPS I XIPS LLIGA),2024-07-13,Sábado,0.0,road running,Equipos,32,96,,,
championsxip,MITJA MARATÓ RELLEUS MATARÓ (EQUIPS I XIPS LLIGA),2024-07-13,Sábado,0.0,road running,Equipos,43,38,,,
championsxip,XXVI CURSA DEL POBLE-SEC 5K,2024-07-21,Domingo,5.0,road running,Absoluta/General,0,30,Barcelona,,Barcelona
championsxip,44A CURSA POPULAR LES SANTES MATARÓ,2024-07-28,Domingo,5.0,road running,Absoluta/General,0,30,Mataró,,Barcelona
championsxip,XLII CURSA POPULAR DE LA GARRIGA,2024-08-03,Sábado,4.0,road running,Absoluta/General,0,30,la Garriga,,Barcelona
championsxip,45A CURSA HYUNDAI VALLPARK FESTA MAJOR DE RIPOLLET,2024-08-25,Domingo,10.0,road running,Absoluta/General,0,30,Ripollet,Vallès Occidental,Catalunya
championsxip,45A CURSA HYUNDAI VALLPARK FESTA MAJOR DE RIPOLLET,2024-08-25,Domingo,5.0,road running,Absoluta/General,26,69,Ripollet,Vallès Occidental,Catalunya
championsxip,45A CURSA HYUNDAI VALLPARK FESTA MAJOR DE RIPOLLET,2024-08-25,Domingo,2.4,road running,Absoluta/General,5,1,Ripollet,Vallès Occidental,Catalunya
championsxip,45A CURSA HYUNDAI VALLPARK FESTA MAJOR DE RIPOLLET,2024-08-25,Domingo,0.8,road running,Absoluta/General,5,13,Ripollet,Vallès Occidental,Catalunya
championsxip,9A CURSA POPULAR DE FESTA MAJOR SANTA PERPÈTUA ...,2024-08-31,Sábado,5.0,road running,Absoluta/General,89,192,Santa Perpètua de Mogoda,Vallès Occidental,Catalunya
championsxip,XVI FESTA MAJOR SANTS,2024-09-01,Domingo,0.0,road running,Absoluta/General,25,66,Barcelona,,Barcelona
championsxip,XVI FESTA MAJOR SANTS,2024-09-01,Domingo,0.0,road running,Absoluta/General,1,9,Barcelona,,Barcelona
championsxip,XVI FESTA MAJOR SANTS,2024-09-01,Domingo,0.0,road running,Absoluta/General,2,6,Barcelona,,Barcelona
championsxip,CURSES POPULARS FESTA MAJOR DE SABADELL,2024-09-08,Domingo,10.0,road running,Absoluta/General,189,769,Sabadell,Vallès Occidental,Catalunya
championsxip,CURSES POPULARS FESTA MAJOR DE SABADELL,2024-09-08,Domingo,5.0,road running,Absoluta/General,0,30,Sabadell,Vallès Occidental,Catalunya
championsxip,XXVII CURSA DE LA VINYA DE SANT LLORENÇ D’HORTO...,2024-09-08,Domingo,10.0,road running,Absoluta/General,44,160,,,
championsxip,XXVII CURSA DE LA VINYA DE SANT LLORENÇ D’HORTO...,2024-09-08,Domingo,21.0,road running,Absoluta/General,11,62,,,
championsxip,XXXV CURSA POPULAR DE LA VALL DEL TENES,2024-09-11,Miércoles,10.0,trail running,Absoluta/General,51,106,Lliçà de Vall,,Barcelona
championsxip,44A CURSA POPULAR VILADECANS,2024-09-11,Miércoles,5.0,road running,Absoluta/General,0,30,Viladecans,,Barcelona
championsxip,44A CURSA POPULAR VILADECANS,2024-09-11,Miércoles,0.0,road running,Infantil,3,10,Viladecans,,Barcelona
championsxip,44A CURSA POPULAR VILADECANS,2024-09-11,Miércoles,0.0,road running,Infantil,26,40,Viladecans,,Barcelona
championsxip,44A CURSA POPULAR VILADECANS,2024-09-11,Miércoles,0.0,road running,Infantil,26,33,Viladecans,,Barcelona
championsxip,MATAGALLS MONTSERRAT,2024-09-14,Sábado,82.6,trail running,Absoluta/General,0,0,,,
championsxip,35A CURSA DE LA LLAGOSTA DE 5 I 10KM,2024-09-15,Domingo,10.0,road running,Absoluta/General,0,60,la Llagosta,,Barcelona
championsxip,35A CURSA DE LA LLAGOSTA DE 5 I 10KM,2024-09-15,Domingo,5.0,road running,Absoluta/General,94,161,la Llagosta,,Barcelona
championsxip,34È CROSS L'AMETLLA DE MEROLA,2024-09-15,Domingo,10.0,trail running,Absoluta/General,20,67,Puig-reig,Berguedà,Catalunya
championsxip,34È CROSS L'AMETLLA DE MEROLA,2024-09-15,Domingo,5.0,trail running,Absoluta/General,44,54,Puig-reig,Berguedà,Catalunya
championsxip,CROS CIUTAT DE CERDANYOLA,2024-09-22,Domingo,0.0,trail running,Absoluta/General,16,0,Cerdanyola del Vallès,,Barcelona
championsxip,CROS CIUTAT DE CERDANYOLA,2024-09-22,Domingo,0.0,trail running,Infantil,49,0,Cerdanyola del Vallès,,Barcelona
championsxip,CROS CIUTAT DE CERDANYOLA,2024-09-22,Domingo,0.0,trail running,Infantil,0,55,Cerdanyola del Vallès,,Barcelona
championsxip,CROS CIUTAT DE CERDANYOLA,2024-09-22,Domingo,0.0,trail running,Infantil,24,0,Cerdanyola del Vallès,,Barcelona
championsxip,CROS CIUTAT DE CERDANYOLA,2024-09-22,Domingo,0.0,trail running,Infantil,0,59,Cerdanyola del Vallès,,Barcelona
championsxip,CROS CIUTAT DE CERDANYOLA,2024-09-22,Domingo,0.0,trail running,Infantil,0,16,Cerdanyola del Vallès,,Barcelona
championsxip,CROS CIUTAT DE CERDANYOLA,2024-09-22,Domingo,0.0,trail running,Infantil,17,0,Cerdanyola del Vallès,,Barcelona
championsxip,CROS CIUTAT DE CERDANYOLA,2024-09-22,Domingo,0.0,trail running,Infantil,0,19,Cerdanyola del Vallès,,Barcelona
championsxip,CROS CIUTAT DE CERDANYOLA,2024-09-22,Domingo,0.0,trail running,Infantil,57,0,Cerdanyola del Vallès,,Barcelona
championsxip,CROS CIUTAT DE CERDANYOLA,2024-09-22,Domingo,0.0,trail running,Infantil,0,53,Cerdanyola del Vallès,,Barcelona
championsxip,CROS CIUTAT DE CERDANYOLA,2024-09-22,Domingo,0.0,trail running,Infantil,43,0,Cerdanyola del Vallès,,Barcelona
championsxip,CROS CIUTAT DE CERDANYOLA,2024-09-22,Domingo,0.0,trail running,Infantil,0,55,Cerdanyola del Vallès,,Barcelona
championsxip,CROS CIUTAT DE CERDANYOLA,2024-09-22,Domingo,0.0,trail running,Infantil,40,0,Cerdanyola del Vallès,,Barcelona
championsxip,CROS CIUTAT DE CERDANYOLA,2024-09-22,Domingo,0.0,trail running,Infantil,0,44,Cerdanyola del Vallès,,Barcelona
championsxip,CROS CIUTAT DE CERDANYOLA,2024-09-22,Domingo,0.0,trail running,Infantil,17,0,Cerdanyola del Vallès,,Barcelona
championsxip,CROS CIUTAT DE CERDANYOLA,2024-09-22,Domingo,0.0,trail running,Infantil,0,40,Cerdanyola del Vallès,,Barcelona
championsxip,CROS CIUTAT DE CERDANYOLA,2024-09-22,Domingo,0.0,trail running,Absoluta/General,0,44,Cerdanyola del Vallès,,Barcelona
championsxip,CROS CIUTAT DE CERDANYOLA,2024-09-22,Domingo,0.0,trail running,Absoluta/General,16,0,Cerdanyola del Vallès,,Barcelona
championsxip,CROS CIUTAT DE CERDANYOLA,2024-09-22,Domingo,0.0,trail running,Absoluta/General,0,37,Cerdanyola del Vallès,,Barcelona
championsxip,CURSA EL PONT DE VILOMARA I ROCAFORT,2024-09-28,Sábado,16.8,trail running,Absoluta/General,29,100,el Pont de Vilomara i Rocafort,,Barcelona
championsxip,CURSA EL PONT DE VILOMARA I ROCAFORT,2024-09-28,Sábado,2.14,trail running,Absoluta/General,7,7,el Pont de Vilomara i Rocafort,,Barcelona
championsxip,CURSA EL PONT DE VILOMARA I ROCAFORT,2024-09-28,Sábado,0.5,trail running,Absoluta/General,10,14,el Pont de Vilomara i Rocafort,,Barcelona
championsxip,MITJA MARATÓ COSTA BARCELONA MARESME,2024-09-29,Domingo,21.097,road running,Absoluta/General,0,61,Vilassar de Mar,,Barcelona
championsxip,CURSA DE LA MERCÈ BIMBO GLOBAL RACE,2024-09-29,Domingo,10.0,road running,Absoluta/General,0,60,,,
championsxip,CURSA DE LA MERCÈ BIMBO GLOBAL RACE,2024-09-29,Domingo,2.0,road running,Absoluta/General,9,21,,,
championsxip,BADA TRAIL '24,2024-10-05,Sábado,18.0,trail running,Absoluta/General,13,54,,,
championsxip,BADA TRAIL '24,2024-10-05,Sábado,10.0,trail running,Absoluta/General,18,42,,,
championsxip,CURSA FANNY SALLÉS – 5K TERRASSA,2024-10-06,Domingo,5.0,road running,Absoluta/General,150,0,,,
championsxip,CURSA FANNY SALLÉS – 5K TERRASSA,2024-10-06,Domingo,0.0,road running,Absoluta/General,0,247,,,
championsxip,13A CURSA DE LA TARDOR-SANT ANDREU DE LA BARCA,2024-10-06,Domingo,10.0,road running,Absoluta/General,40,185,Sant Andreu de la Barca,Baix Llobregat,Catalunya
championsxip,13A CURSA DE LA TARDOR-SANT ANDREU DE LA BARCA,2024-10-06,Domingo,5.0,road running,Absoluta/General,68,114,Sant Andreu de la Barca,Baix Llobregat,Catalunya
championsxip,CURSA DE PARETS DEL VALLÈS,2024-10-06,Domingo,10.0,road running,Absoluta/General,40,133,Parets del Vallès,,Barcelona
championsxip,CURSA DE PARETS DEL VALLÈS,2024-10-06,Domingo,5.0,road running,Absoluta/General,58,75,Parets del Vallès,,Barcelona
championsxip,9A CURSA SOLIDÀRIA SANT JUST DESVERN,2024-10-12,Sábado,3.0,road running,Absoluta/General,32,74,Sant Just Desvern,,Barcelona
championsxip,9A CURSA SOLIDÀRIA SANT JUST DESVERN,2024-10-12,Sábado,0.0,road running,Infantil,0,19,Sant Just Desvern,,Barcelona
championsxip,9A CURSA SOLIDÀRIA SANT JUST DESVERN,2024-10-12,Sábado,0.0,road running,Infantil,21,0,Sant Just Desvern,,Barcelona
championsxip,9A CURSA SOLIDÀRIA SANT JUST DESVERN,2024-10-12,Sábado,0.0,road running,Infantil,0,24,Sant Just Desvern,,Barcelona
championsxip,9A CURSA SOLIDÀRIA SANT JUST DESVERN,2024-10-12,Sábado,0.0,road running,Otros,0,30,Sant Just Desvern,,Barcelona
championsxip,9A CURSA SOLIDÀRIA SANT JUST DESVERN,2024-10-12,Sábado,0.0,road running,Infantil,25,0,Sant Just Desvern,,Barcelona
championsxip,9A CURSA SOLIDÀRIA SANT JUST DESVERN,2024-10-12,Sábado,0.0,road running,Otros,29,0,Sant Just Desvern,,Barcelona
championsxip,9A CURSA SOLIDÀRIA SANT JUST DESVERN,2024-10-12,Sábado,0.0,road running,Infantil,0,26,Sant Just Desvern,,Barcelona
championsxip,9A CURSA SOLIDÀRIA SANT JUST DESVERN,2024-10-12,Sábado,0.0,road running,Infantil,19,0,Sant Just Desvern,,Barcelona
championsxip,6A CURSA MERCABARNA,2024-10-13,Domingo,10.0,road running,Absoluta/General,238,701,Barcelona,,Barcelona
championsxip,6A CURSA MERCABARNA,2024-10-13,Domingo,5.0,road running,Absoluta/General,480,514,Barcelona,,Barcelona
championsxip,CROS POPULAR DE SANTS,2024-10-13,Domingo,10.0,road running,Absoluta/General,257,854,Barcelona,,Barcelona
championsxip,CROS POPULAR DE SANTS,2024-10-13,Domingo,1.609,road running,Absoluta/General,43,63,Barcelona,,Barcelona
championsxip,CROS POPULAR DE SANTS,2024-10-13,Domingo,1.5,road running,Absoluta/General,1,6,Barcelona,,Barcelona
championsxip,FUN TRAIL BARCELONA 2024,2024-10-13,Domingo,21.0,trail running,Absoluta/General,0,30,el Papiol,Baix Llobregat,Catalunya
championsxip,FUN TRAIL BARCELONA 2024,2024-10-13,Domingo,11.0,trail running,Absoluta/General,83,148,el Papiol,Baix Llobregat,Catalunya
championsxip,28È CROS DE CANET,2024-10-13,Domingo,0.0,trail running,Mayores/Veteranos,35,107,Lleida,,Lleida
championsxip,28È CROS DE CANET,2024-10-13,Domingo,0.0,trail running,Infantil,13,18,Lleida,,Lleida
championsxip,28È CROS DE CANET,2024-10-13,Domingo,0.0,trail running,Infantil,7,19,Lleida,,Lleida
championsxip,28È CROS DE CANET,2024-10-13,Domingo,0.0,trail running,Infantil,16,34,Lleida,,Lleida
championsxip,28È CROS DE CANET,2024-10-13,Domingo,0.0,trail running,Infantil,24,30,Lleida,,Lleida
championsxip,28È CROS DE CANET,2024-10-13,Domingo,0.0,trail running,Infantil,21,34,Lleida,,Lleida
championsxip,CURSA SANTA MARGARIDA I ELS MONJOS,2024-10-19,Sábado,10.0,trail running,Absoluta/General,35,101,Santa Margarida i els Monjos,,Barcelona
championsxip,CURSA SANTA MARGARIDA I ELS MONJOS,2024-10-19,Sábado,5.0,trail running,Absoluta/General,37,70,Santa Margarida i els Monjos,,Barcelona
championsxip,LA MEGALÍTICA ACERKO TOSSA DE MAR,2024-10-20,Domingo,10.0,trail running,Absoluta/General,49,114,Tossa de Mar,la Selva,Girona
championsxip,LA MEGALÍTICA ACERKO TOSSA DE MAR,2024-10-20,Domingo,21.0,trail running,Absoluta/General,37,103,Tossa de Mar,la Selva,Girona
championsxip,LA MEGALÍTICA ACERKO TOSSA DE MAR,2024-10-20,Domingo,5.0,trail running,Absoluta/General,35,47,Tossa de Mar,la Selva,Girona
championsxip,"XLIII CURSA POPULAR ""CIUTAT DE CORNELLÀ""",2024-10-20,Domingo,10.0,road running,Absoluta/General,0,31,Cornellà de Llobregat,,Barcelona
championsxip,"XLIII CURSA POPULAR ""CIUTAT DE CORNELLÀ""",2024-10-20,Domingo,5.0,road running,Absoluta/General,0,30,Cornellà de Llobregat,,Barcelona
championsxip,"XLIII CURSA POPULAR ""CIUTAT DE CORNELLÀ""",2024-10-20,Domingo,0.0,road running,Infantil,17,10,Cornellà de Llobregat,,Barcelona
championsxip,"XLIII CURSA POPULAR ""CIUTAT DE CORNELLÀ""",2024-10-20,Domingo,0.0,road running,Infantil,29,16,Cornellà de Llobregat,,Barcelona
championsxip,"XLIII CURSA POPULAR ""CIUTAT DE CORNELLÀ""",2024-10-20,Domingo,0.0,road running,Infantil,20,20,Cornellà de Llobregat,,Barcelona
championsxip,"XLIII CURSA POPULAR ""CIUTAT DE CORNELLÀ""",2024-10-20,Domingo,0.0,road running,Infantil,13,32,Cornellà de Llobregat,,Barcelona
championsxip,54È CROS CIUTAT DE MATARÓ,2024-10-20,Domingo,0.0,road running,Infantil,70,0,Mataró,,Barcelona
championsxip,54È CROS CIUTAT DE MATARÓ,2024-10-20,Domingo,0.0,road running,Infantil,0,65,Mataró,,Barcelona
championsxip,54È CROS CIUTAT DE MATARÓ,2024-10-20,Domingo,0.0,road running,Infantil,51,0,Mataró,,Barcelona
championsxip,54È CROS CIUTAT DE MATARÓ,2024-10-20,Domingo,0.0,road running,Infantil,0,71,Mataró,,Barcelona
championsxip,54È CROS CIUTAT DE MATARÓ,2024-10-20,Domingo,0.0,road running,Infantil,36,0,Mataró,,Barcelona
championsxip,54È CROS CIUTAT DE MATARÓ,2024-10-20,Domingo,0.0,road running,Infantil,0,83,Mataró,,Barcelona
championsxip,54È CROS CIUTAT DE MATARÓ,2024-10-20,Domingo,0.0,road running,Infantil,22,0,Mataró,,Barcelona
championsxip,54È CROS CIUTAT DE MATARÓ,2024-10-20,Domingo,0.0,road running,Infantil,0,31,Mataró,,Barcelona
championsxip,54È CROS CIUTAT DE MATARÓ,2024-10-20,Domingo,0.0,road running,Infantil,61,0,Mataró,,Barcelona
championsxip,54È CROS CIUTAT DE MATARÓ,2024-10-20,Domingo,0.0,road running,Infantil,0,57,Mataró,,Barcelona
championsxip,54È CROS CIUTAT DE MATARÓ,2024-10-20,Domingo,0.0,road running,Infantil,49,0,Mataró,,Barcelona
championsxip,54È CROS CIUTAT DE MATARÓ,2024-10-20,Domingo,0.0,road running,Infantil,0,62,Mataró,,Barcelona
championsxip,54È CROS CIUTAT DE MATARÓ,2024-10-20,Domingo,0.0,road running,Infantil,26,42,Mataró,,Barcelona
championsxip,54È CROS CIUTAT DE MATARÓ,2024-10-20,Domingo,0.0,road running,Infantil,0,27,Mataró,,Barcelona
championsxip,54È CROS CIUTAT DE MATARÓ,2024-10-20,Domingo,0.0,road running,Absoluta/General,0,14,Mataró,,Barcelona
championsxip,54È CROS CIUTAT DE MATARÓ,2024-10-20,Domingo,0.0,road running,Absoluta/General,7,0,Mataró,,Barcelona
championsxip,EL TAST DE LA MITJA,2024-10-26,Sábado,10.0,road running,Absoluta/General,0,30,Novelda,el Vinalopó Mitjà / El Vinalopó Medio,Comunitat Valenciana
championsxip,EL TAST DE LA MITJA,2024-10-26,Sábado,0.0,road running,Absoluta/General,4,3,Novelda,el Vinalopó Mitjà / El Vinalopó Medio,Comunitat Valenciana
championsxip,25È CROS SANTA SUSANNA,2024-10-26,Sábado,0.0,trail running,Mayores/Veteranos,10,45,Santa Susanna,,Barcelona
championsxip,25È CROS SANTA SUSANNA,2024-10-26,Sábado,0.0,trail running,Infantil,6,6,Santa Susanna,,Barcelona
championsxip,25È CROS SANTA SUSANNA,2024-10-26,Sábado,0.0,trail running,Infantil,12,8,Santa Susanna,,Barcelona
championsxip,25È CROS SANTA SUSANNA,2024-10-26,Sábado,0.0,trail running,Absoluta/General,6,17,Santa Susanna,,Barcelona
championsxip,25È CROS SANTA SUSANNA,2024-10-26,Sábado,0.0,trail running,Infantil,8,13,Santa Susanna,,Barcelona
championsxip,25È CROS SANTA SUSANNA,2024-10-26,Sábado,0.0,trail running,Infantil,9,16,Santa Susanna,,Barcelona
championsxip,25È CROS SANTA SUSANNA,2024-10-26,Sábado,0.0,trail running,Infantil,10,13,Santa Susanna,,Barcelona
championsxip,25È CROS SANTA SUSANNA,2024-10-26,Sábado,0.0,trail running,Infantil,2,4,Santa Susanna,,Barcelona
championsxip,SWIMRUN EDREAMS CAP DE CREUS BY ZOGGS,2024-10-26,Sábado,0.0,road running,Absoluta/General,43,109,,,
championsxip,SWIMRUN EDREAMS CAP DE CREUS BY ZOGGS,2024-10-26,Sábado,0.0,road running,Absoluta/General,8,44,,,
championsxip,SWIMRUN EDREAMS CAP DE CREUS BY ZOGGS,2024-10-26,Sábado,0.0,road running,Absoluta/General,44,53,,,
championsxip,SWIMRUN EDREAMS CAP DE CREUS BY ZOGGS,2024-10-26,Sábado,0.0,road running,Absoluta/General,10,47,,,
championsxip,CURSA POPULAR SANT MARTÍ,2024-10-27,Domingo,10.0,road running,Absoluta/General,0,30,Barcelona,,Barcelona
championsxip,CURSA POPULAR SANT MARTÍ,2024-10-27,Domingo,5.0,road running,Absoluta/General,103,108,Barcelona,,Barcelona
championsxip,MARATÓ I MITJA AL PARC DE COLLSEROLA,2024-10-27,Domingo,21.097,trail running,Absoluta/General,58,243,Sant Cugat del Vallès,Vallès Occidental,Catalunya
championsxip,MARATÓ I MITJA AL PARC DE COLLSEROLA,2024-10-27,Domingo,42.195,trail running,Absoluta/General,10,106,Sant Cugat del Vallès,Vallès Occidental,Catalunya
championsxip,MÀGIC BDN RUNNING,2024-10-27,Domingo,10.0,road running,Absoluta/General,0,60,,,
championsxip,MÀGIC BDN RUNNING,2024-10-27,Domingo,5.0,road running,Absoluta/General,0,30,,,
championsxip,LA CURSA DE RAC1 - TERRASSA,2024-10-27,Domingo,5.0,road running,Absoluta/General,1488,1912,Terrassa,Vallès Occidental,Catalunya
championsxip,XVII CURSA I CAMINADA LLUIS COMPANYS,2024-10-27,Domingo,10.0,road running,Absoluta/General,45,124,Sant Joan de Vilatorrada,Bages,Catalunya
championsxip,XVII CURSA I CAMINADA LLUIS COMPANYS,2024-10-27,Domingo,5.0,road running,Absoluta/General,47,62,Sant Joan de Vilatorrada,Bages,Catalunya
championsxip,MILLA SAGRADA FAMILIA,2024-10-27,Domingo,0.0,road running,Absoluta/General,39,0,Barcelona,,Barcelona
championsxip,MILLA SAGRADA FAMILIA,2024-10-27,Domingo,0.0,road running,Absoluta/General,0,95,Barcelona,,Barcelona
championsxip,MILLA SAGRADA FAMILIA,2024-10-27,Domingo,0.0,road running,Infantil,41,0,Barcelona,,Barcelona
championsxip,MILLA SAGRADA FAMILIA,2024-10-27,Domingo,0.0,road running,Infantil,0,47,Barcelona,,Barcelona
championsxip,MILLA SAGRADA FAMILIA,2024-10-27,Domingo,0.0,road running,Absoluta/General,37,0,Barcelona,,Barcelona
championsxip,MILLA SAGRADA FAMILIA,2024-10-27,Domingo,0.0,road running,Absoluta/General,0,33,Barcelona,,Barcelona
championsxip,MILLA SAGRADA FAMILIA,2024-10-27,Domingo,0.0,road running,Infantil,56,65,Barcelona,,Barcelona
championsxip,MILLA SAGRADA FAMILIA,2024-10-27,Domingo,0.0,road running,Infantil,43,63,Barcelona,,Barcelona
championsxip,MILLA SAGRADA FAMILIA,2024-10-27,Domingo,0.0,road running,Absoluta/General,56,0,Barcelona,,Barcelona
championsxip,MILLA SAGRADA FAMILIA,2024-10-27,Domingo,0.0,road running,Absoluta/General,60,0,Barcelona,,Barcelona
championsxip,MILLA SAGRADA FAMILIA,2024-10-27,Domingo,0.0,road running,Absoluta/General,70,0,Barcelona,,Barcelona
championsxip,MILLA SAGRADA FAMILIA,2024-10-27,Domingo,0.0,road running,Absoluta/General,66,41,Barcelona,,Barcelona
championsxip,MILLA SAGRADA FAMILIA,2024-10-27,Domingo,0.0,road running,Absoluta/General,0,86,Barcelona,,Barcelona
championsxip,MILLA SAGRADA FAMILIA,2024-10-27,Domingo,0.0,road running,Absoluta/General,0,87,Barcelona,,Barcelona
championsxip,MILLA SAGRADA FAMILIA,2024-10-27,Domingo,0.0,road running,Absoluta/General,0,87,Barcelona,,Barcelona
championsxip,44È CROS DELS ARENYS,2024-11-02,Sábado,0.0,trail running,Mayores/Veteranos,30,103,Arenys de Mar,,Barcelona
championsxip,44È CROS DELS ARENYS,2024-11-02,Sábado,0.0,trail running,Infantil,7,14,Arenys de Mar,,Barcelona
championsxip,44È CROS DELS ARENYS,2024-11-02,Sábado,0.0,trail running,Infantil,13,14,Arenys de Mar,,Barcelona
championsxip,44È CROS DELS ARENYS,2024-11-02,Sábado,0.0,trail running,Infantil,10,26,Arenys de Mar,,Barcelona
championsxip,44È CROS DELS ARENYS,2024-11-02,Sábado,0.0,trail running,Absoluta/General,6,27,Arenys de Mar,,Barcelona
championsxip,44È CROS DELS ARENYS,2024-11-02,Sábado,0.0,trail running,Infantil,21,26,Arenys de Mar,,Barcelona
championsxip,44È CROS DELS ARENYS,2024-11-02,Sábado,0.0,trail running,Infantil,20,29,Arenys de Mar,,Barcelona
championsxip,CURSA DE MONTGAT,2024-11-03,Domingo,10.0,road running,Absoluta/General,77,256,Montgat,,Barcelona
championsxip,CURSA DE MONTGAT,2024-11-03,Domingo,5.0,road running,Absoluta/General,107,141,Montgat,,Barcelona
championsxip,5KM I 10KM URBANS DE MANRESA,2024-11-03,Domingo,10.0,road running,Absoluta/General,73,276,Manresa,Bages,Catalunya
championsxip,5KM I 10KM URBANS DE MANRESA,2024-11-03,Domingo,5.0,road running,Absoluta/General,71,78,Manresa,Bages,Catalunya
championsxip,5KM I 10KM URBANS DE MANRESA,2024-11-03,Domingo,0.0,road running,Absoluta/General,21,22,Manresa,Bages,Catalunya
championsxip,VII CROS DE CARDEDEU,2024-11-09,Sábado,0.0,trail running,Absoluta/General,14,44,Cardedeu,,Barcelona
championsxip,VII CROS DE CARDEDEU,2024-11-09,Sábado,0.0,trail running,Infantil,6,7,Cardedeu,,Barcelona
championsxip,VII CROS DE CARDEDEU,2024-11-09,Sábado,0.0,trail running,Infantil,0,21,Cardedeu,,Barcelona
championsxip,VII CROS DE CARDEDEU,2024-11-09,Sábado,0.0,trail running,Infantil,14,0,Cardedeu,,Barcelona
championsxip,VII CROS DE CARDEDEU,2024-11-09,Sábado,0.0,trail running,Infantil,0,22,Cardedeu,,Barcelona
championsxip,VII CROS DE CARDEDEU,2024-11-09,Sábado,0.0,trail running,Infantil,22,0,Cardedeu,,Barcelona
championsxip,VII CROS DE CARDEDEU,2024-11-09,Sábado,0.0,trail running,Infantil,0,35,Cardedeu,,Barcelona
championsxip,VII CROS DE CARDEDEU,2024-11-09,Sábado,0.0,trail running,Infantil,27,0,Cardedeu,,Barcelona
championsxip,VII CROS DE CARDEDEU,2024-11-09,Sábado,0.0,trail running,Infantil,0,32,Cardedeu,,Barcelona
championsxip,VII CROS DE CARDEDEU,2024-11-09,Sábado,0.0,trail running,Infantil,20,0,Cardedeu,,Barcelona
championsxip,SALIGARDA TRAIL - LA GARRIGA,2024-11-10,Domingo,24.0,trail running,Absoluta/General,33,132,la Garriga,Vallès Oriental,Catalunya
championsxip,SALIGARDA TRAIL - LA GARRIGA,2024-11-10,Domingo,13.0,trail running,Absoluta/General,91,184,la Garriga,Vallès Oriental,Catalunya
championsxip,CURSA DE LA DONA - CORBERA DE LLOBREGAT,2024-11-10,Domingo,7.0,road running,Absoluta/General,182,37,Corbera de Llobregat,Baix Llobregat,Catalunya
championsxip,XXI CROS DE SANT MARTÍ,2024-11-10,Domingo,0.0,trail running,Infantil,13,19,Barcelona,,Barcelona
championsxip,XXI CROS DE SANT MARTÍ,2024-11-10,Domingo,0.0,trail running,Infantil,20,0,Barcelona,,Barcelona
championsxip,XXI CROS DE SANT MARTÍ,2024-11-10,Domingo,0.0,trail running,Infantil,0,23,Barcelona,,Barcelona
championsxip,XXI CROS DE SANT MARTÍ,2024-11-10,Domingo,0.0,trail running,Infantil,21,0,Barcelona,,Barcelona
championsxip,XXI CROS DE SANT MARTÍ,2024-11-10,Domingo,0.0,trail running,Infantil,0,24,Barcelona,,Barcelona
championsxip,XXI CROS DE SANT MARTÍ,2024-11-10,Domingo,0.0,trail running,Infantil,10,17,Barcelona,,Barcelona
championsxip,XXI CROS DE SANT MARTÍ,2024-11-10,Domingo,0.0,trail running,Infantil,5,13,Barcelona,,Barcelona
championsxip,XXI CROS DE SANT MARTÍ,2024-11-10,Domingo,0.0,trail running,Infantil,19,0,Barcelona,,Barcelona
championsxip,XXI CROS DE SANT MARTÍ,2024-11-10,Domingo,0.0,trail running,Infantil,0,23,Barcelona,,Barcelona
championsxip,XXI CROS DE SANT MARTÍ,2024-11-10,Domingo,0.0,trail running,Infantil,17,0,Barcelona,,Barcelona
championsxip,XXI CROS DE SANT MARTÍ,2024-11-10,Domingo,0.0,trail running,Infantil,0,19,Barcelona,,Barcelona
championsxip,XXI CROS DE SANT MARTÍ,2024-11-10,Domingo,0.0,trail running,Infantil,12,0,Barcelona,,Barcelona
championsxip,XXI CROS DE SANT MARTÍ,2024-11-10,Domingo,0.0,trail running,Infantil,0,13,Barcelona,,Barcelona
championsxip,XXI CROS DE SANT MARTÍ,2024-11-10,Domingo,0.0,trail running,Infantil,16,17,Barcelona,,Barcelona
championsxip,MILLES NOCTURNES CERDANYOLA - 5K,2024-11-16,Sábado,5.0,road running,Absoluta/General,0,60,,,
championsxip,TRAIL TORRES DEL FOC,2024-11-16,Sábado,22.0,trail running,Absoluta/General,45,146,Alacant / Alicante,l'Alacantí,Comunitat Valenciana
championsxip,TRAIL TORRES DEL FOC,2024-11-16,Sábado,35.0,trail running,Absoluta/General,10,53,Alacant / Alicante,l'Alacantí,Comunitat Valenciana
championsxip,TRAIL TORRES DEL FOC,2024-11-16,Sábado,50.0,trail running,Absoluta/General,8,44,Alacant / Alicante,l'Alacantí,Comunitat Valenciana
championsxip,TRAIL TORRES DEL FOC,2024-11-16,Sábado,70.0,trail running,Absoluta/General,6,40,Alacant / Alicante,l'Alacantí,Comunitat Valenciana
championsxip,IX VINYA-CROSS SOLIDARI OLLER DEL MAS,2024-11-17,Domingo,10.0,trail running,Absoluta/General,159,195,Ares del Maestrat,l'Alt Maestrat,Comunitat Valenciana
championsxip,IX VINYA-CROSS SOLIDARI OLLER DEL MAS,2024-11-17,Domingo,5.0,trail running,Absoluta/General,229,152,Ares del Maestrat,l'Alt Maestrat,Comunitat Valenciana
championsxip,IX VINYA-CROSS SOLIDARI OLLER DEL MAS,2024-11-17,Domingo,21.0,trail running,Absoluta/General,15,81,Ares del Maestrat,l'Alt Maestrat,Comunitat Valenciana
championsxip,ELS 10 DE LES FRANQUESES,2024-11-17,Domingo,10.0,road running,Absoluta/General,80,259,Corró d'Avall,,Barcelona
championsxip,CROS 3TURONS-LA DIABLADA,2024-11-17,Domingo,12.0,trail running,Absoluta/General,100,388,,,
championsxip,38A PUJADA I BAIXADA A GUANTA,2024-11-23,Sábado,12.3,trail running,Absoluta/General,0,30,Sentmenat,Vallès Occidental,Catalunya
championsxip,38A PUJADA I BAIXADA A GUANTA,2024-11-23,Sábado,6.0,trail running,Absoluta/General,27,46,Sentmenat,Vallès Occidental,Catalunya
championsxip,2N CROS SEMI URBÀ DE LLAVANERES,2024-11-23,Sábado,0.0,trail running,Mayores/Veteranos,23,73,Sant Andreu de Llavaneres,,Barcelona
championsxip,2N CROS SEMI URBÀ DE LLAVANERES,2024-11-23,Sábado,0.0,trail running,Absoluta/General,7,28,Sant Andreu de Llavaneres,,Barcelona
championsxip,2N CROS SEMI URBÀ DE LLAVANERES,2024-11-23,Sábado,0.0,trail running,Infantil,11,22,Sant Andreu de Llavaneres,,Barcelona
championsxip,2N CROS SEMI URBÀ DE LLAVANERES,2024-11-23,Sábado,0.0,trail running,Infantil,20,17,Sant Andreu de Llavaneres,,Barcelona
championsxip,2N CROS SEMI URBÀ DE LLAVANERES,2024-11-23,Sábado,0.0,trail running,Infantil,12,24,Sant Andreu de Llavaneres,,Barcelona
championsxip,2N CROS SEMI URBÀ DE LLAVANERES,2024-11-23,Sábado,0.0,trail running,Infantil,19,30,Sant Andreu de Llavaneres,,Barcelona
championsxip,2N CROS SEMI URBÀ DE LLAVANERES,2024-11-23,Sábado,0.0,trail running,Infantil,29,35,Sant Andreu de Llavaneres,,Barcelona
championsxip,CORREBLAU 2024,2024-11-24,Domingo,10.0,road running,Absoluta/General,0,30,,,
championsxip,CORREBLAU 2024,2024-11-24,Domingo,5.0,road running,Absoluta/General,243,292,,,
championsxip,4T CROS TORDERA,2024-11-30,Sábado,0.0,trail running,Mayores/Veteranos,22,72,Tordera,,Barcelona
championsxip,4T CROS TORDERA,2024-11-30,Sábado,0.0,trail running,Infantil,10,13,Tordera,,Barcelona
championsxip,4T CROS TORDERA,2024-11-30,Sábado,0.0,trail running,Infantil,15,15,Tordera,,Barcelona
championsxip,4T CROS TORDERA,2024-11-30,Sábado,0.0,trail running,Absoluta/General,5,22,Tordera,,Barcelona
championsxip,4T CROS TORDERA,2024-11-30,Sábado,0.0,trail running,Infantil,16,22,Tordera,,Barcelona
championsxip,4T CROS TORDERA,2024-11-30,Sábado,0.0,trail running,Infantil,19,24,Tordera,,Barcelona
championsxip,4T CROS TORDERA,2024-11-30,Sábado,0.0,trail running,Infantil,19,31,Tordera,,Barcelona
championsxip,101 JEAN BOUIN OPEN,2024-12-01,Domingo,10.0,road running,Absoluta/General,0,90,,,
championsxip,101 JEAN BOUIN OPEN,2024-12-01,Domingo,5.0,road running,Absoluta/General,0,30,,,
championsxip,JEAN BOUIN FEDERATS I ESCOLARS,2024-12-01,Domingo,0.0,road running,Infantil,1,0,,,
championsxip,JEAN BOUIN FEDERATS I ESCOLARS,2024-12-01,Domingo,0.0,road running,Infantil,0,13,,,
championsxip,JEAN BOUIN FEDERATS I ESCOLARS,2024-12-01,Domingo,0.0,road running,Absoluta/General,12,0,,,
championsxip,JEAN BOUIN FEDERATS I ESCOLARS,2024-12-01,Domingo,0.0,road running,Absoluta/General,0,24,,,
championsxip,JEAN BOUIN FEDERATS I ESCOLARS,2024-12-01,Domingo,0.0,road running,Absoluta/General,32,45,,,
championsxip,JEAN BOUIN FEDERATS I ESCOLARS,2024-12-01,Domingo,0.0,road running,Absoluta/General,49,61,,,
championsxip,JEAN BOUIN FEDERATS I ESCOLARS,2024-12-01,Domingo,0.0,road running,Infantil,39,65,,,
championsxip,JEAN BOUIN FEDERATS I ESCOLARS,2024-12-01,Domingo,0.0,road running,Infantil,36,65,,,
championsxip,JEAN BOUIN FEDERATS I ESCOLARS,2024-12-01,Domingo,0.0,road running,Infantil,45,71,,,
championsxip,JEAN BOUIN FEDERATS I ESCOLARS,2024-12-01,Domingo,0.0,road running,Infantil,45,71,,,
championsxip,JEAN BOUIN FEDERATS I ESCOLARS,2024-12-01,Domingo,0.0,road running,Infantil,43,63,,,
championsxip,JEAN BOUIN FEDERATS I ESCOLARS,2024-12-01,Domingo,0.0,road running,Infantil,35,80,,,
championsxip,LA 5K DE SANT VICENÇ DE MONTALT,2024-12-01,Domingo,5.0,road running,Absoluta/General,0,30,Sant Vicenç de Montalt,,Barcelona
championsxip,CURSA DE SANT ANDREU - BARCELONA,2024-12-06,Viernes,5.0,road running,Absoluta/General,0,30,Barcelona,,Barcelona
championsxip,CURSA DE SANT ANDREU - BARCELONA,2024-12-06,Viernes,0.0,road running,Absoluta/General,12,41,Barcelona,,Barcelona
championsxip,LA SANSI 17 VILADECANS,2024-12-08,Domingo,5.0,road running,Absoluta/General,0,30,Viladecans,Baix Llobregat,Catalunya
championsxip,29È CROS DE MALGRAT,2024-12-08,Domingo,0.0,trail running,Mayores/Veteranos,0,30,Cervera,,Lleida
championsxip,29È CROS DE MALGRAT,2024-12-08,Domingo,0.0,trail running,Infantil,9,11,Cervera,,Lleida
championsxip,29È CROS DE MALGRAT,2024-12-08,Domingo,0.0,trail running,Infantil,17,18,Cervera,,Lleida
championsxip,29È CROS DE MALGRAT,2024-12-08,Domingo,0.0,trail running,Absoluta/General,7,22,Cervera,,Lleida
championsxip,29È CROS DE MALGRAT,2024-12-08,Domingo,0.0,trail running,Infantil,16,20,Cervera,,Lleida
championsxip,29È CROS DE MALGRAT,2024-12-08,Domingo,0.0,trail running,Infantil,14,21,Cervera,,Lleida
championsxip,29È CROS DE MALGRAT,2024-12-08,Domingo,0.0,trail running,Infantil,19,29,Cervera,,Lleida
championsxip,TRANSPLANT RUN - PARC DEL FÒRUM,2024-12-08,Domingo,5.0,road running,Absoluta/General,268,255,Sant Adrià de Besòs,Barcelonès,Catalunya
championsxip,35A MITJA MARATÓ I 10K CIUTAT DE VILANOVA,2024-12-15,Domingo,21.0,road running,Absoluta/General,159,615,Vilanova i la Geltrú,Garraf,Catalunya
championsxip,35A MITJA MARATÓ I 10K CIUTAT DE VILANOVA,2024-12-15,Domingo,10.0,road running,Absoluta/General,0,30,Vilanova i la Geltrú,Garraf,Catalunya
championsxip,16È CROS D’ALELLA,2024-12-15,Domingo,0.0,trail running,Mayores/Veteranos,17,59,Alella,,Barcelona
championsxip,16È CROS D’ALELLA,2024-12-15,Domingo,0.0,trail running,Infantil,9,14,Alella,,Barcelona
championsxip,16È CROS D’ALELLA,2024-12-15,Domingo,0.0,trail running,Infantil,12,13,Alella,,Barcelona
championsxip,16È CROS D’ALELLA,2024-12-15,Domingo,0.0,trail running,Infantil,10,20,Alella,,Barcelona
championsxip,16È CROS D’ALELLA,2024-12-15,Domingo,0.0,trail running,Infantil,13,17,Alella,,Barcelona
championsxip,16È CROS D’ALELLA,2024-12-15,Domingo,0.0,trail running,Infantil,17,23,Alella,,Barcelona
championsxip,16È CROS D’ALELLA,2024-12-15,Domingo,0.0,trail running,Absoluta/General,8,14,Alella,,Barcelona
championsxip,46A CURSA POPULAR DE LA SAGRERA,2024-12-15,Domingo,10.0,road running,Absoluta/General,0,60,Barcelona,,Barcelona
championsxip,46A CURSA POPULAR DE LA SAGRERA,2024-12-15,Domingo,5.0,road running,Absoluta/General,117,163,Barcelona,,Barcelona
championsxip,LA CURSA DE LA UAB - LA MARATÓ DE TV3,2024-12-15,Domingo,11.6,road running,Absoluta/General,113,249,Sant Joan Despí,Baix Llobregat,Catalunya
championsxip,LA CURSA DE LA UAB - LA MARATÓ DE TV3,2024-12-15,Domingo,6.0,road running,Absoluta/General,198,167,Sant Joan Despí,Baix Llobregat,Catalunya
championsxip,58 CROS DE GRANOLLERS,2024-12-15,Domingo,0.0,trail running,Mayores/Veteranos,10,47,Granollers,,Barcelona
championsxip,58 CROS DE GRANOLLERS,2024-12-15,Domingo,0.0,trail running,Infantil,44,0,Granollers,,Barcelona
championsxip,58 CROS DE GRANOLLERS,2024-12-15,Domingo,0.0,trail running,Infantil,0,74,Granollers,,Barcelona
championsxip,58 CROS DE GRANOLLERS,2024-12-15,Domingo,0.0,trail running,Infantil,70,0,Granollers,,Barcelona
championsxip,58 CROS DE GRANOLLERS,2024-12-15,Domingo,0.0,trail running,Infantil,0,82,Granollers,,Barcelona
championsxip,58 CROS DE GRANOLLERS,2024-12-15,Domingo,0.0,trail running,Infantil,30,0,Granollers,,Barcelona
championsxip,58 CROS DE GRANOLLERS,2024-12-15,Domingo,0.0,trail running,Infantil,0,67,Granollers,,Barcelona
championsxip,58 CROS DE GRANOLLERS,2024-12-15,Domingo,0.0,trail running,Infantil,14,0,Granollers,,Barcelona
championsxip,58 CROS DE GRANOLLERS,2024-12-15,Domingo,0.0,trail running,Infantil,0,35,Granollers,,Barcelona
championsxip,58 CROS DE GRANOLLERS,2024-12-15,Domingo,0.0,trail running,Infantil,45,0,Granollers,,Barcelona
championsxip,58 CROS DE GRANOLLERS,2024-12-15,Domingo,0.0,trail running,Infantil,0,82,Granollers,,Barcelona
championsxip,58 CROS DE GRANOLLERS,2024-12-15,Domingo,0.0,trail running,Infantil,84,0,Granollers,,Barcelona
championsxip,58 CROS DE GRANOLLERS,2024-12-15,Domingo,0.0,trail running,Infantil,0,120,Granollers,,Barcelona
championsxip,58 CROS DE GRANOLLERS,2024-12-15,Domingo,0.0,trail running,Infantil,66,0,Granollers,,Barcelona
championsxip,58 CROS DE GRANOLLERS,2024-12-15,Domingo,0.0,trail running,Infantil,0,80,Granollers,,Barcelona
championsxip,58 CROS DE GRANOLLERS,2024-12-15,Domingo,0.0,trail running,Infantil,22,19,Granollers,,Barcelona
championsxip,LA DE NADAL CURSA DELS ELFS I LES ELFES,2024-12-21,Sábado,5.0,road running,Absoluta/General,1196,950,,,
championsxip,45A SAN SILVESTRE DEL MASNOU 5KM,2024-12-26,Jueves,5.0,road running,Absoluta/General,0,60,el Masnou,Maresme,Catalunya
championsxip,45A SAN SILVESTRE DEL MASNOU 5KM,2024-12-26,Jueves,0.0,road running,Infantil,14,20,el Masnou,Maresme,Catalunya
championsxip,45A SAN SILVESTRE DEL MASNOU 5KM,2024-12-26,Jueves,0.0,road running,Infantil,15,16,el Masnou,Maresme,Catalunya
championsxip,45A SAN SILVESTRE DEL MASNOU 5KM,2024-12-26,Jueves,0.0,road running,Infantil,37,0,el Masnou,Maresme,Catalunya
championsxip,45A SAN SILVESTRE DEL MASNOU 5KM,2024-12-26,Jueves,0.0,road running,Infantil,0,51,el Masnou,Maresme,Catalunya
championsxip,41ª EDICIÓ EL CAPÓ PUJA AL CASTELL,2024-12-29,Domingo,6.5,road running,Absoluta/General,0,30,Almería,,Almería
championsxip,SANT SILVESTRE RACC BADALONA,2024-12-29,Domingo,10.0,road running,Absoluta/General,231,582,Badalona,Barcelonès,Catalunya
championsxip,SANT SILVESTRE RACC BADALONA,2024-12-29,Domingo,5.0,road running,Absoluta/General,236,307,Badalona,Barcelonès,Catalunya
championsxip,CURSA DELS NASSOS,2024-12-31,Martes,10.0,road running,Absoluta/General,0,120,la Vall de Gallinera,,Alacant / Alicante
championsxip,CURSA DELS NASSOS,2024-12-31,Martes,5.0,road running,Absoluta/General,24,43,la Vall de Gallinera,,Alacant / Alicante
championsxip,CURSA DELS NASSOS,2024-12-31,Martes,0.0,road running,Absoluta/General,0,1,la Vall de Gallinera,,Alacant / Alicante
championsxip,13A CURSA DE CAP D’ANY DE SABADELL,2024-12-31,Martes,10.0,road running,Absoluta/General,175,627,Sabadell,Vallès Occidental,Catalunya
championsxip,13A CURSA DE CAP D’ANY DE SABADELL,2024-12-31,Martes,5.0,road running,Absoluta/General,703,1157,Sabadell,Vallès Occidental,Catalunya
championsxip,SANT SILVESTRE DE BERGA,2024-12-31,Martes,5.0,road running,Absoluta/General,317,570,Berga,Berguedà,Catalunya
championsxip,19A CURSA SANT SILVESTRE DE GIRONA,2024-12-31,Martes,5.0,road running,Absoluta/General,0,30,Llançà,,Girona
championsxip,CURSA CREMATORRONS LLIÇÀ D’AMUNT,2025-01-04,Sábado,5.5,road running,Absoluta/General,84,130,Lliçà d'Amunt,Vallès Oriental,Catalunya
championsxip,10A CURSA SOLIDÀRIA DE REIS - CORNELLÀ DE LLOBR...,2025-01-05,Domingo,5.0,road running,Absoluta/General,0,30,,,
championsxip,MITJA MARATÓ DE SITGES,2025-01-12,Domingo,21.097,road running,Absoluta/General,376,1376,Sitges,,Barcelona
championsxip,MITJA MARATÓ DE SITGES,2025-01-12,Domingo,10.0,road running,Absoluta/General,0,30,Sitges,,Barcelona
championsxip,MITJA MARATÓ DE SITGES,2025-01-12,Domingo,0.0,road running,Absoluta/General,1,1,Sitges,,Barcelona
championsxip,CINC CIMS CORBERA DE LLOBREGAT  CORREM PER L'USHER,2025-01-12,Domingo,27.0,trail running,Absoluta/General,0,30,,,
championsxip,CINC CIMS CORBERA DE LLOBREGAT  CORREM PER L'USHER,2025-01-12,Domingo,10.0,trail running,Absoluta/General,173,283,,,
championsxip,TRAIL VILA DE CREIXELL,2025-01-19,Domingo,10.9,trail running,Absoluta/General,36,90,Creixell,,Tarragona
championsxip,TRAIL VILA DE CREIXELL,2025-01-19,Domingo,3.7,trail running,Absoluta/General,12,21,Creixell,,Tarragona
championsxip,XXI CROS DE LES CORTS,2025-01-19,Domingo,0.0,trail running,Infantil,18,15,Barcelona,,Barcelona
championsxip,XXI CROS DE LES CORTS,2025-01-19,Domingo,0.0,trail running,Infantil,21,0,Barcelona,,Barcelona
championsxip,XXI CROS DE LES CORTS,2025-01-19,Domingo,0.0,trail running,Infantil,0,23,Barcelona,,Barcelona
championsxip,XXI CROS DE LES CORTS,2025-01-19,Domingo,0.0,trail running,Infantil,34,0,Barcelona,,Barcelona
championsxip,XXI CROS DE LES CORTS,2025-01-19,Domingo,0.0,trail running,Infantil,0,32,Barcelona,,Barcelona
championsxip,XXI CROS DE LES CORTS,2025-01-19,Domingo,0.0,trail running,Infantil,21,26,Barcelona,,Barcelona
championsxip,XXI CROS DE LES CORTS,2025-01-19,Domingo,0.0,trail running,Infantil,23,25,Barcelona,,Barcelona
championsxip,XXI CROS DE LES CORTS,2025-01-19,Domingo,0.0,trail running,Infantil,33,0,Barcelona,,Barcelona
championsxip,XXI CROS DE LES CORTS,2025-01-19,Domingo,0.0,trail running,Infantil,0,34,Barcelona,,Barcelona
championsxip,XXI CROS DE LES CORTS,2025-01-19,Domingo,0.0,trail running,Infantil,34,0,Barcelona,,Barcelona
championsxip,XXI CROS DE LES CORTS,2025-01-19,Domingo,0.0,trail running,Infantil,0,39,Barcelona,,Barcelona
championsxip,XXI CROS DE LES CORTS,2025-01-19,Domingo,0.0,trail running,Infantil,25,0,Barcelona,,Barcelona
championsxip,XXI CROS DE LES CORTS,2025-01-19,Domingo,0.0,trail running,Infantil,0,27,Barcelona,,Barcelona
championsxip,XXI CROS DE LES CORTS,2025-01-19,Domingo,0.0,trail running,Infantil,40,24,Barcelona,,Barcelona
championsxip,MITJA DE TERRASSA,2025-01-26,Domingo,21.097,road running,Absoluta/General,32,477,Terrassa,,Barcelona
championsxip,MITJA DE TERRASSA,2025-01-26,Domingo,5.0,road running,Absoluta/General,306,358,Terrassa,,Barcelona
championsxip,CURSA MORITZ SANT ANTONI - CAMPIONAT DE CATALUNYA,2025-01-26,Domingo,10.0,road running,Absoluta/General,0,30,,,
championsxip,CURSA MORITZ SANT ANTONI - CAMPIONAT DE CATALUNYA,2025-01-26,Domingo,0.0,road running,Infantil,44,45,,,
championsxip,CURSA MORITZ SANT ANTONI - CAMPIONAT DE CATALUNYA,2025-01-26,Domingo,0.0,road running,Infantil,54,69,,,
championsxip,CURSA MORITZ SANT ANTONI - CAMPIONAT DE CATALUNYA,2025-01-26,Domingo,0.0,road running,Infantil,64,92,,,
championsxip,CURSA MORITZ SANT ANTONI - 5K,2025-01-26,Domingo,5.0,road running,Absoluta/General,13,107,Barcelona,,Barcelona
championsxip,CURSA MORITZ SANT ANTONI - 5K,2025-01-26,Domingo,1.609,road running,Absoluta/General,17,30,Barcelona,,Barcelona
championsxip,XXVI CURSA MOLLET DEL VALLÈS - SANT VICENÇ,2025-01-26,Domingo,10.0,road running,Absoluta/General,0,30,Rellinars,Vallès Occidental,Catalunya
championsxip,XXVI CURSA MOLLET DEL VALLÈS - SANT VICENÇ,2025-01-26,Domingo,5.0,road running,Absoluta/General,163,182,Rellinars,Vallès Occidental,Catalunya
championsxip,SENDERS DE CAN COSTA,2025-02-09,Domingo,21.0,trail running,Absoluta/General,17,72,,,
championsxip,SENDERS DE CAN COSTA,2025-02-09,Domingo,13.0,trail running,Absoluta/General,29,80,,,
championsxip,MITJA MARATÓ COLOMENCA I 10K,2025-02-09,Domingo,21.0,road running,Absoluta/General,92,508,Santa Coloma de Gramenet,,Barcelona
championsxip,MITJA MARATÓ COLOMENCA I 10K,2025-02-09,Domingo,10.0,road running,Absoluta/General,171,412,Santa Coloma de Gramenet,,Barcelona
championsxip,2N CROS DE LA GARRIGA,2025-02-22,Sábado,0.0,trail running,Absoluta/General,5,26,la Garriga,,Barcelona
championsxip,2N CROS DE LA GARRIGA,2025-02-22,Sábado,0.0,trail running,Infantil,0,14,la Garriga,,Barcelona
championsxip,2N CROS DE LA GARRIGA,2025-02-22,Sábado,0.0,trail running,Infantil,6,0,la Garriga,,Barcelona
championsxip,2N CROS DE LA GARRIGA,2025-02-22,Sábado,0.0,trail running,Infantil,0,17,la Garriga,,Barcelona
championsxip,2N CROS DE LA GARRIGA,2025-02-22,Sábado,0.0,trail running,Infantil,24,0,la Garriga,,Barcelona
championsxip,2N CROS DE LA GARRIGA,2025-02-22,Sábado,0.0,trail running,Infantil,0,11,la Garriga,,Barcelona
championsxip,2N CROS DE LA GARRIGA,2025-02-22,Sábado,0.0,trail running,Infantil,10,0,la Garriga,,Barcelona
championsxip,2N CROS DE LA GARRIGA,2025-02-22,Sábado,0.0,trail running,Infantil,19,31,la Garriga,,Barcelona
championsxip,2N CROS DE LA GARRIGA,2025-02-22,Sábado,0.0,trail running,Infantil,10,31,la Garriga,,Barcelona
championsxip,SISMICA RACE,2025-02-23,Domingo,24.0,trail running,Absoluta/General,22,123,,,
championsxip,SISMICA RACE,2025-02-23,Domingo,10.0,trail running,Absoluta/General,44,166,,,
championsxip,XIII CURSA BENÈFICA MALALTIES MINORITÀRIES,2025-02-23,Domingo,10.0,road running,Absoluta/General,214,428,Barcelona,Barcelonès,Catalunya
championsxip,XIII CURSA BENÈFICA MALALTIES MINORITÀRIES,2025-02-23,Domingo,5.0,road running,Absoluta/General,2,28,Barcelona,Barcelonès,Catalunya
championsxip,CURSA MUNTANYA DEL FARELL,2025-02-23,Domingo,12.3,trail running,Absoluta/General,72,210,Caldes de Montbui,Vallès Oriental,Catalunya
championsxip,XV CROS DE L’EIXAMPLE,2025-02-23,Domingo,0.0,road running,Infantil,7,7,Barcelona,,Barcelona
championsxip,XV CROS DE L’EIXAMPLE,2025-02-23,Domingo,0.0,road running,Infantil,8,0,Barcelona,,Barcelona
championsxip,XV CROS DE L’EIXAMPLE,2025-02-23,Domingo,0.0,road running,Infantil,0,23,Barcelona,,Barcelona
championsxip,XV CROS DE L’EIXAMPLE,2025-02-23,Domingo,0.0,road running,Infantil,18,0,Barcelona,,Barcelona
championsxip,XV CROS DE L’EIXAMPLE,2025-02-23,Domingo,0.0,road running,Infantil,0,23,Barcelona,,Barcelona
championsxip,XV CROS DE L’EIXAMPLE,2025-02-23,Domingo,0.0,road running,Infantil,10,19,Barcelona,,Barcelona
championsxip,XV CROS DE L’EIXAMPLE,2025-02-23,Domingo,0.0,road running,Infantil,15,24,Barcelona,,Barcelona
championsxip,XV CROS DE L’EIXAMPLE,2025-02-23,Domingo,0.0,road running,Infantil,20,0,Barcelona,,Barcelona
championsxip,XV CROS DE L’EIXAMPLE,2025-02-23,Domingo,0.0,road running,Infantil,0,24,Barcelona,,Barcelona
championsxip,XV CROS DE L’EIXAMPLE,2025-02-23,Domingo,0.0,road running,Infantil,24,0,Barcelona,,Barcelona
championsxip,XV CROS DE L’EIXAMPLE,2025-02-23,Domingo,0.0,road running,Infantil,0,31,Barcelona,,Barcelona
championsxip,XV CROS DE L’EIXAMPLE,2025-02-23,Domingo,0.0,road running,Infantil,20,0,Barcelona,,Barcelona
championsxip,XV CROS DE L’EIXAMPLE,2025-02-23,Domingo,0.0,road running,Infantil,0,28,Barcelona,,Barcelona
championsxip,XV CROS DE L’EIXAMPLE,2025-02-23,Domingo,0.0,road running,Infantil,7,11,Barcelona,,Barcelona
championsxip,LA MINI 2025 GRANOLLERS,2025-03-01,Sábado,0.0,road running,Absoluta/General,82,0,Madrid,,Comunidad de Madrid
championsxip,LA MINI 2025 GRANOLLERS,2025-03-01,Sábado,0.0,road running,Absoluta/General,0,90,Madrid,,Comunidad de Madrid
championsxip,LA MINI 2025 GRANOLLERS,2025-03-01,Sábado,0.0,road running,Infantil,89,116,Madrid,,Comunidad de Madrid
championsxip,LA MINI 2025 GRANOLLERS,2025-03-01,Sábado,0.0,road running,Infantil,72,116,Madrid,,Comunidad de Madrid
championsxip,LA MINI 2025 GRANOLLERS,2025-03-01,Sábado,0.0,road running,Infantil,72,90,Madrid,,Comunidad de Madrid
championsxip,LA MINI 2025 GRANOLLERS,2025-03-01,Sábado,0.0,road running,Infantil,29,47,Madrid,,Comunidad de Madrid
championsxip,MITJA MARATÓ LA MITJA,2025-03-02,Domingo,21.0,road running,Absoluta/General,1189,3765,Novelda,,Alacant / Alicante
championsxip,MITJA MARATÓ LA MITJA,2025-03-02,Domingo,10.0,road running,Absoluta/General,530,687,Novelda,,Alacant / Alicante
championsxip,MITJA MARATÓ LA MITJA,2025-03-02,Domingo,5.0,road running,Absoluta/General,136,194,Novelda,,Alacant / Alicante
championsxip,MITJA MARATÓ LA MITJA,2025-03-02,Domingo,5.0,road running,Infantil,81,78,Novelda,,Alacant / Alicante
championsxip,MITJA MARATÓ LA MITJA,2025-03-02,Domingo,0.0,road running,Absoluta/General,0,1,Novelda,,Alacant / Alicante
championsxip,"UNIRUN, LA CURSA DE LES UNIVERSITATS",2025-03-02,Domingo,5.0,road running,Absoluta/General,0,30,Muro,Pla de Mallorca,Illes Balears
championsxip,TRAIL PROMOCIÓ + OPEN OLESA,2025-03-08,Sábado,0.0,road running,Infantil,16,24,,,
championsxip,TRAIL PROMOCIÓ + OPEN OLESA,2025-03-08,Sábado,0.0,road running,Infantil,6,13,,,
championsxip,TRAIL PROMOCIÓ + OPEN OLESA,2025-03-08,Sábado,0.0,road running,Infantil,10,12,,,
championsxip,TRAIL PROMOCIÓ + OPEN OLESA,2025-03-08,Sábado,0.0,road running,Infantil,12,15,,,
championsxip,TRAIL PROMOCIÓ + OPEN OLESA,2025-03-08,Sábado,0.0,road running,Infantil,11,18,,,
championsxip,3A OLI TRAIL MONTSERRAT - CAMPIONAT CATALUNYA,2025-03-09,Domingo,24.0,trail running,Absoluta/General,0,0,,,
championsxip,3A OLI TRAIL MONTSERRAT - CAMPIONAT CATALUNYA,2025-03-09,Domingo,13.0,trail running,Absoluta/General,95,231,,,
championsxip,CURSA DE LA DONA SANTA COLOMA DE GRAMENET,2025-03-15,Sábado,5.0,road running,Absoluta/General,1109,557,Santa Coloma de Gramenet,,Barcelona
championsxip,CURSA CIENTÍFICA SANT PAU,2025-03-22,Sábado,5.0,road running,Absoluta/General,101,114,València,Comarca de València,Comunitat Valenciana
championsxip,CURSA DE LA DONA PINEDA,2025-03-23,Domingo,5.0,road running,Absoluta/General,180,127,Santa Coloma de Cervelló,,Barcelona
championsxip,10A CURSA DE LA DONA VILADECANS,2025-03-23,Domingo,5.0,road running,Absoluta/General,644,184,,,
championsxip,CAMPIONAT CATALUNYA TRAIL PROMOCIÓ,2025-03-23,Domingo,0.0,trail running,Infantil,21,34,,,
championsxip,CAMPIONAT CATALUNYA TRAIL PROMOCIÓ,2025-03-23,Domingo,0.0,trail running,Infantil,11,18,,,
championsxip,PONLE FRENO BADALONA,2025-03-23,Domingo,10.0,road running,Absoluta/General,0,30,,,
championsxip,PONLE FRENO BADALONA,2025-03-23,Domingo,5.0,road running,Absoluta/General,138,282,,,
championsxip,CROS DE CIUTAT VELLA,2025-03-23,Domingo,0.0,road running,Infantil,14,17,Barcelona,,Barcelona
championsxip,CROS DE CIUTAT VELLA,2025-03-23,Domingo,0.0,road running,Infantil,12,0,Barcelona,,Barcelona
championsxip,CROS DE CIUTAT VELLA,2025-03-23,Domingo,0.0,road running,Infantil,0,24,Barcelona,,Barcelona
championsxip,CROS DE CIUTAT VELLA,2025-03-23,Domingo,0.0,road running,Infantil,20,0,Barcelona,,Barcelona
championsxip,CROS DE CIUTAT VELLA,2025-03-23,Domingo,0.0,road running,Infantil,0,21,Barcelona,,Barcelona
championsxip,CROS DE CIUTAT VELLA,2025-03-23,Domingo,0.0,road running,Infantil,6,15,Barcelona,,Barcelona
championsxip,CROS DE CIUTAT VELLA,2025-03-23,Domingo,0.0,road running,Infantil,11,13,Barcelona,,Barcelona
championsxip,CROS DE CIUTAT VELLA,2025-03-23,Domingo,0.0,road running,Infantil,17,0,Barcelona,,Barcelona
championsxip,CROS DE CIUTAT VELLA,2025-03-23,Domingo,0.0,road running,Infantil,0,22,Barcelona,,Barcelona
championsxip,CROS DE CIUTAT VELLA,2025-03-23,Domingo,0.0,road running,Infantil,21,0,Barcelona,,Barcelona
championsxip,CROS DE CIUTAT VELLA,2025-03-23,Domingo,0.0,road running,Infantil,0,29,Barcelona,,Barcelona
championsxip,CROS DE CIUTAT VELLA,2025-03-23,Domingo,0.0,road running,Infantil,17,0,Barcelona,,Barcelona
championsxip,CROS DE CIUTAT VELLA,2025-03-23,Domingo,0.0,road running,Infantil,0,28,Barcelona,,Barcelona
championsxip,CROS DE CIUTAT VELLA,2025-03-23,Domingo,0.0,road running,Infantil,7,15,Barcelona,,Barcelona
championsxip,CURSA MEDIJOCS,2025-04-05,Sábado,0.0,trail running,Absoluta/General,13,77,,,
championsxip,CURSA MEDIJOCS,2025-04-05,Sábado,0.0,trail running,Infantil,12,22,,,
championsxip,15A CURSA NOCTURNA DE L'HOSPITALET,2025-04-05,Sábado,10.0,road running,Absoluta/General,0,30,l'Hospitalet de Llobregat,,Barcelona
championsxip,15A CURSA NOCTURNA DE L'HOSPITALET,2025-04-05,Sábado,5.0,road running,Absoluta/General,0,60,l'Hospitalet de Llobregat,,Barcelona
championsxip,TRAIL DE LLORET DE MAR,2025-04-06,Domingo,15.0,trail running,Absoluta/General,65,168,Lloret de Mar,,Girona
championsxip,TRAIL DE LLORET DE MAR,2025-04-06,Domingo,6.0,trail running,Absoluta/General,70,89,Lloret de Mar,,Girona
championsxip,9A CURSA MILLA SANTA PERPÈTUA PER LA INCLUSIO,2025-04-06,Domingo,0.0,road running,Infantil,18,21,Barcelona,Barcelonès,Catalunya
championsxip,9A CURSA MILLA SANTA PERPÈTUA PER LA INCLUSIO,2025-04-06,Domingo,0.0,road running,Infantil,20,15,Barcelona,Barcelonès,Catalunya
championsxip,9A CURSA MILLA SANTA PERPÈTUA PER LA INCLUSIO,2025-04-06,Domingo,0.0,road running,Otros,17,17,Barcelona,Barcelonès,Catalunya
championsxip,9A CURSA MILLA SANTA PERPÈTUA PER LA INCLUSIO,2025-04-06,Domingo,1.609,road running,Absoluta/General,0,30,Barcelona,Barcelonès,Catalunya
championsxip,XVIII CROS ESCOLAR DE NOU BARRIS,2025-04-06,Domingo,0.0,road running,Infantil,11,20,Barcelona,,Barcelona
championsxip,XVIII CROS ESCOLAR DE NOU BARRIS,2025-04-06,Domingo,0.0,road running,Infantil,14,0,Barcelona,,Barcelona
championsxip,XVIII CROS ESCOLAR DE NOU BARRIS,2025-04-06,Domingo,0.0,road running,Infantil,0,20,Barcelona,,Barcelona
championsxip,XVIII CROS ESCOLAR DE NOU BARRIS,2025-04-06,Domingo,0.0,road running,Infantil,22,0,Barcelona,,Barcelona
championsxip,XVIII CROS ESCOLAR DE NOU BARRIS,2025-04-06,Domingo,0.0,road running,Infantil,0,27,Barcelona,,Barcelona
championsxip,XVIII CROS ESCOLAR DE NOU BARRIS,2025-04-06,Domingo,0.0,road running,Infantil,7,19,Barcelona,,Barcelona
championsxip,XVIII CROS ESCOLAR DE NOU BARRIS,2025-04-06,Domingo,0.0,road running,Infantil,18,16,Barcelona,,Barcelona
championsxip,XVIII CROS ESCOLAR DE NOU BARRIS,2025-04-06,Domingo,0.0,road running,Infantil,29,0,Barcelona,,Barcelona
championsxip,XVIII CROS ESCOLAR DE NOU BARRIS,2025-04-06,Domingo,0.0,road running,Infantil,0,31,Barcelona,,Barcelona
championsxip,XVIII CROS ESCOLAR DE NOU BARRIS,2025-04-06,Domingo,0.0,road running,Infantil,23,0,Barcelona,,Barcelona
championsxip,XVIII CROS ESCOLAR DE NOU BARRIS,2025-04-06,Domingo,0.0,road running,Infantil,0,33,Barcelona,,Barcelona
championsxip,XVIII CROS ESCOLAR DE NOU BARRIS,2025-04-06,Domingo,0.0,road running,Infantil,20,0,Barcelona,,Barcelona
championsxip,XVIII CROS ESCOLAR DE NOU BARRIS,2025-04-06,Domingo,0.0,road running,Infantil,0,30,Barcelona,,Barcelona
championsxip,XVIII CROS ESCOLAR DE NOU BARRIS,2025-04-06,Domingo,0.0,road running,Infantil,16,14,Barcelona,,Barcelona
championsxip,XXX CURSA DE LA SANITAT CATALANA,2025-04-11,Viernes,10.0,trail running,Absoluta/General,69,183,,,
championsxip,XXX CURSA DE LA SANITAT CATALANA,2025-04-11,Viernes,5.5,trail running,Absoluta/General,223,124,,,
championsxip,28A MILLA URBANA DE RIPOLLET,2025-04-12,Sábado,0.0,road running,Infantil,0,4,Ripollet,,Barcelona
championsxip,28A MILLA URBANA DE RIPOLLET,2025-04-12,Sábado,0.0,road running,Infantil,3,0,Ripollet,,Barcelona
championsxip,28A MILLA URBANA DE RIPOLLET,2025-04-12,Sábado,0.0,road running,Infantil,0,6,Ripollet,,Barcelona
championsxip,28A MILLA URBANA DE RIPOLLET,2025-04-12,Sábado,0.0,road running,Infantil,7,0,Ripollet,,Barcelona
championsxip,28A MILLA URBANA DE RIPOLLET,2025-04-12,Sábado,0.0,road running,Infantil,5,0,Ripollet,,Barcelona
championsxip,28A MILLA URBANA DE RIPOLLET,2025-04-12,Sábado,0.0,road running,Infantil,0,7,Ripollet,,Barcelona
championsxip,28A MILLA URBANA DE RIPOLLET,2025-04-12,Sábado,0.0,road running,Infantil,9,9,Ripollet,,Barcelona
championsxip,28A MILLA URBANA DE RIPOLLET,2025-04-12,Sábado,0.0,road running,Infantil,12,9,Ripollet,,Barcelona
championsxip,28A MILLA URBANA DE RIPOLLET,2025-04-12,Sábado,0.0,road running,Infantil,3,0,Ripollet,,Barcelona
championsxip,28A MILLA URBANA DE RIPOLLET,2025-04-12,Sábado,0.0,road running,Infantil,0,3,Ripollet,,Barcelona
championsxip,28A MILLA URBANA DE RIPOLLET,2025-04-12,Sábado,0.0,road running,Mayores/Veteranos,8,0,Ripollet,,Barcelona
championsxip,28A MILLA URBANA DE RIPOLLET,2025-04-12,Sábado,0.0,road running,Mayores/Veteranos,0,34,Ripollet,,Barcelona
championsxip,28A MILLA URBANA DE RIPOLLET,2025-04-12,Sábado,0.0,road running,Infantil,0,6,Ripollet,,Barcelona
championsxip,4A CURSA SOLIDÀRIA MOSSOS D'ESQUADRA BADALONA  ...,2025-04-13,Domingo,10.0,road running,Absoluta/General,0,30,Badalona,,Barcelona
championsxip,4A CURSA SOLIDÀRIA MOSSOS D'ESQUADRA BADALONA  ...,2025-04-13,Domingo,5.0,road running,Absoluta/General,631,507,Badalona,,Barcelona
championsxip,XXV EDICIÓ DE LA CURSA DE MARTORELL 5K,2025-04-13,Domingo,5.0,road running,Absoluta/General,131,317,Martorell,Baix Llobregat,Catalunya
championsxip,XXV EDICIÓ DE LA CURSA DE MARTORELL 5K,2025-04-13,Domingo,0.0,road running,Infantil,12,13,Martorell,Baix Llobregat,Catalunya
championsxip,XXV EDICIÓ DE LA CURSA DE MARTORELL 5K,2025-04-13,Domingo,0.0,road running,Infantil,27,29,Martorell,Baix Llobregat,Catalunya
championsxip,XXV EDICIÓ DE LA CURSA DE MARTORELL 5K,2025-04-13,Domingo,0.0,road running,Infantil,15,21,Martorell,Baix Llobregat,Catalunya
championsxip,35A CURSA DE CALDES D’ESTRACH 3 VILES,2025-04-13,Domingo,10.0,road running,Absoluta/General,117,274,Lorca,Alto Guadalentín,Región de Murcia
championsxip,XX MARATÓ DEL MEDITERRANI:,2025-04-27,Domingo,21.097,road running,Absoluta/General,0,60,Barcelona,,Barcelona
championsxip,XX MARATÓ DEL MEDITERRANI:,2025-04-27,Domingo,10.0,road running,Absoluta/General,444,666,Barcelona,,Barcelona
championsxip,XX MARATÓ DEL MEDITERRANI:,2025-04-27,Domingo,5.0,road running,Absoluta/General,336,271,Barcelona,,Barcelona
championsxip,XX MARATÓ DEL MEDITERRANI:,2025-04-27,Domingo,21.097,road running,Absoluta/General,64,94,Barcelona,,Barcelona
championsxip,12A MARATÓ PER EQUIPS/ ELS 7K DEL RIU,2025-04-27,Domingo,7.0,road running,Equipos,68,140,Castellar del Riu,Berguedà,Catalunya
championsxip,12A MARATÓ PER EQUIPS/ ELS 7K DEL RIU,2025-04-27,Domingo,0.0,road running,Equipos,16,138,Castellar del Riu,Berguedà,Catalunya
championsxip,12A MARATÓ PER EQUIPS/ ELS 7K DEL RIU,2025-04-27,Domingo,0.0,road running,Equipos,3,18,Castellar del Riu,Berguedà,Catalunya
championsxip,5È TRAIL SOLIDÀRIA SERRAMARINA ALELLA,2025-04-27,Domingo,21.0,trail running,Absoluta/General,20,105,,,
championsxip,5È TRAIL SOLIDÀRIA SERRAMARINA ALELLA,2025-04-27,Domingo,12.0,trail running,Absoluta/General,104,135,,,
championsxip,CURSA MONTILIVI GIRONA,2025-04-27,Domingo,10.0,road running,Absoluta/General,154,297,Girona,,Girona
championsxip,CURSA MONTILIVI GIRONA,2025-04-27,Domingo,5.0,road running,Absoluta/General,191,178,Girona,,Girona
championsxip,TRAIL CERDANYOLA SANT JULIÀ DE CERDANYOLA,2025-04-27,Domingo,20.0,trail running,Absoluta/General,12,44,Sant Julià de Cerdanyola,,Barcelona
championsxip,TRAIL CERDANYOLA SANT JULIÀ DE CERDANYOLA,2025-04-27,Domingo,12.0,trail running,Absoluta/General,20,42,Sant Julià de Cerdanyola,,Barcelona
championsxip,CROS ESCOLAR DE SARRIA SANT GERVASI,2025-04-27,Domingo,0.0,road running,Infantil,8,9,Barcelona,,Barcelona
championsxip,CROS ESCOLAR DE SARRIA SANT GERVASI,2025-04-27,Domingo,0.0,road running,Infantil,13,0,Barcelona,,Barcelona
championsxip,CROS ESCOLAR DE SARRIA SANT GERVASI,2025-04-27,Domingo,0.0,road running,Infantil,0,16,Barcelona,,Barcelona
championsxip,CROS ESCOLAR DE SARRIA SANT GERVASI,2025-04-27,Domingo,0.0,road running,Infantil,20,0,Barcelona,,Barcelona
championsxip,CROS ESCOLAR DE SARRIA SANT GERVASI,2025-04-27,Domingo,0.0,road running,Infantil,0,15,Barcelona,,Barcelona
championsxip,CROS ESCOLAR DE SARRIA SANT GERVASI,2025-04-27,Domingo,0.0,road running,Infantil,7,16,Barcelona,,Barcelona
championsxip,CROS ESCOLAR DE SARRIA SANT GERVASI,2025-04-27,Domingo,0.0,road running,Infantil,9,16,Barcelona,,Barcelona
championsxip,CROS ESCOLAR DE SARRIA SANT GERVASI,2025-04-27,Domingo,0.0,road running,Infantil,17,0,Barcelona,,Barcelona
championsxip,CROS ESCOLAR DE SARRIA SANT GERVASI,2025-04-27,Domingo,0.0,road running,Infantil,0,13,Barcelona,,Barcelona
championsxip,CROS ESCOLAR DE SARRIA SANT GERVASI,2025-04-27,Domingo,0.0,road running,Infantil,18,0,Barcelona,,Barcelona
championsxip,CROS ESCOLAR DE SARRIA SANT GERVASI,2025-04-27,Domingo,0.0,road running,Infantil,0,14,Barcelona,,Barcelona
championsxip,CROS ESCOLAR DE SARRIA SANT GERVASI,2025-04-27,Domingo,0.0,road running,Infantil,12,0,Barcelona,,Barcelona
championsxip,CROS ESCOLAR DE SARRIA SANT GERVASI,2025-04-27,Domingo,0.0,road running,Infantil,0,22,Barcelona,,Barcelona
championsxip,CROS ESCOLAR DE SARRIA SANT GERVASI,2025-04-27,Domingo,0.0,road running,Infantil,9,12,Barcelona,,Barcelona
championsxip,CURSA DE LES TORTUGUES DE LA GARRIGA,2025-05-01,Jueves,14.0,trail running,Absoluta/General,110,291,la Garriga,Vallès Oriental,Catalunya
championsxip,CURSA DE LES TORTUGUES DE LA GARRIGA,2025-05-01,Jueves,7.0,trail running,Absoluta/General,141,169,la Garriga,Vallès Oriental,Catalunya
championsxip,CURSA DE MONTGAT,2025-05-01,Jueves,10.0,road running,Absoluta/General,0,30,Montgat,,Barcelona
championsxip,CURSA DE MONTGAT,2025-05-01,Jueves,5.0,road running,Absoluta/General,150,213,Montgat,,Barcelona
championsxip,29ENA CURSA DE CARDEDEU I CURSA SOLIDÀRIA,2025-05-04,Domingo,10.0,trail running,Absoluta/General,114,238,,,
championsxip,29ENA CURSA DE CARDEDEU I CURSA SOLIDÀRIA,2025-05-04,Domingo,15.0,trail running,Absoluta/General,34,134,,,
championsxip,CURSA DELTA PRAT,2025-05-11,Domingo,10.0,road running,Absoluta/General,12,30,el Prat de Llobregat,,Barcelona
championsxip,CURSA DELTA PRAT,2025-05-11,Domingo,5.0,road running,Absoluta/General,198,260,el Prat de Llobregat,,Barcelona
championsxip,CURSA DELTA PRAT,2025-05-11,Domingo,0.0,road running,Absoluta/General,17,25,el Prat de Llobregat,,Barcelona
championsxip,CURSA DELTA PRAT,2025-05-11,Domingo,0.0,road running,Absoluta/General,12,20,el Prat de Llobregat,,Barcelona
championsxip,CURSA DELTA PRAT,2025-05-11,Domingo,0.0,road running,Absoluta/General,12,29,el Prat de Llobregat,,Barcelona
championsxip,CURSA IPSI SOLIDÀRIA,2025-05-11,Domingo,0.0,road running,Absoluta/General,44,54,,,
championsxip,CURSA IPSI SOLIDÀRIA,2025-05-11,Domingo,0.0,road running,Absoluta/General,36,38,,,
championsxip,CURSA IPSI SOLIDÀRIA,2025-05-11,Domingo,0.0,road running,Absoluta/General,19,20,,,
championsxip,CURSA IPSI SOLIDÀRIA,2025-05-11,Domingo,0.0,road running,Absoluta/General,27,17,,,
championsxip,CURSA IPSI SOLIDÀRIA,2025-05-11,Domingo,0.0,road running,Absoluta/General,15,40,,,
championsxip,XIV CROS ESCOLAR DE SANT ANDREU,2025-05-11,Domingo,0.0,trail running,Infantil,8,6,Barcelona,,Barcelona
championsxip,XIV CROS ESCOLAR DE SANT ANDREU,2025-05-11,Domingo,0.0,trail running,Infantil,12,0,Barcelona,,Barcelona
championsxip,XIV CROS ESCOLAR DE SANT ANDREU,2025-05-11,Domingo,0.0,trail running,Infantil,0,17,Barcelona,,Barcelona
championsxip,XIV CROS ESCOLAR DE SANT ANDREU,2025-05-11,Domingo,0.0,trail running,Infantil,14,0,Barcelona,,Barcelona
championsxip,XIV CROS ESCOLAR DE SANT ANDREU,2025-05-11,Domingo,0.0,trail running,Infantil,0,16,Barcelona,,Barcelona
championsxip,XIV CROS ESCOLAR DE SANT ANDREU,2025-05-11,Domingo,0.0,trail running,Infantil,6,16,Barcelona,,Barcelona
championsxip,XIV CROS ESCOLAR DE SANT ANDREU,2025-05-11,Domingo,0.0,trail running,Infantil,11,17,Barcelona,,Barcelona
championsxip,XIV CROS ESCOLAR DE SANT ANDREU,2025-05-11,Domingo,0.0,trail running,Infantil,13,0,Barcelona,,Barcelona
championsxip,XIV CROS ESCOLAR DE SANT ANDREU,2025-05-11,Domingo,0.0,trail running,Infantil,0,18,Barcelona,,Barcelona
championsxip,XIV CROS ESCOLAR DE SANT ANDREU,2025-05-11,Domingo,0.0,trail running,Infantil,20,0,Barcelona,,Barcelona
championsxip,XIV CROS ESCOLAR DE SANT ANDREU,2025-05-11,Domingo,0.0,trail running,Infantil,0,14,Barcelona,,Barcelona
championsxip,XIV CROS ESCOLAR DE SANT ANDREU,2025-05-11,Domingo,0.0,trail running,Infantil,7,0,Barcelona,,Barcelona
championsxip,XIV CROS ESCOLAR DE SANT ANDREU,2025-05-11,Domingo,0.0,trail running,Infantil,0,20,Barcelona,,Barcelona
championsxip,XIV CROS ESCOLAR DE SANT ANDREU,2025-05-11,Domingo,0.0,trail running,Infantil,14,8,Barcelona,,Barcelona
championsxip,CURSA DE NOU BARRIS,2025-05-18,Domingo,10.0,road running,Absoluta/General,295,786,Barcelona,,Barcelona
championsxip,CURSA DE NOU BARRIS,2025-05-18,Domingo,5.0,road running,Absoluta/General,181,216,Barcelona,,Barcelona
championsxip,LA CURSA DE RAC1 PORT DE BARCELONA,2025-05-18,Domingo,6.0,road running,Absoluta/General,0,30,Barcelona,Barcelonès,Catalunya
championsxip,CURSA DE SANT QUIRZE - MEMORIAL DAVID ROVIRA,2025-05-18,Domingo,10.0,road running,Absoluta/General,76,280,l'Espluga de Francolí,Conca de Barberà,Tarragona
championsxip,CURSA DE SANT QUIRZE - MEMORIAL DAVID ROVIRA,2025-05-18,Domingo,5.0,road running,Absoluta/General,100,126,l'Espluga de Francolí,Conca de Barberà,Tarragona
championsxip,CURSA ENTRECULTURES - CORNELLÀ,2025-05-18,Domingo,10.0,road running,Absoluta/General,47,74,Cornellà de Llobregat,Baix Llobregat,Catalunya
championsxip,CURSA ENTRECULTURES - CORNELLÀ,2025-05-18,Domingo,5.0,road running,Absoluta/General,62,65,Cornellà de Llobregat,Baix Llobregat,Catalunya
championsxip,CURSA ENTRECULTURES - CORNELLÀ,2025-05-18,Domingo,14.0,road running,Absoluta/General,30,47,Cornellà de Llobregat,Baix Llobregat,Catalunya
championsxip,VIGÍA TRAIL,2025-05-25,Domingo,21.0,trail running,Absoluta/General,0,31,,,
championsxip,VIGÍA TRAIL,2025-05-25,Domingo,13.0,trail running,Absoluta/General,140,384,,,
championsxip,CURSA NOCTURNA DE CORNELLÀ RCDE RUNNING 1900,2025-05-31,Sábado,5.0,road running,Absoluta/General,0,30,,,
championsxip,33A CURSA PER COLLSEROLA,2025-05-31,Sábado,14.0,trail running,Absoluta/General,0,30,,,
championsxip,33A CURSA PER COLLSEROLA,2025-05-31,Sábado,7.5,trail running,Absoluta/General,127,170,,,
championsxip,33A CURSA PER COLLSEROLA,2025-05-31,Sábado,5.0,trail running,Absoluta/General,7,14,,,
championsxip,33A CURSA PER COLLSEROLA - INFANTILS,2025-05-31,Sábado,0.0,trail running,Infantil,0,8,Barcelona,Barcelonès,Catalunya
championsxip,33A CURSA PER COLLSEROLA - INFANTILS,2025-05-31,Sábado,0.0,trail running,Infantil,0,19,Barcelona,Barcelonès,Catalunya
championsxip,33A CURSA PER COLLSEROLA - INFANTILS,2025-05-31,Sábado,0.0,trail running,Infantil,0,25,Barcelona,Barcelonès,Catalunya
championsxip,33A CURSA PER COLLSEROLA - INFANTILS,2025-05-31,Sábado,0.0,trail running,Infantil,0,35,Barcelona,Barcelonès,Catalunya
championsxip,33A CURSA PER COLLSEROLA - INFANTILS,2025-05-31,Sábado,0.0,trail running,Infantil,0,28,Barcelona,Barcelonès,Catalunya
championsxip,33A CURSA PER COLLSEROLA - INFANTILS,2025-05-31,Sábado,0.0,trail running,Infantil,12,0,Barcelona,Barcelonès,Catalunya
championsxip,33A CURSA PER COLLSEROLA - INFANTILS,2025-05-31,Sábado,0.0,trail running,Infantil,9,0,Barcelona,Barcelonès,Catalunya
championsxip,33A CURSA PER COLLSEROLA - INFANTILS,2025-05-31,Sábado,0.0,trail running,Infantil,15,0,Barcelona,Barcelonès,Catalunya
championsxip,33A CURSA PER COLLSEROLA - INFANTILS,2025-05-31,Sábado,0.0,trail running,Infantil,13,0,Barcelona,Barcelonès,Catalunya
championsxip,33A CURSA PER COLLSEROLA - INFANTILS,2025-05-31,Sábado,0.0,trail running,Infantil,20,0,Barcelona,Barcelonès,Catalunya
championsxip,14A CURSA POPULAR ILLA CARLEMANY,2025-06-01,Domingo,5.0,road running,Absoluta/General,525,595,,,
championsxip,14A CURSA POPULAR ILLA CARLEMANY,2025-06-01,Domingo,2.0,road running,Absoluta/General,575,387,,,
championsxip,14A CURSA POPULAR ILLA CARLEMANY,2025-06-01,Domingo,2.0,road running,Infantil,277,303,,,
championsxip,46A MARXA POPULAR TRAIL ARENYS DE MAR,2025-06-01,Domingo,11.0,trail running,Absoluta/General,0,30,Arenys de Mar,Maresme,Catalunya
championsxip,8ENA CURSA SOLIDÀRIA PER L’ELA SANT ADRIÀ DE BESÒS,2025-06-01,Domingo,5.0,road running,Absoluta/General,0,60,Sant Adrià de Besòs,Barcelonès,Catalunya
championsxip,16ª EDICIO ELS 10 DE SANTA,2025-06-01,Domingo,10.0,road running,Absoluta/General,0,30,Santa Pau,,Girona
championsxip,16ª EDICIO ELS 10 DE SANTA,2025-06-01,Domingo,3.0,road running,Absoluta/General,91,84,Santa Pau,,Girona
championsxip,PRIMERA CURSA ANTIRACISTA DE BARCELONA,2025-06-01,Domingo,5.0,road running,Absoluta/General,736,450,Barcelona,Barcelonès,Catalunya
championsxip,12A CURSA DE LA DONA - CACO - SANT VICENÇ DELS ...,2025-06-01,Domingo,1.0,road running,Absoluta/General,35,0,Castellar del Riu,Berguedà,Catalunya
championsxip,12A CURSA DE LA DONA - CACO - SANT VICENÇ DELS ...,2025-06-01,Domingo,5.0,road running,Absoluta/General,247,0,Castellar del Riu,Berguedà,Catalunya
championsxip,12A CURSA DE LA DONA - CACO - SANT VICENÇ DELS ...,2025-06-01,Domingo,5.0,road running,Absoluta/General,150,0,Castellar del Riu,Berguedà,Catalunya
championsxip,21A CURSA DE PINEDA DE MAR,2025-06-08,Domingo,10.0,road running,Absoluta/General,0,30,Pineda de Mar,,Barcelona
championsxip,II TRAIL BENÈFICA MALALTIES  MINORITÀRIES,2025-06-08,Domingo,12.0,trail running,Absoluta/General,27,90,Barcelona,Barcelonès,Catalunya
championsxip,II TRAIL BENÈFICA MALALTIES  MINORITÀRIES,2025-06-08,Domingo,7.5,trail running,Absoluta/General,29,32,Barcelona,Barcelonès,Catalunya
championsxip,CURSA DEL FOC OLESA DE MONTSERRAT,2025-06-15,Domingo,10.0,road running,Absoluta/General,17,193,Olesa de Montserrat,Baix Llobregat,Catalunya
championsxip,CURSA DEL FOC OLESA DE MONTSERRAT,2025-06-15,Domingo,5.0,road running,Absoluta/General,0,30,Olesa de Montserrat,Baix Llobregat,Catalunya
championsxip,27 CURSA D’ESTIU DE PREMIÀ DE MAR,2025-06-28,Sábado,10.0,road running,Absoluta/General,76,244,Premià de Mar,Maresme,Catalunya
championsxip,27 CURSA D’ESTIU DE PREMIÀ DE MAR,2025-06-28,Sábado,5.0,road running,Absoluta/General,19,71,Premià de Mar,Maresme,Catalunya
championsxip,CURSA POPULAR CIUTAT DE BADALONA,2025-06-28,Sábado,10.0,road running,Absoluta/General,76,436,Badalona,,Barcelona
championsxip,CURSA POPULAR CIUTAT DE BADALONA,2025-06-28,Sábado,5.0,road running,Absoluta/General,0,30,Badalona,,Barcelona
championsxip,CURSA POPULAR CIUTAT DE BADALONA,2025-06-28,Sábado,5.0,road running,Absoluta/General,31,82,Badalona,,Barcelona
championsxip,NIGHT TRAIL LLORET DE MAR,2025-06-28,Sábado,14.0,road running,Absoluta/General,63,202,Lloret de Mar,,Girona
championsxip,NIGHT TRAIL LLORET DE MAR,2025-06-28,Sábado,7.0,road running,Absoluta/General,2,28,Lloret de Mar,,Girona
championsxip,12A MILLA URBANA DE SANT PERE,2025-06-29,Domingo,0.0,road running,Infantil,3,5,Sant Pere de Ribes,,Barcelona
championsxip,12A MILLA URBANA DE SANT PERE,2025-06-29,Domingo,0.0,road running,Infantil,5,11,Sant Pere de Ribes,,Barcelona
championsxip,12A MILLA URBANA DE SANT PERE,2025-06-29,Domingo,0.0,road running,Infantil,12,6,Sant Pere de Ribes,,Barcelona
championsxip,12A MILLA URBANA DE SANT PERE,2025-06-29,Domingo,0.0,road running,Infantil,8,6,Sant Pere de Ribes,,Barcelona
championsxip,12A MILLA URBANA DE SANT PERE,2025-06-29,Domingo,0.0,road running,Infantil,2,6,Sant Pere de Ribes,,Barcelona
championsxip,12A MILLA URBANA DE SANT PERE,2025-06-29,Domingo,0.0,road running,Infantil,1,8,Sant Pere de Ribes,,Barcelona
championsxip,12A MILLA URBANA DE SANT PERE,2025-06-29,Domingo,0.0,road running,Mayores/Veteranos,14,55,Sant Pere de Ribes,,Barcelona
championsxip,12A MILLA URBANA DE SANT PERE,2025-06-29,Domingo,0.0,road running,Mayores/Veteranos,13,24,Sant Pere de Ribes,,Barcelona
championsxip,12A MILLA URBANA DE SANT PERE,2025-06-29,Domingo,0.0,road running,Absoluta/General,13,19,Sant Pere de Ribes,,Barcelona
championsxip,12A MILLA URBANA DE SANT PERE,2025-06-29,Domingo,0.0,road running,Elite,7,0,Sant Pere de Ribes,,Barcelona
championsxip,12A MILLA URBANA DE SANT PERE,2025-06-29,Domingo,0.0,road running,Elite,0,7,Sant Pere de Ribes,,Barcelona
championsxip,XXVII CURSA DEL POBLE-SEC 5K,2025-07-20,Domingo,5.0,road running,Absoluta/General,0,30,Barcelona,,Barcelona
championsxip,45A CURSA POPULAR LES SANTES MATARÓ,2025-07-28,Lunes,5.0,road running,Absoluta/General,82,518,Mataró,,Barcelona
championsxip,XLIII CURSA POPULAR DE LA GARRIGA,2025-08-02,Sábado,4.0,road running,Absoluta/General,0,31,la Garriga,,Barcelona
championsxip,46A CURSA HYUNDAI VALLPARK MOTORS  CURSA FESTA ...,2025-08-31,Domingo,10.0,road running,Absoluta/General,39,259,,,
championsxip,46A CURSA HYUNDAI VALLPARK MOTORS  CURSA FESTA ...,2025-08-31,Domingo,5.0,road running,Absoluta/General,45,101,,,
championsxip,46A CURSA HYUNDAI VALLPARK MOTORS  CURSA FESTA ...,2025-08-31,Domingo,2.4,road running,Absoluta/General,5,5,,,
championsxip,46A CURSA HYUNDAI VALLPARK MOTORS  CURSA FESTA ...,2025-08-31,Domingo,0.8,road running,Absoluta/General,14,18,,,
championsxip,XVII FESTA MAJOR SANTS,2025-08-31,Domingo,0.0,road running,Absoluta/General,0,68,Barcelona,,Barcelona
championsxip,XVII FESTA MAJOR SANTS,2025-08-31,Domingo,0.0,road running,Absoluta/General,5,3,Barcelona,,Barcelona
championsxip,XVII FESTA MAJOR SANTS,2025-08-31,Domingo,0.0,road running,Absoluta/General,5,7,Barcelona,,Barcelona
championsxip,XVII FESTA MAJOR SANTS,2025-08-31,Domingo,0.0,road running,Absoluta/General,24,0,Barcelona,,Barcelona
championsxip,10A CURSA POPULAR DE FESTA MAJOR SANTA PERPÈTUA...,2025-09-06,Sábado,5.0,road running,Absoluta/General,85,196,Santa Perpètua de Mogoda,Vallès Occidental,Catalunya
championsxip,XXVIII CURSA DE LA VINYA DE SANT LLORENÇ D’HORT...,2025-09-07,Domingo,10.0,road running,Absoluta/General,54,150,Marratxí,Raiguer,Illes Balears
championsxip,XXVIII CURSA DE LA VINYA DE SANT LLORENÇ D’HORT...,2025-09-07,Domingo,21.0,road running,Absoluta/General,13,59,Marratxí,Raiguer,Illes Balears
championsxip,CURSES DE FESTA MAJOR SABADELL,2025-09-07,Domingo,10.0,road running,Absoluta/General,193,956,Sabadell,Vallès Occidental,Catalunya
championsxip,CURSES DE FESTA MAJOR SABADELL,2025-09-07,Domingo,5.0,road running,Absoluta/General,0,30,Sabadell,Vallès Occidental,Catalunya
championsxip,45A CURSA POPULAR VILADECANS,2025-09-11,Jueves,5.0,road running,Absoluta/General,182,320,Viladecans,,Barcelona
championsxip,45A CURSA POPULAR VILADECANS,2025-09-11,Jueves,0.0,road running,Infantil,14,38,Viladecans,,Barcelona
championsxip,45A CURSA POPULAR VILADECANS,2025-09-11,Jueves,0.0,road running,Infantil,31,43,Viladecans,,Barcelona
championsxip,XXXVI CURSA POPULAR DE LA VALL DEL TENES,2025-09-11,Jueves,10.0,trail running,Absoluta/General,38,122,Lliçà de Vall,,Barcelona
championsxip,MATAGALLS MONTSERRAT,2025-09-13,Sábado,82.6,trail running,Absoluta/General,0,0,,,
championsxip,35È CROSS L'AMETLLA DE MEROLA,2025-09-14,Domingo,10.0,trail running,Absoluta/General,26,103,Puig-reig,Berguedà,Catalunya
championsxip,35È CROSS L'AMETLLA DE MEROLA,2025-09-14,Domingo,5.0,trail running,Absoluta/General,50,70,Puig-reig,Berguedà,Catalunya
championsxip,CURSA DE LA MERCÈ BIMBO GLOBAL RACE,2025-09-21,Domingo,10.0,road running,Absoluta/General,0,30,,,
championsxip,CURSA DE LA MERCÈ BIMBO GLOBAL RACE,2025-09-21,Domingo,2.0,road running,Absoluta/General,8,14,,,
championsxip,CURSA EL PONT DE VILOMARA I ROCAFORT,2025-09-27,Sábado,17.0,trail running,Absoluta/General,26,85,el Pont de Vilomara i Rocafort,,Barcelona
championsxip,CURSA EL PONT DE VILOMARA I ROCAFORT,2025-09-27,Sábado,10.0,trail running,Absoluta/General,49,94,el Pont de Vilomara i Rocafort,,Barcelona
championsxip,CURSA EL PONT DE VILOMARA I ROCAFORT,2025-09-27,Sábado,2.14,trail running,Absoluta/General,11,6,el Pont de Vilomara i Rocafort,,Barcelona
championsxip,CURSA EL PONT DE VILOMARA I ROCAFORT,2025-09-27,Sábado,0.5,trail running,Absoluta/General,17,22,el Pont de Vilomara i Rocafort,,Barcelona
championsxip,MITJA MARATÓ COSTA BARCELONA MARESME,2025-09-28,Domingo,21.097,road running,Absoluta/General,80,12,Vilassar de Mar,,Barcelona
championsxip,36A CURSA DE LA LLAGOSTA DE 5 I 10KM,2025-09-28,Domingo,10.0,road running,Absoluta/General,0,30,la Llagosta,,Barcelona
championsxip,36A CURSA DE LA LLAGOSTA DE 5 I 10KM,2025-09-28,Domingo,5.0,road running,Absoluta/General,119,195,la Llagosta,,Barcelona
championsxip,CURSA FANNY SALLÉS – 5K TERRASSA,2025-10-05,Domingo,5.0,road running,Absoluta/General,449,0,,,
championsxip,CURSA FANNY SALLÉS – 5K TERRASSA,2025-10-05,Domingo,0.0,road running,Absoluta/General,0,258,,,
championsxip,XIII CURSA NICK HORTA,2025-10-05,Domingo,5.0,road running,Absoluta/General,272,545,Barcelona,,Barcelona
championsxip,14A CURSA DE LA TARDOR-SANT ANDREU DE LA BARCA,2025-10-05,Domingo,10.0,road running,Absoluta/General,0,60,Sant Andreu de la Barca,Baix Llobregat,Catalunya
championsxip,14A CURSA DE LA TARDOR-SANT ANDREU DE LA BARCA,2025-10-05,Domingo,5.0,road running,Absoluta/General,109,139,Sant Andreu de la Barca,Baix Llobregat,Catalunya
championsxip,CURSA DE PARETS DEL VALLÈS,2025-10-05,Domingo,10.0,road running,Absoluta/General,41,153,Parets del Vallès,,Barcelona
championsxip,CURSA DE PARETS DEL VALLÈS,2025-10-05,Domingo,5.0,road running,Absoluta/General,52,62,Parets del Vallès,,Barcelona
championsxip,CURSA SANTA MARGARIDA I ELS MONJOS,2025-10-18,Sábado,10.0,trail running,Absoluta/General,26,87,Santa Margarida i els Monjos,,Barcelona
championsxip,CURSA SANTA MARGARIDA I ELS MONJOS,2025-10-18,Sábado,5.0,trail running,Absoluta/General,31,73,Santa Margarida i els Monjos,,Barcelona
championsxip,XVIII CURSA I CAMINADA LLUIS COMPANYS,2025-10-18,Sábado,10.0,road running,Absoluta/General,0,60,Sant Joan de Vilatorrada,Bages,Catalunya
championsxip,XVIII CURSA I CAMINADA LLUIS COMPANYS,2025-10-18,Sábado,5.0,road running,Absoluta/General,89,108,Sant Joan de Vilatorrada,Bages,Catalunya
championsxip,CROS POPULAR DE SANTS,2025-10-19,Domingo,10.0,road running,Absoluta/General,0,30,Barcelona,,Barcelona
championsxip,CROS POPULAR DE SANTS,2025-10-19,Domingo,1.609,road running,Absoluta/General,48,68,Barcelona,,Barcelona
championsxip,CROS POPULAR DE SANTS,2025-10-19,Domingo,1.5,road running,Absoluta/General,1,6,Barcelona,,Barcelona
championsxip,FUN TRAIL BARCELONA 2025,2025-10-19,Domingo,21.0,trail running,Absoluta/General,29,149,el Papiol,Baix Llobregat,Catalunya
championsxip,FUN TRAIL BARCELONA 2025,2025-10-19,Domingo,11.0,trail running,Absoluta/General,78,136,el Papiol,Baix Llobregat,Catalunya
championsxip,TRAIL LA MEGALÍTICA ACERKO - TOSSA DE MAR,2025-10-19,Domingo,10.0,trail running,Absoluta/General,52,98,Tossa de Mar,la Selva,Girona
championsxip,TRAIL LA MEGALÍTICA ACERKO - TOSSA DE MAR,2025-10-19,Domingo,21.0,trail running,Absoluta/General,22,77,Tossa de Mar,la Selva,Girona
championsxip,TRAIL LA MEGALÍTICA ACERKO - TOSSA DE MAR,2025-10-19,Domingo,5.0,trail running,Absoluta/General,41,62,Tossa de Mar,la Selva,Girona
championsxip,"XLIV CURSA POPULAR ""CIUTAT DE CORNELLÀ""",2025-10-19,Domingo,10.0,road running,Absoluta/General,0,30,Cornellà de Llobregat,,Barcelona
championsxip,"XLIV CURSA POPULAR ""CIUTAT DE CORNELLÀ""",2025-10-19,Domingo,5.0,road running,Absoluta/General,187,228,Cornellà de Llobregat,,Barcelona
championsxip,"XLIV CURSA POPULAR ""CIUTAT DE CORNELLÀ""",2025-10-19,Domingo,0.0,road running,Infantil,11,5,Cornellà de Llobregat,,Barcelona
championsxip,"XLIV CURSA POPULAR ""CIUTAT DE CORNELLÀ""",2025-10-19,Domingo,0.0,road running,Infantil,12,7,Cornellà de Llobregat,,Barcelona
championsxip,"XLIV CURSA POPULAR ""CIUTAT DE CORNELLÀ""",2025-10-19,Domingo,0.0,road running,Infantil,21,25,Cornellà de Llobregat,,Barcelona
championsxip,"XLIV CURSA POPULAR ""CIUTAT DE CORNELLÀ""",2025-10-19,Domingo,0.0,road running,Infantil,20,41,Cornellà de Llobregat,,Barcelona
championsxip,CURSA DE LA DONA - CORBERA DE LLOBREGAT,2025-10-19,Domingo,7.0,road running,Absoluta/General,225,38,Corbera de Llobregat,Baix Llobregat,Catalunya
championsxip,XXII CROS DE SANT MARTÍ,2025-10-19,Domingo,0.0,trail running,Infantil,16,21,Barcelona,,Barcelona
championsxip,XXII CROS DE SANT MARTÍ,2025-10-19,Domingo,0.0,trail running,Infantil,16,0,Barcelona,,Barcelona
championsxip,XXII CROS DE SANT MARTÍ,2025-10-19,Domingo,0.0,trail running,Infantil,0,25,Barcelona,,Barcelona
championsxip,XXII CROS DE SANT MARTÍ,2025-10-19,Domingo,0.0,trail running,Infantil,8,0,Barcelona,,Barcelona
championsxip,XXII CROS DE SANT MARTÍ,2025-10-19,Domingo,0.0,trail running,Infantil,0,18,Barcelona,,Barcelona
championsxip,XXII CROS DE SANT MARTÍ,2025-10-19,Domingo,0.0,trail running,Infantil,15,12,Barcelona,,Barcelona
championsxip,XXII CROS DE SANT MARTÍ,2025-10-19,Domingo,0.0,trail running,Infantil,12,17,Barcelona,,Barcelona
championsxip,XXII CROS DE SANT MARTÍ,2025-10-19,Domingo,0.0,trail running,Infantil,17,0,Barcelona,,Barcelona
championsxip,XXII CROS DE SANT MARTÍ,2025-10-19,Domingo,0.0,trail running,Infantil,0,23,Barcelona,,Barcelona
championsxip,XXII CROS DE SANT MARTÍ,2025-10-19,Domingo,0.0,trail running,Infantil,18,0,Barcelona,,Barcelona
championsxip,XXII CROS DE SANT MARTÍ,2025-10-19,Domingo,0.0,trail running,Infantil,0,27,Barcelona,,Barcelona
championsxip,XXII CROS DE SANT MARTÍ,2025-10-19,Domingo,0.0,trail running,Infantil,9,0,Barcelona,,Barcelona
championsxip,XXII CROS DE SANT MARTÍ,2025-10-19,Domingo,0.0,trail running,Infantil,0,21,Barcelona,,Barcelona
championsxip,XXII CROS DE SANT MARTÍ,2025-10-19,Domingo,0.0,trail running,Infantil,15,14,Barcelona,,Barcelona
championsxip,EL TAST DE LA MITJA,2025-10-25,Sábado,10.0,road running,Absoluta/General,0,30,Novelda,el Vinalopó Mitjà / El Vinalopó Medio,Comunitat Valenciana
championsxip,16A CURSA POPULAR DE SANT VICENÇ DELS HORTS,2025-10-26,Domingo,10.0,road running,Absoluta/General,0,60,Sant Vicenç dels Horts,,Barcelona
championsxip,16A CURSA POPULAR DE SANT VICENÇ DELS HORTS,2025-10-26,Domingo,5.0,road running,Absoluta/General,117,124,Sant Vicenç dels Horts,,Barcelona
championsxip,5KM I 10KM URBANS DE MANRESA,2025-10-26,Domingo,10.0,road running,Absoluta/General,0,30,Manresa,Bages,Catalunya
championsxip,5KM I 10KM URBANS DE MANRESA,2025-10-26,Domingo,5.0,road running,Absoluta/General,0,30,Manresa,Bages,Catalunya
championsxip,5KM I 10KM URBANS DE MANRESA,2025-10-26,Domingo,0.0,road running,Absoluta/General,33,22,Manresa,Bages,Catalunya
championsxip,BUFF MONTJUÏC-TIBIDABO,2025-11-01,Sábado,10.0,road running,Absoluta/General,148,236,,,
championsxip,BUFF MONTJUÏC-TIBIDABO,2025-11-01,Sábado,21.0,road running,Absoluta/General,93,330,,,
championsxip,MARATÓ I MITJA AL PARC DE COLLSEROLA,2025-11-02,Domingo,21.097,trail running,Absoluta/General,62,241,Sant Cugat del Vallès,Vallès Occidental,Catalunya
championsxip,MARATÓ I MITJA AL PARC DE COLLSEROLA,2025-11-02,Domingo,42.195,trail running,Absoluta/General,0,30,Sant Cugat del Vallès,Vallès Occidental,Catalunya
championsxip,45A  CURSA  POPULAR SANT MARTÍ,2025-11-02,Domingo,10.0,road running,Absoluta/General,0,30,Barcelona,,Barcelona
championsxip,45A  CURSA  POPULAR SANT MARTÍ,2025-11-02,Domingo,5.0,road running,Absoluta/General,92,149,Barcelona,,Barcelona
championsxip,59 CROS DE GRANOLLERS,2025-11-02,Domingo,0.0,trail running,Mayores/Veteranos,15,58,Granollers,,Barcelona
championsxip,59 CROS DE GRANOLLERS,2025-11-02,Domingo,0.0,trail running,Infantil,98,0,Granollers,,Barcelona
championsxip,59 CROS DE GRANOLLERS,2025-11-02,Domingo,0.0,trail running,Infantil,0,118,Granollers,,Barcelona
championsxip,59 CROS DE GRANOLLERS,2025-11-02,Domingo,0.0,trail running,Infantil,124,0,Granollers,,Barcelona
championsxip,59 CROS DE GRANOLLERS,2025-11-02,Domingo,0.0,trail running,Infantil,0,136,Granollers,,Barcelona
championsxip,59 CROS DE GRANOLLERS,2025-11-02,Domingo,0.0,trail running,Infantil,52,0,Granollers,,Barcelona
championsxip,59 CROS DE GRANOLLERS,2025-11-02,Domingo,0.0,trail running,Infantil,0,110,Granollers,,Barcelona
championsxip,59 CROS DE GRANOLLERS,2025-11-02,Domingo,0.0,trail running,Infantil,20,0,Granollers,,Barcelona
championsxip,59 CROS DE GRANOLLERS,2025-11-02,Domingo,0.0,trail running,Infantil,0,64,Granollers,,Barcelona
championsxip,59 CROS DE GRANOLLERS,2025-11-02,Domingo,0.0,trail running,Infantil,72,0,Granollers,,Barcelona
championsxip,59 CROS DE GRANOLLERS,2025-11-02,Domingo,0.0,trail running,Infantil,0,142,Granollers,,Barcelona
championsxip,59 CROS DE GRANOLLERS,2025-11-02,Domingo,0.0,trail running,Infantil,135,0,Granollers,,Barcelona
championsxip,59 CROS DE GRANOLLERS,2025-11-02,Domingo,0.0,trail running,Infantil,0,162,Granollers,,Barcelona
championsxip,59 CROS DE GRANOLLERS,2025-11-02,Domingo,0.0,trail running,Infantil,98,0,Granollers,,Barcelona
championsxip,59 CROS DE GRANOLLERS,2025-11-02,Domingo,0.0,trail running,Infantil,0,160,Granollers,,Barcelona
championsxip,59 CROS DE GRANOLLERS,2025-11-02,Domingo,0.0,trail running,Infantil,49,58,Granollers,,Barcelona
championsxip,CURSA NOCTURNA DEL CENTENARI DE METRO,2025-11-05,Miércoles,5.0,road running,Absoluta/General,46,194,Madrid,,Comunidad de Madrid
championsxip,VIII CROS DE CARDEDEU,2025-11-08,Sábado,0.0,trail running,Absoluta/General,8,43,Cardedeu,,Barcelona
championsxip,VIII CROS DE CARDEDEU,2025-11-08,Sábado,0.0,trail running,Infantil,3,9,Cardedeu,,Barcelona
championsxip,VIII CROS DE CARDEDEU,2025-11-08,Sábado,0.0,trail running,Infantil,0,22,Cardedeu,,Barcelona
championsxip,VIII CROS DE CARDEDEU,2025-11-08,Sábado,0.0,trail running,Infantil,15,0,Cardedeu,,Barcelona
championsxip,VIII CROS DE CARDEDEU,2025-11-08,Sábado,0.0,trail running,Infantil,0,25,Cardedeu,,Barcelona
championsxip,VIII CROS DE CARDEDEU,2025-11-08,Sábado,0.0,trail running,Infantil,15,0,Cardedeu,,Barcelona
championsxip,VIII CROS DE CARDEDEU,2025-11-08,Sábado,0.0,trail running,Infantil,0,34,Cardedeu,,Barcelona
championsxip,VIII CROS DE CARDEDEU,2025-11-08,Sábado,0.0,trail running,Infantil,24,0,Cardedeu,,Barcelona
championsxip,VIII CROS DE CARDEDEU,2025-11-08,Sábado,0.0,trail running,Infantil,0,19,Cardedeu,,Barcelona
championsxip,VIII CROS DE CARDEDEU,2025-11-08,Sábado,0.0,trail running,Infantil,16,0,Cardedeu,,Barcelona
championsxip,61È CROS ESCOLAR DE CORNELLÀ DE LLOBREGAT,2025-11-08,Sábado,0.0,trail running,Infantil,4,5,Cornellà de Llobregat,,Barcelona
championsxip,61È CROS ESCOLAR DE CORNELLÀ DE LLOBREGAT,2025-11-08,Sábado,0.0,trail running,Infantil,19,17,Cornellà de Llobregat,,Barcelona
championsxip,61È CROS ESCOLAR DE CORNELLÀ DE LLOBREGAT,2025-11-08,Sábado,0.0,trail running,Infantil,0,21,Cornellà de Llobregat,,Barcelona
championsxip,61È CROS ESCOLAR DE CORNELLÀ DE LLOBREGAT,2025-11-08,Sábado,0.0,trail running,Infantil,21,0,Cornellà de Llobregat,,Barcelona
championsxip,61È CROS ESCOLAR DE CORNELLÀ DE LLOBREGAT,2025-11-08,Sábado,0.0,trail running,Absoluta/General,31,25,Cornellà de Llobregat,,Barcelona
championsxip,61È CROS ESCOLAR DE CORNELLÀ DE LLOBREGAT,2025-11-08,Sábado,0.0,trail running,Absoluta/General,11,25,Cornellà de Llobregat,,Barcelona
championsxip,61È CROS ESCOLAR DE CORNELLÀ DE LLOBREGAT,2025-11-08,Sábado,0.0,trail running,Absoluta/General,26,25,Cornellà de Llobregat,,Barcelona
championsxip,61È CROS ESCOLAR DE CORNELLÀ DE LLOBREGAT,2025-11-08,Sábado,0.0,trail running,Absoluta/General,30,31,Cornellà de Llobregat,,Barcelona
championsxip,61È CROS ESCOLAR DE CORNELLÀ DE LLOBREGAT,2025-11-08,Sábado,0.0,trail running,Absoluta/General,25,40,Cornellà de Llobregat,,Barcelona
championsxip,61È CROS ESCOLAR DE CORNELLÀ DE LLOBREGAT,2025-11-08,Sábado,0.0,trail running,Absoluta/General,23,40,Cornellà de Llobregat,,Barcelona
championsxip,61È CROS ESCOLAR DE CORNELLÀ DE LLOBREGAT,2025-11-08,Sábado,0.0,trail running,Absoluta/General,15,31,Cornellà de Llobregat,,Barcelona
championsxip,61È CROS ESCOLAR DE CORNELLÀ DE LLOBREGAT,2025-11-08,Sábado,0.0,trail running,Absoluta/General,7,6,Cornellà de Llobregat,,Barcelona
championsxip,61È CROS ESCOLAR DE CORNELLÀ DE LLOBREGAT,2025-11-08,Sábado,0.0,trail running,Absoluta/General,17,33,Cornellà de Llobregat,,Barcelona
championsxip,SALIGARDA TRAIL - LA GARRIGA,2025-11-09,Domingo,21.0,trail running,Absoluta/General,28,135,la Garriga,Vallès Oriental,Catalunya
championsxip,SALIGARDA TRAIL - LA GARRIGA,2025-11-09,Domingo,12.0,trail running,Absoluta/General,70,165,la Garriga,Vallès Oriental,Catalunya
championsxip,MILLES NOCTURNES CERDANYOLA - 5K,2025-11-15,Sábado,0.0,road running,Infantil,40,0,,,
championsxip,MILLES NOCTURNES CERDANYOLA - 5K,2025-11-15,Sábado,0.0,road running,Infantil,0,54,,,
championsxip,MILLES NOCTURNES CERDANYOLA - 5K,2025-11-15,Sábado,0.0,road running,Infantil,36,0,,,
championsxip,MILLES NOCTURNES CERDANYOLA - 5K,2025-11-15,Sábado,0.0,road running,Infantil,0,56,,,
championsxip,MILLES NOCTURNES CERDANYOLA - 5K,2025-11-15,Sábado,0.0,road running,Infantil,34,0,,,
championsxip,MILLES NOCTURNES CERDANYOLA - 5K,2025-11-15,Sábado,0.0,road running,Infantil,0,51,,,
championsxip,MILLES NOCTURNES CERDANYOLA - 5K,2025-11-15,Sábado,0.0,road running,Infantil,38,0,,,
championsxip,MILLES NOCTURNES CERDANYOLA - 5K,2025-11-15,Sábado,0.0,road running,Infantil,0,63,,,
championsxip,MILLES NOCTURNES CERDANYOLA - 5K,2025-11-15,Sábado,0.0,road running,Infantil,32,24,,,
championsxip,MILLES NOCTURNES CERDANYOLA - 5K,2025-11-15,Sábado,5.0,road running,Absoluta/General,0,30,,,
championsxip,ELS 10 DE LES FRANQUESES,2025-11-16,Domingo,10.0,road running,Absoluta/General,88,243,Corró d'Avall,,Barcelona
championsxip,X VINYA-CROSS SOLIDARI OLLER DEL MAS,2025-11-16,Domingo,10.0,trail running,Absoluta/General,0,30,Ares del Maestrat,l'Alt Maestrat,Comunitat Valenciana
championsxip,X VINYA-CROSS SOLIDARI OLLER DEL MAS,2025-11-16,Domingo,5.0,trail running,Absoluta/General,239,132,Ares del Maestrat,l'Alt Maestrat,Comunitat Valenciana
championsxip,X VINYA-CROSS SOLIDARI OLLER DEL MAS,2025-11-16,Domingo,21.0,trail running,Absoluta/General,22,79,Ares del Maestrat,l'Alt Maestrat,Comunitat Valenciana
championsxip,CROS 3TURONS-LA DIABLADA,2025-11-16,Domingo,12.0,trail running,Absoluta/General,86,427,,,
championsxip,IV CROS DE SARRIÀ-SANT GERVASI,2025-11-16,Domingo,0.0,trail running,Infantil,16,13,Barcelona,,Barcelona
championsxip,IV CROS DE SARRIÀ-SANT GERVASI,2025-11-16,Domingo,0.0,trail running,Infantil,17,0,Barcelona,,Barcelona
championsxip,IV CROS DE SARRIÀ-SANT GERVASI,2025-11-16,Domingo,0.0,trail running,Infantil,0,33,Barcelona,,Barcelona
championsxip,IV CROS DE SARRIÀ-SANT GERVASI,2025-11-16,Domingo,0.0,trail running,Infantil,16,0,Barcelona,,Barcelona
championsxip,IV CROS DE SARRIÀ-SANT GERVASI,2025-11-16,Domingo,0.0,trail running,Infantil,1,28,Barcelona,,Barcelona
championsxip,IV CROS DE SARRIÀ-SANT GERVASI,2025-11-16,Domingo,0.0,trail running,Infantil,18,27,Barcelona,,Barcelona
championsxip,IV CROS DE SARRIÀ-SANT GERVASI,2025-11-16,Domingo,0.0,trail running,Infantil,16,22,Barcelona,,Barcelona
championsxip,IV CROS DE SARRIÀ-SANT GERVASI,2025-11-16,Domingo,0.0,trail running,Infantil,27,0,Barcelona,,Barcelona
championsxip,IV CROS DE SARRIÀ-SANT GERVASI,2025-11-16,Domingo,0.0,trail running,Infantil,0,31,Barcelona,,Barcelona
championsxip,IV CROS DE SARRIÀ-SANT GERVASI,2025-11-16,Domingo,0.0,trail running,Infantil,24,0,Barcelona,,Barcelona
championsxip,IV CROS DE SARRIÀ-SANT GERVASI,2025-11-16,Domingo,0.0,trail running,Infantil,0,46,Barcelona,,Barcelona
championsxip,IV CROS DE SARRIÀ-SANT GERVASI,2025-11-16,Domingo,0.0,trail running,Infantil,15,0,Barcelona,,Barcelona
championsxip,IV CROS DE SARRIÀ-SANT GERVASI,2025-11-16,Domingo,0.0,trail running,Infantil,1,37,Barcelona,,Barcelona
championsxip,IV CROS DE SARRIÀ-SANT GERVASI,2025-11-16,Domingo,0.0,trail running,Infantil,16,20,Barcelona,,Barcelona
championsxip,5K10K VIC,2025-11-16,Domingo,10.0,road running,Absoluta/General,0,30,,,
championsxip,5K10K VIC,2025-11-16,Domingo,5.0,road running,Absoluta/General,117,110,,,
championsxip,MITJA MARATÓ RELLEUS MATARÓ (EQUIPS I XIPS LLIGA),2025-11-22,Sábado,0.0,road running,Equipos,15,17,,,
championsxip,MITJA MARATÓ RELLEUS MATARÓ (EQUIPS I XIPS LLIGA),2025-11-22,Sábado,0.0,road running,Equipos,9,43,,,
championsxip,MITJA MARATÓ RELLEUS MATARÓ (EQUIPS I XIPS LLIGA),2025-11-22,Sábado,0.0,road running,Equipos,12,17,,,
championsxip,39A PUJADA I BAIXADA A GUANTA,2025-11-23,Domingo,12.3,trail running,Absoluta/General,80,266,Sentmenat,Vallès Occidental,Catalunya
championsxip,39A PUJADA I BAIXADA A GUANTA,2025-11-23,Domingo,6.0,trail running,Absoluta/General,56,87,Sentmenat,Vallès Occidental,Catalunya
championsxip,CORREBLAU 2025,2025-11-23,Domingo,10.0,road running,Absoluta/General,0,30,,,
championsxip,CORREBLAU 2025,2025-11-23,Domingo,5.0,road running,Absoluta/General,323,334,,,
championsxip,LA 5K DE SANT VICENÇ DE MONTALT,2025-11-30,Domingo,5.0,road running,Absoluta/General,107,158,Sant Vicenç de Montalt,,Barcelona
championsxip,102 JEAN BOUIN OPEN,2025-11-30,Domingo,10.0,road running,Absoluta/General,0,60,,,
championsxip,102 JEAN BOUIN OPEN,2025-11-30,Domingo,5.0,road running,Absoluta/General,0,30,,,
championsxip,JEAN BOUIN FEDERATS I ESCOLARS,2025-11-30,Domingo,0.0,road running,Infantil,0,4,,,
championsxip,JEAN BOUIN FEDERATS I ESCOLARS,2025-11-30,Domingo,0.0,road running,Absoluta/General,8,0,,,
championsxip,JEAN BOUIN FEDERATS I ESCOLARS,2025-11-30,Domingo,0.0,road running,Absoluta/General,0,13,,,
championsxip,JEAN BOUIN FEDERATS I ESCOLARS,2025-11-30,Domingo,0.0,road running,Absoluta/General,27,37,,,
championsxip,JEAN BOUIN FEDERATS I ESCOLARS,2025-11-30,Domingo,0.0,road running,Absoluta/General,41,56,,,
championsxip,JEAN BOUIN FEDERATS I ESCOLARS,2025-11-30,Domingo,0.0,road running,Infantil,25,42,,,
championsxip,JEAN BOUIN FEDERATS I ESCOLARS,2025-11-30,Domingo,0.0,road running,Infantil,43,43,,,
championsxip,JEAN BOUIN FEDERATS I ESCOLARS,2025-11-30,Domingo,0.0,road running,Infantil,30,48,,,
championsxip,JEAN BOUIN FEDERATS I ESCOLARS,2025-11-30,Domingo,0.0,road running,Infantil,41,54,,,
championsxip,JEAN BOUIN FEDERATS I ESCOLARS,2025-11-30,Domingo,0.0,road running,Infantil,44,79,,,
championsxip,JEAN BOUIN FEDERATS I ESCOLARS,2025-11-30,Domingo,0.0,road running,Absoluta/General,18,54,,,
championsxip,55È CROS CIUTAT DE MATARÓ,2025-11-30,Domingo,0.0,road running,Infantil,20,0,Mataró,,Barcelona
championsxip,55È CROS CIUTAT DE MATARÓ,2025-11-30,Domingo,0.0,road running,Infantil,0,50,Mataró,,Barcelona
championsxip,55È CROS CIUTAT DE MATARÓ,2025-11-30,Domingo,0.0,road running,Infantil,14,0,Mataró,,Barcelona
championsxip,55È CROS CIUTAT DE MATARÓ,2025-11-30,Domingo,0.0,road running,Infantil,0,14,Mataró,,Barcelona
championsxip,55È CROS CIUTAT DE MATARÓ,2025-11-30,Domingo,0.0,road running,Infantil,29,0,Mataró,,Barcelona
championsxip,55È CROS CIUTAT DE MATARÓ,2025-11-30,Domingo,0.0,road running,Infantil,0,32,Mataró,,Barcelona
championsxip,55È CROS CIUTAT DE MATARÓ,2025-11-30,Domingo,0.0,road running,Infantil,21,0,Mataró,,Barcelona
championsxip,55È CROS CIUTAT DE MATARÓ,2025-11-30,Domingo,0.0,road running,Infantil,0,24,Mataró,,Barcelona
championsxip,55È CROS CIUTAT DE MATARÓ,2025-11-30,Domingo,0.0,road running,Infantil,24,0,Mataró,,Barcelona
championsxip,55È CROS CIUTAT DE MATARÓ,2025-11-30,Domingo,0.0,road running,Infantil,0,24,Mataró,,Barcelona
championsxip,55È CROS CIUTAT DE MATARÓ,2025-11-30,Domingo,0.0,road running,Infantil,17,0,Mataró,,Barcelona
championsxip,55È CROS CIUTAT DE MATARÓ,2025-11-30,Domingo,0.0,road running,Infantil,0,20,Mataró,,Barcelona
championsxip,55È CROS CIUTAT DE MATARÓ,2025-11-30,Domingo,0.0,road running,Infantil,2,6,Mataró,,Barcelona
championsxip,55È CROS CIUTAT DE MATARÓ,2025-11-30,Domingo,0.0,road running,Infantil,0,24,Mataró,,Barcelona
championsxip,55È CROS CIUTAT DE MATARÓ,2025-11-30,Domingo,0.0,road running,Absoluta/General,0,8,Mataró,,Barcelona
championsxip,55È CROS CIUTAT DE MATARÓ,2025-11-30,Domingo,0.0,road running,Absoluta/General,4,0,Mataró,,Barcelona
championsxip,CURSA DE SANT ANDREU - BARCELONA,2025-12-06,Sábado,5.0,road running,Absoluta/General,0,30,Barcelona,,Barcelona
championsxip,CURSA DE SANT ANDREU - BARCELONA,2025-12-06,Sábado,0.0,road running,Absoluta/General,32,42,Barcelona,,Barcelona
championsxip,LA SANSI DE VILADECANS,2025-12-07,Domingo,5.0,road running,Absoluta/General,184,445,Sant Boi de Lluçanès,Osona,Catalunya
championsxip,24 HORES ULTRAFONS EN PISTA,2025-12-13,Sábado,0.0,road running,Absoluta/General,0,0,Mota del Cuervo,,Cuenca
championsxip,36A MITJA MARATÓ I 10K CIUTAT DE VILANOVA,2025-12-14,Domingo,21.0,road running,Absoluta/General,0,60,Vilanova i la Geltrú,Garraf,Catalunya
championsxip,36A MITJA MARATÓ I 10K CIUTAT DE VILANOVA,2025-12-14,Domingo,10.0,road running,Absoluta/General,0,30,Vilanova i la Geltrú,Garraf,Catalunya
championsxip,47A CURSA POPULAR DE LA SAGRERA,2025-12-14,Domingo,10.0,road running,Absoluta/General,0,30,Barcelona,,Barcelona
championsxip,47A CURSA POPULAR DE LA SAGRERA,2025-12-14,Domingo,5.0,road running,Absoluta/General,118,174,Barcelona,,Barcelona
championsxip,XVI CROS DE L’EIXAMPLE,2025-12-14,Domingo,0.0,trail running,Infantil,13,16,Barcelona,,Barcelona
championsxip,XVI CROS DE L’EIXAMPLE,2025-12-14,Domingo,0.0,trail running,Infantil,9,0,Barcelona,,Barcelona
championsxip,XVI CROS DE L’EIXAMPLE,2025-12-14,Domingo,0.0,trail running,Infantil,0,16,Barcelona,,Barcelona
championsxip,XVI CROS DE L’EIXAMPLE,2025-12-14,Domingo,0.0,trail running,Infantil,11,0,Barcelona,,Barcelona
championsxip,XVI CROS DE L’EIXAMPLE,2025-12-14,Domingo,0.0,trail running,Infantil,0,17,Barcelona,,Barcelona
championsxip,XVI CROS DE L’EIXAMPLE,2025-12-14,Domingo,0.0,trail running,Infantil,6,19,Barcelona,,Barcelona
championsxip,XVI CROS DE L’EIXAMPLE,2025-12-14,Domingo,0.0,trail running,Infantil,14,11,Barcelona,,Barcelona
championsxip,XVI CROS DE L’EIXAMPLE,2025-12-14,Domingo,0.0,trail running,Infantil,20,0,Barcelona,,Barcelona
championsxip,XVI CROS DE L’EIXAMPLE,2025-12-14,Domingo,0.0,trail running,Infantil,0,23,Barcelona,,Barcelona
championsxip,XVI CROS DE L’EIXAMPLE,2025-12-14,Domingo,0.0,trail running,Infantil,15,0,Barcelona,,Barcelona
championsxip,XVI CROS DE L’EIXAMPLE,2025-12-14,Domingo,0.0,trail running,Infantil,0,26,Barcelona,,Barcelona
championsxip,XVI CROS DE L’EIXAMPLE,2025-12-14,Domingo,0.0,trail running,Infantil,6,0,Barcelona,,Barcelona
championsxip,XVI CROS DE L’EIXAMPLE,2025-12-14,Domingo,0.0,trail running,Infantil,0,18,Barcelona,,Barcelona
championsxip,XVI CROS DE L’EIXAMPLE,2025-12-14,Domingo,0.0,trail running,Infantil,13,13,Barcelona,,Barcelona
championsxip,46A SAN SILVESTRE DEL MASNOU,2025-12-26,Viernes,5.0,road running,Absoluta/General,0,30,el Masnou,Maresme,Catalunya
championsxip,46A SAN SILVESTRE DEL MASNOU,2025-12-26,Viernes,0.0,road running,Absoluta/General,0,1,el Masnou,Maresme,Catalunya
championsxip,46A SAN SILVESTRE DEL MASNOU,2025-12-26,Viernes,0.0,road running,Infantil,7,0,el Masnou,Maresme,Catalunya
championsxip,46A SAN SILVESTRE DEL MASNOU,2025-12-26,Viernes,0.0,road running,Infantil,0,9,el Masnou,Maresme,Catalunya
championsxip,46A SAN SILVESTRE DEL MASNOU,2025-12-26,Viernes,0.0,road running,Infantil,11,0,el Masnou,Maresme,Catalunya
championsxip,46A SAN SILVESTRE DEL MASNOU,2025-12-26,Viernes,0.0,road running,Infantil,0,9,el Masnou,Maresme,Catalunya
championsxip,46A SAN SILVESTRE DEL MASNOU,2025-12-26,Viernes,0.0,road running,Absoluta/General,5,9,el Masnou,Maresme,Catalunya
championsxip,SANT SILVESTRE RACC BADALONA,2025-12-28,Domingo,10.0,road running,Absoluta/General,0,30,Badalona,Barcelonès,Catalunya
championsxip,SANT SILVESTRE RACC BADALONA,2025-12-28,Domingo,5.0,road running,Absoluta/General,236,260,Badalona,Barcelonès,Catalunya
championsxip,42ENA EDICIÓ EL CAPÓ PUJA AL CASTELL,2025-12-28,Domingo,6.5,road running,Absoluta/General,174,355,Almería,,Almería
championsxip,20A CURSA SANT SILVESTRE DE GIRONA,2025-12-31,Miércoles,5.0,road running,Absoluta/General,23,30,Llançà,,Girona
championsxip,B100 CURSA DELS NASSOS,2025-12-31,Miércoles,10.0,road running,Absoluta/General,0,60,Altea,,Comunitat Valenciana
championsxip,B100 CURSA DELS NASSOS,2025-12-31,Miércoles,5.0,road running,Absoluta/General,19,44,Altea,,Comunitat Valenciana
championsxip,25A EDICIÓ SANT SILVESTRE DE BERGA,2025-12-31,Miércoles,5.0,road running,Absoluta/General,341,591,Berga,Berguedà,Catalunya
championsxip,14A CURSA DE CAP D’ANY DE SABADELL,2025-12-31,Miércoles,10.0,road running,Absoluta/General,0,30,Sabadell,Vallès Occidental,Catalunya
championsxip,14A CURSA DE CAP D’ANY DE SABADELL,2025-12-31,Miércoles,5.0,road running,Absoluta/General,964,1363,Sabadell,Vallès Occidental,Catalunya
championsxip,11A CURSA SOLIDÀRIA DE REIS - CORNELLÀ DE LLOBR...,2026-01-04,Domingo,5.0,road running,Absoluta/General,433,768,,,
championsxip,LA DE NADAL: SANTA COLOMA DE GRAMENET,2026-01-04,Domingo,5.0,road running,Absoluta/General,772,631,Santa Coloma de Gramenet,Barcelonès,Catalunya
championsxip,42A MITJA MARATÓ DE SITGES,2026-01-11,Domingo,21.097,road running,Absoluta/General,0,30,Sitges,,Barcelona
championsxip,42A MITJA MARATÓ DE SITGES,2026-01-11,Domingo,10.0,road running,Absoluta/General,0,30,Sitges,,Barcelona
championsxip,LA MINI 2026 GRANOLLERS,2026-01-17,Sábado,0.0,road running,Absoluta/General,42,0,Madrid,,Comunidad de Madrid
championsxip,LA MINI 2026 GRANOLLERS,2026-01-17,Sábado,0.0,road running,Absoluta/General,0,53,Madrid,,Comunidad de Madrid
championsxip,LA MINI 2026 GRANOLLERS,2026-01-17,Sábado,0.0,road running,Infantil,20,20,Madrid,,Comunidad de Madrid
championsxip,CUPRA BARCELONA TOWERRUNING CHALLENGE 2026 X MI...,2026-01-17,Sábado,0.0,road running,Elite,0,26,,,
championsxip,CUPRA BARCELONA TOWERRUNING CHALLENGE 2026 X MI...,2026-01-17,Sábado,0.0,road running,Elite,14,0,,,
championsxip,CUPRA BARCELONA TOWERRUNING CHALLENGE 2026 X MI...,2026-01-17,Sábado,0.0,road running,Absoluta/General,0,250,,,
championsxip,CUPRA BARCELONA TOWERRUNING CHALLENGE 2026 X MI...,2026-01-17,Sábado,0.0,road running,Absoluta/General,64,0,,,
championsxip,33È CROS ESCOLAR I 30È CROS POPULAR DE LES FRAN...,2026-01-17,Sábado,0.0,road running,Absoluta/General,9,45,,,
championsxip,33È CROS ESCOLAR I 30È CROS POPULAR DE LES FRAN...,2026-01-17,Sábado,0.0,road running,Infantil,1,9,,,
championsxip,33È CROS ESCOLAR I 30È CROS POPULAR DE LES FRAN...,2026-01-17,Sábado,0.0,road running,Infantil,9,4,,,
championsxip,33È CROS ESCOLAR I 30È CROS POPULAR DE LES FRAN...,2026-01-17,Sábado,0.0,road running,Absoluta/General,16,23,,,
championsxip,33È CROS ESCOLAR I 30È CROS POPULAR DE LES FRAN...,2026-01-17,Sábado,0.0,road running,Absoluta/General,26,32,,,
championsxip,33È CROS ESCOLAR I 30È CROS POPULAR DE LES FRAN...,2026-01-17,Sábado,0.0,road running,Infantil,15,22,,,
championsxip,MITJA MARATÓ LA MITJA,2026-01-18,Domingo,21.0,road running,Absoluta/General,1224,4161,Novelda,,Alacant / Alicante
championsxip,MITJA MARATÓ LA MITJA,2026-01-18,Domingo,10.0,road running,Absoluta/General,347,397,Novelda,,Alacant / Alicante
championsxip,MITJA MARATÓ LA MITJA,2026-01-18,Domingo,5.0,road running,Absoluta/General,176,151,Novelda,,Alacant / Alicante
championsxip,MITJA MARATÓ LA MITJA,2026-01-18,Domingo,5.0,road running,Infantil,38,51,Novelda,,Alacant / Alicante
championsxip,CURSA MORITZ SANT ANTONI,2026-01-25,Domingo,10.0,road running,Absoluta/General,0,30,Barcelona,,Barcelona
championsxip,CURSA MORITZ SANT ANTONI,2026-01-25,Domingo,0.0,road running,Infantil,50,71,Barcelona,,Barcelona
championsxip,CURSA MORITZ SANT ANTONI,2026-01-25,Domingo,0.0,road running,Infantil,50,79,Barcelona,,Barcelona
championsxip,CURSA MORITZ SANT ANTONI,2026-01-25,Domingo,0.0,road running,Infantil,98,109,Barcelona,,Barcelona
championsxip,CURSA MORITZ SANT ANTONI - 5K,2026-01-25,Domingo,5.0,road running,Absoluta/General,0,60,Barcelona,,Barcelona
championsxip,CURSA MORITZ SANT ANTONI - 5K,2026-01-25,Domingo,1.609,road running,Absoluta/General,41,35,Barcelona,,Barcelona
championsxip,XXII CROS DE LES CORTS,2026-01-25,Domingo,0.0,trail running,Infantil,18,14,Barcelona,,Barcelona
championsxip,XXII CROS DE LES CORTS,2026-01-25,Domingo,0.0,trail running,Infantil,37,0,Barcelona,,Barcelona
championsxip,XXII CROS DE LES CORTS,2026-01-25,Domingo,0.0,trail running,Infantil,0,31,Barcelona,,Barcelona
championsxip,XXII CROS DE LES CORTS,2026-01-25,Domingo,0.0,trail running,Infantil,17,0,Barcelona,,Barcelona
championsxip,XXII CROS DE LES CORTS,2026-01-25,Domingo,0.0,trail running,Infantil,0,27,Barcelona,,Barcelona
championsxip,XXII CROS DE LES CORTS,2026-01-25,Domingo,0.0,trail running,Infantil,28,31,Barcelona,,Barcelona
championsxip,XXII CROS DE LES CORTS,2026-01-25,Domingo,0.0,trail running,Infantil,24,36,Barcelona,,Barcelona
championsxip,XXII CROS DE LES CORTS,2026-01-25,Domingo,0.0,trail running,Infantil,29,0,Barcelona,,Barcelona
championsxip,XXII CROS DE LES CORTS,2026-01-25,Domingo,0.0,trail running,Infantil,0,47,Barcelona,,Barcelona
championsxip,XXII CROS DE LES CORTS,2026-01-25,Domingo,0.0,trail running,Infantil,32,0,Barcelona,,Barcelona
championsxip,XXII CROS DE LES CORTS,2026-01-25,Domingo,0.0,trail running,Infantil,0,35,Barcelona,,Barcelona
championsxip,XXII CROS DE LES CORTS,2026-01-25,Domingo,0.0,trail running,Infantil,20,0,Barcelona,,Barcelona
championsxip,XXII CROS DE LES CORTS,2026-01-25,Domingo,0.0,trail running,Infantil,0,42,Barcelona,,Barcelona
championsxip,XXII CROS DE LES CORTS,2026-01-25,Domingo,0.0,trail running,Infantil,37,16,Barcelona,,Barcelona
championsxip,MITJA DE TERRASSA,2026-02-01,Domingo,21.097,road running,Absoluta/General,456,1592,Terrassa,,Barcelona
championsxip,MITJA DE TERRASSA,2026-02-01,Domingo,5.0,road running,Absoluta/General,291,311,Terrassa,,Barcelona
championsxip,XXVII CURSA MOLLET DEL VALLÈS - ST. VICENÇ 2026,2026-02-01,Domingo,10.0,road running,Absoluta/General,0,30,Rellinars,Vallès Occidental,Catalunya
championsxip,XXVII CURSA MOLLET DEL VALLÈS - ST. VICENÇ 2026,2026-02-01,Domingo,5.0,road running,Absoluta/General,155,223,Rellinars,Vallès Occidental,Catalunya
championsxip,TRAIL VILA DE CREIXELL,2026-02-15,Domingo,10.9,trail running,Absoluta/General,33,95,Creixell,,Tarragona
championsxip,TRAIL VILA DE CREIXELL,2026-02-15,Domingo,3.7,trail running,Absoluta/General,16,21,Creixell,,Tarragona
championsxip,6A ARRELS TRAIL 2026 I CAMPIONAT CATALUNYA TRAI...,2026-02-21,Sábado,0.0,trail running,Absoluta/General,6,29,,,
championsxip,6A ARRELS TRAIL 2026 I CAMPIONAT CATALUNYA TRAI...,2026-02-21,Sábado,0.0,trail running,Infantil,20,32,,,
championsxip,6A ARRELS TRAIL 2026 I CAMPIONAT CATALUNYA TRAI...,2026-02-21,Sábado,0.0,trail running,Infantil,9,14,,,
championsxip,6A ARRELS TRAIL 2026 I CAMPIONAT CATALUNYA TRAI...,2026-02-21,Sábado,0.0,trail running,Infantil,15,22,,,
championsxip,6A ARRELS TRAIL 2026 I CAMPIONAT CATALUNYA TRAI...,2026-02-21,Sábado,0.0,trail running,Infantil,18,21,,,
championsxip,6A ARRELS TRAIL 2026 I CAMPIONAT CATALUNYA TRAI...,2026-02-21,Sábado,0.0,trail running,Infantil,9,15,,,
championsxip,XIV CURSA BENÈFICA MALALTIES MINORITÀRIES,2026-02-22,Domingo,10.0,road running,Absoluta/General,184,370,Barcelona,Barcelonès,Catalunya
championsxip,XIV CURSA BENÈFICA MALALTIES MINORITÀRIES,2026-02-22,Domingo,5.0,road running,Absoluta/General,186,184,Barcelona,Barcelonès,Catalunya
championsxip,BOTIFARUNNER LA LLACUNA,2026-02-22,Domingo,21.5,trail running,Absoluta/General,0,30,la Llacuna,Anoia,Catalunya
championsxip,BOTIFARUNNER LA LLACUNA,2026-02-22,Domingo,12.0,trail running,Absoluta/General,27,99,la Llacuna,Anoia,Catalunya
championsxip,MITJA MARATÓ COLOMENCA I 10K,2026-02-22,Domingo,21.0,road running,Absoluta/General,84,513,Santa Coloma de Gramenet,,Barcelona
championsxip,MITJA MARATÓ COLOMENCA I 10K,2026-02-22,Domingo,10.0,road running,Absoluta/General,140,339,Santa Coloma de Gramenet,,Barcelona
championsxip,"UNIRUN, LA CURSA DE LES UNIVERSITATS",2026-03-01,Domingo,5.0,road running,Absoluta/General,0,61,Muro,Pla de Mallorca,Illes Balears
championsxip,XXII CROS DE NOU BARRIS,2026-03-01,Domingo,0.0,trail running,Infantil,15,22,Barcelona,,Barcelona
championsxip,XXII CROS DE NOU BARRIS,2026-03-01,Domingo,0.0,trail running,Infantil,18,0,Barcelona,,Barcelona
championsxip,XXII CROS DE NOU BARRIS,2026-03-01,Domingo,0.0,trail running,Infantil,0,33,Barcelona,,Barcelona
championsxip,XXII CROS DE NOU BARRIS,2026-03-01,Domingo,0.0,trail running,Infantil,17,0,Barcelona,,Barcelona
championsxip,XXII CROS DE NOU BARRIS,2026-03-01,Domingo,0.0,trail running,Infantil,0,26,Barcelona,,Barcelona
championsxip,XXII CROS DE NOU BARRIS,2026-03-01,Domingo,0.0,trail running,Infantil,11,16,Barcelona,,Barcelona
championsxip,XXII CROS DE NOU BARRIS,2026-03-01,Domingo,0.0,trail running,Infantil,14,8,Barcelona,,Barcelona
championsxip,XXII CROS DE NOU BARRIS,2026-03-01,Domingo,0.0,trail running,Infantil,18,0,Barcelona,,Barcelona
championsxip,XXII CROS DE NOU BARRIS,2026-03-01,Domingo,0.0,trail running,Infantil,0,28,Barcelona,,Barcelona
championsxip,XXII CROS DE NOU BARRIS,2026-03-01,Domingo,0.0,trail running,Infantil,15,0,Barcelona,,Barcelona
championsxip,XXII CROS DE NOU BARRIS,2026-03-01,Domingo,0.0,trail running,Infantil,0,39,Barcelona,,Barcelona
championsxip,XXII CROS DE NOU BARRIS,2026-03-01,Domingo,0.0,trail running,Infantil,6,0,Barcelona,,Barcelona
championsxip,XXII CROS DE NOU BARRIS,2026-03-01,Domingo,0.0,trail running,Infantil,0,20,Barcelona,,Barcelona
championsxip,XXII CROS DE NOU BARRIS,2026-03-01,Domingo,0.0,trail running,Infantil,20,24,Barcelona,,Barcelona
championsxip,CURSA PER LA IGUALTAT BIGUES I RIELLS,2026-03-07,Sábado,8.0,road running,Absoluta/General,34,56,Bigues i Riells del Fai,Vallès Oriental,Catalunya
championsxip,CURSA DE LA DONA SANTA COLOMA DE GRAMENET,2026-03-14,Sábado,5.0,road running,Absoluta/General,882,367,Santa Coloma de Gramenet,,Barcelona
championsxip,11A CURSA DE LA DONA VILADECANS,2026-03-15,Domingo,5.0,road running,Absoluta/General,868,272,,,
championsxip,"""PETITA JAB TRAIL"" COPA CATALANA TRAIL",2026-03-15,Domingo,0.0,trail running,Infantil,9,22,,,
championsxip,"""PETITA JAB TRAIL"" COPA CATALANA TRAIL",2026-03-15,Domingo,0.0,trail running,Infantil,8,9,,,
championsxip,"""PETITA JAB TRAIL"" COPA CATALANA TRAIL",2026-03-15,Domingo,0.0,trail running,Infantil,13,15,,,
championsxip,"""PETITA JAB TRAIL"" COPA CATALANA TRAIL",2026-03-15,Domingo,0.0,trail running,Infantil,11,22,,,
championsxip,"""PETITA JAB TRAIL"" COPA CATALANA TRAIL",2026-03-15,Domingo,0.0,trail running,Infantil,5,9,,,
championsxip,"""PETITA JAB TRAIL"" COPA CATALANA TRAIL",2026-03-15,Domingo,0.0,trail running,Absoluta/General,10,12,,,
championsxip,37A CURSA CIENTÍFICA SANT PAU,2026-03-21,Sábado,0.0,road running,Absoluta/General,75,75,València,Comarca de València,Comunitat Valenciana
championsxip,37A CURSA CIENTÍFICA SANT PAU,2026-03-21,Sábado,0.0,road running,Absoluta/General,13,48,València,Comarca de València,Comunitat Valenciana
championsxip,36A CURSA DE CALDES D’ESTRACH 3 VILES,2026-03-22,Domingo,10.0,road running,Absoluta/General,154,389,Lorca,Alto Guadalentín,Región de Murcia
championsxip,MITJA MARATÓ DE RAMS DE VIC,2026-03-22,Domingo,21.0,road running,Absoluta/General,0,30,Vic,Osona,Catalunya
championsxip,MITJA MARATÓ DE RAMS DE VIC,2026-03-22,Domingo,5.0,road running,Absoluta/General,115,87,Vic,Osona,Catalunya
championsxip,10A CURSA MILLA SANTA PERPÈTUA PER LA INCLUSIO,2026-03-22,Domingo,0.0,road running,Infantil,20,21,Barcelona,Barcelonès,Catalunya
championsxip,10A CURSA MILLA SANTA PERPÈTUA PER LA INCLUSIO,2026-03-22,Domingo,0.0,road running,Absoluta/General,21,9,Barcelona,Barcelonès,Catalunya
championsxip,10A CURSA MILLA SANTA PERPÈTUA PER LA INCLUSIO,2026-03-22,Domingo,0.0,road running,Infantil,14,25,Barcelona,Barcelonès,Catalunya
championsxip,10A CURSA MILLA SANTA PERPÈTUA PER LA INCLUSIO,2026-03-22,Domingo,0.0,road running,Infantil,17,24,Barcelona,Barcelonès,Catalunya
championsxip,10A CURSA MILLA SANTA PERPÈTUA PER LA INCLUSIO,2026-03-22,Domingo,1.609,road running,Absoluta/General,0,30,Barcelona,Barcelonès,Catalunya
championsxip,XXVI EDICIÓ DE LA CURSA DE MARTORELL 5K,2026-03-29,Domingo,5.0,road running,Absoluta/General,176,364,Martorell,Baix Llobregat,Catalunya
championsxip,XXVI EDICIÓ DE LA CURSA DE MARTORELL 5K,2026-03-29,Domingo,0.0,road running,Infantil,12,23,Martorell,Baix Llobregat,Catalunya
championsxip,XXVI EDICIÓ DE LA CURSA DE MARTORELL 5K,2026-03-29,Domingo,0.0,road running,Infantil,37,37,Martorell,Baix Llobregat,Catalunya
championsxip,XXVI EDICIÓ DE LA CURSA DE MARTORELL 5K,2026-03-29,Domingo,0.0,road running,Infantil,13,13,Martorell,Baix Llobregat,Catalunya
championsxip,5A CURSA SOLIDÀRIA MOSSOS D'ESQUADRA BADALONA  ...,2026-04-12,Domingo,10.0,road running,Absoluta/General,754,1444,Badalona,,Barcelona
championsxip,5A CURSA SOLIDÀRIA MOSSOS D'ESQUADRA BADALONA  ...,2026-04-12,Domingo,5.0,road running,Absoluta/General,734,576,Badalona,,Barcelona
championsxip,XXXI CURSA DE LA SANITAT CATALANA,2026-04-17,Viernes,10.0,trail running,Absoluta/General,0,30,,,
championsxip,XXXI CURSA DE LA SANITAT CATALANA,2026-04-17,Viernes,5.5,trail running,Absoluta/General,341,140,,,
championsxip,TRAIL CERDANYOLA SANT JULIÀ DE CERDANYOLA,2026-04-19,Domingo,20.0,trail running,Absoluta/General,10,49,Sant Julià de Cerdanyola,,Barcelona
championsxip,TRAIL CERDANYOLA SANT JULIÀ DE CERDANYOLA,2026-04-19,Domingo,12.0,trail running,Absoluta/General,22,63,Sant Julià de Cerdanyola,,Barcelona
championsxip,29A MILLA URBANA DE RIPOLLET,2026-04-19,Domingo,0.0,road running,Infantil,0,5,Ripollet,,Barcelona
championsxip,29A MILLA URBANA DE RIPOLLET,2026-04-19,Domingo,0.0,road running,Infantil,2,0,Ripollet,,Barcelona
championsxip,29A MILLA URBANA DE RIPOLLET,2026-04-19,Domingo,0.0,road running,Infantil,0,9,Ripollet,,Barcelona
championsxip,29A MILLA URBANA DE RIPOLLET,2026-04-19,Domingo,0.0,road running,Infantil,3,0,Ripollet,,Barcelona
championsxip,29A MILLA URBANA DE RIPOLLET,2026-04-19,Domingo,0.0,road running,Infantil,11,0,Ripollet,,Barcelona
championsxip,29A MILLA URBANA DE RIPOLLET,2026-04-19,Domingo,0.0,road running,Infantil,0,11,Ripollet,,Barcelona
championsxip,29A MILLA URBANA DE RIPOLLET,2026-04-19,Domingo,0.0,road running,Infantil,6,14,Ripollet,,Barcelona
championsxip,29A MILLA URBANA DE RIPOLLET,2026-04-19,Domingo,0.0,road running,Infantil,5,6,Ripollet,,Barcelona
championsxip,29A MILLA URBANA DE RIPOLLET,2026-04-19,Domingo,0.0,road running,Infantil,4,0,Ripollet,,Barcelona
championsxip,29A MILLA URBANA DE RIPOLLET,2026-04-19,Domingo,0.0,road running,Infantil,0,3,Ripollet,,Barcelona
championsxip,29A MILLA URBANA DE RIPOLLET,2026-04-19,Domingo,1.609,road running,Absoluta/General,4,34,Ripollet,,Barcelona
championsxip,29A MILLA URBANA DE RIPOLLET,2026-04-19,Domingo,0.0,road running,Mayores/Veteranos,0,18,Ripollet,,Barcelona
championsxip,29A MILLA URBANA DE RIPOLLET,2026-04-19,Domingo,0.0,road running,Mayores/Veteranos,0,20,Ripollet,,Barcelona
championsxip,29A MILLA URBANA DE RIPOLLET,2026-04-19,Domingo,0.0,road running,Mayores/Veteranos,0,21,Ripollet,,Barcelona
championsxip,29A MILLA URBANA DE RIPOLLET,2026-04-19,Domingo,0.0,road running,Mayores/Veteranos,34,0,Ripollet,,Barcelona
championsxip,29A MILLA URBANA DE RIPOLLET,2026-04-19,Domingo,0.0,road running,Absoluta/General,1,14,Ripollet,,Barcelona
championsxip,CROS CIUTAT VELLA,2026-04-19,Domingo,0.0,trail running,Infantil,17,17,Sollana,,València / Valencia
championsxip,CROS CIUTAT VELLA,2026-04-19,Domingo,0.0,trail running,Infantil,25,0,Sollana,,València / Valencia
championsxip,CROS CIUTAT VELLA,2026-04-19,Domingo,0.0,trail running,Infantil,0,27,Sollana,,València / Valencia
championsxip,CROS CIUTAT VELLA,2026-04-19,Domingo,0.0,trail running,Infantil,23,0,Sollana,,València / Valencia
championsxip,CROS CIUTAT VELLA,2026-04-19,Domingo,0.0,trail running,Infantil,0,23,Sollana,,València / Valencia
championsxip,CROS CIUTAT VELLA,2026-04-19,Domingo,0.0,trail running,Infantil,11,19,Sollana,,València / Valencia
championsxip,CROS CIUTAT VELLA,2026-04-19,Domingo,0.0,trail running,Infantil,18,16,Sollana,,València / Valencia
championsxip,CROS CIUTAT VELLA,2026-04-19,Domingo,0.0,trail running,Infantil,14,0,Sollana,,València / Valencia
championsxip,CROS CIUTAT VELLA,2026-04-19,Domingo,0.0,trail running,Infantil,0,36,Sollana,,València / Valencia
championsxip,CROS CIUTAT VELLA,2026-04-19,Domingo,0.0,trail running,Infantil,15,0,Sollana,,València / Valencia
championsxip,CROS CIUTAT VELLA,2026-04-19,Domingo,0.0,trail running,Infantil,0,33,Sollana,,València / Valencia
championsxip,CROS CIUTAT VELLA,2026-04-19,Domingo,0.0,trail running,Infantil,15,0,Sollana,,València / Valencia
championsxip,CROS CIUTAT VELLA,2026-04-19,Domingo,0.0,trail running,Infantil,0,28,Sollana,,València / Valencia
championsxip,CROS CIUTAT VELLA,2026-04-19,Domingo,0.0,trail running,Infantil,30,27,Sollana,,València / Valencia
championsxip,CURSA MEDIJOCS,2026-04-25,Sábado,7.0,trail running,Absoluta/General,105,158,,,
championsxip,CURSA MEDIJOCS,2026-04-25,Sábado,0.0,trail running,Infantil,13,19,,,
championsxip,XXI MARATÓ DEL MEDITERRANI:,2026-04-26,Domingo,21.097,road running,Absoluta/General,0,30,Barcelona,,Barcelona
championsxip,XXI MARATÓ DEL MEDITERRANI:,2026-04-26,Domingo,10.0,road running,Absoluta/General,0,30,Barcelona,,Barcelona
championsxip,XXI MARATÓ DEL MEDITERRANI:,2026-04-26,Domingo,5.0,road running,Absoluta/General,346,312,Barcelona,,Barcelona
championsxip,XXI MARATÓ DEL MEDITERRANI:,2026-04-26,Domingo,21.097,road running,Absoluta/General,77,128,Barcelona,,Barcelona
championsxip,CINC CIMS CORBERA DE LLOBREGAT CORREM PER A LA ...,2026-04-26,Domingo,27.0,trail running,Absoluta/General,41,298,Bilbao,,Bizkaia
championsxip,CINC CIMS CORBERA DE LLOBREGAT CORREM PER A LA ...,2026-04-26,Domingo,10.0,trail running,Absoluta/General,190,295,Bilbao,,Bizkaia
championsxip,13A MARATÓ PER EQUIPS/ ELS 7K DEL RIU,2026-04-26,Domingo,7.0,road running,Equipos,56,128,,,
championsxip,13A MARATÓ PER EQUIPS/ ELS 7K DEL RIU,2026-04-26,Domingo,0.0,road running,Equipos,9,115,,,
championsxip,13A MARATÓ PER EQUIPS/ ELS 7K DEL RIU,2026-04-26,Domingo,0.0,road running,Equipos,2,48,,,
championsxip,CURSA MONTILIVI GIRONA,2026-04-26,Domingo,10.0,road running,Absoluta/General,142,296,Girona,,Girona
championsxip,CURSA MONTILIVI GIRONA,2026-04-26,Domingo,5.0,road running,Absoluta/General,150,143,Girona,,Girona
championsxip,PONLE FRENO BADALONA,2026-04-26,Domingo,10.0,road running,Absoluta/General,272,751,,,
championsxip,PONLE FRENO BADALONA,2026-04-26,Domingo,5.0,road running,Absoluta/General,478,447,,,
championsxip,CURSA DE MONTGAT,2026-05-01,Viernes,10.0,road running,Absoluta/General,0,30,Montgat,,Barcelona
championsxip,CURSA DE MONTGAT,2026-05-01,Viernes,5.0,road running,Absoluta/General,214,258,Montgat,,Barcelona
championsxip,CURSA DE LES TORTUGUES DE LA GARRIGA,2026-05-01,Viernes,14.0,trail running,Absoluta/General,78,244,la Garriga,Vallès Oriental,Catalunya
championsxip,CURSA DE LES TORTUGUES DE LA GARRIGA,2026-05-01,Viernes,7.0,trail running,Absoluta/General,93,158,la Garriga,Vallès Oriental,Catalunya
championsxip,CURSA DE LES TORTUGUES DE LA GARRIGA,2026-05-01,Viernes,0.0,trail running,Infantil,1,7,la Garriga,Vallès Oriental,Catalunya
championsxip,CURSA DE LES TORTUGUES DE LA GARRIGA,2026-05-01,Viernes,0.0,trail running,Infantil,3,1,la Garriga,Vallès Oriental,Catalunya
championsxip,CURSA DE LES TORTUGUES DE LA GARRIGA,2026-05-01,Viernes,0.0,trail running,Infantil,3,9,la Garriga,Vallès Oriental,Catalunya
championsxip,CURSA DE LES TORTUGUES DE LA GARRIGA,2026-05-01,Viernes,0.0,trail running,Infantil,10,8,la Garriga,Vallès Oriental,Catalunya
championsxip,CURSA DE LES TORTUGUES DE LA GARRIGA,2026-05-01,Viernes,0.0,trail running,Infantil,10,18,la Garriga,Vallès Oriental,Catalunya
championsxip,CURSA DE LES TORTUGUES DE LA GARRIGA,2026-05-01,Viernes,0.0,trail running,Infantil,7,26,la Garriga,Vallès Oriental,Catalunya
championsxip,30ENA CURSA DE CARDEDEU I CURSA SOLIDÀRIA,2026-05-03,Domingo,10.0,trail running,Absoluta/General,115,209,,,
championsxip,30ENA CURSA DE CARDEDEU I CURSA SOLIDÀRIA,2026-05-03,Domingo,15.0,trail running,Absoluta/General,0,30,,,
championsxip,CURSA DELTA PRAT,2026-05-10,Domingo,10.0,road running,Absoluta/General,0,30,el Prat de Llobregat,,Barcelona
championsxip,CURSA DELTA PRAT,2026-05-10,Domingo,5.0,road running,Absoluta/General,208,249,el Prat de Llobregat,,Barcelona
championsxip,CURSA ENTRECULTURES - CORNELLÀ,2026-05-10,Domingo,10.0,road running,Absoluta/General,44,85,Cornellà de Llobregat,Baix Llobregat,Catalunya
championsxip,CURSA ENTRECULTURES - CORNELLÀ,2026-05-10,Domingo,5.0,road running,Absoluta/General,71,57,Cornellà de Llobregat,Baix Llobregat,Catalunya
championsxip,CURSA ENTRECULTURES - CORNELLÀ,2026-05-10,Domingo,14.0,road running,Absoluta/General,24,47,Cornellà de Llobregat,Baix Llobregat,Catalunya
championsxip,TRAIL DE LLORET DE MAR,2026-05-10,Domingo,15.0,trail running,Absoluta/General,19,94,Lloret de Mar,,Girona
championsxip,TRAIL DE LLORET DE MAR,2026-05-10,Domingo,6.0,trail running,Absoluta/General,44,74,Lloret de Mar,,Girona
championsxip,CROS SANT ANDREU,2026-05-10,Domingo,0.0,trail running,Infantil,13,15,Barcelona,,Barcelona
championsxip,CROS SANT ANDREU,2026-05-10,Domingo,0.0,trail running,Infantil,13,0,Barcelona,,Barcelona
championsxip,CROS SANT ANDREU,2026-05-10,Domingo,0.0,trail running,Infantil,0,19,Barcelona,,Barcelona
championsxip,CROS SANT ANDREU,2026-05-10,Domingo,0.0,trail running,Infantil,17,0,Barcelona,,Barcelona
championsxip,CROS SANT ANDREU,2026-05-10,Domingo,0.0,trail running,Infantil,0,19,Barcelona,,Barcelona
championsxip,CROS SANT ANDREU,2026-05-10,Domingo,0.0,trail running,Infantil,13,13,Barcelona,,Barcelona
championsxip,CROS SANT ANDREU,2026-05-10,Domingo,0.0,trail running,Infantil,10,11,Barcelona,,Barcelona
championsxip,CROS SANT ANDREU,2026-05-10,Domingo,0.0,trail running,Infantil,19,0,Barcelona,,Barcelona
championsxip,CROS SANT ANDREU,2026-05-10,Domingo,0.0,trail running,Infantil,0,21,Barcelona,,Barcelona
championsxip,CROS SANT ANDREU,2026-05-10,Domingo,0.0,trail running,Infantil,10,0,Barcelona,,Barcelona
championsxip,CROS SANT ANDREU,2026-05-10,Domingo,0.0,trail running,Infantil,0,24,Barcelona,,Barcelona
championsxip,CROS SANT ANDREU,2026-05-10,Domingo,0.0,trail running,Infantil,6,0,Barcelona,,Barcelona
championsxip,CROS SANT ANDREU,2026-05-10,Domingo,0.0,trail running,Infantil,0,21,Barcelona,,Barcelona
championsxip,CROS SANT ANDREU,2026-05-10,Domingo,0.0,trail running,Infantil,8,14,Barcelona,,Barcelona
championsxip,16A IFP CURSA NOCTURNA DE L'HOSPITALET,2026-05-16,Sábado,10.0,road running,Absoluta/General,1490,1744,l'Hospitalet de Llobregat,Barcelonès,Catalunya
championsxip,16A IFP CURSA NOCTURNA DE L'HOSPITALET,2026-05-16,Sábado,5.0,road running,Absoluta/General,1232,1135,l'Hospitalet de Llobregat,Barcelonès,Catalunya
championsxip,CURSA DE NOU BARRIS,2026-05-17,Domingo,10.0,road running,Absoluta/General,432,843,Barcelona,,Barcelona
championsxip,CURSA DE NOU BARRIS,2026-05-17,Domingo,5.0,road running,Absoluta/General,247,267,Barcelona,,Barcelona
championsxip,15A CURSA POPULAR ILLA CARLEMANY,2026-05-17,Domingo,5.0,road running,Absoluta/General,624,673,,,
championsxip,15A CURSA POPULAR ILLA CARLEMANY,2026-05-17,Domingo,2.0,road running,Absoluta/General,596,370,,,
championsxip,15A CURSA POPULAR ILLA CARLEMANY,2026-05-17,Domingo,2.0,road running,Infantil,314,325,,,
championsxip,CURSA DE SANT QUIRZE - MEMORIAL DAVID ROVIRA,2026-05-17,Domingo,10.0,road running,Absoluta/General,76,280,l'Espluga de Francolí,Conca de Barberà,Tarragona
championsxip,CURSA DE SANT QUIRZE - MEMORIAL DAVID ROVIRA,2026-05-17,Domingo,5.0,road running,Absoluta/General,123,161,l'Espluga de Francolí,Conca de Barberà,Tarragona
championsxip,CURSA IPSI SOLIDÀRIA,2026-05-17,Domingo,0.0,road running,Absoluta/General,37,45,,,
championsxip,CURSA IPSI SOLIDÀRIA,2026-05-17,Domingo,0.0,road running,Absoluta/General,48,37,,,
championsxip,CURSA IPSI SOLIDÀRIA,2026-05-17,Domingo,0.0,road running,Absoluta/General,16,27,,,
championsxip,CURSA IPSI SOLIDÀRIA,2026-05-17,Domingo,0.0,road running,Absoluta/General,15,4,,,
championsxip,CURSA IPSI SOLIDÀRIA,2026-05-17,Domingo,0.0,road running,Absoluta/General,13,29,,,
championsxip,SENDERS DE CAN COSTA,2026-05-24,Domingo,21.0,trail running,Absoluta/General,20,89,,,
championsxip,SENDERS DE CAN COSTA,2026-05-24,Domingo,13.0,trail running,Absoluta/General,33,95,,,
championsxip,VIGÍA TRAIL,2026-05-31,Domingo,21.0,trail running,Absoluta/General,44,211,,,
championsxip,VIGÍA TRAIL,2026-05-31,Domingo,13.0,trail running,Absoluta/General,0,30,,,
championsxip,47A MARXA POPULAR TRAIL ARENYS DE MAR,2026-05-31,Domingo,11.0,trail running,Absoluta/General,85,217,Arenys de Mar,Maresme,Catalunya
championsxip,46A CURSA POPULAR CIUTAT DE BADALONA. LA CURSA ...,2026-05-31,Domingo,10.0,road running,Absoluta/General,0,30,,,
championsxip,46A CURSA POPULAR CIUTAT DE BADALONA. LA CURSA ...,2026-05-31,Domingo,5.0,road running,Absoluta/General,631,597,,,
championsxip,46A CURSA POPULAR CIUTAT DE BADALONA. LA CURSA ...,2026-05-31,Domingo,5.0,road running,Absoluta/General,60,70,,,
championsxip,NIGHT TRAIL LLORET DE MAR,2026-06-06,Sábado,14.0,road running,Absoluta/General,31,148,Lloret de Mar,,Girona
championsxip,NIGHT TRAIL LLORET DE MAR,2026-06-06,Sábado,7.0,road running,Absoluta/General,108,180,Lloret de Mar,,Girona
championsxip,9ENA CURSA SOLIDÀRIA PER L’ELA SANT ADRIÀ DE BESÒS,2026-06-07,Domingo,5.0,road running,Absoluta/General,498,799,Sant Adrià de Besòs,Barcelonès,Catalunya
championsxip,22A CURSA DE PINEDA DE MAR,2026-06-07,Domingo,10.0,road running,Absoluta/General,0,30,Pineda de Mar,,Barcelona
championsxip,17ª EDICIO ELS 10 DE SANTA,2026-06-07,Domingo,10.0,road running,Absoluta/General,0,30,Santa Pau,,Girona
championsxip,17ª EDICIO ELS 10 DE SANTA,2026-06-07,Domingo,3.0,road running,Absoluta/General,130,97,Santa Pau,,Girona
championsxip,LA CURSA DELS 150 ANYS,2026-06-13,Sábado,5.0,road running,Absoluta/General,0,30,,,
championsxip,SEGONA CURSA ANTIRACISTA DE BARCELONA,2026-06-13,Sábado,5.0,road running,Absoluta/General,662,518,Barcelona,Barcelonès,Catalunya
championsxip,CURSA DEL FOC OLESA DE MONTSERRAT,2026-06-14,Domingo,10.0,road running,Absoluta/General,0,30,Olesa de Montserrat,Baix Llobregat,Catalunya
championsxip,CURSA DEL FOC OLESA DE MONTSERRAT,2026-06-14,Domingo,5.0,road running,Absoluta/General,139,220,Olesa de Montserrat,Baix Llobregat,Catalunya
championsxip,CURSA NOCTURNA DE CORNELLÀ RCDE RUNNING 1900,2026-06-20,Sábado,5.0,road running,Absoluta/General,0,90,,,
championsxip,28 CURSA D’ESTIU DE PREMIÀ DE MAR,2026-06-20,Sábado,10.0,road running,Absoluta/General,79,263,Premià de Mar,Maresme,Catalunya
championsxip,28 CURSA D’ESTIU DE PREMIÀ DE MAR,2026-06-20,Sábado,5.0,road running,Absoluta/General,114,170,Premià de Mar,Maresme,Catalunya
championsxip,1A CURSA SOLIDÀRIA PN I GU DE L’H,2026-06-21,Domingo,5.5,road running,Absoluta/General,0,60,,,
championsxip,13A MILLA URBANA DE SANT PERE,2026-06-28,Domingo,0.0,road running,Infantil,1,1,Sant Pere de Ribes,,Barcelona
championsxip,13A MILLA URBANA DE SANT PERE,2026-06-28,Domingo,0.0,road running,Infantil,6,7,Sant Pere de Ribes,,Barcelona
championsxip,13A MILLA URBANA DE SANT PERE,2026-06-28,Domingo,0.0,road running,Infantil,7,9,Sant Pere de Ribes,,Barcelona
championsxip,13A MILLA URBANA DE SANT PERE,2026-06-28,Domingo,0.0,road running,Infantil,5,10,Sant Pere de Ribes,,Barcelona
championsxip,13A MILLA URBANA DE SANT PERE,2026-06-28,Domingo,0.0,road running,Infantil,9,5,Sant Pere de Ribes,,Barcelona
championsxip,13A MILLA URBANA DE SANT PERE,2026-06-28,Domingo,0.0,road running,Infantil,2,4,Sant Pere de Ribes,,Barcelona
championsxip,13A MILLA URBANA DE SANT PERE,2026-06-28,Domingo,0.0,road running,Mayores/Veteranos,4,36,Sant Pere de Ribes,,Barcelona
championsxip,13A MILLA URBANA DE SANT PERE,2026-06-28,Domingo,0.0,road running,Mayores/Veteranos,5,30,Sant Pere de Ribes,,Barcelona
championsxip,13A MILLA URBANA DE SANT PERE,2026-06-28,Domingo,0.0,road running,Mayores/Veteranos,9,14,Sant Pere de Ribes,,Barcelona
championsxip,13A MILLA URBANA DE SANT PERE,2026-06-28,Domingo,0.0,road running,Absoluta/General,11,26,Sant Pere de Ribes,,Barcelona
championsxip,LA SANSI DE VILADECANS,2026-07-11,Sábado,5.0,road running,Absoluta/General,0,0,Sant Boi de Lluçanès,Osona,Catalunya
championsxip,LA SANSI DE VILADECANS,2026-07-11,Sábado,0.0,road running,Infantil,0,0,Sant Boi de Lluçanès,Osona,Catalunya
championsxip,MITJA MARATÓ RELLEUS MATARÓ (EQUIPS I XIPS LLIGA),2026-07-11,Sábado,0.0,road running,Equipos,0,0,,,
championsxip,XXVIII CURSA DEL POBLE-SEC 5K,2026-07-19,Domingo,0.0,road running,Infantil,0,0,Barcelona,,Barcelona
championsxip,XLIV CURSA POPULAR DE LA GARRIGA,2026-08-01,Sábado,4.0,road running,Absoluta/General,0,0,la Garriga,,Barcelona
