fuente,nombre_carrera,fecha,dia_semana,distancia,tipo_modalidad,publico,finisher_d,finisher_h,municipio,comarca,provincia,finisher_desconocido,id,modalidad,comunidad_autonoma
mychip,XXIX CARRERA MATUTINA A LA PLAYA DE CULLERA,2026-08-01,Sábado,7.0,road running,Absoluta/General,72,254,Cullera,la Ribera Baixa,Valencia,0,3387,7k,Comunitat Valenciana
mychip,XXIX CARRERA MATUTINA A LA PLAYA DE CULLERA,2026-08-01,Sábado,7.0,road running,Absoluta/General,0,0,Cullera,la Ribera Baixa,Valencia,0,3387,7k + Camiseta,Comunitat Valenciana
mychip,V cursa Norcurna Alfarb,2026-07-04,Sábado,7.0,road running,Absoluta/General,35,98,Alfarp,,Valencia,0,3381,7K.,Valencian Community
mychip,V cursa Norcurna Alfarb,2026-07-04,Sábado,7.0,road running,Absoluta/General,0,0,Alfarp,,Valencia,0,3381,7k,Valencian Community
mychip,"12ª CARRERA NOCTURNA A LA FONT DE GARRUT, La Vall D'Uixó",2026-06-25,Jueves,10.0,trail running,Absoluta/General,68,179,la Vall d'Uixó,la Plana Baixa,Castellón,0,3373,Nocturna,Comunitat Valenciana
mychip,XXIII 10k Godella Nicoboco,2026-06-20,Sábado,10.0,road running,Absoluta/General,114,406,Urbanització Campolivar,,Valencia,0,3348,10k,Valencian Community
mychip,XXIII 10k Godella Nicoboco,2026-06-20,Sábado,0.0,road running,Infantil,0,0,Urbanització Campolivar,,Valencia,0,3348,Menores,Valencian Community
mychip,CAMPEONATO AUTONÓMICO DE BLOQUE 2026 · U15 y U17,2026-06-20,Sábado,0.0,Otros,Absoluta/General,0,0,València,,Valencia,0,3383,Bloque,Valencian Community
mychip,CAMPEONATO AUTONÓMICO DE BLOQUE 2026 · U15 y U17,2026-06-20,Sábado,0.0,Otros,Absoluta/General,0,0,València,,Valencia,0,3383,Open,Valencian Community
mychip,CAMPEONATO AUTONÓMICO DE BLOQUE 2026 · U19 y ABSOLUTA,2026-06-20,Sábado,0.0,Otros,Absoluta/General,0,0,València,,Valencia,0,3384,Campeonato ,Valencian Community
mychip,CAMPEONATO AUTONÓMICO DE BLOQUE 2026 · U19 y ABSOLUTA,2026-06-20,Sábado,0.0,Otros,Absoluta/General,0,0,València,,Valencia,0,3384,Open,Valencian Community
mychip,"Desafío Galayos, Campeonato de España de Clubs. FEDME.",2026-06-13,Sábado,55.0,trail running,Absoluta/General,0,0,Guisando,,Ávila,0,3349,60k,Castilla y León
mychip,"Desafío Galayos, Campeonato de España de Clubs. FEDME.",2026-06-13,Sábado,42.0,trail running,Absoluta/General,0,0,Guisando,,Ávila,0,3349,42k ,Castilla y León
mychip,"Desafío Galayos, Campeonato de España de Clubs. FEDME.",2026-06-13,Sábado,28.0,trail running,Absoluta/General,0,0,Guisando,,Ávila,0,3349,"28k, Trail",Castilla y León
mychip,"Desafío Galayos, Campeonato de España de Clubs. FEDME.",2026-06-13,Sábado,20.0,trail running,Absoluta/General,0,0,Guisando,,Ávila,0,3349,20k. Sprint Trail,Castilla y León
mychip,"Desafío Galayos, Campeonato de España de Clubs. FEDME.",2026-06-13,Sábado,20.0,trail running,Absoluta/General,0,0,Guisando,,Ávila,0,3349,20k Senderista,Castilla y León
mychip,XIV Cursa per Muntanya les Xosses de Crevillent,2026-06-13,Sábado,15.5,trail running,Absoluta/General,57,301,Crevillent,el Baix Vinalopó,Alicante,0,3363,Trail,Comunitat Valenciana
mychip,XIV Cursa per Muntanya les Xosses de Crevillent,2026-06-13,Sábado,12.5,trail running,Absoluta/General,83,99,Crevillent,el Baix Vinalopó,Alicante,0,3363,Sender,Comunitat Valenciana
mychip,"IX Amanece por chiva, Maratón Nocturno",2026-06-06,Sábado,41.0,trail running,Absoluta/General,2,57,Chiva,La Hoya de Buñol,Valencia,0,3350,42k,Comunitat Valenciana
mychip,"IX Amanece por chiva, Maratón Nocturno",2026-06-06,Sábado,29.0,trail running,Absoluta/General,8,65,Chiva,La Hoya de Buñol,Valencia,0,3350,28k,Comunitat Valenciana
mychip,"IX Amanece por chiva, Maratón Nocturno",2026-06-06,Sábado,15.0,trail running,Absoluta/General,24,79,Chiva,La Hoya de Buñol,Valencia,0,3350,14k,Comunitat Valenciana
mychip,XXXVI Gran Fons de Massanassa,2026-06-06,Sábado,15.0,road running,Absoluta/General,103,485,Massanassa,,Valencia,0,3366,Gran Fons,Valencian Community
mychip,X Woman Trail,2026-06-06,Sábado,10.0,trail running,Absoluta/General,531,0,la Vall d'Uixó,la Plana Baixa,Castellón,0,3368,WOMAN TRAIL,Comunitat Valenciana
mychip,X Woman Trail,2026-06-06,Sábado,0.0,trail running,Absoluta/General,0,0,la Vall d'Uixó,la Plana Baixa,Castellón,0,3368,Samarreta + Donatiu,Comunitat Valenciana
mychip,"XIII CROSS LA ENCINA ""VUELTA AL ROCÍN""",2026-06-06,Sábado,10.0,trail running,Absoluta/General,0,0,La Encina,,Alicante,0,3377,Carrera,Valencian Community
mychip,"XIII CROSS LA ENCINA ""VUELTA AL ROCÍN""",2026-06-06,Sábado,10.0,trail running,Absoluta/General,0,0,La Encina,,Alicante,0,3377,Marcha senderista,Valencian Community
mychip,"Gala Circuit Tral Marina 2026, Molí de Xirles",2026-06-05,Viernes,0.0,road running,Absoluta/General,0,0,Polop,la Marina Baixa,Alicante,0,3378,Gala Circuit,Comunitat Valenciana
mychip,43a VOLTA AL TERME DE FONDEGUILLA,2026-05-30,Sábado,34.5,trail running,Absoluta/General,31,216,Alfondeguilla,,Castellón,1,3353,VTF-26,Valencian Community
mychip,43a VOLTA AL TERME DE FONDEGUILLA,2026-05-30,Sábado,14.0,trail running,Cadete/Juvenil,0,5,Alfondeguilla,,Castellón,0,3353,Cadete - Júnior,Valencian Community
mychip,"Trail las 7 Sendas - Siete Aguas, 2026",2026-05-24,Domingo,19.0,trail running,Absoluta/General,44,187,Siete Aguas,La Hoya de Buñol,Valencia,0,3357,20K,Comunitat Valenciana
mychip,"Trail las 7 Sendas - Siete Aguas, 2026",2026-05-24,Domingo,12.0,trail running,Absoluta/General,85,201,Siete Aguas,La Hoya de Buñol,Valencia,0,3357,12K,Comunitat Valenciana
mychip,"Trail las 7 Sendas - Siete Aguas, 2026",2026-05-24,Domingo,12.0,trail running,Absoluta/General,57,36,Siete Aguas,La Hoya de Buñol,Valencia,0,3357,Caminata,Comunitat Valenciana
mychip,Naranjas a domicilio 2026,2026-05-23,Sábado,0.0,Otros,Absoluta/General,0,0,Alberic,la Ribera Alta,Valencia,0,3336,Naranjas a domicilio,Comunitat Valenciana
mychip,"3ª Prueba de Liga Infantil de Escalada - Jocs Esportius FEMECV 2026, València",2026-05-23,Sábado,0.0,Otros,Absoluta/General,0,0,València,,Valencia,0,3376,LIE,Comunitat Valenciana
mychip,"VIII Milla solidaria Esclaves SCJ, Fundación Nirvel",2026-05-22,Viernes,1.56,road running,Absoluta/General,12,46,Alcoy/alcoi,,Alicante,0,3361,Milla,Valencian Community
mychip,"VIII Milla solidaria Esclaves SCJ, Fundación Nirvel",2026-05-22,Viernes,1.56,road running,Absoluta/General,0,0,Alcoy/alcoi,,Alicante,0,3361,Caminata,Valencian Community
mychip,"VIII Milla solidaria Esclaves SCJ, Fundación Nirvel",2026-05-22,Viernes,0.0,road running,Infantil,0,0,Alcoy/alcoi,,Alicante,0,3361,Menores,Valencian Community
mychip,"VIII Milla solidaria Esclaves SCJ, Fundación Nirvel",2026-05-22,Viernes,0.0,road running,Otros,0,0,Alcoy/alcoi,,Alicante,0,3361,dorsal 0,Valencian Community
mychip,"Campionat Autonòmic de CxM FEMECV 2026, Bolulla",2026-05-17,Domingo,25.98,trail running,Absoluta/General,17,53,Bolulla,la Marina Baixa,Alicante,0,3346,Absoluta 21k FEMECV,Comunitat Valenciana
mychip,"Campionat Autonòmic de CxM FEMECV 2026, Bolulla",2026-05-17,Domingo,9.38,trail running,Cadete/Juvenil,2,3,Bolulla,la Marina Baixa,Alicante,0,3346,Júnior FEMECV,Comunitat Valenciana
mychip,"Campionat Autonòmic de CxM FEMECV 2026, Bolulla",2026-05-17,Domingo,9.38,trail running,Cadete/Juvenil,4,2,Bolulla,la Marina Baixa,Alicante,0,3346,Juvenil FEMECV,Comunitat Valenciana
mychip,"Campionat Autonòmic de CxM FEMECV 2026, Bolulla",2026-05-17,Domingo,9.38,trail running,Cadete/Juvenil,5,4,Bolulla,la Marina Baixa,Alicante,0,3346,Cadete FEMECV,Comunitat Valenciana
mychip,"Campionat Autonòmic de CxM FEMECV 2026, Bolulla",2026-05-17,Domingo,5.1,trail running,Infantil,5,5,Bolulla,la Marina Baixa,Alicante,0,3346,Infantil FEMECV,Comunitat Valenciana
mychip,"Campionat Autonòmic de CxM FEMECV 2026, Bolulla",2026-05-17,Domingo,25.98,trail running,Otros,0,0,Bolulla,la Marina Baixa,Alicante,0,3346,"Invidentes, FEMECV",Comunitat Valenciana
mychip,"Campionat Autonòmic de CxM FEMECV 2026, Bolulla",2026-05-17,Domingo,25.98,trail running,Absoluta/General,2,13,Bolulla,la Marina Baixa,Alicante,0,3346,Open 26k,Comunitat Valenciana
mychip,"Campionat Autonòmic de CxM FEMECV 2026, Bolulla",2026-05-17,Domingo,14.43,trail running,Absoluta/General,25,48,Bolulla,la Marina Baixa,Alicante,0,3346,Open 14k,Comunitat Valenciana
mychip,"Trail de Primavera, Confrides, CTM 25/26",2026-05-09,Sábado,32.0,trail running,Absoluta/General,14,111,Confrides,la Marina Baixa,Alicante,0,3280,43k,Comunitat Valenciana
mychip,"Trail de Primavera, Confrides, CTM 25/26",2026-05-09,Sábado,21.0,trail running,Absoluta/General,59,211,Confrides,la Marina Baixa,Alicante,0,3280,"24k, Mitjes CTM",Comunitat Valenciana
mychip,"Campeonato Autonómico Individual y Clubs de Marcha Nórdica FEMECV 2026, Santa Pola",2026-05-09,Sábado,13.56,marcha,Absoluta/General,30,39,Santa Pola,,Alicante,0,3365,Absoluta  FEMECV,Valencian Community
mychip,"Campeonato Autonómico Individual y Clubs de Marcha Nórdica FEMECV 2026, Santa Pola",2026-05-09,Sábado,7.98,marcha,Infantil,0,3,Santa Pola,,Alicante,0,3365,Infantil FEMECV,Valencian Community
mychip,"Campeonato Autonómico Individual y Clubs de Marcha Nórdica FEMECV 2026, Santa Pola",2026-05-09,Sábado,7.98,marcha,Cadete/Juvenil,2,1,Santa Pola,,Alicante,0,3365,Cadete FEMECV,Valencian Community
mychip,"Campeonato Autonómico Individual y Clubs de Marcha Nórdica FEMECV 2026, Santa Pola",2026-05-09,Sábado,5.1,marcha,Infantil,1,0,Santa Pola,,Alicante,0,3365,Alevín FEMECV,Valencian Community
mychip,"Campeonato Autonómico Individual y Clubs de Marcha Nórdica FEMECV 2026, Santa Pola",2026-05-09,Sábado,1.2,marcha,Infantil,0,0,Santa Pola,,Alicante,0,3365,Benjamín FEMECV,Valencian Community
mychip,"Campeonato Autonómico Individual y Clubs de Marcha Nórdica FEMECV 2026, Santa Pola",2026-05-09,Sábado,1.2,marcha,Infantil,0,0,Santa Pola,,Alicante,0,3365,Prebenjamín  FEMECV,Valencian Community
mychip,"Campeonato Autonómico Individual y Clubs de Marcha Nórdica FEMECV 2026, Santa Pola",2026-05-09,Sábado,10.77,marcha,Absoluta/General,2,3,Santa Pola,,Alicante,0,3365,Promo,Valencian Community
mychip,2ª Prueba de Liga Infantil de Escalada - Jocs Esportius FEMECV 2026,2026-05-09,Sábado,0.0,Otros,Absoluta/General,0,0,Alcoi / Alcoy,l'Alcoià,Alicante,0,3369,LIE,Comunitat Valenciana
mychip,2ª Prueba de Copa de Escalada en Bloque FEMECV 2026,2026-05-09,Sábado,0.0,Otros,Absoluta/General,0,0,Alcoi / Alcoy,l'Alcoià,Alicante,0,3370,Copa Bloque,Comunitat Valenciana
mychip,2ª Copa de Escalada Jocs Esportius FEMECV 2026,2026-05-09,Sábado,0.0,Otros,Absoluta/General,0,0,Alcoi / Alcoy,l'Alcoià,Alicante,0,3371,Copa Escalada,Comunitat Valenciana
mychip,"IX GRAN FONS PENYES ALBES, MONTITXELVO - 2026",2026-05-01,Viernes,18.6,trail running,Absoluta/General,75,276,Montitxelvo/montichelvo,,Valencia,0,3360,Trail,Valencian Community
mychip,"IX GRAN FONS PENYES ALBES, MONTITXELVO - 2026",2026-05-01,Viernes,11.69,trail running,Absoluta/General,114,77,Montitxelvo/montichelvo,,Valencia,0,3360,Sender,Valencian Community
mychip,"III Badall Trail, Benigembla, CTM 25/26",2026-04-26,Domingo,22.0,trail running,Absoluta/General,25,74,Benigembla,la Marina Alta,Alicante,0,3279,"Badall Trail, Mitjes CTM",Comunitat Valenciana
mychip,"III Badall Trail, Benigembla, CTM 25/26",2026-04-26,Domingo,15.0,trail running,Absoluta/General,51,134,Benigembla,la Marina Alta,Alicante,0,3279,"Penya Blanca, Sprint CTM",Comunitat Valenciana
mychip,5k Massanassa per la igualtat 2026,2026-04-25,Sábado,5.0,road running,Absoluta/General,40,61,Massanassa,,Valencia,0,3352,5k Corriendo.,Valencian Community
mychip,5k Massanassa per la igualtat 2026,2026-04-25,Sábado,3.0,road running,Absoluta/General,0,0,Massanassa,,Valencia,0,3352,3k Caminata,Valencian Community
mychip,"Campeonato Autonómico de Escalada de dificultad, Femecv 26, Onda",2026-04-25,Sábado,0.0,Otros,Absoluta/General,0,0,Onda,la Plana Baixa,Castellón,0,3364,Campionat,Comunitat Valenciana
mychip,"X PERIMETRAIL RETT SERRA VERNISSA, Lliga de Muntanya València Sud. 25/26",2026-04-19,Domingo,0.0,trail running,Otros,0,0,Xàtiva,,Valencia,0,3316,Dorsal 0,Valencian Community
mychip,"X PERIMETRAIL RETT SERRA VERNISSA, Lliga de Muntanya València Sud. 25/26",2026-04-19,Domingo,21.0,trail running,Absoluta/General,18,153,Xàtiva,,Valencia,0,3316,"TRAIL 21K 1650M+, LMVS Mitjes",Valencian Community
mychip,"X PERIMETRAIL RETT SERRA VERNISSA, Lliga de Muntanya València Sud. 25/26",2026-04-19,Domingo,12.0,trail running,Absoluta/General,91,252,Xàtiva,,Valencia,0,3316,"SPRINT TRAIL, 12km 780M+, LMVS SPRINT",Valencian Community
mychip,"X PERIMETRAIL RETT SERRA VERNISSA, Lliga de Muntanya València Sud. 25/26",2026-04-19,Domingo,8.0,trail running,Absoluta/General,16,38,Xàtiva,,Valencia,0,3316,"CANICROSS, 8K, 315M+",Valencian Community
mychip,"X PERIMETRAIL RETT SERRA VERNISSA, Lliga de Muntanya València Sud. 25/26",2026-04-19,Domingo,8.0,trail running,Absoluta/General,0,0,Xàtiva,,Valencia,0,3316,"SENDER, 8K, 315M+",Valencian Community
mychip,"XVI Botamarges, Forna, CTM 25/26",2026-04-11,Sábado,64.0,trail running,Absoluta/General,8,94,Forna,,Alicante,0,3278,"BTMU, Botamarges Ultramaratón",Valencian Community
mychip,"XVI Botamarges, Forna, CTM 25/26",2026-04-11,Sábado,21.0,trail running,Absoluta/General,23,119,Forna,,Alicante,0,3278,"BTMM, Botamarges Mitja Marató, Mitjes CTM",Valencian Community
mychip,"XVI Botamarges, Forna, CTM 25/26",2026-04-11,Sábado,13.0,trail running,Absoluta/General,66,129,Forna,,Alicante,0,3278,"BTMS, Botamarges Sprint Trail",Valencian Community
mychip,"DESAFÍO CALAR DEL RÍO MUNDO 2026, Campeonato de España Ultra  de Selecciones Autonómicas. FEDME.",2026-04-10,Viernes,70.0,trail running,Absoluta/General,77,162,Riópar,,Castile-La Mancha,0,3310,70k,Castile-La Mancha
mychip,"DESAFÍO CALAR DEL RÍO MUNDO 2026, Campeonato de España Ultra  de Selecciones Autonómicas. FEDME.",2026-04-10,Viernes,45.0,trail running,Absoluta/General,38,207,Riópar,,Castile-La Mancha,0,3310,45k ,Castile-La Mancha
mychip,"DESAFÍO CALAR DEL RÍO MUNDO 2026, Campeonato de España Ultra  de Selecciones Autonómicas. FEDME.",2026-04-10,Viernes,25.0,trail running,Absoluta/General,59,191,Riópar,,Castile-La Mancha,0,3310,"25k, Trail",Castile-La Mancha
mychip,"DESAFÍO CALAR DEL RÍO MUNDO 2026, Campeonato de España Ultra  de Selecciones Autonómicas. FEDME.",2026-04-10,Viernes,15.0,trail running,Absoluta/General,55,84,Riópar,,Castile-La Mancha,0,3310,15k. Sprint Trail,Castile-La Mancha
mychip,"DESAFÍO CALAR DEL RÍO MUNDO 2026, Campeonato de España Ultra  de Selecciones Autonómicas. FEDME.",2026-04-10,Viernes,15.0,trail running,Absoluta/General,36,26,Riópar,,Castile-La Mancha,0,3310,15k Senderista,Castile-La Mancha
mychip,"DESAFÍO CALAR DEL RÍO MUNDO 2026, Campeonato de España Ultra  de Selecciones Autonómicas. FEDME.",2026-04-10,Viernes,0.0,trail running,Absoluta/General,0,0,Riópar,,Castile-La Mancha,0,3310,Asistencia,Castile-La Mancha
mychip,"DESAFÍO CALAR DEL RÍO MUNDO 2026, Campeonato de España Ultra  de Selecciones Autonómicas. FEDME.",2026-04-10,Viernes,0.0,trail running,Absoluta/General,0,0,Riópar,,Castile-La Mancha,0,3310,100k,Castile-La Mancha
mychip,"VII PEGO TRAIL, Pego, CTM 25/26",2026-03-29,Domingo,20.0,trail running,Absoluta/General,37,142,Pego,la Marina Alta,Alicante,0,3277,"20k, Mitjes CTM",Comunitat Valenciana
mychip,"VII PEGO TRAIL, Pego, CTM 25/26",2026-03-29,Domingo,14.0,trail running,Absoluta/General,75,196,Pego,la Marina Alta,Alicante,0,3277,"Sprint Trail, Sprint CTM",Comunitat Valenciana
mychip,"VII PEGO TRAIL, Pego, CTM 25/26",2026-03-29,Domingo,12.0,trail running,Absoluta/General,31,45,Pego,la Marina Alta,Alicante,0,3277,Sender,Comunitat Valenciana
mychip,"Campionat Autonòmic de KV FEMECV 2026, Finestrat",2026-03-29,Domingo,3.6,trail running,Absoluta/General,31,67,Finestrat,la Marina Baixa,Alicante,0,3347,Absoluta FEMECV,Comunitat Valenciana
mychip,"Campionat Autonòmic de KV FEMECV 2026, Finestrat",2026-03-29,Domingo,3.6,trail running,Cadete/Juvenil,3,3,Finestrat,la Marina Baixa,Alicante,0,3347,Júnior FEMECV,Comunitat Valenciana
mychip,"Campionat Autonòmic de KV FEMECV 2026, Finestrat",2026-03-29,Domingo,3.6,trail running,Cadete/Juvenil,1,3,Finestrat,la Marina Baixa,Alicante,0,3347,Juvenil FEMECV,Comunitat Valenciana
mychip,"Campionat Autonòmic de KV FEMECV 2026, Finestrat",2026-03-29,Domingo,3.6,trail running,Cadete/Juvenil,1,6,Finestrat,la Marina Baixa,Alicante,0,3347,Cadete FEMECV,Comunitat Valenciana
mychip,"Campionat Autonòmic de KV FEMECV 2026, Finestrat",2026-03-29,Domingo,1.2,trail running,Infantil,1,4,Finestrat,la Marina Baixa,Alicante,0,3347,Infantil FEMECV,Comunitat Valenciana
mychip,"Campionat Autonòmic de KV FEMECV 2026, Finestrat",2026-03-29,Domingo,3.6,trail running,Otros,0,0,Finestrat,la Marina Baixa,Alicante,0,3347,"Invidentes, FEMECV",Comunitat Valenciana
mychip,"Campionat Autonòmic de KV FEMECV 2026, Finestrat",2026-03-29,Domingo,3.6,trail running,Absoluta/General,10,46,Finestrat,la Marina Baixa,Alicante,0,3347,Open,Comunitat Valenciana
mychip,"Raid de deportes de Montaña Montanejos, FEMECV 2026",2026-03-28,Sábado,0.0,trail running,Equipos,0,0,Montanejos,,Castellón,0,3359,Equipos 2 componentes,Valencian Community
mychip,"Raid de deportes de Montaña Montanejos, FEMECV 2026",2026-03-28,Sábado,0.0,trail running,Equipos,0,0,Montanejos,,Castellón,0,3359,Equipos 3 componentes,Valencian Community
mychip,"Raid de deportes de Montaña Montanejos, FEMECV 2026",2026-03-28,Sábado,0.0,trail running,Equipos,0,0,Montanejos,,Castellón,0,3359,Equipos 4 componentes,Valencian Community
mychip,"Camí Bandolers, Senija, CTM 25/26",2026-03-22,Domingo,22.7,trail running,Absoluta/General,20,62,Senija,la Marina Alta,Alicante,0,3276,"22,7k, Mitjes CTM",Comunitat Valenciana
mychip,"Camí Bandolers, Senija, CTM 25/26",2026-03-22,Domingo,12.5,trail running,Absoluta/General,73,194,Senija,la Marina Alta,Alicante,0,3276,"Sprint Trail, Sprint CTM",Comunitat Valenciana
mychip,"Camí Bandolers, Senija, CTM 25/26",2026-03-22,Domingo,12.5,trail running,Absoluta/General,24,33,Senija,la Marina Alta,Alicante,0,3276,Sender,Comunitat Valenciana
mychip,"XIV MIMAMUCA,  Carrícola 2026",2026-03-22,Domingo,21.0,trail running,Absoluta/General,81,335,Carrícola,,Valencia,0,3325,Mimamuca,Valencian Community
mychip,"GR36. 2026, MONTANEJOS - VILAVELLA",2026-03-21,Sábado,63.0,trail running,Absoluta/General,36,201,La Vilavella,,Castellón,0,3301,GR36,Valencian Community
mychip,"Volta al Pantà, Guadalest 2026",2026-03-21,Sábado,12.0,trail running,Absoluta/General,39,49,Beniardà,la Marina Baixa,Alicante,0,3318,Volta al Pantà,Comunitat Valenciana
mychip,"Volta al Pantà, Guadalest 2026",2026-03-21,Sábado,12.0,trail running,Absoluta/General,38,22,Beniardà,la Marina Baixa,Alicante,0,3318,Caminada al Pantà,Comunitat Valenciana
mychip,"Volta al Pantà, Guadalest 2026",2026-03-21,Sábado,0.0,trail running,Otros,0,0,Beniardà,la Marina Baixa,Alicante,0,3318,Dorsal 0,Comunitat Valenciana
mychip,"2ª Prueba de Copa de MN FEMECV 2026, Algorfa",2026-03-15,Domingo,11.54,trail running,Absoluta/General,30,52,Algorfa,,Alicante,0,3355,Absoluta  FEMECV,Comunitat Valenciana
mychip,"2ª Prueba de Copa de MN FEMECV 2026, Algorfa",2026-03-15,Domingo,6.924,trail running,Infantil,2,5,Algorfa,,Alicante,0,3355,Infantil FEMECV,Comunitat Valenciana
mychip,"2ª Prueba de Copa de MN FEMECV 2026, Algorfa",2026-03-15,Domingo,6.924,trail running,Cadete/Juvenil,2,1,Algorfa,,Alicante,0,3355,Cadete FEMECV,Comunitat Valenciana
mychip,"2ª Prueba de Copa de MN FEMECV 2026, Algorfa",2026-03-15,Domingo,2.308,trail running,Infantil,3,1,Algorfa,,Alicante,0,3355,Alevín FEMECV,Comunitat Valenciana
mychip,"2ª Prueba de Copa de MN FEMECV 2026, Algorfa",2026-03-15,Domingo,1.1,trail running,Infantil,0,3,Algorfa,,Alicante,0,3355,Benjamín FEMECV,Comunitat Valenciana
mychip,"2ª Prueba de Copa de MN FEMECV 2026, Algorfa",2026-03-15,Domingo,1.1,trail running,Infantil,1,0,Algorfa,,Alicante,0,3355,Prebenjamín  FEMECV,Comunitat Valenciana
mychip,"2ª Prueba de Copa de MN FEMECV 2026, Algorfa",2026-03-15,Domingo,6.924,trail running,Absoluta/General,24,9,Algorfa,,Alicante,0,3355,Promo,Comunitat Valenciana
mychip,"Campionat autonòmic de llarg recorregut, FEMECV 2026, Perimetral a Benissa",2026-03-14,Sábado,72.0,trail running,Absoluta/General,3,30,Benissa,la Marina Alta,Alicante,0,3323,Campeonato Ultra FEMECV,Comunitat Valenciana
mychip,"Campionat autonòmic de llarg recorregut, FEMECV 2026, Perimetral a Benissa",2026-03-14,Sábado,72.0,trail running,Absoluta/General,2,45,Benissa,la Marina Alta,Alicante,0,3323,"Ultra 72k, 3650m/+",Comunitat Valenciana
mychip,"Campionat autonòmic de llarg recorregut, FEMECV 2026, Perimetral a Benissa",2026-03-14,Sábado,41.0,trail running,Absoluta/General,28,128,Benissa,la Marina Alta,Alicante,0,3323,"Solana Trail 41km, 1720m/+",Comunitat Valenciana
mychip,"Campionat autonòmic de llarg recorregut, FEMECV 2026, Perimetral a Benissa",2026-03-14,Sábado,24.0,trail running,Absoluta/General,38,121,Benissa,la Marina Alta,Alicante,0,3323,"Mallà Verda 24km, 905m/+ ",Comunitat Valenciana
mychip,"Trail Covatelles 2026, Oliva",2026-03-08,Domingo,23.0,trail running,Absoluta/General,20,102,Oliva,la Safor,Valencia,0,3306,Trail 23k,Comunitat Valenciana
mychip,"Trail Covatelles 2026, Oliva",2026-03-08,Domingo,13.0,trail running,Absoluta/General,56,136,Oliva,la Safor,Valencia,0,3306,Sprint 13k,Comunitat Valenciana
mychip,"Trail Covatelles 2026, Oliva",2026-03-08,Domingo,12.0,trail running,Absoluta/General,30,15,Oliva,la Safor,Valencia,0,3306,Sender 12k,Comunitat Valenciana
mychip,VII Avenc Trail Quatretonda.,2026-03-08,Domingo,42.0,trail running,Absoluta/General,14,72,Quatretonda,,Valencia,0,3321,Marató del Avenc,Valencian Community
mychip,VII Avenc Trail Quatretonda.,2026-03-08,Domingo,22.0,trail running,Absoluta/General,23,88,Quatretonda,,Valencia,0,3321,Avenc trail,Valencian Community
mychip,VII Avenc Trail Quatretonda.,2026-03-08,Domingo,12.5,trail running,Absoluta/General,72,100,Quatretonda,,Valencia,0,3321,Esprint trail,Valencian Community
mychip,VII Avenc Trail Quatretonda.,2026-03-08,Domingo,12.5,trail running,Absoluta/General,41,29,Quatretonda,,Valencia,0,3321,Senderista,Valencian Community
mychip,"3ª Prueba de Liga de CxM FEMECV 2026, Onil",2026-03-08,Domingo,25.0,trail running,Absoluta/General,37,102,Onil,,Alicante,0,3345,Absoluta 25k FEMECV,Valencian Community
mychip,"3ª Prueba de Liga de CxM FEMECV 2026, Onil",2026-03-08,Domingo,10.0,trail running,Cadete/Juvenil,4,5,Onil,,Alicante,0,3345,Júnior FEMECV,Valencian Community
mychip,"3ª Prueba de Liga de CxM FEMECV 2026, Onil",2026-03-08,Domingo,10.0,trail running,Cadete/Juvenil,3,7,Onil,,Alicante,0,3345,Juvenil FEMECV,Valencian Community
mychip,"3ª Prueba de Liga de CxM FEMECV 2026, Onil",2026-03-08,Domingo,10.0,trail running,Cadete/Juvenil,5,10,Onil,,Alicante,0,3345,Cadete FEMECV,Valencian Community
mychip,"3ª Prueba de Liga de CxM FEMECV 2026, Onil",2026-03-08,Domingo,5.0,trail running,Infantil,7,7,Onil,,Alicante,0,3345,Infantil FEMECV,Valencian Community
mychip,"3ª Prueba de Liga de CxM FEMECV 2026, Onil",2026-03-08,Domingo,25.0,trail running,Absoluta/General,22,0,Onil,,Alicante,0,3345,"Carrera de la Dona, FEMECV",Valencian Community
mychip,"3ª Prueba de Liga de CxM FEMECV 2026, Onil",2026-03-08,Domingo,25.0,trail running,Absoluta/General,9,55,Onil,,Alicante,0,3345,25k OPEN,Valencian Community
mychip,"3ª Prueba de Liga de CxM FEMECV 2026, Onil",2026-03-08,Domingo,14.0,trail running,Absoluta/General,97,178,Onil,,Alicante,0,3345,14k SPRINT & SENDER OPEN,Valencian Community
mychip,CARRERA DE LA MUJER CXM | FEMECV 2026,2026-03-08,Domingo,10.84,trail running,Absoluta/General,0,0,Onil,,Alicante,0,3356,Carrera de la Mujer,Valencian Community
mychip,CARRERA DE LA MUJER CXM | FEMECV 2026,2026-03-08,Domingo,10.84,trail running,Infantil,0,0,Onil,,Alicante,0,3356,Menores,Valencian Community
mychip,"En Marxa per la Dona, Puçol 2026, a beneficio de la Fundación INCLIVA",2026-03-08,Domingo,0.0,road running,Absoluta/General,0,0,Puçol,l'Horta Nord,Valencia,0,3358,5k,Comunitat Valenciana
mychip,1ª Prueba de Copa de MN FEMECV 2026,2026-03-07,Sábado,10.78,marcha,Absoluta/General,27,42,Crevillent,,Alicante,0,3343,Absoluta  FEMECV,Valencian Community
mychip,1ª Prueba de Copa de MN FEMECV 2026,2026-03-07,Sábado,5.66,marcha,Infantil,1,3,Crevillent,,Alicante,0,3343,Infantil FEMECV,Valencian Community
mychip,1ª Prueba de Copa de MN FEMECV 2026,2026-03-07,Sábado,5.66,marcha,Cadete/Juvenil,3,1,Crevillent,,Alicante,0,3343,Cadete FEMECV,Valencian Community
mychip,1ª Prueba de Copa de MN FEMECV 2026,2026-03-07,Sábado,3.1,marcha,Infantil,2,1,Crevillent,,Alicante,0,3343,Alevín FEMECV,Valencian Community
mychip,1ª Prueba de Copa de MN FEMECV 2026,2026-03-07,Sábado,1.1,marcha,Infantil,0,2,Crevillent,,Alicante,0,3343,Benjamín FEMECV,Valencian Community
mychip,1ª Prueba de Copa de MN FEMECV 2026,2026-03-07,Sábado,1.1,marcha,Infantil,1,0,Crevillent,,Alicante,0,3343,Prebenjamín  FEMECV,Valencian Community
mychip,1ª Prueba de Copa de MN FEMECV 2026,2026-03-07,Sábado,8.22,marcha,Absoluta/General,8,3,Crevillent,,Alicante,0,3343,Promo,Valencian Community
mychip,"XIII Carrera de la Mola, Novelda",2026-03-01,Domingo,18.0,trail running,Absoluta/General,43,203,Novelda,el Vinalopó Mitjà / El Vinalopó Medio,Alicante,0,3319,Corredor,Comunitat Valenciana
mychip,"XIII Carrera de la Mola, Novelda",2026-03-01,Domingo,15.0,trail running,Absoluta/General,102,126,Novelda,el Vinalopó Mitjà / El Vinalopó Medio,Alicante,0,3319,Senderista,Comunitat Valenciana
mychip,Trail Marines Vell 2026,2026-03-01,Domingo,21.0,trail running,Absoluta/General,49,238,Colonia La Marinense,,Valencia,0,3320,21k,Valencian Community
mychip,Trail Marines Vell 2026,2026-03-01,Domingo,7.0,trail running,Absoluta/General,106,102,Colonia La Marinense,,Valencia,0,3320,7k,Valencian Community
mychip,"IV ATZAVARES TRAIL, ORBA-VALL LAGUAR, CTM 25/26",2026-02-28,Sábado,23.7,trail running,Absoluta/General,35,85,Orba,la Marina Alta,Alicante,0,3275,"24k, Mitjes CTM",Comunitat Valenciana
mychip,"IV ATZAVARES TRAIL, ORBA-VALL LAGUAR, CTM 25/26",2026-02-28,Sábado,14.0,trail running,Absoluta/General,84,179,Orba,la Marina Alta,Alicante,0,3275,"Sprint Trail, Sprint CTM",Comunitat Valenciana
mychip,"Trail les Creus 26, Tavernes de la Valldigna, LLiga de Muntanya València Sud, 25/26",2026-02-28,Sábado,22.6,trail running,Absoluta/General,22,158,Tavernes De La Valldigna,,Valencia,0,3287,"22k, LMVS Mitjes",Valencian Community
mychip,"Trail les Creus 26, Tavernes de la Valldigna, LLiga de Muntanya València Sud, 25/26",2026-02-28,Sábado,11.5,trail running,Absoluta/General,78,239,Tavernes De La Valldigna,,Valencia,0,3287,"11,5k, LMVS SPRINT",Valencian Community
mychip,"Trail les Creus 26, Tavernes de la Valldigna, LLiga de Muntanya València Sud, 25/26",2026-02-28,Sábado,9.2,trail running,Absoluta/General,50,31,Tavernes De La Valldigna,,Valencia,0,3287,Sender,Valencian Community
mychip,"Invernal CONFRIDES - AITANA, 2026",2026-02-22,Domingo,20.1,trail running,Absoluta/General,46,185,Confrides,,Alicante,0,3298,Trail 20k,Valencian Community
mychip,"Invernal CONFRIDES - AITANA, 2026",2026-02-22,Domingo,14.2,trail running,Absoluta/General,26,88,Confrides,,Alicante,0,3298,"14k, Mini trail & Sender",Valencian Community
mychip,"SPRINT TRAIL& ECO MARCHA COLEGIO SANTA ANA SR Sport & Training, 2026",2026-02-22,Domingo,11.0,trail running,Absoluta/General,107,228,Alcoy/alcoi,,Alicante,0,3317,Sprint Trail solidario,Valencian Community
mychip,"SPRINT TRAIL& ECO MARCHA COLEGIO SANTA ANA SR Sport & Training, 2026",2026-02-22,Domingo,11.0,trail running,Absoluta/General,90,39,Alcoy/alcoi,,Alicante,0,3317,Senderista,Valencian Community
mychip,"SPRINT TRAIL& ECO MARCHA COLEGIO SANTA ANA SR Sport & Training, 2026",2026-02-22,Domingo,11.0,trail running,Absoluta/General,6,4,Alcoy/alcoi,,Alicante,0,3317,Marcha Nordica,Valencian Community
mychip,"SPRINT TRAIL& ECO MARCHA COLEGIO SANTA ANA SR Sport & Training, 2026",2026-02-22,Domingo,4.0,trail running,Absoluta/General,0,0,Alcoy/alcoi,,Alicante,0,3317,Eco Marcha,Valencian Community
mychip,"SPRINT TRAIL& ECO MARCHA COLEGIO SANTA ANA SR Sport & Training, 2026",2026-02-22,Domingo,0.0,trail running,Otros,0,0,Alcoy/alcoi,,Alicante,0,3317,Dorsal 0,Valencian Community
mychip,"2ª Prueba de Liga de CxM FEMECV 2026, La Vall D'Uixó",2026-02-22,Domingo,20.0,trail running,Absoluta/General,31,89,la Vall d'Uixó,la Plana Baixa,Castellón,0,3344,Absoluta Q20 FEMECV,Comunitat Valenciana
mychip,"2ª Prueba de Liga de CxM FEMECV 2026, La Vall D'Uixó",2026-02-22,Domingo,10.0,trail running,Cadete/Juvenil,4,9,la Vall d'Uixó,la Plana Baixa,Castellón,0,3344,Júnior Q10 FEMECV,Comunitat Valenciana
mychip,"2ª Prueba de Liga de CxM FEMECV 2026, La Vall D'Uixó",2026-02-22,Domingo,10.0,trail running,Cadete/Juvenil,3,7,la Vall d'Uixó,la Plana Baixa,Castellón,0,3344,Juvenil Q10 FEMECV,Comunitat Valenciana
mychip,"2ª Prueba de Liga de CxM FEMECV 2026, La Vall D'Uixó",2026-02-22,Domingo,10.0,trail running,Cadete/Juvenil,5,12,la Vall d'Uixó,la Plana Baixa,Castellón,0,3344,Cadete Q10 FEMECV,Comunitat Valenciana
mychip,"2ª Prueba de Liga de CxM FEMECV 2026, La Vall D'Uixó",2026-02-22,Domingo,6.8,trail running,Infantil,5,7,la Vall d'Uixó,la Plana Baixa,Castellón,0,3344,Infantil Q10 FEMECV,Comunitat Valenciana
mychip,"2ª Prueba de Liga de CxM FEMECV 2026, La Vall D'Uixó",2026-02-22,Domingo,20.0,trail running,Otros,0,0,la Vall d'Uixó,la Plana Baixa,Castellón,0,3344,Invidentes Q20 FEMECV,Comunitat Valenciana
mychip,"2ª Prueba de Liga de CxM FEMECV 2026, La Vall D'Uixó",2026-02-22,Domingo,10.0,trail running,Absoluta/General,16,65,la Vall d'Uixó,la Plana Baixa,Castellón,0,3344,Q10 Open,Comunitat Valenciana
mychip,"2ª Prueba de Liga de CxM FEMECV 2026, La Vall D'Uixó",2026-02-22,Domingo,10.0,trail running,Absoluta/General,27,66,la Vall d'Uixó,la Plana Baixa,Castellón,0,3344,Campeonato Universitario,Comunitat Valenciana
mychip,"11ª VMLL Volta Muntanya de Llaurí, Lliga de Muntanya València Sud. 25/26",2026-02-21,Sábado,16.0,trail running,Absoluta/General,30,120,Llaurí,la Ribera Baixa,Valencia,0,3285,"TRA·LLA, LMVS SPRINT",Comunitat Valenciana
mychip,XIV TRAIL DE MOIXENT,2026-02-21,Sábado,22.0,trail running,Absoluta/General,11,108,Moixent / Mogente,la Costera,Valencia,0,3313,"22k, Trail",Comunitat Valenciana
mychip,XIV TRAIL DE MOIXENT,2026-02-21,Sábado,11.8,trail running,Absoluta/General,63,168,Moixent / Mogente,la Costera,Valencia,0,3313,"12k, Sprint Trail ",Comunitat Valenciana
mychip,"XVI Gegant de Pedra, Ondara, CTM 25/26",2026-02-15,Domingo,20.0,trail running,Absoluta/General,22,106,Ondara,la Marina Alta,Alicante,0,3273,"20k, Mitges CTM",Comunitat Valenciana
mychip,"XVI Gegant de Pedra, Ondara, CTM 25/26",2026-02-15,Domingo,15.0,trail running,Absoluta/General,65,162,Ondara,la Marina Alta,Alicante,0,3273,"Sprint Trail, Sprint CTM",Comunitat Valenciana
mychip,"XVI Gegant de Pedra, Ondara, CTM 25/26",2026-02-15,Domingo,14.6,trail running,Absoluta/General,57,52,Ondara,la Marina Alta,Alicante,0,3273,Sender,Comunitat Valenciana
mychip,"33ª Ruta dels senders, Navarcles",2026-02-15,Domingo,0.0,Ciclismo y btt,Absoluta/General,0,0,Navarcles,,Barcelona,0,3334,Marcha,Catalonia
mychip,"33ª Ruta dels senders, Navarcles",2026-02-15,Domingo,0.0,Ciclismo y btt,Absoluta/General,0,0,Navarcles,,Barcelona,0,3334,Menors,Catalonia
mychip,CARRERA SOLIDARIA UCH 2026.,2026-02-10,Martes,0.0,road running,Absoluta/General,0,0,Alfara Del Patriarca,,Valencia,0,3337,Campus de Alfara del Patriarca Universidad CEU Cardenal Herrera,Valencian Community
mychip,CARRERA SOLIDARIA UCH 2026.,2026-02-10,Martes,0.0,road running,Absoluta/General,0,0,Alfara Del Patriarca,,Valencia,0,3337,Campus de Elche Universidad CEU Cardenal Herrera,Valencian Community
mychip,CARRERA SOLIDARIA UCH 2026.,2026-02-10,Martes,0.0,road running,Otros,0,0,Alfara Del Patriarca,,Valencia,0,3337,DORSAL 0,Valencian Community
mychip,"XIII Mitja Marató Ocaive, Pedreguer, CTM 25/26",2026-02-08,Domingo,22.4,trail running,Absoluta/General,21,84,Pedreguer,,Alicante,0,3274,"22k, Mitjes CTM",Valencian Community
mychip,"XIII Mitja Marató Ocaive, Pedreguer, CTM 25/26",2026-02-08,Domingo,14.7,trail running,Absoluta/General,67,142,Pedreguer,,Alicante,0,3274,"Sprint Trail, Sprint CTM",Valencian Community
mychip,"XIII Mitja Marató Ocaive, Pedreguer, CTM 25/26",2026-02-08,Domingo,13.0,trail running,Absoluta/General,20,21,Pedreguer,,Alicante,0,3274,Sender,Valencian Community
mychip,XV Almenara Xtrem,2026-02-08,Domingo,16.8,trail running,Absoluta/General,29,182,Almenara,la Plana Baixa,Castellón,0,3314,"Xtrem Almenara, 16,8k",Comunitat Valenciana
mychip,XV Almenara Xtrem,2026-02-08,Domingo,8.0,trail running,Absoluta/General,121,114,Almenara,la Plana Baixa,Castellón,0,3314,Marxa 8k,Comunitat Valenciana
mychip,"V Simat trail, Simat de la Valldigna, LLiga de Muntanya València Sud, 25/26",2026-02-07,Sábado,22.0,trail running,Absoluta/General,16,121,Simat de la Valldigna,la Safor,Valencia,0,3286,"22k, LMVS Mitjes",Comunitat Valenciana
mychip,"V Simat trail, Simat de la Valldigna, LLiga de Muntanya València Sud, 25/26",2026-02-07,Sábado,12.0,trail running,Absoluta/General,36,129,Simat de la Valldigna,la Safor,Valencia,0,3286,"12k, LMVS SPRINT",Comunitat Valenciana
mychip,"V Simat trail, Simat de la Valldigna, LLiga de Muntanya València Sud, 25/26",2026-02-07,Sábado,11.0,trail running,Absoluta/General,49,29,Simat de la Valldigna,la Safor,Valencia,0,3286,Sender,Comunitat Valenciana
mychip,X TOMACA TRAIL,2026-02-07,Sábado,21.0,trail running,Absoluta/General,4,47,Alginet,,Valencia,0,3315,21k,Valencian Community
mychip,X TOMACA TRAIL,2026-02-07,Sábado,10.0,trail running,Absoluta/General,33,109,Alginet,,Valencia,0,3315,10k,Valencian Community
mychip,X TOMACA TRAIL,2026-02-07,Sábado,10.0,trail running,Absoluta/General,88,63,Alginet,,Valencia,0,3315,Sender 10k,Valencian Community
mychip,"XIII TRAIL UMBRÍA – LA PLANA, Enguera",2026-02-01,Domingo,20.0,trail running,Absoluta/General,8,65,Enguera,La Canal de Navarrés,Valencia,0,3252,"Trail 20,5k, 1500m/+",Comunitat Valenciana
mychip,"XIII TRAIL UMBRÍA – LA PLANA, Enguera",2026-02-01,Domingo,10.0,trail running,Absoluta/General,23,92,Enguera,La Canal de Navarrés,Valencia,0,3252,"Speed trail 10,5km, 800m/+",Comunitat Valenciana
mychip,"XIII TRAIL UMBRÍA – LA PLANA, Enguera",2026-02-01,Domingo,10.0,trail running,Absoluta/General,77,65,Enguera,La Canal de Navarrés,Valencia,0,3252,Marcha Senderista,Comunitat Valenciana
mychip,XXVI MARXA DE MUNTANYA “SANT SEBASTIÀ” DE LA VILAVELLA,2026-02-01,Domingo,17.0,trail running,Absoluta/General,73,319,la Vilavella,la Plana Baixa,Castellón,0,3302,17k,Comunitat Valenciana
mychip,XXVI MARXA DE MUNTANYA “SANT SEBASTIÀ” DE LA VILAVELLA,2026-02-01,Domingo,11.0,trail running,Absoluta/General,121,184,la Vilavella,la Plana Baixa,Castellón,0,3302,11k,Comunitat Valenciana
mychip,Granadella Trail 2026,2026-02-01,Domingo,14.0,trail running,Absoluta/General,149,254,Xàbia / Jávea,la Marina Alta,Alicante,0,3305,Sprint Trail 14k,Comunitat Valenciana
mychip,Granadella Trail 2026,2026-02-01,Domingo,21.0,trail running,Absoluta/General,90,251,Xàbia / Jávea,la Marina Alta,Alicante,0,3305,"21K, Media Maratón",Comunitat Valenciana
mychip,Granadella Trail 2026,2026-02-01,Domingo,5.65,trail running,Absoluta/General,28,24,Xàbia / Jávea,la Marina Alta,Alicante,0,3305,"5K, Short trail",Comunitat Valenciana
mychip,Granadella Trail 2026,2026-02-01,Domingo,0.0,trail running,Infantil,0,0,Xàbia / Jávea,la Marina Alta,Alicante,0,3305,Menores,Comunitat Valenciana
mychip,"1ª Prueba de Liga de CxM FEMECV 2026, Ròtova",2026-02-01,Domingo,18.5,trail running,Absoluta/General,41,100,Ròtova,la Safor,Valencia,0,3329,Absoluta 21k FEDME,Comunitat Valenciana
mychip,"1ª Prueba de Liga de CxM FEMECV 2026, Ròtova",2026-02-01,Domingo,12.0,trail running,Cadete/Juvenil,6,7,Ròtova,la Safor,Valencia,0,3329,Júnior FEDME,Comunitat Valenciana
mychip,"1ª Prueba de Liga de CxM FEMECV 2026, Ròtova",2026-02-01,Domingo,12.0,trail running,Cadete/Juvenil,3,7,Ròtova,la Safor,Valencia,0,3329,Juvenil FEDME,Comunitat Valenciana
mychip,"1ª Prueba de Liga de CxM FEMECV 2026, Ròtova",2026-02-01,Domingo,12.0,trail running,Cadete/Juvenil,5,11,Ròtova,la Safor,Valencia,0,3329,Cadete FEDME,Comunitat Valenciana
mychip,"1ª Prueba de Liga de CxM FEMECV 2026, Ròtova",2026-02-01,Domingo,9.0,trail running,Infantil,3,6,Ròtova,la Safor,Valencia,0,3329,Infantil FEDME,Comunitat Valenciana
mychip,"1ª Prueba de Liga de CxM FEMECV 2026, Ròtova",2026-02-01,Domingo,18.5,trail running,Otros,0,0,Ròtova,la Safor,Valencia,0,3329,"Invidentes, FEDME",Comunitat Valenciana
mychip,"IX Trail Monte Ponoig, Polop de la Marina, CTM 25/26",2026-01-25,Domingo,24.0,trail running,Absoluta/General,30,103,Polop,,Alicante,0,3272,"24k Ponoig, Mitjes CTM",Valencian Community
mychip,"IX Trail Monte Ponoig, Polop de la Marina, CTM 25/26",2026-01-25,Domingo,16.0,trail running,Absoluta/General,66,170,Polop,,Alicante,0,3272,"Sprint Trail Ponoig, Sprint CTM",Valencian Community
mychip,"IX Trail Monte Ponoig, Polop de la Marina, CTM 25/26",2026-01-25,Domingo,10.0,trail running,Absoluta/General,42,40,Polop,,Alicante,0,3272,Sender Ponoig,Valencian Community
mychip,"VII ALMÈDIA TRAIL, CALLOSA D'EN SARRIÀ, CTM 25/26",2026-01-18,Domingo,22.0,trail running,Absoluta/General,23,91,Callosa d'en Sarrià,la Marina Baixa,Alicante,0,3271,"Almèdia Trail, Mitjes CTM",Comunitat Valenciana
mychip,"VII ALMÈDIA TRAIL, CALLOSA D'EN SARRIÀ, CTM 25/26",2026-01-18,Domingo,15.0,trail running,Absoluta/General,82,202,Callosa d'en Sarrià,la Marina Baixa,Alicante,0,3271,"Sprint Trail Almèdia, Sprint CTM",Comunitat Valenciana
mychip,"VII ALMÈDIA TRAIL, CALLOSA D'EN SARRIÀ, CTM 25/26",2026-01-18,Domingo,12.5,trail running,Absoluta/General,41,32,Callosa d'en Sarrià,la Marina Baixa,Alicante,0,3271,Sender,Comunitat Valenciana
mychip,"VII ALMÈDIA TRAIL, CALLOSA D'EN SARRIÀ, CTM 25/26",2026-01-18,Domingo,0.0,trail running,Infantil,0,0,Callosa d'en Sarrià,la Marina Baixa,Alicante,0,3271,Menores de 12 años,Comunitat Valenciana
mychip,"SERRALADES DE BARXETA - MABU, 2026, LLiga de Muntanya València Sud, 25/26",2026-01-18,Domingo,42.0,trail running,Absoluta/General,10,75,Barxeta,la Costera,Valencia,0,3284,42k,Comunitat Valenciana
mychip,"SERRALADES DE BARXETA - MABU, 2026, LLiga de Muntanya València Sud, 25/26",2026-01-18,Domingo,20.5,trail running,Absoluta/General,34,176,Barxeta,la Costera,Valencia,0,3284,"20k, LMVS Mitjes",Comunitat Valenciana
mychip,"SERRALADES DE BARXETA - MABU, 2026, LLiga de Muntanya València Sud, 25/26",2026-01-18,Domingo,12.5,trail running,Absoluta/General,101,247,Barxeta,la Costera,Valencia,0,3284,"12k, LMVS SPRINT",Comunitat Valenciana
mychip,"SERRALADES DE BARXETA - MABU, 2026, LLiga de Muntanya València Sud, 25/26",2026-01-18,Domingo,12.0,trail running,Absoluta/General,94,86,Barxeta,la Costera,Valencia,0,3284,Sender,Comunitat Valenciana
mychip,1ª Prueba de Liga Infantil de Escalada - Jocs Esportius FEMECV 2026,2026-01-18,Domingo,0.0,Otros,Absoluta/General,0,0,Benissa,la Marina Alta,Alicante,0,3340,LIE,Comunitat Valenciana
mychip,1ª Prueba de Copa de Escalada en Bloque FEMECV 2026,2026-01-17,Sábado,0.0,Otros,Absoluta/General,0,0,Benissa,la Marina Alta,Alicante,0,3338,Copa Bloque,Comunitat Valenciana
mychip,1ª Copa de Escalada Jocs Esportius FEMECV 2026,2026-01-17,Sábado,0.0,Otros,Absoluta/General,0,0,Benissa,la Marina Alta,Alicante,0,3339,Copa Escalada,Comunitat Valenciana
mychip,San Silvestre Vallera 2025,2025-12-31,Miércoles,2.0,road running,Absoluta/General,0,0,La Vall D'uixó,,Castellón,0,3324,San Silvestre,Valencian Community
mychip,"XVI Sant Silvestre Algemesí,  2025",2025-12-30,Martes,2.0,road running,Absoluta/General,0,0,Algemesí,,Valencia,0,3327,Sant Silvestre,Valencian Community
mychip,IX SAN SILVESTRE DE CULLERA,2025-12-28,Domingo,0.0,road running,Absoluta/General,0,0,Cullera,la Ribera Baixa,Valencia,0,3326,San Silvestre,Comunitat Valenciana
mychip,"XII San Silvestre, Altea 2025",2025-12-27,Sábado,4.0,road running,Absoluta/General,198,242,Altea,la Marina Baixa,Alicante,0,3312,4k,Comunitat Valenciana
mychip,"XII San Silvestre, Altea 2025",2025-12-27,Sábado,4.0,road running,Absoluta/General,0,0,Altea,la Marina Baixa,Alicante,0,3312,Marcha Nórdica,Comunitat Valenciana
mychip,"XII San Silvestre, Altea 2025",2025-12-27,Sábado,0.0,road running,Infantil,0,0,Altea,la Marina Baixa,Alicante,0,3312,Menores (0-15 años),Comunitat Valenciana
mychip,"XII San Silvestre, Altea 2025",2025-12-27,Sábado,4.0,road running,Absoluta/General,0,0,Altea,la Marina Baixa,Alicante,0,3312,Caminata popular,Comunitat Valenciana
mychip,XIV Trail Muntanya de Vallada,2025-12-21,Domingo,22.0,trail running,Absoluta/General,37,178,Vallada,,Valencia,0,3299,Trail 22k,Valencian Community
mychip,XIV Trail Muntanya de Vallada,2025-12-21,Domingo,10.0,trail running,Absoluta/General,72,219,Vallada,,Valencia,0,3299,Sprint Trail 10k,Valencian Community
mychip,41 CARRERA POPULAR CAIXABANK VILLA DE ARANJUEZ,2025-12-21,Domingo,10.0,road running,Absoluta/General,1102,2493,Aranjuez,,Comunidad de Madrid,0,3304,10k,Comunidad de Madrid
mychip,41 CARRERA POPULAR CAIXABANK VILLA DE ARANJUEZ,2025-12-21,Domingo,0.0,road running,Infantil,0,0,Aranjuez,,Comunidad de Madrid,0,3304,Menores 2010 al 2020,Comunidad de Madrid
mychip,41 CARRERA POPULAR CAIXABANK VILLA DE ARANJUEZ,2025-12-21,Domingo,0.0,road running,Infantil,0,0,Aranjuez,,Comunidad de Madrid,0,3304,Chupetines 2021 al 2025,Comunidad de Madrid
mychip,41 CARRERA POPULAR CAIXABANK VILLA DE ARANJUEZ,2025-12-21,Domingo,0.425,road running,Absoluta/General,0,0,Aranjuez,,Comunidad de Madrid,0,3304,Diversidad,Comunidad de Madrid
mychip,XXXV San Silvestre Monovera,2025-12-21,Domingo,5.0,road running,Infantil,161,332,Monòver / Monóvar,el Vinalopó Mitjà / El Vinalopó Medio,Alicante,0,3309,5k +14 AÑOS,Comunitat Valenciana
mychip,XXXV San Silvestre Monovera,2025-12-21,Domingo,5.0,road running,Absoluta/General,88,16,Monòver / Monóvar,el Vinalopó Mitjà / El Vinalopó Medio,Alicante,0,3309,Marcha no competitiva,Comunitat Valenciana
mychip,XXXV San Silvestre Monovera,2025-12-21,Domingo,1.4,road running,Infantil,20,23,Monòver / Monóvar,el Vinalopó Mitjà / El Vinalopó Medio,Alicante,0,3309,11 A 13 AÑOS,Comunitat Valenciana
mychip,XXXV San Silvestre Monovera,2025-12-21,Domingo,0.8,road running,Infantil,24,49,Monòver / Monóvar,el Vinalopó Mitjà / El Vinalopó Medio,Alicante,0,3309,8 A 10 AÑOS,Comunitat Valenciana
mychip,XXXV San Silvestre Monovera,2025-12-21,Domingo,0.4,road running,Infantil,20,31,Monòver / Monóvar,el Vinalopó Mitjà / El Vinalopó Medio,Alicante,0,3309,De 6 a 7 años,Comunitat Valenciana
mychip,XXXV San Silvestre Monovera,2025-12-21,Domingo,0.4,road running,Infantil,32,44,Monòver / Monóvar,el Vinalopó Mitjà / El Vinalopó Medio,Alicante,0,3309,HASTA 5 AÑOS,Comunitat Valenciana
mychip,X Trail Xeresa Monduver. Lliga de Muntanya València Sud. 25/26,2025-12-20,Sábado,22.0,trail running,Absoluta/General,20,129,Xeresa,la Safor,Valencia,0,3283,"21k, LMVS Mitjes",Comunitat Valenciana
mychip,X Trail Xeresa Monduver. Lliga de Muntanya València Sud. 25/26,2025-12-20,Sábado,11.0,trail running,Absoluta/General,68,180,Xeresa,la Safor,Valencia,0,3283,"11k, LMVS SPRINT",Comunitat Valenciana
mychip,"XXI TRAIL SERRA D'OLTÀ, CALP, CTM 25/26",2025-12-14,Domingo,22.0,trail running,Absoluta/General,18,87,Calp,la Marina Alta,Alicante,0,3270,"MM Oltà, Mitjes CTM 25/26",Comunitat Valenciana
mychip,"XXI TRAIL SERRA D'OLTÀ, CALP, CTM 25/26",2025-12-14,Domingo,14.0,trail running,Absoluta/General,65,154,Calp,la Marina Alta,Alicante,0,3270,"Sprint Trail la Mola, Sprint CTM",Comunitat Valenciana
mychip,"XXI TRAIL SERRA D'OLTÀ, CALP, CTM 25/26",2025-12-14,Domingo,14.0,trail running,Absoluta/General,39,37,Calp,la Marina Alta,Alicante,0,3270,Marxa la Mola,Comunitat Valenciana
mychip,XIX CARRERA POR MONTAÑA Y MARCHA A PIÉ SERRA DEL COTO,2025-12-14,Domingo,23.0,trail running,Absoluta/General,32,159,Monòver / Monóvar,el Vinalopó Mitjà / El Vinalopó Medio,Alicante,0,3300,"23k, TRAIL",Comunitat Valenciana
mychip,XIX CARRERA POR MONTAÑA Y MARCHA A PIÉ SERRA DEL COTO,2025-12-14,Domingo,14.0,trail running,Absoluta/General,115,212,Monòver / Monóvar,el Vinalopó Mitjà / El Vinalopó Medio,Alicante,0,3300,14k TRAIL & SENDER,Comunitat Valenciana
mychip,Tombatossals 2025,2025-12-14,Domingo,21.0,road running,Absoluta/General,0,0,Castelló De La Plana,,Castellón,0,3335,21k,Valencian Community
mychip,Tombatossals 2025,2025-12-14,Domingo,11.0,road running,Absoluta/General,0,0,Castelló De La Plana,,Castellón,0,3335,11k,Valencian Community
mychip,XIV Carrera por Montaña Sierra de Chiva.,2025-12-06,Sábado,61.0,trail running,Absoluta/General,11,64,Chiva,La Hoya de Buñol,Valencia,0,3288,61k,Comunitat Valenciana
mychip,XIV Carrera por Montaña Sierra de Chiva.,2025-12-06,Sábado,35.0,trail running,Absoluta/General,17,90,Chiva,La Hoya de Buñol,Valencia,0,3288,35k,Comunitat Valenciana
mychip,XIV Carrera por Montaña Sierra de Chiva.,2025-12-06,Sábado,14.0,trail running,Absoluta/General,54,158,Chiva,La Hoya de Buñol,Valencia,0,3288,14k,Comunitat Valenciana
mychip,V San Silvestre La sonrisa de José.,2025-12-06,Sábado,9.0,trail running,Absoluta/General,0,0,Liétor,,Castilla-La Mancha,0,3307,"9k, Trail corto",Castilla-La Mancha
mychip,V San Silvestre La sonrisa de José.,2025-12-06,Sábado,1.0,trail running,Absoluta/General,0,0,Liétor,,Castilla-La Mancha,0,3307,"1k, disfraces",Castilla-La Mancha
mychip,V San Silvestre La sonrisa de José.,2025-12-06,Sábado,0.0,trail running,Absoluta/General,0,0,Liétor,,Castilla-La Mancha,0,3307,Camiseta conmemorativa,Castilla-La Mancha
mychip,V San Silvestre La sonrisa de José.,2025-12-06,Sábado,0.0,trail running,Otros,0,0,Liétor,,Castilla-La Mancha,0,3307,Dorsal 0 a favor de NIÑOS CON CÁNCER AFANIÓN,Castilla-La Mancha
mychip,11 Trail el Ventós,2025-11-30,Domingo,16.0,trail running,Absoluta/General,27,93,Agost,,Alicante,0,3253,Trail 16k,Valencian Community
mychip,11 Trail el Ventós,2025-11-30,Domingo,8.0,trail running,Absoluta/General,17,15,Agost,,Alicante,0,3253,Sender 8k,Valencian Community
mychip,"XI TRAIL TRES TOSSALS, GATA DE GORGOS, CTM 25/26",2025-11-30,Domingo,21.0,trail running,Absoluta/General,30,83,Gata De Gorgos,,Alicante,0,3269,"20.5k, tres Tossals, Mitjes CTM",Valencian Community
mychip,"XI TRAIL TRES TOSSALS, GATA DE GORGOS, CTM 25/26",2025-11-30,Domingo,16.3,trail running,Absoluta/General,60,154,Gata De Gorgos,,Alicante,0,3269,"Sprint Tres Tossals, CTM",Valencian Community
mychip,"XI TRAIL TRES TOSSALS, GATA DE GORGOS, CTM 25/26",2025-11-30,Domingo,16.3,trail running,Absoluta/General,15,23,Gata De Gorgos,,Alicante,0,3269,Sender 16K,Valencian Community
mychip,"9e Trail Senglars, La Mola Extrem, Favara, Lliga de Muntanya València Sud. 25/26",2025-11-30,Domingo,14.0,trail running,Absoluta/General,41,231,Favara,,Valencia,0,3282,"Mola Xtrem, LMVS SPRINT",Valencian Community
mychip,"XXIV MITJA MARATÓ SAMARUC, 2025, Algemesí",2025-11-23,Domingo,21.097,road running,Absoluta/General,39,300,Algemesí,,Valencia,0,3263,Media Maratón,Valencian Community
mychip,"VALLDIGNA EXTREM, 2025 Marxa senderista",2025-11-22,Sábado,40.0,road running,Absoluta/General,0,0,Tavernes De La Valldigna,,Valencia,0,3297,VEX,Valencian Community
mychip,Mou-te per la MPOC,2025-11-16,Domingo,5.0,road running,Equipos,0,0,Sueca,,Valencia,0,3311,Contrarellotge Equips,Valencian Community
mychip,Mou-te per la MPOC,2025-11-16,Domingo,5.0,marcha,Absoluta/General,0,0,Sueca,,Valencia,0,3311,Caminata,Valencian Community
mychip,"TIERRA DE FRONTERAS 2025, GRAVEL & BTT, HELLIN",2025-11-09,Domingo,132.0,Ciclismo y btt,Absoluta/General,0,0,Hellín,,Castilla-La Mancha,0,3264,Gravel 132k,Castilla-La Mancha
mychip,"TIERRA DE FRONTERAS 2025, GRAVEL & BTT, HELLIN",2025-11-09,Domingo,87.0,Ciclismo y btt,Absoluta/General,0,0,Hellín,,Castilla-La Mancha,0,3264,Gravel 87k,Castilla-La Mancha
mychip,"TIERRA DE FRONTERAS 2025, GRAVEL & BTT, HELLIN",2025-11-09,Domingo,87.0,Ciclismo y btt,Absoluta/General,0,0,Hellín,,Castilla-La Mancha,0,3264,BTT 87k,Castilla-La Mancha
mychip,3ª Copa de Escalada en Bloque FEMECV 2025.- Benissa,2025-11-08,Sábado,0.0,Otros,Absoluta/General,0,0,Benissa,la Marina Alta,Alicante,0,3303,Copa Escalada,Comunitat Valenciana
mychip,"EVENTO CANCELADO!!!, Campament Trail SERRA MARIOLA, Alfafara",2025-11-07,Viernes,0.0,trail running,Absoluta/General,0,0,Alfafara,el Comtat,Alicante,0,3291,Campament Trail,Comunitat Valenciana
mychip,X Trail de Buñol,2025-11-02,Domingo,21.0,trail running,Absoluta/General,19,149,Buñol,La Hoya de Buñol,Valencia,0,3265,Trail Largo,Comunitat Valenciana
mychip,X Trail de Buñol,2025-11-02,Domingo,12.0,trail running,Absoluta/General,93,252,Buñol,La Hoya de Buñol,Valencia,0,3265,Trail Corto,Comunitat Valenciana
mychip,X Trail de Buñol,2025-11-02,Domingo,9.0,trail running,Absoluta/General,0,0,Buñol,La Hoya de Buñol,Valencia,0,3265,Caminata 8k,Comunitat Valenciana
mychip,"VII BÈRNIA MOSCATELL TRAIL, XALÓ, CTM 25/26",2025-11-02,Domingo,21.0,trail running,Absoluta/General,22,93,Xaló,la Marina Alta,Alicante,0,3268,"BX BMT TRAIL 21km, Mitjes CTM",Comunitat Valenciana
mychip,"VII BÈRNIA MOSCATELL TRAIL, XALÓ, CTM 25/26",2025-11-02,Domingo,15.0,trail running,Absoluta/General,109,199,Xaló,la Marina Alta,Alicante,0,3268,"BX BMT EXPRESS 15Km, Sprint CTM",Comunitat Valenciana
mychip,"VII BÈRNIA MOSCATELL TRAIL, XALÓ, CTM 25/26",2025-11-02,Domingo,15.0,trail running,Absoluta/General,42,28,Xaló,la Marina Alta,Alicante,0,3268,BX BMT SENDERISTA 15Km,Comunitat Valenciana
mychip,"5K Associació de Festes de la Mare de Déu del Roser, IV Circuit Carreres Populars Ciutat de la Vall D'Uixó 2025",2025-11-01,Sábado,6.0,road running,Absoluta/General,39,70,La Vall D'uixó,,Castellón,0,3225,6k,Valencian Community
mychip,"11a  Pujada a la Penya Migjorn, Xixona",2025-11-01,Sábado,41.0,trail running,Absoluta/General,5,30,Jijona/xixona,,Alicante,0,3261,Maratón,Valencian Community
mychip,"11a  Pujada a la Penya Migjorn, Xixona",2025-11-01,Sábado,23.0,trail running,Absoluta/General,16,77,Jijona/xixona,,Alicante,0,3261,Trail 23k,Valencian Community
mychip,"11a  Pujada a la Penya Migjorn, Xixona",2025-11-01,Sábado,15.0,trail running,Absoluta/General,53,132,Jijona/xixona,,Alicante,0,3261,Sprint Trail 15k,Valencian Community
mychip,"11a  Pujada a la Penya Migjorn, Xixona",2025-11-01,Sábado,11.0,trail running,Absoluta/General,24,28,Jijona/xixona,,Alicante,0,3261,Sender,Valencian Community
mychip,XX FONS i III MINI FONS DE LA TARDOR.,2025-10-26,Domingo,24.0,trail running,Absoluta/General,17,94,la Vall d'Uixó,la Plana Baixa,Castellón,0,3259,Gran Fons,Comunitat Valenciana
mychip,XX FONS i III MINI FONS DE LA TARDOR.,2025-10-26,Domingo,12.0,trail running,Absoluta/General,68,158,la Vall d'Uixó,la Plana Baixa,Castellón,0,3259,MINI FONS,Comunitat Valenciana
mychip,Trail de Bocairent 25,2025-10-26,Domingo,23.0,trail running,Absoluta/General,18,106,Bocairent,,Valencia,0,3294,Trail Llarg 23k,Valencian Community
mychip,Trail de Bocairent 25,2025-10-26,Domingo,12.0,trail running,Absoluta/General,62,167,Bocairent,,Valencia,0,3294,Sprint Trail 13k,Valencian Community
mychip,Trail de Bocairent 25,2025-10-26,Domingo,11.0,trail running,Absoluta/General,156,136,Bocairent,,Valencia,0,3294,Sender,Valencian Community
mychip,14a. BAJADA SOLIDARIA CREVILLENT - EL REALENGO - ALANNIA COSTA BLANCA RESORT,2025-10-19,Domingo,11.0,trail running,Absoluta/General,80,127,Crevillent,el Baix Vinalopó,Alicante,0,3290,Corredores,Comunitat Valenciana
mychip,14a. BAJADA SOLIDARIA CREVILLENT - EL REALENGO - ALANNIA COSTA BLANCA RESORT,2025-10-19,Domingo,11.0,trail running,Absoluta/General,5,6,Crevillent,el Baix Vinalopó,Alicante,0,3290,Nórdica,Comunitat Valenciana
mychip,14a. BAJADA SOLIDARIA CREVILLENT - EL REALENGO - ALANNIA COSTA BLANCA RESORT,2025-10-19,Domingo,11.0,trail running,Absoluta/General,0,0,Crevillent,el Baix Vinalopó,Alicante,0,3290,Senderista,Comunitat Valenciana
mychip,14a. BAJADA SOLIDARIA CREVILLENT - EL REALENGO - ALANNIA COSTA BLANCA RESORT,2025-10-19,Domingo,0.0,trail running,Otros,0,0,Crevillent,el Baix Vinalopó,Alicante,0,3290,Dorsal 0,Comunitat Valenciana
mychip,"Alicante para la lucha contra el cáncer, sede local de Agost, 2025",2025-10-19,Domingo,4.0,Otros,Absoluta/General,0,0,Agost,l'Alacantí,Alicante,0,3308,Yo lucho contra el Cáncer,Comunitat Valenciana
mychip,"Alicante para la lucha contra el cáncer, sede local de Agost, 2025",2025-10-19,Domingo,0.0,Otros,Otros,0,0,Agost,l'Alacantí,Alicante,0,3308,Dorsal 0,Comunitat Valenciana
mychip,CARRERA VIRTUAL AVT 2025,2025-10-18,Sábado,0.0,road running,Absoluta/General,0,0,Madrid,,Comunidad de Madrid,0,3254,"10k, Corre o Anda",Comunidad de Madrid
mychip,CARRERA VIRTUAL AVT 2025,2025-10-18,Sábado,0.0,road running,Absoluta/General,0,0,Madrid,,Comunidad de Madrid,0,3254,"5k, Corre o Anda",Comunidad de Madrid
mychip,"II Trail Nocturno Cabeço D'Or, Busot",2025-10-18,Sábado,17.5,trail running,Absoluta/General,29,145,Busot,l'Alacantí,Alicante,0,3266,Trail,Comunitat Valenciana
mychip,"II Trail Nocturno Cabeço D'Or, Busot",2025-10-18,Sábado,17.5,trail running,Absoluta/General,40,45,Busot,l'Alacantí,Alicante,0,3266,Sender,Comunitat Valenciana
mychip,"EVENTO CANCELADO, 1ª LA TRAGACUESTAS (SENDERISMO – TRAIL-RUNNING)",2025-10-12,Domingo,24.0,trail running,Absoluta/General,0,0,Caravaca de la Cruz,,Región de Murcia,0,3293,"Trail 24km, 1100/+",Región de Murcia
mychip,"EVENTO CANCELADO, 1ª LA TRAGACUESTAS (SENDERISMO – TRAIL-RUNNING)",2025-10-12,Domingo,14.0,trail running,Absoluta/General,0,0,Caravaca de la Cruz,,Región de Murcia,0,3293,"Sprint 14km, 500/+",Región de Murcia
mychip,"EVENTO CANCELADO, 1ª LA TRAGACUESTAS (SENDERISMO – TRAIL-RUNNING)",2025-10-12,Domingo,24.0,trail running,Absoluta/General,0,0,Caravaca de la Cruz,,Región de Murcia,0,3293,"Sender 24k, 1100m/+",Región de Murcia
mychip,"EVENTO CANCELADO, 1ª LA TRAGACUESTAS (SENDERISMO – TRAIL-RUNNING)",2025-10-12,Domingo,14.0,trail running,Absoluta/General,0,0,Caravaca de la Cruz,,Región de Murcia,0,3293,"Sender 14k, 500m/+",Región de Murcia
mychip,"EVENTO CANCELADO, 1ª LA TRAGACUESTAS (SENDERISMO – TRAIL-RUNNING)",2025-10-12,Domingo,0.0,trail running,Otros,0,0,Caravaca de la Cruz,,Región de Murcia,0,3293,Dorsal 0,Región de Murcia
mychip,"EVENTO CANCELADO, 1ª LA TRAGACUESTAS (SENDERISMO – TRAIL-RUNNING)",2025-10-12,Domingo,6.0,trail running,Absoluta/General,0,0,Caravaca de la Cruz,,Región de Murcia,0,3293,Caminata 6k,Región de Murcia
mychip,"I trail al Pantà de Tibi, Memoria de Abel Pérez",2025-10-05,Domingo,21.0,trail running,Absoluta/General,8,114,Tibi,l'Alcoià,Alicante,0,3237,20k,Comunitat Valenciana
mychip,"I trail al Pantà de Tibi, Memoria de Abel Pérez",2025-10-05,Domingo,14.0,trail running,Absoluta/General,45,24,Tibi,l'Alcoià,Alicante,0,3237,Sender 14k,Comunitat Valenciana
mychip,"I trail al Pantà de Tibi, Memoria de Abel Pérez",2025-10-05,Domingo,14.0,trail running,Absoluta/General,30,95,Tibi,l'Alcoià,Alicante,0,3237,14k,Comunitat Valenciana
mychip,"V VOLTA ALS PONTS PRO ALZHEIMER, ALCOY",2025-10-05,Domingo,4.8,marcha,Elite,0,0,Alcoy/alcoi,,Alicante,0,3292,Pro-Alzheimer,Valencian Community
mychip,"V VOLTA ALS PONTS PRO ALZHEIMER, ALCOY",2025-10-05,Domingo,4.8,marcha,Infantil,0,0,Alcoy/alcoi,,Alicante,0,3292,DE 0 A 14 AÑOS,Valencian Community
mychip,"V VOLTA ALS PONTS PRO ALZHEIMER, ALCOY",2025-10-05,Domingo,0.0,marcha,Otros,0,0,Alcoy/alcoi,,Alicante,0,3292,Dorsal 0,Valencian Community
mychip,"TRAIL SOLIDARI CIUTAT D’ALCOI, 2025",2025-10-04,Sábado,43.805,trail running,Absoluta/General,21,161,Alcoy/alcoi,,Alicante,41,3229,"Trail Solidari Alcoi, 44km 2334m/+",Valencian Community
mychip,"TRAIL SOLIDARI CIUTAT D’ALCOI, 2025",2025-10-04,Sábado,30.0,trail running,Absoluta/General,111,453,Alcoy/alcoi,,Alicante,228,3229,"Mig Trail Solidari Alcoi, 27km 1280m/+",Valencian Community
mychip,"TRAIL SOLIDARI CIUTAT D’ALCOI, 2025",2025-10-04,Sábado,22.0,trail running,Absoluta/General,479,314,Alcoy/alcoi,,Alicante,0,3229,Marcha Solidaria Alcoi 22km 859m/+,Valencian Community
mychip,"TRAIL SOLIDARI CIUTAT D’ALCOI, 2025",2025-10-04,Sábado,17.0,trail running,Absoluta/General,0,3,Alcoy/alcoi,,Alicante,4,3229,"Jove trail, 17k 741m/+",Valencian Community
mychip,"Campeonato Autonómico de Marcha Nórdica Individual y por Clubs FEMECV 2025, Santa Pola",2025-10-04,Sábado,13.56,marcha,Absoluta/General,29,42,Santa Pola,el Baix Vinalopó,Alicante,0,3289,Absoluta MN ,Comunitat Valenciana
mychip,"Campeonato Autonómico de Marcha Nórdica Individual y por Clubs FEMECV 2025, Santa Pola",2025-10-04,Sábado,7.98,marcha,Cadete/Juvenil,3,4,Santa Pola,el Baix Vinalopó,Alicante,0,3289,Cadete MN,Comunitat Valenciana
mychip,"Campeonato Autonómico de Marcha Nórdica Individual y por Clubs FEMECV 2025, Santa Pola",2025-10-04,Sábado,7.98,marcha,Infantil,0,2,Santa Pola,el Baix Vinalopó,Alicante,0,3289,Infantil MN,Comunitat Valenciana
mychip,"Campeonato Autonómico de Marcha Nórdica Individual y por Clubs FEMECV 2025, Santa Pola",2025-10-04,Sábado,5.1,marcha,Infantil,2,4,Santa Pola,el Baix Vinalopó,Alicante,0,3289,"Alevín, MN",Comunitat Valenciana
mychip,"Campeonato Autonómico de Marcha Nórdica Individual y por Clubs FEMECV 2025, Santa Pola",2025-10-04,Sábado,1.2,marcha,Infantil,0,2,Santa Pola,el Baix Vinalopó,Alicante,0,3289,Benjamín MN,Comunitat Valenciana
mychip,"Campeonato Autonómico de Marcha Nórdica Individual y por Clubs FEMECV 2025, Santa Pola",2025-10-04,Sábado,1.2,marcha,Infantil,1,0,Santa Pola,el Baix Vinalopó,Alicante,0,3289,Prebenjamín MN,Comunitat Valenciana
mychip,"Campeonato Autonómico de Marcha Nórdica Individual y por Clubs FEMECV 2025, Santa Pola",2025-10-04,Sábado,10.77,marcha,Absoluta/General,18,10,Santa Pola,el Baix Vinalopó,Alicante,0,3289,PROMO,Comunitat Valenciana
mychip,"Arrapapedres 2025, Benialí. CTM 25/26",2025-09-28,Domingo,26.0,trail running,Absoluta/General,15,98,Benialí,,Alicante,0,3147,26k,Valencian Community
mychip,"Arrapapedres 2025, Benialí. CTM 25/26",2025-09-28,Domingo,14.0,trail running,Absoluta/General,74,181,Benialí,,Alicante,0,3147,Sprint Trail 14k,Valencian Community
mychip,"Arrapapedres 2025, Benialí. CTM 25/26",2025-09-28,Domingo,14.0,trail running,Absoluta/General,51,36,Benialí,,Alicante,0,3147,14k sender,Valencian Community
mychip,"Campeonato Autonómico de Largo Recorrido, FEMECV 2025, Petrer",2025-09-28,Domingo,56.14,trail running,Absoluta/General,3,20,Petrer,el Vinalopó Mitjà / El Vinalopó Medio,Alicante,0,3228,"56k, FEDME",Comunitat Valenciana
mychip,"Campeonato Autonómico de Largo Recorrido, FEMECV 2025, Petrer",2025-09-28,Domingo,56.14,trail running,Absoluta/General,1,7,Petrer,el Vinalopó Mitjà / El Vinalopó Medio,Alicante,0,3228,OPEN 56k,Comunitat Valenciana
mychip,"Campeonato Autonómico de Largo Recorrido, FEMECV 2025, Petrer",2025-09-28,Domingo,56.14,trail running,Otros,0,0,Petrer,el Vinalopó Mitjà / El Vinalopó Medio,Alicante,0,3228,"Invidentes, FEDME",Comunitat Valenciana
mychip,"Campeonato Autonómico de Largo Recorrido, FEMECV 2025, Petrer",2025-09-28,Domingo,26.0,trail running,Absoluta/General,7,47,Petrer,el Vinalopó Mitjà / El Vinalopó Medio,Alicante,0,3228,Open 26k,Comunitat Valenciana
mychip,"Campeonato Autonómico de Largo Recorrido, FEMECV 2025, Petrer",2025-09-28,Domingo,13.0,trail running,Absoluta/General,72,126,Petrer,el Vinalopó Mitjà / El Vinalopó Medio,Alicante,0,3228,Open 13k & Marcha,Comunitat Valenciana
mychip,"VI BENICATRAIL, Beniatjar 2025",2025-09-28,Domingo,26.0,trail running,Absoluta/General,11,138,Beniatjar,la Vall d'Albaida,Valencia,0,3230,Benicatrail clàssica,Comunitat Valenciana
mychip,"VI BENICATRAIL, Beniatjar 2025",2025-09-28,Domingo,14.0,trail running,Absoluta/General,60,165,Beniatjar,la Vall d'Albaida,Valencia,0,3230,Benicatrail promo,Comunitat Valenciana
mychip,"37ª Selènika Bike Trail 2025, Navarcles",2025-09-28,Domingo,82.0,Ciclismo y btt,Absoluta/General,5,169,Navarcles,,Barcelona,0,3257,Marcha,Catalonia
mychip,"37ª Selènika Bike Trail 2025, Navarcles",2025-09-28,Domingo,58.0,Ciclismo y btt,Absoluta/General,0,20,Navarcles,,Barcelona,0,3257,Menors,Catalonia
mychip,"37ª Selènika Bike Trail 2025, Navarcles",2025-09-28,Domingo,82.0,Ciclismo y btt,Absoluta/General,0,12,Navarcles,,Barcelona,0,3257,Modalidad única,Catalonia
mychip,"37ª Selènika Bike Trail 2025, Navarcles",2025-09-28,Domingo,58.0,Ciclismo y btt,Absoluta/General,1,9,Navarcles,,Barcelona,0,3257,Modalidad única,Catalonia
mychip,"37ª Selènika Bike Trail 2025, Navarcles",2025-09-28,Domingo,58.0,Ciclismo y btt,Absoluta/General,0,3,Navarcles,,Barcelona,0,3257,Modalidad única,Catalonia
mychip,Xi MARCHA CICLODEPORTIVA GSPORT - LA POBLA LLARGA,2025-09-28,Domingo,136.2,Ciclismo y btt,Absoluta/General,5,234,la Pobla Llarga,la Ribera Alta,Valencia,0,3258,Cicloturista,Comunitat Valenciana
mychip,Xi MARCHA CICLODEPORTIVA GSPORT - LA POBLA LLARGA,2025-09-28,Domingo,136.2,Ciclismo y btt,Absoluta/General,0,0,la Pobla Llarga,la Ribera Alta,Valencia,0,3258,"Grupos 10 o más inscritos, 10% descuento",Comunitat Valenciana
mychip,"4ª Travesia Fonts de l'Algar, Senija",2025-09-28,Domingo,28.0,trail running,Absoluta/General,0,0,Senija,,Alicante,0,3295,Travesia,Valencian Community
mychip,XXIII Volta Popular en Bicicleta a Cullera,2025-09-28,Domingo,0.0,Ciclismo y btt,Absoluta/General,0,0,Cullera,la Ribera Baixa,Valencia,0,3296,Volta en Bici,Comunitat Valenciana
mychip,"5K Associació de Festes de la Pilarica, IV Circuit Carreres Populars Ciutat de la Vall D'Uixó 2025",2025-09-21,Domingo,5.0,road running,Absoluta/General,55,75,La Vall D'uixó,,Castellón,0,3224,5k,Valencian Community
mychip,"Sprint Trail Senyera, 2025 ",2025-09-21,Domingo,13.0,trail running,Absoluta/General,22,100,Senyera,,Valencia,0,3262,Sprint Trail,Valencian Community
mychip,"Sprint Trail Senyera, 2025 ",2025-09-21,Domingo,8.0,trail running,Absoluta/General,107,73,Senyera,,Valencia,0,3262,Sender,Valencian Community
mychip,"Sprint Trail Senyera, 2025 ",2025-09-21,Domingo,8.0,trail running,Absoluta/General,4,23,Senyera,,Valencia,0,3262,Canicross,Valencian Community
mychip,"Faldes del Puig Campana, Trail & Sender Nocturn, 2025",2025-09-20,Sábado,16.0,Otros,Absoluta/General,11,122,Finestrat,la Marina Baixa,Alicante,0,3240,Trail Nocturno,Comunitat Valenciana
mychip,"Faldes del Puig Campana, Trail & Sender Nocturn, 2025",2025-09-20,Sábado,9.0,Otros,Absoluta/General,20,45,Finestrat,la Marina Baixa,Alicante,0,3240,Sprint Trail,Comunitat Valenciana
mychip,"Faldes del Puig Campana, Trail & Sender Nocturn, 2025",2025-09-20,Sábado,9.0,Otros,Absoluta/General,55,50,Finestrat,la Marina Baixa,Alicante,0,3240,Sender,Comunitat Valenciana
mychip,"8é Onil Trails, 2025",2025-09-14,Domingo,40.0,trail running,Absoluta/General,5,64,Onil,l'Alcoià,Alicante,0,3235,"40k, Trail Onil, 1800m/+",Comunitat Valenciana
mychip,"8é Onil Trails, 2025",2025-09-14,Domingo,25.0,trail running,Absoluta/General,19,106,Onil,l'Alcoià,Alicante,0,3235,"25k, Trail Onil, 1300m/+",Comunitat Valenciana
mychip,"8é Onil Trails, 2025",2025-09-14,Domingo,14.0,trail running,Absoluta/General,63,180,Onil,l'Alcoià,Alicante,0,3235,"14k Trail Onil, 700m/+",Comunitat Valenciana
mychip,"8é Onil Trails, 2025",2025-09-14,Domingo,14.0,trail running,Absoluta/General,60,67,Onil,l'Alcoià,Alicante,0,3235,"14k, Sender Onil, 700m/+",Comunitat Valenciana
mychip,XXVI Volta a peu a Corbera,2025-08-30,Sábado,8.0,road running,Absoluta/General,26,174,Corbera,,Valencia,0,3260,8Km,Valencian Community
mychip,XXVIII CARRERA MATUTINA A LA PLAYA DE CULLERA,2025-08-02,Sábado,7.0,road running,Absoluta/General,85,298,Cullera,la Ribera Baixa,Valencia,0,3248,7k,Comunitat Valenciana
mychip,XXVIII CARRERA MATUTINA A LA PLAYA DE CULLERA,2025-08-02,Sábado,7.0,road running,Absoluta/General,0,0,Cullera,la Ribera Baixa,Valencia,0,3248,7k + Camiseta,Comunitat Valenciana
mychip,36na VOLTA A PEU A LA PLATJA DE TAVERNES,2025-08-01,Viernes,8.0,road running,Absoluta/General,222,781,Tavernes de la Valldigna,la Safor,Valencia,0,3226,8K,Comunitat Valenciana
mychip, 3ª PRUEBA DE LIGA JOCS ESPORTIUS FEMECV 2025 (SUB-10 Y SUB-13) ,2025-07-13,Domingo,0.0,Otros,Absoluta/General,0,0,Benissa,la Marina Alta,Alicante,0,3255,Copa Escalada,Comunitat Valenciana
mychip,3ª COPA JOCS ESPORTIUS FEMECV 2025 (SUB-15 Y SUB-17),2025-07-13,Domingo,0.0,Otros,Absoluta/General,0,0,Benissa,la Marina Alta,Alicante,0,3256,Copa Escalada,Comunitat Valenciana
mychip,V Trail Nocturn Lluna d’Oltà 2025,2025-07-12,Sábado,12.5,Otros,Absoluta/General,41,134,Calp,la Marina Alta,Alicante,0,3250,Trail nocturn,Comunitat Valenciana
mychip,V Trail Nocturn Lluna d’Oltà 2025,2025-07-12,Sábado,10.0,Otros,Absoluta/General,0,0,Calp,la Marina Alta,Alicante,0,3250,Senderista,Comunitat Valenciana
mychip,"13ª Marcha Nocturna CEXVillena ""Sierra Del Castellar""",2025-07-11,Viernes,10.0,trail running,Absoluta/General,0,0,Villena,l'Alt Vinalopó / El Alto Vinalopó,Alicante,0,3251,Federados FEDME,Comunitat Valenciana
mychip,"13ª Marcha Nocturna CEXVillena ""Sierra Del Castellar""",2025-07-11,Viernes,10.0,trail running,Absoluta/General,0,0,Villena,l'Alt Vinalopó / El Alto Vinalopó,Alicante,0,3251,No federados,Comunitat Valenciana
mychip,"XI CARRERA NOCTURNA A LA FONT DE GARRUT, La Vall D'Uixó",2025-06-27,Viernes,10.0,trail running,Absoluta/General,57,199,la Vall d'Uixó,la Plana Baixa,Castellón,0,3238,Nocturna,Comunitat Valenciana
mychip,XXII 10k Godella Nicoboco,2025-06-21,Sábado,10.0,road running,Absoluta/General,127,447,Urbanització Campolivar,,Valencia,0,3209,10k,Valencian Community
mychip,XXII 10k Godella Nicoboco,2025-06-21,Sábado,0.4,road running,Infantil,0,0,Urbanització Campolivar,,Valencia,0,3209,Menores,Valencian Community
mychip,"5K Club Atletisme La Vall, IV Circuit Carreres Populars Ciutat de la Vall D'Uixó 2025",2025-06-21,Sábado,5.0,road running,Absoluta/General,51,88,La Vall D'uixó,,Castellón,0,3223,5k,Valencian Community
mychip,"Campeonato Autonómico de Escalada en Bloque FEMECV 2025. Puntuable para la 2ª Prueba de Copa Escalada FEMECV 2025., Canals",2025-06-21,Sábado,0.0,Otros,Absoluta/General,0,0,Canals,la Costera,Valencia,0,3246,Campeonato ,Comunitat Valenciana
mychip,Campeonato autonómico de escalada en bloque Jocs Esportius + 2ª Copa Jocs Esportius de Escalada en Bloque FEMECV 2025.- Canals,2025-06-21,Sábado,0.0,Otros,Absoluta/General,0,0,Canals,la Costera,Valencia,0,3247,Copa Escalada,Comunitat Valenciana
mychip,XIII Cursa per Muntanya les Xosses de Crevillent,2025-06-14,Sábado,18.5,trail running,Absoluta/General,76,320,Crevillent,el Baix Vinalopó,Alicante,0,3216,Trail,Comunitat Valenciana
mychip,XIII Cursa per Muntanya les Xosses de Crevillent,2025-06-14,Sábado,13.5,trail running,Absoluta/General,90,92,Crevillent,el Baix Vinalopó,Alicante,0,3216,Sender,Comunitat Valenciana
mychip,"XII CROSS LA ENCINA ""VUELTA AL ROCÍN""",2025-06-14,Sábado,10.0,trail running,Absoluta/General,0,0,La Encina,,Alicante,0,3239,Carrera,Valencian Community
mychip,"XII CROSS LA ENCINA ""VUELTA AL ROCÍN""",2025-06-14,Sábado,10.0,trail running,Absoluta/General,0,0,La Encina,,Alicante,0,3239,Marcha senderista,Valencian Community
mychip,"2ª Prueba de Liga Jocs Esportius de Escalada en Bloque FEMECV 2025, Castelló de la Plana",2025-06-08,Domingo,0.0,Otros,Absoluta/General,0,0,Castelló De La Plana,,Castellón,0,3242,Lliga Jocs Esportius,Valencian Community
mychip,"Amanece por Chiva 2025, VIII Maratón Nocturno.",2025-06-07,Sábado,29.0,trail running,Absoluta/General,4,75,Chiva,La Hoya de Buñol,Valencia,0,3212,29k,Comunitat Valenciana
mychip,"Amanece por Chiva 2025, VIII Maratón Nocturno.",2025-06-07,Sábado,15.0,trail running,Absoluta/General,19,52,Chiva,La Hoya de Buñol,Valencia,0,3212,15k,Comunitat Valenciana
mychip,IX Woman Trail,2025-06-07,Sábado,10.0,trail running,Absoluta/General,524,0,la Vall d'Uixó,la Plana Baixa,Castellón,0,3232,WOMAN TRAIL,Comunitat Valenciana
mychip,IX Woman Trail,2025-06-07,Sábado,0.0,trail running,Absoluta/General,0,0,la Vall d'Uixó,la Plana Baixa,Castellón,0,3232,Samarreta + Donatiu,Comunitat Valenciana
mychip,XXXV Gran Fons de Massanassa,2025-06-07,Sábado,15.0,road running,Absoluta/General,92,427,Massanassa,l'Horta Sud,Valencia,0,3233,Gran Fons,Comunitat Valenciana
mychip,"1ª Prueba de Copa Escalada FEMECV 2025, Castelló de la Plana",2025-06-07,Sábado,0.0,Otros,Absoluta/General,0,0,Castelló De La Plana,,Castellón,0,3241,Copa Escalada,Valencian Community
mychip,1ª Copa Jocs Esportius de Escalada en Bloque FEMECV 2025.,2025-06-07,Sábado,0.0,Otros,Absoluta/General,0,0,Castelló De La Plana,,Castellón,0,3243,Copa Bloque,Valencian Community
mychip,"Gala Circuit Tral Marina 2025, Restaurant TANGO, Calp",2025-06-06,Viernes,0.0,road running,Absoluta/General,0,0,Calp,la Marina Alta,Alicante,0,3244,Gala Circuit,Comunitat Valenciana
mychip,42a VOLTA AL TERME DE FONDEGUILLA,2025-05-31,Sábado,34.5,trail running,Absoluta/General,25,232,Alfondeguilla,,Castellón,0,3211,VTF-24,Valencian Community
mychip,42a VOLTA AL TERME DE FONDEGUILLA,2025-05-31,Sábado,14.0,trail running,Cadete/Juvenil,0,3,Alfondeguilla,,Castellón,0,3211,Cadete - Júnior,Valencian Community
mychip,Trail las 7 Sendas - Siete Aguas,2025-05-25,Domingo,20.0,trail running,Absoluta/General,29,145,Siete Aguas,La Hoya de Buñol,Valencia,0,3215,20K,Comunitat Valenciana
mychip,Trail las 7 Sendas - Siete Aguas,2025-05-25,Domingo,12.1,trail running,Absoluta/General,52,127,Siete Aguas,La Hoya de Buñol,Valencia,0,3215,12K,Comunitat Valenciana
mychip,5k Trinitarias 2025,2025-05-24,Sábado,5.0,trail running,Absoluta/General,72,100,València,,Valencia,37,3249,5k,Valencian Community
mychip,5k Trinitarias 2025,2025-05-24,Sábado,2.0,trail running,Absoluta/General,0,0,València,,Valencia,57,3249,2k,Valencian Community
mychip,5k Trinitarias 2025,2025-05-24,Sábado,1.0,trail running,Absoluta/General,0,0,València,,Valencia,45,3249,1k,Valencian Community
mychip,"VII Milla solidaria Esclaves SCJ, Fundación Nirvel",2025-05-23,Viernes,1.609,road running,Absoluta/General,39,81,Alcoy/alcoi,,Alicante,0,3227,Milla,Valencian Community
mychip,"VII Milla solidaria Esclaves SCJ, Fundación Nirvel",2025-05-23,Viernes,1.65,road running,Absoluta/General,0,0,Alcoy/alcoi,,Alicante,0,3227,Caminata,Valencian Community
mychip,"VII Milla solidaria Esclaves SCJ, Fundación Nirvel",2025-05-23,Viernes,0.0,road running,Infantil,0,0,Alcoy/alcoi,,Alicante,0,3227,Menores,Valencian Community
mychip,"VII Milla solidaria Esclaves SCJ, Fundación Nirvel",2025-05-23,Viernes,0.0,road running,Otros,0,0,Alcoy/alcoi,,Alicante,0,3227,dorsal 0,Valencian Community
mychip,"VI BÈRNIA MOSCATELL TRAIL, XALÓ, CTM 24/25",2025-05-18,Domingo,21.0,trail running,Absoluta/General,18,109,Xaló,la Marina Alta,Alicante,0,3129,"BX BMT TRAIL 21km, Mitjes CTM",Comunitat Valenciana
mychip,"VI BÈRNIA MOSCATELL TRAIL, XALÓ, CTM 24/25",2025-05-18,Domingo,15.0,trail running,Absoluta/General,71,174,Xaló,la Marina Alta,Alicante,0,3129,"BX BMT EXPRESS 15Km, Sprint CTM",Comunitat Valenciana
mychip,"VI BÈRNIA MOSCATELL TRAIL, XALÓ, CTM 24/25",2025-05-18,Domingo,15.0,trail running,Absoluta/General,25,26,Xaló,la Marina Alta,Alicante,0,3129,BX BMT SENDERISTA 15Km,Comunitat Valenciana
mychip,"3ª Prueba de Copa Marcha Nórdica, FEMECV 2025, La Nucia",2025-05-18,Domingo,12.5,marcha,Absoluta/General,32,47,la Nucia,la Marina Baixa,Alicante,0,3231,Absoluta MN ,Comunitat Valenciana
mychip,"3ª Prueba de Copa Marcha Nórdica, FEMECV 2025, La Nucia",2025-05-18,Domingo,9.42,marcha,Cadete/Juvenil,4,4,la Nucia,la Marina Baixa,Alicante,0,3231,Cadete MN,Comunitat Valenciana
mychip,"3ª Prueba de Copa Marcha Nórdica, FEMECV 2025, La Nucia",2025-05-18,Domingo,9.42,marcha,Infantil,1,2,la Nucia,la Marina Baixa,Alicante,0,3231,Infantil MN,Comunitat Valenciana
mychip,"3ª Prueba de Copa Marcha Nórdica, FEMECV 2025, La Nucia",2025-05-18,Domingo,2.74,marcha,Infantil,3,3,la Nucia,la Marina Baixa,Alicante,0,3231,"Alevín, MN",Comunitat Valenciana
mychip,"3ª Prueba de Copa Marcha Nórdica, FEMECV 2025, La Nucia",2025-05-18,Domingo,1.2,marcha,Infantil,1,2,la Nucia,la Marina Baixa,Alicante,0,3231,Benjamín MN,Comunitat Valenciana
mychip,"3ª Prueba de Copa Marcha Nórdica, FEMECV 2025, La Nucia",2025-05-18,Domingo,1.2,marcha,Infantil,1,0,la Nucia,la Marina Baixa,Alicante,0,3231,Prebenjamín MN,Comunitat Valenciana
mychip,"3ª Prueba de Copa Marcha Nórdica, FEMECV 2025, La Nucia",2025-05-18,Domingo,9.42,marcha,Absoluta/General,15,8,la Nucia,la Marina Baixa,Alicante,0,3231,PROMO,Comunitat Valenciana
mychip,1ª Prueba de Liga Jocs Esportius de Escalada en Bloque FEMECV 2025,2025-05-18,Domingo,0.0,Otros,Absoluta/General,0,0,Alzira,la Ribera Alta,Valencia,0,3236,Copa LIE,Comunitat Valenciana
mychip,"5k Falla Ja Estem Tots, IV Circuit Carreres Populars Ciutat de la Vall D'Uixó 2025",2025-05-10,Sábado,5.0,road running,Absoluta/General,50,81,la Vall d'Uixó,la Plana Baixa,Castellón,0,3221,5k Falla,Comunitat Valenciana
mychip,"Campeonato Autonómico de Escalada de dificultad, Femecv 25, Alzira",2025-05-10,Sábado,0.0,Otros,Absoluta/General,0,0,Alzira,la Ribera Alta,Valencia,0,3234,Absoluta,Comunitat Valenciana
mychip,"Campeonato Autonómico de Escalada de dificultad, Femecv 25, Alzira",2025-05-10,Sábado,0.0,Otros,Infantil,0,0,Alzira,la Ribera Alta,Valencia,0,3234,Menores,Comunitat Valenciana
mychip,"Campeonato Autonómico de Carreras por Montaña FEMECV 2025, ALCUDIA DE vEO ",2025-05-04,Domingo,45.0,trail running,Absoluta/General,12,34,Alcudia de Veo,la Plana Baixa,Castellón,0,3219,Absoluta 45k FEDME,Comunitat Valenciana
mychip,"Campeonato Autonómico de Carreras por Montaña FEMECV 2025, ALCUDIA DE vEO ",2025-05-04,Domingo,9.0,trail running,Cadete/Juvenil,2,6,Alcudia de Veo,la Plana Baixa,Castellón,0,3219,Júnior FEDME,Comunitat Valenciana
mychip,"Campeonato Autonómico de Carreras por Montaña FEMECV 2025, ALCUDIA DE vEO ",2025-05-04,Domingo,9.0,trail running,Cadete/Juvenil,5,6,Alcudia de Veo,la Plana Baixa,Castellón,0,3219,Juvenil FEDME,Comunitat Valenciana
mychip,"Campeonato Autonómico de Carreras por Montaña FEMECV 2025, ALCUDIA DE vEO ",2025-05-04,Domingo,9.0,trail running,Cadete/Juvenil,3,6,Alcudia de Veo,la Plana Baixa,Castellón,0,3219,Cadete FEDME,Comunitat Valenciana
mychip,"Campeonato Autonómico de Carreras por Montaña FEMECV 2025, ALCUDIA DE vEO ",2025-05-04,Domingo,3.5,trail running,Infantil,5,6,Alcudia de Veo,la Plana Baixa,Castellón,0,3219,Infantil FEDME,Comunitat Valenciana
mychip,"Campeonato Autonómico de Carreras por Montaña FEMECV 2025, ALCUDIA DE vEO ",2025-05-04,Domingo,45.0,trail running,Otros,0,0,Alcudia de Veo,la Plana Baixa,Castellón,0,3219,"Invidentes, FEDME",Comunitat Valenciana
mychip,"Campeonato Autonómico de Carreras por Montaña FEMECV 2025, ALCUDIA DE vEO ",2025-05-04,Domingo,45.0,trail running,Absoluta/General,1,12,Alcudia de Veo,la Plana Baixa,Castellón,0,3219,OPEN 45k,Comunitat Valenciana
mychip,"Campeonato Autonómico de Carreras por Montaña FEMECV 2025, ALCUDIA DE vEO ",2025-05-04,Domingo,21.0,trail running,Absoluta/General,22,76,Alcudia de Veo,la Plana Baixa,Castellón,0,3219,Open 21k,Comunitat Valenciana
mychip,"Campeonato Autonómico de Carreras por Montaña FEMECV 2025, ALCUDIA DE vEO ",2025-05-04,Domingo,21.0,trail running,Cadete/Juvenil,0,4,Alcudia de Veo,la Plana Baixa,Castellón,0,3219,Promesa 21k FEDME,Comunitat Valenciana
mychip,"Trail de Primavera, confrides, 7E. CIRCUIT TRAIL MARINA 24/25",2025-05-03,Sábado,43.0,trail running,Absoluta/General,12,128,Confrides,la Marina Baixa,Alicante,0,3146,43k,Comunitat Valenciana
mychip,"Trail de Primavera, confrides, 7E. CIRCUIT TRAIL MARINA 24/25",2025-05-03,Sábado,24.0,trail running,Absoluta/General,63,228,Confrides,la Marina Baixa,Alicante,0,3146,"24k, Mitjes CTM",Comunitat Valenciana
mychip,"VII GRAN FONS PENYES ALBES, MONTITXELVO - 2025",2025-04-27,Domingo,18.6,trail running,Absoluta/General,53,218,Montitxelvo/montichelvo,,Valencia,0,3201,Trail,Valencian Community
mychip,"VII GRAN FONS PENYES ALBES, MONTITXELVO - 2025",2025-04-27,Domingo,10.0,trail running,Absoluta/General,84,55,Montitxelvo/montichelvo,,Valencia,0,3201,Sender,Valencian Community
mychip,XII DESAFÍO CALAR DEL RÍO MUNDO,2025-04-25,Viernes,105.0,trail running,Absoluta/General,0,0,Riópar,,Castile-La Mancha,0,3200,105k,Castile-La Mancha
mychip,XII DESAFÍO CALAR DEL RÍO MUNDO,2025-04-25,Viernes,0.0,trail running,Absoluta/General,0,0,Riópar,,Castile-La Mancha,0,3200,105k Relevos,Castile-La Mancha
mychip,XII DESAFÍO CALAR DEL RÍO MUNDO,2025-04-25,Viernes,0.0,trail running,Absoluta/General,0,0,Riópar,,Castile-La Mancha,0,3200,85k,Castile-La Mancha
mychip,XII DESAFÍO CALAR DEL RÍO MUNDO,2025-04-25,Viernes,0.0,trail running,Absoluta/General,0,0,Riópar,,Castile-La Mancha,0,3200,65k Relevos,Castile-La Mancha
mychip,XII DESAFÍO CALAR DEL RÍO MUNDO,2025-04-25,Viernes,65.0,trail running,Absoluta/General,0,0,Riópar,,Castile-La Mancha,0,3200,65k,Castile-La Mancha
mychip,XII DESAFÍO CALAR DEL RÍO MUNDO,2025-04-25,Viernes,45.0,trail running,Absoluta/General,0,0,Riópar,,Castile-La Mancha,0,3200,45k ,Castile-La Mancha
mychip,XII DESAFÍO CALAR DEL RÍO MUNDO,2025-04-25,Viernes,25.0,trail running,Absoluta/General,0,0,Riópar,,Castile-La Mancha,0,3200,"25k, Trail & Sender",Castile-La Mancha
mychip,XII DESAFÍO CALAR DEL RÍO MUNDO,2025-04-25,Viernes,15.0,trail running,Absoluta/General,0,0,Riópar,,Castile-La Mancha,0,3200,15k. Trail & Sender Trail,Castile-La Mancha
mychip,XII DESAFÍO CALAR DEL RÍO MUNDO,2025-04-25,Viernes,7.0,trail running,Absoluta/General,0,0,Riópar,,Castile-La Mancha,0,3200,Carrera Vertical,Castile-La Mancha
mychip,"PEGO TRAIL, 7E. CIRCUIT TRAIL MARINA 24/25",2025-04-13,Domingo,19.0,trail running,Absoluta/General,34,139,Pego,la Marina Alta,Alicante,0,3145,"20k, Mitjes CTM",Comunitat Valenciana
mychip,"PEGO TRAIL, 7E. CIRCUIT TRAIL MARINA 24/25",2025-04-13,Domingo,14.0,trail running,Absoluta/General,74,207,Pego,la Marina Alta,Alicante,0,3145,"Sprint Trail, Sprint CTM",Comunitat Valenciana
mychip,"PEGO TRAIL, 7E. CIRCUIT TRAIL MARINA 24/25",2025-04-13,Domingo,14.0,trail running,Absoluta/General,30,46,Pego,la Marina Alta,Alicante,0,3145,Sender,Comunitat Valenciana
mychip,IX PERIMETRAIL RETT SERRA VERNISSA,2025-04-06,Domingo,21.0,trail running,Absoluta/General,10,121,Xàtiva,,Valencia,0,3170,TRAIL 21K 1650M+,Valencian Community
mychip,IX PERIMETRAIL RETT SERRA VERNISSA,2025-04-06,Domingo,12.0,trail running,Absoluta/General,72,282,Xàtiva,,Valencia,0,3170,"SPRINT TRAIL, 12km 780M+",Valencian Community
mychip,IX PERIMETRAIL RETT SERRA VERNISSA,2025-04-06,Domingo,8.0,trail running,Absoluta/General,13,33,Xàtiva,,Valencia,0,3170,"CANICROSS, 8K, 315M+",Valencian Community
mychip,IX PERIMETRAIL RETT SERRA VERNISSA,2025-04-06,Domingo,8.0,trail running,Absoluta/General,196,105,Xàtiva,,Valencia,0,3170,"SENDER, 8K, 315M+",Valencian Community
mychip,IX PERIMETRAIL RETT SERRA VERNISSA,2025-04-06,Domingo,0.0,trail running,Otros,0,0,Xàtiva,,Valencia,0,3170,Dorsal 0,Valencian Community
mychip,"3ª Prueba de Liga de CxM FEMECV 2025, Aigües de Busot",2025-04-06,Domingo,22.0,trail running,Absoluta/General,48,125,Aigües,l'Alacantí,Alicante,0,3213,Absoluta 21k FEDME,Comunitat Valenciana
mychip,"3ª Prueba de Liga de CxM FEMECV 2025, Aigües de Busot",2025-04-06,Domingo,10.0,trail running,Cadete/Juvenil,3,5,Aigües,l'Alacantí,Alicante,0,3213,Júnior FEDME,Comunitat Valenciana
mychip,"3ª Prueba de Liga de CxM FEMECV 2025, Aigües de Busot",2025-04-06,Domingo,10.0,trail running,Cadete/Juvenil,6,8,Aigües,l'Alacantí,Alicante,0,3213,Juvenil FEDME,Comunitat Valenciana
mychip,"3ª Prueba de Liga de CxM FEMECV 2025, Aigües de Busot",2025-04-06,Domingo,10.0,trail running,Cadete/Juvenil,4,9,Aigües,l'Alacantí,Alicante,0,3213,Cadete FEDME,Comunitat Valenciana
mychip,"3ª Prueba de Liga de CxM FEMECV 2025, Aigües de Busot",2025-04-06,Domingo,5.28,trail running,Infantil,4,9,Aigües,l'Alacantí,Alicante,0,3213,Infantil FEDME,Comunitat Valenciana
mychip,"3ª Prueba de Liga de CxM FEMECV 2025, Aigües de Busot",2025-04-06,Domingo,22.0,trail running,Otros,0,0,Aigües,l'Alacantí,Alicante,0,3213,"Invidentes, FEDME",Comunitat Valenciana
mychip,"3ª Prueba de Liga de CxM FEMECV 2025, Aigües de Busot",2025-04-06,Domingo,22.0,trail running,Absoluta/General,3,49,Aigües,l'Alacantí,Alicante,0,3213,OPEN 21k,Comunitat Valenciana
mychip,"3ª Prueba de Liga de CxM FEMECV 2025, Aigües de Busot",2025-04-06,Domingo,0.0,trail running,Absoluta/General,44,64,Aigües,l'Alacantí,Alicante,0,3213,Open 10k & Sender,Comunitat Valenciana
mychip,"XV Botamarges & IV Trenclosques, Forna, 7E. CIRCUIT TRAIL MARINA 24/25",2025-04-05,Sábado,64.0,trail running,Absoluta/General,9,149,l'Atzúbia,la Marina Alta,Alicante,0,3144,"BTMU, Botamarges Ultramaratón",Comunitat Valenciana
mychip,"XV Botamarges & IV Trenclosques, Forna, 7E. CIRCUIT TRAIL MARINA 24/25",2025-04-05,Sábado,21.0,trail running,Absoluta/General,40,176,l'Atzúbia,la Marina Alta,Alicante,0,3144,"BTMM, Botamarges Mitja Marató, Mitjes CTM",Comunitat Valenciana
mychip,"XV Botamarges & IV Trenclosques, Forna, 7E. CIRCUIT TRAIL MARINA 24/25",2025-04-05,Sábado,13.0,trail running,Absoluta/General,55,119,l'Atzúbia,la Marina Alta,Alicante,0,3144,"BTMS, Botamarges Sprint Trail",Comunitat Valenciana
mychip,"Territorio Mentiras  2025, XI edición",2025-04-05,Sábado,67.0,trail running,Absoluta/General,3,49,Yeste,,Castile-La Mancha,0,3203,Ultra del Mentiras,Castile-La Mancha
mychip,"Territorio Mentiras  2025, XI edición",2025-04-05,Sábado,55.0,trail running,Absoluta/General,5,25,Yeste,,Castile-La Mancha,0,3203,Maratón del Mentiras,Castile-La Mancha
mychip,"Territorio Mentiras  2025, XI edición",2025-04-05,Sábado,25.0,trail running,Absoluta/General,19,87,Yeste,,Castile-La Mancha,0,3203,Media Maratón,Castile-La Mancha
mychip,"Territorio Mentiras  2025, XI edición",2025-04-05,Sábado,14.0,trail running,Absoluta/General,61,110,Yeste,,Castile-La Mancha,0,3203,Trail & Sender del Llano,Castile-La Mancha
mychip,"Territorio Mentiras  2025, XI edición",2025-04-05,Sábado,0.0,trail running,Absoluta/General,0,0,Yeste,,Castile-La Mancha,0,3203,CIRCUITO BRINK-SOPRT,Castile-La Mancha
mychip,"Territorio Mentiras  2025, XI edición",2025-04-05,Sábado,0.0,trail running,Absoluta/General,3,11,Yeste,,Castile-La Mancha,0,3203,42k,Castile-La Mancha
mychip,"5K Fiestas Tradicionales Santísimo Cristo del Calvario, IV Circuit Carreres Populars Ciutat de la Vall D'Uixó 2025",2025-04-05,Sábado,5.0,road running,Absoluta/General,58,68,La Vall D'uixó,,Castellón,0,3222,5k ,Valencian Community
mychip,"Trail Covatelles 2025, Oliva",2025-03-30,Domingo,23.0,trail running,Absoluta/General,7,72,Oliva,la Safor,Valencia,0,3134,Trail 23k,Comunitat Valenciana
mychip,"Trail Covatelles 2025, Oliva",2025-03-30,Domingo,13.0,trail running,Absoluta/General,42,118,Oliva,la Safor,Valencia,0,3134,Sprint 13k,Comunitat Valenciana
mychip,"Trail Covatelles 2025, Oliva",2025-03-30,Domingo,12.0,trail running,Absoluta/General,28,22,Oliva,la Safor,Valencia,0,3134,Sender 12k,Comunitat Valenciana
mychip,"Camí Bandolers, Senija, 7E. CIRCUIT TRAIL MARINA 24/25",2025-03-23,Domingo,22.7,trail running,Absoluta/General,23,85,Senija,la Marina Alta,Alicante,0,3142,"22,7k, Mitjes CTM",Comunitat Valenciana
mychip,"Camí Bandolers, Senija, 7E. CIRCUIT TRAIL MARINA 24/25",2025-03-23,Domingo,12.5,trail running,Absoluta/General,77,164,Senija,la Marina Alta,Alicante,0,3142,"Sprint Trail, Sprint CTM",Comunitat Valenciana
mychip,"Camí Bandolers, Senija, 7E. CIRCUIT TRAIL MARINA 24/25",2025-03-23,Domingo,12.5,trail running,Absoluta/General,21,31,Senija,la Marina Alta,Alicante,0,3142,Sender,Comunitat Valenciana
mychip,Campeonato Autonómico de Kilómetro Vertical FEMECV 2025,2025-03-23,Domingo,3.66,trail running,Absoluta/General,23,51,Finestrat,la Marina Baixa,Alicante,0,3208,Absoluta FEDME,Comunitat Valenciana
mychip,Campeonato Autonómico de Kilómetro Vertical FEMECV 2025,2025-03-23,Domingo,3.66,trail running,Cadete/Juvenil,1,4,Finestrat,la Marina Baixa,Alicante,0,3208,Júnior FEDME,Comunitat Valenciana
mychip,Campeonato Autonómico de Kilómetro Vertical FEMECV 2025,2025-03-23,Domingo,3.66,trail running,Cadete/Juvenil,2,5,Finestrat,la Marina Baixa,Alicante,0,3208,Juvenil FEDME,Comunitat Valenciana
mychip,Campeonato Autonómico de Kilómetro Vertical FEMECV 2025,2025-03-23,Domingo,3.66,trail running,Cadete/Juvenil,0,5,Finestrat,la Marina Baixa,Alicante,0,3208,Cadete FEDME,Comunitat Valenciana
mychip,Campeonato Autonómico de Kilómetro Vertical FEMECV 2025,2025-03-23,Domingo,3.66,trail running,Infantil,0,0,Finestrat,la Marina Baixa,Alicante,0,3208,Infantil FEDME,Comunitat Valenciana
mychip,Campeonato Autonómico de Kilómetro Vertical FEMECV 2025,2025-03-23,Domingo,3.66,trail running,Absoluta/General,4,24,Finestrat,la Marina Baixa,Alicante,0,3208,OPEN,Comunitat Valenciana
mychip,Campeonato Autonómico de Kilómetro Vertical FEMECV 2025,2025-03-23,Domingo,3.66,trail running,Otros,0,0,Finestrat,la Marina Baixa,Alicante,0,3208,INVIDENTES FEDME,Comunitat Valenciana
mychip,"Per L'Autisme, Donem la Volta al Pantà, Guadalest 2025",2025-03-22,Sábado,12.0,trail running,Absoluta/General,25,45,Beniardà,la Marina Baixa,Alicante,0,3124,Volta al Pantà,Comunitat Valenciana
mychip,"Per L'Autisme, Donem la Volta al Pantà, Guadalest 2025",2025-03-22,Sábado,12.0,trail running,Absoluta/General,44,30,Beniardà,la Marina Baixa,Alicante,0,3124,Caminada al Pantà,Comunitat Valenciana
mychip,"Per L'Autisme, Donem la Volta al Pantà, Guadalest 2025",2025-03-22,Sábado,0.0,trail running,Otros,0,0,Beniardà,la Marina Baixa,Alicante,0,3124,Dorsal 0,Comunitat Valenciana
mychip,"2ª Prueba de Copa Marcha Nórdica, FEMECV 2025, Alcoi",2025-03-22,Sábado,11.55,marcha,Absoluta/General,35,52,Alcoi / Alcoy,l'Alcoià,Alicante,0,3217,Absoluta MN ,Comunitat Valenciana
mychip,"2ª Prueba de Copa Marcha Nórdica, FEMECV 2025, Alcoi",2025-03-22,Sábado,6.83,marcha,Cadete/Juvenil,5,4,Alcoi / Alcoy,l'Alcoià,Alicante,0,3217,Cadete MN,Comunitat Valenciana
mychip,"2ª Prueba de Copa Marcha Nórdica, FEMECV 2025, Alcoi",2025-03-22,Sábado,6.83,marcha,Infantil,0,3,Alcoi / Alcoy,l'Alcoià,Alicante,0,3217,Infantil MN,Comunitat Valenciana
mychip,"2ª Prueba de Copa Marcha Nórdica, FEMECV 2025, Alcoi",2025-03-22,Sábado,6.83,marcha,Infantil,2,2,Alcoi / Alcoy,l'Alcoià,Alicante,0,3217,"Alevín, MN",Comunitat Valenciana
mychip,"2ª Prueba de Copa Marcha Nórdica, FEMECV 2025, Alcoi",2025-03-22,Sábado,1.2,marcha,Infantil,1,3,Alcoi / Alcoy,l'Alcoià,Alicante,0,3217,Benjamín MN,Comunitat Valenciana
mychip,"2ª Prueba de Copa Marcha Nórdica, FEMECV 2025, Alcoi",2025-03-22,Sábado,1.2,marcha,Infantil,1,0,Alcoi / Alcoy,l'Alcoià,Alicante,0,3217,Prebenjamín MN,Comunitat Valenciana
mychip,"2ª Prueba de Copa Marcha Nórdica, FEMECV 2025, Alcoi",2025-03-22,Sábado,9.19,marcha,Absoluta/General,15,13,Alcoi / Alcoy,l'Alcoià,Alicante,0,3217,PROMO,Comunitat Valenciana
mychip,"GR36. 2025, MONTANEJOS - VILAVELLA",2025-03-15,Sábado,64.0,trail running,Absoluta/General,26,169,la Vilavella,la Plana Baixa,Castellón,0,3187,GR36,Comunitat Valenciana
mychip,III Trail Aranjuez “El Peluca”,2025-03-09,Domingo,18.0,trail running,Absoluta/General,23,137,Aranjuez,,Comunidad de Madrid,0,3183,Trail 18k,Comunidad de Madrid
mychip,III Trail Aranjuez “El Peluca”,2025-03-09,Domingo,10.0,trail running,Absoluta/General,42,93,Aranjuez,,Comunidad de Madrid,0,3183,10k Short,Comunidad de Madrid
mychip,III Trail Aranjuez “El Peluca”,2025-03-09,Domingo,11.0,trail running,Absoluta/General,36,23,Aranjuez,,Comunidad de Madrid,0,3183,Sender,Comunidad de Madrid
mychip,III Trail Aranjuez “El Peluca”,2025-03-09,Domingo,0.0,trail running,Absoluta/General,0,0,Aranjuez,,Comunidad de Madrid,0,3183,Solo Camiseta,Comunidad de Madrid
mychip,VI Avenc Trail Quatretonda.,2025-03-09,Domingo,42.0,trail running,Absoluta/General,14,94,Quatretonda,la Vall d'Albaida,Valencia,0,3192,Marató del Avenc,Comunitat Valenciana
mychip,VI Avenc Trail Quatretonda.,2025-03-09,Domingo,22.0,trail running,Absoluta/General,30,82,Quatretonda,la Vall d'Albaida,Valencia,0,3192,Avenc trail,Comunitat Valenciana
mychip,VI Avenc Trail Quatretonda.,2025-03-09,Domingo,12.5,trail running,Absoluta/General,59,110,Quatretonda,la Vall d'Albaida,Valencia,0,3192,Esprint trail,Comunitat Valenciana
mychip,VI Avenc Trail Quatretonda.,2025-03-09,Domingo,12.5,trail running,Absoluta/General,26,22,Quatretonda,la Vall d'Albaida,Valencia,0,3192,Senderista,Comunitat Valenciana
mychip,"2ª Prueba de Liga de CxM FEMECV 2025, La Vall D'Uixó",2025-03-09,Domingo,20.6,trail running,Absoluta/General,49,114,la Vall d'Uixó,la Plana Baixa,Castellón,0,3210,Absoluta 21k FEDME,Comunitat Valenciana
mychip,"2ª Prueba de Liga de CxM FEMECV 2025, La Vall D'Uixó",2025-03-09,Domingo,10.3,trail running,Cadete/Juvenil,3,8,la Vall d'Uixó,la Plana Baixa,Castellón,0,3210,Júnior FEDME,Comunitat Valenciana
mychip,"2ª Prueba de Liga de CxM FEMECV 2025, La Vall D'Uixó",2025-03-09,Domingo,10.3,trail running,Cadete/Juvenil,7,8,la Vall d'Uixó,la Plana Baixa,Castellón,0,3210,Juvenil FEDME,Comunitat Valenciana
mychip,"2ª Prueba de Liga de CxM FEMECV 2025, La Vall D'Uixó",2025-03-09,Domingo,10.3,trail running,Cadete/Juvenil,5,10,la Vall d'Uixó,la Plana Baixa,Castellón,0,3210,Cadete FEDME,Comunitat Valenciana
mychip,"2ª Prueba de Liga de CxM FEMECV 2025, La Vall D'Uixó",2025-03-09,Domingo,6.9,trail running,Infantil,4,9,la Vall d'Uixó,la Plana Baixa,Castellón,0,3210,Infantil FEDME,Comunitat Valenciana
mychip,"2ª Prueba de Liga de CxM FEMECV 2025, La Vall D'Uixó",2025-03-09,Domingo,10.3,trail running,Absoluta/General,34,68,la Vall d'Uixó,la Plana Baixa,Castellón,0,3210,Q10 OPEN,Comunitat Valenciana
mychip,"2ª Prueba de Liga de CxM FEMECV 2025, La Vall D'Uixó",2025-03-09,Domingo,20.6,trail running,Absoluta/General,4,40,la Vall d'Uixó,la Plana Baixa,Castellón,0,3210,Q20 OPEN,Comunitat Valenciana
mychip,"2ª Prueba de Liga de CxM FEMECV 2025, La Vall D'Uixó",2025-03-09,Domingo,20.3,trail running,Otros,2,0,la Vall d'Uixó,la Plana Baixa,Castellón,0,3210,"Invidentes, FEDME",Comunitat Valenciana
mychip,"2ª Prueba de Liga de CxM FEMECV 2025, La Vall D'Uixó",2025-03-09,Domingo,10.3,trail running,Absoluta/General,15,38,la Vall d'Uixó,la Plana Baixa,Castellón,0,3210,Campeonato CEU,Comunitat Valenciana
mychip,"En Marxa per la Dona, Puçol 2025, a beneficio de la Fundación INCLIVA",2025-03-09,Domingo,5.0,road running,Absoluta/General,0,0,Puçol,l'Horta Nord,Valencia,0,3218,5k,Comunitat Valenciana
mychip,Perimetral a Benissa 2025,2025-03-08,Sábado,72.0,trail running,Absoluta/General,5,81,Benissa,la Marina Alta,Alicante,0,3191,"Ultra 72k, 3650m/+",Comunitat Valenciana
mychip,Perimetral a Benissa 2025,2025-03-08,Sábado,41.0,trail running,Absoluta/General,12,113,Benissa,la Marina Alta,Alicante,0,3191,"Solana Trail 41km, 1720m/+",Comunitat Valenciana
mychip,Perimetral a Benissa 2025,2025-03-08,Sábado,24.0,trail running,Absoluta/General,42,122,Benissa,la Marina Alta,Alicante,0,3191,"Mallà Verda 24km, 905m/+ ",Comunitat Valenciana
mychip,"XII Carrera de la Mola, Novelda",2025-03-02,Domingo,18.0,trail running,Absoluta/General,38,190,Novelda,el Vinalopó Mitjà / El Vinalopó Medio,Alicante,0,3178,Corredor,Comunitat Valenciana
mychip,"XII Carrera de la Mola, Novelda",2025-03-02,Domingo,12.5,trail running,Absoluta/General,93,118,Novelda,el Vinalopó Mitjà / El Vinalopó Medio,Alicante,0,3178,Senderista,Comunitat Valenciana
mychip,"III ATZAVARES TRAIL ORBA-VALL LAGUAR, 7E. CIRCUIT TRAIL MARINA 24/25",2025-03-01,Sábado,23.67,trail running,Absoluta/General,16,85,Orba,la Marina Alta,Alicante,0,3141,"21k, Mitjes CTM",Comunitat Valenciana
mychip,"III ATZAVARES TRAIL ORBA-VALL LAGUAR, 7E. CIRCUIT TRAIL MARINA 24/25",2025-03-01,Sábado,14.0,trail running,Absoluta/General,64,164,Orba,la Marina Alta,Alicante,0,3141,"Sprint Trail, Sprint CTM",Comunitat Valenciana
mychip,IX TOMACA TRAIL,2025-03-01,Sábado,21.0,trail running,Absoluta/General,9,49,Alginet,la Ribera Alta,Valencia,0,3207,21k,Comunitat Valenciana
mychip,IX TOMACA TRAIL,2025-03-01,Sábado,10.0,trail running,Absoluta/General,39,118,Alginet,la Ribera Alta,Valencia,0,3207,10k,Comunitat Valenciana
mychip,IX TOMACA TRAIL,2025-03-01,Sábado,10.0,trail running,Absoluta/General,62,41,Alginet,la Ribera Alta,Valencia,0,3207,Sender 10k,Comunitat Valenciana
mychip,"Invernal CONFRIDES - AITANA, 2025",2025-02-23,Domingo,20.0,trail running,Absoluta/General,51,218,Confrides,la Marina Baixa,Alicante,0,3156,Trail 20k,Comunitat Valenciana
mychip,"Invernal CONFRIDES - AITANA, 2025",2025-02-23,Domingo,14.0,trail running,Absoluta/General,22,60,Confrides,la Marina Baixa,Alicante,0,3156,"14k, Mini trail & Sender",Comunitat Valenciana
mychip,"Trail les Creus 25, Tavernes de la Valldigna",2025-02-23,Domingo,22.6,trail running,Absoluta/General,15,84,Tavernes de la Valldigna,la Safor,Valencia,0,3193,"Trail 22,2k",Comunitat Valenciana
mychip,"Trail les Creus 25, Tavernes de la Valldigna",2025-02-23,Domingo,11.5,trail running,Absoluta/General,40,141,Tavernes de la Valldigna,la Safor,Valencia,0,3193,"Sprint Trail 11,7k",Comunitat Valenciana
mychip,"Trail les Creus 25, Tavernes de la Valldigna",2025-02-23,Domingo,9.16,trail running,Absoluta/General,42,30,Tavernes de la Valldigna,la Safor,Valencia,0,3193,"Marxa Regularitat, Senderista",Comunitat Valenciana
mychip,Trail Marines Vell 2025,2025-02-23,Domingo,21.0,trail running,Absoluta/General,43,236,Marines,el Camp de Túria,Valencia,0,3194,21k,Comunitat Valenciana
mychip,Trail Marines Vell 2025,2025-02-23,Domingo,7.0,trail running,Absoluta/General,75,134,Marines,el Camp de Túria,Valencia,0,3194,7k,Comunitat Valenciana
mychip,"SPRINT TRAIL& ECO MARCHA COLEGIO SANTA ANA SR Sport & Training , 25",2025-02-23,Domingo,11.0,trail running,Absoluta/General,111,255,Alcoi / Alcoy,l'Alcoià,Alicante,0,3196,Sprint Trail solidario,Comunitat Valenciana
mychip,"SPRINT TRAIL& ECO MARCHA COLEGIO SANTA ANA SR Sport & Training , 25",2025-02-23,Domingo,11.0,trail running,Absoluta/General,101,42,Alcoi / Alcoy,l'Alcoià,Alicante,0,3196,Senderista,Comunitat Valenciana
mychip,"SPRINT TRAIL& ECO MARCHA COLEGIO SANTA ANA SR Sport & Training , 25",2025-02-23,Domingo,11.0,trail running,Absoluta/General,7,6,Alcoi / Alcoy,l'Alcoià,Alicante,0,3196,Marcha Nordica,Comunitat Valenciana
mychip,"SPRINT TRAIL& ECO MARCHA COLEGIO SANTA ANA SR Sport & Training , 25",2025-02-23,Domingo,4.0,trail running,Absoluta/General,0,0,Alcoi / Alcoy,l'Alcoià,Alicante,0,3196,Eco Marcha,Comunitat Valenciana
mychip,"SPRINT TRAIL& ECO MARCHA COLEGIO SANTA ANA SR Sport & Training , 25",2025-02-23,Domingo,0.0,trail running,Otros,0,0,Alcoi / Alcoy,l'Alcoià,Alicante,0,3196,Dorsal 0,Comunitat Valenciana
mychip,XIII TRAIL DE MOIXENT,2025-02-22,Sábado,22.0,trail running,Absoluta/General,18,123,Moixent / Mogente,la Costera,Valencia,0,3182,"22k, Trail",Comunitat Valenciana
mychip,XIII TRAIL DE MOIXENT,2025-02-22,Sábado,11.78,trail running,Absoluta/General,66,164,Moixent / Mogente,la Costera,Valencia,0,3182,"12k, Sprint Trail ",Comunitat Valenciana
mychip,XIII TRAIL DE MOIXENT,2025-02-22,Sábado,0.0,trail running,Absoluta/General,0,0,Moixent / Mogente,la Costera,Valencia,0,3182,Solidario a favor de FUNDACIÓN FAST ESPAÑA,Comunitat Valenciana
mychip,"Gegant de Pedra, 7E. CIRCUIT TRAIL MARINA 24/25",2025-02-16,Domingo,20.0,trail running,Absoluta/General,14,74,Ondara,la Marina Alta,Alicante,0,3140,"20k, Mitjes CTM",Comunitat Valenciana
mychip,"Gegant de Pedra, 7E. CIRCUIT TRAIL MARINA 24/25",2025-02-16,Domingo,15.0,trail running,Absoluta/General,58,121,Ondara,la Marina Alta,Alicante,0,3140,"Sprint Trail, Sprint CTM",Comunitat Valenciana
mychip,"Gegant de Pedra, 7E. CIRCUIT TRAIL MARINA 24/25",2025-02-16,Domingo,14.6,trail running,Absoluta/General,42,38,Ondara,la Marina Alta,Alicante,0,3140,Sender,Comunitat Valenciana
mychip,VIII Trail “XIO LLUTXENT”,2025-02-16,Domingo,19.5,trail running,Absoluta/General,17,66,Llutxent,la Vall d'Albaida,Valencia,0,3190,Trail,Comunitat Valenciana
mychip,VIII Trail “XIO LLUTXENT”,2025-02-16,Domingo,13.0,trail running,Absoluta/General,37,90,Llutxent,la Vall d'Albaida,Valencia,0,3190,Sprint Trail,Comunitat Valenciana
mychip,VIII Trail “XIO LLUTXENT”,2025-02-16,Domingo,13.0,trail running,Absoluta/General,72,69,Llutxent,la Vall d'Albaida,Valencia,0,3190,Sender,Comunitat Valenciana
mychip,"I Volta al Terme, Aielo de Malferit",2025-02-16,Domingo,24.0,trail running,Absoluta/General,13,97,Aielo de Malferit,la Vall d'Albaida,Valencia,0,3195,TRAIL 24K 1450M/+,Comunitat Valenciana
mychip,"I Volta al Terme, Aielo de Malferit",2025-02-16,Domingo,14.4,trail running,Absoluta/General,38,112,Aielo de Malferit,la Vall d'Albaida,Valencia,0,3195,"SPRINT TRAIL, 14,4km 800M/+",Comunitat Valenciana
mychip,"I Volta al Terme, Aielo de Malferit",2025-02-16,Domingo,10.0,trail running,Absoluta/General,57,21,Aielo de Malferit,la Vall d'Albaida,Valencia,0,3195,"SENDER, 10K, 400M/+",Comunitat Valenciana
mychip,"I Volta al Terme, Aielo de Malferit",2025-02-16,Domingo,8.0,trail running,Absoluta/General,11,27,Aielo de Malferit,la Vall d'Albaida,Valencia,0,3195,"CANICROSS, 8K",Comunitat Valenciana
mychip,"32ª ruta dels senders, Navarcles",2025-02-16,Domingo,35.0,trail running,Absoluta/General,0,0,Navarcles,,Barcelona,0,3204,Marcha,Catalunya
mychip,"32ª ruta dels senders, Navarcles",2025-02-16,Domingo,35.0,trail running,Absoluta/General,0,0,Navarcles,,Barcelona,0,3204,Menors,Catalunya
mychip,"1ª Prueba de Copa Marcha Nórdica, Crevillent, FEMECV 2025",2025-02-15,Sábado,11.5,marcha,Absoluta/General,32,46,Crevillent,el Baix Vinalopó,Alicante,0,3206,Absoluta MN ,Comunitat Valenciana
mychip,"1ª Prueba de Copa Marcha Nórdica, Crevillent, FEMECV 2025",2025-02-15,Sábado,6.9,marcha,Cadete/Juvenil,4,4,Crevillent,el Baix Vinalopó,Alicante,0,3206,Cadete MN,Comunitat Valenciana
mychip,"1ª Prueba de Copa Marcha Nórdica, Crevillent, FEMECV 2025",2025-02-15,Sábado,6.9,marcha,Infantil,1,2,Crevillent,el Baix Vinalopó,Alicante,0,3206,Infantil MN,Comunitat Valenciana
mychip,"1ª Prueba de Copa Marcha Nórdica, Crevillent, FEMECV 2025",2025-02-15,Sábado,4.6,marcha,Infantil,3,3,Crevillent,el Baix Vinalopó,Alicante,0,3206,"Alevín, MN",Comunitat Valenciana
mychip,"1ª Prueba de Copa Marcha Nórdica, Crevillent, FEMECV 2025",2025-02-15,Sábado,1.2,marcha,Infantil,0,3,Crevillent,el Baix Vinalopó,Alicante,0,3206,Benjamín MN,Comunitat Valenciana
mychip,"1ª Prueba de Copa Marcha Nórdica, Crevillent, FEMECV 2025",2025-02-15,Sábado,1.2,marcha,Infantil,2,1,Crevillent,el Baix Vinalopó,Alicante,0,3206,Prebenjamín MN,Comunitat Valenciana
mychip,"1ª Prueba de Copa Marcha Nórdica, Crevillent, FEMECV 2025",2025-02-15,Sábado,9.2,marcha,Absoluta/General,12,6,Crevillent,el Baix Vinalopó,Alicante,0,3206,PROMO,Comunitat Valenciana
mychip,"Mitja Marató Ocaive, 7E. CIRCUIT TRAIL MARINA 24/25",2025-02-09,Domingo,22.4,trail running,Absoluta/General,16,107,Pedreguer,la Marina Alta,Alicante,0,3139,"24k, Mitjes CTM",Comunitat Valenciana
mychip,"Mitja Marató Ocaive, 7E. CIRCUIT TRAIL MARINA 24/25",2025-02-09,Domingo,14.7,trail running,Absoluta/General,61,158,Pedreguer,la Marina Alta,Alicante,0,3139,"Sprint Trail, Sprint CTM",Comunitat Valenciana
mychip,"Mitja Marató Ocaive, 7E. CIRCUIT TRAIL MARINA 24/25",2025-02-09,Domingo,13.0,trail running,Absoluta/General,19,48,Pedreguer,la Marina Alta,Alicante,0,3139,Sender,Comunitat Valenciana
mychip,XIV Almenara Xtrem,2025-02-09,Domingo,16.8,trail running,Absoluta/General,51,196,Almenara,la Plana Baixa,Castellón,0,3179,"Xtrem Almenara, 16,8k",Comunitat Valenciana
mychip,XIV Almenara Xtrem,2025-02-09,Domingo,8.0,trail running,Absoluta/General,88,105,Almenara,la Plana Baixa,Castellón,0,3179,Marxa 8k,Comunitat Valenciana
mychip,IV Simat trail.,2025-02-08,Sábado,22.0,trail running,Absoluta/General,14,100,Simat de la Valldigna,la Safor,Valencia,0,3162,Simat Trail,Comunitat Valenciana
mychip,IV Simat trail.,2025-02-08,Sábado,12.0,trail running,Absoluta/General,32,111,Simat de la Valldigna,la Safor,Valencia,0,3162,SPRINT TRAIL  ,Comunitat Valenciana
mychip,IV Simat trail.,2025-02-08,Sábado,11.0,trail running,Absoluta/General,56,56,Simat de la Valldigna,la Safor,Valencia,0,3162,SENDER,Comunitat Valenciana
mychip,"XII TRAIL UMBRÍA – LA PLANA, Enguera",2025-02-02,Domingo,21.0,trail running,Absoluta/General,14,92,Enguera,La Canal de Navarrés,Valencia,0,3180,"Trail 20,5k, 1500m/+",Comunitat Valenciana
mychip,"XII TRAIL UMBRÍA – LA PLANA, Enguera",2025-02-02,Domingo,10.0,trail running,Absoluta/General,34,111,Enguera,La Canal de Navarrés,Valencia,0,3180,"Speed trail 10,5km, 800m/+",Comunitat Valenciana
mychip,"XII TRAIL UMBRÍA – LA PLANA, Enguera",2025-02-02,Domingo,10.0,trail running,Absoluta/General,101,78,Enguera,La Canal de Navarrés,Valencia,0,3180,Marcha Senderista,Comunitat Valenciana
mychip,XXV MARXA DE MUNTANYA “SANT SEBASTIÀ” DE LA VILAVELLA,2025-02-02,Domingo,17.0,trail running,Absoluta/General,86,356,la Vilavella,la Plana Baixa,Castellón,0,3185,17k,Comunitat Valenciana
mychip,XXV MARXA DE MUNTANYA “SANT SEBASTIÀ” DE LA VILAVELLA,2025-02-02,Domingo,11.0,trail running,Absoluta/General,142,209,la Vilavella,la Plana Baixa,Castellón,0,3185,11k,Comunitat Valenciana
mychip,"1ª Prueba de Liga de CxM FEMECV 2025, Trail Granadella",2025-02-02,Domingo,21.0,trail running,Absoluta/General,58,174,Xàbia / Jávea,la Marina Alta,Alicante,0,3189,Absoluta 21k FEDME,Comunitat Valenciana
mychip,"1ª Prueba de Liga de CxM FEMECV 2025, Trail Granadella",2025-02-02,Domingo,21.0,trail running,Absoluta/General,33,163,Xàbia / Jávea,la Marina Alta,Alicante,0,3189,21k OPEN,Comunitat Valenciana
mychip,"1ª Prueba de Liga de CxM FEMECV 2025, Trail Granadella",2025-02-02,Domingo,10.0,trail running,Cadete/Juvenil,3,8,Xàbia / Jávea,la Marina Alta,Alicante,0,3189,Júnior FEDME,Comunitat Valenciana
mychip,"1ª Prueba de Liga de CxM FEMECV 2025, Trail Granadella",2025-02-02,Domingo,10.0,trail running,Cadete/Juvenil,8,8,Xàbia / Jávea,la Marina Alta,Alicante,0,3189,Juvenil FEDME,Comunitat Valenciana
mychip,"1ª Prueba de Liga de CxM FEMECV 2025, Trail Granadella",2025-02-02,Domingo,10.0,trail running,Cadete/Juvenil,4,9,Xàbia / Jávea,la Marina Alta,Alicante,0,3189,Cadete FEDME,Comunitat Valenciana
mychip,"1ª Prueba de Liga de CxM FEMECV 2025, Trail Granadella",2025-02-02,Domingo,5.0,trail running,Infantil,3,6,Xàbia / Jávea,la Marina Alta,Alicante,0,3189,Infantil FEDME,Comunitat Valenciana
mychip,"1ª Prueba de Liga de CxM FEMECV 2025, Trail Granadella",2025-02-02,Domingo,21.0,trail running,Otros,1,0,Xàbia / Jávea,la Marina Alta,Alicante,0,3189,"Invidentes, FEDME",Comunitat Valenciana
mychip,Granadella Trail Costa Blanca 2025,2025-02-01,Sábado,14.0,trail running,Absoluta/General,214,359,Xàbia / Jávea,la Marina Alta,Alicante,0,3176,Sprint Trail 14k,Comunitat Valenciana
mychip,Granadella Trail Costa Blanca 2025,2025-02-01,Sábado,0.0,trail running,Infantil,0,0,Xàbia / Jávea,la Marina Alta,Alicante,0,3176,Menores,Comunitat Valenciana
mychip,10ª VMLL Volta Muntanya de Llaurí,2025-01-25,Sábado,16.0,trail running,Absoluta/General,33,123,Llaurí,la Ribera Baixa,Valencia,0,3181,Tra.lla,Comunitat Valenciana
mychip,"VIII Trail Monte Ponoig, 7E. CIRCUIT TRAIL MARINA 24/25",2025-01-19,Domingo,24.0,trail running,Absoluta/General,21,97,Polop de la Marina,la Marina Baixa,Alicante,0,3138,"24k Ponoig, Mitjes CTM",Comunitat Valenciana
mychip,"VIII Trail Monte Ponoig, 7E. CIRCUIT TRAIL MARINA 24/25",2025-01-19,Domingo,16.0,trail running,Absoluta/General,41,153,Polop de la Marina,la Marina Baixa,Alicante,0,3138,"Sprint Trail Ponoig, Sprint CTM",Comunitat Valenciana
mychip,"VIII Trail Monte Ponoig, 7E. CIRCUIT TRAIL MARINA 24/25",2025-01-19,Domingo,10.0,trail running,Absoluta/General,31,27,Polop de la Marina,la Marina Baixa,Alicante,0,3138,Sender Ponoig,Comunitat Valenciana
mychip,"SERRALADES DE BARXETA - MABU, 2025",2025-01-19,Domingo,42.0,trail running,Absoluta/General,13,106,Barxeta,la Costera,Valencia,0,3149,MABU 42k 2100m/+,Comunitat Valenciana
mychip,"SERRALADES DE BARXETA - MABU, 2025",2025-01-19,Domingo,20.5,trail running,Absoluta/General,24,155,Barxeta,la Costera,Valencia,0,3149,"Trail 20,5k, 1100m/+",Comunitat Valenciana
mychip,"SERRALADES DE BARXETA - MABU, 2025",2025-01-19,Domingo,12.0,trail running,Absoluta/General,66,72,Barxeta,la Costera,Valencia,0,3149,"Marxa 12,5k, 600m/+",Comunitat Valenciana
mychip,"SERRALADES DE BARXETA - MABU, 2025",2025-01-19,Domingo,12.5,trail running,Absoluta/General,84,172,Barxeta,la Costera,Valencia,0,3149,"Sprint trail 12,5k 650m/+",Comunitat Valenciana
mychip,"ALMÈDIA TRAIL, 7E. CIRCUIT TRAIL MARINA 24/25",2025-01-12,Domingo,22.0,trail running,Absoluta/General,20,106,Callosa d'en Sarrià,la Marina Baixa,Alicante,0,3137,"Almèdia Trail, Mitjes CTM",Comunitat Valenciana
mychip,"ALMÈDIA TRAIL, 7E. CIRCUIT TRAIL MARINA 24/25",2025-01-12,Domingo,15.0,trail running,Absoluta/General,73,184,Callosa d'en Sarrià,la Marina Baixa,Alicante,0,3137,"Sprint Trail Almèdia, Sprint CTM",Comunitat Valenciana
mychip,"ALMÈDIA TRAIL, 7E. CIRCUIT TRAIL MARINA 24/25",2025-01-12,Domingo,12.5,trail running,Absoluta/General,51,39,Callosa d'en Sarrià,la Marina Baixa,Alicante,0,3137,Sender,Comunitat Valenciana
mychip,XLII San Silvestre Toledana,2024-12-31,Martes,8.0,road running,Absoluta/General,911,2662,Toledo,,Toledo,0,3161,ABSOLUTA,Castilla-La Mancha
mychip,XLII San Silvestre Toledana,2024-12-31,Martes,0.4,road running,Infantil,54,63,Toledo,,Toledo,0,3161,0 a 5 años,Castilla-La Mancha
mychip,XLII San Silvestre Toledana,2024-12-31,Martes,0.4,road running,Infantil,87,106,Toledo,,Toledo,0,3161,6 a 9 años,Castilla-La Mancha
mychip,XLII San Silvestre Toledana,2024-12-31,Martes,0.8,road running,Infantil,40,47,Toledo,,Toledo,0,3161,10 a 11 años,Castilla-La Mancha
mychip,XLII San Silvestre Toledana,2024-12-31,Martes,1.2,road running,Infantil,21,21,Toledo,,Toledo,0,3161,12 a 13 años,Castilla-La Mancha
mychip,XLII San Silvestre Toledana,2024-12-31,Martes,1.2,road running,Infantil,12,22,Toledo,,Toledo,0,3161,14 a 15 años,Castilla-La Mancha
mychip,XXXVIII San Silvestre Vallera,2024-12-31,Martes,1.6,road running,Absoluta/General,0,0,la Vall d'Uixó,la Plana Baixa,Castellón,0,3197,San Silvestre,Comunitat Valenciana
mychip,XIII Trail Muntanya de Vallada,2024-12-22,Domingo,22.0,trail running,Absoluta/General,32,221,Vallada,la Costera,Valencia,0,3150,Trail 22k,Comunitat Valenciana
mychip,XIII Trail Muntanya de Vallada,2024-12-22,Domingo,10.0,trail running,Absoluta/General,81,193,Vallada,la Costera,Valencia,0,3150,Sprint Trail 10k,Comunitat Valenciana
mychip,XL Carrera Popular CaixaBank Villa de Aranjuez  ,2024-12-22,Domingo,10.0,road running,Absoluta/General,1137,2585,Aranjuez,,Comunidad de Madrid,0,3155,10k,Comunidad de Madrid
mychip,XL Carrera Popular CaixaBank Villa de Aranjuez  ,2024-12-22,Domingo,0.0,road running,Infantil,0,0,Aranjuez,,Comunidad de Madrid,0,3155,Menores,Comunidad de Madrid
mychip,XXXIV San Silvestre Monovera,2024-12-22,Domingo,5.0,road running,Infantil,166,320,Monòver / Monóvar,el Vinalopó Mitjà / El Vinalopó Medio,Alicante,0,3177,5k +14 AÑOS,Comunitat Valenciana
mychip,XXXIV San Silvestre Monovera,2024-12-22,Domingo,5.0,road running,Absoluta/General,58,30,Monòver / Monóvar,el Vinalopó Mitjà / El Vinalopó Medio,Alicante,0,3177,Marcha no competitiva,Comunitat Valenciana
mychip,XXXIV San Silvestre Monovera,2024-12-22,Domingo,1.4,road running,Infantil,22,29,Monòver / Monóvar,el Vinalopó Mitjà / El Vinalopó Medio,Alicante,0,3177,11 A 13 AÑOS,Comunitat Valenciana
mychip,XXXIV San Silvestre Monovera,2024-12-22,Domingo,0.8,road running,Infantil,30,39,Monòver / Monóvar,el Vinalopó Mitjà / El Vinalopó Medio,Alicante,0,3177,8 A 10 AÑOS,Comunitat Valenciana
mychip,XXXIV San Silvestre Monovera,2024-12-22,Domingo,0.4,road running,Infantil,22,34,Monòver / Monóvar,el Vinalopó Mitjà / El Vinalopó Medio,Alicante,0,3177,De 6 a 7 años,Comunitat Valenciana
mychip,XXXIV San Silvestre Monovera,2024-12-22,Domingo,0.4,road running,Infantil,31,43,Monòver / Monóvar,el Vinalopó Mitjà / El Vinalopó Medio,Alicante,0,3177,HASTA 5 AÑOS,Comunitat Valenciana
mychip,IX Trail Xeresa Monduver ,2024-12-15,Domingo,21.66,trail running,Absoluta/General,30,138,Xeresa,la Safor,Valencia,0,3090,"21k, Trail",Comunitat Valenciana
mychip,IX Trail Xeresa Monduver ,2024-12-15,Domingo,11.26,trail running,Absoluta/General,52,126,Xeresa,la Safor,Valencia,0,3090,"11k, Sprint Trail ",Comunitat Valenciana
mychip,XVIII CARRERA POR MONTAÑA Y MARCHA A PIÉ SERRA DEL COTO,2024-12-15,Domingo,22.0,trail running,Absoluta/General,37,181,Monòver / Monóvar,el Vinalopó Mitjà / El Vinalopó Medio,Alicante,0,3159,"23k, TRAIL",Comunitat Valenciana
mychip,XVIII CARRERA POR MONTAÑA Y MARCHA A PIÉ SERRA DEL COTO,2024-12-15,Domingo,13.0,trail running,Absoluta/General,147,199,Monòver / Monóvar,el Vinalopó Mitjà / El Vinalopó Medio,Alicante,0,3159,14k TRAIL & SENDER,Comunitat Valenciana
mychip,Tombatossals 2024,2024-12-15,Domingo,21.0,road running,Absoluta/General,49,253,Castelló de la Plana,la Plana Alta,Castellón,0,3199,21k,Comunitat Valenciana
mychip,Tombatossals 2024,2024-12-15,Domingo,11.0,road running,Absoluta/General,177,257,Castelló de la Plana,la Plana Alta,Castellón,0,3199,11k,Comunitat Valenciana
mychip,Volta a peu a Castelló,2024-12-14,Sábado,5.0,road running,Absoluta/General,9,30,Castelló,la Ribera Alta,Valencia,0,3184,5Km,Comunitat Valenciana
mychip,CARRERA NAVIDEÑA SOLIDARIA PARA LOS AFECTADOS POR LA DANA EN COLABORACIÓN CON CÁRITAS ,2024-12-14,Sábado,0.0,road running,Absoluta/General,0,0,Alfara del Patriarca,l'Horta Nord,Valencia,0,3186,Campus de Castellón Universidad CEU Cardenal Herrera,Comunitat Valenciana
mychip,CARRERA NAVIDEÑA SOLIDARIA PARA LOS AFECTADOS POR LA DANA EN COLABORACIÓN CON CÁRITAS ,2024-12-14,Sábado,0.0,road running,Absoluta/General,0,0,Alfara del Patriarca,l'Horta Nord,Valencia,0,3186,Campus de Alfara del Patriarca Universidad CEU Cardenal Herrera,Comunitat Valenciana
mychip,CARRERA NAVIDEÑA SOLIDARIA PARA LOS AFECTADOS POR LA DANA EN COLABORACIÓN CON CÁRITAS ,2024-12-14,Sábado,0.0,road running,Absoluta/General,0,0,Alfara del Patriarca,l'Horta Nord,Valencia,0,3186,Campus de Elche Universidad CEU Cardenal Herrera,Comunitat Valenciana
mychip,"XX TRAIL SERRA D'OLTÀ, CALP, CTM 24/25",2024-12-07,Sábado,22.0,trail running,Absoluta/General,38,172,Calp,la Marina Alta,Alicante,0,3132,"MM Oltà, Mitjes CTM 24/25",Comunitat Valenciana
mychip,"XX TRAIL SERRA D'OLTÀ, CALP, CTM 24/25",2024-12-07,Sábado,14.0,trail running,Absoluta/General,93,214,Calp,la Marina Alta,Alicante,0,3132,"Sprint Trail la Mola, Sprint CTM",Comunitat Valenciana
mychip,"XX TRAIL SERRA D'OLTÀ, CALP, CTM 24/25",2024-12-07,Sábado,14.0,trail running,Absoluta/General,45,69,Calp,la Marina Alta,Alicante,0,3132,Marxa la Mola,Comunitat Valenciana
mychip,"XX TRAIL SERRA D'OLTÀ, CALP, CTM 24/25",2024-12-07,Sábado,42.0,trail running,Absoluta/General,9,75,Calp,la Marina Alta,Alicante,0,3132,MARATÓ,Comunitat Valenciana
mychip,XIV Carrera por Montaña Sierra de Chiva.,2024-12-07,Sábado,61.0,trail running,Absoluta/General,0,0,Chiva,La Hoya de Buñol,Valencia,0,3157,61k,Comunitat Valenciana
mychip,XIV Carrera por Montaña Sierra de Chiva.,2024-12-07,Sábado,35.0,trail running,Absoluta/General,0,0,Chiva,La Hoya de Buñol,Valencia,0,3157,35k,Comunitat Valenciana
mychip,XIV Carrera por Montaña Sierra de Chiva.,2024-12-07,Sábado,14.0,trail running,Absoluta/General,0,0,Chiva,La Hoya de Buñol,Valencia,0,3157,14k,Comunitat Valenciana
mychip,IV San Silvestre La sonrisa de José.,2024-12-07,Sábado,0.0,trail running,Absoluta/General,0,0,Liétor,,Castilla-La Mancha,0,3167,Matagigantes Trail 16k,Castilla-La Mancha
mychip,IV San Silvestre La sonrisa de José.,2024-12-07,Sábado,0.0,trail running,Absoluta/General,0,0,Liétor,,Castilla-La Mancha,0,3167,"9k, Trail corto",Castilla-La Mancha
mychip,IV San Silvestre La sonrisa de José.,2024-12-07,Sábado,1.0,trail running,Absoluta/General,0,0,Liétor,,Castilla-La Mancha,0,3167,"1k, disfraces",Castilla-La Mancha
mychip,IV San Silvestre La sonrisa de José.,2024-12-07,Sábado,0.0,trail running,Absoluta/General,0,0,Liétor,,Castilla-La Mancha,0,3167,Camiseta conmemorativa,Castilla-La Mancha
mychip,IV San Silvestre La sonrisa de José.,2024-12-07,Sábado,0.0,trail running,Otros,0,0,Liétor,,Castilla-La Mancha,0,3167,Dorsal 0 a favor de NIÑOS CON CÁNCER AFANIÓN,Castilla-La Mancha
mychip,10 Trail el Ventós,2024-12-01,Domingo,16.0,trail running,Absoluta/General,29,126,Agost,l'Alacantí,Alicante,0,3160,Trail 16k,Comunitat Valenciana
mychip,10 Trail el Ventós,2024-12-01,Domingo,8.0,trail running,Absoluta/General,18,15,Agost,l'Alacantí,Alicante,0,3160,Sender 8k,Comunitat Valenciana
mychip,"8e Trail Senglars, La Mola Extrem, Favara",2024-12-01,Domingo,14.0,trail running,Absoluta/General,26,135,Favara,la Ribera Baixa,Valencia,0,3164,Mola Extrem,Comunitat Valenciana
mychip,"Campeonato Autonómico de Escalada de Velocidad, Femecv 24, Alzira",2024-12-01,Domingo,0.0,Otros,Absoluta/General,0,0,Alzira,la Ribera Alta,Valencia,0,3174,Absoluta,Comunitat Valenciana
mychip,"Campeonato Autonómico de Escalada de Velocidad, Femecv 24, Alzira",2024-12-01,Domingo,0.0,Otros,Infantil,0,0,Alzira,la Ribera Alta,Valencia,0,3174,Menores,Comunitat Valenciana
mychip,"3a. Prueba LIE,  FEMECV 2024, Alzira",2024-12-01,Domingo,0.0,Otros,Absoluta/General,0,0,Alzira,la Ribera Alta,Valencia,0,3175,Copa LIE,Comunitat Valenciana
mychip,"Campeonato Autonómico de Escalada de dificultad, Femecv 24, alzira",2024-11-30,Sábado,0.0,Otros,Absoluta/General,0,0,Alzira,la Ribera Alta,Valencia,0,3172,Absoluta,Comunitat Valenciana
mychip,"Campeonato Autonómico de Escalada de dificultad, Femecv 24, alzira",2024-11-30,Sábado,0.0,Otros,Infantil,0,0,Alzira,la Ribera Alta,Valencia,0,3172,Menores,Comunitat Valenciana
mychip,"III Pujada Ermita Sant Esteve, Ontinyent ",2024-11-24,Domingo,11.0,road running,Absoluta/General,36,118,Ontinyent,la Vall d'Albaida,Valencia,0,3114,"11K, Corriendo",Comunitat Valenciana
mychip,"III Pujada Ermita Sant Esteve, Ontinyent ",2024-11-24,Domingo,11.0,road running,Absoluta/General,140,83,Ontinyent,la Vall d'Albaida,Valencia,0,3114,SENDER 11k,Comunitat Valenciana
mychip,"X TRAIL TRES TOSSALS, GATA DE GORGOS, CTM 24/25",2024-11-24,Domingo,21.0,trail running,Absoluta/General,17,102,Gata de Gorgos,la Marina Alta,Alicante,0,3130,"20.5k, tres Tossals, Mitjes CTM",Comunitat Valenciana
mychip,"X TRAIL TRES TOSSALS, GATA DE GORGOS, CTM 24/25",2024-11-24,Domingo,16.0,trail running,Absoluta/General,51,136,Gata de Gorgos,la Marina Alta,Alicante,0,3130,"Sprint Tres Tossals, CTM",Comunitat Valenciana
mychip,"X TRAIL TRES TOSSALS, GATA DE GORGOS, CTM 24/25",2024-11-24,Domingo,16.0,trail running,Absoluta/General,15,27,Gata de Gorgos,la Marina Alta,Alicante,0,3130,"Sender 10,5K",Comunitat Valenciana
mychip,"5ª Prueba de Copa Marcha Nórdica, Crevillent, FEMECV 24",2024-11-23,Sábado,11.5,marcha,Absoluta/General,28,41,Crevillent,el Baix Vinalopó,Alicante,0,3074,Absoluta MN ,Comunitat Valenciana
mychip,"5ª Prueba de Copa Marcha Nórdica, Crevillent, FEMECV 24",2024-11-23,Sábado,6.9,marcha,Cadete/Juvenil,3,5,Crevillent,el Baix Vinalopó,Alicante,0,3074,Cadete MN,Comunitat Valenciana
mychip,"5ª Prueba de Copa Marcha Nórdica, Crevillent, FEMECV 24",2024-11-23,Sábado,6.9,marcha,Infantil,3,0,Crevillent,el Baix Vinalopó,Alicante,0,3074,Infantil MN,Comunitat Valenciana
mychip,"5ª Prueba de Copa Marcha Nórdica, Crevillent, FEMECV 24",2024-11-23,Sábado,4.6,marcha,Infantil,3,4,Crevillent,el Baix Vinalopó,Alicante,0,3074,"Alevín, MN",Comunitat Valenciana
mychip,"5ª Prueba de Copa Marcha Nórdica, Crevillent, FEMECV 24",2024-11-23,Sábado,1.2,marcha,Infantil,3,1,Crevillent,el Baix Vinalopó,Alicante,0,3074,Benjamín MN,Comunitat Valenciana
mychip,"5ª Prueba de Copa Marcha Nórdica, Crevillent, FEMECV 24",2024-11-23,Sábado,1.2,marcha,Infantil,0,2,Crevillent,el Baix Vinalopó,Alicante,0,3074,Prebenjamín MN,Comunitat Valenciana
mychip,"5ª Prueba de Copa Marcha Nórdica, Crevillent, FEMECV 24",2024-11-23,Sábado,9.2,marcha,Absoluta/General,14,11,Crevillent,el Baix Vinalopó,Alicante,0,3074,PROMO,Comunitat Valenciana
mychip,"VALLDIGNA EXTREM, 2024 Marxa senderista",2024-11-23,Sábado,38.0,marcha,Absoluta/General,0,0,Tavernes de la Valldigna,la Safor,Valencia,0,3154,VEX,Comunitat Valenciana
mychip,34ª. Media Maratón Pinoso,2024-11-17,Domingo,21.0,road running,Absoluta/General,16,85,el Pinós / Pinoso,el Vinalopó Mitjà / El Vinalopó Medio,Alicante,0,3168,Media Maratón,Comunitat Valenciana
mychip,34ª. Media Maratón Pinoso,2024-11-17,Domingo,10.0,road running,Absoluta/General,37,128,el Pinós / Pinoso,el Vinalopó Mitjà / El Vinalopó Medio,Alicante,0,3168,10k,Comunitat Valenciana
mychip,34ª. Media Maratón Pinoso,2024-11-17,Domingo,5.0,road running,Absoluta/General,59,68,el Pinós / Pinoso,el Vinalopó Mitjà / El Vinalopó Medio,Alicante,1,3168,5k,Comunitat Valenciana
mychip,34ª. Media Maratón Pinoso,2024-11-17,Domingo,10.0,road running,Absoluta/General,91,28,el Pinós / Pinoso,el Vinalopó Mitjà / El Vinalopó Medio,Alicante,0,3168,"Senderista, 10k",Comunitat Valenciana
mychip,MARATÓ DELS DEMENTS Y MITJA MARATÓ DELS DEMENTS D'AÍN,2024-11-16,Sábado,42.5,trail running,Absoluta/General,73,400,Eslida,la Plana Baixa,Castellón,0,3115,"Marató dels Dements 42,5 km 3808 +/-",Comunitat Valenciana
mychip,MARATÓ DELS DEMENTS Y MITJA MARATÓ DELS DEMENTS D'AÍN,2024-11-16,Sábado,22.5,trail running,Absoluta/General,46,223,Eslida,la Plana Baixa,Castellón,0,3115,"Mitja d'Aín 22,5 km 2007 +/-",Comunitat Valenciana
mychip,"IV VOLTA ALS PONTS PRO ALZHEIMER, ALCOY",2024-11-10,Domingo,4.75,marcha,Elite,0,0,Alcoi / Alcoy,l'Alcoià,Alicante,0,3171,Pro-Alzheimer,Comunitat Valenciana
mychip,"IV VOLTA ALS PONTS PRO ALZHEIMER, ALCOY",2024-11-10,Domingo,4.75,marcha,Infantil,0,0,Alcoi / Alcoy,l'Alcoià,Alicante,0,3171,DE 0 A 14 AÑOS,Comunitat Valenciana
mychip,"IV VOLTA ALS PONTS PRO ALZHEIMER, ALCOY",2024-11-10,Domingo,0.0,marcha,Otros,0,0,Alcoi / Alcoy,l'Alcoià,Alicante,0,3171,Dorsal 0,Comunitat Valenciana
mychip,"10a  Pujada a la Penya Migjorn, Xixona",2024-11-03,Domingo,23.45,trail running,Absoluta/General,6,62,Xixona / Jijona,l'Alacantí,Alicante,0,3116,Trail 23k,Comunitat Valenciana
mychip,"10a  Pujada a la Penya Migjorn, Xixona",2024-11-03,Domingo,15.0,trail running,Absoluta/General,30,77,Xixona / Jijona,l'Alacantí,Alicante,0,3116,Sprint Trail 15k,Comunitat Valenciana
mychip,"10a  Pujada a la Penya Migjorn, Xixona",2024-11-03,Domingo,15.0,trail running,Absoluta/General,25,40,Xixona / Jijona,l'Alacantí,Alicante,0,3116,Sender,Comunitat Valenciana
mychip,Trail de Bocairent 24,2024-10-27,Domingo,23.0,trail running,Absoluta/General,12,90,Bocairent,la Vall d'Albaida,Valencia,0,3133,Trail Llarg 23k,Comunitat Valenciana
mychip,Trail de Bocairent 24,2024-10-27,Domingo,13.0,trail running,Absoluta/General,44,146,Bocairent,la Vall d'Albaida,Valencia,0,3133,Sprint Trail 13k,Comunitat Valenciana
mychip,Trail de Bocairent 24,2024-10-27,Domingo,11.0,trail running,Absoluta/General,156,115,Bocairent,la Vall d'Albaida,Valencia,0,3133,Sender,Comunitat Valenciana
mychip,XIX FONS i II MINI FONS DE LA TARDOR.,2024-10-20,Domingo,24.0,trail running,Absoluta/General,16,87,la Vall d'Uixó,la Plana Baixa,Castellón,0,3122,Fons de la Tardor,Comunitat Valenciana
mychip,XIX FONS i II MINI FONS DE LA TARDOR.,2024-10-20,Domingo,12.0,trail running,Absoluta/General,90,154,la Vall d'Uixó,la Plana Baixa,Castellón,0,3122,MINI FONS DE LA TARDOR,Comunitat Valenciana
mychip,"13a. BAJADA SOLIDARIA CREVILLENT-EL REALENGO-CAMPING ALANNIA COSTA BLANCA,",2024-10-20,Domingo,11.0,trail running,Absoluta/General,77,166,Crevillent,el Baix Vinalopó,Alicante,0,3126,Corredores,Comunitat Valenciana
mychip,"13a. BAJADA SOLIDARIA CREVILLENT-EL REALENGO-CAMPING ALANNIA COSTA BLANCA,",2024-10-20,Domingo,11.0,trail running,Absoluta/General,7,5,Crevillent,el Baix Vinalopó,Alicante,0,3126,Nórdica,Comunitat Valenciana
mychip,"13a. BAJADA SOLIDARIA CREVILLENT-EL REALENGO-CAMPING ALANNIA COSTA BLANCA,",2024-10-20,Domingo,11.0,trail running,Absoluta/General,3,5,Crevillent,el Baix Vinalopó,Alicante,0,3126,Senderista,Comunitat Valenciana
mychip,"13a. BAJADA SOLIDARIA CREVILLENT-EL REALENGO-CAMPING ALANNIA COSTA BLANCA,",2024-10-20,Domingo,0.0,trail running,Otros,0,0,Crevillent,el Baix Vinalopó,Alicante,0,3126,Dorsal 0,Comunitat Valenciana
mychip,"II Badall Trail, Benigembla, 7E. CIRCUIT TRAIL MARINA 24/25",2024-10-20,Domingo,22.0,trail running,Absoluta/General,23,111,Benigembla,la Marina Alta,Alicante,0,3128,"Badall Trail, Mitjes CTM",Comunitat Valenciana
mychip,"II Badall Trail, Benigembla, 7E. CIRCUIT TRAIL MARINA 24/25",2024-10-20,Domingo,15.0,trail running,Absoluta/General,65,168,Benigembla,la Marina Alta,Alicante,0,3128,"Penya Blanca, Sprint CTM",Comunitat Valenciana
mychip,IX Trail de Buñol,2024-10-20,Domingo,21.0,trail running,Absoluta/General,11,88,Buñol,La Hoya de Buñol,Valencia,0,3143,Trail Largo,Comunitat Valenciana
mychip,IX Trail de Buñol,2024-10-20,Domingo,11.5,trail running,Absoluta/General,33,131,Buñol,La Hoya de Buñol,Valencia,0,3143,Trail Corto,Comunitat Valenciana
mychip,IX Trail de Buñol,2024-10-20,Domingo,8.0,trail running,Absoluta/General,0,0,Buñol,La Hoya de Buñol,Valencia,0,3143,Caminata 8k,Comunitat Valenciana
mychip,"Alicante para la lucha contra el cáncer, sede local de Agost, 2024",2024-10-20,Domingo,0.0,Otros,Absoluta/General,0,0,Agost,l'Alacantí,Alicante,0,3169,Yo lucho contra el Cáncer,Comunitat Valenciana
mychip,"Alicante para la lucha contra el cáncer, sede local de Agost, 2024",2024-10-20,Domingo,0.0,Otros,Otros,0,0,Agost,l'Alacantí,Alicante,0,3169,Dorsal 0,Comunitat Valenciana
mychip,"4ª Prueba de Copa Marcha Nórdica, Santa Pola, FEMECV 24",2024-10-19,Sábado,12.6,marcha,Absoluta/General,37,76,Santa Pola,el Baix Vinalopó,Alicante,0,3073,Absoluta MN ,Comunitat Valenciana
mychip,"4ª Prueba de Copa Marcha Nórdica, Santa Pola, FEMECV 24",2024-10-19,Sábado,7.0,marcha,Cadete/Juvenil,4,8,Santa Pola,el Baix Vinalopó,Alicante,0,3073,Cadete MN,Comunitat Valenciana
mychip,"4ª Prueba de Copa Marcha Nórdica, Santa Pola, FEMECV 24",2024-10-19,Sábado,7.0,marcha,Infantil,4,1,Santa Pola,el Baix Vinalopó,Alicante,0,3073,Infantil MN,Comunitat Valenciana
mychip,"4ª Prueba de Copa Marcha Nórdica, Santa Pola, FEMECV 24",2024-10-19,Sábado,4.0,marcha,Infantil,1,3,Santa Pola,el Baix Vinalopó,Alicante,0,3073,"Alevín, MN",Comunitat Valenciana
mychip,"4ª Prueba de Copa Marcha Nórdica, Santa Pola, FEMECV 24",2024-10-19,Sábado,1.4,marcha,Infantil,2,0,Santa Pola,el Baix Vinalopó,Alicante,0,3073,Benjamín MN,Comunitat Valenciana
mychip,"4ª Prueba de Copa Marcha Nórdica, Santa Pola, FEMECV 24",2024-10-19,Sábado,1.4,marcha,Infantil,0,2,Santa Pola,el Baix Vinalopó,Alicante,0,3073,Prebenjamín MN,Comunitat Valenciana
mychip,"4ª Prueba de Copa Marcha Nórdica, Santa Pola, FEMECV 24",2024-10-19,Sábado,9.8,marcha,Absoluta/General,36,11,Santa Pola,el Baix Vinalopó,Alicante,0,3073,PROMO,Comunitat Valenciana
mychip,"Campionat Autonòmic Llarg recorregut, Tavernes de la Valldigna, FEMECV 24 ",2024-10-19,Sábado,67.0,trail running,Absoluta/General,5,28,Tavernes de la Valldigna,la Safor,Valencia,0,3119,Ultra FEMECV,Comunitat Valenciana
mychip,"Campionat Autonòmic Llarg recorregut, Tavernes de la Valldigna, FEMECV 24 ",2024-10-19,Sábado,67.0,trail running,Absoluta/General,2,22,Tavernes de la Valldigna,la Safor,Valencia,0,3119,Open Ultra,Comunitat Valenciana
mychip,"Campionat Autonòmic Llarg recorregut, Tavernes de la Valldigna, FEMECV 24 ",2024-10-19,Sábado,67.0,trail running,Absoluta/General,1,2,Tavernes de la Valldigna,la Safor,Valencia,0,3119,Relleus ULTRA,Comunitat Valenciana
mychip,"Campionat Autonòmic Llarg recorregut, Tavernes de la Valldigna, FEMECV 24 ",2024-10-19,Sábado,14.0,trail running,Absoluta/General,12,56,Tavernes de la Valldigna,la Safor,Valencia,0,3119,Sprint Trail,Comunitat Valenciana
mychip,"1er. Trail Nocturno Cabeço D'Or, Busot",2024-10-19,Sábado,17.57,trail running,Absoluta/General,21,104,Busot,l'Alacantí,Alicante,0,3148,Trail,Comunitat Valenciana
mychip,"1er. Trail Nocturno Cabeço D'Or, Busot",2024-10-19,Sábado,15.75,trail running,Absoluta/General,28,51,Busot,l'Alacantí,Alicante,0,3148,Sender,Comunitat Valenciana
mychip,"5k Festes del Roser, III Circuit Carreres Populars Ciutat de la Vall D'Uixó 2024",2024-10-11,Viernes,5.0,road running,Absoluta/General,45,96,la Vall d'Uixó,la Plana Baixa,Castellón,0,3088,5k Individual,Comunitat Valenciana
mychip,7é Onil Trails 2024,2024-10-06,Domingo,40.0,trail running,Absoluta/General,7,80,Onil,l'Alcoià,Alicante,0,3091,"40k, Trail Onil, 1800m/+",Comunitat Valenciana
mychip,7é Onil Trails 2024,2024-10-06,Domingo,25.0,trail running,Absoluta/General,9,90,Onil,l'Alcoià,Alicante,0,3091,"25k, Trail Onil, 1300m/+",Comunitat Valenciana
mychip,7é Onil Trails 2024,2024-10-06,Domingo,14.0,trail running,Absoluta/General,49,142,Onil,l'Alcoià,Alicante,0,3091,"14k Trail Onil, 700m/+",Comunitat Valenciana
mychip,7é Onil Trails 2024,2024-10-06,Domingo,14.0,trail running,Absoluta/General,56,71,Onil,l'Alcoià,Alicante,0,3091,"14k, Sender Onil, 700m/+",Comunitat Valenciana
mychip,X MARCHA CICLODEPORTIVA GSPORT - LA POBLA LLARGA,2024-10-06,Domingo,137.0,Ciclismo y btt,Absoluta/General,95,173,la Pobla Llarga,la Ribera Alta,Valencia,0,3095,Cicloturista,Comunitat Valenciana
mychip,X MARCHA CICLODEPORTIVA GSPORT - LA POBLA LLARGA,2024-10-06,Domingo,0.0,Ciclismo y btt,Absoluta/General,0,0,la Pobla Llarga,la Ribera Alta,Valencia,0,3095,"Grupos 10 o más inscritos, 10% descuento",Comunitat Valenciana
mychip,"TRAIL SOLIDARI CIUTAT D’ALCOI, 2024",2024-10-05,Sábado,44.0,trail running,Absoluta/General,12,301,Alcoi / Alcoy,l'Alcoià,Alicante,102,3105,"Trail Solidari Alcoi, 44km 2334m/+",Comunitat Valenciana
mychip,"TRAIL SOLIDARI CIUTAT D’ALCOI, 2024",2024-10-05,Sábado,30.0,trail running,Absoluta/General,74,343,Alcoi / Alcoy,l'Alcoià,Alicante,244,3105,"Mig Trail Solidari Alcoi, 27km 1280m/+",Comunitat Valenciana
mychip,"TRAIL SOLIDARI CIUTAT D’ALCOI, 2024",2024-10-05,Sábado,22.0,trail running,Absoluta/General,472,311,Alcoi / Alcoy,l'Alcoià,Alicante,0,3105,Marcha Solidaria Alcoi 22km 859m/+,Comunitat Valenciana
mychip,"TRAIL SOLIDARI CIUTAT D’ALCOI, 2024",2024-10-05,Sábado,17.0,trail running,Absoluta/General,0,12,Alcoi / Alcoy,l'Alcoià,Alicante,0,3105,"Jove trail, 17k 741m/+",Comunitat Valenciana
mychip,"TRAIL SOLIDARI CIUTAT D’ALCOI, 2024",2024-10-05,Sábado,0.0,trail running,Equipos,0,0,Alcoi / Alcoy,l'Alcoià,Alicante,0,3105,Equipo patrocinado,Comunitat Valenciana
mychip,BENICATRAIL 2024,2024-09-29,Domingo,26.0,trail running,Absoluta/General,21,156,Beniatjar,la Vall d'Albaida,Valencia,0,3096,Benicatrail clàssica,Comunitat Valenciana
mychip,BENICATRAIL 2024,2024-09-29,Domingo,14.0,trail running,Absoluta/General,65,148,Beniatjar,la Vall d'Albaida,Valencia,0,3096,Benicatrail promo,Comunitat Valenciana
mychip,Selènika 2024,2024-09-29,Domingo,83.0,Ciclismo y btt,Absoluta/General,10,265,Navarcles,,Barcelona,0,3123,Selènika LLarga,Catalunya
mychip,Selènika 2024,2024-09-29,Domingo,83.0,Ciclismo y btt,Absoluta/General,0,14,Navarcles,,Barcelona,0,3123,Llarga E-Bike,Catalunya
mychip,Selènika 2024,2024-09-29,Domingo,70.0,Ciclismo y btt,Absoluta/General,3,59,Navarcles,,Barcelona,0,3123,Selènika Curta,Catalunya
mychip,Selènika 2024,2024-09-29,Domingo,70.0,Ciclismo y btt,Absoluta/General,1,10,Navarcles,,Barcelona,0,3123,Curta E-Bike,Catalunya
mychip,Selènika 2024,2024-09-29,Domingo,70.0,Ciclismo y btt,Absoluta/General,0,16,Navarcles,,Barcelona,0,3123,Curta Gravel,Catalunya
mychip,"3ª Travesia Fonts de l'algar, Senija",2024-09-29,Domingo,0.0,trail running,Absoluta/General,0,0,Senija,la Marina Alta,Alicante,0,3152,Travesia,Comunitat Valenciana
mychip,"3ª Prueba de Copa Marcha Nórdica, Xeresa, FEMECV 24",2024-09-28,Sábado,12.0,marcha,Absoluta/General,31,47,Xeresa,la Safor,Valencia,0,3072,Absoluta MN ,Comunitat Valenciana
mychip,"3ª Prueba de Copa Marcha Nórdica, Xeresa, FEMECV 24",2024-09-28,Sábado,8.0,marcha,Cadete/Juvenil,4,6,Xeresa,la Safor,Valencia,0,3072,Cadete MN,Comunitat Valenciana
mychip,"3ª Prueba de Copa Marcha Nórdica, Xeresa, FEMECV 24",2024-09-28,Sábado,8.0,marcha,Infantil,3,1,Xeresa,la Safor,Valencia,0,3072,Infantil MN,Comunitat Valenciana
mychip,"3ª Prueba de Copa Marcha Nórdica, Xeresa, FEMECV 24",2024-09-28,Sábado,4.0,marcha,Infantil,2,3,Xeresa,la Safor,Valencia,0,3072,"Alevín, MN",Comunitat Valenciana
mychip,"3ª Prueba de Copa Marcha Nórdica, Xeresa, FEMECV 24",2024-09-28,Sábado,1.0,marcha,Infantil,3,0,Xeresa,la Safor,Valencia,0,3072,Benjamín MN,Comunitat Valenciana
mychip,"3ª Prueba de Copa Marcha Nórdica, Xeresa, FEMECV 24",2024-09-28,Sábado,1.0,marcha,Infantil,1,3,Xeresa,la Safor,Valencia,0,3072,Prebenjamín MN,Comunitat Valenciana
mychip,"3ª Prueba de Copa Marcha Nórdica, Xeresa, FEMECV 24",2024-09-28,Sábado,8.0,marcha,Absoluta/General,31,15,Xeresa,la Safor,Valencia,0,3072,PROMO,Comunitat Valenciana
mychip,"5k de la Pilarica, III Circuit Carreres Populars Ciutat de la Vall D'Uixó 2024",2024-09-28,Sábado,5.0,road running,Absoluta/General,45,79,la Vall d'Uixó,la Plana Baixa,Castellón,0,3087,5k Individual,Comunitat Valenciana
mychip,"Sprint Trail Senyera, 2024 ",2024-09-22,Domingo,13.0,trail running,Absoluta/General,31,115,Senyera,la Ribera Alta,Valencia,0,3125,Sprint Trail,Comunitat Valenciana
mychip,"Sprint Trail Senyera, 2024 ",2024-09-22,Domingo,8.0,trail running,Absoluta/General,108,58,Senyera,la Ribera Alta,Valencia,0,3125,Sender,Comunitat Valenciana
mychip,"Sprint Trail Senyera, 2024 ",2024-09-22,Domingo,8.0,trail running,Absoluta/General,7,30,Senyera,la Ribera Alta,Valencia,0,3125,Canicross,Comunitat Valenciana
mychip,"Campionat Autonòmic de Carrera Vertical, FEMECV 2024, Orihuela",2024-09-22,Domingo,3.05,trail running,Absoluta/General,10,28,Orihuela,,Alicante,0,3136,Federados Absoluta,Comunitat Valenciana
mychip,"Campionat Autonòmic de Carrera Vertical, FEMECV 2024, Orihuela",2024-09-22,Domingo,3.05,trail running,Cadete/Juvenil,0,0,Orihuela,,Alicante,0,3136,Federados Júnior,Comunitat Valenciana
mychip,"Campionat Autonòmic de Carrera Vertical, FEMECV 2024, Orihuela",2024-09-22,Domingo,3.05,trail running,Cadete/Juvenil,1,0,Orihuela,,Alicante,0,3136,Federados Juvenil,Comunitat Valenciana
mychip,"Campionat Autonòmic de Carrera Vertical, FEMECV 2024, Orihuela",2024-09-22,Domingo,3.05,trail running,Cadete/Juvenil,1,1,Orihuela,,Alicante,0,3136,Federados Cadete,Comunitat Valenciana
mychip,"Campionat Autonòmic de Carrera Vertical, FEMECV 2024, Orihuela",2024-09-22,Domingo,1.6,trail running,Infantil,0,4,Orihuela,,Alicante,0,3136,Federado Infantil,Comunitat Valenciana
mychip,"Campionat Autonòmic de Carrera Vertical, FEMECV 2024, Orihuela",2024-09-22,Domingo,1.6,trail running,Infantil,0,0,Orihuela,,Alicante,0,3136,Federados Alevín,Comunitat Valenciana
mychip,XXII Volta Popular en Bicicleta a Cullera,2024-09-22,Domingo,10.5,Ciclismo y btt,Absoluta/General,0,0,Cullera,la Ribera Baixa,Valencia,0,3158,Volta en Bici,Comunitat Valenciana
mychip,"Faldes del Puig Campana, Trail & Sender Nocturn, 2024",2024-09-21,Sábado,16.0,Otros,Absoluta/General,11,96,Finestrat,la Marina Baixa,Alicante,0,3109,Trail Nocturno,Comunitat Valenciana
mychip,"Faldes del Puig Campana, Trail & Sender Nocturn, 2024",2024-09-21,Sábado,9.0,Otros,Absoluta/General,15,28,Finestrat,la Marina Baixa,Alicante,0,3109,Sprint Trail,Comunitat Valenciana
mychip,"Faldes del Puig Campana, Trail & Sender Nocturn, 2024",2024-09-21,Sábado,9.0,Otros,Absoluta/General,28,27,Finestrat,la Marina Baixa,Alicante,0,3109,Sender,Comunitat Valenciana
mychip,III PUJADA A LA SERRRETA - CARMELITES - VEDRUNA,2024-09-21,Sábado,13.0,trail running,Absoluta/General,44,154,Alcoi / Alcoy,l'Alcoià,Alicante,0,3117,Pujada a la Serreta,Comunitat Valenciana
mychip,III PUJADA A LA SERRRETA - CARMELITES - VEDRUNA,2024-09-21,Sábado,9.0,trail running,Absoluta/General,92,67,Alcoi / Alcoy,l'Alcoià,Alicante,0,3117,Marxa,Comunitat Valenciana
mychip,III PUJADA A LA SERRRETA - CARMELITES - VEDRUNA,2024-09-21,Sábado,9.0,trail running,Absoluta/General,1,4,Alcoi / Alcoy,l'Alcoià,Alicante,0,3117,Marxa nórdica,Comunitat Valenciana
mychip,III PUJADA A LA SERRRETA - CARMELITES - VEDRUNA,2024-09-21,Sábado,0.0,trail running,Infantil,0,0,Alcoi / Alcoy,l'Alcoià,Alicante,0,3117,Menores,Comunitat Valenciana
mychip,III PUJADA A LA SERRRETA - CARMELITES - VEDRUNA,2024-09-21,Sábado,0.0,trail running,Otros,0,0,Alcoi / Alcoy,l'Alcoià,Alicante,0,3117,dorsal 0,Comunitat Valenciana
mychip,"3ª Prueba De Copa de Escalada de Bloque de la Comunidad Valenciana, FEMECV 2024",2024-09-21,Sábado,0.0,Otros,Absoluta/General,0,0,València,,Valencia,0,3151,Copa Bloque,Comunitat Valenciana
mychip,XXV Volta a peu a Corbera,2024-08-31,Sábado,8.0,road running,Absoluta/General,41,174,Corbera,la Ribera Baixa,Valencia,0,3131,8Km,Comunitat Valenciana
mychip,XXVII CARRERA MATUTINA A LA PLAYA DE CULLERA,2024-08-03,Sábado,7.0,road running,Absoluta/General,58,240,Cullera,la Ribera Baixa,Valencia,0,3120,7k,Comunitat Valenciana
mychip,XXVII CARRERA MATUTINA A LA PLAYA DE CULLERA,2024-08-03,Sábado,7.0,road running,Absoluta/General,0,0,Cullera,la Ribera Baixa,Valencia,0,3120,7k + gafas MORFEO 42k,Comunitat Valenciana
mychip,35na VOLTA A PEU A LA PLATJA DE TAVERNES,2024-08-02,Viernes,8.0,road running,Absoluta/General,221,716,Tavernes de la Valldigna,la Safor,Valencia,0,3101,8K,Comunitat Valenciana
mychip,MATAGIGANTES TRAIL LIÉTOR 2024,2024-07-20,Sábado,16.0,trail running,Absoluta/General,0,0,Liétor,,Castilla-La Mancha,0,3121,Trail 16k ,Castilla-La Mancha
mychip,MATAGIGANTES TRAIL LIÉTOR 2024,2024-07-20,Sábado,9.0,trail running,Absoluta/General,0,0,Liétor,,Castilla-La Mancha,0,3121,Sprint 9k,Castilla-La Mancha
mychip,MATAGIGANTES TRAIL LIÉTOR 2024,2024-07-20,Sábado,9.0,trail running,Absoluta/General,0,0,Liétor,,Castilla-La Mancha,0,3121,Sender 9k,Castilla-La Mancha
mychip,"12ª Marcha Nocturna CEXVillena ""Sierra La Villa""",2024-07-19,Viernes,12.0,trail running,Absoluta/General,0,0,Villena,l'Alt Vinalopó / El Alto Vinalopó,Alicante,0,3111,Federados FEDME,Comunitat Valenciana
mychip,"12ª Marcha Nocturna CEXVillena ""Sierra La Villa""",2024-07-19,Viernes,12.0,trail running,Absoluta/General,0,0,Villena,l'Alt Vinalopó / El Alto Vinalopó,Alicante,0,3111,No federados,Comunitat Valenciana
mychip,"Amanece Trail Desafío Aýna, 2024",2024-06-29,Sábado,28.0,trail running,Absoluta/General,0,0,Aýna,,Castilla-La Mancha,0,3112,Trail 28k,Castilla-La Mancha
mychip,"Amanece Trail Desafío Aýna, 2024",2024-06-29,Sábado,20.0,trail running,Absoluta/General,0,0,Aýna,,Castilla-La Mancha,0,3112,Trail 20k,Castilla-La Mancha
mychip,"Amanece Trail Desafío Aýna, 2024",2024-06-29,Sábado,10.0,trail running,Absoluta/General,0,0,Aýna,,Castilla-La Mancha,0,3112,Sprint Trail 10k,Castilla-La Mancha
mychip,"Amanece Trail Desafío Aýna, 2024",2024-06-29,Sábado,1.5,trail running,Absoluta/General,0,0,Aýna,,Castilla-La Mancha,0,3112,Peque Trail,Castilla-La Mancha
mychip,"Amanece Trail Desafío Aýna, 2024",2024-06-29,Sábado,0.0,trail running,Absoluta/General,0,0,Aýna,,Castilla-La Mancha,0,3112,Sender,Castilla-La Mancha
mychip,"2 prueba de Escalada en Bloque, FEMECV 2024, Valencia",2024-06-22,Sábado,0.0,Otros,Absoluta/General,0,0,València,,Valencia,0,3110,Campeonato Bloque,Comunitat Valenciana
mychip,"X CARRERA NOCTURNA A LA FONT DE GARRUT 2024, La Vall D'Uixó",2024-06-21,Viernes,10.0,trail running,Absoluta/General,62,163,la Vall d'Uixó,la Plana Baixa,Castellón,0,3100,Nocturna,Comunitat Valenciana
mychip,"XI CROSS LA ENCINA ""VUELTA AL ROCÍN""",2024-06-15,Sábado,10.0,trail running,Absoluta/General,0,0,La Encina,l'Alt Vinalopó / El Alto Vinalopó,Alicante,0,3092,Carrera,Comunitat Valenciana
mychip,"XI CROSS LA ENCINA ""VUELTA AL ROCÍN""",2024-06-15,Sábado,10.0,trail running,Absoluta/General,0,0,La Encina,l'Alt Vinalopó / El Alto Vinalopó,Alicante,0,3092,Marcha senderista,Comunitat Valenciana
mychip,Gala Circuit Tral Marina 2024,2024-06-15,Sábado,0.0,road running,Absoluta/General,0,0,Ondara,la Marina Alta,Alicante,0,3104,Gala Circuit,Comunitat Valenciana
mychip,5k Trinitarias,2024-06-15,Sábado,5.0,trail running,Absoluta/General,132,157,València,,Valencia,0,3118,5k,Comunitat Valenciana
mychip,5k Trinitarias,2024-06-15,Sábado,2.0,trail running,Absoluta/General,0,0,València,,Valencia,85,3118,2k,Comunitat Valenciana
mychip,5k Trinitarias,2024-06-15,Sábado,1.0,trail running,Absoluta/General,0,0,València,,Valencia,103,3118,1k,Comunitat Valenciana
mychip,"Amanece por chiva, Maratón Nocturno",2024-06-08,Sábado,46.0,trail running,Absoluta/General,4,63,Chiva,La Hoya de Buñol,Valencia,0,3066,46k,Comunitat Valenciana
mychip,"Amanece por chiva, Maratón Nocturno",2024-06-08,Sábado,28.0,trail running,Absoluta/General,9,53,Chiva,La Hoya de Buñol,Valencia,0,3066,28k,Comunitat Valenciana
mychip,XII Cursa per Muntanya les Xosses de Crevillent,2024-06-08,Sábado,18.0,trail running,Absoluta/General,84,297,Crevillent,el Baix Vinalopó,Alicante,0,3080,Trail,Comunitat Valenciana
mychip,XII Cursa per Muntanya les Xosses de Crevillent,2024-06-08,Sábado,13.5,trail running,Absoluta/General,104,107,Crevillent,el Baix Vinalopó,Alicante,0,3080,Sender,Comunitat Valenciana
mychip,XII Cursa per Muntanya les Xosses de Crevillent,2024-06-08,Sábado,0.0,trail running,Infantil,0,0,Crevillent,el Baix Vinalopó,Alicante,0,3080,Kids de 0 a 14 años,Comunitat Valenciana
mychip,"5k Club Atletisme la Vall, Memorial David Segarra, III Circuit Carreres Populars Ciutat de la Vall D'Uixó 2024",2024-06-08,Sábado,5.0,road running,Absoluta/General,59,124,la Vall d'Uixó,la Plana Baixa,Castellón,0,3086,5k Individual,Comunitat Valenciana
mychip,"1a. Prueba LIE, FEMECV 2024",2024-06-02,Domingo,0.0,Otros,Absoluta/General,0,0,Castelló de la Plana,la Plana Alta,Castellón,0,3108,Campeonato LIE,Comunitat Valenciana
mychip,XXXIV Gran Fons de Massanassa,2024-06-01,Sábado,15.0,road running,Absoluta/General,113,452,Massanassa,l'Horta Sud,Valencia,0,3098,Gran Fons,Comunitat Valenciana
mychip,XXXIV Gran Fons de Massanassa,2024-06-01,Sábado,0.0,road running,Infantil,0,0,Massanassa,l'Horta Sud,Valencia,0,3098,"Menores, inscripción en línea de salida",Comunitat Valenciana
mychip,CARRERA VIRTUAL AVT 2024 ,2024-06-01,Sábado,0.0,road running,Absoluta/General,0,0,Madrid,,Comunidad de Madrid,0,3099,"10k, Corre o Anda",Comunidad de Madrid
mychip,CARRERA VIRTUAL AVT 2024 ,2024-06-01,Sábado,0.0,road running,Absoluta/General,0,0,Madrid,,Comunidad de Madrid,0,3099,"5k, Corre o Anda",Comunidad de Madrid
mychip,VIII Woman Trail,2024-06-01,Sábado,10.0,trail running,Absoluta/General,528,0,la Vall d'Uixó,la Plana Baixa,Castellón,0,3103,WOMAN TRAIL,Comunitat Valenciana
mychip,"Campeonato de Escalada de Bloque de la Comunidad Valenciana, Puntuable 1ª Prueba De Copa, FEMECV 2024",2024-06-01,Sábado,0.0,Otros,Absoluta/General,0,0,Castelló de la Plana,la Plana Alta,Castellón,0,3107,Campeonato Bloque,Comunitat Valenciana
mychip,"DESAFÍO GALAYOS - GREDOS, 5ª Edición",2024-05-25,Sábado,55.0,trail running,Absoluta/General,0,0,Guisando,,Ávila,0,3070,55k,Castilla y León
mychip,"DESAFÍO GALAYOS - GREDOS, 5ª Edición",2024-05-25,Sábado,42.0,trail running,Absoluta/General,0,0,Guisando,,Ávila,0,3070,42k ,Castilla y León
mychip,"DESAFÍO GALAYOS - GREDOS, 5ª Edición",2024-05-25,Sábado,25.0,trail running,Absoluta/General,0,0,Guisando,,Ávila,0,3070,25k,Castilla y León
mychip,"DESAFÍO GALAYOS - GREDOS, 5ª Edición",2024-05-25,Sábado,20.0,trail running,Absoluta/General,0,0,Guisando,,Ávila,0,3070,20k SENDERTRAIL ,Castilla y León
mychip,"41a VOLTA AL TERME DE FONDEGUILLA, 2024",2024-05-25,Sábado,34.5,trail running,Absoluta/General,42,270,Alfondeguilla,la Plana Baixa,Castellón,0,3077,VTF-24,Comunitat Valenciana
mychip,"41a VOLTA AL TERME DE FONDEGUILLA, 2024",2024-05-25,Sábado,14.0,trail running,Cadete/Juvenil,0,1,Alfondeguilla,la Plana Baixa,Castellón,0,3077,Cadete - Júnior,Comunitat Valenciana
mychip,XXI 10k Godella Nicoboco,2024-05-25,Sábado,10.0,trail running,Absoluta/General,0,0,Godella,l'Horta Nord,Valencia,0,3093,10k,Comunitat Valenciana
mychip,XXI 10k Godella Nicoboco,2024-05-25,Sábado,0.0,trail running,Infantil,0,0,Godella,l'Horta Nord,Valencia,0,3093,Menores,Comunitat Valenciana
mychip,Milla solidaria Esclavas Fundación Nirvel ,2024-05-24,Viernes,1.609,road running,Absoluta/General,33,64,Alcoi / Alcoy,l'Alcoià,Alicante,0,3094,Milla,Comunitat Valenciana
mychip,Milla solidaria Esclavas Fundación Nirvel ,2024-05-24,Viernes,1.609,road running,Absoluta/General,0,0,Alcoi / Alcoy,l'Alcoià,Alicante,0,3094,Caminata,Comunitat Valenciana
mychip,Milla solidaria Esclavas Fundación Nirvel ,2024-05-24,Viernes,0.3,road running,Infantil,0,0,Alcoi / Alcoy,l'Alcoià,Alicante,0,3094,Querubines,Comunitat Valenciana
mychip,Milla solidaria Esclavas Fundación Nirvel ,2024-05-24,Viernes,0.3,road running,Infantil,0,0,Alcoi / Alcoy,l'Alcoià,Alicante,0,3094,Prebenjamin,Comunitat Valenciana
mychip,Milla solidaria Esclavas Fundación Nirvel ,2024-05-24,Viernes,0.6,road running,Infantil,0,0,Alcoi / Alcoy,l'Alcoià,Alicante,0,3094,Benjamin,Comunitat Valenciana
mychip,Milla solidaria Esclavas Fundación Nirvel ,2024-05-24,Viernes,0.6,road running,Infantil,0,0,Alcoi / Alcoy,l'Alcoià,Alicante,0,3094,Alevin,Comunitat Valenciana
mychip,Milla solidaria Esclavas Fundación Nirvel ,2024-05-24,Viernes,0.0,road running,Otros,0,0,Alcoi / Alcoy,l'Alcoià,Alicante,0,3094,dorsal 0,Comunitat Valenciana
mychip,XIV Carrera de Montaña Salinas 2024,2024-05-19,Domingo,15.0,trail running,Absoluta/General,42,144,Salinas,l'Alt Vinalopó / El Alto Vinalopó,Alicante,0,3097,Trail 15k,Comunitat Valenciana
mychip,XIV Carrera de Montaña Salinas 2024,2024-05-19,Domingo,5.0,trail running,Absoluta/General,51,27,Salinas,l'Alt Vinalopó / El Alto Vinalopó,Alicante,0,3097,Sender 5k,Comunitat Valenciana
mychip,"Campionat Autonòmic Individual i clubs, Trail de Vallada, FEMECV 24 ",2024-05-12,Domingo,31.9,trail running,Absoluta/General,14,57,Vallada,la Costera,Valencia,0,3089,"Absoluta, Trail",Comunitat Valenciana
mychip,"Campionat Autonòmic Individual i clubs, Trail de Vallada, FEMECV 24 ",2024-05-12,Domingo,22.0,trail running,Cadete/Juvenil,0,0,Vallada,la Costera,Valencia,0,3089,"Promesa, Trail",Comunitat Valenciana
mychip,"Campionat Autonòmic Individual i clubs, Trail de Vallada, FEMECV 24 ",2024-05-12,Domingo,9.5,trail running,Cadete/Juvenil,0,6,Vallada,la Costera,Valencia,0,3089,"Júnior, Trail",Comunitat Valenciana
mychip,"Campionat Autonòmic Individual i clubs, Trail de Vallada, FEMECV 24 ",2024-05-12,Domingo,9.5,trail running,Cadete/Juvenil,1,2,Vallada,la Costera,Valencia,0,3089,Juvenil,Comunitat Valenciana
mychip,"Campionat Autonòmic Individual i clubs, Trail de Vallada, FEMECV 24 ",2024-05-12,Domingo,9.5,trail running,Cadete/Juvenil,0,2,Vallada,la Costera,Valencia,0,3089,Cadete,Comunitat Valenciana
mychip,"Campionat Autonòmic Individual i clubs, Trail de Vallada, FEMECV 24 ",2024-05-12,Domingo,31.9,trail running,Otros,1,0,Vallada,la Costera,Valencia,0,3089,Invidentes,Comunitat Valenciana
mychip,"Trail de Primavera, Confrides, CTM 23/24",2024-05-11,Sábado,43.0,trail running,Absoluta/General,18,214,Confrides,la Marina Baixa,Alicante,0,3026,43k,Comunitat Valenciana
mychip,"Trail de Primavera, Confrides, CTM 23/24",2024-05-11,Sábado,24.0,trail running,Absoluta/General,97,287,Confrides,la Marina Baixa,Alicante,0,3026,"24k, CTM",Comunitat Valenciana
mychip,"5k Santissím Crist, III Circuit Carreres Populars Ciutat de la Vall D'Uixó 2024",2024-05-11,Sábado,5.0,road running,Absoluta/General,53,109,la Vall d'Uixó,la Plana Baixa,Castellón,0,3085,5k Individual,Comunitat Valenciana
mychip,"Campeonato Autonómico Individual  y por Clubs de Marcha Nórdica, La nucia, FEMECV 24",2024-05-11,Sábado,12.15,marcha,Absoluta/General,37,54,la Nucia,la Marina Baixa,Alicante,0,3102,Absoluta MN ,Comunitat Valenciana
mychip,"Campeonato Autonómico Individual  y por Clubs de Marcha Nórdica, La nucia, FEMECV 24",2024-05-11,Sábado,6.0,marcha,Cadete/Juvenil,6,7,la Nucia,la Marina Baixa,Alicante,0,3102,Cadete MN,Comunitat Valenciana
mychip,"Campeonato Autonómico Individual  y por Clubs de Marcha Nórdica, La nucia, FEMECV 24",2024-05-11,Sábado,6.0,marcha,Infantil,3,1,la Nucia,la Marina Baixa,Alicante,0,3102,Infantil MN,Comunitat Valenciana
mychip,"Campeonato Autonómico Individual  y por Clubs de Marcha Nórdica, La nucia, FEMECV 24",2024-05-11,Sábado,6.0,marcha,Infantil,2,4,la Nucia,la Marina Baixa,Alicante,0,3102,"Alevín, MN",Comunitat Valenciana
mychip,"Campeonato Autonómico Individual  y por Clubs de Marcha Nórdica, La nucia, FEMECV 24",2024-05-11,Sábado,1.15,marcha,Infantil,1,0,la Nucia,la Marina Baixa,Alicante,0,3102,Benjamín MN,Comunitat Valenciana
mychip,"Campeonato Autonómico Individual  y por Clubs de Marcha Nórdica, La nucia, FEMECV 24",2024-05-11,Sábado,1.15,marcha,Infantil,1,3,la Nucia,la Marina Baixa,Alicante,0,3102,Prebenjamín MN,Comunitat Valenciana
mychip,"Campeonato Autonómico Individual  y por Clubs de Marcha Nórdica, La nucia, FEMECV 24",2024-05-11,Sábado,7.0,marcha,Absoluta/General,46,12,la Nucia,la Marina Baixa,Alicante,0,3102,PROMO,Comunitat Valenciana
mychip,V CROSS NOCTURNO SALESIANO CIUTAT D’ALCOI 2024,2024-05-10,Viernes,8.2,road running,Absoluta/General,39,120,Alcoi / Alcoy,l'Alcoià,Alicante,0,3078,9k,Comunitat Valenciana
mychip,V CROSS NOCTURNO SALESIANO CIUTAT D’ALCOI 2024,2024-05-10,Viernes,6.5,road running,Absoluta/General,50,20,Alcoi / Alcoy,l'Alcoià,Alicante,0,3078,Caminata,Comunitat Valenciana
mychip,V CROSS NOCTURNO SALESIANO CIUTAT D’ALCOI 2024,2024-05-10,Viernes,8.2,road running,Absoluta/General,0,0,Alcoi / Alcoy,l'Alcoià,Alicante,0,3078,Marcha Nórdica,Comunitat Valenciana
mychip,V CROSS NOCTURNO SALESIANO CIUTAT D’ALCOI 2024,2024-05-10,Viernes,0.18,road running,Infantil,45,45,Alcoi / Alcoy,l'Alcoià,Alicante,0,3078,Querubines,Comunitat Valenciana
mychip,V CROSS NOCTURNO SALESIANO CIUTAT D’ALCOI 2024,2024-05-10,Viernes,0.35,road running,Infantil,16,18,Alcoi / Alcoy,l'Alcoià,Alicante,0,3078,Prebenjamin,Comunitat Valenciana
mychip,V CROSS NOCTURNO SALESIANO CIUTAT D’ALCOI 2024,2024-05-10,Viernes,0.5,road running,Infantil,18,12,Alcoi / Alcoy,l'Alcoià,Alicante,0,3078,Benjamin,Comunitat Valenciana
mychip,V CROSS NOCTURNO SALESIANO CIUTAT D’ALCOI 2024,2024-05-10,Viernes,0.7,road running,Infantil,13,8,Alcoi / Alcoy,l'Alcoià,Alicante,0,3078,Alevin,Comunitat Valenciana
mychip,V CROSS NOCTURNO SALESIANO CIUTAT D’ALCOI 2024,2024-05-10,Viernes,1.0,road running,Infantil,3,0,Alcoi / Alcoy,l'Alcoià,Alicante,0,3078,infantil,Comunitat Valenciana
mychip,V CROSS NOCTURNO SALESIANO CIUTAT D’ALCOI 2024,2024-05-10,Viernes,1.4,road running,Cadete/Juvenil,1,2,Alcoi / Alcoy,l'Alcoià,Alicante,0,3078,Cadete,Comunitat Valenciana
mychip,V CROSS NOCTURNO SALESIANO CIUTAT D’ALCOI 2024,2024-05-10,Viernes,0.0,road running,Otros,0,0,Alcoi / Alcoy,l'Alcoià,Alicante,0,3078,dorsal 0,Comunitat Valenciana
mychip,"Trail Covatelles 2024, Oliva",2024-04-28,Domingo,23.0,trail running,Absoluta/General,17,140,Oliva,la Safor,Valencia,0,3048,Trail 23k,Comunitat Valenciana
mychip,"Trail Covatelles 2024, Oliva",2024-04-28,Domingo,13.0,trail running,Absoluta/General,62,141,Oliva,la Safor,Valencia,0,3048,Sprint 13k,Comunitat Valenciana
mychip,"Trail Covatelles 2024, Oliva",2024-04-28,Domingo,13.0,trail running,Absoluta/General,31,43,Oliva,la Safor,Valencia,0,3048,Sender 13k,Comunitat Valenciana
mychip,"Kilómetro Vertical del Puig Campana, FEMECV & FEDME 2024",2024-04-28,Domingo,3.65,trail running,Absoluta/General,50,161,Finestrat,la Marina Baixa,Alicante,0,3082,"Federados Absoluta, KV",Comunitat Valenciana
mychip,"Kilómetro Vertical del Puig Campana, FEMECV & FEDME 2024",2024-04-28,Domingo,3.65,trail running,Cadete/Juvenil,1,3,Finestrat,la Marina Baixa,Alicante,0,3082,"Federados Júnior, KV",Comunitat Valenciana
mychip,"Kilómetro Vertical del Puig Campana, FEMECV & FEDME 2024",2024-04-28,Domingo,3.65,trail running,Cadete/Juvenil,3,1,Finestrat,la Marina Baixa,Alicante,0,3082,"Federados Juvenil, kv",Comunitat Valenciana
mychip,"Kilómetro Vertical del Puig Campana, FEMECV & FEDME 2024",2024-04-28,Domingo,3.65,trail running,Cadete/Juvenil,0,7,Finestrat,la Marina Baixa,Alicante,0,3082,"Federados Cadete, KV",Comunitat Valenciana
mychip,"Kilómetro Vertical del Puig Campana, FEMECV & FEDME 2024",2024-04-28,Domingo,3.65,trail running,Absoluta/General,12,64,Finestrat,la Marina Baixa,Alicante,0,3082,OPEN KV,Comunitat Valenciana
mychip,"Camí Bandolers, Senija, CTM 23/24",2024-04-21,Domingo,22.7,trail running,Absoluta/General,21,101,Senija,la Marina Alta,Alicante,0,3029,"21k, CTM",Comunitat Valenciana
mychip,"Camí Bandolers, Senija, CTM 23/24",2024-04-21,Domingo,12.5,trail running,Absoluta/General,70,137,Senija,la Marina Alta,Alicante,0,3029,"Sprint Trail, CTM",Comunitat Valenciana
mychip,"Camí Bandolers, Senija, CTM 23/24",2024-04-21,Domingo,12.5,trail running,Absoluta/General,23,38,Senija,la Marina Alta,Alicante,0,3029,Senderista,Comunitat Valenciana
mychip,VIII PERIMETRAIL RETT SERRA VERNISSA,2024-04-14,Domingo,0.0,trail running,Otros,0,0,Xàtiva,la Costera,Valencia,0,3045,Dorsal 0,Comunitat Valenciana
mychip,VIII PERIMETRAIL RETT SERRA VERNISSA,2024-04-14,Domingo,21.0,trail running,Absoluta/General,18,139,Xàtiva,la Costera,Valencia,0,3045,TRAIL 21K 1650M/+,Comunitat Valenciana
mychip,VIII PERIMETRAIL RETT SERRA VERNISSA,2024-04-14,Domingo,12.0,trail running,Absoluta/General,74,228,Xàtiva,la Costera,Valencia,0,3045,"SPRINT TRAIL, 12km 750M/+",Comunitat Valenciana
mychip,VIII PERIMETRAIL RETT SERRA VERNISSA,2024-04-14,Domingo,8.0,trail running,Absoluta/General,9,40,Xàtiva,la Costera,Valencia,0,3045,"CANICROSS, 8K, 300M/+",Comunitat Valenciana
mychip,VIII PERIMETRAIL RETT SERRA VERNISSA,2024-04-14,Domingo,8.0,trail running,Absoluta/General,165,92,Xàtiva,la Costera,Valencia,0,3045,"SENDER, 8K, 300M/+",Comunitat Valenciana
mychip,"10k solidaria La Salle, 2024",2024-04-13,Sábado,10.0,road running,Absoluta/General,89,207,Alcoi / Alcoy,l'Alcoià,Alicante,0,3076,10k,Comunitat Valenciana
mychip,"10k solidaria La Salle, 2024",2024-04-13,Sábado,5.0,road running,Absoluta/General,112,30,Alcoi / Alcoy,l'Alcoià,Alicante,0,3076,Marxa (5k),Comunitat Valenciana
mychip,"10k solidaria La Salle, 2024",2024-04-13,Sábado,10.0,road running,Absoluta/General,2,4,Alcoi / Alcoy,l'Alcoià,Alicante,0,3076,Marcha Nórdica,Comunitat Valenciana
mychip,"10k solidaria La Salle, 2024",2024-04-13,Sábado,0.0,road running,Infantil,0,0,Alcoi / Alcoy,l'Alcoià,Alicante,0,3076,Menor 3-13 años,Comunitat Valenciana
mychip,"10k solidaria La Salle, 2024",2024-04-13,Sábado,0.0,road running,Otros,0,0,Alcoi / Alcoy,l'Alcoià,Alicante,0,3076,dorsal 0,Comunitat Valenciana
mychip,"Arrapapedres, Benialí, CTM 23/24",2024-04-07,Domingo,26.0,trail running,Absoluta/General,28,157,Benialí,la Marina Alta,Alicante,0,3033,"26k, CTM",Comunitat Valenciana
mychip,"Arrapapedres, Benialí, CTM 23/24",2024-04-07,Domingo,14.0,trail running,Absoluta/General,94,192,Benialí,la Marina Alta,Alicante,0,3033,"Sprint Trail 14k, CTM",Comunitat Valenciana
mychip,"Arrapapedres, Benialí, CTM 23/24",2024-04-07,Domingo,14.0,trail running,Absoluta/General,44,36,Benialí,la Marina Alta,Alicante,0,3033,14k sender,Comunitat Valenciana
mychip,"VII GRAN FONS PENYES ALBES, MONTITXELVO - 2024",2024-04-07,Domingo,19.0,trail running,Absoluta/General,51,179,Montitxelvo / Montichelvo,la Vall d'Albaida,Valencia,0,3053,Trail,Comunitat Valenciana
mychip,"VII GRAN FONS PENYES ALBES, MONTITXELVO - 2024",2024-04-07,Domingo,11.0,trail running,Absoluta/General,80,58,Montitxelvo / Montichelvo,la Vall d'Albaida,Valencia,0,3053,Sender,Comunitat Valenciana
mychip,"5ª Prueba de liga, Alcudia de Veo, FEMECV 24",2024-04-07,Domingo,25.0,trail running,Absoluta/General,36,103,Alcudia de Veo,la Plana Baixa,Castellón,0,3064,"Absoluta, Trail",Comunitat Valenciana
mychip,"5ª Prueba de liga, Alcudia de Veo, FEMECV 24",2024-04-07,Domingo,9.5,trail running,Cadete/Juvenil,2,6,Alcudia de Veo,la Plana Baixa,Castellón,0,3064,"Júnior, Trail",Comunitat Valenciana
mychip,"5ª Prueba de liga, Alcudia de Veo, FEMECV 24",2024-04-07,Domingo,9.5,trail running,Cadete/Juvenil,2,4,Alcudia de Veo,la Plana Baixa,Castellón,0,3064,"Juvenil, Trail",Comunitat Valenciana
mychip,"5ª Prueba de liga, Alcudia de Veo, FEMECV 24",2024-04-07,Domingo,9.5,trail running,Cadete/Juvenil,5,6,Alcudia de Veo,la Plana Baixa,Castellón,0,3064,"Cadete, Promo Trail",Comunitat Valenciana
mychip,"5ª Prueba de liga, Alcudia de Veo, FEMECV 24",2024-04-07,Domingo,4.7,trail running,Infantil,4,4,Alcudia de Veo,la Plana Baixa,Castellón,0,3064,"Infantil, Promo Trail",Comunitat Valenciana
mychip,"5ª Prueba de liga, Alcudia de Veo, FEMECV 24",2024-04-07,Domingo,25.0,trail running,Otros,1,0,Alcudia de Veo,la Plana Baixa,Castellón,0,3064,"Invidentes, Trail",Comunitat Valenciana
mychip,"5ª Prueba de liga, Alcudia de Veo, FEMECV 24",2024-04-07,Domingo,45.0,trail running,Absoluta/General,0,29,Alcudia de Veo,la Plana Baixa,Castellón,0,3064,"AdvTrail45k, Saludable",Comunitat Valenciana
mychip,"5ª Prueba de liga, Alcudia de Veo, FEMECV 24",2024-04-07,Domingo,45.0,trail running,Absoluta/General,0,0,Alcudia de Veo,la Plana Baixa,Castellón,0,3064,ADVTRAIL 45K,Comunitat Valenciana
mychip,"5ª Prueba de liga, Alcudia de Veo, FEMECV 24",2024-04-07,Domingo,25.0,trail running,Absoluta/General,9,35,Alcudia de Veo,la Plana Baixa,Castellón,0,3064,"AdvTrail25k, OPEN",Comunitat Valenciana
mychip,"5ª Prueba de liga, Alcudia de Veo, FEMECV 24",2024-04-07,Domingo,0.0,trail running,Absoluta/General,0,0,Alcudia de Veo,la Plana Baixa,Castellón,0,3064,ADV KIDS,Comunitat Valenciana
mychip,"Pego Trail, CTM 23/24",2024-03-24,Domingo,19.0,trail running,Absoluta/General,28,147,Pego,la Marina Alta,Alicante,0,3039,"20k, CTM",Comunitat Valenciana
mychip,"Pego Trail, CTM 23/24",2024-03-24,Domingo,14.0,trail running,Absoluta/General,88,185,Pego,la Marina Alta,Alicante,0,3039,"Sprint Trail, CTM",Comunitat Valenciana
mychip,"Pego Trail, CTM 23/24",2024-03-24,Domingo,14.0,trail running,Absoluta/General,32,30,Pego,la Marina Alta,Alicante,0,3039,SENDER 12K,Comunitat Valenciana
mychip,"4ª Prueba de liga, Trail Rótova, FEMECV 24",2024-03-24,Domingo,18.5,trail running,Absoluta/General,48,129,Ròtova,la Safor,Valencia,0,3063,"Absoluta, Trail",Comunitat Valenciana
mychip,"4ª Prueba de liga, Trail Rótova, FEMECV 24",2024-03-24,Domingo,12.0,trail running,Cadete/Juvenil,2,4,Ròtova,la Safor,Valencia,0,3063,"Júnior, Trail",Comunitat Valenciana
mychip,"4ª Prueba de liga, Trail Rótova, FEMECV 24",2024-03-24,Domingo,12.0,trail running,Cadete/Juvenil,5,4,Ròtova,la Safor,Valencia,0,3063,"Juvenil, Trail",Comunitat Valenciana
mychip,"4ª Prueba de liga, Trail Rótova, FEMECV 24",2024-03-24,Domingo,12.0,trail running,Cadete/Juvenil,4,6,Ròtova,la Safor,Valencia,0,3063,"Cadete, Promo Trail",Comunitat Valenciana
mychip,"4ª Prueba de liga, Trail Rótova, FEMECV 24",2024-03-24,Domingo,9.0,trail running,Infantil,2,2,Ròtova,la Safor,Valencia,0,3063,"Infantil, Promo Trail",Comunitat Valenciana
mychip,"4ª Prueba de liga, Trail Rótova, FEMECV 24",2024-03-24,Domingo,18.5,trail running,Otros,2,1,Ròtova,la Safor,Valencia,0,3063,"Invidentes, Trail",Comunitat Valenciana
mychip,"4ª Prueba de liga, Trail Rótova, FEMECV 24",2024-03-24,Domingo,15.0,trail running,Absoluta/General,8,29,Ròtova,la Safor,Valencia,0,3063,OPEN,Comunitat Valenciana
mychip,"GR36. 2024, MONTANEJOS - VILAVELLA",2024-03-23,Sábado,64.0,trail running,Absoluta/General,40,231,la Vilavella,la Plana Baixa,Castellón,0,3024,GR36,Comunitat Valenciana
mychip,"XI Carrera de la Mola, Novelda",2024-03-10,Domingo,18.0,trail running,Absoluta/General,23,144,Novelda,el Vinalopó Mitjà / El Vinalopó Medio,Alicante,0,3065,Corredor,Comunitat Valenciana
mychip,"XI Carrera de la Mola, Novelda",2024-03-10,Domingo,18.0,trail running,Absoluta/General,47,84,Novelda,el Vinalopó Mitjà / El Vinalopó Medio,Alicante,0,3065,Senderista,Comunitat Valenciana
mychip,"En Marxa per la Dona, Puçol 2024, a beneficio de la Fundación INCLIVA",2024-03-10,Domingo,0.0,road running,Absoluta/General,0,0,Puçol,l'Horta Nord,Valencia,0,3081,5k,Comunitat Valenciana
mychip,Perimetral a Benissa 2024,2024-03-09,Sábado,69.0,trail running,Absoluta/General,10,101,Benissa,la Marina Alta,Alicante,0,3049,"69k, 3650m/+",Comunitat Valenciana
mychip,Perimetral a Benissa 2024,2024-03-09,Sábado,41.0,trail running,Absoluta/General,24,150,Benissa,la Marina Alta,Alicante,0,3049,"41km, 1720m/+",Comunitat Valenciana
mychip,Perimetral a Benissa 2024,2024-03-09,Sábado,20.0,trail running,Absoluta/General,42,139,Benissa,la Marina Alta,Alicante,0,3049,"20km, 803m/+ ",Comunitat Valenciana
mychip,5k Massanassa per la igualtat 2024,2024-03-09,Sábado,0.0,road running,Absoluta/General,60,90,Massanassa,l'Horta Sud,Valencia,0,3079,5k Corriendo.,Comunitat Valenciana
mychip,5k Massanassa per la igualtat 2024,2024-03-09,Sábado,0.0,road running,Absoluta/General,0,0,Massanassa,l'Horta Sud,Valencia,0,3079,5k Caminata,Comunitat Valenciana
mychip,"5K Falla ja estem tots, III Circuit Carreres Populars Ciutat de la Vall D'Uixó 2024",2024-03-09,Sábado,5.0,road running,Absoluta/General,61,91,la Vall d'Uixó,la Plana Baixa,Castellón,0,3084,Circuito 5k,Comunitat Valenciana
mychip,II Trail Aranjuez “El Peluca”,2024-03-03,Domingo,18.0,trail running,Absoluta/General,35,135,Aranjuez,,Comunidad de Madrid,0,3044,Trail 18k,Comunidad de Madrid
mychip,II Trail Aranjuez “El Peluca”,2024-03-03,Domingo,11.0,trail running,Absoluta/General,49,98,Aranjuez,,Comunidad de Madrid,0,3044,11k Short,Comunidad de Madrid
mychip,II Trail Aranjuez “El Peluca”,2024-03-03,Domingo,11.0,trail running,Absoluta/General,0,0,Aranjuez,,Comunidad de Madrid,0,3044,Sender,Comunidad de Madrid
mychip,II Trail Aranjuez “El Peluca”,2024-03-03,Domingo,0.0,trail running,Absoluta/General,0,0,Aranjuez,,Comunidad de Madrid,0,3044,Solo Camiseta,Comunidad de Madrid
mychip,5at Avenc Trail Quatretonda.,2024-03-03,Domingo,42.0,trail running,Absoluta/General,14,110,Quatretonda,la Vall d'Albaida,Valencia,0,3047,Marató del Avenc,Comunitat Valenciana
mychip,5at Avenc Trail Quatretonda.,2024-03-03,Domingo,21.9,trail running,Absoluta/General,23,79,Quatretonda,la Vall d'Albaida,Valencia,0,3047,Avenc trail,Comunitat Valenciana
mychip,5at Avenc Trail Quatretonda.,2024-03-03,Domingo,12.5,trail running,Absoluta/General,59,97,Quatretonda,la Vall d'Albaida,Valencia,0,3047,Esprint trail,Comunitat Valenciana
mychip,5at Avenc Trail Quatretonda.,2024-03-03,Domingo,12.5,trail running,Absoluta/General,66,59,Quatretonda,la Vall d'Albaida,Valencia,0,3047,Senderista,Comunitat Valenciana
mychip,"3ª Prueba de liga, Q20 Tallafocs, FEMECV 24",2024-03-03,Domingo,20.61,trail running,Absoluta/General,50,107,la Vall d'Uixó,la Plana Baixa,Castellón,0,3062,"Absoluta, Trail",Comunitat Valenciana
mychip,"3ª Prueba de liga, Q20 Tallafocs, FEMECV 24",2024-03-03,Domingo,10.27,trail running,Cadete/Juvenil,2,5,la Vall d'Uixó,la Plana Baixa,Castellón,0,3062,"Júnior, Trail",Comunitat Valenciana
mychip,"3ª Prueba de liga, Q20 Tallafocs, FEMECV 24",2024-03-03,Domingo,10.27,trail running,Cadete/Juvenil,3,5,la Vall d'Uixó,la Plana Baixa,Castellón,0,3062,"Juvenil, Trail",Comunitat Valenciana
mychip,"3ª Prueba de liga, Q20 Tallafocs, FEMECV 24",2024-03-03,Domingo,6.79,trail running,Cadete/Juvenil,4,10,la Vall d'Uixó,la Plana Baixa,Castellón,0,3062,"Cadete, Promo Trail",Comunitat Valenciana
mychip,"3ª Prueba de liga, Q20 Tallafocs, FEMECV 24",2024-03-03,Domingo,6.79,trail running,Infantil,3,3,la Vall d'Uixó,la Plana Baixa,Castellón,0,3062,"Infantil, Promo Trail",Comunitat Valenciana
mychip,"3ª Prueba de liga, Q20 Tallafocs, FEMECV 24",2024-03-03,Domingo,20.61,trail running,Otros,1,1,la Vall d'Uixó,la Plana Baixa,Castellón,0,3062,"Invidentes, Trail",Comunitat Valenciana
mychip,"3ª Prueba de liga, Q20 Tallafocs, FEMECV 24",2024-03-03,Domingo,20.0,trail running,Absoluta/General,10,41,la Vall d'Uixó,la Plana Baixa,Castellón,0,3062,Q20 Tallafocs Open,Comunitat Valenciana
mychip,"3ª Prueba de liga, Q20 Tallafocs, FEMECV 24",2024-03-03,Domingo,10.0,trail running,Absoluta/General,36,76,la Vall d'Uixó,la Plana Baixa,Castellón,0,3062,Q10 Open,Comunitat Valenciana
mychip,"II ATZAVARES TRAIL ORBA-VALL LAGUAR, CTM 23/24",2024-03-02,Sábado,24.0,trail running,Absoluta/General,26,103,Orba,la Marina Alta,Alicante,0,3038,"21k, CTM",Comunitat Valenciana
mychip,"II ATZAVARES TRAIL ORBA-VALL LAGUAR, CTM 23/24",2024-03-02,Sábado,14.0,trail running,Absoluta/General,96,155,Orba,la Marina Alta,Alicante,0,3038,"Sprint Trail, CTM",Comunitat Valenciana
mychip,"2ª Prueba de Copa Marcha Nórdica, Alicante, FEMECV 24",2024-03-02,Sábado,12.76,marcha,Absoluta/General,33,39,Alacant / Alicante,l'Alacantí,Alicante,0,3071,Absoluta MN ,Comunitat Valenciana
mychip,"2ª Prueba de Copa Marcha Nórdica, Alicante, FEMECV 24",2024-03-02,Sábado,9.576,marcha,Cadete/Juvenil,3,4,Alacant / Alicante,l'Alacantí,Alicante,0,3071,Cadete MN,Comunitat Valenciana
mychip,"2ª Prueba de Copa Marcha Nórdica, Alicante, FEMECV 24",2024-03-02,Sábado,6.38,marcha,Infantil,2,1,Alacant / Alicante,l'Alacantí,Alicante,0,3071,Infantil MN,Comunitat Valenciana
mychip,"2ª Prueba de Copa Marcha Nórdica, Alicante, FEMECV 24",2024-03-02,Sábado,3.19,marcha,Infantil,3,4,Alacant / Alicante,l'Alacantí,Alicante,0,3071,"Alevín, MN",Comunitat Valenciana
mychip,"2ª Prueba de Copa Marcha Nórdica, Alicante, FEMECV 24",2024-03-02,Sábado,1.34,marcha,Infantil,3,0,Alacant / Alicante,l'Alacantí,Alicante,0,3071,Benjamín MN,Comunitat Valenciana
mychip,"2ª Prueba de Copa Marcha Nórdica, Alicante, FEMECV 24",2024-03-02,Sábado,1.34,marcha,Infantil,0,3,Alacant / Alicante,l'Alacantí,Alicante,0,3071,Prebenjamín MN,Comunitat Valenciana
mychip,"2ª Prueba de Copa Marcha Nórdica, Alicante, FEMECV 24",2024-03-02,Sábado,6.38,marcha,Absoluta/General,30,13,Alacant / Alicante,l'Alacantí,Alicante,0,3071,PROMO,Comunitat Valenciana
mychip,"Trail les Creus 24, Tavernes de la Valldigna",2024-02-25,Domingo,22.2,trail running,Absoluta/General,18,105,Tavernes de la Valldigna,la Safor,Valencia,0,3031,"Trail 22,2k",Comunitat Valenciana
mychip,"Trail les Creus 24, Tavernes de la Valldigna",2024-02-25,Domingo,12.0,trail running,Absoluta/General,63,208,Tavernes de la Valldigna,la Safor,Valencia,0,3031,"Sprint Trail 11,7k",Comunitat Valenciana
mychip,"Trail les Creus 24, Tavernes de la Valldigna",2024-02-25,Domingo,10.0,trail running,Absoluta/General,65,46,Tavernes de la Valldigna,la Safor,Valencia,0,3031,"Marxa Regularitat, Senderista",Comunitat Valenciana
mychip,XII TRAIL DE MOIXENT,2024-02-25,Domingo,22.0,trail running,Absoluta/General,17,117,Moixent / Mogente,la Costera,Valencia,0,3042,"22k, Trail",Comunitat Valenciana
mychip,XII TRAIL DE MOIXENT,2024-02-25,Domingo,12.0,trail running,Absoluta/General,89,173,Moixent / Mogente,la Costera,Valencia,0,3042,"12k, Sprint Trail ",Comunitat Valenciana
mychip,XII TRAIL DE MOIXENT,2024-02-25,Domingo,0.0,trail running,Absoluta/General,0,0,Moixent / Mogente,la Costera,Valencia,0,3042,Solidario a favor de FUNDACIÓN FAST ESPAÑA,Comunitat Valenciana
mychip,Trail Marines Vell 2024,2024-02-25,Domingo,21.0,trail running,Absoluta/General,39,243,Marines,el Camp de Túria,Valencia,0,3052,21k,Comunitat Valenciana
mychip,Trail Marines Vell 2024,2024-02-25,Domingo,7.0,trail running,Absoluta/General,70,114,Marines,el Camp de Túria,Valencia,0,3052,7k,Comunitat Valenciana
mychip,"SPRINT TRAIL& ECO MARCHA COLEGIO SANTA ANA SR Sport & Training , 24",2024-02-25,Domingo,11.0,trail running,Absoluta/General,83,205,Alcoi / Alcoy,l'Alcoià,Alicante,0,3069,Sprint Trail solidario,Comunitat Valenciana
mychip,"SPRINT TRAIL& ECO MARCHA COLEGIO SANTA ANA SR Sport & Training , 24",2024-02-25,Domingo,11.0,trail running,Absoluta/General,105,50,Alcoi / Alcoy,l'Alcoià,Alicante,0,3069,Senderista,Comunitat Valenciana
mychip,"SPRINT TRAIL& ECO MARCHA COLEGIO SANTA ANA SR Sport & Training , 24",2024-02-25,Domingo,11.0,trail running,Absoluta/General,10,13,Alcoi / Alcoy,l'Alcoià,Alicante,0,3069,Marcha Nordica,Comunitat Valenciana
mychip,"SPRINT TRAIL& ECO MARCHA COLEGIO SANTA ANA SR Sport & Training , 24",2024-02-25,Domingo,4.0,trail running,Absoluta/General,0,0,Alcoi / Alcoy,l'Alcoià,Alicante,0,3069,Eco Marcha,Comunitat Valenciana
mychip,"SPRINT TRAIL& ECO MARCHA COLEGIO SANTA ANA SR Sport & Training , 24",2024-02-25,Domingo,0.0,trail running,Otros,0,0,Alcoi / Alcoy,l'Alcoià,Alicante,0,3069,Dorsal 0,Comunitat Valenciana
mychip,"Invernal CONFRIDES - AITANA, 2024",2024-02-18,Domingo,20.1,trail running,Absoluta/General,68,234,Confrides,la Marina Baixa,Alicante,0,3032,"20k, CTA & Sender",Comunitat Valenciana
mychip,"Invernal CONFRIDES - AITANA, 2024",2024-02-18,Domingo,14.2,trail running,Absoluta/General,30,68,Confrides,la Marina Baixa,Alicante,0,3032,"14k, Mini trail & Sender",Comunitat Valenciana
mychip,"Gegant de Pedra, Ondara, CTM 23/24",2024-02-18,Domingo,20.69,trail running,Absoluta/General,13,91,Ondara,la Marina Alta,Alicante,0,3037,"21k, CTM",Comunitat Valenciana
mychip,"Gegant de Pedra, Ondara, CTM 23/24",2024-02-18,Domingo,13.5,trail running,Absoluta/General,64,140,Ondara,la Marina Alta,Alicante,0,3037,"Sprint Trail, CTM",Comunitat Valenciana
mychip,"Gegant de Pedra, Ondara, CTM 23/24",2024-02-18,Domingo,13.5,trail running,Absoluta/General,36,41,Ondara,la Marina Alta,Alicante,0,3037,Senderista,Comunitat Valenciana
mychip,"2ª Prueba de liga, Centro Excursionista Eldense, FEMECV 24",2024-02-18,Domingo,21.2,trail running,Absoluta/General,50,144,Petrer,el Vinalopó Mitjà / El Vinalopó Medio,Alicante,0,3061,"Absoluta, Trail",Comunitat Valenciana
mychip,"2ª Prueba de liga, Centro Excursionista Eldense, FEMECV 24",2024-02-18,Domingo,10.5,trail running,Cadete/Juvenil,2,8,Petrer,el Vinalopó Mitjà / El Vinalopó Medio,Alicante,0,3061,"Júnior, Trail",Comunitat Valenciana
mychip,"2ª Prueba de liga, Centro Excursionista Eldense, FEMECV 24",2024-02-18,Domingo,10.5,trail running,Cadete/Juvenil,4,4,Petrer,el Vinalopó Mitjà / El Vinalopó Medio,Alicante,0,3061,"Juvenil, Trail",Comunitat Valenciana
mychip,"2ª Prueba de liga, Centro Excursionista Eldense, FEMECV 24",2024-02-18,Domingo,10.5,trail running,Cadete/Juvenil,3,7,Petrer,el Vinalopó Mitjà / El Vinalopó Medio,Alicante,0,3061,"Cadete, Promo Trail",Comunitat Valenciana
mychip,"2ª Prueba de liga, Centro Excursionista Eldense, FEMECV 24",2024-02-18,Domingo,6.0,trail running,Infantil,5,4,Petrer,el Vinalopó Mitjà / El Vinalopó Medio,Alicante,0,3061,"Infantil, Promo Trail",Comunitat Valenciana
mychip,"2ª Prueba de liga, Centro Excursionista Eldense, FEMECV 24",2024-02-18,Domingo,21.0,trail running,Otros,0,0,Petrer,el Vinalopó Mitjà / El Vinalopó Medio,Alicante,0,3061,"Invidentes, Trail",Comunitat Valenciana
mychip,"2ª Prueba de liga, Centro Excursionista Eldense, FEMECV 24",2024-02-18,Domingo,21.2,trail running,Absoluta/General,1,22,Petrer,el Vinalopó Mitjà / El Vinalopó Medio,Alicante,0,3061,Open  21k,Comunitat Valenciana
mychip,"2ª Prueba de liga, Centro Excursionista Eldense, FEMECV 24",2024-02-18,Domingo,0.0,trail running,Absoluta/General,14,22,Petrer,el Vinalopó Mitjà / El Vinalopó Medio,Alicante,0,3061,Open 10k,Comunitat Valenciana
mychip,"2ª Prueba de liga, Centro Excursionista Eldense, FEMECV 24",2024-02-18,Domingo,10.5,trail running,Absoluta/General,15,58,Petrer,el Vinalopó Mitjà / El Vinalopó Medio,Alicante,0,3061,Campeonato Universitario CEU,Comunitat Valenciana
mychip,"Mitja Marató Ocaive, Pedreguer, CTM 2024",2024-02-11,Domingo,21.0,trail running,Absoluta/General,33,92,Pedreguer,la Marina Alta,Alicante,0,3019,"21k, CTM",Comunitat Valenciana
mychip,"Mitja Marató Ocaive, Pedreguer, CTM 2024",2024-02-11,Domingo,15.0,trail running,Absoluta/General,51,151,Pedreguer,la Marina Alta,Alicante,0,3019,"Sprint Trail, CTM",Comunitat Valenciana
mychip,"Mitja Marató Ocaive, Pedreguer, CTM 2024",2024-02-11,Domingo,0.0,trail running,Absoluta/General,20,24,Pedreguer,la Marina Alta,Alicante,0,3019,sender,Comunitat Valenciana
mychip,III Simat trail.,2024-02-11,Domingo,17.5,trail running,Absoluta/General,9,118,Simat de la Valldigna,la Safor,Valencia,0,3034,"Simat Trail, 17k",Comunitat Valenciana
mychip,III Simat trail.,2024-02-11,Domingo,12.4,trail running,Absoluta/General,39,96,Simat de la Valldigna,la Safor,Valencia,0,3034,SPRINT TRAIL  12K,Comunitat Valenciana
mychip,III Simat trail.,2024-02-11,Domingo,11.7,trail running,Absoluta/General,61,57,Simat de la Valldigna,la Safor,Valencia,0,3034,SENDER,Comunitat Valenciana
mychip,VII Trail “XIO LLUTXENT”,2024-02-11,Domingo,19.5,trail running,Absoluta/General,17,91,Llutxent,la Vall d'Albaida,Valencia,0,3050,Trail,Comunitat Valenciana
mychip,VII Trail “XIO LLUTXENT”,2024-02-11,Domingo,13.0,trail running,Absoluta/General,39,81,Llutxent,la Vall d'Albaida,Valencia,0,3050,Sprint Trail,Comunitat Valenciana
mychip,VII Trail “XIO LLUTXENT”,2024-02-11,Domingo,7.2,trail running,Absoluta/General,17,57,Llutxent,la Vall d'Albaida,Valencia,0,3050,Super SPRINT,Comunitat Valenciana
mychip,VII Trail “XIO LLUTXENT”,2024-02-11,Domingo,13.0,trail running,Absoluta/General,53,76,Llutxent,la Vall d'Albaida,Valencia,0,3050,Sender,Comunitat Valenciana
mychip,XIII Almenara Xtrem,2024-02-11,Domingo,16.86,trail running,Absoluta/General,58,248,Almenara,la Plana Baixa,Castellón,0,3055,Xtrem Almenara.,Comunitat Valenciana
mychip,XIII Almenara Xtrem,2024-02-11,Domingo,8.0,trail running,Absoluta/General,116,79,Almenara,la Plana Baixa,Castellón,0,3055,Marxa,Comunitat Valenciana
mychip,"1ª Prueba de Copa Marcha Nórdica, Vilavella, FEMECV 24",2024-02-10,Sábado,12.0,marcha,Absoluta/General,32,47,la Vilavella,la Plana Baixa,Castellón,0,3068,Absoluta MN ,Comunitat Valenciana
mychip,"1ª Prueba de Copa Marcha Nórdica, Vilavella, FEMECV 24",2024-02-10,Sábado,9.0,marcha,Cadete/Juvenil,5,7,la Vilavella,la Plana Baixa,Castellón,0,3068,Cadete MN,Comunitat Valenciana
mychip,"1ª Prueba de Copa Marcha Nórdica, Vilavella, FEMECV 24",2024-02-10,Sábado,7.0,marcha,Infantil,2,2,la Vilavella,la Plana Baixa,Castellón,0,3068,Infantil MN,Comunitat Valenciana
mychip,"1ª Prueba de Copa Marcha Nórdica, Vilavella, FEMECV 24",2024-02-10,Sábado,3.5,marcha,Infantil,3,4,la Vilavella,la Plana Baixa,Castellón,0,3068,"Alevín, MN",Comunitat Valenciana
mychip,"1ª Prueba de Copa Marcha Nórdica, Vilavella, FEMECV 24",2024-02-10,Sábado,1.2,marcha,Infantil,3,0,la Vilavella,la Plana Baixa,Castellón,0,3068,Benjamín MN,Comunitat Valenciana
mychip,"1ª Prueba de Copa Marcha Nórdica, Vilavella, FEMECV 24",2024-02-10,Sábado,1.2,marcha,Infantil,0,1,la Vilavella,la Plana Baixa,Castellón,0,3068,Prebenjamín MN,Comunitat Valenciana
mychip,"1ª Prueba de Copa Marcha Nórdica, Vilavella, FEMECV 24",2024-02-10,Sábado,9.0,marcha,Absoluta/General,22,9,la Vilavella,la Plana Baixa,Castellón,0,3068,PROMO,Comunitat Valenciana
mychip,"XI TRAIL UMBRÍA – LA PLANA, Enguera",2024-02-04,Domingo,29.46,trail running,Absoluta/General,6,64,Enguera,La Canal de Navarrés,Valencia,0,3013,Long Trail,Comunitat Valenciana
mychip,"XI TRAIL UMBRÍA – LA PLANA, Enguera",2024-02-04,Domingo,20.52,trail running,Absoluta/General,12,57,Enguera,La Canal de Navarrés,Valencia,0,3013,"Trail 20,5k, 1500m/+",Comunitat Valenciana
mychip,"XI TRAIL UMBRÍA – LA PLANA, Enguera",2024-02-04,Domingo,10.0,trail running,Absoluta/General,41,115,Enguera,La Canal de Navarrés,Valencia,0,3013,"Speed trail 10,5km, 800m/+",Comunitat Valenciana
mychip,"XI TRAIL UMBRÍA – LA PLANA, Enguera",2024-02-04,Domingo,9.0,trail running,Absoluta/General,90,62,Enguera,La Canal de Navarrés,Valencia,0,3013,Marcha Senderista,Comunitat Valenciana
mychip,"1ª Prueba de liga, Trail de Genoves, FEMECV 24",2024-02-04,Domingo,18.09,trail running,Absoluta/General,46,138,el Genovés,la Costera,Valencia,0,3060,"Absoluta, Trail",Comunitat Valenciana
mychip,"1ª Prueba de liga, Trail de Genoves, FEMECV 24",2024-02-04,Domingo,9.0,trail running,Cadete/Juvenil,0,6,el Genovés,la Costera,Valencia,0,3060,"Júnior, Trail",Comunitat Valenciana
mychip,"1ª Prueba de liga, Trail de Genoves, FEMECV 24",2024-02-04,Domingo,9.0,trail running,Cadete/Juvenil,5,5,el Genovés,la Costera,Valencia,0,3060,"Juvenil, Trail",Comunitat Valenciana
mychip,"1ª Prueba de liga, Trail de Genoves, FEMECV 24",2024-02-04,Domingo,9.0,trail running,Cadete/Juvenil,5,7,el Genovés,la Costera,Valencia,0,3060,"Cadete, Promo Trail",Comunitat Valenciana
mychip,"1ª Prueba de liga, Trail de Genoves, FEMECV 24",2024-02-04,Domingo,4.0,trail running,Infantil,6,3,el Genovés,la Costera,Valencia,0,3060,"Infantil, Promo Trail",Comunitat Valenciana
mychip,"1ª Prueba de liga, Trail de Genoves, FEMECV 24",2024-02-04,Domingo,21.809,trail running,Otros,2,1,el Genovés,la Costera,Valencia,0,3060,"Invidentes, Trail",Comunitat Valenciana
mychip,"1ª Prueba de liga, Trail de Genoves, FEMECV 24",2024-02-04,Domingo,9.0,trail running,Absoluta/General,4,14,el Genovés,la Costera,Valencia,0,3060,OPEN,Comunitat Valenciana
mychip,Granadella Trail Costa Blanca 2024,2024-02-03,Sábado,26.0,trail running,Absoluta/General,65,293,Xàbia / Jávea,la Marina Alta,Alicante,0,3012,Trail 26k,Comunitat Valenciana
mychip,Granadella Trail Costa Blanca 2024,2024-02-03,Sábado,14.5,trail running,Absoluta/General,197,364,Xàbia / Jávea,la Marina Alta,Alicante,0,3012,Sprint Trail 14k,Comunitat Valenciana
mychip,Granadella Trail Costa Blanca 2024,2024-02-03,Sábado,4.5,trail running,Absoluta/General,29,30,Xàbia / Jávea,la Marina Alta,Alicante,0,3012,"Promo Trail 4,5k",Comunitat Valenciana
mychip,Granadella Trail Costa Blanca 2024,2024-02-03,Sábado,0.0,trail running,Infantil,0,0,Xàbia / Jávea,la Marina Alta,Alicante,0,3012,Categorias menores (Open),Comunitat Valenciana
mychip,VIII TOMACA TRAIL,2024-02-03,Sábado,21.0,trail running,Absoluta/General,12,69,Alginet,la Ribera Alta,Valencia,0,3035,21k,Comunitat Valenciana
mychip,VIII TOMACA TRAIL,2024-02-03,Sábado,16.0,trail running,Absoluta/General,19,87,Alginet,la Ribera Alta,Valencia,0,3035,16k,Comunitat Valenciana
mychip,VIII TOMACA TRAIL,2024-02-03,Sábado,10.0,trail running,Absoluta/General,56,113,Alginet,la Ribera Alta,Valencia,0,3035,10k,Comunitat Valenciana
mychip,VIII TOMACA TRAIL,2024-02-03,Sábado,10.0,trail running,Absoluta/General,132,60,Alginet,la Ribera Alta,Valencia,0,3035,Sender 10k,Comunitat Valenciana
mychip,XXIV MARXA DE MUNTANYA “SANT SEBASTIÀ” DE LA VILAVELLA,2024-01-28,Domingo,17.0,trail running,Absoluta/General,104,435,la Vilavella,la Plana Baixa,Castellón,0,3021,17k,Comunitat Valenciana
mychip,XXIV MARXA DE MUNTANYA “SANT SEBASTIÀ” DE LA VILAVELLA,2024-01-28,Domingo,11.0,trail running,Absoluta/General,166,204,la Vilavella,la Plana Baixa,Castellón,0,3021,11k,Comunitat Valenciana
mychip,"VII Trail Monte Ponoig, CTM 23/24",2024-01-28,Domingo,24.0,trail running,Absoluta/General,31,101,Polop,,Alicante,0,3040,"24k, CTM",Valencia
mychip,"VII Trail Monte Ponoig, CTM 23/24",2024-01-28,Domingo,16.0,trail running,Absoluta/General,51,153,Polop,,Alicante,0,3040,"Sprint Trail, CTM",Valencia
mychip,"VII Trail Monte Ponoig, CTM 23/24",2024-01-28,Domingo,10.0,trail running,Absoluta/General,27,35,Polop,,Alicante,0,3040,Senderista,Valencia
mychip,9é Trail de Llaurí,2024-01-27,Sábado,16.0,trail running,Absoluta/General,31,148,Llaurí,la Ribera Baixa,Valencia,0,3041,Tra.lla,Comunitat Valenciana
mychip,"I ULTRA MEDITERRÀNIA. TERRES DE TRAIL, Alcoi",2024-01-26,Viernes,162.0,trail running,Elite,2,27,Alcoi / Alcoy,l'Alcoià,Alicante,0,3030,162k PRO,Comunitat Valenciana
mychip,"I ULTRA MEDITERRÀNIA. TERRES DE TRAIL, Alcoi",2024-01-26,Viernes,46.0,trail running,Absoluta/General,31,256,Alcoi / Alcoy,l'Alcoià,Alicante,0,3030,46k Max,Comunitat Valenciana
mychip,"I ULTRA MEDITERRÀNIA. TERRES DE TRAIL, Alcoi",2024-01-26,Viernes,24.0,trail running,Absoluta/General,55,234,Alcoi / Alcoy,l'Alcoià,Alicante,0,3030,24k Expert,Comunitat Valenciana
mychip,"I ULTRA MEDITERRÀNIA. TERRES DE TRAIL, Alcoi",2024-01-26,Viernes,5.0,trail running,Absoluta/General,15,69,Alcoi / Alcoy,l'Alcoià,Alicante,0,3030,5k Vertical,Comunitat Valenciana
mychip,"I ULTRA MEDITERRÀNIA. TERRES DE TRAIL, Alcoi",2024-01-26,Viernes,75.0,trail running,Absoluta/General,0,0,Alcoi / Alcoy,l'Alcoià,Alicante,0,3030,Stage,Comunitat Valenciana
mychip,"I ULTRA MEDITERRÀNIA. TERRES DE TRAIL, Alcoi",2024-01-26,Viernes,15.0,trail running,Absoluta/General,98,136,Alcoi / Alcoy,l'Alcoià,Alicante,0,3030,15k Sky,Comunitat Valenciana
mychip,"Almèdia Trail, CTM 2024",2024-01-21,Domingo,24.5,trail running,Absoluta/General,25,107,Callosa d'en Sarrià,la Marina Baixa,Alicante,0,3023,"Almèdia Trail, CTM",Comunitat Valenciana
mychip,"Almèdia Trail, CTM 2024",2024-01-21,Domingo,16.0,trail running,Absoluta/General,67,189,Callosa d'en Sarrià,la Marina Baixa,Alicante,0,3023,"Sprint Trail Almèdia, CTM",Comunitat Valenciana
mychip,"Almèdia Trail, CTM 2024",2024-01-21,Domingo,12.5,trail running,Absoluta/General,55,40,Callosa d'en Sarrià,la Marina Baixa,Alicante,0,3023,Senderistas,Comunitat Valenciana
mychip,"Almèdia Trail, CTM 2024",2024-01-21,Domingo,0.0,trail running,Infantil,6,3,Callosa d'en Sarrià,la Marina Baixa,Alicante,0,3023,Menores senderistas,Comunitat Valenciana
mychip,"SERRALADES DE BARXETA - MABU, 2024",2024-01-21,Domingo,42.0,trail running,Absoluta/General,10,95,Barxeta,la Costera,Valencia,0,3028,MABU 42k 2100m/+,Comunitat Valenciana
mychip,"SERRALADES DE BARXETA - MABU, 2024",2024-01-21,Domingo,20.5,trail running,Absoluta/General,33,199,Barxeta,la Costera,Valencia,0,3028,"Trail 20,5k, 1100m/+",Comunitat Valenciana
mychip,"SERRALADES DE BARXETA - MABU, 2024",2024-01-21,Domingo,12.0,trail running,Absoluta/General,113,102,Barxeta,la Costera,Valencia,0,3028,"Marxa 12,5k, 600m/+",Comunitat Valenciana
mychip,"SERRALADES DE BARXETA - MABU, 2024",2024-01-21,Domingo,12.5,trail running,Absoluta/General,81,230,Barxeta,la Costera,Valencia,0,3028,"Sprint trail 12,5k 650m/+",Comunitat Valenciana
mychip,XLI San Silvestre Toledana,2023-12-31,Domingo,8.0,road running,Absoluta/General,846,2580,Toledo,,Toledo,0,3018,ABSOLUTA,Castilla-La Mancha
mychip,XLI San Silvestre Toledana,2023-12-31,Domingo,0.4,road running,Infantil,53,49,Toledo,,Toledo,0,3018,0 a 5 años,Castilla-La Mancha
mychip,XLI San Silvestre Toledana,2023-12-31,Domingo,0.4,road running,Infantil,85,100,Toledo,,Toledo,0,3018,6 a 9 años,Castilla-La Mancha
mychip,XLI San Silvestre Toledana,2023-12-31,Domingo,0.8,road running,Infantil,37,51,Toledo,,Toledo,0,3018,10 a 11 años,Castilla-La Mancha
mychip,XLI San Silvestre Toledana,2023-12-31,Domingo,1.2,road running,Infantil,21,29,Toledo,,Toledo,0,3018,12 a 13 años,Castilla-La Mancha
mychip,XLI San Silvestre Toledana,2023-12-31,Domingo,1.2,road running,Infantil,11,14,Toledo,,Toledo,0,3018,14 a 15 años,Castilla-La Mancha
mychip,XXXVII San Silvestre Vallera,2023-12-31,Domingo,1.6,road running,Absoluta/General,0,0,la Vall d'Uixó,la Plana Baixa,Castellón,0,3056,Sant Silvestre,Comunitat Valenciana
mychip,VIII SAN SILVESTRE DE CULLERA,2023-12-29,Viernes,0.0,Ciclismo y btt,Absoluta/General,0,0,Cullera,la Ribera Baixa,Valencia,0,3054,San Silvestre,Comunitat Valenciana
mychip,Sant silvestre Algemesí 2023,2023-12-29,Viernes,2.5,road running,Absoluta/General,0,0,Algemesí,la Ribera Alta,Valencia,0,3058,San silvestre,Comunitat Valenciana
mychip,"XII SANT SILVESTRE SOLIDÀRIA 2023, Paiporta",2023-12-27,Miércoles,3.0,road running,Absoluta/General,0,0,Paiporta,Huerta Sur,Valencia,0,3046,San Silvestre,Comunidad Valenciana
mychip,XXXIII San Silvestre Monovera,2023-12-24,Domingo,5.0,road running,Infantil,108,343,Monòver / Monóvar,el Vinalopó Mitjà / El Vinalopó Medio,Alicante,0,3025,5k +14 AÑOS,Comunitat Valenciana
mychip,XXXIII San Silvestre Monovera,2023-12-24,Domingo,5.0,road running,Absoluta/General,73,22,Monòver / Monóvar,el Vinalopó Mitjà / El Vinalopó Medio,Alicante,0,3025,SENDERISTA,Comunitat Valenciana
mychip,XXXIII San Silvestre Monovera,2023-12-24,Domingo,1.4,road running,Infantil,34,38,Monòver / Monóvar,el Vinalopó Mitjà / El Vinalopó Medio,Alicante,0,3025,11 A 13 AÑOS,Comunitat Valenciana
mychip,XXXIII San Silvestre Monovera,2023-12-24,Domingo,0.8,road running,Infantil,26,55,Monòver / Monóvar,el Vinalopó Mitjà / El Vinalopó Medio,Alicante,0,3025,8 A 10 AÑOS,Comunitat Valenciana
mychip,XXXIII San Silvestre Monovera,2023-12-24,Domingo,0.0,road running,Infantil,41,56,Monòver / Monóvar,el Vinalopó Mitjà / El Vinalopó Medio,Alicante,0,3025,HASTA 7 AÑOS,Comunitat Valenciana
mychip,XII Trail Muntanya de Vallada,2023-12-23,Sábado,22.0,trail running,Absoluta/General,39,205,Vallada,la Costera,Valencia,0,3017,Trail 22k,Comunitat Valenciana
mychip,XII Trail Muntanya de Vallada,2023-12-23,Sábado,10.0,trail running,Absoluta/General,88,148,Vallada,la Costera,Valencia,0,3017,Sprint Trail 10k,Comunitat Valenciana
mychip,XII Trail Muntanya de Vallada,2023-12-23,Sábado,10.0,marcha,Absoluta/General,14,13,Vallada,la Costera,Valencia,0,3017,Marcha - Slow Trail 10k,Comunitat Valenciana
mychip,XII MITJA MARATÓ UNIÓN ALCOYANA SEGUROS Y QUART DE MARATÓ,2023-12-17,Domingo,21.097,road running,Absoluta/General,39,217,Alcoi / Alcoy,l'Alcoià,Alicante,0,3015,21K,Comunitat Valenciana
mychip,XII MITJA MARATÓ UNIÓN ALCOYANA SEGUROS Y QUART DE MARATÓ,2023-12-17,Domingo,10.548,road running,Absoluta/General,160,388,Alcoi / Alcoy,l'Alcoià,Alicante,0,3015,10k,Comunitat Valenciana
mychip,XII MITJA MARATÓ UNIÓN ALCOYANA SEGUROS Y QUART DE MARATÓ,2023-12-17,Domingo,21.097,road running,Absoluta/General,4,12,Alcoi / Alcoy,l'Alcoià,Alicante,14,3015,Relevos,Comunitat Valenciana
mychip,XII MITJA MARATÓ UNIÓN ALCOYANA SEGUROS Y QUART DE MARATÓ,2023-12-17,Domingo,6.0,road running,Absoluta/General,60,17,Alcoi / Alcoy,l'Alcoià,Alicante,0,3015,Marcha Senderista,Comunitat Valenciana
mychip,XII MITJA MARATÓ UNIÓN ALCOYANA SEGUROS Y QUART DE MARATÓ,2023-12-17,Domingo,10.0,road running,Absoluta/General,12,17,Alcoi / Alcoy,l'Alcoià,Alicante,0,3015,Marcha Nórdica,Comunitat Valenciana
mychip,XII MITJA MARATÓ UNIÓN ALCOYANA SEGUROS Y QUART DE MARATÓ,2023-12-17,Domingo,0.0,road running,Absoluta/General,0,0,Alcoi / Alcoy,l'Alcoià,Alicante,0,3015,"Kids, Micro MAratón",Comunitat Valenciana
mychip, XXXIX Carrera Popular Caixabank Villa de Aranjuez  ,2023-12-17,Domingo,10.0,road running,Absoluta/General,0,0,Aranjuez,,Comunidad de Madrid,0,3016,10k,Comunidad de Madrid
mychip, XXXIX Carrera Popular Caixabank Villa de Aranjuez  ,2023-12-17,Domingo,0.0,road running,Infantil,0,0,Aranjuez,,Comunidad de Madrid,0,3016,Menores,Comunidad de Madrid
mychip,"30 QUARTA I MITJA MARATÓ, PICANYA - PAIPORTA",2023-12-17,Domingo,21.097,road running,Absoluta/General,41,288,Picanya,l'Horta Sud,Valencia,0,3020,Mitja marató,Comunitat Valenciana
mychip,"30 QUARTA I MITJA MARATÓ, PICANYA - PAIPORTA",2023-12-17,Domingo,10.548,road running,Absoluta/General,150,417,Picanya,l'Horta Sud,Valencia,0,3020,Quarta,Comunitat Valenciana
mychip,Tombatossals 2023,2023-12-17,Domingo,21.0,road running,Absoluta/General,63,271,Castelló de la Plana,la Plana Alta,Castellón,0,3057,21k,Comunitat Valenciana
mychip,Tombatossals 2023,2023-12-17,Domingo,11.0,road running,Absoluta/General,160,245,Castelló de la Plana,la Plana Alta,Castellón,0,3057,11k,Comunitat Valenciana
mychip,XVII CARRERA POR MONTAÑA Y MARCHA A PIÉ SERRA DEL COTO,2023-12-16,Sábado,42.0,trail running,Absoluta/General,7,61,,,,0,3011,42k,
mychip,XVII CARRERA POR MONTAÑA Y MARCHA A PIÉ SERRA DEL COTO,2023-12-16,Sábado,20.0,trail running,Absoluta/General,52,208,,,,0,3011,"20k, TRAIL & SENDER",
mychip,XVII CARRERA POR MONTAÑA Y MARCHA A PIÉ SERRA DEL COTO,2023-12-16,Sábado,11.0,trail running,Absoluta/General,116,137,,,,0,3011,12k TRAIL & SENDER,
mychip,"MM Oltà, CTM 2024",2023-12-10,Domingo,21.0,trail running,Absoluta/General,42,158,Calp,,Alicante,0,3009,"Trail MM, CTM.",Valencia
mychip,"MM Oltà, CTM 2024",2023-12-10,Domingo,14.0,trail running,Absoluta/General,78,163,Calp,,Alicante,0,3009,"Sprint Trail la Mola, CTM",Valencia
mychip,"MM Oltà, CTM 2024",2023-12-10,Domingo,14.0,trail running,Absoluta/General,42,52,Calp,,Alicante,0,3009,Marxa la Mola,Valencia
mychip,III San Silvestre La sonrisa de José.,2023-12-09,Sábado,16.0,trail running,Absoluta/General,0,0,Liétor,,Castille-La Mancha,0,3001,Matagigantes Trail 16k,Castille-La Mancha
mychip,III San Silvestre La sonrisa de José.,2023-12-09,Sábado,9.0,trail running,Absoluta/General,0,0,Liétor,,Castille-La Mancha,0,3001,"9k, Trail corto",Castille-La Mancha
mychip,III San Silvestre La sonrisa de José.,2023-12-09,Sábado,1.0,trail running,Absoluta/General,0,0,Liétor,,Castille-La Mancha,0,3001,"1k, disfraces",Castille-La Mancha
mychip,III San Silvestre La sonrisa de José.,2023-12-09,Sábado,0.0,trail running,Otros,0,0,Liétor,,Castille-La Mancha,0,3001,Dorsal 0 a favor de NIÑOS CON CÁNCER AFANIÓN,Castille-La Mancha
mychip,XIII Carrera por Montaña Sierra de Chiva.,2023-12-09,Sábado,61.0,trail running,Absoluta/General,10,61,Chiva,La Hoya de Buñol,Valencia,0,3043,61k,Comunitat Valenciana
mychip,XIII Carrera por Montaña Sierra de Chiva.,2023-12-09,Sábado,35.0,trail running,Absoluta/General,15,98,Chiva,La Hoya de Buñol,Valencia,0,3043,35k,Comunitat Valenciana
mychip,XIII Carrera por Montaña Sierra de Chiva.,2023-12-09,Sábado,14.0,trail running,Absoluta/General,49,97,Chiva,La Hoya de Buñol,Valencia,0,3043,14k,Comunitat Valenciana
mychip,"I carrera solidaria a favor de ACODIP, Ibi, día internacional de la discapacidad.",2023-12-03,Domingo,10.0,trail running,Absoluta/General,39,124,Ibi,,Alicante,0,3008,Corredores,Valencia
mychip,"I carrera solidaria a favor de ACODIP, Ibi, día internacional de la discapacidad.",2023-12-03,Domingo,10.0,marcha,Absoluta/General,148,82,Ibi,,Alicante,0,3008,Caminantes,Valencia
mychip,"I carrera solidaria a favor de ACODIP, Ibi, día internacional de la discapacidad.",2023-12-03,Domingo,0.0,trail running,Otros,0,0,Ibi,,Alicante,0,3008,Dorsal 0,Valencia
mychip,"7e Trail Senglars, Favara",2023-12-03,Domingo,16.0,trail running,Absoluta/General,36,221,Favara,,Valencia,0,3010,16k,Valencia
mychip,"II Pujada Ermita Sant Esteve, Ontinyent ",2023-11-26,Domingo,11.0,road running,Absoluta/General,28,105,,,Valencia,0,3005,"11K, Corriendo",Valencia
mychip,"II Pujada Ermita Sant Esteve, Ontinyent ",2023-11-26,Domingo,11.0,marcha,Absoluta/General,135,96,,,Valencia,0,3005,SENDER 11k,Valencia
mychip,"Trail Tres Tossals, CTM 24",2023-11-26,Domingo,20.0,trail running,Absoluta/General,36,112,Gata de Gorgos,,Alicante,0,3006,20k puntuable CTM,Valencia
mychip,"Trail Tres Tossals, CTM 24",2023-11-26,Domingo,10.5,trail running,Absoluta/General,71,144,Gata de Gorgos,,Alicante,0,3006,"10,5K, puntuable CTM",Valencia
mychip,"Trail Tres Tossals, CTM 24",2023-11-26,Domingo,10.0,marcha,Absoluta/General,23,26,Gata de Gorgos,,Alicante,0,3006,Senderista,Valencia
mychip,"Trail Tres Tossals, CTM 24",2023-11-26,Domingo,1.0,trail running,Absoluta/General,0,0,Gata de Gorgos,,Alicante,0,3006,Prova xiquets,Valencia
mychip,9e. Trail el Ventós,2023-11-26,Domingo,16.0,trail running,Absoluta/General,26,144,Agost,El Alacantí,Alicante,0,3007,Trail 16k,Comunidad Valenciana
mychip,9e. Trail el Ventós,2023-11-26,Domingo,8.0,trail running,Absoluta/General,29,19,Agost,El Alacantí,Alicante,0,3007,Sender 8k,Comunidad Valenciana
mychip,"VALLDIGNA EXTREM, Marxa senderista",2023-11-25,Sábado,40.0,trail running,Absoluta/General,0,0,Tabernes de Valldigna,,Valencia,0,3003,VEX,Valencia
mychip,"XXII MITJA MARATÓ SAMARUC, ALGEMESÍ",2023-11-19,Domingo,21.097,road running,Absoluta/General,53,331,Algemesí,La Ribera Alta,Valencia,0,2051,Media maratón,Comunidad Valenciana
mychip,Costa Blanca Trails 2023,2023-11-17,Viernes,103.0,trail running,Absoluta/General,7,169,Finestrat,La Marina Baja,Alicante,0,2007,GTCB 103K (17/11),Comunidad Valenciana
mychip,Costa Blanca Trails 2023,2023-11-17,Viernes,103.0,trail running,Absoluta/General,1,14,Finestrat,La Marina Baja,Alicante,6,2007,"GTCB 103k x 2, (17/11).",Comunidad Valenciana
mychip,Costa Blanca Trails 2023,2023-11-17,Viernes,65.0,trail running,Absoluta/General,29,186,Finestrat,La Marina Baja,Alicante,0,2007,UTCB 65k (18/11),Comunidad Valenciana
mychip,Costa Blanca Trails 2023,2023-11-17,Viernes,41.0,trail running,Absoluta/General,39,343,Finestrat,La Marina Baja,Alicante,0,2007,MCB 41K (18/11),Comunidad Valenciana
mychip,Costa Blanca Trails 2023,2023-11-17,Viernes,21.0,trail running,Absoluta/General,91,300,Finestrat,La Marina Baja,Alicante,0,2007,TPC 21K  (18/11),Comunidad Valenciana
mychip,Costa Blanca Trails 2023,2023-11-17,Viernes,18.0,trail running,Absoluta/General,67,92,Finestrat,La Marina Baja,Alicante,0,2007,MTF 18K & SENDER (18/11),Comunidad Valenciana
mychip,Costa Blanca Trails 2023,2023-11-17,Viernes,53.2,trail running,Absoluta/General,2,20,Finestrat,La Marina Baja,Alicante,0,2007,Primer Relevo (Finestrat - Confrides),Comunidad Valenciana
mychip,Costa Blanca Trails 2023,2023-11-17,Viernes,49.8,trail running,Absoluta/General,6,17,Finestrat,La Marina Baja,Alicante,0,2007,Segundo relevo,Comunidad Valenciana
mychip,"Massanassa sostenible, Tot Suma, Marxa popular 2023",2023-11-17,Viernes,0.0,road running,Absoluta/General,0,0,Valencia,,Valencia,0,3000,Tot suma!!!,Valencia
mychip,XXI Volta Popular en Bicicleta a cullera,2023-11-12,Domingo,10.5,Ciclismo y btt,Absoluta/General,0,0,Cullera,La Ribera Baja,Valencia,0,2083,Volta en Bici,Comunidad Valenciana
mychip,Marató dels Dements 2023,2023-11-11,Sábado,42.5,trail running,Absoluta/General,30,308,Eslida,,Castellón,0,1998,Marató Dements,Valencia
mychip,Marató dels Dements 2023,2023-11-11,Sábado,21.2,trail running,Absoluta/General,41,119,Eslida,,Castellón,0,1998,Mitja Dements Eslida,Valencia
mychip,Marató dels Dements 2023,2023-11-11,Sábado,43.7,trail running,Absoluta/General,12,47,Eslida,,Castellón,0,1998,Dements por etapas,Valencia
mychip,Marató dels Dements 2023,2023-11-11,Sábado,22.5,trail running,Absoluta/General,55,193,Eslida,,Castellón,0,1998,Mitja Aín,Valencia
mychip,"XII MIMAMUCA, CARRÍCOLA",2023-11-05,Domingo,21.0,trail running,Absoluta/General,85,441,Carrícola,La Vall d'Albaida,Valencia,2,2013,MIMAMUCA,Comunidad Valenciana
mychip,"V BÈRNIA MOSCATELL TRAIL, CTM 23/24, Xaló",2023-11-05,Domingo,21.0,trail running,Absoluta/General,23,99,Jalón,La Marina Alta,Alicante,0,2025,"BX BMT TRAIL 21km, puntuable CTM ",Comunidad Valenciana
mychip,"V BÈRNIA MOSCATELL TRAIL, CTM 23/24, Xaló",2023-11-05,Domingo,15.0,trail running,Absoluta/General,77,183,Jalón,La Marina Alta,Alicante,0,2025,"BX BMT EXPRESS 15Km, puntuable CTM",Comunidad Valenciana
mychip,"V BÈRNIA MOSCATELL TRAIL, CTM 23/24, Xaló",2023-11-05,Domingo,15.0,trail running,Absoluta/General,38,33,Jalón,La Marina Alta,Alicante,0,2025,BX BMT SENDERISTA 15Km,Comunidad Valenciana
mychip,33ª. Media Maratón Pinoso,2023-11-05,Domingo,21.097,road running,Absoluta/General,16,77,Pinoso,El Vinalopó Medio,Alicante,0,2065,Media Maratón,Comunidad Valenciana
mychip,33ª. Media Maratón Pinoso,2023-11-05,Domingo,10.0,road running,Absoluta/General,25,117,Pinoso,El Vinalopó Medio,Alicante,0,2065,10k,Comunidad Valenciana
mychip,33ª. Media Maratón Pinoso,2023-11-05,Domingo,5.0,road running,Absoluta/General,83,76,Pinoso,El Vinalopó Medio,Alicante,0,2065,5k,Comunidad Valenciana
mychip,33ª. Media Maratón Pinoso,2023-11-05,Domingo,10.0,road running,Absoluta/General,101,29,Pinoso,El Vinalopó Medio,Alicante,0,2065,Senderista,Comunidad Valenciana
mychip,"XIV Marcha BTT, Polop de la Marina. 2023",2023-11-05,Domingo,30.0,Ciclismo y btt,Absoluta/General,2,114,Polop,La Marina Baja,Alicante,0,2088,Marcha  (Domingo 5),Comunidad Valenciana
mychip,"XIV Marcha BTT, Polop de la Marina. 2023",2023-11-05,Domingo,30.0,Ciclismo y btt,Absoluta/General,1,36,Polop,La Marina Baja,Alicante,0,2088,"E-Bike, Domingo 5",Comunidad Valenciana
mychip,"9a. Pujada a la Penya Migjorn, Xixona 23",2023-11-04,Sábado,41.0,trail running,Absoluta/General,2,25,Jijona,El Alacantí,Alicante,0,1978,Marató,Comunidad Valenciana
mychip,"9a. Pujada a la Penya Migjorn, Xixona 23",2023-11-04,Sábado,22.0,trail running,Absoluta/General,14,88,Jijona,El Alacantí,Alicante,0,1978,Trail 22k,Comunidad Valenciana
mychip,"9a. Pujada a la Penya Migjorn, Xixona 23",2023-11-04,Sábado,14.0,trail running,Absoluta/General,43,66,Jijona,El Alacantí,Alicante,1,1978,Trail 14K,Comunidad Valenciana
mychip,"9a. Pujada a la Penya Migjorn, Xixona 23",2023-11-04,Sábado,14.0,trail running,Absoluta/General,41,41,Jijona,El Alacantí,Alicante,0,1978,Sender 14k,Comunidad Valenciana
mychip,"Cronoescalada, XIV Marcha BTT, Polop de la Marina",2023-11-04,Sábado,9.0,Ciclismo y btt,Absoluta/General,2,39,Polop,La Marina Baja,Alicante,0,2072,Crono Escalada (4 noviembre),Comunidad Valenciana
mychip,"Cronoescalada, XIV Marcha BTT, Polop de la Marina",2023-11-04,Sábado,9.0,Ciclismo y btt,Absoluta/General,0,9,Polop,La Marina Baja,Alicante,0,2072,E-Bike Crono Escalada (4 noviembre),Comunidad Valenciana
mychip,37a VOLTA A LA FOIA,2023-10-29,Domingo,27.5,road running,Absoluta/General,60,358,Castalla,La Hoya de Alcoy,Alicante,0,2008,Carrera,Comunidad Valenciana
mychip,37a VOLTA A LA FOIA,2023-10-29,Domingo,27.5,road running,Absoluta/General,156,171,Castalla,La Hoya de Alcoy,Alicante,0,2008,Caminantes,Comunidad Valenciana
mychip,VIII Trail de Buñol,2023-10-29,Domingo,21.0,trail running,Absoluta/General,10,85,Buñol,La Hoya de Buñol,Valencia,0,2012,"20,5k",Comunidad Valenciana
mychip,VIII Trail de Buñol,2023-10-29,Domingo,11.5,trail running,Absoluta/General,56,141,Buñol,La Hoya de Buñol,Valencia,0,2012,Sprint Trail,Comunidad Valenciana
mychip,VIII Trail de Buñol,2023-10-29,Domingo,8.0,trail running,Absoluta/General,0,0,Buñol,La Hoya de Buñol,Valencia,0,2012,Caminata 8k,Comunidad Valenciana
mychip,Trail de Bocairent 23,2023-10-29,Domingo,23.0,trail running,Absoluta/General,16,97,Bocairente,La Vall d'Albaida,Valencia,0,2039,Trail Llarg,Comunidad Valenciana
mychip,Trail de Bocairent 23,2023-10-29,Domingo,13.0,trail running,Absoluta/General,61,152,Bocairente,La Vall d'Albaida,Valencia,0,2039,Sprint Trail,Comunidad Valenciana
mychip,Trail de Bocairent 23,2023-10-29,Domingo,11.0,trail running,Absoluta/General,185,143,Bocairente,La Vall d'Albaida,Valencia,1,2039,Sender 11k,Comunidad Valenciana
mychip,XXXIX Volta a peu a Cullera,2023-10-29,Domingo,12.7,road running,Absoluta/General,56,228,Cullera,La Ribera Baja,Valencia,0,2049,"Absoluta, 14k (hasta el  2005)",Comunidad Valenciana
mychip,BAJADA SOLIDARIA CREVILLENT-EL REALENGO-CAMPING ALANNIA COSTA BLANCA. 2023,2023-10-22,Domingo,11.0,trail running,Absoluta/General,58,129,Crevillente,El Bajo Vinalopó,Alicante,0,2016,CARRERA,Comunidad Valenciana
mychip,BAJADA SOLIDARIA CREVILLENT-EL REALENGO-CAMPING ALANNIA COSTA BLANCA. 2023,2023-10-22,Domingo,11.0,trail running,Absoluta/General,421,184,Crevillente,El Bajo Vinalopó,Alicante,0,2016,Marchador,Comunidad Valenciana
mychip,BAJADA SOLIDARIA CREVILLENT-EL REALENGO-CAMPING ALANNIA COSTA BLANCA. 2023,2023-10-22,Domingo,11.0,trail running,Absoluta/General,7,13,Crevillente,El Bajo Vinalopó,Alicante,0,2016,Nórdica,Comunidad Valenciana
mychip,"Badall Trail, Benigembla, CTM 23/24",2023-10-22,Domingo,21.0,trail running,Absoluta/General,28,117,Benichembla,La Marina Alta,Alicante,0,2024,"Badall Trail, CTM",Comunidad Valenciana
mychip,"Badall Trail, Benigembla, CTM 23/24",2023-10-22,Domingo,15.0,trail running,Absoluta/General,69,160,Benichembla,La Marina Alta,Alicante,0,2024,"Penya Blanca, Sprint CTM",Comunidad Valenciana
mychip,XVIII FONS i I MINI FONS DE LA TARDOR,2023-10-22,Domingo,24.0,trail running,Absoluta/General,24,93,Vall de Uxó,Plana Baja,Castellón,0,2046,Fons de la Tardor,Comunidad Valenciana
mychip,XVIII FONS i I MINI FONS DE LA TARDOR,2023-10-22,Domingo,12.0,trail running,Absoluta/General,79,130,Vall de Uxó,Plana Baja,Castellón,0,2046,MINI FONS DE LA TARDOR,Comunidad Valenciana
mychip,"Alicante para la lucha contra el cáncer, sede local de Agost, 2023",2023-10-22,Domingo,3.0,road running,Absoluta/General,0,0,Agost,El Alacantí,Alicante,0,2075,Yo lucho contra el Cáncer,Comunidad Valenciana
mychip,"Alicante para la lucha contra el cáncer, sede local de Agost, 2023",2023-10-22,Domingo,0.0,road running,Otros,0,0,Agost,El Alacantí,Alicante,0,2075,"Dorsal 0, donativo voluntario",Comunidad Valenciana
mychip,"4ª PRUEBA COPA MARCHA NORDICA 2023, Paterna",2023-10-21,Sábado,12.4,road running,Absoluta/General,23,30,Paterna,Huerta Norte,Valencia,0,2067,ABSOLUTA,Comunidad Valenciana
mychip,"4ª PRUEBA COPA MARCHA NORDICA 2023, Paterna",2023-10-21,Sábado,6.2,road running,Infantil,2,4,Paterna,Huerta Norte,Valencia,0,2067,INFANTIL,Comunidad Valenciana
mychip,"4ª PRUEBA COPA MARCHA NORDICA 2023, Paterna",2023-10-21,Sábado,9.3,road running,Cadete/Juvenil,4,3,Paterna,Huerta Norte,Valencia,0,2067,CADETE,Comunidad Valenciana
mychip,"4ª PRUEBA COPA MARCHA NORDICA 2023, Paterna",2023-10-21,Sábado,3.1,road running,Infantil,2,3,Paterna,Huerta Norte,Valencia,0,2067,ALEVÍN,Comunidad Valenciana
mychip,"4ª PRUEBA COPA MARCHA NORDICA 2023, Paterna",2023-10-21,Sábado,0.9,road running,Infantil,4,2,Paterna,Huerta Norte,Valencia,0,2067,BENJAMÍN,Comunidad Valenciana
mychip,"4ª PRUEBA COPA MARCHA NORDICA 2023, Paterna",2023-10-21,Sábado,0.9,road running,Infantil,1,2,Paterna,Huerta Norte,Valencia,0,2067,PRE-BENJAMÍN,Comunidad Valenciana
mychip,"4ª PRUEBA COPA MARCHA NORDICA 2023, Paterna",2023-10-21,Sábado,9.3,road running,Absoluta/General,7,11,Paterna,Huerta Norte,Valencia,0,2067,Promoción,Comunidad Valenciana
mychip,"4ª PRUEBA COPA MARCHA NORDICA 2023, Paterna",2023-10-21,Sábado,9.3,road running,Otros,0,3,Paterna,Huerta Norte,Valencia,0,2067,Invidente,Comunidad Valenciana
mychip,VI MARCHA CICLODEPORTIVA TOUS,2023-10-15,Domingo,126.0,Ciclismo y btt,Absoluta/General,0,0,Tous,La Ribera Alta,Valencia,0,2018,126KM 2100+,Comunidad Valenciana
mychip,"VIII Volta a la Campana & V Volta Sprint, Sueras",2023-10-15,Domingo,23.0,trail running,Absoluta/General,46,180,Sueras,Plana Baja,Castellón,0,2050,Volta  23 km,Comunidad Valenciana
mychip,"VIII Volta a la Campana & V Volta Sprint, Sueras",2023-10-15,Domingo,11.2,trail running,Absoluta/General,71,152,Sueras,Plana Baja,Castellón,0,2050,"Sprint 11,2km",Comunidad Valenciana
mychip,XIV CURSA POPULAR LA VILA JOIOSA,2023-10-15,Domingo,8.8,road running,Absoluta/General,31,79,Villajoyosa,La Marina Baja,Alicante,0,2058,Absoluta,Comunidad Valenciana
mychip,XIV CURSA POPULAR LA VILA JOIOSA,2023-10-15,Domingo,5.8,road running,Absoluta/General,121,61,Villajoyosa,La Marina Baja,Alicante,0,2058,Caminants,Comunidad Valenciana
mychip,XIV CURSA POPULAR LA VILA JOIOSA,2023-10-15,Domingo,0.0,road running,Absoluta/General,0,0,Villajoyosa,La Marina Baja,Alicante,0,2058,MENORS,Comunidad Valenciana
mychip,X Trail solidari Ciutat D`'Alcoi,2023-10-14,Sábado,44.0,trail running,Absoluta/General,59,349,Alcoy,La Hoya de Alcoy,Alicante,5,1996,TRAIL SOLIDARI,Comunidad Valenciana
mychip,X Trail solidari Ciutat D`'Alcoi,2023-10-14,Sábado,27.0,trail running,Absoluta/General,210,518,Alcoy,La Hoya de Alcoy,Alicante,31,1996,MIG TRAIL SOLIDARI,Comunidad Valenciana
mychip,X Trail solidari Ciutat D`'Alcoi,2023-10-14,Sábado,22.0,trail running,Absoluta/General,468,332,Alcoy,La Hoya de Alcoy,Alicante,24,1996,MARCHA SOLIDARIA,Comunidad Valenciana
mychip,X Trail solidari Ciutat D`'Alcoi,2023-10-14,Sábado,17.0,trail running,Absoluta/General,3,7,Alcoy,La Hoya de Alcoy,Alicante,1,1996,Jove Trail Solidari,Comunidad Valenciana
mychip,6º TRAILS ONIL,2023-10-08,Domingo,40.0,trail running,Absoluta/General,4,51,Onil,La Hoya de Alcoy,Alicante,0,1890,"40k, Trail Onil",Comunidad Valenciana
mychip,6º TRAILS ONIL,2023-10-08,Domingo,25.0,trail running,Absoluta/General,24,103,Onil,La Hoya de Alcoy,Alicante,0,1890,25k Trail Onil,Comunidad Valenciana
mychip,6º TRAILS ONIL,2023-10-08,Domingo,14.0,trail running,Absoluta/General,57,116,Onil,La Hoya de Alcoy,Alicante,0,1890,"14k, Trail Onil",Comunidad Valenciana
mychip,6º TRAILS ONIL,2023-10-08,Domingo,14.0,trail running,Absoluta/General,69,79,Onil,La Hoya de Alcoy,Alicante,0,1890,"14k, sender",Comunidad Valenciana
mychip,VI TRAIL DE ANNA ,2023-10-08,Domingo,30.0,trail running,Absoluta/General,0,0,Anna,La Canal de Navarrés,Valencia,0,2056,30K ,Comunidad Valenciana
mychip,VI TRAIL DE ANNA ,2023-10-08,Domingo,21.0,trail running,Absoluta/General,0,0,Anna,La Canal de Navarrés,Valencia,0,2056,21K,Comunidad Valenciana
mychip,VI TRAIL DE ANNA ,2023-10-08,Domingo,11.0,trail running,Absoluta/General,0,0,Anna,La Canal de Navarrés,Valencia,0,2056,11K,Comunidad Valenciana
mychip,VI TRAIL DE ANNA ,2023-10-08,Domingo,11.0,trail running,Absoluta/General,0,0,Anna,La Canal de Navarrés,Valencia,0,2056,CAMINATA,Comunidad Valenciana
mychip,CIRCUITO TRAIL VALENCIA TRAIL RACE,2023-10-08,Domingo,0.0,trail running,Absoluta/General,0,0,Valencia,,Valencia,0,2057,CIRCUITO TRAIL VALENCIA TRAIL RACE,Comunidad Valenciana
mychip,"Botamarges & Trencaclosques, CTM 23/24",2023-10-07,Sábado,64.0,trail running,Absoluta/General,12,129,Adsubia,La Marina Alta,Alicante,0,2022,Botamarges,Comunidad Valenciana
mychip,"Botamarges & Trencaclosques, CTM 23/24",2023-10-07,Sábado,21.0,trail running,Absoluta/General,46,143,Adsubia,La Marina Alta,Alicante,0,2022,"Trencaclosques,( CTM Trail)",Comunidad Valenciana
mychip,"5k Festes del Roser, II Circuit carreres populars Ciutat de la Vall D'Uixo 2023",2023-10-06,Viernes,5.0,road running,Absoluta/General,34,93,Vall de Uxó,Plana Baja,Castellón,0,1960,5k,Comunidad Valenciana
mychip,IX MARCHA CICLODEPORTIVA GSPORT - LA POBLA LLARGA,2023-10-01,Domingo,138.0,Ciclismo y btt,Absoluta/General,25,309,la Pobla Llarga,La Ribera Alta,Valencia,0,2017,Marcha,Comunidad Valenciana
mychip,BENICATRAIL 2023,2023-10-01,Domingo,26.5,trail running,Absoluta/General,19,108,Beniatjar,La Vall d'Albaida,Valencia,0,2038,Benicatrail clàssica,Comunidad Valenciana
mychip,BENICATRAIL 2023,2023-10-01,Domingo,14.5,trail running,Absoluta/General,45,95,Beniatjar,La Vall d'Albaida,Valencia,0,2038,Benicatrail promo,Comunidad Valenciana
mychip,"III VOLTA ALS PONTS, ROTARY ALCOY",2023-10-01,Domingo,4.75,road running,Elite,0,0,Alcoy,La Hoya de Alcoy,Alicante,0,2059,Pro-Solidari,Comunidad Valenciana
mychip,"III VOLTA ALS PONTS, ROTARY ALCOY",2023-10-01,Domingo,4.75,road running,Infantil,0,0,Alcoy,La Hoya de Alcoy,Alicante,0,2059,0 A 14 AÑOS,Comunidad Valenciana
mychip,"III VOLTA ALS PONTS, ROTARY ALCOY",2023-10-01,Domingo,0.0,road running,Otros,0,0,Alcoy,La Hoya de Alcoy,Alicante,0,2059,"Dorsal 0, donatiu voluntari",Comunidad Valenciana
mychip,"5k La Pilarica, II Circuit carreres populars Ciutat de la Vall D'Uixo 2023",2023-09-30,Sábado,5.0,road running,Absoluta/General,43,95,Vall de Uxó,Plana Baja,Castellón,0,1959,5k,Comunidad Valenciana
mychip,"Alicante International Skate Cup, Open, 2023",2023-09-30,Sábado,0.0,Otros,Absoluta/General,0,0,Alicante,El Alacantí,Alicante,0,2060,Open Masculino (sábado),Comunidad Valenciana
mychip,"Alicante International Skate Cup, Open, 2023",2023-09-30,Sábado,0.0,Otros,Absoluta/General,0,0,Alicante,El Alacantí,Alicante,0,2060,Open Femenino (Domingo),Comunidad Valenciana
mychip,"Alicante International Skate Cup, Open, 2023",2023-09-30,Sábado,0.0,Otros,Infantil,0,0,Alicante,El Alacantí,Alicante,0,2060,Menores (Domingo),Comunidad Valenciana
mychip,"Sprint Trail Senyera, 2023",2023-09-24,Domingo,14.0,trail running,Absoluta/General,33,96,Senyera,La Ribera Alta,Valencia,0,1999,SPRINT TRAIL,Comunidad Valenciana
mychip,"Sprint Trail Senyera, 2023",2023-09-24,Domingo,8.0,trail running,Absoluta/General,96,74,Senyera,La Ribera Alta,Valencia,0,1999,Sender,Comunidad Valenciana
mychip,"XXXV Marxa de resistència en BTT, Selènika 23.",2023-09-24,Domingo,105.0,Ciclismo y btt,Absoluta/General,7,228,Navarcles,,Barcelona,0,2043,Llarga,Cataluña
mychip,"XXXV Marxa de resistència en BTT, Selènika 23.",2023-09-24,Domingo,72.0,Ciclismo y btt,Absoluta/General,0,113,Navarcles,,Barcelona,0,2043,Curta,Cataluña
mychip,"XXXV Marxa de resistència en BTT, Selènika 23.",2023-09-24,Domingo,72.0,Ciclismo y btt,Absoluta/General,0,20,Navarcles,,Barcelona,0,2043,E-Bike,Cataluña
mychip,"Faldes del Puig Campana, Trail & Sender Nocturn, 2023",2023-09-23,Sábado,16.0,trail running,Absoluta/General,17,103,Finestrat,La Marina Baja,Alicante,0,2001,Carrera,Comunidad Valenciana
mychip,"Faldes del Puig Campana, Trail & Sender Nocturn, 2023",2023-09-23,Sábado,9.0,trail running,Absoluta/General,53,56,Finestrat,La Marina Baja,Alicante,1,2001,Sender,Comunidad Valenciana
mychip,"3ª PRUEBA COPA MARCHA NORDICA 2023, Alicante",2023-09-23,Sábado,12.76,road running,Absoluta/General,23,42,Alicante,El Alacantí,Alicante,0,2042,ABSOLUTA,Comunidad Valenciana
mychip,"3ª PRUEBA COPA MARCHA NORDICA 2023, Alicante",2023-09-23,Sábado,6.38,road running,Infantil,3,4,Alicante,El Alacantí,Alicante,0,2042,INFANTIL,Comunidad Valenciana
mychip,"3ª PRUEBA COPA MARCHA NORDICA 2023, Alicante",2023-09-23,Sábado,9.576,road running,Cadete/Juvenil,3,3,Alicante,El Alacantí,Alicante,0,2042,CADETE,Comunidad Valenciana
mychip,"3ª PRUEBA COPA MARCHA NORDICA 2023, Alicante",2023-09-23,Sábado,3.19,road running,Infantil,2,3,Alicante,El Alacantí,Alicante,0,2042,ALEVÍN,Comunidad Valenciana
mychip,"3ª PRUEBA COPA MARCHA NORDICA 2023, Alicante",2023-09-23,Sábado,1.34,road running,Infantil,4,2,Alicante,El Alacantí,Alicante,0,2042,BENJAMÍN,Comunidad Valenciana
mychip,"3ª PRUEBA COPA MARCHA NORDICA 2023, Alicante",2023-09-23,Sábado,1.34,road running,Infantil,1,2,Alicante,El Alacantí,Alicante,0,2042,PRE-BENJAMÍN,Comunidad Valenciana
mychip,"3ª PRUEBA COPA MARCHA NORDICA 2023, Alicante",2023-09-23,Sábado,6.38,road running,Absoluta/General,12,11,Alicante,El Alacantí,Alicante,0,2042,Promoción,Comunidad Valenciana
mychip,"3ª PRUEBA COPA MARCHA NORDICA 2023, Alicante",2023-09-23,Sábado,9.58,road running,Otros,0,3,Alicante,El Alacantí,Alicante,0,2042,Invidente,Comunidad Valenciana
mychip,V TRAIL SUMACARCER,2023-09-10,Domingo,8.0,trail running,Absoluta/General,0,0,Sumacárcel,La Ribera Alta,Valencia,0,2044,TRAIL   20K,Comunidad Valenciana
mychip,V TRAIL SUMACARCER,2023-09-10,Domingo,12.0,trail running,Absoluta/General,0,0,Sumacárcel,La Ribera Alta,Valencia,0,2044,SPRINT 12K,Comunidad Valenciana
mychip,V TRAIL SUMACARCER,2023-09-10,Domingo,12.0,trail running,Absoluta/General,0,0,Sumacárcel,La Ribera Alta,Valencia,0,2044,CAMINATA 12K,Comunidad Valenciana
mychip,XXIV VOLTA A PEU A CORBERA,2023-09-09,Sábado,8.0,road running,Absoluta/General,25,138,Corbera,La Ribera Baja,Valencia,0,2045,8k,Comunidad Valenciana
mychip,XXIV VOLTA A PEU A CORBERA,2023-09-09,Sábado,0.0,road running,Infantil,0,0,Corbera,La Ribera Baja,Valencia,0,2045,Menores (inscripción el día de la prueba),Comunidad Valenciana
mychip,XXVI CARRERA MATUTINA A LA PLAYA DE CULLERA,2023-08-05,Sábado,7.0,road running,Absoluta/General,59,189,Cullera,La Ribera Baja,Valencia,0,2015,7k,Comunidad Valenciana
mychip,34 VOLTA A PEU A LA PLATJA DE TAVERNES,2023-08-04,Viernes,8.0,road running,Absoluta/General,158,559,Tabernes de Valldigna,La Safor,Valencia,0,2004,8k,Comunidad Valenciana
mychip,"5kLes penyes en Festes, II Circuit carreres populars Ciutat de la Vall D'Uixo 2023",2023-07-21,Viernes,5.0,road running,Absoluta/General,50,106,Vall de Uxó,Plana Baja,Castellón,0,1958,5k,Comunidad Valenciana
mychip,20a Volta a Peu i VIII Marxa Senderista,2023-07-08,Sábado,8.7,road running,Absoluta/General,18,79,Barcheta,La Costera,Valencia,0,1967,Cursa,Comunidad Valenciana
mychip,20a Volta a Peu i VIII Marxa Senderista,2023-07-08,Sábado,7.8,road running,Absoluta/General,58,51,Barcheta,La Costera,Valencia,0,1967,Senderista,Comunidad Valenciana
mychip,"11ª Marcha Nocturna CEXVillena ""Sierra La Villa""",2023-07-07,Viernes,14.71,Otros,Absoluta/General,0,0,Villena,El Alto Vinalopó,Alicante,0,2014,FEDERADOS FEDME,Comunidad Valenciana
mychip,"11ª Marcha Nocturna CEXVillena ""Sierra La Villa""",2023-07-07,Viernes,14.71,Otros,Absoluta/General,0,0,Villena,El Alto Vinalopó,Alicante,0,2014,No federados,Comunidad Valenciana
mychip,"Amanece Trail Desafío Aýna, 2023, VIII Circuito Desafíos  Sierra del Segura",2023-07-01,Sábado,21.0,trail running,Absoluta/General,0,0,Aýna,,Castilla-La Mancha,0,1838,Trail,Castilla-La Mancha
mychip,"Amanece Trail Desafío Aýna, 2023, VIII Circuito Desafíos  Sierra del Segura",2023-07-01,Sábado,10.0,trail running,Absoluta/General,0,0,Aýna,,Castilla-La Mancha,0,1838,Sprint,Castilla-La Mancha
mychip,"Amanece Trail Desafío Aýna, 2023, VIII Circuito Desafíos  Sierra del Segura",2023-07-01,Sábado,10.0,trail running,Absoluta/General,0,0,Aýna,,Castilla-La Mancha,0,1838,Sender,Castilla-La Mancha
mychip,I ANFIBIOS TRAIL NAVARRES,2023-07-01,Sábado,13.0,trail running,Absoluta/General,0,0,Navarrés,La Canal de Navarrés,Valencia,0,1993,I ANFIBIOS TRAIL NAVARRES,Comunidad Valenciana
mychip,Trail Nocturn Lluna D'Oltà 2023,2023-07-01,Sábado,15.81,road running,Absoluta/General,50,147,Calpe,La Marina Alta,Alicante,0,2006,Trail 15k,Comunidad Valenciana
mychip,Trail Nocturn Lluna D'Oltà 2023,2023-07-01,Sábado,10.15,road running,Absoluta/General,50,48,Calpe,La Marina Alta,Alicante,0,2006,Sender 10k,Comunidad Valenciana
mychip,"CARRERA NOCTURNA A LA FONT DE GARRUT, 2023, La Vall D'Uixó",2023-06-30,Viernes,10.0,trail running,Absoluta/General,55,159,Vall de Uxó,Plana Baja,Castellón,0,1981,Carrera por montaña,Comunidad Valenciana
mychip,CARRERA VIRTUAL ASOCIACIÓN VÍCTIMAS DEL TERRORISMO 2023,2023-06-25,Domingo,10.0,road running,Absoluta/General,0,0,Madrid,,Comunidad de Madrid,0,1986,10k Corriendo o Andando,Comunidad de Madrid
mychip,CARRERA VIRTUAL ASOCIACIÓN VÍCTIMAS DEL TERRORISMO 2023,2023-06-25,Domingo,5.0,road running,Absoluta/General,0,0,Madrid,,Comunidad de Madrid,0,1986,5k Corriendo o Andando,Comunidad de Madrid
mychip," X CARRERA Y MARCHA POPULAR LA ENCINA ""VUELTA AL ROCÍN"" ",2023-06-24,Sábado,10.5,trail running,Absoluta/General,0,0,Villena,El Alto Vinalopó,Alicante,0,1979,Carrera,Comunidad Valenciana
mychip," X CARRERA Y MARCHA POPULAR LA ENCINA ""VUELTA AL ROCÍN"" ",2023-06-24,Sábado,10.5,trail running,Absoluta/General,0,0,Villena,El Alto Vinalopó,Alicante,0,1979,Marcha Senderista,Comunidad Valenciana
mychip," X CARRERA Y MARCHA POPULAR LA ENCINA ""VUELTA AL ROCÍN"" ",2023-06-24,Sábado,1.0,trail running,Infantil,0,0,Villena,El Alto Vinalopó,Alicante,0,1979,Menores. 3 a 12 años,Comunidad Valenciana
mychip,VI TRAIL DE TOUS,2023-06-11,Domingo,20.0,trail running,Absoluta/General,0,0,Tous,La Ribera Alta,Valencia,0,1992,20K,Comunidad Valenciana
mychip,VI TRAIL DE TOUS,2023-06-11,Domingo,10.0,trail running,Absoluta/General,0,0,Tous,La Ribera Alta,Valencia,0,1992,10K,Comunidad Valenciana
mychip,VI TRAIL DE TOUS,2023-06-11,Domingo,10.0,trail running,Absoluta/General,0,0,Tous,La Ribera Alta,Valencia,0,1992,CAMINATA,Comunidad Valenciana
mychip,"5k Club atletisme la Valls, II Circuit carreres populars Ciutat de la Vall D'Uixo 2023",2023-06-10,Sábado,5.0,road running,Absoluta/General,60,113,Vall de Uxó,Plana Baja,Castellón,0,1957,5k,Comunidad Valenciana
mychip,TRAIL DE CHULILLA,2023-06-10,Sábado,11.0,trail running,Absoluta/General,0,0,Chulilla,,Valencia,0,1994,TRAIL ,Comunidad Valenciana
mychip,XXXIII Gran Fons de Massanassa,2023-06-03,Sábado,15.0,road running,Absoluta/General,119,472,Masanasa,Huerta Sur,Valencia,0,1972,Gran fons,Comunidad Valenciana
mychip,XXXIII Gran Fons de Massanassa,2023-06-03,Sábado,0.0,road running,Absoluta/General,0,0,Masanasa,Huerta Sur,Valencia,0,1972,Menors el día de la cursa,Comunidad Valenciana
mychip,"XI Cursa per Muntanya les Xosses de Crevillent, 6a KIDS.",2023-06-03,Sábado,18.0,trail running,Absoluta/General,64,264,Crevillente,El Bajo Vinalopó,Alicante,0,1974,Trail,Comunidad Valenciana
mychip,"XI Cursa per Muntanya les Xosses de Crevillent, 6a KIDS.",2023-06-03,Sábado,13.0,trail running,Absoluta/General,78,86,Crevillente,El Bajo Vinalopó,Alicante,0,1974,Sender,Comunidad Valenciana
mychip,"XI Cursa per Muntanya les Xosses de Crevillent, 6a KIDS.",2023-06-03,Sábado,0.54,trail running,Absoluta/General,0,0,Crevillente,El Bajo Vinalopó,Alicante,0,1974,Kids,Comunidad Valenciana
mychip,VII Woman Trail,2023-06-03,Sábado,10.0,road running,Absoluta/General,511,5,Vall de Uxó,Plana Baja,Castellón,0,1980,WOMAN TRAIL,Comunidad Valenciana
mychip,5k Trinitarias,2023-06-03,Sábado,5.0,road running,Absoluta/General,137,158,Valencia,,Valencia,85,2009,5k,Comunidad Valenciana
mychip,5k Trinitarias,2023-06-03,Sábado,1.0,road running,Absoluta/General,0,0,Valencia,,Valencia,109,2009,1k,Comunidad Valenciana
mychip,5k Trinitarias,2023-06-03,Sábado,2.0,road running,Absoluta/General,0,0,Valencia,,Valencia,94,2009,2k,Comunidad Valenciana
mychip,Gala Circuit Tral Marina 2023,2023-06-02,Viernes,0.0,trail running,Absoluta/General,0,0,Pego,La Marina Alta,Alicante,0,1997,Gala circuit,Comunidad Valenciana
mychip,"CAMPIONT AUTONÓMIC INDIVIDUAL I DE CLUBS, FEMECV 2023, VOLTA AL TERME FONDEGUILLA",2023-05-27,Sábado,34.1,trail running,Absoluta/General,25,135,Alfondeguilla,Plana Baja,Castellón,0,1963,Autonòmic absolut,Comunidad Valenciana
mychip,"CAMPIONT AUTONÓMIC INDIVIDUAL I DE CLUBS, FEMECV 2023, VOLTA AL TERME FONDEGUILLA",2023-05-27,Sábado,10.4,trail running,Cadete/Juvenil,0,3,Alfondeguilla,Plana Baja,Castellón,0,1963,JÚNIOR,Comunidad Valenciana
mychip,"CAMPIONT AUTONÓMIC INDIVIDUAL I DE CLUBS, FEMECV 2023, VOLTA AL TERME FONDEGUILLA",2023-05-27,Sábado,10.4,trail running,Cadete/Juvenil,2,6,Alfondeguilla,Plana Baja,Castellón,0,1963,JUVENIL,Comunidad Valenciana
mychip,"CAMPIONT AUTONÓMIC INDIVIDUAL I DE CLUBS, FEMECV 2023, VOLTA AL TERME FONDEGUILLA",2023-05-27,Sábado,10.4,trail running,Cadete/Juvenil,1,1,Alfondeguilla,Plana Baja,Castellón,0,1963,CADETE,Comunidad Valenciana
mychip,"CAMPIONT AUTONÓMIC INDIVIDUAL I DE CLUBS, FEMECV 2023, VOLTA AL TERME FONDEGUILLA",2023-05-27,Sábado,25.7,trail running,Cadete/Juvenil,1,3,Alfondeguilla,Plana Baja,Castellón,0,1963,PROMESA,Comunidad Valenciana
mychip,"CAMPIONT AUTONÓMIC INDIVIDUAL I DE CLUBS, FEMECV 2023, VOLTA AL TERME FONDEGUILLA",2023-05-27,Sábado,34.1,trail running,Absoluta/General,21,158,Alfondeguilla,Plana Baja,Castellón,0,1963,VTF OPEN,Comunidad Valenciana
mychip,"3a Prova LIE FEMECV, Lliga infantil Escalada 2023, Callosa de Segura",2023-05-27,Sábado,0.0,Otros,Infantil,0,0,Callosa de Segura,,Alicante,0,1989,Promoció SUB-9 (6 a 8 anys),Comunidad Valenciana
mychip,"3a Prova LIE FEMECV, Lliga infantil Escalada 2023, Callosa de Segura",2023-05-27,Sábado,0.0,Otros,Cadete/Juvenil,0,0,Callosa de Segura,,Alicante,0,1989,Promoció SUB-16 (9 a 11 anys),Comunidad Valenciana
mychip,"Trail Covatells, Oliva",2023-05-21,Domingo,23.0,trail running,Absoluta/General,16,131,Oliva,La Safor,Valencia,0,1924,Trail 23K,Comunidad Valenciana
mychip,"Trail Covatells, Oliva",2023-05-21,Domingo,13.0,trail running,Absoluta/General,46,127,Oliva,La Safor,Valencia,0,1924,Sprint 13k,Comunidad Valenciana
mychip,V TRAIL TERESA DE COFRENTES,2023-05-21,Domingo,25.0,trail running,Absoluta/General,0,0,Teresa de Cofrentes,El Valle de Cofrentes-Ayora,Valencia,0,1973,25K TRAIL,Comunidad Valenciana
mychip,V TRAIL TERESA DE COFRENTES,2023-05-21,Domingo,13.0,trail running,Absoluta/General,0,0,Teresa de Cofrentes,El Valle de Cofrentes-Ayora,Valencia,0,1973,13K SPRINT,Comunidad Valenciana
mychip,"La Mansuet Race, Cursa d'orientació",2023-05-21,Domingo,6.7,Otros,Absoluta/General,0,0,Collbató,,Barcelona,0,1985,118KM ,Cataluña
mychip,XXXVII Maratón del Costa 2023,2023-05-20,Sábado,1.0,road running,Infantil,145,177,Madrid,,Comunidad de Madrid,0,1987,"Carrera corta, Menores",Comunidad de Madrid
mychip,XXXVII Maratón del Costa 2023,2023-05-20,Sábado,2.0,road running,Absoluta/General,90,121,Madrid,,Comunidad de Madrid,0,1987,"Carrera Larga, Adultos",Comunidad de Madrid
mychip,"CAMPEONATO AUTONÓMICO DE CARRERA VERTICAL, FEMECV 2023, SPRINT COMES - PILÓ, GATA DE GORGOS",2023-05-14,Domingo,1.9,trail running,Absoluta/General,11,25,Gata de Gorgos,La Marina Alta,Alicante,0,1968,ABSOLUTA,Comunidad Valenciana
mychip,"CAMPEONATO AUTONÓMICO DE CARRERA VERTICAL, FEMECV 2023, SPRINT COMES - PILÓ, GATA DE GORGOS",2023-05-14,Domingo,1.9,trail running,Cadete/Juvenil,1,3,Gata de Gorgos,La Marina Alta,Alicante,0,1968,JÚNIOR,Comunidad Valenciana
mychip,"CAMPEONATO AUTONÓMICO DE CARRERA VERTICAL, FEMECV 2023, SPRINT COMES - PILÓ, GATA DE GORGOS",2023-05-14,Domingo,1.9,trail running,Cadete/Juvenil,1,2,Gata de Gorgos,La Marina Alta,Alicante,0,1968,JUVENIL,Comunidad Valenciana
mychip,"CAMPEONATO AUTONÓMICO DE CARRERA VERTICAL, FEMECV 2023, SPRINT COMES - PILÓ, GATA DE GORGOS",2023-05-14,Domingo,1.9,trail running,Cadete/Juvenil,0,2,Gata de Gorgos,La Marina Alta,Alicante,0,1968,CADETE,Comunidad Valenciana
mychip,"CAMPEONATO AUTONÓMICO DE CARRERA VERTICAL, FEMECV 2023, SPRINT COMES - PILÓ, GATA DE GORGOS",2023-05-14,Domingo,1.9,trail running,Absoluta/General,4,13,Gata de Gorgos,La Marina Alta,Alicante,0,1968,OPEN KV,Comunidad Valenciana
mychip,"Trail de Primavera 23, CTM mitjes, Confrides",2023-05-13,Sábado,42.0,trail running,Absoluta/General,17,222,Confrides,La Marina Baja,Alicante,0,1887,Maratón Serrella 42K,Comunidad Valenciana
mychip,"Trail de Primavera 23, CTM mitjes, Confrides",2023-05-13,Sábado,22.0,trail running,Absoluta/General,88,202,Confrides,La Marina Baja,Alicante,0,1887,"Trail Serrella 22K, CTM Mitjes",Comunidad Valenciana
mychip,"DESAFÍO GALAYOS - GREDOS,  4ª Edición ",2023-05-13,Sábado,42.0,trail running,Absoluta/General,0,0,Guisando,,Ávila,0,1929,42k,Castilla y León
mychip,"DESAFÍO GALAYOS - GREDOS,  4ª Edición ",2023-05-13,Sábado,27.0,trail running,Absoluta/General,0,0,Guisando,,Ávila,0,1929,25k,Castilla y León
mychip,"DESAFÍO GALAYOS - GREDOS,  4ª Edición ",2023-05-13,Sábado,20.0,trail running,Absoluta/General,0,0,Guisando,,Ávila,0,1929,SENDERTRAIL 20k,Castilla y León
mychip,"II CARRERA SOLIDÀRIA EMPAL A LES ÀREES INDUSTRIALS, ALGEMESÍ",2023-05-13,Sábado,9.0,road running,Absoluta/General,18,49,Algemesí,La Ribera Alta,Valencia,0,1990,9k,Comunidad Valenciana
mychip,"II CARRERA SOLIDÀRIA EMPAL A LES ÀREES INDUSTRIALS, ALGEMESÍ",2023-05-13,Sábado,4.0,road running,Absoluta/General,68,46,Algemesí,La Ribera Alta,Valencia,0,1990,4k,Comunidad Valenciana
mychip,IV CROSS NOCTURNO SALESIANO CIUTAT D’ALCOI 2023,2023-05-12,Viernes,7.9,road running,Absoluta/General,56,135,Alcoy,La Hoya de Alcoy,Alicante,1,1910,"9k, ",Comunidad Valenciana
mychip,IV CROSS NOCTURNO SALESIANO CIUTAT D’ALCOI 2023,2023-05-12,Viernes,7.0,road running,Absoluta/General,63,33,Alcoy,La Hoya de Alcoy,Alicante,0,1910,Marcha,Comunidad Valenciana
mychip,IV CROSS NOCTURNO SALESIANO CIUTAT D’ALCOI 2023,2023-05-12,Viernes,0.15,road running,Infantil,22,18,Alcoy,La Hoya de Alcoy,Alicante,0,1910,Querubin,Comunidad Valenciana
mychip,IV CROSS NOCTURNO SALESIANO CIUTAT D’ALCOI 2023,2023-05-12,Viernes,0.3,road running,Infantil,8,20,Alcoy,La Hoya de Alcoy,Alicante,0,1910,Pre-Benjamín  ,Comunidad Valenciana
mychip,IV CROSS NOCTURNO SALESIANO CIUTAT D’ALCOI 2023,2023-05-12,Viernes,0.45,road running,Infantil,11,15,Alcoy,La Hoya de Alcoy,Alicante,0,1910,Benjamin ,Comunidad Valenciana
mychip,IV CROSS NOCTURNO SALESIANO CIUTAT D’ALCOI 2023,2023-05-12,Viernes,0.6,road running,Infantil,10,18,Alcoy,La Hoya de Alcoy,Alicante,0,1910,Alevín ,Comunidad Valenciana
mychip,IV CROSS NOCTURNO SALESIANO CIUTAT D’ALCOI 2023,2023-05-12,Viernes,1.2,road running,Infantil,6,4,Alcoy,La Hoya de Alcoy,Alicante,0,1910,Infantil ,Comunidad Valenciana
mychip,IV CROSS NOCTURNO SALESIANO CIUTAT D’ALCOI 2023,2023-05-12,Viernes,0.0,road running,Otros,0,0,Alcoy,La Hoya de Alcoy,Alicante,0,1910,Dorsal 0,Comunidad Valenciana
mychip,"Trail Umbria la Plana, 10 aniversario, Enguera.",2023-05-07,Domingo,30.0,trail running,Absoluta/General,5,70,Enguera,La Canal de Navarrés,Valencia,0,1949,Long Trail,Comunidad Valenciana
mychip,"Trail Umbria la Plana, 10 aniversario, Enguera.",2023-05-07,Domingo,20.5,trail running,Absoluta/General,7,49,Enguera,La Canal de Navarrés,Valencia,0,1949,"Trail 20,5k",Comunidad Valenciana
mychip,"Trail Umbria la Plana, 10 aniversario, Enguera.",2023-05-07,Domingo,10.0,trail running,Absoluta/General,25,62,Enguera,La Canal de Navarrés,Valencia,0,1949,Speed Trail 10km,Comunidad Valenciana
mychip,"Trail Umbria la Plana, 10 aniversario, Enguera.",2023-05-07,Domingo,11.0,trail running,Absoluta/General,65,51,Enguera,La Canal de Navarrés,Valencia,0,1949,Marcha Senderista,Comunidad Valenciana
mychip,MARXA CICLOESPORTIVA AGUILA DE SEGARIA,2023-05-07,Domingo,118.0,Ciclismo y btt,Absoluta/General,0,0,Benidorm,La Marina Baja,Alicante,0,1955,118KM ,Comunidad Valenciana
mychip,"2a Prova LIE FEMECV, Lliga infantil Escalada 2023, Palpa Roca, Castelló",2023-05-07,Domingo,0.0,Otros,Infantil,0,0,Castellón de la Plana,Plana Alta,Castellón,0,1988,Promoció SUB-9 (6 a 8 anys),Comunidad Valenciana
mychip,"2a Prova LIE FEMECV, Lliga infantil Escalada 2023, Palpa Roca, Castelló",2023-05-07,Domingo,0.0,Otros,Cadete/Juvenil,0,0,Castellón de la Plana,Plana Alta,Castellón,0,1988,Promoció SUB-16 (9 a 11 anys),Comunidad Valenciana
mychip,"CAMPEONATO AUTONÓMICO INDIVIDUAL Y DE CLUBS, MARCHA NÓRDICA, ALCOI. FEMECV 23",2023-05-06,Sábado,11.6,road running,Absoluta/General,40,56,Alcoy,La Hoya de Alcoy,Alicante,0,1983,ABSOLUTA,Comunidad Valenciana
mychip,"CAMPEONATO AUTONÓMICO INDIVIDUAL Y DE CLUBS, MARCHA NÓRDICA, ALCOI. FEMECV 23",2023-05-06,Sábado,8.7,road running,Cadete/Juvenil,2,7,Alcoy,La Hoya de Alcoy,Alicante,0,1983,CADETE,Comunidad Valenciana
mychip,"CAMPEONATO AUTONÓMICO INDIVIDUAL Y DE CLUBS, MARCHA NÓRDICA, ALCOI. FEMECV 23",2023-05-06,Sábado,5.8,road running,Infantil,5,6,Alcoy,La Hoya de Alcoy,Alicante,0,1983,INFANTIL ,Comunidad Valenciana
mychip,"CAMPEONATO AUTONÓMICO INDIVIDUAL Y DE CLUBS, MARCHA NÓRDICA, ALCOI. FEMECV 23",2023-05-06,Sábado,5.8,road running,Infantil,3,4,Alcoy,La Hoya de Alcoy,Alicante,0,1983,Alevin,Comunidad Valenciana
mychip,"CAMPEONATO AUTONÓMICO INDIVIDUAL Y DE CLUBS, MARCHA NÓRDICA, ALCOI. FEMECV 23",2023-05-06,Sábado,1.2,road running,Infantil,4,2,Alcoy,La Hoya de Alcoy,Alicante,0,1983,Benjamín,Comunidad Valenciana
mychip,"CAMPEONATO AUTONÓMICO INDIVIDUAL Y DE CLUBS, MARCHA NÓRDICA, ALCOI. FEMECV 23",2023-05-06,Sábado,1.2,road running,Infantil,1,2,Alcoy,La Hoya de Alcoy,Alicante,0,1983,Pre-Benjamín,Comunidad Valenciana
mychip,"CAMPEONATO AUTONÓMICO INDIVIDUAL Y DE CLUBS, MARCHA NÓRDICA, ALCOI. FEMECV 23",2023-05-06,Sábado,8.7,road running,Absoluta/General,37,7,Alcoy,La Hoya de Alcoy,Alicante,0,1983,Promoción,Comunidad Valenciana
mychip,"CAMPEONATO AUTONÓMICO INDIVIDUAL Y DE CLUBS, MARCHA NÓRDICA, ALCOI. FEMECV 23",2023-05-06,Sábado,8.7,road running,Otros,0,2,Alcoy,La Hoya de Alcoy,Alicante,0,1983,Invidentes,Comunidad Valenciana
mychip,"3a prueba Copa Escalada en Bloque FEMECV 23, Castelló",2023-05-06,Sábado,0.0,Otros,Absoluta/General,0,0,Castellón de la Plana,Plana Alta,Castellón,0,1984,Copa Bloque,Comunidad Valenciana
mychip,I Trail Camins de Cabres,2023-04-30,Domingo,23.0,trail running,Absoluta/General,13,114,Liria,El Campo de Turia,Valencia,0,1945,23k,Comunidad Valenciana
mychip,I Trail Camins de Cabres,2023-04-30,Domingo,13.0,trail running,Absoluta/General,37,129,Liria,El Campo de Turia,Valencia,0,1945,13k,Comunidad Valenciana
mychip,I Trail Camins de Cabres,2023-04-30,Domingo,13.0,trail running,Absoluta/General,15,11,Liria,El Campo de Turia,Valencia,0,1945,Senderista,Comunidad Valenciana
mychip,"Pego Trail 2022, CTM 2023",2023-04-23,Domingo,19.0,trail running,Absoluta/General,26,121,Pego,La Marina Alta,Alicante,0,1861,Trail 19 km,Comunidad Valenciana
mychip,"Pego Trail 2022, CTM 2023",2023-04-23,Domingo,13.0,trail running,Absoluta/General,63,141,Pego,La Marina Alta,Alicante,0,1861,Sprint 13k,Comunidad Valenciana
mychip,"Pego Trail 2022, CTM 2023",2023-04-23,Domingo,13.0,trail running,Absoluta/General,32,27,Pego,La Marina Alta,Alicante,0,1861,SENDERISTA 13k,Comunidad Valenciana
mychip,"CAMPEONATO AUTONÓMICO DE KILÓMETRO VERTICAL, FEMECV 2023, PUIG CAMPANA, FINESTRAT",2023-04-23,Domingo,10.25,trail running,Absoluta/General,14,75,Finestrat,La Marina Baja,Alicante,0,1962,ABSOLUTA,Comunidad Valenciana
mychip,"CAMPEONATO AUTONÓMICO DE KILÓMETRO VERTICAL, FEMECV 2023, PUIG CAMPANA, FINESTRAT",2023-04-23,Domingo,10.25,trail running,Cadete/Juvenil,0,3,Finestrat,La Marina Baja,Alicante,0,1962,JÚNIOR,Comunidad Valenciana
mychip,"CAMPEONATO AUTONÓMICO DE KILÓMETRO VERTICAL, FEMECV 2023, PUIG CAMPANA, FINESTRAT",2023-04-23,Domingo,10.25,trail running,Cadete/Juvenil,1,3,Finestrat,La Marina Baja,Alicante,0,1962,JUVENIL,Comunidad Valenciana
mychip,"CAMPEONATO AUTONÓMICO DE KILÓMETRO VERTICAL, FEMECV 2023, PUIG CAMPANA, FINESTRAT",2023-04-23,Domingo,10.259,trail running,Cadete/Juvenil,0,2,Finestrat,La Marina Baja,Alicante,0,1962,CADETE,Comunidad Valenciana
mychip,"CAMPEONATO AUTONÓMICO DE KILÓMETRO VERTICAL, FEMECV 2023, PUIG CAMPANA, FINESTRAT",2023-04-23,Domingo,10.25,trail running,Absoluta/General,10,43,Finestrat,La Marina Baja,Alicante,0,1962,OPEN KV,Comunidad Valenciana
mychip,"1a Prova LIE FEMECV, Lliga infantil Escalada 2023",2023-04-23,Domingo,0.0,Otros,Infantil,0,0,Alcira,La Ribera Alta,Valencia,0,1975,Promoció SUB-9 (6 a 8 anys),Comunidad Valenciana
mychip,"1a Prova LIE FEMECV, Lliga infantil Escalada 2023",2023-04-23,Domingo,0.0,Otros,Cadete/Juvenil,0,0,Alcira,La Ribera Alta,Valencia,0,1975,Promoció SUB-16 (9 a 11 anys),Comunidad Valenciana
mychip,"Campeonato Autonómico Escalada de Velocidad, FEMECV 2023, Alzira",2023-04-23,Domingo,0.0,Otros,Absoluta/General,0,0,Alcira,La Ribera Alta,Valencia,0,1977,Campeonato Velocidad,Comunidad Valenciana
mychip,"Campeonato Autonómico Escalada en Bloque, 2 prueba Copa FEMECV, Alzira",2023-04-22,Sábado,0.0,Otros,Absoluta/General,0,0,Alcira,La Ribera Alta,Valencia,0,1976,Campeonato bloque,Comunidad Valenciana
mychip,"VI Gran fons Penyes Albes, Montitxelvo 2023",2023-04-16,Domingo,17.0,trail running,Absoluta/General,71,215,Montichelvo,La Vall d'Albaida,Valencia,0,1916,Trail 17k,Comunidad Valenciana
mychip,"VI Gran fons Penyes Albes, Montitxelvo 2023",2023-04-16,Domingo,10.0,trail running,Absoluta/General,96,78,Montichelvo,La Vall d'Albaida,Valencia,0,1916,Sender,Comunidad Valenciana
mychip,"VIII CIRCUITO DESAFÍOS TRAIL SIERRA DEL SEGURA, 23",2023-04-15,Sábado,0.0,trail running,Absoluta/General,0,0,Albacete,,Castilla-La Mancha,0,1966,Trail,Castilla-La Mancha
mychip,"VIII CIRCUITO DESAFÍOS TRAIL SIERRA DEL SEGURA, 23",2023-04-15,Sábado,0.0,trail running,Absoluta/General,0,0,Albacete,,Castilla-La Mancha,0,1966,Sprint,Castilla-La Mancha
mychip,"VIII CIRCUITO DESAFÍOS TRAIL SIERRA DEL SEGURA, 23",2023-04-15,Sábado,0.0,trail running,Absoluta/General,0,0,Albacete,,Castilla-La Mancha,0,1966,Sender,Castilla-La Mancha
mychip,X DESAFÍO CALAR DEL RÍO MUNDO,2023-04-14,Viernes,105.0,trail running,Absoluta/General,0,0,Riópar,,Castilla-La Mancha,0,1917,105k (dÍa 14/4),Castilla-La Mancha
mychip,X DESAFÍO CALAR DEL RÍO MUNDO,2023-04-14,Viernes,65.0,trail running,Absoluta/General,0,0,Riópar,,Castilla-La Mancha,0,1917,65k (día 15/4),Castilla-La Mancha
mychip,X DESAFÍO CALAR DEL RÍO MUNDO,2023-04-14,Viernes,45.0,trail running,Absoluta/General,0,0,Riópar,,Castilla-La Mancha,0,1917,45k (día 15/4),Castilla-La Mancha
mychip,X DESAFÍO CALAR DEL RÍO MUNDO,2023-04-14,Viernes,25.0,trail running,Absoluta/General,0,0,Riópar,,Castilla-La Mancha,0,1917,25k (día 16/4),Castilla-La Mancha
mychip,X DESAFÍO CALAR DEL RÍO MUNDO,2023-04-14,Viernes,15.0,trail running,Absoluta/General,0,0,Riópar,,Castilla-La Mancha,0,1917,SENDERTRAIL 15k (día 16/4),Castilla-La Mancha
mychip,"V ARRAPAPEDRES TRAIL, CTM 2023",2023-04-02,Domingo,28.0,trail running,Absoluta/General,37,150,la Vall de Gallinera,La Marina Alta,Alicante,0,1886,"28k, CTM Mitjes",Comunidad Valenciana
mychip,"V ARRAPAPEDRES TRAIL, CTM 2023",2023-04-02,Domingo,14.0,trail running,Absoluta/General,85,184,la Vall de Gallinera,La Marina Alta,Alicante,0,1886,14km CTM Sprint,Comunidad Valenciana
mychip,"V ARRAPAPEDRES TRAIL, CTM 2023",2023-04-02,Domingo,14.0,trail running,Absoluta/General,42,49,la Vall de Gallinera,La Marina Alta,Alicante,0,1886,Sender 14K,Comunidad Valenciana
mychip,X Carrera de la Mola,2023-04-02,Domingo,18.0,trail running,Absoluta/General,29,168,Novelda,El Vinalopó Medio,Alicante,0,1944,Corredor,Comunidad Valenciana
mychip,X Carrera de la Mola,2023-04-02,Domingo,18.0,trail running,Absoluta/General,66,74,Novelda,El Vinalopó Medio,Alicante,0,1944,Senderista,Comunidad Valenciana
mychip,"VII CARRERA NOCTURNA NIT DE LES ERMITES, IBI 2023",2023-04-01,Sábado,14.0,trail running,Absoluta/General,48,181,Ibi,La Hoya de Alcoy,Alicante,0,1943,TRAIL,Comunidad Valenciana
mychip,"VII CARRERA NOCTURNA NIT DE LES ERMITES, IBI 2023",2023-04-01,Sábado,14.0,trail running,Absoluta/General,256,189,Ibi,La Hoya de Alcoy,Alicante,0,1943,SENDERISTA,Comunidad Valenciana
mychip,"2A PROVA COPA MARXA NÒRDICA, CREVILLENT, FEMECV 23, PROVA RÀNQUING FEDME",2023-04-01,Sábado,11.4,road running,Absoluta/General,39,66,Crevillente,El Bajo Vinalopó,Alicante,0,1970,ABSOLUTA,Comunidad Valenciana
mychip,"2A PROVA COPA MARXA NÒRDICA, CREVILLENT, FEMECV 23, PROVA RÀNQUING FEDME",2023-04-01,Sábado,4.5,road running,Infantil,3,7,Crevillente,El Bajo Vinalopó,Alicante,0,1970,INFANTIL,Comunidad Valenciana
mychip,"2A PROVA COPA MARXA NÒRDICA, CREVILLENT, FEMECV 23, PROVA RÀNQUING FEDME",2023-04-01,Sábado,9.1,road running,Cadete/Juvenil,3,5,Crevillente,El Bajo Vinalopó,Alicante,0,1970,CADETE,Comunidad Valenciana
mychip,"2A PROVA COPA MARXA NÒRDICA, CREVILLENT, FEMECV 23, PROVA RÀNQUING FEDME",2023-04-01,Sábado,4.5,road running,Infantil,2,2,Crevillente,El Bajo Vinalopó,Alicante,0,1970,ALEVÍN,Comunidad Valenciana
mychip,"2A PROVA COPA MARXA NÒRDICA, CREVILLENT, FEMECV 23, PROVA RÀNQUING FEDME",2023-04-01,Sábado,1.2,road running,Infantil,5,2,Crevillente,El Bajo Vinalopó,Alicante,0,1970,BENJAMÍN,Comunidad Valenciana
mychip,"2A PROVA COPA MARXA NÒRDICA, CREVILLENT, FEMECV 23, PROVA RÀNQUING FEDME",2023-04-01,Sábado,1.2,road running,Infantil,2,2,Crevillente,El Bajo Vinalopó,Alicante,0,1970,PRE-BENJAMÍN,Comunidad Valenciana
mychip,"2A PROVA COPA MARXA NÒRDICA, CREVILLENT, FEMECV 23, PROVA RÀNQUING FEDME",2023-04-01,Sábado,9.1,road running,Absoluta/General,8,3,Crevillente,El Bajo Vinalopó,Alicante,0,1970,Promoción,Comunidad Valenciana
mychip,"Campeonato Autonómico de Escalada de dificultad, Femecv 23, Canals",2023-04-01,Sábado,0.0,Otros,Absoluta/General,0,0,Canals,La Costera,Valencia,0,1971,Campeonato dificultad,Comunidad Valenciana
mychip,VII PERIMETRAIL RETT SERRA VERNISSA,2023-03-26,Domingo,21.3,trail running,Absoluta/General,10,148,Játiva,La Costera,Valencia,0,1902,Trail 22k,Comunidad Valenciana
mychip,VII PERIMETRAIL RETT SERRA VERNISSA,2023-03-26,Domingo,12.0,trail running,Absoluta/General,58,191,Játiva,La Costera,Valencia,0,1902,SPRINT Trail 12k,Comunidad Valenciana
mychip,VII PERIMETRAIL RETT SERRA VERNISSA,2023-03-26,Domingo,7.25,trail running,Absoluta/General,171,89,Játiva,La Costera,Valencia,0,1902,SENDERISTA & NÓRDICA,Comunidad Valenciana
mychip,VII PERIMETRAIL RETT SERRA VERNISSA,2023-03-26,Domingo,7.25,trail running,Absoluta/General,10,39,Játiva,La Costera,Valencia,0,1902,CANICROSS,Comunidad Valenciana
mychip,VII PERIMETRAIL RETT SERRA VERNISSA,2023-03-26,Domingo,0.0,trail running,Otros,0,0,Játiva,La Costera,Valencia,0,1902,Dorsal 0,Comunidad Valenciana
mychip,"10k solidaria La Salle, 2023",2023-03-25,Sábado,10.0,road running,Absoluta/General,88,214,Alcoy,La Hoya de Alcoy,Alicante,0,1915,10k,Comunidad Valenciana
mychip,"10k solidaria La Salle, 2023",2023-03-25,Sábado,6.0,road running,Absoluta/General,81,26,Alcoy,La Hoya de Alcoy,Alicante,0,1915,Marcha Senderista,Comunidad Valenciana
mychip,"10k solidaria La Salle, 2023",2023-03-25,Sábado,0.0,road running,Infantil,0,0,Alcoy,La Hoya de Alcoy,Alicante,0,1915,Menores 0 a 13años,Comunidad Valenciana
mychip,"10k solidaria La Salle, 2023",2023-03-25,Sábado,0.0,road running,Absoluta/General,0,0,Alcoy,La Hoya de Alcoy,Alicante,0,1915,Solo Zumba,Comunidad Valenciana
mychip,"10k solidaria La Salle, 2023",2023-03-25,Sábado,0.0,road running,Otros,0,0,Alcoy,La Hoya de Alcoy,Alicante,0,1915,Dorsal 0 (aportación 5€ solidarios),Comunidad Valenciana
mychip,"1º. Cursa i Marxa solidària dia de la Dona, Castelló",2023-03-25,Sábado,8.0,road running,Absoluta/General,8,12,,,Comunidad Valenciana,0,1969,Cursa Popular,Comunidad Valenciana
mychip,"1º. Cursa i Marxa solidària dia de la Dona, Castelló",2023-03-25,Sábado,4.5,road running,Absoluta/General,0,0,,,Comunidad Valenciana,0,1969,Marxa Popular,Comunidad Valenciana
mychip,"1º. Cursa i Marxa solidària dia de la Dona, Castelló",2023-03-25,Sábado,0.0,road running,Otros,0,0,,,Comunidad Valenciana,0,1969,Dorsal 0,Comunidad Valenciana
mychip,"VI Trail Monte Ponoig, 23",2023-03-18,Sábado,20.0,trail running,Absoluta/General,17,72,Polop,La Marina Baja,Alicante,0,1954,20k,Comunidad Valenciana
mychip,Trail Aranjuez “El Peluca”,2023-03-12,Domingo,18.0,trail running,Absoluta/General,35,180,Aranjuez,,Comunidad de Madrid,0,1937,Trail,Comunidad de Madrid
mychip,Trail Aranjuez “El Peluca”,2023-03-12,Domingo,10.0,trail running,Absoluta/General,0,0,Aranjuez,,Comunidad de Madrid,0,1937,Senderista,Comunidad de Madrid
mychip,V Cursa de la Dona D'Ontinyent,2023-03-12,Domingo,5.5,road running,Absoluta/General,913,0,Onteniente,La Vall d'Albaida,Valencia,0,1946,5k,Comunidad Valenciana
mychip,VIII TRAIL L´ALCUDIA DE CRESPINS,2023-03-12,Domingo,11.0,trail running,Absoluta/General,0,0,l'Alcúdia de Crespins,La Costera,Valencia,0,1947,SPRINT ,Comunidad Valenciana
mychip,VIII TRAIL L´ALCUDIA DE CRESPINS,2023-03-12,Domingo,20.0,trail running,Absoluta/General,0,0,l'Alcúdia de Crespins,La Costera,Valencia,0,1947,TRAIL,Comunidad Valenciana
mychip,VIII TRAIL L´ALCUDIA DE CRESPINS,2023-03-12,Domingo,11.0,trail running,Absoluta/General,0,0,l'Alcúdia de Crespins,La Costera,Valencia,0,1947,CAMINATA,Comunidad Valenciana
mychip,X Perimetral Benissa Autonòmic Femecv 23,2023-03-11,Sábado,75.0,trail running,Absoluta/General,3,33,Benisa,La Marina Alta,Alicante,0,1923,Autonómico FEMECV,Comunidad Valenciana
mychip,X Perimetral Benissa Autonòmic Femecv 23,2023-03-11,Sábado,72.0,trail running,Absoluta/General,3,34,Benisa,La Marina Alta,Alicante,0,1923,"75K, Open",Comunidad Valenciana
mychip,X Perimetral Benissa Autonòmic Femecv 23,2023-03-11,Sábado,42.0,trail running,Absoluta/General,26,155,Benisa,La Marina Alta,Alicante,0,1923,"42k, Maratón",Comunidad Valenciana
mychip,X Perimetral Benissa Autonòmic Femecv 23,2023-03-11,Sábado,23.0,trail running,Absoluta/General,47,134,Benisa,La Marina Alta,Alicante,0,1923,"23k, Trail",Comunidad Valenciana
mychip,"5k Falla Ja estem tots,  II Circuit carreres populars Ciutat de la Vall D'Uixo 2023",2023-03-11,Sábado,5.0,road running,Absoluta/General,52,122,Vall de Uxó,Plana Baja,Castellón,0,1956,5k,Comunidad Valenciana
mychip,4at Avenc trail Quatretonda,2023-03-05,Domingo,42.0,trail running,Absoluta/General,14,81,Cuatretonda,La Vall d'Albaida,Valencia,0,1904,Marató del Avenc,Comunidad Valenciana
mychip,4at Avenc trail Quatretonda,2023-03-05,Domingo,25.0,trail running,Absoluta/General,17,67,Cuatretonda,La Vall d'Albaida,Valencia,0,1904,Avenc trail,Comunidad Valenciana
mychip,4at Avenc trail Quatretonda,2023-03-05,Domingo,14.0,trail running,Absoluta/General,75,140,Cuatretonda,La Vall d'Albaida,Valencia,0,1904,Esprint Trail,Comunidad Valenciana
mychip,4at Avenc trail Quatretonda,2023-03-05,Domingo,14.0,trail running,Absoluta/General,90,71,Cuatretonda,La Vall d'Albaida,Valencia,0,1904,Senderista,Comunidad Valenciana
mychip,"4a prova de lliga carreres X Muntanya, FEMECV 23, II Apiarium Trail Biar",2023-03-05,Domingo,25.5,trail running,Absoluta/General,42,140,Biar,El Alto Vinalopó,Alicante,0,1948,ABSOLUTA,Comunidad Valenciana
mychip,"4a prova de lliga carreres X Muntanya, FEMECV 23, II Apiarium Trail Biar",2023-03-05,Domingo,12.7,trail running,Cadete/Juvenil,0,5,Biar,El Alto Vinalopó,Alicante,0,1948,JÚNIOR,Comunidad Valenciana
mychip,"4a prova de lliga carreres X Muntanya, FEMECV 23, II Apiarium Trail Biar",2023-03-05,Domingo,12.7,trail running,Cadete/Juvenil,4,5,Biar,El Alto Vinalopó,Alicante,0,1948,JUVENIL,Comunidad Valenciana
mychip,"4a prova de lliga carreres X Muntanya, FEMECV 23, II Apiarium Trail Biar",2023-03-05,Domingo,12.7,trail running,Cadete/Juvenil,2,6,Biar,El Alto Vinalopó,Alicante,0,1948,CADETE,Comunidad Valenciana
mychip,"4a prova de lliga carreres X Muntanya, FEMECV 23, II Apiarium Trail Biar",2023-03-05,Domingo,5.9,trail running,Infantil,0,1,Biar,El Alto Vinalopó,Alicante,0,1948,Promo Infantil,Comunidad Valenciana
mychip,"4a prova de lliga carreres X Muntanya, FEMECV 23, II Apiarium Trail Biar",2023-03-05,Domingo,25.5,trail running,Absoluta/General,0,30,Biar,El Alto Vinalopó,Alicante,0,1948,"OPEN, ",Comunidad Valenciana
mychip,"En Marxa per la Dona, Puçol 2023, a beneficio de la Fundación INCLIVA",2023-03-05,Domingo,5.0,road running,Absoluta/General,0,0,Puzol,Huerta Norte,Valencia,0,1951,5k,Comunidad Valenciana
mychip,"I ATZAVARES TRAIL ORBA-VALL LAGUAR, CTM 22-23",2023-03-04,Sábado,24.0,trail running,Absoluta/General,23,128,Orba,La Marina Alta,Alicante,0,1927,"Trail 24k, puntuable CTM mitjes",Comunidad Valenciana
mychip,"I ATZAVARES TRAIL ORBA-VALL LAGUAR, CTM 22-23",2023-03-04,Sábado,14.0,trail running,Absoluta/General,66,138,Orba,La Marina Alta,Alicante,0,1927,"Sprint 14k, puntuable CTM Sprint",Comunidad Valenciana
mychip,5k Massanassa per la igualtat 2023,2023-03-04,Sábado,5.0,road running,Absoluta/General,58,90,Masanasa,Huerta Sur,Valencia,4,1942,5k Corriendo,Comunidad Valenciana
mychip,5k Massanassa per la igualtat 2023,2023-03-04,Sábado,2.5,road running,Absoluta/General,0,0,Masanasa,Huerta Sur,Valencia,0,1942,"2,5k, Caminata",Comunidad Valenciana
mychip,XI TRAIL DE MOIXENT,2023-02-26,Domingo,22.0,trail running,Absoluta/General,23,131,Mogente,La Costera,Valencia,0,1891,22k Trail,Comunidad Valenciana
mychip,XI TRAIL DE MOIXENT,2023-02-26,Domingo,12.0,trail running,Absoluta/General,66,118,Mogente,La Costera,Valencia,0,1891,"12k, Sprint Trail",Comunidad Valenciana
mychip,"Trail les Creus 23, Tavernes de la Valldigna",2023-02-26,Domingo,22.21,trail running,Absoluta/General,18,155,Tabernes de Valldigna,La Safor,Valencia,0,1896,Trail,Comunidad Valenciana
mychip,"Trail les Creus 23, Tavernes de la Valldigna",2023-02-26,Domingo,11.71,trail running,Absoluta/General,69,201,Tabernes de Valldigna,La Safor,Valencia,0,1896,Sprint trail,Comunidad Valenciana
mychip,"Trail les Creus 23, Tavernes de la Valldigna",2023-02-26,Domingo,10.0,trail running,Absoluta/General,74,69,Tabernes de Valldigna,La Safor,Valencia,0,1896,Marxa,Comunidad Valenciana
mychip,"Invernal CONFRIDES - AITANA, 2023",2023-02-26,Domingo,20.1,trail running,Absoluta/General,41,211,Confrides,La Marina Baja,Alicante,0,1901,"20k, CTA, (Corredores & Sender)",Comunidad Valenciana
mychip,"Invernal CONFRIDES - AITANA, 2023",2023-02-26,Domingo,14.0,trail running,Absoluta/General,59,59,Confrides,La Marina Baja,Alicante,2,1901,Mini trail 14k (Corredores & Sender),Comunidad Valenciana
mychip,"Trail Marines Vell, 2023",2023-02-26,Domingo,21.0,trail running,Absoluta/General,59,230,Marines,El Campo de Turia,Valencia,0,1908,21k,Comunidad Valenciana
mychip,"Trail Marines Vell, 2023",2023-02-26,Domingo,7.0,trail running,Absoluta/General,63,85,Marines,El Campo de Turia,Valencia,0,1908,Trail 7k,Comunidad Valenciana
mychip,"SPRINT TRAIL& ECO MARCHA COLEGIO SANTA ANA / SR SPORT & TRAINING, 23",2023-02-26,Domingo,11.0,trail running,Absoluta/General,91,197,Alcoy,La Hoya de Alcoy,Alicante,0,1939,Sprint Trail solidario,Comunidad Valenciana
mychip,"SPRINT TRAIL& ECO MARCHA COLEGIO SANTA ANA / SR SPORT & TRAINING, 23",2023-02-26,Domingo,11.0,trail running,Absoluta/General,88,54,Alcoy,La Hoya de Alcoy,Alicante,1,1939,Senderista,Comunidad Valenciana
mychip,"SPRINT TRAIL& ECO MARCHA COLEGIO SANTA ANA / SR SPORT & TRAINING, 23",2023-02-26,Domingo,11.0,trail running,Absoluta/General,12,9,Alcoy,La Hoya de Alcoy,Alicante,0,1939,Marcha Nórdica,Comunidad Valenciana
mychip,"SPRINT TRAIL& ECO MARCHA COLEGIO SANTA ANA / SR SPORT & TRAINING, 23",2023-02-26,Domingo,4.0,trail running,Absoluta/General,0,0,Alcoy,La Hoya de Alcoy,Alicante,0,1939,Eco Marcha,Comunidad Valenciana
mychip,"SPRINT TRAIL& ECO MARCHA COLEGIO SANTA ANA / SR SPORT & TRAINING, 23",2023-02-26,Domingo,0.0,trail running,Otros,0,0,Alcoy,La Hoya de Alcoy,Alicante,0,1939,Dorsal 0 (aportación 5€ solidarios),Comunidad Valenciana
mychip,"XIII Gegant de Pedra, CTM 23, Ondara",2023-02-19,Domingo,21.0,trail running,Absoluta/General,19,124,Ondara,La Marina Alta,Alicante,0,1884,"GDP 21k, CTM Mitjes",Comunidad Valenciana
mychip,"XIII Gegant de Pedra, CTM 23, Ondara",2023-02-19,Domingo,13.5,trail running,Absoluta/General,89,181,Ondara,La Marina Alta,Alicante,0,1884,"GDP 13k, CTM Sprint",Comunidad Valenciana
mychip,"XIII Gegant de Pedra, CTM 23, Ondara",2023-02-19,Domingo,13.5,trail running,Absoluta/General,79,68,Ondara,La Marina Alta,Alicante,0,1884,"GDP, Sender",Comunidad Valenciana
mychip,"3a prova de lliga carreres X Muntanya, FEMECV 23, Massís del Mondúver",2023-02-19,Domingo,20.8,trail running,Absoluta/General,40,125,Jeresa,La Safor,Valencia,0,1940,ABSOLUTA,Comunidad Valenciana
mychip,"3a prova de lliga carreres X Muntanya, FEMECV 23, Massís del Mondúver",2023-02-19,Domingo,11.0,trail running,Cadete/Juvenil,0,5,Jeresa,La Safor,Valencia,0,1940,JÚNIOR,Comunidad Valenciana
mychip,"3a prova de lliga carreres X Muntanya, FEMECV 23, Massís del Mondúver",2023-02-19,Domingo,11.0,trail running,Cadete/Juvenil,3,5,Jeresa,La Safor,Valencia,0,1940,JUVENIL,Comunidad Valenciana
mychip,"3a prova de lliga carreres X Muntanya, FEMECV 23, Massís del Mondúver",2023-02-19,Domingo,11.0,trail running,Cadete/Juvenil,1,6,Jeresa,La Safor,Valencia,0,1940,CADETE,Comunidad Valenciana
mychip,"Mitja Marató Ocaive, Pedreguer, CTM 22-23",2023-02-12,Domingo,21.5,trail running,Absoluta/General,22,108,Pedreguer,La Marina Alta,Alicante,0,1883,"21k, Puntuable CTM mitjes",Comunidad Valenciana
mychip,"Mitja Marató Ocaive, Pedreguer, CTM 22-23",2023-02-12,Domingo,14.7,trail running,Absoluta/General,56,119,Pedreguer,La Marina Alta,Alicante,0,1883,"Sprint 15k,  Puntuable CTM Sprint",Comunidad Valenciana
mychip,"Mitja Marató Ocaive, Pedreguer, CTM 22-23",2023-02-12,Domingo,13.7,trail running,Absoluta/General,21,26,Pedreguer,La Marina Alta,Alicante,0,1883,Sender,Comunidad Valenciana
mychip,"VI Trail, “XIO LLUTXENT”",2023-02-12,Domingo,19.5,trail running,Absoluta/General,24,83,Luchente,La Vall d'Albaida,Valencia,0,1909,Trail,Comunidad Valenciana
mychip,"VI Trail, “XIO LLUTXENT”",2023-02-12,Domingo,13.0,trail running,Absoluta/General,43,92,Luchente,La Vall d'Albaida,Valencia,0,1909,Sprint Trail,Comunidad Valenciana
mychip,"VI Trail, “XIO LLUTXENT”",2023-02-12,Domingo,7.2,trail running,Absoluta/General,16,28,Luchente,La Vall d'Albaida,Valencia,0,1909,Super SPRINT ,Comunidad Valenciana
mychip,"VI Trail, “XIO LLUTXENT”",2023-02-12,Domingo,13.0,trail running,Absoluta/General,102,83,Luchente,La Vall d'Albaida,Valencia,0,1909,Sender,Comunidad Valenciana
mychip,XII Almenara Xtrem,2023-02-12,Domingo,17.0,trail running,Absoluta/General,50,204,Almenara,Plana Baja,Castellón,0,1928,17K,Comunidad Valenciana
mychip,XII Almenara Xtrem,2023-02-12,Domingo,8.0,trail running,Absoluta/General,92,73,Almenara,Plana Baja,Castellón,0,1928,8k,Comunidad Valenciana
mychip,"1a Prova de Copa Escalada en Bloc, FEMECV 23, Villena",2023-02-11,Sábado,0.0,Otros,Absoluta/General,0,0,Villena,El Alto Vinalopó,Alicante,0,1938,"Copa Escalada,",Comunidad Valenciana
mychip,CARRERA POPULAR SOLIDARIA MANOS UNIDAS ALZIRA 2023,2023-02-11,Sábado,5.0,road running,Absoluta/General,0,0,Alcira,La Ribera Alta,Valencia,0,1941,5km,Comunidad Valenciana
mychip,CARRERA POPULAR SOLIDARIA MANOS UNIDAS ALZIRA 2023,2023-02-11,Sábado,2.0,road running,Absoluta/General,0,0,Alcira,La Ribera Alta,Valencia,0,1941,2km,Comunidad Valenciana
mychip,I DUATLON ALCUDIA CRESPINS,2023-02-05,Domingo,0.005,Multidisciplina,Absoluta/General,0,0,l'Alcúdia de Crespins,La Costera,Valencia,0,1906,DUATLON SPRINT ,Comunidad Valenciana
mychip,I DUATLON ALCUDIA CRESPINS,2023-02-05,Domingo,0.003,Multidisciplina,Absoluta/General,0,0,l'Alcúdia de Crespins,La Costera,Valencia,0,1906,SUPERSPRINT,Comunidad Valenciana
mychip,"2a prova de lliga carreres X Muntanya, FEMECV 23, II Simat Trail",2023-02-05,Domingo,21.0,trail running,Absoluta/General,40,148,Simat de Valldigna,La Safor,Valencia,0,1914,ABSOLUTA,Comunidad Valenciana
mychip,"2a prova de lliga carreres X Muntanya, FEMECV 23, II Simat Trail",2023-02-05,Domingo,11.7,trail running,Cadete/Juvenil,0,5,Simat de Valldigna,La Safor,Valencia,0,1914,JÚNIOR,Comunidad Valenciana
mychip,"2a prova de lliga carreres X Muntanya, FEMECV 23, II Simat Trail",2023-02-05,Domingo,11.7,trail running,Cadete/Juvenil,3,5,Simat de Valldigna,La Safor,Valencia,0,1914,JUVENIL,Comunidad Valenciana
mychip,"2a prova de lliga carreres X Muntanya, FEMECV 23, II Simat Trail",2023-02-05,Domingo,11.7,trail running,Cadete/Juvenil,1,6,Simat de Valldigna,La Safor,Valencia,0,1914,CADETE,Comunidad Valenciana
mychip,"2a prova de lliga carreres X Muntanya, FEMECV 23, II Simat Trail",2023-02-05,Domingo,14.0,trail running,Absoluta/General,3,9,Simat de Valldigna,La Safor,Valencia,0,1914,Inclusiva,Comunidad Valenciana
mychip,"2a prova de lliga carreres X Muntanya, FEMECV 23, II Simat Trail",2023-02-05,Domingo,19.0,trail running,Absoluta/General,5,55,Simat de Valldigna,La Safor,Valencia,0,1914,Open Trail,Comunidad Valenciana
mychip,"2a prova de lliga carreres X Muntanya, FEMECV 23, II Simat Trail",2023-02-05,Domingo,14.0,trail running,Absoluta/General,30,89,Simat de Valldigna,La Safor,Valencia,0,1914,"Open, Sprint Trail",Comunidad Valenciana
mychip,"2a prova de lliga carreres X Muntanya, FEMECV 23, II Simat Trail",2023-02-05,Domingo,11.7,trail running,Absoluta/General,42,39,Simat de Valldigna,La Safor,Valencia,0,1914,Marcha Senderista,Comunidad Valenciana
mychip,Granadella Trail Costa Blanca 2023,2023-02-05,Domingo,26.0,trail running,Absoluta/General,44,213,Jávea,La Marina Alta,Alicante,0,1918,"Trail 26k, ",Comunidad Valenciana
mychip,Granadella Trail Costa Blanca 2023,2023-02-05,Domingo,14.0,trail running,Absoluta/General,108,173,Jávea,La Marina Alta,Alicante,1,1918,Sprint Trail 14k ,Comunidad Valenciana
mychip,Granadella Trail Costa Blanca 2023,2023-02-05,Domingo,4.5,trail running,Absoluta/General,5,8,Jávea,La Marina Alta,Alicante,0,1918,"Promo 4,5k (Cala Granadella)",Comunidad Valenciana
mychip,VII TOMACA TRAIL,2023-02-04,Sábado,16.0,trail running,Absoluta/General,25,150,Alginet,La Ribera Alta,Valencia,0,1903,16K,Comunidad Valenciana
mychip,VII TOMACA TRAIL,2023-02-04,Sábado,10.0,trail running,Absoluta/General,118,66,Alginet,La Ribera Alta,Valencia,0,1903,Sender 10k,Comunidad Valenciana
mychip,Categorías menores. Granadella Trail Costa Blanca 2023,2023-02-04,Sábado,0.05,trail running,Absoluta/General,10,15,Jávea,La Marina Alta,Alicante,0,1919,BARRUFET,Comunidad Valenciana
mychip,Categorías menores. Granadella Trail Costa Blanca 2023,2023-02-04,Sábado,0.15,trail running,Infantil,16,22,Jávea,La Marina Alta,Alicante,0,1919,PRE-BENJAMÍ,Comunidad Valenciana
mychip,Categorías menores. Granadella Trail Costa Blanca 2023,2023-02-04,Sábado,0.4,trail running,Infantil,21,24,Jávea,La Marina Alta,Alicante,0,1919,BENJAMÍ,Comunidad Valenciana
mychip,Categorías menores. Granadella Trail Costa Blanca 2023,2023-02-04,Sábado,0.9,trail running,Infantil,14,22,Jávea,La Marina Alta,Alicante,0,1919,ALEVÍN,Comunidad Valenciana
mychip,Categorías menores. Granadella Trail Costa Blanca 2023,2023-02-04,Sábado,1.25,trail running,Infantil,2,8,Jávea,La Marina Alta,Alicante,0,1919,Infantil,Comunidad Valenciana
mychip,Categorías menores. Granadella Trail Costa Blanca 2023,2023-02-04,Sábado,2.5,trail running,Cadete/Juvenil,1,3,Jávea,La Marina Alta,Alicante,0,1919,CADETE,Comunidad Valenciana
mychip,"Camí Bandolers, Senija",2023-01-29,Domingo,21.0,trail running,Absoluta/General,10,68,Senija,La Marina Alta,Alicante,0,1882,"Camí Bandolers,( CTM Trail)",Comunidad Valenciana
mychip,"Camí Bandolers, Senija",2023-01-29,Domingo,12.4,trail running,Absoluta/General,42,106,Senija,La Marina Alta,Alicante,0,1882,Sprint (CTM Sprint),Comunidad Valenciana
mychip,"Camí Bandolers, Senija",2023-01-29,Domingo,12.4,trail running,Absoluta/General,10,7,Senija,La Marina Alta,Alicante,0,1882,Sender,Comunidad Valenciana
mychip,XXIII MARXA DE MUNTANYA “SANT SEBASTIÀ” DE LA VILAVELLA,2023-01-29,Domingo,17.0,trail running,Absoluta/General,126,484,Villavieja,Plana Baja,Castellón,0,1920,Marcha competitiva,Comunidad Valenciana
mychip,XXIII MARXA DE MUNTANYA “SANT SEBASTIÀ” DE LA VILAVELLA,2023-01-29,Domingo,10.4,trail running,Cadete/Juvenil,133,148,Villavieja,Plana Baja,Castellón,0,1920,Sender & junior,Comunidad Valenciana
mychip,8é Trail de Llaurí,2023-01-28,Sábado,16.0,trail running,Absoluta/General,30,155,Llaurí,La Ribera Baja,Valencia,0,1912,Tra.lla,Comunidad Valenciana
mychip,"1A PROVA COPA MARXA NÒRDICA, CANET D'EN BERENGUER, FEMECV 23",2023-01-28,Sábado,10.2,road running,Absoluta/General,34,55,Canet de Berenguer,Campo de Murviedro,Valencia,0,1931,ABSOLUTA,Comunidad Valenciana
mychip,"1A PROVA COPA MARXA NÒRDICA, CANET D'EN BERENGUER, FEMECV 23",2023-01-28,Sábado,5.0,road running,Infantil,2,8,Canet de Berenguer,Campo de Murviedro,Valencia,0,1931,INFANTIL,Comunidad Valenciana
mychip,"1A PROVA COPA MARXA NÒRDICA, CANET D'EN BERENGUER, FEMECV 23",2023-01-28,Sábado,9.0,road running,Cadete/Juvenil,3,6,Canet de Berenguer,Campo de Murviedro,Valencia,0,1931,CADETE,Comunidad Valenciana
mychip,"1A PROVA COPA MARXA NÒRDICA, CANET D'EN BERENGUER, FEMECV 23",2023-01-28,Sábado,5.0,road running,Infantil,3,4,Canet de Berenguer,Campo de Murviedro,Valencia,0,1931,ALEVÍN,Comunidad Valenciana
mychip,"1A PROVA COPA MARXA NÒRDICA, CANET D'EN BERENGUER, FEMECV 23",2023-01-28,Sábado,2.0,road running,Infantil,4,2,Canet de Berenguer,Campo de Murviedro,Valencia,0,1931,BENJAMÍN,Comunidad Valenciana
mychip,"1A PROVA COPA MARXA NÒRDICA, CANET D'EN BERENGUER, FEMECV 23",2023-01-28,Sábado,2.0,road running,Infantil,1,2,Canet de Berenguer,Campo de Murviedro,Valencia,0,1931,PRE-BENJAMÍN,Comunidad Valenciana
mychip,"1A PROVA COPA MARXA NÒRDICA, CANET D'EN BERENGUER, FEMECV 23",2023-01-28,Sábado,9.0,road running,Absoluta/General,18,6,Canet de Berenguer,Campo de Murviedro,Valencia,0,1931,Promoción,Comunidad Valenciana
mychip,"MARXA / SPRINT TRAIL / TRAIL / MARATÓ SERRALADES DE BARXETA - MABU, 2023",2023-01-22,Domingo,42.0,trail running,Absoluta/General,14,98,Barcheta,La Costera,Valencia,0,1867,MABU,Comunidad Valenciana
mychip,"MARXA / SPRINT TRAIL / TRAIL / MARATÓ SERRALADES DE BARXETA - MABU, 2023",2023-01-22,Domingo,20.5,trail running,Absoluta/General,74,318,Barcheta,La Costera,Valencia,0,1867,"TRAIL, 21k",Comunidad Valenciana
mychip,"MARXA / SPRINT TRAIL / TRAIL / MARATÓ SERRALADES DE BARXETA - MABU, 2023",2023-01-22,Domingo,12.5,trail running,Absoluta/General,156,284,Barcheta,La Costera,Valencia,0,1867,Sprint trail 12.5k,Comunidad Valenciana
mychip,"MARXA / SPRINT TRAIL / TRAIL / MARATÓ SERRALADES DE BARXETA - MABU, 2023",2023-01-22,Domingo,12.5,trail running,Absoluta/General,129,145,Barcheta,La Costera,Valencia,0,1867,Sender,Comunidad Valenciana
mychip,"1a prova de lliga carreres X Muntanya, FEMECV 23, Aitex terra Trail",2023-01-22,Domingo,20.6,trail running,Absoluta/General,57,164,Alcoy,La Hoya de Alcoy,Alicante,0,1935,ABSOLUTA,Comunidad Valenciana
mychip,"1a prova de lliga carreres X Muntanya, FEMECV 23, Aitex terra Trail",2023-01-22,Domingo,13.5,trail running,Cadete/Juvenil,0,5,Alcoy,La Hoya de Alcoy,Alicante,0,1935,JÚNIOR,Comunidad Valenciana
mychip,"1a prova de lliga carreres X Muntanya, FEMECV 23, Aitex terra Trail",2023-01-22,Domingo,13.5,trail running,Cadete/Juvenil,4,7,Alcoy,La Hoya de Alcoy,Alicante,0,1935,JUVENIL,Comunidad Valenciana
mychip,"1a prova de lliga carreres X Muntanya, FEMECV 23, Aitex terra Trail",2023-01-22,Domingo,13.5,trail running,Cadete/Juvenil,2,5,Alcoy,La Hoya de Alcoy,Alicante,0,1935,CADETE,Comunidad Valenciana
mychip,"1a prova de lliga carreres X Muntanya, FEMECV 23, Aitex terra Trail",2023-01-22,Domingo,20.0,trail running,Absoluta/General,0,0,Alcoy,La Hoya de Alcoy,Alicante,0,1935,"OPEN, Aitex terra Trail",Comunidad Valenciana
mychip,Aitex Terra Trail 2023,2023-01-20,Viernes,162.0,trail running,Elite,5,41,Alcoy,La Hoya de Alcoy,Alicante,0,1852,"162K PRO, (Viernes desde AITEX)",Comunidad Valenciana
mychip,Aitex Terra Trail 2023,2023-01-20,Viernes,44.0,trail running,Absoluta/General,23,209,Alcoy,La Hoya de Alcoy,Alicante,2,1852,"44K MAX, (Salida sábado, Muro De Alcoi )",Comunidad Valenciana
mychip,Aitex Terra Trail 2023,2023-01-20,Viernes,21.0,trail running,Absoluta/General,58,192,Alcoy,La Hoya de Alcoy,Alicante,2,1852,"21K EXPERT, ",Comunidad Valenciana
mychip,Aitex Terra Trail 2023,2023-01-20,Viernes,4.5,trail running,Absoluta/General,8,39,Alcoy,La Hoya de Alcoy,Alicante,0,1852,5k Vertical (Salida viernes desde Banyeres),Comunidad Valenciana
mychip,Aitex Terra Trail 2023,2023-01-20,Viernes,69.5,trail running,Absoluta/General,5,29,Alcoy,La Hoya de Alcoy,Alicante,0,1852,Aitex Terra Trail Stages,Comunidad Valenciana
mychip,"Almèdia Trail, CTM 23",2023-01-15,Domingo,26.0,trail running,Absoluta/General,25,166,Callosa de Ensarriá,La Marina Baja,Alicante,0,1871,"Almèdia Trail, Puntuable CTM Mitjes",Comunidad Valenciana
mychip,"Almèdia Trail, CTM 23",2023-01-15,Domingo,16.8,trail running,Absoluta/General,84,180,Callosa de Ensarriá,La Marina Baja,Alicante,0,1871,"Sprint Trail Almèdia, Puntuable CTM Sprint",Comunidad Valenciana
mychip,"Almèdia Trail, CTM 23",2023-01-15,Domingo,13.7,trail running,Absoluta/General,69,63,Callosa de Ensarriá,La Marina Baja,Alicante,0,1871,Senderistas,Comunidad Valenciana
mychip,"VI Carrera del Roscón, Polop de la Marina",2023-01-07,Sábado,7.0,road running,Absoluta/General,14,24,Polop,La Marina Baja,Alicante,0,1934,ABSOLUTA,Comunidad Valenciana
mychip,"VI Carrera del Roscón, Polop de la Marina",2023-01-07,Sábado,0.1,road running,Infantil,0,0,Polop,La Marina Baja,Alicante,0,1934,De 0 a 5 años,Comunidad Valenciana
mychip,"VI Carrera del Roscón, Polop de la Marina",2023-01-07,Sábado,0.35,road running,Infantil,0,0,Polop,La Marina Baja,Alicante,0,1934,De 6 a 8 años,Comunidad Valenciana
mychip,"VI Carrera del Roscón, Polop de la Marina",2023-01-07,Sábado,0.8,road running,Infantil,0,0,Polop,La Marina Baja,Alicante,0,1934,De 9 a 12 años,Comunidad Valenciana
mychip,XL San Silvestre Toledana,2022-12-31,Sábado,8.0,road running,Absoluta/General,796,2635,Toledo,,Toledo,0,1875,ABSOLUTA,Castilla-La Mancha
mychip,XL San Silvestre Toledana,2022-12-31,Sábado,0.4,road running,Infantil,34,37,Toledo,,Toledo,0,1875,De 0 a 5 años,Castilla-La Mancha
mychip,XL San Silvestre Toledana,2022-12-31,Sábado,0.4,road running,Infantil,16,10,Toledo,,Toledo,0,1875,De 6 a 9 años ,Castilla-La Mancha
mychip,XL San Silvestre Toledana,2022-12-31,Sábado,0.8,road running,Infantil,40,43,Toledo,,Toledo,0,1875,De 10  a 11 años ,Castilla-La Mancha
mychip,XL San Silvestre Toledana,2022-12-31,Sábado,1.6,road running,Infantil,22,28,Toledo,,Toledo,0,1875,De 12 a 13 años ,Castilla-La Mancha
mychip,XL San Silvestre Toledana,2022-12-31,Sábado,1.6,road running,Infantil,11,9,Toledo,,Toledo,0,1875,De 14 a 15 años ,Castilla-La Mancha
mychip,SAN SILVESTRE TRAIL BARX,2022-12-31,Sábado,11.0,trail running,Absoluta/General,0,0,Bárig,La Safor,Valencia,0,1905,SPRINT Y CAMINATA,Comunidad Valenciana
mychip,SAN SILVESTRE TRAIL BARX,2022-12-31,Sábado,21.0,trail running,Absoluta/General,0,0,Bárig,La Safor,Valencia,0,1905,TRAIL 21K,Comunidad Valenciana
mychip,XXXVI San Silvestre Vallera Solidaria,2022-12-31,Sábado,1.65,road running,Absoluta/General,235,302,Vall de Uxó,Plana Baja,Castellón,0,1936,San Silvestre,Comunidad Valenciana
mychip,XIV SANT SILVESTRE ”Ciutat d’Algemesí”,2022-12-30,Viernes,4.0,road running,Absoluta/General,0,0,Algemesí,La Ribera Alta,Valencia,0,1925,San Silvestre,Comunidad Valenciana
mychip,XIV SANT SILVESTRE ”Ciutat d’Algemesí”,2022-12-30,Viernes,0.0,road running,Otros,0,0,Algemesí,La Ribera Alta,Valencia,0,1925,Dorsal 0,Comunidad Valenciana
mychip,XI SANT SILVESTRE SOLIDÀRIA PAIPORTINA ,2022-12-28,Miércoles,3.0,road running,Absoluta/General,0,0,Paiporta,Huerta Sur,Valencia,0,1926,San Silvestre,Comunidad Valenciana
mychip,XXXII San Silvestre Monovera,2022-12-24,Sábado,5.0,road running,Absoluta/General,101,274,Monóvar,El Vinalopó Medio,Alicante,0,1898,ABSOLUTA,Comunidad Valenciana
mychip,XXXII San Silvestre Monovera,2022-12-24,Sábado,5.0,road running,Absoluta/General,66,30,Monóvar,El Vinalopó Medio,Alicante,0,1898,Sender,Comunidad Valenciana
mychip,XXXII San Silvestre Monovera,2022-12-24,Sábado,1.4,road running,Infantil,26,25,Monóvar,El Vinalopó Medio,Alicante,0,1898,De 11 a 13 años,Comunidad Valenciana
mychip,XXXII San Silvestre Monovera,2022-12-24,Sábado,0.8,road running,Infantil,26,38,Monóvar,El Vinalopó Medio,Alicante,0,1898,De 8 a 10 años,Comunidad Valenciana
mychip,XXXII San Silvestre Monovera,2022-12-24,Sábado,0.4,road running,Infantil,34,66,Monóvar,El Vinalopó Medio,Alicante,0,1898,Hasta 7 años,Comunidad Valenciana
mychip,I CARRERA CREMATORRONS DE SENIJA,2022-12-24,Sábado,4.5,road running,Infantil,38,45,Senija,La Marina Alta,Alicante,0,1921,"4,5k, + de 16 años",Comunidad Valenciana
mychip,I CARRERA CREMATORRONS DE SENIJA,2022-12-24,Sábado,1.0,road running,Infantil,0,0,Senija,La Marina Alta,Alicante,0,1921,"1k, de 8 a 16 años",Comunidad Valenciana
mychip,I CARRERA CREMATORRONS DE SENIJA,2022-12-24,Sábado,0.3,road running,Infantil,0,0,Senija,La Marina Alta,Alicante,0,1921,4 a 8 años,Comunidad Valenciana
mychip,XI MITJA MARATÓ UNIÓN ALCOYANA SEGUROS,2022-12-18,Domingo,21.097,road running,Absoluta/General,40,238,Alcoy,La Hoya de Alcoy,Alicante,1,1856,Media,Comunidad Valenciana
mychip,XI MITJA MARATÓ UNIÓN ALCOYANA SEGUROS,2022-12-18,Domingo,10.548,road running,Absoluta/General,173,428,Alcoy,La Hoya de Alcoy,Alicante,2,1856,Quarta,Comunidad Valenciana
mychip,XI MITJA MARATÓ UNIÓN ALCOYANA SEGUROS,2022-12-18,Domingo,21.097,road running,Absoluta/General,3,17,Alcoy,La Hoya de Alcoy,Alicante,20,1856,Relevos,Comunidad Valenciana
mychip,XI MITJA MARATÓ UNIÓN ALCOYANA SEGUROS,2022-12-18,Domingo,7.0,road running,Absoluta/General,40,19,Alcoy,La Hoya de Alcoy,Alicante,0,1856,Caminata,Comunidad Valenciana
mychip,XI MITJA MARATÓ UNIÓN ALCOYANA SEGUROS,2022-12-18,Domingo,0.0,road running,Infantil,0,0,Alcoy,La Hoya de Alcoy,Alicante,0,1856,Micromarató (0 a 12 años),Comunidad Valenciana
mychip,XI MITJA MARATÓ UNIÓN ALCOYANA SEGUROS,2022-12-18,Domingo,10.548,road running,Absoluta/General,28,27,Alcoy,La Hoya de Alcoy,Alicante,0,1856,Nórdica,Comunidad Valenciana
mychip,XVI CARRERA POR MONTAÑA Y MARCHA A PIÉ SERRA DEL COTO,2022-12-18,Domingo,21.0,trail running,Absoluta/General,61,258,Monóvar,El Vinalopó Medio,Alicante,0,1876,21K,Comunidad Valenciana
mychip,XVI CARRERA POR MONTAÑA Y MARCHA A PIÉ SERRA DEL COTO,2022-12-18,Domingo,12.0,trail running,Absoluta/General,114,113,Monóvar,El Vinalopó Medio,Alicante,0,1876,11K.,Comunidad Valenciana
mychip,"29a QUARTA I MITJA MARATÓ, PAIPORTA -  PICANYA",2022-12-18,Domingo,10.548,road running,Absoluta/General,121,358,Paiporta,Huerta Sur,Valencia,0,1892,Quarta,Comunidad Valenciana
mychip,"29a QUARTA I MITJA MARATÓ, PAIPORTA -  PICANYA",2022-12-18,Domingo,21.097,road running,Absoluta/General,44,308,Paiporta,Huerta Sur,Valencia,0,1892,Mitja,Comunidad Valenciana
mychip,XXXVIII Carrera Popular Villa de Aranjuez,2022-12-18,Domingo,10.0,road running,Absoluta/General,1030,2485,Aranjuez,,Comunidad de Madrid,0,1895,10K,Comunidad de Madrid
mychip,XXXVIII Carrera Popular Villa de Aranjuez,2022-12-18,Domingo,1.7,road running,Cadete/Juvenil,0,0,Aranjuez,,Comunidad de Madrid,0,1895,CADETE 2006/2007,Comunidad de Madrid
mychip,XXXVIII Carrera Popular Villa de Aranjuez,2022-12-18,Domingo,1.275,road running,Infantil,0,0,Aranjuez,,Comunidad de Madrid,0,1895,INFANTIL 2008/2009,Comunidad de Madrid
mychip,XXXVIII Carrera Popular Villa de Aranjuez,2022-12-18,Domingo,0.85,road running,Infantil,0,0,Aranjuez,,Comunidad de Madrid,0,1895,ALEVIN 2010/2011,Comunidad de Madrid
mychip,XXXVIII Carrera Popular Villa de Aranjuez,2022-12-18,Domingo,0.725,road running,Infantil,0,0,Aranjuez,,Comunidad de Madrid,0,1895,BENJAMÍN 2012/2013,Comunidad de Madrid
mychip,XXXVIII Carrera Popular Villa de Aranjuez,2022-12-18,Domingo,0.425,road running,Absoluta/General,0,0,Aranjuez,,Comunidad de Madrid,0,1895,RENACUAJO 2011/2013,Comunidad de Madrid
mychip,XXXVIII Carrera Popular Villa de Aranjuez,2022-12-18,Domingo,0.3,road running,Infantil,0,0,Aranjuez,,Comunidad de Madrid,0,1895,CHUPETINES 2014/2018,Comunidad de Madrid
mychip,"Tombatossals Trails de Castelló,  Kike Monforte",2022-12-18,Domingo,21.0,trail running,Absoluta/General,49,268,Castellón de la Plana,Plana Alta,Castellón,0,1899,Tombatossals,Comunidad Valenciana
mychip,"Tombatossals Trails de Castelló,  Kike Monforte",2022-12-18,Domingo,11.0,trail running,Absoluta/General,132,224,Castellón de la Plana,Plana Alta,Castellón,0,1899,Minitomba,Comunidad Valenciana
mychip,"Mitja Marató Olta, Calp, Circuit trail Marina 23",2022-12-11,Domingo,21.0,trail running,Absoluta/General,46,169,Calpe,La Marina Alta,Alicante,0,1881,"Trail MM,  Puntuable Circuit CTM Mitjes",Comunidad Valenciana
mychip,"Mitja Marató Olta, Calp, Circuit trail Marina 23",2022-12-11,Domingo,14.0,trail running,Absoluta/General,37,105,Calpe,La Marina Alta,Alicante,0,1881,"Sprint Trail la Mola, Puntuable CTM Sprint",Comunidad Valenciana
mychip,"Mitja Marató Olta, Calp, Circuit trail Marina 23",2022-12-11,Domingo,14.0,trail running,Absoluta/General,31,35,Calpe,La Marina Alta,Alicante,0,1881,Marxa la Mola,Comunidad Valenciana
mychip,XII Carrera por Montaña Sierra de Chiva,2022-12-10,Sábado,60.0,trail running,Absoluta/General,6,107,Chiva,La Hoya de Buñol,Valencia,0,1874,60K,Comunidad Valenciana
mychip,XII Carrera por Montaña Sierra de Chiva,2022-12-10,Sábado,34.0,trail running,Absoluta/General,19,126,Chiva,La Hoya de Buñol,Valencia,0,1874,33K,Comunidad Valenciana
mychip,XII Carrera por Montaña Sierra de Chiva,2022-12-10,Sábado,14.0,trail running,Absoluta/General,58,178,Chiva,La Hoya de Buñol,Valencia,0,1874,14k,Comunidad Valenciana
mychip,"Marxa de Regularitat Senderista,  FEMECV 22, Ròtova",2022-12-04,Domingo,10.0,Otros,Absoluta/General,71,97,Rótova,La Safor,Valencia,0,1878,Campeonato de Regularidad,Comunidad Valenciana
mychip,"Marxa de Regularitat Senderista,  FEMECV 22, Ròtova",2022-12-04,Domingo,8.0,Otros,Absoluta/General,0,0,Rótova,La Safor,Valencia,0,1878,Lliga Sargantanes,Comunidad Valenciana
mychip,"6e Trail Senglars, Favara",2022-11-27,Domingo,12.2,trail running,Absoluta/General,21,117,Favareta,La Ribera Baja,Valencia,0,1798,14k,Comunidad Valenciana
mychip,8e. Trail el Ventós,2022-11-27,Domingo,16.0,trail running,Absoluta/General,24,131,Agost,El Alacantí,Alicante,0,1839,Trail,Comunidad Valenciana
mychip,8e. Trail el Ventós,2022-11-27,Domingo,8.0,trail running,Absoluta/General,17,15,Agost,El Alacantí,Alicante,0,1839,Senderista,Comunidad Valenciana
mychip,"Tres Tossals, Gata CTM 2023",2022-11-27,Domingo,20.0,trail running,Absoluta/General,40,136,Gata de Gorgos,La Marina Alta,Alicante,0,1880,"20K, CTM MITGES",Comunidad Valenciana
mychip,"Tres Tossals, Gata CTM 2023",2022-11-27,Domingo,10.5,trail running,Absoluta/General,71,151,Gata de Gorgos,La Marina Alta,Alicante,0,1880,"10,5K, CTM SPRINT",Comunidad Valenciana
mychip,"Tres Tossals, Gata CTM 2023",2022-11-27,Domingo,10.5,trail running,Absoluta/General,33,24,Gata de Gorgos,La Marina Alta,Alicante,0,1880,SENDERISTES,Comunidad Valenciana
mychip,"Tres Tossals, Gata CTM 2023",2022-11-27,Domingo,5.5,trail running,Cadete/Juvenil,3,5,Gata de Gorgos,La Marina Alta,Alicante,0,1880,CADETE,Comunidad Valenciana
mychip,"Tres Tossals, Gata CTM 2023",2022-11-27,Domingo,3.0,trail running,Infantil,0,4,Gata de Gorgos,La Marina Alta,Alicante,0,1880,INFANTIL,Comunidad Valenciana
mychip,"Tres Tossals, Gata CTM 2023",2022-11-27,Domingo,2.5,trail running,Infantil,1,5,Gata de Gorgos,La Marina Alta,Alicante,0,1880,ALEVÍ,Comunidad Valenciana
mychip,"Tres Tossals, Gata CTM 2023",2022-11-27,Domingo,1.3,trail running,Infantil,1,6,Gata de Gorgos,La Marina Alta,Alicante,0,1880,BENJAMÍ,Comunidad Valenciana
mychip,"XXI MITJA MARATÓ SAMARUC, ALGEMESÍ",2022-11-20,Domingo,21.097,road running,Absoluta/General,75,451,Algemesí,La Ribera Alta,Valencia,0,1811,Media maratón,Comunidad Valenciana
mychip,Costa Blanca Trails 2022,2022-11-20,Domingo,101.0,trail running,Absoluta/General,5,133,Finestrat,La Marina Baja,Alicante,0,1831,GTCB 101K (18/11),Comunidad Valenciana
mychip,Costa Blanca Trails 2022,2022-11-20,Domingo,75.0,trail running,Absoluta/General,15,117,Finestrat,La Marina Baja,Alicante,0,1831,UTCB 75k (1911),Comunidad Valenciana
mychip,Costa Blanca Trails 2022,2022-11-20,Domingo,75.0,trail running,Absoluta/General,1,16,Finestrat,La Marina Baja,Alicante,3,1831,"UTCB 75k Relevos, (19/11).",Comunidad Valenciana
mychip,Costa Blanca Trails 2022,2022-11-20,Domingo,46.0,trail running,Absoluta/General,35,376,Finestrat,La Marina Baja,Alicante,0,1831,MCB 46K (19/11),Comunidad Valenciana
mychip,Costa Blanca Trails 2022,2022-11-20,Domingo,29.0,trail running,Absoluta/General,64,300,Finestrat,La Marina Baja,Alicante,0,1831,TPC 29K  (20/11),Comunidad Valenciana
mychip,Costa Blanca Trails 2022,2022-11-20,Domingo,20.0,trail running,Absoluta/General,114,244,Finestrat,La Marina Baja,Alicante,0,1831,MTF 20K & SENDER (20/11),Comunidad Valenciana
mychip,II MARCHA CICLODEPORTIVA MONTESA,2022-11-20,Domingo,100.0,Ciclismo y btt,Absoluta/General,0,0,Montesa,La Costera,Valencia,0,1889,II CICLODEPORTIVA MONTESA,Comunidad Valenciana
mychip,II MARCHA CICLODEPORTIVA SIMAT DE LA VALLDIGNA,2022-11-13,Domingo,126.0,Ciclismo y btt,Absoluta/General,0,0,Simat de Valldigna,La Safor,Valencia,0,1888,II MARCHA SIMAT DE LA VALLDIGNA ,Comunidad Valenciana
mychip,MARATÓ DELS DEMENTS 2022,2022-11-12,Sábado,42.5,trail running,Absoluta/General,25,269,Ahín,Plana Baja,Castellón,0,1847,Marató dels Dements,Comunidad Valenciana
mychip,MARATÓ DELS DEMENTS 2022,2022-11-12,Sábado,21.0,trail running,Absoluta/General,33,96,Ahín,Plana Baja,Castellón,0,1847,Mitja dels Dements d'Eslida,Comunidad Valenciana
mychip,MARATÓ DELS DEMENTS 2022,2022-11-12,Sábado,44.0,trail running,Absoluta/General,8,35,Ahín,Plana Baja,Castellón,0,1847,Marató dels Dements por etapas,Comunidad Valenciana
mychip,MARATÓ DELS DEMENTS 2022,2022-11-12,Sábado,20.75,trail running,Absoluta/General,33,154,Ahín,Plana Baja,Castellón,0,1847,Mitja dels Dements Aín,Comunidad Valenciana
mychip,"8a. Pujada a la Penya Migjorn, Xixona, 2022",2022-11-06,Domingo,25.3,trail running,Absoluta/General,9,90,Jijona,El Alacantí,Alicante,0,1851,Trail 25k,Comunidad Valenciana
mychip,"8a. Pujada a la Penya Migjorn, Xixona, 2022",2022-11-06,Domingo,14.0,trail running,Absoluta/General,19,71,Jijona,El Alacantí,Alicante,0,1851,Trail 14K,Comunidad Valenciana
mychip,"8a. Pujada a la Penya Migjorn, Xixona, 2022",2022-11-06,Domingo,14.0,trail running,Absoluta/General,29,54,Jijona,El Alacantí,Alicante,0,1851,Sender 14k,Comunidad Valenciana
mychip,"XI MIMAMUCA, CARRÍCOLA 2022",2022-11-06,Domingo,21.0,trail running,Absoluta/General,99,442,Carrícola,La Vall d'Albaida,Valencia,0,1864,MIMAMUCA,Comunidad Valenciana
mychip,"IV BÈRNIA MOSCATELL TRAIL, CTM, Xaló",2022-11-06,Domingo,21.0,trail running,Absoluta/General,22,126,Jalón,La Marina Alta,Alicante,0,1879,"BX BMT TRAIL 21km, puntuable CTM mitjes",Comunidad Valenciana
mychip,"IV BÈRNIA MOSCATELL TRAIL, CTM, Xaló",2022-11-06,Domingo,15.0,trail running,Absoluta/General,83,143,Jalón,La Marina Alta,Alicante,0,1879,"BX BMT EXPRESS 15Km, puntuable CTM Sprint",Comunidad Valenciana
mychip,"IV BÈRNIA MOSCATELL TRAIL, CTM, Xaló",2022-11-06,Domingo,15.0,trail running,Absoluta/General,52,42,Jalón,La Marina Alta,Alicante,0,1879,BX BMT SENDERISTA 15Km,Comunidad Valenciana
mychip,"Alicante para la lucha contra el cáncer, sede local de Agost",2022-11-06,Domingo,3.0,road running,Absoluta/General,0,0,Agost,El Alacantí,Alicante,0,1900,Yo lucho contra el Cáncer,Comunidad Valenciana
mychip,"Alicante para la lucha contra el cáncer, sede local de Agost",2022-11-06,Domingo,0.0,road running,Otros,0,0,Agost,El Alacantí,Alicante,0,1900,"Dorsal 0, donativo voluntario",Comunidad Valenciana
mychip,Trail de Bocairent 22,2022-10-30,Domingo,23.0,trail running,Absoluta/General,29,136,Bocairente,La Vall d'Albaida,Valencia,0,1865,Trail Llarg,Comunidad Valenciana
mychip,Trail de Bocairent 22,2022-10-30,Domingo,13.0,trail running,Absoluta/General,65,163,Bocairente,La Vall d'Albaida,Valencia,0,1865,Sprint Trail,Comunidad Valenciana
mychip,Trail de Bocairent 22,2022-10-30,Domingo,11.0,trail running,Absoluta/General,141,86,Bocairente,La Vall d'Albaida,Valencia,0,1865,Sender 11k,Comunidad Valenciana
mychip,"BAJADA SOLIDARIA CREVILLENT-EL REALENGO-CAMPING ALANNIA COSTA BLANCA, 2022",2022-10-23,Domingo,11.0,trail running,Absoluta/General,66,109,Crevillente,El Bajo Vinalopó,Alicante,0,1858,CARRERA,Comunidad Valenciana
mychip,"BAJADA SOLIDARIA CREVILLENT-EL REALENGO-CAMPING ALANNIA COSTA BLANCA, 2022",2022-10-23,Domingo,11.0,trail running,Absoluta/General,466,202,Crevillente,El Bajo Vinalopó,Alicante,0,1858,Marchador,Comunidad Valenciana
mychip,"BAJADA SOLIDARIA CREVILLENT-EL REALENGO-CAMPING ALANNIA COSTA BLANCA, 2022",2022-10-23,Domingo,11.0,trail running,Absoluta/General,16,12,Crevillente,El Bajo Vinalopó,Alicante,0,1858,Nórdica,Comunidad Valenciana
mychip,"VII Volta a la Campana & IV Volta Sprint, Sueras",2022-10-16,Domingo,23.0,trail running,Absoluta/General,59,262,Sueras,Plana Baja,Castellón,1,1829,Volta  23 km,Comunidad Valenciana
mychip,"VII Volta a la Campana & IV Volta Sprint, Sueras",2022-10-16,Domingo,11.2,trail running,Absoluta/General,80,129,Sueras,Plana Baja,Castellón,0,1829,"Sprint 11,2km",Comunidad Valenciana
mychip,VII Trail de Buñol,2022-10-16,Domingo,20.5,trail running,Absoluta/General,22,149,Buñol,La Hoya de Buñol,Valencia,0,1869,"20,5k",Comunidad Valenciana
mychip,VII Trail de Buñol,2022-10-16,Domingo,12.5,trail running,Absoluta/General,34,139,Buñol,La Hoya de Buñol,Valencia,0,1869,Sprint Trail,Comunidad Valenciana
mychip,VII Trail de Buñol,2022-10-16,Domingo,8.0,trail running,Absoluta/General,0,0,Buñol,La Hoya de Buñol,Valencia,0,1869,Caminata 8k,Comunidad Valenciana
mychip,XIII CURSA POPULAR LA VILA JOIOSA,2022-10-16,Domingo,8.8,road running,Absoluta/General,31,93,Villajoyosa,La Marina Baja,Alicante,0,1877,Absoluta,Comunidad Valenciana
mychip,XIII CURSA POPULAR LA VILA JOIOSA,2022-10-16,Domingo,5.8,road running,Absoluta/General,102,53,Villajoyosa,La Marina Baja,Alicante,0,1877,Caminants,Comunidad Valenciana
mychip,XIII CURSA POPULAR LA VILA JOIOSA,2022-10-16,Domingo,2.0,road running,Absoluta/General,1,2,Villajoyosa,La Marina Baja,Alicante,0,1877,CADET,Comunidad Valenciana
mychip,XIII CURSA POPULAR LA VILA JOIOSA,2022-10-16,Domingo,1.2,road running,Infantil,0,2,Villajoyosa,La Marina Baja,Alicante,0,1877,INFANTIL ,Comunidad Valenciana
mychip,XIII CURSA POPULAR LA VILA JOIOSA,2022-10-16,Domingo,0.85,road running,Infantil,8,7,Villajoyosa,La Marina Baja,Alicante,0,1877,ALEVÍ,Comunidad Valenciana
mychip,XIII CURSA POPULAR LA VILA JOIOSA,2022-10-16,Domingo,0.5,road running,Infantil,12,6,Villajoyosa,La Marina Baja,Alicante,0,1877,BENJAMÍ,Comunidad Valenciana
mychip,XIII CURSA POPULAR LA VILA JOIOSA,2022-10-16,Domingo,0.2,road running,Infantil,12,16,Villajoyosa,La Marina Baja,Alicante,0,1877,PRE-BENJAMÍ,Comunidad Valenciana
mychip,XIII CURSA POPULAR LA VILA JOIOSA,2022-10-16,Domingo,0.1,road running,Absoluta/General,26,31,Villajoyosa,La Marina Baja,Alicante,0,1877,BARRUFET,Comunidad Valenciana
mychip,IX Trail solidari Ciutat D'Alcoi,2022-10-15,Sábado,54.0,trail running,Absoluta/General,26,199,Alcoy,La Hoya de Alcoy,Alicante,0,1773,TRAIL SOLIDARI,Comunidad Valenciana
mychip,IX Trail solidari Ciutat D'Alcoi,2022-10-15,Sábado,30.0,trail running,Absoluta/General,186,590,Alcoy,La Hoya de Alcoy,Alicante,15,1773,MIG TRAIL SOLIDARI,Comunidad Valenciana
mychip,IX Trail solidari Ciutat D'Alcoi,2022-10-15,Sábado,24.0,trail running,Absoluta/General,434,298,Alcoy,La Hoya de Alcoy,Alicante,41,1773,MARCHA SOLIDARIA,Comunidad Valenciana
mychip,IX Trail solidari Ciutat D'Alcoi,2022-10-15,Sábado,15.0,trail running,Absoluta/General,3,5,Alcoy,La Hoya de Alcoy,Alicante,0,1773,Jove Trail Solidari,Comunidad Valenciana
mychip,VI MATAGIGANTES TRAIL- DESAFÍO LIÉTOR,2022-10-15,Sábado,21.0,trail running,Absoluta/General,0,0,Liétor,,Castilla-La Mancha,0,1850,Trail,Castilla-La Mancha
mychip,VI MATAGIGANTES TRAIL- DESAFÍO LIÉTOR,2022-10-15,Sábado,9.5,trail running,Absoluta/General,0,0,Liétor,,Castilla-La Mancha,0,1850,Sprint,Castilla-La Mancha
mychip,VI MATAGIGANTES TRAIL- DESAFÍO LIÉTOR,2022-10-15,Sábado,9.5,trail running,Absoluta/General,0,0,Liétor,,Castilla-La Mancha,0,1850,Sender,Castilla-La Mancha
mychip,"MASSANASSA SOSTENIBLE ""TOT SUMA""",2022-10-14,Viernes,0.0,road running,Absoluta/General,0,0,Masanasa,Huerta Sur,Valencia,0,1894,Tot Suma!!!,Comunidad Valenciana
mychip,"II CURSA PER PARELLES CIUTAT DE LA VALL D’UIXÓ, FESTES PATRONALS SAGRADA FAMÍLIA I SANTÍSSIM CRIST",2022-10-12,Miércoles,5.0,road running,Absoluta/General,64,69,Vall de Uxó,Plana Baja,Castellón,0,1846,5k (PRECIO POR PAREJA),Comunidad Valenciana
mychip,I MARCHA CICLODEPORTIVA TERESA DE COFRENTES,2022-10-08,Sábado,139.0,Ciclismo y btt,Absoluta/General,0,0,Teresa de Cofrentes,El Valle de Cofrentes-Ayora,Valencia,0,1790,GRAN FONDO 139KM,Comunidad Valenciana
mychip,I MARCHA CICLODEPORTIVA TERESA DE COFRENTES,2022-10-08,Sábado,100.0,Ciclismo y btt,Absoluta/General,0,0,Teresa de Cofrentes,El Valle de Cofrentes-Ayora,Valencia,0,1790,MEDIO FONDO100K,Comunidad Valenciana
mychip,"Botamarges & Trencaclosques, CTM 23",2022-10-08,Sábado,64.0,trail running,Absoluta/General,12,191,Adsubia,La Marina Alta,Alicante,0,1862,Botamarges,Comunidad Valenciana
mychip,"Botamarges & Trencaclosques, CTM 23",2022-10-08,Sábado,21.0,trail running,Absoluta/General,51,259,Adsubia,La Marina Alta,Alicante,0,1862,"Trencaclosques,( CTM Trail)",Comunidad Valenciana
mychip,"5k Popular, ASSOC. Festes de la Mare de deu del Roser, I Circuit carreres populars Ciutat de la Vall D'Uixo 2022",2022-10-07,Viernes,5.0,road running,Absoluta/General,29,97,Vall de Uxó,Plana Baja,Castellón,0,1767,5k,Comunidad Valenciana
mychip,"Alicante International Skate Cup, Open, 2022",2022-10-07,Viernes,0.0,Otros,Absoluta/General,0,0,Alicante,El Alacantí,Alicante,0,1873,Open Masculino,Comunidad Valenciana
mychip,"Alicante International Skate Cup, Open, 2022",2022-10-07,Viernes,0.0,Otros,Absoluta/General,0,0,Alicante,El Alacantí,Alicante,0,1873,Open Femenino,Comunidad Valenciana
mychip,"Alicante International Skate Cup, Open, 2022",2022-10-07,Viernes,0.0,Otros,Infantil,0,0,Alicante,El Alacantí,Alicante,0,1873,Menores ,Comunidad Valenciana
mychip,"Sprint Trail Senyera, 2022",2022-10-02,Domingo,14.0,trail running,Absoluta/General,25,84,Senyera,La Ribera Alta,Valencia,0,1844,SPRINT TRAIL,Comunidad Valenciana
mychip,"Sprint Trail Senyera, 2022",2022-10-02,Domingo,8.0,trail running,Absoluta/General,104,47,Senyera,La Ribera Alta,Valencia,0,1844,Sender,Comunidad Valenciana
mychip,CARRERA VIRTUAL ASOCIACIÓN VÍCTIMAS DEL TERRORISMO 2022,2022-10-02,Domingo,10.0,road running,Absoluta/General,0,0,Madrid,,Comunidad de Madrid,0,1853,10k Corriendo o Andando,Comunidad de Madrid
mychip,CARRERA VIRTUAL ASOCIACIÓN VÍCTIMAS DEL TERRORISMO 2022,2022-10-02,Domingo,5.0,road running,Absoluta/General,0,0,Madrid,,Comunidad de Madrid,0,1853,5k Corriendo o Andando,Comunidad de Madrid
mychip,"VIII MARCHA CICLODEPORTIVA GSPORT - LA POBLA LLARGA, 2022",2022-10-02,Domingo,136.0,Ciclismo y btt,Absoluta/General,21,274,la Pobla Llarga,La Ribera Alta,Valencia,0,1855,Marcha,Comunidad Valenciana
mychip,"XXXIV Marxa de resistència en BTT, Selènika 22.",2022-10-02,Domingo,98.0,Ciclismo y btt,Absoluta/General,8,338,Navarcles,,Barcelona,0,1870,Llarga 97k,Cataluña
mychip,"XXXIV Marxa de resistència en BTT, Selènika 22.",2022-10-02,Domingo,65.0,Ciclismo y btt,Absoluta/General,9,196,Navarcles,,Barcelona,0,1870,Curta 65km,Cataluña
mychip,"XXXIV Marxa de resistència en BTT, Selènika 22.",2022-10-02,Domingo,65.0,Ciclismo y btt,Absoluta/General,3,35,Navarcles,,Barcelona,0,1870,E-Bike,Cataluña
mychip,"5k Popular, ASSOC. Festes de la Pilarica, I Circuit carreres populars Ciutat de la Vall D'Uixo 2022",2022-10-01,Sábado,5.0,road running,Absoluta/General,69,97,Vall de Uxó,Plana Baja,Castellón,0,1766,5k,Comunidad Valenciana
mychip,"II VOLTA ALS PONTS, ROTARY ALCOY",2022-10-01,Sábado,4.75,road running,Elite,0,0,Alcoy,La Hoya de Alcoy,Alicante,0,1827,Pro-Solidari,Comunidad Valenciana
mychip,"II VOLTA ALS PONTS, ROTARY ALCOY",2022-10-01,Sábado,4.75,road running,Infantil,0,0,Alcoy,La Hoya de Alcoy,Alicante,0,1827,0 A 14 AÑOS,Comunidad Valenciana
mychip,"II VOLTA ALS PONTS, ROTARY ALCOY",2022-10-01,Sábado,0.0,road running,Otros,0,0,Alcoy,La Hoya de Alcoy,Alicante,0,1827,"Dorsal 0, donatiu voluntari",Comunidad Valenciana
mychip,5é Trail Volta al Pantà de Tibi,2022-09-25,Domingo,20.0,trail running,Absoluta/General,32,169,Tibi,La Hoya de Alcoy,Alicante,0,1800,20K,Comunidad Valenciana
mychip,5é Trail Volta al Pantà de Tibi,2022-09-25,Domingo,14.0,trail running,Absoluta/General,19,28,Tibi,La Hoya de Alcoy,Alicante,2,1800,Sender 14k,Comunidad Valenciana
mychip,"Faldes del Puig Campana, Trail & Sender Nocturn, 2022",2022-09-24,Sábado,16.0,trail running,Absoluta/General,24,138,Finestrat,La Marina Baja,Alicante,0,1782,Carrera,Comunidad Valenciana
mychip,"Faldes del Puig Campana, Trail & Sender Nocturn, 2022",2022-09-24,Sábado,9.0,trail running,Absoluta/General,64,76,Finestrat,La Marina Baja,Alicante,1,1782,Sender,Comunidad Valenciana
mychip,VI TOMACA TRAIL,2022-09-24,Sábado,16.0,trail running,Absoluta/General,20,123,Alginet,La Ribera Alta,Valencia,0,1863,16K,Comunidad Valenciana
mychip,VI TOMACA TRAIL,2022-09-24,Sábado,10.0,trail running,Absoluta/General,115,74,Alginet,La Ribera Alta,Valencia,0,1863,Sender 10k,Comunidad Valenciana
mychip,"Sprint Trail Nocturno de L'Abdet, CTM 23",2022-09-10,Sábado,16.2,trail running,Absoluta/General,33,166,Confrides,La Marina Baja,Alicante,0,1860,"Sprint Trail Abdet, ",Comunidad Valenciana
mychip,"Sprint Trail Nocturno de L'Abdet, CTM 23",2022-09-10,Sábado,11.8,trail running,Absoluta/General,39,49,Confrides,La Marina Baja,Alicante,3,1860,Short trail & sender,Comunidad Valenciana
mychip,XXIII VOLTA A PEU A CORBERA,2022-09-03,Sábado,8.0,road running,Absoluta/General,22,125,Corbera,La Ribera Baja,Valencia,0,1857,8k,Comunidad Valenciana
mychip,XXIII VOLTA A PEU A CORBERA,2022-09-03,Sábado,0.0,road running,Infantil,0,0,Corbera,La Ribera Baja,Valencia,0,1857,Menores (inscripción el día de la prueba),Comunidad Valenciana
mychip,33 VOLTA A PEU A LA PLATJA DE TAVERNES,2022-08-05,Viernes,8.0,road running,Absoluta/General,135,520,Tabernes de Valldigna,La Safor,Valencia,0,1833,8k,Comunidad Valenciana
mychip,"4t PRUEBA COPA DE ESPAÑA DE CXM EN LÍNEA, FEDME 22, XII Aguas de Teror Trail - Desafío de los Picos",2022-07-30,Sábado,37.0,trail running,Absoluta/General,23,92,Teror,,,0,1816,ABSOLUTA,
mychip,"4t PRUEBA COPA DE ESPAÑA DE CXM EN LÍNEA, FEDME 22, XII Aguas de Teror Trail - Desafío de los Picos",2022-07-30,Sábado,29.0,trail running,Cadete/Juvenil,4,7,Teror,,,0,1816,PROMESA,
mychip,"4t PRUEBA COPA DE ESPAÑA DE CXM EN LÍNEA, FEDME 22, XII Aguas de Teror Trail - Desafío de los Picos",2022-07-30,Sábado,16.0,trail running,Cadete/Juvenil,3,5,Teror,,,0,1816,JÚNIOR,
mychip,"4t PRUEBA COPA DE ESPAÑA DE CXM EN LÍNEA, FEDME 22, XII Aguas de Teror Trail - Desafío de los Picos",2022-07-30,Sábado,9.0,trail running,Cadete/Juvenil,6,7,Teror,,,0,1816,JUVENIL,
mychip,"4t PRUEBA COPA DE ESPAÑA DE CXM EN LÍNEA, FEDME 22, XII Aguas de Teror Trail - Desafío de los Picos",2022-07-30,Sábado,9.0,trail running,Cadete/Juvenil,0,5,Teror,,,0,1816,CADETE,
mychip,Valdelinares Trails,2022-07-30,Sábado,42.0,trail running,Absoluta/General,3,45,Valdelinares,,Teruel,0,1832,42k,Aragón
mychip,Valdelinares Trails,2022-07-30,Sábado,25.0,trail running,Absoluta/General,14,81,Valdelinares,,Teruel,0,1832,25k,Aragón
mychip,Valdelinares Trails,2022-07-30,Sábado,12.0,trail running,Absoluta/General,17,66,Valdelinares,,Teruel,0,1832,12k,Aragón
mychip,Volta a peu a Benifairo 2022,2022-07-30,Sábado,7.0,road running,Absoluta/General,27,81,Benifairó de la Valldigna,La Safor,Valencia,0,1848,7k,Comunidad Valenciana
mychip,"5k Popular, ASSOC. Les Penyes en Festes, I Circuit carreres populars Ciutat de la Vall D'Uixo 2022",2022-07-22,Viernes,5.0,road running,Absoluta/General,57,122,Vall de Uxó,Plana Baja,Castellón,0,1765,5k,Comunidad Valenciana
mychip,"5k Popular, ASSOC. Les Penyes en Festes, I Circuit carreres populars Ciutat de la Vall D'Uixo 2022",2022-07-22,Viernes,0.001,road running,Absoluta/General,0,0,Vall de Uxó,Plana Baja,Castellón,0,1765,Categories menors,Comunidad Valenciana
mychip,"10ª Marcha Nocturna CEXVillena ""Sierra La Villa""",2022-07-15,Viernes,14.71,Otros,Absoluta/General,0,0,Villena,El Alto Vinalopó,Alicante,0,1834,FEDERADOS FEDME,Comunidad Valenciana
mychip,"10ª Marcha Nocturna CEXVillena ""Sierra La Villa""",2022-07-15,Viernes,14.71,Otros,Absoluta/General,0,0,Villena,El Alto Vinalopó,Alicante,0,1834,No federados,Comunidad Valenciana
mychip,19a Volta a Peu i VIII Marxa Senderista,2022-07-09,Sábado,8.7,road running,Absoluta/General,16,78,Barcheta,La Costera,Valencia,0,1789,Cursa,Comunidad Valenciana
mychip,19a Volta a Peu i VIII Marxa Senderista,2022-07-09,Sábado,7.8,road running,Absoluta/General,85,73,Barcheta,La Costera,Valencia,0,1789,Senderista,Comunidad Valenciana
mychip,"3a. Prueba Copa de España Línea de CXM, Ultra Trail la Covatilla, FEDME 22.",2022-07-02,Sábado,60.0,trail running,Absoluta/General,5,28,Béjar,,Salamanca,0,1777,Ultrail La Covatilla,Castilla y León
mychip,"3a. Prueba Copa de España Línea de CXM, Ultra Trail la Covatilla, FEDME 22.",2022-07-02,Sábado,37.0,trail running,Absoluta/General,20,61,Béjar,,Salamanca,0,1777,ABSOLUTA 37k FEDME,Castilla y León
mychip,"3a. Prueba Copa de España Línea de CXM, Ultra Trail la Covatilla, FEDME 22.",2022-07-02,Sábado,32.0,trail running,Cadete/Juvenil,0,6,Béjar,,Salamanca,0,1777,PROMESA 32k,Castilla y León
mychip,"3a. Prueba Copa de España Línea de CXM, Ultra Trail la Covatilla, FEDME 22.",2022-07-02,Sábado,16.5,trail running,Cadete/Juvenil,4,7,Béjar,,Salamanca,0,1777,"JÚNIOR 16,5k",Castilla y León
mychip,"3a. Prueba Copa de España Línea de CXM, Ultra Trail la Covatilla, FEDME 22.",2022-07-02,Sábado,12.5,trail running,Cadete/Juvenil,4,10,Béjar,,Salamanca,0,1777,"JUVENIL, 12k",Castilla y León
mychip,"3a. Prueba Copa de España Línea de CXM, Ultra Trail la Covatilla, FEDME 22.",2022-07-02,Sábado,4.0,trail running,Cadete/Juvenil,3,3,Béjar,,Salamanca,0,1777,CADETE 9k,Castilla y León
mychip,"3a. Prueba Copa de España Línea de CXM, Ultra Trail la Covatilla, FEDME 22.",2022-07-02,Sábado,37.0,trail running,Absoluta/General,4,30,Béjar,,Salamanca,0,1777,37k OPEN TRAIL LA COVATILLA,Castilla y León
mychip,"3a. Prueba Copa de España Línea de CXM, Ultra Trail la Covatilla, FEDME 22.",2022-07-02,Sábado,16.0,trail running,Absoluta/General,9,54,Béjar,,Salamanca,0,1777,"16k OPEN, XTRAIL LA COVATILLA",Castilla y León
mychip,I CARRERA POPULAR Y I RUTA SENDERISTA “SANTUARIO DE BÉLEN Y PANTANO DE ALMANSA.”,2022-06-19,Domingo,12.0,trail running,Absoluta/General,11,92,Almansa,,Castilla-La Mancha,0,1819,12k ,Castilla-La Mancha
mychip,I CARRERA POPULAR Y I RUTA SENDERISTA “SANTUARIO DE BÉLEN Y PANTANO DE ALMANSA.”,2022-06-19,Domingo,12.0,trail running,Absoluta/General,43,37,Almansa,,Castilla-La Mancha,0,1819,Sender,Castilla-La Mancha
mychip,VI Woman Trail,2022-06-18,Sábado,10.0,road running,Absoluta/General,432,4,Vall de Uxó,Plana Baja,Castellón,0,1820,WOMAN TRAIL,Comunidad Valenciana
mychip,VI TRAIL POR ELLAS COSTA BLANCA,2022-06-12,Domingo,10.0,trail running,Absoluta/General,31,80,Benidorm,La Marina Baja,Alicante,0,1788,Trail 10k,Comunidad Valenciana
mychip,VI TRAIL POR ELLAS COSTA BLANCA,2022-06-12,Domingo,7.3,trail running,Absoluta/General,57,23,Benidorm,La Marina Baja,Alicante,0,1788,Marcha Senderista,Comunidad Valenciana
mychip,VI TRAIL POR ELLAS COSTA BLANCA,2022-06-12,Domingo,1.0,trail running,Absoluta/General,0,0,Benidorm,La Marina Baja,Alicante,0,1788,Mini trail,Comunidad Valenciana
mychip,V TRAIL-RUNNING DE TOUS,2022-06-12,Domingo,11.0,road running,Absoluta/General,0,0,Tous,La Ribera Alta,Valencia,0,1842,11K SEMI TRAIL,Comunidad Valenciana
mychip,V TRAIL-RUNNING DE TOUS,2022-06-12,Domingo,21.0,road running,Absoluta/General,0,0,Tous,La Ribera Alta,Valencia,0,1842,21K,Comunidad Valenciana
mychip,"5k Popular, Club Atletisme, I Circuit carreres populars Ciutat de la Vall D'Uixo 2022",2022-06-11,Sábado,5.0,road running,Absoluta/General,78,153,Vall de Uxó,Plana Baja,Castellón,0,1764,5k,Comunidad Valenciana
mychip,X Memorial José Manuel Zambrana Pleguezuelos,2022-06-11,Sábado,5.0,road running,Absoluta/General,167,99,Ibi,La Hoya de Alcoy,Alicante,0,1795,Marcha Senderista,Comunidad Valenciana
mychip,X Memorial José Manuel Zambrana Pleguezuelos,2022-06-11,Sábado,10.0,road running,Absoluta/General,40,214,Ibi,La Hoya de Alcoy,Alicante,0,1795,10k,Comunidad Valenciana
mychip,X Memorial José Manuel Zambrana Pleguezuelos,2022-06-11,Sábado,5.0,road running,Absoluta/General,37,52,Ibi,La Hoya de Alcoy,Alicante,0,1795,5k,Comunidad Valenciana
mychip,TRAIL DE CHULILLA,2022-06-11,Sábado,14.0,trail running,Absoluta/General,0,0,Chulilla,,Valencia,0,1826,TRAIL,Comunidad Valenciana
mychip,"Campionat Automómic individual i de Clubs de CXM 22, FEMECV, Orihuela",2022-06-05,Domingo,22.5,trail running,Absoluta/General,21,99,Orihuela,,Alicante,0,1797,Absoluta,Comunidad Valenciana
mychip,"Campionat Automómic individual i de Clubs de CXM 22, FEMECV, Orihuela",2022-06-05,Domingo,12.0,trail running,Cadete/Juvenil,0,3,Orihuela,,Alicante,0,1797,JÚNIOR,Comunidad Valenciana
mychip,"Campionat Automómic individual i de Clubs de CXM 22, FEMECV, Orihuela",2022-06-05,Domingo,12.0,trail running,Cadete/Juvenil,0,5,Orihuela,,Alicante,0,1797,JUVENIL,Comunidad Valenciana
mychip,"Campionat Automómic individual i de Clubs de CXM 22, FEMECV, Orihuela",2022-06-05,Domingo,12.0,trail running,Cadete/Juvenil,0,2,Orihuela,,Alicante,0,1797,CADETE,Comunidad Valenciana
mychip,"Campionat Automómic individual i de Clubs de CXM 22, FEMECV, Orihuela",2022-06-05,Domingo,12.0,trail running,Absoluta/General,16,65,Orihuela,,Alicante,0,1797,OPEN,Comunidad Valenciana
mychip,X Cursa per Muntanya les Xosses de Crevillent,2022-06-05,Domingo,18.0,trail running,Absoluta/General,48,196,Crevillente,El Bajo Vinalopó,Alicante,0,1817,Trail,Comunidad Valenciana
mychip,X Cursa per Muntanya les Xosses de Crevillent,2022-06-05,Domingo,14.0,trail running,Absoluta/General,56,91,Crevillente,El Bajo Vinalopó,Alicante,0,1817,Sender,Comunidad Valenciana
mychip,X Cursa per Muntanya les Xosses de Crevillent,2022-06-05,Domingo,0.54,trail running,Absoluta/General,0,0,Crevillente,El Bajo Vinalopó,Alicante,0,1817,Kids,Comunidad Valenciana
mychip,II MARCHA CICLODEPORTIVA JALANCE,2022-06-05,Domingo,0.0,road running,Absoluta/General,0,0,Valencia,,Valencia,0,1825,default,Comunidad Valenciana
mychip,XXXII Gran Fons de Massanassa,2022-06-04,Sábado,15.0,road running,Absoluta/General,63,362,Masanasa,Huerta Sur,Valencia,0,1814,Gran fons,Comunidad Valenciana
mychip,XXXII Gran Fons de Massanassa,2022-06-04,Sábado,0.0,road running,Absoluta/General,0,0,Masanasa,Huerta Sur,Valencia,0,1814,Menors el día de la cursa,Comunidad Valenciana
mychip,"60 Descens del Xúquer, 4 y 5 de Junio de 2022",2022-06-04,Sábado,0.0,trail running,Absoluta/General,0,0,Algemesí,,Valencia,0,1830,"Popular, 4 de Juny, Sumacàrcer - Antella",Valencia
mychip,"60 Descens del Xúquer, 4 y 5 de Junio de 2022",2022-06-04,Sábado,0.0,trail running,Absoluta/General,0,0,Algemesí,,Valencia,0,1830,"Popular, 5 de juny, Alzira - Algemesí",Valencia
mychip,"2A. PRUEBA COPA DE ESPAÑA LÍNEA DE CXM, TRAIL DE SANT ESTEVE, FEDME 22.",2022-05-29,Domingo,27.0,trail running,Absoluta/General,8,36,Sant Esteve de Palautordera,,Barcelona,0,1749,ABSOLUTA,Cataluña
mychip,"2A. PRUEBA COPA DE ESPAÑA LÍNEA DE CXM, TRAIL DE SANT ESTEVE, FEDME 22.",2022-05-29,Domingo,27.0,trail running,Cadete/Juvenil,2,7,Sant Esteve de Palautordera,,Barcelona,0,1749,PROMESA,Cataluña
mychip,"2A. PRUEBA COPA DE ESPAÑA LÍNEA DE CXM, TRAIL DE SANT ESTEVE, FEDME 22.",2022-05-29,Domingo,13.0,trail running,Cadete/Juvenil,3,9,Sant Esteve de Palautordera,,Barcelona,0,1749,JÚNIOR,Cataluña
mychip,"2A. PRUEBA COPA DE ESPAÑA LÍNEA DE CXM, TRAIL DE SANT ESTEVE, FEDME 22.",2022-05-29,Domingo,13.0,trail running,Cadete/Juvenil,8,8,Sant Esteve de Palautordera,,Barcelona,0,1749,JUVENIL,Cataluña
mychip,"2A. PRUEBA COPA DE ESPAÑA LÍNEA DE CXM, TRAIL DE SANT ESTEVE, FEDME 22.",2022-05-29,Domingo,9.0,trail running,Cadete/Juvenil,5,6,Sant Esteve de Palautordera,,Barcelona,0,1749,CADETE,Cataluña
mychip,"2A. PRUEBA COPA DE ESPAÑA LÍNEA DE CXM, TRAIL DE SANT ESTEVE, FEDME 22.",2022-05-29,Domingo,13.0,trail running,Absoluta/General,45,66,Sant Esteve de Palautordera,,Barcelona,0,1749,13k Open,Cataluña
mychip,"2A. PRUEBA COPA DE ESPAÑA LÍNEA DE CXM, TRAIL DE SANT ESTEVE, FEDME 22.",2022-05-29,Domingo,27.0,trail running,Absoluta/General,4,39,Sant Esteve de Palautordera,,Barcelona,0,1749,27k Open,Cataluña
mychip,"9a. Carrera i Marxa de la Dona, Sueca 22",2022-05-29,Domingo,5.0,road running,Absoluta/General,340,2,Sueca,La Ribera Baja,Valencia,0,1809,Individual,Comunidad Valenciana
mychip,XXII Edición Cross Xirivell,2022-05-29,Domingo,9.5,road running,Absoluta/General,21,66,Monóvar,El Vinalopó Medio,Alicante,0,1821,ABSOLUTA,Comunidad Valenciana
mychip,XXII Edición Cross Xirivell,2022-05-29,Domingo,9.5,road running,Absoluta/General,27,13,Monóvar,El Vinalopó Medio,Alicante,0,1821,Marcha,Comunidad Valenciana
mychip,XXII Edición Cross Xirivell,2022-05-29,Domingo,2.4,road running,Infantil,0,0,Monóvar,El Vinalopó Medio,Alicante,0,1821,De 14 a 15 años,Comunidad Valenciana
mychip,XXII Edición Cross Xirivell,2022-05-29,Domingo,1.2,road running,Infantil,3,4,Monóvar,El Vinalopó Medio,Alicante,0,1821,De 11 a 13 años,Comunidad Valenciana
mychip,XXII Edición Cross Xirivell,2022-05-29,Domingo,0.8,road running,Infantil,4,9,Monóvar,El Vinalopó Medio,Alicante,0,1821,De 8 a 10 años,Comunidad Valenciana
mychip,XXII Edición Cross Xirivell,2022-05-29,Domingo,0.4,road running,Infantil,5,9,Monóvar,El Vinalopó Medio,Alicante,0,1821,Hasta 7 años,Comunidad Valenciana
mychip,39ena VOLTA AL TERME DE FONDEGUILLA,2022-05-28,Sábado,34.5,trail running,Absoluta/General,26,207,Alfondeguilla,Plana Baja,Castellón,0,1792,VTF22,Comunidad Valenciana
mychip,39ena VOLTA AL TERME DE FONDEGUILLA,2022-05-28,Sábado,14.0,trail running,Cadete/Juvenil,0,1,Alfondeguilla,Plana Baja,Castellón,0,1792,Cadete/Junior,Comunidad Valenciana
mychip,"4ª. PRUEBA COPA DE ESPAÑA DE CXM VERTICAL, FEDME 22, KV CASTRO VALNERA",2022-05-22,Domingo,4.0,trail running,Absoluta/General,22,94,Vega de Pas,,Cantabria,0,1753,ABSOLUTA,Cantabria
mychip,"4ª. PRUEBA COPA DE ESPAÑA DE CXM VERTICAL, FEDME 22, KV CASTRO VALNERA",2022-05-22,Domingo,4.0,trail running,Cadete/Juvenil,2,4,Vega de Pas,,Cantabria,0,1753,PROMESA,Cantabria
mychip,"4ª. PRUEBA COPA DE ESPAÑA DE CXM VERTICAL, FEDME 22, KV CASTRO VALNERA",2022-05-22,Domingo,4.0,trail running,Cadete/Juvenil,2,2,Vega de Pas,,Cantabria,0,1753,JÚNIOR,Cantabria
mychip,"4ª. PRUEBA COPA DE ESPAÑA DE CXM VERTICAL, FEDME 22, KV CASTRO VALNERA",2022-05-22,Domingo,4.0,trail running,Cadete/Juvenil,0,2,Vega de Pas,,Cantabria,0,1753,JUVENIL,Cantabria
mychip,"4ª. PRUEBA COPA DE ESPAÑA DE CXM VERTICAL, FEDME 22, KV CASTRO VALNERA",2022-05-22,Domingo,2.6,trail running,Cadete/Juvenil,0,0,Vega de Pas,,Cantabria,0,1753,CADETE,Cantabria
mychip,"CAMPEONATO AUTONÓMICO DE KILÓMETRO VERTICAL, FEMECV 2022, PUIG CAMPANA, FINESTRAT",2022-05-22,Domingo,3.65,trail running,Absoluta/General,27,91,Finestrat,La Marina Baja,Alicante,0,1755,ABSOLUTA,Comunidad Valenciana
mychip,"CAMPEONATO AUTONÓMICO DE KILÓMETRO VERTICAL, FEMECV 2022, PUIG CAMPANA, FINESTRAT",2022-05-22,Domingo,3.65,trail running,Cadete/Juvenil,1,3,Finestrat,La Marina Baja,Alicante,0,1755,JÚNIOR,Comunidad Valenciana
mychip,"CAMPEONATO AUTONÓMICO DE KILÓMETRO VERTICAL, FEMECV 2022, PUIG CAMPANA, FINESTRAT",2022-05-22,Domingo,3.65,trail running,Cadete/Juvenil,2,3,Finestrat,La Marina Baja,Alicante,0,1755,JUVENIL,Comunidad Valenciana
mychip,"CAMPEONATO AUTONÓMICO DE KILÓMETRO VERTICAL, FEMECV 2022, PUIG CAMPANA, FINESTRAT",2022-05-22,Domingo,3.65,trail running,Cadete/Juvenil,0,4,Finestrat,La Marina Baja,Alicante,0,1755,CADETE,Comunidad Valenciana
mychip,"I Pujada Ermita Sant Esteve, Ontinyent",2022-05-22,Domingo,11.0,road running,Absoluta/General,25,100,Onteniente,La Vall d'Albaida,Valencia,0,1783,11k Corriendo,Comunidad Valenciana
mychip,"I Pujada Ermita Sant Esteve, Ontinyent",2022-05-22,Domingo,11.0,road running,Absoluta/General,48,42,Onteniente,La Vall d'Albaida,Valencia,0,1783,SENDER 11k,Comunidad Valenciana
mychip,"3ª. PRUEBA COPA DE ESPAÑA, FEDME 22, Kv Roquetes",2022-05-15,Domingo,5.5,trail running,Absoluta/General,22,78,Roquetes,,Cataluña,0,1803,ABSOLUTA,Cataluña
mychip,"3ª. PRUEBA COPA DE ESPAÑA, FEDME 22, Kv Roquetes",2022-05-15,Domingo,5.5,trail running,Cadete/Juvenil,3,2,Roquetes,,Cataluña,0,1803,PROMESA,Cataluña
mychip,"3ª. PRUEBA COPA DE ESPAÑA, FEDME 22, Kv Roquetes",2022-05-15,Domingo,5.5,trail running,Cadete/Juvenil,0,1,Roquetes,,Cataluña,0,1803,JÚNIOR,Cataluña
mychip,"3ª. PRUEBA COPA DE ESPAÑA, FEDME 22, Kv Roquetes",2022-05-15,Domingo,5.5,trail running,Cadete/Juvenil,0,3,Roquetes,,Cataluña,0,1803,JUVENIL,Cataluña
mychip,"3ª. PRUEBA COPA DE ESPAÑA, FEDME 22, Kv Roquetes",2022-05-15,Domingo,3.7,trail running,Cadete/Juvenil,1,4,Roquetes,,Cataluña,0,1803,CADETE,Cataluña
mychip,SPRINT TRAIL COLEGIO SANTA ANA / SR SPORT & TRAINING,2022-05-15,Domingo,11.0,trail running,Absoluta/General,51,167,Alcoy,La Hoya de Alcoy,Alicante,0,1804,Sprint Trail solidario,Comunidad Valenciana
mychip,SPRINT TRAIL COLEGIO SANTA ANA / SR SPORT & TRAINING,2022-05-15,Domingo,11.0,trail running,Absoluta/General,66,28,Alcoy,La Hoya de Alcoy,Alicante,0,1804,Senderista,Comunidad Valenciana
mychip,SPRINT TRAIL COLEGIO SANTA ANA / SR SPORT & TRAINING,2022-05-15,Domingo,11.0,trail running,Absoluta/General,9,7,Alcoy,La Hoya de Alcoy,Alicante,0,1804,Marcha Nórdica,Comunidad Valenciana
mychip,SPRINT TRAIL COLEGIO SANTA ANA / SR SPORT & TRAINING,2022-05-15,Domingo,4.0,trail running,Absoluta/General,0,0,Alcoy,La Hoya de Alcoy,Alicante,0,1804,Eco Marcha,Comunidad Valenciana
mychip,SPRINT TRAIL COLEGIO SANTA ANA / SR SPORT & TRAINING,2022-05-15,Domingo,0.0,trail running,Otros,0,0,Alcoy,La Hoya de Alcoy,Alicante,0,1804,Dorsal 0 (aportación 5€ solidarios),Comunidad Valenciana
mychip,"Trail de Primavera, Confrides",2022-05-14,Sábado,43.0,trail running,Absoluta/General,16,185,Confrides,La Marina Baja,Alicante,0,1658,"42k, Serrella",Comunidad Valenciana
mychip,"Trail de Primavera, Confrides",2022-05-14,Sábado,23.0,trail running,Absoluta/General,63,231,Confrides,La Marina Baja,Alicante,0,1658,Trail Serrella 23k | CTM,Comunidad Valenciana
mychip,"Trail de Primavera, Confrides",2022-05-14,Sábado,23.0,trail running,Absoluta/General,9,9,Confrides,La Marina Baja,Alicante,0,1658,Sender 23k,Comunidad Valenciana
mychip,"3a Prova LIE FEMECV 22, Lliga infantil Escalada, Paiporta",2022-05-14,Sábado,0.0,Otros,Infantil,0,0,Paiporta,Huerta Sur,Valencia,0,1807,Promoció SUB-9 (6 a 8 anys),Comunidad Valenciana
mychip,"3a Prova LIE FEMECV 22, Lliga infantil Escalada, Paiporta",2022-05-14,Sábado,0.0,Otros,Cadete/Juvenil,0,0,Paiporta,Huerta Sur,Valencia,0,1807,Promoció SUB-16 (9 a 11 anys),Comunidad Valenciana
mychip,"CAMPEONATO AUTONÓMICO DE CXM LARGO RECORRIDO, GR36. FEMECV 2022, VILAVELLA",2022-05-14,Sábado,64.0,trail running,Absoluta/General,10,43,Villavieja,Plana Baja,Castellón,0,1813,FEDERADOS,Comunidad Valenciana
mychip,"CAMPEONATO AUTONÓMICO DE CXM LARGO RECORRIDO, GR36. FEMECV 2022, VILAVELLA",2022-05-14,Sábado,64.0,trail running,Absoluta/General,3,23,Villavieja,Plana Baja,Castellón,0,1813,OPEN,Comunidad Valenciana
mychip,"I CARRERA SOLIDÀRIA EMPAL A LES ÀREES INDUSTRIALS, ALGEMESÍ",2022-05-14,Sábado,9.0,road running,Absoluta/General,20,61,Algemesí,La Ribera Alta,Valencia,0,1823,CARRERA,Comunidad Valenciana
mychip,"I CARRERA SOLIDÀRIA EMPAL A LES ÀREES INDUSTRIALS, ALGEMESÍ",2022-05-14,Sábado,4.0,road running,Absoluta/General,0,0,Algemesí,La Ribera Alta,Valencia,0,1823,CAMINANTES,Comunidad Valenciana
mychip,V TRAIL DE ANNA,2022-05-08,Domingo,30.0,trail running,Absoluta/General,0,0,Anna,La Canal de Navarrés,Valencia,0,1822,30K,Comunidad Valenciana
mychip,V TRAIL DE ANNA,2022-05-08,Domingo,21.0,trail running,Absoluta/General,0,0,Anna,La Canal de Navarrés,Valencia,0,1822,21K,Comunidad Valenciana
mychip,V TRAIL DE ANNA,2022-05-08,Domingo,11.0,trail running,Absoluta/General,0,0,Anna,La Canal de Navarrés,Valencia,0,1822,11K Y CAMINATA,Comunidad Valenciana
mychip,"Campionat Automómic de carrera Vertical, FEMECV 22, Sprint Vertical Massis del Toro,  Simat de la Valldigna",2022-05-07,Sábado,2.2,trail running,Absoluta/General,14,41,Simat de Valldigna,La Safor,Valencia,0,1808,Absoluta,Comunidad Valenciana
mychip,"Campionat Automómic de carrera Vertical, FEMECV 22, Sprint Vertical Massis del Toro,  Simat de la Valldigna",2022-05-07,Sábado,2.2,trail running,Cadete/Juvenil,0,1,Simat de Valldigna,La Safor,Valencia,0,1808,JÚNIOR,Comunidad Valenciana
mychip,"Campionat Automómic de carrera Vertical, FEMECV 22, Sprint Vertical Massis del Toro,  Simat de la Valldigna",2022-05-07,Sábado,2.2,trail running,Cadete/Juvenil,1,3,Simat de Valldigna,La Safor,Valencia,0,1808,JUVENIL,Comunidad Valenciana
mychip,"Campionat Automómic de carrera Vertical, FEMECV 22, Sprint Vertical Massis del Toro,  Simat de la Valldigna",2022-05-07,Sábado,2.2,trail running,Cadete/Juvenil,1,2,Simat de Valldigna,La Safor,Valencia,0,1808,CADETE,Comunidad Valenciana
mychip,"Campionat Automómic de carrera Vertical, FEMECV 22, Sprint Vertical Massis del Toro,  Simat de la Valldigna",2022-05-07,Sábado,2.2,trail running,Infantil,0,1,Simat de Valldigna,La Safor,Valencia,0,1808,Infantil,Comunidad Valenciana
mychip,Marcha Medioambiental Crevillent - itinerario Botánico.,2022-05-07,Sábado,11.0,Otros,Absoluta/General,0,0,Crevillente,El Bajo Vinalopó,Alicante,0,1828,Marcha,Comunidad Valenciana
mychip,III CROSS NOCTURNO SALESIANO CIUTAT D’ALCOI 2022,2022-05-06,Viernes,9.5,road running,Infantil,28,99,Alcoy,La Hoya de Alcoy,Alicante,1,1757,"9´5k, A partir de 15 años cumplidos en 2022",Comunidad Valenciana
mychip,III CROSS NOCTURNO SALESIANO CIUTAT D’ALCOI 2022,2022-05-06,Viernes,7.0,road running,Absoluta/General,49,31,Alcoy,La Hoya de Alcoy,Alicante,0,1757,Marcha,Comunidad Valenciana
mychip,III CROSS NOCTURNO SALESIANO CIUTAT D’ALCOI 2022,2022-05-06,Viernes,0.15,road running,Infantil,9,19,Alcoy,La Hoya de Alcoy,Alicante,0,1757,Querubin 2016 y posteriores,Comunidad Valenciana
mychip,III CROSS NOCTURNO SALESIANO CIUTAT D’ALCOI 2022,2022-05-06,Viernes,0.3,road running,Infantil,19,25,Alcoy,La Hoya de Alcoy,Alicante,0,1757,Pre-Benjamín  2014 - 2015,Comunidad Valenciana
mychip,III CROSS NOCTURNO SALESIANO CIUTAT D’ALCOI 2022,2022-05-06,Viernes,0.45,road running,Infantil,10,13,Alcoy,La Hoya de Alcoy,Alicante,0,1757,Benjamin 2012 - 2013,Comunidad Valenciana
mychip,III CROSS NOCTURNO SALESIANO CIUTAT D’ALCOI 2022,2022-05-06,Viernes,0.6,road running,Infantil,8,9,Alcoy,La Hoya de Alcoy,Alicante,0,1757,Alevín 2010 - 2011,Comunidad Valenciana
mychip,III CROSS NOCTURNO SALESIANO CIUTAT D’ALCOI 2022,2022-05-06,Viernes,1.2,road running,Infantil,9,4,Alcoy,La Hoya de Alcoy,Alicante,0,1757,Infantil 2008 - 2009,Comunidad Valenciana
mychip,III CROSS NOCTURNO SALESIANO CIUTAT D’ALCOI 2022,2022-05-06,Viernes,0.0,road running,Otros,0,0,Alcoy,La Hoya de Alcoy,Alicante,0,1757,Dorsal 0,Comunidad Valenciana
mychip,"2ª. PRUEBA COPA DE ESPAÑA Y CAMPEONATO DE ESPAÑA DE CLUBS  DE CXM VERTICAL, FEDME 22, MAGINA SKY RACE - KILOMETRO VERTICAL",2022-04-30,Sábado,2.7,trail running,Absoluta/General,45,111,Albanchez de Mágina,,Andalucía,0,1779,ABSOLUTA,Andalucía
mychip,"2ª. PRUEBA COPA DE ESPAÑA Y CAMPEONATO DE ESPAÑA DE CLUBS  DE CXM VERTICAL, FEDME 22, MAGINA SKY RACE - KILOMETRO VERTICAL",2022-04-30,Sábado,2.7,trail running,Cadete/Juvenil,4,3,Albanchez de Mágina,,Andalucía,0,1779,PROMESA,Andalucía
mychip,"2ª. PRUEBA COPA DE ESPAÑA Y CAMPEONATO DE ESPAÑA DE CLUBS  DE CXM VERTICAL, FEDME 22, MAGINA SKY RACE - KILOMETRO VERTICAL",2022-04-30,Sábado,2.7,trail running,Cadete/Juvenil,1,5,Albanchez de Mágina,,Andalucía,0,1779,JÚNIOR,Andalucía
mychip,"2ª. PRUEBA COPA DE ESPAÑA Y CAMPEONATO DE ESPAÑA DE CLUBS  DE CXM VERTICAL, FEDME 22, MAGINA SKY RACE - KILOMETRO VERTICAL",2022-04-30,Sábado,2.7,trail running,Cadete/Juvenil,2,6,Albanchez de Mágina,,Andalucía,0,1779,JUVENIL,Andalucía
mychip,"2ª. PRUEBA COPA DE ESPAÑA Y CAMPEONATO DE ESPAÑA DE CLUBS  DE CXM VERTICAL, FEDME 22, MAGINA SKY RACE - KILOMETRO VERTICAL",2022-04-30,Sábado,1.0,trail running,Cadete/Juvenil,5,5,Albanchez de Mágina,,Andalucía,0,1779,CADETE,Andalucía
mychip,"3"" prueba Marcha Nórdica, 1er trofeo Paterna, Ciutat del Foc, FEMECV 22",2022-04-30,Sábado,12.73,road running,Absoluta/General,27,44,Paterna,Huerta Norte,Valencia,0,1794,ABSOLUTA,Comunidad Valenciana
mychip,"3"" prueba Marcha Nórdica, 1er trofeo Paterna, Ciutat del Foc, FEMECV 22",2022-04-30,Sábado,8.53,road running,Cadete/Juvenil,2,2,Paterna,Huerta Norte,Valencia,0,1794,CADETE,Comunidad Valenciana
mychip,"3"" prueba Marcha Nórdica, 1er trofeo Paterna, Ciutat del Foc, FEMECV 22",2022-04-30,Sábado,4.33,road running,Infantil,4,9,Paterna,Huerta Norte,Valencia,0,1794,INFANTIL ,Comunidad Valenciana
mychip,"3"" prueba Marcha Nórdica, 1er trofeo Paterna, Ciutat del Foc, FEMECV 22",2022-04-30,Sábado,4.33,road running,Infantil,1,1,Paterna,Huerta Norte,Valencia,0,1794,Alevin,Comunidad Valenciana
mychip,"3"" prueba Marcha Nórdica, 1er trofeo Paterna, Ciutat del Foc, FEMECV 22",2022-04-30,Sábado,1.71,road running,Infantil,2,3,Paterna,Huerta Norte,Valencia,0,1794,Benjamín,Comunidad Valenciana
mychip,"3"" prueba Marcha Nórdica, 1er trofeo Paterna, Ciutat del Foc, FEMECV 22",2022-04-30,Sábado,1.71,road running,Infantil,0,0,Paterna,Huerta Norte,Valencia,0,1794,Pre-Benjamín,Comunidad Valenciana
mychip,"3"" prueba Marcha Nórdica, 1er trofeo Paterna, Ciutat del Foc, FEMECV 22",2022-04-30,Sábado,8.53,road running,Absoluta/General,25,9,Paterna,Huerta Norte,Valencia,0,1794,Promoción,Comunidad Valenciana
mychip,"Campaña solidaria Ucrania, ayúdales a seguir ayudando, FEMECV ""ONG HELP UCRANIA""",2022-04-30,Sábado,0.0,road running,Absoluta/General,0,0,Málaga,,Málaga,0,1818,Donativo voluntario,Andalucía
mychip,"Infernal trail,  Orba",2022-04-24,Domingo,37.0,trail running,Absoluta/General,8,62,Orba,La Marina Alta,Alicante,0,1657,45k,Comunidad Valenciana
mychip,"Infernal trail,  Orba",2022-04-24,Domingo,25.0,trail running,Absoluta/General,29,125,Orba,La Marina Alta,Alicante,0,1657,CTM 25k,Comunidad Valenciana
mychip,"Infernal trail,  Orba",2022-04-24,Domingo,11.97,trail running,Absoluta/General,39,90,Orba,La Marina Alta,Alicante,0,1657,15k,Comunidad Valenciana
mychip,IV MARCHA CICLODEPORTIVA LA GAMBA,2022-04-24,Domingo,132.0,Ciclismo y btt,Absoluta/General,0,0,Alicante,El Alacantí,Alicante,0,1781,MARCHA 132KM,Comunidad Valenciana
mychip,"XI Ruta dels Corrals, Xeresa",2022-04-24,Domingo,13.0,trail running,Absoluta/General,0,0,Jeresa,La Safor,Valencia,0,1815,FEDERADOS FEDME,Comunidad Valenciana
mychip,"XI Ruta dels Corrals, Xeresa",2022-04-24,Domingo,13.0,trail running,Absoluta/General,0,0,Jeresa,La Safor,Valencia,0,1815,No federados,Comunidad Valenciana
mychip,Trail Umbria la Plana 22,2022-04-23,Sábado,20.5,trail running,Absoluta/General,7,58,Enguera,La Canal de Navarrés,Valencia,0,1810,"Trail 20,5k",Comunidad Valenciana
mychip,Trail Umbria la Plana 22,2022-04-23,Sábado,10.0,trail running,Absoluta/General,14,50,Enguera,La Canal de Navarrés,Valencia,0,1810,Speed Trail 10km,Comunidad Valenciana
mychip,Trail Umbria la Plana 22,2022-04-23,Sábado,10.0,trail running,Absoluta/General,45,31,Enguera,La Canal de Navarrés,Valencia,0,1810,Marcha Senderista,Comunidad Valenciana
mychip,"1ª Prueba Copa de España Vertica, FEDME 22, II KV Caras Nortes, Guejar Sierra.",2022-04-16,Sábado,3.9,trail running,Absoluta/General,16,52,Güéjar Sierra,,Andalucía,0,1774,ABSOLUTA,Andalucía
mychip,"1ª Prueba Copa de España Vertica, FEDME 22, II KV Caras Nortes, Guejar Sierra.",2022-04-16,Sábado,3.9,trail running,Cadete/Juvenil,1,2,Güéjar Sierra,,Andalucía,0,1774,PROMESA,Andalucía
mychip,"1ª Prueba Copa de España Vertica, FEDME 22, II KV Caras Nortes, Guejar Sierra.",2022-04-16,Sábado,3.9,trail running,Cadete/Juvenil,2,5,Güéjar Sierra,,Andalucía,0,1774,JÚNIOR,Andalucía
mychip,"1ª Prueba Copa de España Vertica, FEDME 22, II KV Caras Nortes, Guejar Sierra.",2022-04-16,Sábado,3.9,trail running,Cadete/Juvenil,3,6,Güéjar Sierra,,Andalucía,0,1774,JUVENIL,Andalucía
mychip,"1ª Prueba Copa de España Vertica, FEDME 22, II KV Caras Nortes, Guejar Sierra.",2022-04-16,Sábado,2.4,trail running,Cadete/Juvenil,4,5,Güéjar Sierra,,Andalucía,0,1774,CADETE,Andalucía
mychip,"IV Arrapapedres Trail, CTM 2022",2022-04-10,Domingo,28.0,trail running,Absoluta/General,22,148,la Vall de Gallinera,La Marina Alta,Alicante,0,1656,CTM 28k,Comunidad Valenciana
mychip,"IV Arrapapedres Trail, CTM 2022",2022-04-10,Domingo,14.0,trail running,Absoluta/General,65,121,la Vall de Gallinera,La Marina Alta,Alicante,0,1656,Trail 14k,Comunidad Valenciana
mychip,"IV Arrapapedres Trail, CTM 2022",2022-04-10,Domingo,14.0,trail running,Absoluta/General,37,44,la Vall de Gallinera,La Marina Alta,Alicante,0,1656,Sender 14k,Comunidad Valenciana
mychip,Simat trail.,2022-04-10,Domingo,18.0,trail running,Absoluta/General,18,89,Simat de Valldigna,La Safor,Valencia,0,1701,Simat Trail (18km),Comunidad Valenciana
mychip,Simat trail.,2022-04-10,Domingo,14.0,trail running,Absoluta/General,40,102,Simat de Valldigna,La Safor,Valencia,0,1701,Esprint trail (14k),Comunidad Valenciana
mychip,Simat trail.,2022-04-10,Domingo,12.0,trail running,Absoluta/General,52,31,Simat de Valldigna,La Safor,Valencia,0,1701,Marcha Senderista (12km),Comunidad Valenciana
mychip,VI CARRERA NOCTURNA NIT DE LES ERMITES 2022,2022-04-09,Sábado,14.0,trail running,Absoluta/General,50,185,Ibi,La Hoya de Alcoy,Alicante,1,1776,TRAIL,Comunidad Valenciana
mychip,VI CARRERA NOCTURNA NIT DE LES ERMITES 2022,2022-04-09,Sábado,14.0,trail running,Absoluta/General,224,133,Ibi,La Hoya de Alcoy,Alicante,0,1776,SENDERISTA,Comunidad Valenciana
mychip,"Campeonato Autonómico de Escalada de dificultad, Femecv 22, Onda",2022-04-09,Sábado,0.0,Otros,Absoluta/General,0,0,Onda,Plana Baja,Castellón,0,1802,Campeonato dificultad,Comunidad Valenciana
mychip,"CAMPEONATO AUTONÓMICO DE CLUBS DE MARCHA NÓRDICA, I TROFEO MARCHA NÓRDICA LA NÚCIA. FEMECV 2022",2022-04-09,Sábado,12.6,Otros,Absoluta/General,23,49,La Nucía,La Marina Baja,Alicante,0,1806,ABSOLUTA,Comunidad Valenciana
mychip,"CAMPEONATO AUTONÓMICO DE CLUBS DE MARCHA NÓRDICA, I TROFEO MARCHA NÓRDICA LA NÚCIA. FEMECV 2022",2022-04-09,Sábado,10.0,Otros,Cadete/Juvenil,2,2,La Nucía,La Marina Baja,Alicante,0,1806,Cadete,Comunidad Valenciana
mychip,"CAMPEONATO AUTONÓMICO DE CLUBS DE MARCHA NÓRDICA, I TROFEO MARCHA NÓRDICA LA NÚCIA. FEMECV 2022",2022-04-09,Sábado,7.5,Otros,Infantil,2,5,La Nucía,La Marina Baja,Alicante,0,1806,Infantil,Comunidad Valenciana
mychip,"CAMPEONATO AUTONÓMICO DE CLUBS DE MARCHA NÓRDICA, I TROFEO MARCHA NÓRDICA LA NÚCIA. FEMECV 2022",2022-04-09,Sábado,5.0,Otros,Infantil,0,0,La Nucía,La Marina Baja,Alicante,0,1806,Alevín,Comunidad Valenciana
mychip,"CAMPEONATO AUTONÓMICO DE CLUBS DE MARCHA NÓRDICA, I TROFEO MARCHA NÓRDICA LA NÚCIA. FEMECV 2022",2022-04-09,Sábado,2.5,Otros,Infantil,1,0,La Nucía,La Marina Baja,Alicante,0,1806,Benjamín / Prebenjamín,Comunidad Valenciana
mychip,"CAMPEONATO AUTONÓMICO DE CLUBS DE MARCHA NÓRDICA, I TROFEO MARCHA NÓRDICA LA NÚCIA. FEMECV 2022",2022-04-09,Sábado,7.5,Otros,Absoluta/General,16,6,La Nucía,La Marina Baja,Alicante,0,1806,Promoción,Comunidad Valenciana
mychip,VI PERIMETRAIL RETT SERRA VERNISSA,2022-04-03,Domingo,22.0,trail running,Absoluta/General,10,107,Játiva,La Costera,Valencia,0,1714,Trail 22k,Comunidad Valenciana
mychip,VI PERIMETRAIL RETT SERRA VERNISSA,2022-04-03,Domingo,12.0,trail running,Absoluta/General,56,166,Játiva,La Costera,Valencia,0,1714,SPRINT Trail 12k,Comunidad Valenciana
mychip,VI PERIMETRAIL RETT SERRA VERNISSA,2022-04-03,Domingo,7.5,trail running,Absoluta/General,133,89,Játiva,La Costera,Valencia,0,1714,SENDERISTA,Comunidad Valenciana
mychip,VI PERIMETRAIL RETT SERRA VERNISSA,2022-04-03,Domingo,7.5,trail running,Absoluta/General,10,30,Játiva,La Costera,Valencia,0,1714,CANICROSS,Comunidad Valenciana
mychip,VI PERIMETRAIL RETT SERRA VERNISSA,2022-04-03,Domingo,0.0,trail running,Otros,0,0,Játiva,La Costera,Valencia,0,1714,Dorsal 0,Comunidad Valenciana
mychip,"V Gran fons Penyes Albes, Montitxelvo 2022",2022-04-03,Domingo,17.0,trail running,Absoluta/General,46,165,Montichelvo,La Vall d'Albaida,Valencia,0,1770,Trail 17k,Comunidad Valenciana
mychip,"V Gran fons Penyes Albes, Montitxelvo 2022",2022-04-03,Domingo,10.0,trail running,Absoluta/General,0,0,Montichelvo,La Vall d'Albaida,Valencia,0,1770,Sender,Comunidad Valenciana
mychip,"2a Prova LIE FEMECV 22, Lliga infantil Escalada, Tavernes de la Valldigna",2022-04-03,Domingo,0.0,Otros,Infantil,0,0,Tabernes de Valldigna,La Safor,Valencia,0,1801,Promoció SUB-9 (6 a 8 anys),Comunidad Valenciana
mychip,"2a Prova LIE FEMECV 22, Lliga infantil Escalada, Tavernes de la Valldigna",2022-04-03,Domingo,0.0,Otros,Cadete/Juvenil,0,0,Tabernes de Valldigna,La Safor,Valencia,0,1801,Promoció SUB-16 (9 a 11 anys),Comunidad Valenciana
mychip,"10k solidaria La Salle, 2022",2022-04-02,Sábado,10.0,road running,Absoluta/General,57,157,Alcoy,La Hoya de Alcoy,Alicante,2,1785,10k,Comunidad Valenciana
mychip,"10k solidaria La Salle, 2022",2022-04-02,Sábado,6.0,road running,Absoluta/General,89,21,Alcoy,La Hoya de Alcoy,Alicante,1,1785,Marcha Senderista,Comunidad Valenciana
mychip,"10k solidaria La Salle, 2022",2022-04-02,Sábado,0.0,road running,Infantil,0,0,Alcoy,La Hoya de Alcoy,Alicante,0,1785,Menores 0 a 13años,Comunidad Valenciana
mychip,"10k solidaria La Salle, 2022",2022-04-02,Sábado,0.0,road running,Absoluta/General,0,0,Alcoy,La Hoya de Alcoy,Alicante,0,1785,Solo Zumba,Comunidad Valenciana
mychip,"10k solidaria La Salle, 2022",2022-04-02,Sábado,0.0,road running,Otros,0,0,Alcoy,La Hoya de Alcoy,Alicante,0,1785,Dorsal 0 (aportación 5€ solidarios),Comunidad Valenciana
mychip,"Campionat Escalada en Bloc, FEMECV 2022, Tavernes de la Valldigna.",2022-04-02,Sábado,0.0,Otros,Absoluta/General,0,0,Tabernes de Valldigna,La Safor,Valencia,0,1787,Campionat Escalada,Comunidad Valenciana
mychip,Trail Onil 2022,2022-03-27,Domingo,40.0,trail running,Absoluta/General,6,54,Onil,La Hoya de Alcoy,Alicante,0,1704,"40k, Trail Onil",Comunidad Valenciana
mychip,Trail Onil 2022,2022-03-27,Domingo,25.0,trail running,Absoluta/General,25,146,Onil,La Hoya de Alcoy,Alicante,0,1704,25k Trail Onil,Comunidad Valenciana
mychip,Trail Onil 2022,2022-03-27,Domingo,14.0,trail running,Absoluta/General,61,159,Onil,La Hoya de Alcoy,Alicante,0,1704,"14k, Trail Onil",Comunidad Valenciana
mychip,Trail Onil 2022,2022-03-27,Domingo,14.0,trail running,Absoluta/General,81,60,Onil,La Hoya de Alcoy,Alicante,0,1704,"14k, sender",Comunidad Valenciana
mychip,"XXI DÍA DEL SENDERISTA DE LA COMUNIDAD VALENCIANA, VILLENA, FEMECV 2022",2022-03-27,Domingo,10.0,trail running,Absoluta/General,0,0,Villena,El Alto Vinalopó,Alicante,0,1786,Dia del senderista,Comunidad Valenciana
mychip,"XXI DÍA DEL SENDERISTA DE LA COMUNIDAD VALENCIANA, VILLENA, FEMECV 2022",2022-03-27,Domingo,10.0,trail running,Infantil,0,0,Villena,El Alto Vinalopó,Alicante,0,1786,Menor 0 a 17 años,Comunidad Valenciana
mychip,"SKIMO, Campeonato de España Relevos y Equipos Candanchú, FEDME 2022",2022-03-26,Sábado,4.5,Otros,Equipos,0,0,Aísa,,Huesca,0,1708,Campeonato Relevos,Aragón
mychip,"SKIMO, Campeonato de España Relevos y Equipos Candanchú, FEDME 2022",2022-03-26,Sábado,6.0,Otros,Equipos,0,0,Aísa,,Huesca,0,1708,Campeonato Equipos,Aragón
mychip,"CAMPEONATO AUTONÓMICO INDIVIDUAL DE MARCHA NÓRDICA, MONTE ORGEGIA, ALACANT. FEMECV 22",2022-03-20,Domingo,12.76,road running,Absoluta/General,24,58,Alicante,El Alacantí,Alicante,0,1793,ABSOLUTA,Comunidad Valenciana
mychip,"CAMPEONATO AUTONÓMICO INDIVIDUAL DE MARCHA NÓRDICA, MONTE ORGEGIA, ALACANT. FEMECV 22",2022-03-20,Domingo,9.576,road running,Cadete/Juvenil,3,3,Alicante,El Alacantí,Alicante,0,1793,CADETE,Comunidad Valenciana
mychip,"CAMPEONATO AUTONÓMICO INDIVIDUAL DE MARCHA NÓRDICA, MONTE ORGEGIA, ALACANT. FEMECV 22",2022-03-20,Domingo,6.38,road running,Infantil,3,5,Alicante,El Alacantí,Alicante,0,1793,INFANTIL ,Comunidad Valenciana
mychip,"CAMPEONATO AUTONÓMICO INDIVIDUAL DE MARCHA NÓRDICA, MONTE ORGEGIA, ALACANT. FEMECV 22",2022-03-20,Domingo,3.19,road running,Infantil,0,1,Alicante,El Alacantí,Alicante,0,1793,Alevin,Comunidad Valenciana
mychip,"CAMPEONATO AUTONÓMICO INDIVIDUAL DE MARCHA NÓRDICA, MONTE ORGEGIA, ALACANT. FEMECV 22",2022-03-20,Domingo,1.34,road running,Infantil,2,2,Alicante,El Alacantí,Alicante,0,1793,Benjamín,Comunidad Valenciana
mychip,"CAMPEONATO AUTONÓMICO INDIVIDUAL DE MARCHA NÓRDICA, MONTE ORGEGIA, ALACANT. FEMECV 22",2022-03-20,Domingo,1.34,road running,Infantil,0,0,Alicante,El Alacantí,Alicante,0,1793,Pre-Benjamín,Comunidad Valenciana
mychip,"CAMPEONATO AUTONÓMICO INDIVIDUAL DE MARCHA NÓRDICA, MONTE ORGEGIA, ALACANT. FEMECV 22",2022-03-20,Domingo,6.38,road running,Absoluta/General,11,5,Alicante,El Alacantí,Alicante,0,1793,Promoción,Comunidad Valenciana
mychip,"CAMPEONATO DE ESPAÑA INDIVIDUAL Y POR SELECCIONES AUTONÓMICAS DE ULTRA, FEDME 22, ULTRA SIERRA DE CAZORLA - QUESADA",2022-03-19,Sábado,72.0,trail running,Absoluta/General,64,149,Quesada,,Andalucía,0,1713,Ultra Individual,Andalucía
mychip,"CAMPEONATO DE ESPAÑA INDIVIDUAL Y POR SELECCIONES AUTONÓMICAS DE ULTRA, FEDME 22, ULTRA SIERRA DE CAZORLA - QUESADA",2022-03-19,Sábado,72.0,trail running,Absoluta/General,0,4,Quesada,,Andalucía,1,1713,"Relevos, grupo",Andalucía
mychip,IV Cursa de la Dona D'Ontinyent,2022-03-13,Domingo,5.5,road running,Absoluta/General,1083,3,Onteniente,La Vall d'Albaida,Valencia,1,1732,5k,Comunidad Valenciana
mychip,"1a Prova LIE FEMECV, Lliga infantil Escalada, Almoradí",2022-03-13,Domingo,0.0,Otros,Infantil,0,0,Almoradí,,Alicante,0,1796,Promoció SUB-9 (6 a 8 anys),Comunidad Valenciana
mychip,"1a Prova LIE FEMECV, Lliga infantil Escalada, Almoradí",2022-03-13,Domingo,0.0,Otros,Cadete/Juvenil,0,0,Almoradí,,Alicante,0,1796,Promoció SUB-16 (9 a 11 anys),Comunidad Valenciana
mychip,"Perimetral a Benissa, 2022",2022-03-12,Sábado,75.0,trail running,Absoluta/General,11,121,Benisa,La Marina Alta,Alicante,0,1655,73k,Comunidad Valenciana
mychip,"Perimetral a Benissa, 2022",2022-03-12,Sábado,42.0,trail running,Absoluta/General,35,267,Benisa,La Marina Alta,Alicante,0,1655,42k,Comunidad Valenciana
mychip,"Perimetral a Benissa, 2022",2022-03-12,Sábado,23.0,trail running,Absoluta/General,70,253,Benisa,La Marina Alta,Alicante,0,1655,CTM 2022,Comunidad Valenciana
mychip,"CAMPEONATO DE ESPAÑA DE KILÓMETRO VERTICAL Y POR SELECCIONES AUTONÓMICAS, VIII KILÓMETRO VERTICAL DE LA HURDES, FEDME 22",2022-03-12,Sábado,3.5,trail running,Absoluta/General,71,115,Ladrillar,,Cáceres,0,1754,ABSOLUTA,Extremadura
mychip,"CAMPEONATO DE ESPAÑA DE KILÓMETRO VERTICAL Y POR SELECCIONES AUTONÓMICAS, VIII KILÓMETRO VERTICAL DE LA HURDES, FEDME 22",2022-03-12,Sábado,3.5,trail running,Cadete/Juvenil,12,17,Ladrillar,,Cáceres,0,1754,PROMESA,Extremadura
mychip,"CAMPEONATO DE ESPAÑA DE KILÓMETRO VERTICAL Y POR SELECCIONES AUTONÓMICAS, VIII KILÓMETRO VERTICAL DE LA HURDES, FEDME 22",2022-03-12,Sábado,3.5,trail running,Cadete/Juvenil,9,33,Ladrillar,,Cáceres,0,1754,JÚNIOR,Extremadura
mychip,"CAMPEONATO DE ESPAÑA DE KILÓMETRO VERTICAL Y POR SELECCIONES AUTONÓMICAS, VIII KILÓMETRO VERTICAL DE LA HURDES, FEDME 22",2022-03-12,Sábado,3.5,trail running,Cadete/Juvenil,17,24,Ladrillar,,Cáceres,0,1754,JUVENIL,Extremadura
mychip,"CAMPEONATO DE ESPAÑA DE KILÓMETRO VERTICAL Y POR SELECCIONES AUTONÓMICAS, VIII KILÓMETRO VERTICAL DE LA HURDES, FEDME 22",2022-03-12,Sábado,1.5,trail running,Infantil,3,13,Ladrillar,,Cáceres,0,1754,Medio K. Vertical (infantil y cadetes),Extremadura
mychip,"CAMPEONATO DE ESPAÑA DE KILÓMETRO VERTICAL Y POR SELECCIONES AUTONÓMICAS, VIII KILÓMETRO VERTICAL DE LA HURDES, FEDME 22",2022-03-12,Sábado,3.5,trail running,Absoluta/General,4,25,Ladrillar,,Cáceres,0,1754,Open,Extremadura
mychip,"3 Prova Copa Escalada en Bloc, FEMECV 2021, Almoradí.",2022-03-12,Sábado,0.0,Otros,Absoluta/General,0,0,Almoradí,,Alicante,0,1769,Copa Escalada,Comunidad Valenciana
mychip,"Camí dels Bandolers, Senija",2022-03-06,Domingo,21.0,trail running,Absoluta/General,20,62,Senija,La Marina Alta,Alicante,0,1654,Camí Bandolers 21k. CTM,Comunidad Valenciana
mychip,"Camí dels Bandolers, Senija",2022-03-06,Domingo,13.0,trail running,Absoluta/General,16,50,Senija,La Marina Alta,Alicante,0,1654,Trail Popular,Comunidad Valenciana
mychip,"Camí dels Bandolers, Senija",2022-03-06,Domingo,13.0,trail running,Absoluta/General,5,22,Senija,La Marina Alta,Alicante,0,1654,Sender 13k,Comunidad Valenciana
mychip,"7e Trail per muntanya i marxa senderista “L’aventaor de Genovés, 2022",2022-03-06,Domingo,16.0,trail running,Absoluta/General,0,0,Liria,El Campo de Turia,Valencia,0,1703,Sprint Trail16K,Comunidad Valenciana
mychip,"7e Trail per muntanya i marxa senderista “L’aventaor de Genovés, 2022",2022-03-06,Domingo,12.0,trail running,Absoluta/General,0,0,Liria,El Campo de Turia,Valencia,0,1703,Sender,Comunidad Valenciana
mychip,"I PRUEBA COPA DE ESPAÑA DE CXM LÍNEA, GRAN PREMIO CABLEWORLD ""CATÍ - RABOSA"", FEDME 22",2022-03-06,Domingo,33.0,trail running,Absoluta/General,17,119,Petrer,El Vinalopó Medio,Alicante,0,1742,ABSOLUTA,Comunidad Valenciana
mychip,"I PRUEBA COPA DE ESPAÑA DE CXM LÍNEA, GRAN PREMIO CABLEWORLD ""CATÍ - RABOSA"", FEDME 22",2022-03-06,Domingo,25.0,trail running,Cadete/Juvenil,4,13,Petrer,El Vinalopó Medio,Alicante,0,1742,PROMESA,Comunidad Valenciana
mychip,"I PRUEBA COPA DE ESPAÑA DE CXM LÍNEA, GRAN PREMIO CABLEWORLD ""CATÍ - RABOSA"", FEDME 22",2022-03-06,Domingo,16.5,trail running,Cadete/Juvenil,3,10,Petrer,El Vinalopó Medio,Alicante,0,1742,JÚNIOR,Comunidad Valenciana
mychip,"I PRUEBA COPA DE ESPAÑA DE CXM LÍNEA, GRAN PREMIO CABLEWORLD ""CATÍ - RABOSA"", FEDME 22",2022-03-06,Domingo,14.0,trail running,Cadete/Juvenil,6,12,Petrer,El Vinalopó Medio,Alicante,0,1742,JUVENIL,Comunidad Valenciana
mychip,"I PRUEBA COPA DE ESPAÑA DE CXM LÍNEA, GRAN PREMIO CABLEWORLD ""CATÍ - RABOSA"", FEDME 22",2022-03-06,Domingo,8.5,trail running,Cadete/Juvenil,4,3,Petrer,El Vinalopó Medio,Alicante,0,1742,CADETE,Comunidad Valenciana
mychip,"I PRUEBA COPA DE ESPAÑA DE CXM LÍNEA, GRAN PREMIO CABLEWORLD ""CATÍ - RABOSA"", FEDME 22",2022-03-06,Domingo,16.5,trail running,Absoluta/General,3,30,Petrer,El Vinalopó Medio,Alicante,0,1742,iNCLUSIVA,Comunidad Valenciana
mychip,"I PRUEBA COPA DE ESPAÑA DE CXM LÍNEA, GRAN PREMIO CABLEWORLD ""CATÍ - RABOSA"", FEDME 22",2022-03-06,Domingo,33.0,trail running,Absoluta/General,2,18,Petrer,El Vinalopó Medio,Alicante,0,1742,33K OPEN,Comunidad Valenciana
mychip,"I PRUEBA COPA DE ESPAÑA DE CXM LÍNEA, GRAN PREMIO CABLEWORLD ""CATÍ - RABOSA"", FEDME 22",2022-03-06,Domingo,25.0,trail running,Absoluta/General,6,43,Petrer,El Vinalopó Medio,Alicante,0,1742,25K OPEN,Comunidad Valenciana
mychip,"I PRUEBA COPA DE ESPAÑA DE CXM LÍNEA, GRAN PREMIO CABLEWORLD ""CATÍ - RABOSA"", FEDME 22",2022-03-06,Domingo,16.5,trail running,Absoluta/General,21,79,Petrer,El Vinalopó Medio,Alicante,0,1742,16K OPEN,Comunidad Valenciana
mychip,"5k Popular, Falla Ja estem tots, I Circuit carreres populars Ciutat de la Vall D'Uixo 2022",2022-03-06,Domingo,5.0,road running,Absoluta/General,63,101,Vall de Uxó,Plana Baja,Castellón,0,1763,5k,Comunidad Valenciana
mychip,5k Massanassa per la igualtat 2022,2022-03-05,Sábado,5.0,road running,Absoluta/General,73,94,Masanasa,Huerta Sur,Valencia,0,1784,5k Corriendo,Comunidad Valenciana
mychip,5k Massanassa per la igualtat 2022,2022-03-05,Sábado,2.5,road running,Absoluta/General,0,0,Masanasa,Huerta Sur,Valencia,0,1784,"2,5k, Caminata",Comunidad Valenciana
mychip,"Confrides Trail Aitana, CTA",2022-02-27,Domingo,19.0,trail running,Absoluta/General,63,194,Confrides,La Marina Baja,Alicante,2,1683,"19k, CTA",Comunidad Valenciana
mychip,"Confrides Trail Aitana, CTA",2022-02-27,Domingo,19.0,trail running,Absoluta/General,21,28,Confrides,La Marina Baja,Alicante,3,1683,Sender 19k,Comunidad Valenciana
mychip,3er Avenc trail Quatretonda,2022-02-27,Domingo,42.0,trail running,Absoluta/General,7,67,Cuatretonda,La Vall d'Albaida,Valencia,0,1691,Marató del Avenc,Comunidad Valenciana
mychip,3er Avenc trail Quatretonda,2022-02-27,Domingo,25.0,trail running,Absoluta/General,24,81,Cuatretonda,La Vall d'Albaida,Valencia,0,1691,Avenc trail,Comunidad Valenciana
mychip,3er Avenc trail Quatretonda,2022-02-27,Domingo,14.0,trail running,Absoluta/General,70,127,Cuatretonda,La Vall d'Albaida,Valencia,0,1691,Esprint Trail,Comunidad Valenciana
mychip,3er Avenc trail Quatretonda,2022-02-27,Domingo,14.0,trail running,Absoluta/General,5,6,Cuatretonda,La Vall d'Albaida,Valencia,0,1691,Trencabarreres,Comunidad Valenciana
mychip,3er Avenc trail Quatretonda,2022-02-27,Domingo,14.0,trail running,Absoluta/General,65,53,Cuatretonda,La Vall d'Albaida,Valencia,0,1691,Senderista,Comunidad Valenciana
mychip,3er Avenc trail Quatretonda,2022-02-27,Domingo,1.5,trail running,Infantil,2,3,Cuatretonda,La Vall d'Albaida,Valencia,0,1691,Curses infantils,Comunidad Valenciana
mychip,"Trail les Creus 2022, Tavernes de la Valldigna",2022-02-27,Domingo,22.21,trail running,Absoluta/General,24,210,Tabernes de Valldigna,La Safor,Valencia,0,1692,Trail,Comunidad Valenciana
mychip,"Trail les Creus 2022, Tavernes de la Valldigna",2022-02-27,Domingo,11.71,trail running,Absoluta/General,42,118,Tabernes de Valldigna,La Safor,Valencia,0,1692,Sprint trail,Comunidad Valenciana
mychip,"Trail les Creus 2022, Tavernes de la Valldigna",2022-02-27,Domingo,10.0,trail running,Absoluta/General,77,57,Tabernes de Valldigna,La Safor,Valencia,0,1692,Marxa de regularitat,Comunidad Valenciana
mychip,"VI Espadan Trails Events, 2022",2022-02-26,Sábado,42.5,trail running,Absoluta/General,9,117,Vall de Uxó,Plana Baja,Castellón,0,1608,MET 42k,Comunidad Valenciana
mychip,"VI Espadan Trails Events, 2022",2022-02-26,Sábado,17.0,trail running,Absoluta/General,28,142,Vall de Uxó,Plana Baja,Castellón,0,1608,C17ES,Comunidad Valenciana
mychip,"GDP XII, Gegant de Pedra 2022, Circuit Tral Marina",2022-02-20,Domingo,20.69,trail running,Absoluta/General,28,130,Ondara,La Marina Alta,Alicante,0,1649,CTM 21k,Comunidad Valenciana
mychip,"GDP XII, Gegant de Pedra 2022, Circuit Tral Marina",2022-02-20,Domingo,14.0,trail running,Absoluta/General,51,100,Ondara,La Marina Alta,Alicante,0,1649,Trail 14k,Comunidad Valenciana
mychip,"GDP XII, Gegant de Pedra 2022, Circuit Tral Marina",2022-02-20,Domingo,14.0,trail running,Absoluta/General,74,74,Ondara,La Marina Alta,Alicante,0,1649,Caminar,Comunidad Valenciana
mychip,"IVprueba de liga de Carreras por Montaña, FEMECV 22, Trail de Vallada.",2022-02-20,Domingo,22.2,trail running,Absoluta/General,46,162,Vallada,La Costera,Valencia,0,1739,ABSOLUTA,Comunidad Valenciana
mychip,"IVprueba de liga de Carreras por Montaña, FEMECV 22, Trail de Vallada.",2022-02-20,Domingo,9.9,trail running,Cadete/Juvenil,3,4,Vallada,La Costera,Valencia,0,1739,CADETE,Comunidad Valenciana
mychip,"IVprueba de liga de Carreras por Montaña, FEMECV 22, Trail de Vallada.",2022-02-20,Domingo,9.9,trail running,Cadete/Juvenil,0,6,Vallada,La Costera,Valencia,0,1739,JUVENIL,Comunidad Valenciana
mychip,"IVprueba de liga de Carreras por Montaña, FEMECV 22, Trail de Vallada.",2022-02-20,Domingo,9.9,trail running,Cadete/Juvenil,0,4,Vallada,La Costera,Valencia,0,1739,JÚNIOR,Comunidad Valenciana
mychip,"IVprueba de liga de Carreras por Montaña, FEMECV 22, Trail de Vallada.",2022-02-20,Domingo,9.9,trail running,Absoluta/General,11,47,Vallada,La Costera,Valencia,0,1739,OPEN,Comunidad Valenciana
mychip,"IVprueba de liga de Carreras por Montaña, FEMECV 22, Trail de Vallada.",2022-02-20,Domingo,11.0,trail running,Absoluta/General,4,11,Vallada,La Costera,Valencia,0,1739,CXM INCLUSIVO,Comunidad Valenciana
mychip,"III PRUEBA COPA DE ESPAÑA DE SNOWRUNNING, DESAFÍO URBIÓN, FEDME 22",2022-02-19,Sábado,10.5,trail running,Absoluta/General,15,53,Vinuesa,,Soria,0,1712,Absoluta,Castilla y León
mychip,"III PRUEBA COPA DE ESPAÑA DE SNOWRUNNING, DESAFÍO URBIÓN, FEDME 22",2022-02-19,Sábado,10.5,trail running,Cadete/Juvenil,0,3,Vinuesa,,Soria,0,1712,JÚNIOR,Castilla y León
mychip,"III PRUEBA COPA DE ESPAÑA DE SNOWRUNNING, DESAFÍO URBIÓN, FEDME 22",2022-02-19,Sábado,10.5,trail running,Cadete/Juvenil,0,0,Vinuesa,,Soria,0,1712,Juvenil,Castilla y León
mychip,"III PRUEBA COPA DE ESPAÑA DE SNOWRUNNING, DESAFÍO URBIÓN, FEDME 22",2022-02-19,Sábado,10.5,trail running,Absoluta/General,1,29,Vinuesa,,Soria,0,1712,OPEN,Castilla y León
mychip,Mitja Marató Muntanya Ocaive,2022-02-13,Domingo,20.2,trail running,Absoluta/General,26,140,Pedreguer,La Marina Alta,Alicante,0,1648,CTM 21k,Comunidad Valenciana
mychip,Mitja Marató Muntanya Ocaive,2022-02-13,Domingo,10.69,trail running,Absoluta/General,47,85,Pedreguer,La Marina Alta,Alicante,0,1648,Speed trail 10k,Comunidad Valenciana
mychip,Mitja Marató Muntanya Ocaive,2022-02-13,Domingo,9.0,trail running,Absoluta/General,56,33,Pedreguer,La Marina Alta,Alicante,0,1648,Sender 9k,Comunidad Valenciana
mychip,"V Trail, SprinTrail i Marxa senderista “XIO LLUTXENT”",2022-02-13,Domingo,19.5,trail running,Absoluta/General,27,116,Luchente,La Vall d'Albaida,Valencia,0,1724,"Trail 20k, ",Comunidad Valenciana
mychip,"V Trail, SprinTrail i Marxa senderista “XIO LLUTXENT”",2022-02-13,Domingo,13.0,trail running,Absoluta/General,47,136,Luchente,La Vall d'Albaida,Valencia,0,1724,Sprint Trail 13k,Comunidad Valenciana
mychip,"V Trail, SprinTrail i Marxa senderista “XIO LLUTXENT”",2022-02-13,Domingo,13.0,trail running,Absoluta/General,116,99,Luchente,La Vall d'Albaida,Valencia,0,1724,Sender 13k,Comunidad Valenciana
mychip,XI Almenara Xtrem,2022-02-13,Domingo,17.0,trail running,Absoluta/General,67,260,Almenara,Plana Baja,Castellón,0,1750,17K,Comunidad Valenciana
mychip,XI Almenara Xtrem,2022-02-13,Domingo,8.0,trail running,Absoluta/General,79,78,Almenara,Plana Baja,Castellón,0,1750,8k,Comunidad Valenciana
mychip,"III Prova Campionat de Lliga de la Comunitat Valenciana, FEMECV 2022, CXM Ciutat de La Vall D'Uixó",2022-02-13,Domingo,10.0,trail running,Cadete/Juvenil,3,5,Vall de Uxó,Plana Baja,Castellón,0,1756,CADETE,Comunidad Valenciana
mychip,"III Prova Campionat de Lliga de la Comunitat Valenciana, FEMECV 2022, CXM Ciutat de La Vall D'Uixó",2022-02-13,Domingo,10.0,trail running,Cadete/Juvenil,2,5,Vall de Uxó,Plana Baja,Castellón,0,1756,JUVENIL,Comunidad Valenciana
mychip,"III Prova Campionat de Lliga de la Comunitat Valenciana, FEMECV 2022, CXM Ciutat de La Vall D'Uixó",2022-02-13,Domingo,10.0,trail running,Cadete/Juvenil,1,5,Vall de Uxó,Plana Baja,Castellón,0,1756,JÚNIOR,Comunidad Valenciana
mychip,"III Prova Campionat de Lliga de la Comunitat Valenciana, FEMECV 2022, CXM Ciutat de La Vall D'Uixó",2022-02-13,Domingo,22.0,trail running,Absoluta/General,34,103,Vall de Uxó,Plana Baja,Castellón,0,1756,ABSOLUTA,Comunidad Valenciana
mychip,"Copa de España SNOWRUNNING, Alto Campoo, FEDME 2022",2022-02-12,Sábado,10.5,trail running,Absoluta/General,27,82,Hermandad de Campoo de Suso,,Cantabria,0,1711,Absoluta,Cantabria
mychip,"Copa de España SNOWRUNNING, Alto Campoo, FEDME 2022",2022-02-12,Sábado,7.1,trail running,Cadete/Juvenil,0,1,Hermandad de Campoo de Suso,,Cantabria,0,1711,JÚNIOR,Cantabria
mychip,"Copa de España SNOWRUNNING, Alto Campoo, FEDME 2022",2022-02-12,Sábado,7.1,trail running,Cadete/Juvenil,0,1,Hermandad de Campoo de Suso,,Cantabria,0,1711,Juvenil,Cantabria
mychip,"Copa de España SNOWRUNNING, Alto Campoo, FEDME 2022",2022-02-12,Sábado,10.5,trail running,Absoluta/General,4,22,Hermandad de Campoo de Suso,,Cantabria,0,1711,OPEN,Cantabria
mychip,"2 Prova Copa Escalada en Bloc, FEMECV 2021, Callosa de Segura.",2022-02-12,Sábado,0.0,Otros,Absoluta/General,0,0,Callosa de Segura,,Alicante,0,1758,Copa Escalada,Comunidad Valenciana
mychip,"VIRTUAL, CARRERA POPULAR SOLIDARIA MANOS UNIDAS ALZIRA 2022",2022-02-12,Sábado,6.0,road running,Absoluta/General,0,0,Alcira,La Ribera Alta,Valencia,0,1760,6km,Comunidad Valenciana
mychip,"VIRTUAL, CARRERA POPULAR SOLIDARIA MANOS UNIDAS ALZIRA 2022",2022-02-12,Sábado,2.0,road running,Absoluta/General,0,0,Alcira,La Ribera Alta,Valencia,0,1760,2km,Comunidad Valenciana
mychip,Granadella Trail Costa Blanca 2022,2022-02-06,Domingo,21.0,trail running,Absoluta/General,43,248,Jávea,La Marina Alta,Alicante,0,1720,"Trail 21,5k, ",Comunidad Valenciana
mychip,Granadella Trail Costa Blanca 2022,2022-02-06,Domingo,14.0,trail running,Absoluta/General,84,129,Jávea,La Marina Alta,Alicante,0,1720,Sprint Trail 14k ,Comunidad Valenciana
mychip,Categorías menores. Granadella Trail Costa Blanca 2022,2022-02-05,Sábado,0.05,trail running,Absoluta/General,8,7,Jávea,La Marina Alta,Alicante,0,1721,BARRUFET,Comunidad Valenciana
mychip,Categorías menores. Granadella Trail Costa Blanca 2022,2022-02-05,Sábado,0.15,trail running,Infantil,8,14,Jávea,La Marina Alta,Alicante,0,1721,PRE-BENJAMÍ,Comunidad Valenciana
mychip,Categorías menores. Granadella Trail Costa Blanca 2022,2022-02-05,Sábado,0.4,trail running,Infantil,10,11,Jávea,La Marina Alta,Alicante,0,1721,BENJAMÍ,Comunidad Valenciana
mychip,Categorías menores. Granadella Trail Costa Blanca 2022,2022-02-05,Sábado,0.9,trail running,Infantil,6,16,Jávea,La Marina Alta,Alicante,0,1721,ALEVÍN,Comunidad Valenciana
mychip,Categorías menores. Granadella Trail Costa Blanca 2022,2022-02-05,Sábado,1.25,trail running,Infantil,9,5,Jávea,La Marina Alta,Alicante,0,1721,Infantil,Comunidad Valenciana
mychip,Categorías menores. Granadella Trail Costa Blanca 2022,2022-02-05,Sábado,2.5,trail running,Cadete/Juvenil,4,0,Jávea,La Marina Alta,Alicante,0,1721,CADETE,Comunidad Valenciana
mychip,"Castell d'Aixa 2022, CTM",2022-01-30,Domingo,24.0,trail running,Absoluta/General,19,90,Llíber,La Marina Alta,Alicante,0,1647,CTM 24k,Comunidad Valenciana
mychip,"Castell d'Aixa 2022, CTM",2022-01-30,Domingo,14.0,trail running,Absoluta/General,65,83,Llíber,La Marina Alta,Alicante,0,1647,SPRINT TRAIL & SENDER,Comunidad Valenciana
mychip,"II prueba de liga de Carreras por Montaña, FEMECV 22, Peña Rubia, Villena",2022-01-30,Domingo,19.2,trail running,Absoluta/General,42,217,Villena,El Alto Vinalopó,Alicante,0,1745,ABSOLUTA,Comunidad Valenciana
mychip,"II prueba de liga de Carreras por Montaña, FEMECV 22, Peña Rubia, Villena",2022-01-30,Domingo,8.7,trail running,Cadete/Juvenil,0,5,Villena,El Alto Vinalopó,Alicante,0,1745,JÚNIOR,Comunidad Valenciana
mychip,"II prueba de liga de Carreras por Montaña, FEMECV 22, Peña Rubia, Villena",2022-01-30,Domingo,8.7,trail running,Cadete/Juvenil,2,8,Villena,El Alto Vinalopó,Alicante,0,1745,JUVENIL,Comunidad Valenciana
mychip,"II prueba de liga de Carreras por Montaña, FEMECV 22, Peña Rubia, Villena",2022-01-30,Domingo,8.7,trail running,Cadete/Juvenil,4,7,Villena,El Alto Vinalopó,Alicante,0,1745,CADETE,Comunidad Valenciana
mychip,7a. Volta Muntanya de Llaurí,2022-01-29,Sábado,18.0,trail running,Absoluta/General,13,116,Llaurí,La Ribera Baja,Valencia,0,1725,Tra.lla,Comunidad Valenciana
mychip,7a. Volta Muntanya de Llaurí,2022-01-29,Sábado,12.0,trail running,Absoluta/General,33,122,Llaurí,La Ribera Baja,Valencia,0,1725,Sprint Trail 12k & Sender,Comunidad Valenciana
mychip,"1 Prova Copa Escalada en Bloc, FEMECV 2021, Vinarós.",2022-01-29,Sábado,0.0,Otros,Absoluta/General,0,0,Vinaroz,Bajo Maestrazgo,Castellón,0,1751,Copa Escalada,Comunidad Valenciana
mychip,"1ª. Prueba Copa Marcha Nórdica, Alcoi, FEMECV 2022",2022-01-29,Sábado,11.24,road running,Absoluta/General,27,64,Alcoy,La Hoya de Alcoy,Alicante,0,1771,ABSOLUTA,Comunidad Valenciana
mychip,"1ª. Prueba Copa Marcha Nórdica, Alcoi, FEMECV 2022",2022-01-29,Sábado,8.88,road running,Cadete/Juvenil,2,3,Alcoy,La Hoya de Alcoy,Alicante,0,1771,CADETE,Comunidad Valenciana
mychip,"1ª. Prueba Copa Marcha Nórdica, Alcoi, FEMECV 2022",2022-01-29,Sábado,6.52,road running,Infantil,4,7,Alcoy,La Hoya de Alcoy,Alicante,0,1771,INFANTIL ,Comunidad Valenciana
mychip,"1ª. Prueba Copa Marcha Nórdica, Alcoi, FEMECV 2022",2022-01-29,Sábado,4.16,road running,Infantil,0,1,Alcoy,La Hoya de Alcoy,Alicante,0,1771,Alevin,Comunidad Valenciana
mychip,"1ª. Prueba Copa Marcha Nórdica, Alcoi, FEMECV 2022",2022-01-29,Sábado,1.8,road running,Infantil,0,1,Alcoy,La Hoya de Alcoy,Alicante,0,1771,Benjamín,Comunidad Valenciana
mychip,"1ª. Prueba Copa Marcha Nórdica, Alcoi, FEMECV 2022",2022-01-29,Sábado,1.8,road running,Infantil,0,0,Alcoy,La Hoya de Alcoy,Alicante,0,1771,Pre-Benjamín,Comunidad Valenciana
mychip,"1ª. Prueba Copa Marcha Nórdica, Alcoi, FEMECV 2022",2022-01-29,Sábado,6.52,road running,Absoluta/General,23,9,Alcoy,La Hoya de Alcoy,Alicante,0,1771,Promocional,Comunidad Valenciana
mychip,"MARXA / SPRINT TRAIL / TRAIL / MARATÓ SERRALADES DE BARXETA - MABU, 2022",2022-01-23,Domingo,42.0,trail running,Absoluta/General,7,137,Barcheta,La Costera,Valencia,0,1675,MABU,Comunidad Valenciana
mychip,"MARXA / SPRINT TRAIL / TRAIL / MARATÓ SERRALADES DE BARXETA - MABU, 2022",2022-01-23,Domingo,20.5,trail running,Absoluta/General,63,284,Barcheta,La Costera,Valencia,0,1675,"TRAIL, 21k",Comunidad Valenciana
mychip,"MARXA / SPRINT TRAIL / TRAIL / MARATÓ SERRALADES DE BARXETA - MABU, 2022",2022-01-23,Domingo,12.5,trail running,Absoluta/General,123,259,Barcheta,La Costera,Valencia,0,1675,Sprint trail 12.5k,Comunidad Valenciana
mychip,"MARXA / SPRINT TRAIL / TRAIL / MARATÓ SERRALADES DE BARXETA - MABU, 2022",2022-01-23,Domingo,12.5,trail running,Absoluta/General,142,129,Barcheta,La Costera,Valencia,0,1675,Sender,Comunidad Valenciana
mychip,"SKIMO, Copa de España Sprint e Individual en Panticosa, FEDME 2022",2022-01-22,Sábado,4.5,Otros,Absoluta/General,0,0,Panticosa,,Huesca,0,1706,Individual,Aragón
mychip,"SKIMO, Copa de España Sprint e Individual en Panticosa, FEDME 2022",2022-01-22,Sábado,4.5,Otros,Absoluta/General,0,0,Panticosa,,Huesca,0,1706,Sprint,Aragón
mychip,"I PRUEBA COPA DE ESPAÑA DE SNOWRUNNING LEITARIEGOS, FEDME 22, COPA DE CASTILLA Y LEÓN DE SNOWRUNNING.",2022-01-22,Sábado,9.4,trail running,Absoluta/General,14,56,Villablino,,León,0,1710,Absoluta,Castilla y León
mychip,"I PRUEBA COPA DE ESPAÑA DE SNOWRUNNING LEITARIEGOS, FEDME 22, COPA DE CASTILLA Y LEÓN DE SNOWRUNNING.",2022-01-22,Sábado,9.4,trail running,Cadete/Juvenil,0,3,Villablino,,León,0,1710,JÚNIOR,Castilla y León
mychip,"I PRUEBA COPA DE ESPAÑA DE SNOWRUNNING LEITARIEGOS, FEDME 22, COPA DE CASTILLA Y LEÓN DE SNOWRUNNING.",2022-01-22,Sábado,8.5,trail running,Cadete/Juvenil,0,0,Villablino,,León,0,1710,Juvenil,Castilla y León
mychip,"I PRUEBA COPA DE ESPAÑA DE SNOWRUNNING LEITARIEGOS, FEDME 22, COPA DE CASTILLA Y LEÓN DE SNOWRUNNING.",2022-01-22,Sábado,9.4,trail running,Absoluta/General,9,22,Villablino,,León,0,1710,open,Castilla y León
mychip,Almèdia Trail,2022-01-16,Domingo,27.0,trail running,Absoluta/General,24,155,Callosa de Ensarriá,La Marina Baja,Alicante,0,1646,"Almèdia Trail 27k, CTM",Comunidad Valenciana
mychip,Almèdia Trail,2022-01-16,Domingo,16.0,trail running,Absoluta/General,38,114,Callosa de Ensarriá,La Marina Baja,Alicante,0,1646,Sprint Trail 16k ,Comunidad Valenciana
mychip,Almèdia Trail,2022-01-16,Domingo,13.0,trail running,Absoluta/General,79,45,Callosa de Ensarriá,La Marina Baja,Alicante,0,1646,Sender 13k,Comunidad Valenciana
mychip,"Campeonato de España Raquetas de Nieve, Larra Belagua, FEDME 22",2022-01-16,Domingo,11.96,Otros,Absoluta/General,16,25,Isaba,,Navarra,0,1719,Absoluta,Navarra
mychip,"Campeonato de España Raquetas de Nieve, Larra Belagua, FEDME 22",2022-01-16,Domingo,5.5,Otros,Cadete/Juvenil,2,4,Isaba,,Navarra,0,1719,Júnior,Navarra
mychip,"Campeonato de España Raquetas de Nieve, Larra Belagua, FEDME 22",2022-01-16,Domingo,5.5,Otros,Cadete/Juvenil,3,3,Isaba,,Navarra,0,1719,Juvenil,Navarra
mychip,"Campeonato de España Raquetas de Nieve, Larra Belagua, FEDME 22",2022-01-16,Domingo,5.5,Otros,Cadete/Juvenil,0,0,Isaba,,Navarra,0,1719,CADETE,Navarra
mychip,"I prueba de liga de Carreras por Montaña, FEMECV 22,  Trail de Crevillent",2022-01-16,Domingo,11.0,trail running,Cadete/Juvenil,3,4,Crevillente,El Bajo Vinalopó,Alicante,0,1738,CADETE,Comunidad Valenciana
mychip,"I prueba de liga de Carreras por Montaña, FEMECV 22,  Trail de Crevillent",2022-01-16,Domingo,11.0,trail running,Cadete/Juvenil,2,5,Crevillente,El Bajo Vinalopó,Alicante,0,1738,JUVENIL,Comunidad Valenciana
mychip,"I prueba de liga de Carreras por Montaña, FEMECV 22,  Trail de Crevillent",2022-01-16,Domingo,11.0,trail running,Cadete/Juvenil,0,3,Crevillente,El Bajo Vinalopó,Alicante,0,1738,JÚNIOR,Comunidad Valenciana
mychip,"I prueba de liga de Carreras por Montaña, FEMECV 22,  Trail de Crevillent",2022-01-16,Domingo,21.5,trail running,Absoluta/General,45,160,Crevillente,El Bajo Vinalopó,Alicante,0,1738,ABSOLUTA,Comunidad Valenciana
mychip,"CAMPEONATO DE ESPAÑA Y POR SELECCIONES AUTONÓMICAS DE SNOWRUNNING LARRA - BELAGUA, FEDME 22",2022-01-15,Sábado,16.8,Otros,Absoluta/General,32,85,Isaba,,Navarra,0,1748,Absoluta,Navarra
mychip,"CAMPEONATO DE ESPAÑA Y POR SELECCIONES AUTONÓMICAS DE SNOWRUNNING LARRA - BELAGUA, FEDME 22",2022-01-15,Sábado,8.4,Otros,Cadete/Juvenil,2,16,Isaba,,Navarra,0,1748,Júnior,Navarra
mychip,"CAMPEONATO DE ESPAÑA Y POR SELECCIONES AUTONÓMICAS DE SNOWRUNNING LARRA - BELAGUA, FEDME 22",2022-01-15,Sábado,8.4,Otros,Cadete/Juvenil,8,10,Isaba,,Navarra,0,1748,Juvenil,Navarra
mychip,"CAMPEONATO DE ESPAÑA Y POR SELECCIONES AUTONÓMICAS DE SNOWRUNNING LARRA - BELAGUA, FEDME 22",2022-01-15,Sábado,16.8,Otros,Absoluta/General,1,21,Isaba,,Navarra,0,1748,OPEN,Navarra
mychip,"La montaña con la Palma, evento solidario a favor de los  Palmeros.",2022-01-09,Domingo,0.0,Otros,Absoluta/General,0,0,,,,0,1731,Donativo La Montaña Con la Palma,
mychip,Sant Silvestre Virtual Solidària de Paiportina,2022-01-03,Lunes,3.0,road running,Absoluta/General,0,0,Paiporta,Huerta Sur,Valencia,0,1729,San Silvestre,Comunidad Valenciana
mychip,XXXIX San Silvestre Toledana,2021-12-31,Viernes,8.0,road running,Absoluta/General,508,1683,Toledo,,Toledo,0,1689,ABSOLUTA,Castilla-La Mancha
mychip,XXXIX San Silvestre Toledana,2021-12-31,Viernes,0.4,road running,Infantil,26,26,Toledo,,Toledo,0,1689,De 0 a 5 años,Castilla-La Mancha
mychip,XXXIX San Silvestre Toledana,2021-12-31,Viernes,0.4,road running,Infantil,44,55,Toledo,,Toledo,0,1689,De 6 a 9 años ,Castilla-La Mancha
mychip,XXXIX San Silvestre Toledana,2021-12-31,Viernes,0.8,road running,Infantil,14,27,Toledo,,Toledo,0,1689,De 10  a 11 años ,Castilla-La Mancha
mychip,XXXIX San Silvestre Toledana,2021-12-31,Viernes,1.6,road running,Infantil,14,18,Toledo,,Toledo,0,1689,De 12 a 13 años ,Castilla-La Mancha
mychip,XXXIX San Silvestre Toledana,2021-12-31,Viernes,1.6,road running,Infantil,15,11,Toledo,,Toledo,0,1689,De 14 a 15 años ,Castilla-La Mancha
mychip,XIII SANT SILVESTRE ”Ciutat d’Algemesí”,2021-12-30,Jueves,4.0,road running,Absoluta/General,0,0,Algemesí,La Ribera Alta,Valencia,0,1726,San Silvestre,Comunidad Valenciana
mychip,XIII SANT SILVESTRE ”Ciutat d’Algemesí”,2021-12-30,Jueves,0.0,road running,Otros,0,0,Algemesí,La Ribera Alta,Valencia,0,1726,Dorsal 0,Comunidad Valenciana
mychip,XXXI San Silvestre Monovera,2021-12-26,Domingo,5.0,road running,Absoluta/General,76,248,Monóvar,El Vinalopó Medio,Alicante,0,1700,ABSOLUTA,Comunidad Valenciana
mychip,XXXI San Silvestre Monovera,2021-12-26,Domingo,5.0,road running,Absoluta/General,49,26,Monóvar,El Vinalopó Medio,Alicante,0,1700,Sender,Comunidad Valenciana
mychip,XXXI San Silvestre Monovera,2021-12-26,Domingo,1.4,road running,Infantil,17,25,Monóvar,El Vinalopó Medio,Alicante,0,1700,De 11 a 13 años,Comunidad Valenciana
mychip,XXXI San Silvestre Monovera,2021-12-26,Domingo,0.8,road running,Infantil,23,24,Monóvar,El Vinalopó Medio,Alicante,0,1700,De 8 a 10 años,Comunidad Valenciana
mychip,XXXI San Silvestre Monovera,2021-12-26,Domingo,0.4,road running,Infantil,19,34,Monóvar,El Vinalopó Medio,Alicante,0,1700,Hasta 7 años,Comunidad Valenciana
mychip,San Silvestre Callosa 2021,2021-12-26,Domingo,4.3,road running,Absoluta/General,27,17,Callosa de Ensarriá,,Alicante,0,1723,"4,3K, Popular",Valencia
mychip,San Silvestre Callosa 2021,2021-12-26,Domingo,8.6,road running,Absoluta/General,4,21,Callosa de Ensarriá,,Alicante,0,1723,"8,6K, Competitiva",Valencia
mychip,San Silvestre Callosa 2021,2021-12-26,Domingo,0.0,road running,Infantil,0,0,Callosa de Ensarriá,,Alicante,0,1723,INFANTIL 0-9años,Valencia
mychip,X MITJA MARATÓ UNIÓN ALCOYANA SEGUROS,2021-12-19,Domingo,21.097,road running,Absoluta/General,37,248,Alcoy,La Hoya de Alcoy,Alicante,0,1664,Media,Comunidad Valenciana
mychip,X MITJA MARATÓ UNIÓN ALCOYANA SEGUROS,2021-12-19,Domingo,10.548,road running,Absoluta/General,173,381,Alcoy,La Hoya de Alcoy,Alicante,2,1664,Quarta,Comunidad Valenciana
mychip,X MITJA MARATÓ UNIÓN ALCOYANA SEGUROS,2021-12-19,Domingo,21.097,road running,Absoluta/General,0,0,Alcoy,La Hoya de Alcoy,Alicante,0,1664,Relevos,Comunidad Valenciana
mychip,X MITJA MARATÓ UNIÓN ALCOYANA SEGUROS,2021-12-19,Domingo,7.0,road running,Absoluta/General,73,27,Alcoy,La Hoya de Alcoy,Alicante,2,1664,Caminata,Comunidad Valenciana
mychip,X MITJA MARATÓ UNIÓN ALCOYANA SEGUROS,2021-12-19,Domingo,0.0,road running,Infantil,0,0,Alcoy,La Hoya de Alcoy,Alicante,0,1664,Micromarató (0 a 12 años),Comunidad Valenciana
mychip,X MITJA MARATÓ UNIÓN ALCOYANA SEGUROS,2021-12-19,Domingo,10.548,road running,Absoluta/General,22,29,Alcoy,La Hoya de Alcoy,Alicante,0,1664,Nórdica,Comunidad Valenciana
mychip,XXXVII Carrera popular Villa de Aranjuez,2021-12-19,Domingo,10.0,road running,Absoluta/General,927,2128,Aranjuez,,Comunidad de Madrid,0,1685,10K,Comunidad de Madrid
mychip,XXXVII Carrera popular Villa de Aranjuez,2021-12-19,Domingo,1.7,road running,Cadete/Juvenil,0,0,Aranjuez,,Comunidad de Madrid,0,1685,CADETE 2006/2007,Comunidad de Madrid
mychip,XXXVII Carrera popular Villa de Aranjuez,2021-12-19,Domingo,1.275,road running,Infantil,0,0,Aranjuez,,Comunidad de Madrid,0,1685,INFANTIL 2008/2009,Comunidad de Madrid
mychip,XXXVII Carrera popular Villa de Aranjuez,2021-12-19,Domingo,0.85,road running,Infantil,0,0,Aranjuez,,Comunidad de Madrid,0,1685,ALEVIN 2010/2011,Comunidad de Madrid
mychip,XXXVII Carrera popular Villa de Aranjuez,2021-12-19,Domingo,0.725,road running,Infantil,0,0,Aranjuez,,Comunidad de Madrid,0,1685,BENJAMÍN 2012/2013,Comunidad de Madrid
mychip,XXXVII Carrera popular Villa de Aranjuez,2021-12-19,Domingo,0.425,road running,Absoluta/General,0,0,Aranjuez,,Comunidad de Madrid,0,1685,RENACUAJO 2011/2013,Comunidad de Madrid
mychip,XXXVII Carrera popular Villa de Aranjuez,2021-12-19,Domingo,0.3,road running,Infantil,0,0,Aranjuez,,Comunidad de Madrid,0,1685,CHUPETINES 2014/2018,Comunidad de Madrid
mychip,"28a QUARTA I MITJA MARATÓ, PICANYA - PAIPORTA",2021-12-19,Domingo,10.548,road running,Absoluta/General,135,460,Picaña,Huerta Sur,Valencia,0,1686,Quarta,Comunidad Valenciana
mychip,"28a QUARTA I MITJA MARATÓ, PICANYA - PAIPORTA",2021-12-19,Domingo,21.097,road running,Absoluta/General,51,360,Picaña,Huerta Sur,Valencia,0,1686,Mitja,Comunidad Valenciana
mychip,Visita guiada itinerario cultural Serra de Crevillent (La Rambla-Pouet de la Mel-Los Molinos),2021-12-18,Sábado,11.0,trail running,Absoluta/General,0,0,Crevillente,El Bajo Vinalopó,Alicante,0,1715,Ruta Guiada,Comunidad Valenciana
mychip,"LAS 2 CLASICAS DE LA VALL - FESTIVAL DE MUNTANYA, FONS DE LA TARDOR",2021-12-18,Sábado,18.0,road running,Absoluta/General,18,67,Vall de Uxó,Plana Baja,Castellón,0,1736,"Fons de la Tardor, (18/12)",Comunidad Valenciana
mychip,"LAS 2 CLASICAS DE LA VALL - FESTIVAL DE MUNTANYA, NOCTURNA FONT DEL GARRUT",2021-12-17,Viernes,10.0,road running,Absoluta/General,39,61,Vall de Uxó,Plana Baja,Castellón,0,1635,Nocturna (17/12),Comunidad Valenciana
mychip,"LAS 2 CLASICAS DE LA VALL - FESTIVAL DE MUNTANYA, NOCTURNA FONT DEL GARRUT",2021-12-17,Viernes,18.0,road running,Absoluta/General,0,0,Vall de Uxó,Plana Baja,Castellón,0,1635,"Fons de la Tardor, (18/12)",Comunidad Valenciana
mychip,"LAS 2 CLASICAS DE LA VALL - FESTIVAL DE MUNTANYA, NOCTURNA FONT DEL GARRUT",2021-12-17,Viernes,28.0,road running,Absoluta/General,0,0,Vall de Uxó,Plana Baja,Castellón,0,1635,"Dos Clásicas, (17-18-/12)",Comunidad Valenciana
mychip,"MM d'Oltà, Circuit Trail Marina",2021-12-12,Domingo,21.0,trail running,Absoluta/General,58,226,Calpe,La Marina Alta,Alicante,0,1645,"Mitja Oltà, CTM 21k",Comunidad Valenciana
mychip,"MM d'Oltà, Circuit Trail Marina",2021-12-12,Domingo,14.25,trail running,Absoluta/General,73,47,Calpe,La Marina Alta,Alicante,2,1645,Sender 14k,Comunidad Valenciana
mychip,"MM d'Oltà, Circuit Trail Marina",2021-12-12,Domingo,14.5,trail running,Absoluta/General,31,75,Calpe,La Marina Alta,Alicante,0,1645,Sprint Trail 14k ,Comunidad Valenciana
mychip,"Territori Tombatossals 2021, Kike Monforte",2021-12-12,Domingo,21.0,trail running,Absoluta/General,84,385,Castellón de la Plana,Plana Alta,Castellón,0,1716,Tombatossals,Comunidad Valenciana
mychip,"Territori Tombatossals 2021, Kike Monforte",2021-12-12,Domingo,11.0,trail running,Absoluta/General,164,209,Castellón de la Plana,Plana Alta,Castellón,0,1716,Minitomba,Comunidad Valenciana
mychip,IX Cursa per Muntanya les Xosses de Crevillent,2021-12-11,Sábado,16.5,trail running,Absoluta/General,53,231,Crevillente,El Bajo Vinalopó,Alicante,0,1478,Trail,Comunidad Valenciana
mychip,IX Cursa per Muntanya les Xosses de Crevillent,2021-12-11,Sábado,13.5,trail running,Absoluta/General,63,79,Crevillente,El Bajo Vinalopó,Alicante,0,1478,Sender,Comunidad Valenciana
mychip,IX Cursa per Muntanya les Xosses de Crevillent,2021-12-11,Sábado,0.54,trail running,Absoluta/General,0,0,Crevillente,El Bajo Vinalopó,Alicante,0,1478,Kids,Comunidad Valenciana
mychip,"1ª y 2ª PRUEBA DE COPA DE ESPAÑA DE ESQUI DE MONTAÑA SIERRA NEVADA, FEDME 22",2021-12-11,Sábado,0.08,Otros,Absoluta/General,0,0,Pradollano,,Andalucía,0,1705,SPRINT,Andalucía
mychip,"1ª y 2ª PRUEBA DE COPA DE ESPAÑA DE ESQUI DE MONTAÑA SIERRA NEVADA, FEDME 22",2021-12-11,Sábado,3.5,Otros,Absoluta/General,0,0,Pradollano,,Andalucía,0,1705,Vertical,Andalucía
mychip,XI Carrera X Montaña Sierra de Chiva,2021-12-05,Domingo,60.0,trail running,Absoluta/General,14,132,Chiva,La Hoya de Buñol,Valencia,0,1680,60K,Comunidad Valenciana
mychip,XI Carrera X Montaña Sierra de Chiva,2021-12-05,Domingo,33.0,trail running,Absoluta/General,26,216,Chiva,La Hoya de Buñol,Valencia,1,1680,33K,Comunidad Valenciana
mychip,XI Carrera X Montaña Sierra de Chiva,2021-12-05,Domingo,14.0,trail running,Absoluta/General,64,188,Chiva,La Hoya de Buñol,Valencia,0,1680,14k,Comunidad Valenciana
mychip,Tres Tosssals,2021-11-28,Domingo,20.0,trail running,Absoluta/General,45,149,Gata de Gorgos,La Marina Alta,Alicante,0,1644,CTM 20k,Comunidad Valenciana
mychip,Tres Tosssals,2021-11-28,Domingo,10.5,trail running,Absoluta/General,49,41,Gata de Gorgos,La Marina Alta,Alicante,0,1644,Sender,Comunidad Valenciana
mychip,Tres Tosssals,2021-11-28,Domingo,0.0,trail running,Absoluta/General,0,0,Gata de Gorgos,La Marina Alta,Alicante,0,1644,Menors,Comunidad Valenciana
mychip,XXII CURSA POPULAR A PEU – RÒTOVA 2021,2021-11-28,Domingo,10.0,road running,Absoluta/General,51,176,Rótova,La Safor,Valencia,0,1690,10k,Comunidad Valenciana
mychip,"XVII Marcha BTT, Polop de la Marina-2",2021-11-28,Domingo,30.0,Ciclismo y btt,Absoluta/General,6,201,Polop,La Marina Baja,Alicante,0,1718,Marcha (solo domingo),Comunidad Valenciana
mychip,"XVII Marcha BTT, Polop de la Marina-2",2021-11-28,Domingo,30.0,Ciclismo y btt,Absoluta/General,0,17,Polop,La Marina Baja,Alicante,0,1718,"E-Bike, Marcha Domingo",Comunidad Valenciana
mychip,"XVII Marcha BTT, Polop de la Marina",2021-11-27,Sábado,8.0,Ciclismo y btt,Absoluta/General,4,95,Polop,La Marina Baja,Alicante,0,1697,Crono (sábado 27),Comunidad Valenciana
mychip,"XVII Marcha BTT, Polop de la Marina",2021-11-27,Sábado,8.0,Ciclismo y btt,Absoluta/General,0,7,Polop,La Marina Baja,Alicante,0,1697,"E-Bike, Crono  (sábado 27)",Comunidad Valenciana
mychip,"XX MITJA MARATÓ SAMARUC 2021, ALGEMESÍ",2021-11-21,Domingo,21.097,road running,Absoluta/General,89,510,Algemesí,La Ribera Alta,Valencia,0,1486,Media maratón,Comunidad Valenciana
mychip,Costa Blanca Trails 2021,2021-11-20,Sábado,97.0,trail running,Absoluta/General,11,170,Finestrat,La Marina Baja,Alicante,0,1625,GTCB 97K (19/11),Comunidad Valenciana
mychip,Costa Blanca Trails 2021,2021-11-20,Sábado,75.0,trail running,Absoluta/General,20,151,Finestrat,La Marina Baja,Alicante,0,1625,UTCB 75k (20/11),Comunidad Valenciana
mychip,Costa Blanca Trails 2021,2021-11-20,Sábado,46.0,trail running,Absoluta/General,46,405,Finestrat,La Marina Baja,Alicante,0,1625,MCB 46K (20/11),Comunidad Valenciana
mychip,Costa Blanca Trails 2021,2021-11-20,Sábado,29.0,trail running,Absoluta/General,50,254,Finestrat,La Marina Baja,Alicante,0,1625,TPC 29K  (21/11),Comunidad Valenciana
mychip,Costa Blanca Trails 2021,2021-11-20,Sábado,20.0,trail running,Absoluta/General,94,168,Finestrat,La Marina Baja,Alicante,0,1625,MTF 20K & SENDER (21/11),Comunidad Valenciana
mychip,"Lliga infantil D'Escalada, FEMECV 2021, Nules.",2021-11-20,Sábado,0.0,Otros,Infantil,0,0,Nules,Plana Baja,Castellón,0,1696,Promoció SUB-9 (6 a 8 anys),Comunidad Valenciana
mychip,"Lliga infantil D'Escalada, FEMECV 2021, Nules.",2021-11-20,Sábado,0.0,Otros,Cadete/Juvenil,0,0,Nules,Plana Baja,Castellón,0,1696,Promoció SUB-16 (9 a 11 anys),Comunidad Valenciana
mychip,"Campeonato Regularidad por Montaña de la Comunidad Valenciana, Sierra de Crevillent, FEMECV 2021",2021-11-13,Sábado,12.0,Otros,Absoluta/General,0,0,Crevillente,El Bajo Vinalopó,Alicante,0,1681,Campeonato de Regularidad,Comunidad Valenciana
mychip,"Lliga infantil D'Escalada, FEMECV 2021, Montesa",2021-11-13,Sábado,0.0,Otros,Infantil,0,0,Montesa,La Costera,Valencia,0,1695,Promoció SUB-9 (6 a 8 anys),Comunidad Valenciana
mychip,"Lliga infantil D'Escalada, FEMECV 2021, Montesa",2021-11-13,Sábado,0.0,Otros,Infantil,0,0,Montesa,La Costera,Valencia,0,1695,Promoció SUB-12 (9 a 11 anys),Comunidad Valenciana
mychip,"ART OF BARS, STREET WORKOUT",2021-11-13,Sábado,0.0,Otros,Absoluta/General,0,0,Alcoy,La Hoya de Alcoy,Alicante,0,1702,STREET WORKOUT. (incluye comida  de Aleña),Comunidad Valenciana
mychip,Bèrnia Moscatell Trail,2021-11-07,Domingo,21.0,trail running,Absoluta/General,35,175,Jalón,La Marina Alta,Alicante,0,1643,"BX, BMT, 21km, CTM",Comunidad Valenciana
mychip,Bèrnia Moscatell Trail,2021-11-07,Domingo,15.0,trail running,Absoluta/General,39,90,Jalón,La Marina Alta,Alicante,0,1643,"BX, BMT Expres 15k",Comunidad Valenciana
mychip,Bèrnia Moscatell Trail,2021-11-07,Domingo,13.0,trail running,Absoluta/General,49,34,Jalón,La Marina Alta,Alicante,0,1643,"BX, BMT Senderista",Comunidad Valenciana
mychip,X MIMAMUCA,2021-11-07,Domingo,21.0,trail running,Absoluta/General,83,460,Carrícola,La Vall d'Albaida,Valencia,0,1676,MIMAMUCA,Comunidad Valenciana
mychip,I MARCHA CICLODEPORTIVA SIMAT,2021-11-07,Domingo,112.0,Ciclismo y btt,Absoluta/General,0,0,Simat de Valldigna,La Safor,Valencia,0,1682,I MARCHA CICLODEPORTIVA SIMAT,Comunidad Valenciana
mychip,"Lliga infantil D'Escalada, FEMECV 2021,  Nanga Parbat, Alcoi.",2021-11-06,Sábado,0.0,Otros,Infantil,0,0,Alcoy,La Hoya de Alcoy,Alicante,0,1694,Promoció SUB-9 (6 a 8 anys),Comunidad Valenciana
mychip,"Lliga infantil D'Escalada, FEMECV 2021,  Nanga Parbat, Alcoi.",2021-11-06,Sábado,0.0,Otros,Infantil,0,0,Alcoy,La Hoya de Alcoy,Alicante,0,1694,Promoció SUB-12 (9 a 11 anys),Comunidad Valenciana
mychip,"I sprint Trail de L'Abdet, By Costa Blanca Trails",2021-10-31,Domingo,16.2,trail running,Absoluta/General,41,213,Alicante,,Alicante,0,1670,Sprint Trail & SENDER,Valencia
mychip,Pegotrail ,2021-10-24,Domingo,21.0,trail running,Absoluta/General,36,170,Pego,La Marina Alta,Alicante,0,1642,CTM 2021,Comunidad Valenciana
mychip,Pegotrail ,2021-10-24,Domingo,14.0,trail running,Absoluta/General,33,99,Pego,La Marina Alta,Alicante,0,1642,14k,Comunidad Valenciana
mychip,Pegotrail ,2021-10-24,Domingo,14.0,trail running,Absoluta/General,32,26,Pego,La Marina Alta,Alicante,0,1642,Sender 14k,Comunidad Valenciana
mychip,5 KM CIUDAD DE ELDA Y CARRERAS INFANTILES,2021-10-24,Domingo,0.005,road running,Absoluta/General,0,0,Elda,El Vinalopó Medio,Alicante,0,1684,RUNING,Comunidad Valenciana
mychip,El reto de El Genovés contra la Leucemia Infantil,2021-10-24,Domingo,0.0,Otros,Absoluta/General,0,0,el Genovés,La Costera,Valencia,0,1688,Reto contra la Leucemia,Comunidad Valenciana
mychip,"Campionat Autonòmic d'Escalada de Velocitat, FEMECV 2021",2021-10-23,Sábado,0.0,Otros,Absoluta/General,0,0,Elche,El Bajo Vinalopó,Alicante,0,1687,Escalada Velocitat,Comunidad Valenciana
mychip,"CAMPEONATO DE ESPAÑA DE CLUBS Y COPA CXM EN LÍNEA, FEDME 2021, LOS TAJOS SKYRACE, ALHAURÍN EL GRANDE",2021-10-17,Domingo,32.0,trail running,Absoluta/General,61,329,Alhaurín el Grande,,Málaga,0,1586,"LOS TAJOS SKYRACE 32k, COPA ABSOLUTA",Andalucía
mychip,"CAMPEONATO DE ESPAÑA DE CLUBS Y COPA CXM EN LÍNEA, FEDME 2021, LOS TAJOS SKYRACE, ALHAURÍN EL GRANDE",2021-10-17,Domingo,18.5,trail running,Cadete/Juvenil,4,12,Alhaurín el Grande,,Málaga,0,1586,"LOS TAJOS SKYRACE 18K, COPA JÚNIOR",Andalucía
mychip,"CAMPEONATO DE ESPAÑA DE CLUBS Y COPA CXM EN LÍNEA, FEDME 2021, LOS TAJOS SKYRACE, ALHAURÍN EL GRANDE",2021-10-17,Domingo,13.0,trail running,Cadete/Juvenil,4,13,Alhaurín el Grande,,Málaga,0,1586,"LOS TAJOS SKYRACE 13k, COPA JUVENIL",Andalucía
mychip,"CAMPEONATO DE ESPAÑA DE CLUBS Y COPA CXM EN LÍNEA, FEDME 2021, LOS TAJOS SKYRACE, ALHAURÍN EL GRANDE",2021-10-17,Domingo,8.0,trail running,Cadete/Juvenil,12,15,Alhaurín el Grande,,Málaga,0,1586,"LOS TAJOS, COPA CADETE",Andalucía
mychip,"CAMPEONATO DE ESPAÑA DE CLUBS Y COPA CXM EN LÍNEA, FEDME 2021, LOS TAJOS SKYRACE, ALHAURÍN EL GRANDE",2021-10-17,Domingo,18.0,trail running,Absoluta/General,30,190,Alhaurín el Grande,,Málaga,0,1586,"OPEN 18K, LOS TAJOS  SKYRACE",Andalucía
mychip,"BAJADA SOLIDARIA CREVILLENT-EL REALENGO-CAMPING ALANNIA COSTA BLANCA, 2021",2021-10-17,Domingo,11.0,trail running,Absoluta/General,10,13,Crevillente,El Bajo Vinalopó,Alicante,0,1638,Nórdica,Comunidad Valenciana
mychip,"BAJADA SOLIDARIA CREVILLENT-EL REALENGO-CAMPING ALANNIA COSTA BLANCA, 2021",2021-10-17,Domingo,11.0,trail running,Absoluta/General,61,115,Crevillente,El Bajo Vinalopó,Alicante,0,1638,CARRERA,Comunidad Valenciana
mychip,"BAJADA SOLIDARIA CREVILLENT-EL REALENGO-CAMPING ALANNIA COSTA BLANCA, 2021",2021-10-17,Domingo,11.0,trail running,Absoluta/General,384,157,Crevillente,El Bajo Vinalopó,Alicante,0,1638,Marchador,Comunidad Valenciana
mychip,VI Trail de Buñol,2021-10-17,Domingo,17.0,trail running,Absoluta/General,27,147,Buñol,La Hoya de Buñol,Valencia,0,1672,17K,Comunidad Valenciana
mychip,"TRAIL SOLIDARI CIUTAT D’ALCOI, 2021",2021-10-16,Sábado,54.0,trail running,Absoluta/General,44,301,Alcoy,La Hoya de Alcoy,Alicante,0,1526,TRAIL SOLIDARI,Comunidad Valenciana
mychip,"TRAIL SOLIDARI CIUTAT D’ALCOI, 2021",2021-10-16,Sábado,30.0,trail running,Absoluta/General,182,509,Alcoy,La Hoya de Alcoy,Alicante,14,1526,MIG TRAIL SOLIDARI,Comunidad Valenciana
mychip,"TRAIL SOLIDARI CIUTAT D’ALCOI, 2021",2021-10-16,Sábado,24.0,trail running,Absoluta/General,372,237,Alcoy,La Hoya de Alcoy,Alicante,87,1526,MARCHA SOLIDARIA,Comunidad Valenciana
mychip,"Campeonato de Escalada de Bloque de la Comunidad Valenciana, FEMECV 2021",2021-10-16,Sábado,0.0,Otros,Absoluta/General,0,0,La Nucía,La Marina Baja,Alicante,0,1674,Campeonato Escalada,Comunidad Valenciana
mychip,"I CURSA PER PARELLES CIUTAT DE LA VALL D’UIXÓ, FESTES PATRONALS SAGRADA FAMÍLIA I SANTÍSSIM CRIST",2021-10-12,Martes,5.0,road running,Absoluta/General,94,126,Vall de Uxó,Plana Baja,Castellón,0,1679,5k (PRECIO POR PAREJA),Comunidad Valenciana
mychip,"Sprint Trail Senyera, 2021",2021-10-10,Domingo,14.0,trail running,Absoluta/General,55,125,Senyera,La Ribera Alta,Valencia,0,1626,SPRINT TRAIL,Comunidad Valenciana
mychip,"Sprint Trail Senyera, 2021",2021-10-10,Domingo,9.0,trail running,Absoluta/General,92,49,Senyera,La Ribera Alta,Valencia,0,1626,Sender,Comunidad Valenciana
mychip,"BOTAMARGES & TRENCACLOSQUES 2021, CAMPEONATO AUTONÓMICO DE LARGO RECORRIDO, FEMECV ",2021-10-09,Sábado,64.0,trail running,Absoluta/General,7,60,Adsubia,La Marina Alta,Alicante,0,1623,AUTONÓMICO BOTAMARGES,Comunidad Valenciana
mychip,"BOTAMARGES & TRENCACLOSQUES 2021, CAMPEONATO AUTONÓMICO DE LARGO RECORRIDO, FEMECV ",2021-10-09,Sábado,64.0,trail running,Absoluta/General,4,80,Adsubia,La Marina Alta,Alicante,0,1623,BOTAMARGES OPEN,Comunidad Valenciana
mychip,"BOTAMARGES & TRENCACLOSQUES 2021, CAMPEONATO AUTONÓMICO DE LARGO RECORRIDO, FEMECV ",2021-10-09,Sábado,21.0,trail running,Absoluta/General,34,143,Adsubia,La Marina Alta,Alicante,0,1623,Trencaclosques,Comunidad Valenciana
mychip,"VIII Trail Umbría la Plana, BTT entre Olivos sierra de Enguera.",2021-10-09,Sábado,42.0,trail running,Absoluta/General,5,155,Enguera,La Canal de Navarrés,Valencia,0,1667,"Btt 42k, (domingo 10/10)",Comunidad Valenciana
mychip,"VIII Trail Umbría la Plana, BTT entre Olivos sierra de Enguera.",2021-10-09,Sábado,22.0,trail running,Absoluta/General,7,10,Enguera,La Canal de Navarrés,Valencia,0,1667,Marcha 22k  (domingo 10/10),Comunidad Valenciana
mychip,"VIII Trail Umbría la Plana, BTT entre Olivos sierra de Enguera.",2021-10-09,Sábado,20.5,trail running,Absoluta/General,8,63,Enguera,La Canal de Navarrés,Valencia,0,1667,"Trail 20,5k (sábado 9/10)",Comunidad Valenciana
mychip,"VIII Trail Umbría la Plana, BTT entre Olivos sierra de Enguera.",2021-10-09,Sábado,10.5,trail running,Absoluta/General,19,57,Enguera,La Canal de Navarrés,Valencia,0,1667,Speed Trail 10km (sábado 9/10),Comunidad Valenciana
mychip,"VIII Trail Umbría la Plana, BTT entre Olivos sierra de Enguera.",2021-10-09,Sábado,10.0,trail running,Absoluta/General,61,36,Enguera,La Canal de Navarrés,Valencia,0,1667,Marcha Senderista  (sábado 9/10),Comunidad Valenciana
mychip,XV CARRERA POR MONTAÑA Y MARCHA A PIÉ SERRA DEL COTO,2021-10-03,Domingo,20.0,trail running,Absoluta/General,73,323,Monóvar,El Vinalopó Medio,Alicante,0,1604,20K,Comunidad Valenciana
mychip,XV CARRERA POR MONTAÑA Y MARCHA A PIÉ SERRA DEL COTO,2021-10-03,Domingo,11.0,trail running,Absoluta/General,86,79,Monóvar,El Vinalopó Medio,Alicante,0,1604,11K.,Comunidad Valenciana
mychip,VI Trail “Cabeçó d´Or” de Busot,2021-10-03,Domingo,17.4,trail running,Absoluta/General,35,212,Busot,El Alacantí,Alicante,0,1653,Trail 17k,Comunidad Valenciana
mychip,VI Trail “Cabeçó d´Or” de Busot,2021-10-03,Domingo,17.411,trail running,Absoluta/General,24,31,Busot,El Alacantí,Alicante,0,1653,Sender 17k,Comunidad Valenciana
mychip,"VII MARCHA CICLODEPORTIVA LA POBLA LLARGA, 2021",2021-10-03,Domingo,136.0,Ciclismo y btt,Absoluta/General,22,208,la Pobla Llarga,La Ribera Alta,Valencia,0,1668,Marcha,Comunidad Valenciana
mychip,42 CROSS DE SANT RAFEL”  ONTINYENT 2021 ,2021-10-02,Sábado,8.0,road running,Absoluta/General,69,181,Onteniente,La Vall d'Albaida,Valencia,0,1662,"8k, Absoluta",Comunidad Valenciana
mychip,42 CROSS DE SANT RAFEL”  ONTINYENT 2021 ,2021-10-02,Sábado,0.0,road running,Infantil,0,0,Onteniente,La Vall d'Albaida,Valencia,0,1662,"Menores,  hasta los 15 años",Comunidad Valenciana
mychip,VIII  10 K NOCTURNO BENICASSIM PLATGES  2021,2021-10-02,Sábado,10.0,road running,Absoluta/General,0,0,Benicasim,Plana Alta,Castellón,0,1669,10k nocturno,Comunidad Valenciana
mychip,"COPA DE ESPAÑA DE VERTICALES, FEDME 2021,  KV CANFRANC",2021-09-26,Domingo,3.8,trail running,Absoluta/General,22,73,Canfranc,,Huesca,0,1593,ABSOLUTA,Aragón
mychip,"COPA DE ESPAÑA DE VERTICALES, FEDME 2021,  KV CANFRANC",2021-09-26,Domingo,3.8,trail running,Cadete/Juvenil,2,6,Canfranc,,Huesca,0,1593,JÚNIOR,Aragón
mychip,"COPA DE ESPAÑA DE VERTICALES, FEDME 2021,  KV CANFRANC",2021-09-26,Domingo,3.8,trail running,Cadete/Juvenil,5,4,Canfranc,,Huesca,0,1593,JUVENIL,Aragón
mychip,"COPA DE ESPAÑA DE VERTICALES, FEDME 2021,  KV CANFRANC",2021-09-26,Domingo,2.4,trail running,Cadete/Juvenil,1,4,Canfranc,,Huesca,0,1593,CADETE,Aragón
mychip,"CAMPEONATO AUTONÓMICO I CAMPIONAT ESCOLAR DE CARRERA VERTICAL, FEMECV 2021, NOVELDA",2021-09-26,Domingo,4.9,trail running,Absoluta/General,10,41,Novelda,El Vinalopó Medio,Alicante,0,1617,ABSOLUTA,Comunidad Valenciana
mychip,"CAMPEONATO AUTONÓMICO I CAMPIONAT ESCOLAR DE CARRERA VERTICAL, FEMECV 2021, NOVELDA",2021-09-26,Domingo,4.9,trail running,Cadete/Juvenil,1,1,Novelda,El Vinalopó Medio,Alicante,0,1617,JÚNIOR,Comunidad Valenciana
mychip,"CAMPEONATO AUTONÓMICO I CAMPIONAT ESCOLAR DE CARRERA VERTICAL, FEMECV 2021, NOVELDA",2021-09-26,Domingo,4.9,trail running,Cadete/Juvenil,0,7,Novelda,El Vinalopó Medio,Alicante,0,1617,JUVENIL,Comunidad Valenciana
mychip,"CAMPEONATO AUTONÓMICO I CAMPIONAT ESCOLAR DE CARRERA VERTICAL, FEMECV 2021, NOVELDA",2021-09-26,Domingo,2.6,trail running,Cadete/Juvenil,2,0,Novelda,El Vinalopó Medio,Alicante,0,1617,CADETE,Comunidad Valenciana
mychip,"CAMPEONATO AUTONÓMICO I CAMPIONAT ESCOLAR DE CARRERA VERTICAL, FEMECV 2021, NOVELDA",2021-09-26,Domingo,2.6,trail running,Infantil,0,3,Novelda,El Vinalopó Medio,Alicante,0,1617,"Escolar, de 13 a 14 años",Comunidad Valenciana
mychip,Volta a peu a Sueca,2021-09-25,Sábado,10.0,road running,Absoluta/General,76,204,Sueca,La Ribera Baja,Valencia,0,1621,10k,Comunidad Valenciana
mychip,Volta a peu a Sueca,2021-09-25,Sábado,5.0,road running,Absoluta/General,46,64,Sueca,La Ribera Baja,Valencia,0,1621,5k,Comunidad Valenciana
mychip,Volta a peu a Sueca,2021-09-25,Sábado,4.0,road running,Absoluta/General,0,0,Sueca,La Ribera Baja,Valencia,0,1621,Marxa per Afasu,Comunidad Valenciana
mychip,Volta a peu a Sueca,2021-09-25,Sábado,0.0,road running,Absoluta/General,0,0,Sueca,La Ribera Baja,Valencia,0,1621,Curses de xiquets,Comunidad Valenciana
mychip,10K Godella Nicoboco,2021-09-25,Sábado,10.0,road running,Absoluta/General,71,337,Godella,Huerta Norte,Valencia,0,1628,10k,Comunidad Valenciana
mychip,"3a Prueba Copa Marcha Nórdica, Callosa de Segura",2021-09-25,Sábado,10.75,road running,Absoluta/General,20,49,Callosa de Segura,,Alicante,0,1663,Copa Marcha Nórdica,Comunidad Valenciana
mychip,"3a Prueba Copa Marcha Nórdica, Callosa de Segura",2021-09-25,Sábado,7.0,road running,Infantil,0,7,Callosa de Segura,,Alicante,0,1663,Infantil & Cadete,Comunidad Valenciana
mychip,"3a Prueba Copa Marcha Nórdica, Callosa de Segura",2021-09-25,Sábado,7.0,road running,Absoluta/General,4,7,Callosa de Segura,,Alicante,0,1663,Promoción,Comunidad Valenciana
mychip,"XXXIII Marxa de resistència en BTT,  Selènika 2021, ",2021-09-19,Domingo,73.0,Ciclismo y btt,Absoluta/General,20,404,Navarcles,,Barcelona,0,1673,73k,Cataluña
mychip,"XXVII Volta a peu a Quatretonda, ""MEmorial Andrés Bella Sanleón""",2021-09-18,Sábado,7.4,road running,Absoluta/General,51,175,Cuatretonda,La Vall d'Albaida,Valencia,0,1665,Popular,Comunidad Valenciana
mychip,"47 Asamblea y Marcha Nacional de Montañeros Veteranos, FEDME 2021 - Crevillent",2021-09-17,Viernes,15.03,road running,Mayores/Veteranos,0,0,Crevillente,El Bajo Vinalopó,Alicante,0,1636,47 Marcha Nacional de Veteranos (18/9),Comunidad Valenciana
mychip,"47 Asamblea y Marcha Nacional de Montañeros Veteranos, FEDME 2021 - Crevillent",2021-09-17,Viernes,10.1,road running,Absoluta/General,0,0,Crevillente,El Bajo Vinalopó,Alicante,0,1636,Marcha corta (18/9),Comunidad Valenciana
mychip,"47 Asamblea y Marcha Nacional de Montañeros Veteranos, FEDME 2021 - Crevillent",2021-09-17,Viernes,11.74,road running,Absoluta/General,0,0,Crevillente,El Bajo Vinalopó,Alicante,0,1636,"Marcha Daniel Jiménez de Cisneros, (19/9)",Comunidad Valenciana
mychip,VII 10 K NOCTURNO OROPESA DEL MAR 2021,2021-09-11,Sábado,10.0,road running,Absoluta/General,0,0,Oropesa del Mar,Plana Alta,Castellón,0,1666,10k nocturno,Comunidad Valenciana
mychip,VII TRIATLON DE ANNA SPRINT Y SPERSPRINT,2021-09-05,Domingo,0.0,Multidisciplina,Absoluta/General,0,0,Alcoy,La Hoya de Alcoy,Alicante,0,1660,SPRINT  750/21/5,Comunidad Valenciana
mychip,VII TRIATLON DE ANNA SPRINT Y SPERSPRINT,2021-09-05,Domingo,0.0,Multidisciplina,Absoluta/General,0,0,Alcoy,La Hoya de Alcoy,Alicante,0,1660,"SUPER SPRINT  300/08/2,5",Comunidad Valenciana
mychip,"COPA DE ESPAÑA DE VERTICALES, FEDME 2021, KM Vertical de Castro Valnera",2021-08-29,Domingo,4.0,trail running,Absoluta/General,28,132,Vega de Pas,,Cantabria,0,1594,ABSOLUTA,Cantabria
mychip,"COPA DE ESPAÑA DE VERTICALES, FEDME 2021, KM Vertical de Castro Valnera",2021-08-29,Domingo,4.0,trail running,Cadete/Juvenil,1,4,Vega de Pas,,Cantabria,0,1594,JÚNIOR,Cantabria
mychip,"COPA DE ESPAÑA DE VERTICALES, FEDME 2021, KM Vertical de Castro Valnera",2021-08-29,Domingo,4.0,trail running,Cadete/Juvenil,1,3,Vega de Pas,,Cantabria,0,1594,JUVENIL,Cantabria
mychip,"COPA DE ESPAÑA DE VERTICALES, FEDME 2021, KM Vertical de Castro Valnera",2021-08-29,Domingo,2.6,trail running,Cadete/Juvenil,0,1,Vega de Pas,,Cantabria,0,1594,CADETE,Cantabria
mychip,Camins de Cabres 2021,2021-08-28,Sábado,33.0,trail running,Absoluta/General,6,82,Liria,El Campo de Turia,Valencia,0,1618,33k,Comunidad Valenciana
mychip,Camins de Cabres 2021,2021-08-28,Sábado,23.0,trail running,Absoluta/General,19,185,Liria,El Campo de Turia,Valencia,0,1618,23k,Comunidad Valenciana
mychip,"Faldes del Puig Campana, Trail & Sender Nocturn, 2021",2021-08-21,Sábado,13.0,trail running,Absoluta/General,40,137,Finestrat,La Marina Baja,Alicante,0,1631,Carrera,Comunidad Valenciana
mychip,"Faldes del Puig Campana, Trail & Sender Nocturn, 2021",2021-08-21,Sábado,9.0,trail running,Absoluta/General,59,54,Finestrat,La Marina Baja,Alicante,0,1631,Sender,Comunidad Valenciana
mychip,IV Anfibios Trail de Anna,2021-08-21,Sábado,0.009,trail running,Absoluta/General,0,0,Anna,La Canal de Navarrés,Valencia,0,1650,"Anfibio Trail Anna Trail, lago y rio ",Comunidad Valenciana
mychip,32 VOLTA A PEU A LA PLATJA DE TAVERNES,2021-08-06,Viernes,8.0,road running,Absoluta/General,161,578,Tabernes de Valldigna,La Safor,Valencia,0,1639,8k,Comunidad Valenciana
mychip,"Campionat Autonòmic i per clubs de CXM. 1er Campionat en Edat Escolar, FEMECV 2021. XIV Cursa per muntanya  Vistabella.",2021-08-01,Domingo,27.0,trail running,Absoluta/General,42,291,Vistabella del Maestrazgo,,Castellón,0,1630,ABSOLUTA,Comunidad Valenciana
mychip,"Campionat Autonòmic i per clubs de CXM. 1er Campionat en Edat Escolar, FEMECV 2021. XIV Cursa per muntanya  Vistabella.",2021-08-01,Domingo,10.0,trail running,Cadete/Juvenil,1,7,Vistabella del Maestrazgo,,Castellón,0,1630,JÚNIOR,Comunidad Valenciana
mychip,"Campionat Autonòmic i per clubs de CXM. 1er Campionat en Edat Escolar, FEMECV 2021. XIV Cursa per muntanya  Vistabella.",2021-08-01,Domingo,10.0,trail running,Cadete/Juvenil,2,5,Vistabella del Maestrazgo,,Castellón,0,1630,JUVENIL,Comunidad Valenciana
mychip,"Campionat Autonòmic i per clubs de CXM. 1er Campionat en Edat Escolar, FEMECV 2021. XIV Cursa per muntanya  Vistabella.",2021-08-01,Domingo,10.0,trail running,Cadete/Juvenil,2,4,Vistabella del Maestrazgo,,Castellón,0,1630,CADETE,Comunidad Valenciana
mychip,"Campionat Autonòmic i per clubs de CXM. 1er Campionat en Edat Escolar, FEMECV 2021. XIV Cursa per muntanya  Vistabella.",2021-08-01,Domingo,5.0,trail running,Infantil,3,4,Vistabella del Maestrazgo,,Castellón,0,1630,Infantil,Comunidad Valenciana
mychip,"COPA DE ESPAÑA DE CXM EN LÍNEA, FEDME 2021, TEROR TRAIL.",2021-07-31,Sábado,32.0,trail running,Absoluta/General,32,176,Teror,,,0,1585,ABSOLUTA,
mychip,"COPA DE ESPAÑA DE CXM EN LÍNEA, FEDME 2021, TEROR TRAIL.",2021-07-31,Sábado,18.5,trail running,Cadete/Juvenil,2,10,Teror,,,0,1585,JÚNIOR,
mychip,"COPA DE ESPAÑA DE CXM EN LÍNEA, FEDME 2021, TEROR TRAIL.",2021-07-31,Sábado,13.0,trail running,Cadete/Juvenil,2,10,Teror,,,0,1585,JUVENIL,
mychip,"COPA DE ESPAÑA DE CXM EN LÍNEA, FEDME 2021, TEROR TRAIL.",2021-07-31,Sábado,8.0,trail running,Cadete/Juvenil,0,7,Teror,,,0,1585,CADETE,
mychip,Volta a peu a Benifairo 2021,2021-07-31,Sábado,7.0,road running,Absoluta/General,39,168,Benifairó de la Valldigna,La Safor,Valencia,0,1640,Carrera,Comunidad Valenciana
mychip,III Trail Nocturn Lluna D'Oltà,2021-07-24,Sábado,15.81,road running,Absoluta/General,17,105,Calpe,La Marina Alta,Alicante,0,1634,Trail 15k,Comunidad Valenciana
mychip,III Trail Nocturn Lluna D'Oltà,2021-07-24,Sábado,10.15,road running,Absoluta/General,52,26,Calpe,La Marina Alta,Alicante,0,1634,Sender 10k,Comunidad Valenciana
mychip,"2a Prueba Copa Marcha Nórdica, Xàtiva",2021-07-24,Sábado,8.5,road running,Absoluta/General,20,46,Játiva,La Costera,Valencia,0,1651,Copa Marcha Nórdica,Comunidad Valenciana
mychip,"2a Prueba Copa Marcha Nórdica, Xàtiva",2021-07-24,Sábado,5.5,road running,Infantil,0,4,Játiva,La Costera,Valencia,0,1651,Infantil & Cadete,Comunidad Valenciana
mychip,"2a Prueba Copa Marcha Nórdica, Xàtiva",2021-07-24,Sábado,8.5,road running,Absoluta/General,1,4,Játiva,La Costera,Valencia,0,1651,PROMOCIÓN,Comunidad Valenciana
mychip,"CUARTA prueba de la Liga de Carreras por Montaña de la FEMECV 2021, Trail de Crevillent",2021-07-18,Domingo,16.68,trail running,Absoluta/General,39,158,Crevillente,El Bajo Vinalopó,Alicante,0,1573,ABSOLUTA,Comunidad Valenciana
mychip,"CUARTA prueba de la Liga de Carreras por Montaña de la FEMECV 2021, Trail de Crevillent",2021-07-18,Domingo,9.0,trail running,Cadete/Juvenil,1,2,Crevillente,El Bajo Vinalopó,Alicante,0,1573,JÚNIOR,Comunidad Valenciana
mychip,"CUARTA prueba de la Liga de Carreras por Montaña de la FEMECV 2021, Trail de Crevillent",2021-07-18,Domingo,9.0,trail running,Cadete/Juvenil,0,4,Crevillente,El Bajo Vinalopó,Alicante,0,1573,JUVENIL,Comunidad Valenciana
mychip,"CUARTA prueba de la Liga de Carreras por Montaña de la FEMECV 2021, Trail de Crevillent",2021-07-18,Domingo,9.0,trail running,Cadete/Juvenil,2,4,Crevillente,El Bajo Vinalopó,Alicante,0,1573,CADETE,Comunidad Valenciana
mychip,Volta a peu Nocturna a Palomar,2021-07-17,Sábado,8.0,road running,Absoluta/General,42,67,Alpuente,,Valencia,0,1629,Popular,Comunidad Valenciana
mychip,"1ª Prueba Copa de Marcha Nórdica, FEMECV 2021, Alicante.",2021-07-10,Sábado,8.0,road running,Absoluta/General,17,45,Alicante,El Alacantí,Alicante,0,1598,Copa Marcha Nórdica,Comunidad Valenciana
mychip,"1ª Prueba Copa de Marcha Nórdica, FEMECV 2021, Alicante.",2021-07-10,Sábado,4.0,road running,Absoluta/General,1,4,Alicante,El Alacantí,Alicante,0,1598,Promoción Nordica,Comunidad Valenciana
mychip,"1ª Prueba Copa de Marcha Nórdica, FEMECV 2021, Alicante.",2021-07-10,Sábado,4.0,road running,Infantil,0,4,Alicante,El Alacantí,Alicante,0,1598,Infantil & Cadete,Comunidad Valenciana
mychip,"TERCERA  prueba de la Liga de Carreras por Montaña de la FEMECV 2021, Trail de Genovés",2021-07-04,Domingo,18.3,trail running,Absoluta/General,27,150,Liria,El Campo de Turia,Valencia,0,1574,ABSOLUTA,Comunidad Valenciana
mychip,"TERCERA  prueba de la Liga de Carreras por Montaña de la FEMECV 2021, Trail de Genovés",2021-07-04,Domingo,13.0,trail running,Cadete/Juvenil,0,2,Liria,El Campo de Turia,Valencia,0,1574,JÚNIOR,Comunidad Valenciana
mychip,"TERCERA  prueba de la Liga de Carreras por Montaña de la FEMECV 2021, Trail de Genovés",2021-07-04,Domingo,13.0,trail running,Cadete/Juvenil,0,5,Liria,El Campo de Turia,Valencia,0,1574,JUVENIL,Comunidad Valenciana
mychip,"TERCERA  prueba de la Liga de Carreras por Montaña de la FEMECV 2021, Trail de Genovés",2021-07-04,Domingo,13.0,trail running,Cadete/Juvenil,2,3,Liria,El Campo de Turia,Valencia,0,1574,CADETE,Comunidad Valenciana
mychip,"TERCERA  prueba de la Liga de Carreras por Montaña de la FEMECV 2021, Trail de Genovés",2021-07-04,Domingo,18.3,trail running,Absoluta/General,9,43,Liria,El Campo de Turia,Valencia,0,1574,OPEN,Comunidad Valenciana
mychip,"CAMPEONATO DE ESPAÑA DE CLUBS Y COPA VERTICALES, FEDME 2021, KV VERTICAL SIERRA NEVADA",2021-07-04,Domingo,4.8,trail running,Absoluta/General,58,151,Lanjarón,,Andalucía,0,1592,ABSOLUTA,Andalucía
mychip,"CAMPEONATO DE ESPAÑA DE CLUBS Y COPA VERTICALES, FEDME 2021, KV VERTICAL SIERRA NEVADA",2021-07-04,Domingo,4.8,trail running,Cadete/Juvenil,1,7,Lanjarón,,Andalucía,0,1592,JÚNIOR,Andalucía
mychip,"CAMPEONATO DE ESPAÑA DE CLUBS Y COPA VERTICALES, FEDME 2021, KV VERTICAL SIERRA NEVADA",2021-07-04,Domingo,4.8,trail running,Cadete/Juvenil,2,8,Lanjarón,,Andalucía,0,1592,JUVENIL,Andalucía
mychip,"CAMPEONATO DE ESPAÑA DE CLUBS Y COPA VERTICALES, FEDME 2021, KV VERTICAL SIERRA NEVADA",2021-07-04,Domingo,3.0,trail running,Cadete/Juvenil,4,9,Lanjarón,,Andalucía,0,1592,CADETE,Andalucía
mychip,"Volta a Peu i VII Marxa senderista, Barxeta",2021-07-03,Sábado,9.0,road running,Absoluta/General,37,148,Barcheta,La Costera,Valencia,0,1624,Cursa,Comunidad Valenciana
mychip,"Volta a Peu i VII Marxa senderista, Barxeta",2021-07-03,Sábado,8.0,road running,Absoluta/General,56,44,Barcheta,La Costera,Valencia,0,1624,Senderista,Comunidad Valenciana
mychip,"CAMPEONATO AUTONÓMICO Y DE CLUBS DE MARCHA NÓRDICA, CREVILLENT. FEMECV 2021",2021-06-26,Sábado,13.5,Otros,Absoluta/General,15,39,Crevillente,El Bajo Vinalopó,Alicante,0,1627,Autonómico,Comunidad Valenciana
mychip,"CAMPEONATO AUTONÓMICO Y DE CLUBS DE MARCHA NÓRDICA, CREVILLENT. FEMECV 2021",2021-06-26,Sábado,7.36,Otros,Infantil,0,4,Crevillente,El Bajo Vinalopó,Alicante,0,1627,Infantil y cadete,Comunidad Valenciana
mychip,"CAMPEONATO AUTONÓMICO Y DE CLUBS DE MARCHA NÓRDICA, CREVILLENT. FEMECV 2021",2021-06-26,Sábado,7.36,Otros,Absoluta/General,4,1,Crevillente,El Bajo Vinalopó,Alicante,0,1627,Promoción,Comunidad Valenciana
mychip,"Segunda prueba de la Liga de Carreras por Montaña de la FEMECV 2021, III Trail Sierra de Orihuela",2021-06-20,Domingo,17.0,trail running,Absoluta/General,39,227,Orihuela,,Alicante,0,1571,ABSOLUTA,Comunidad Valenciana
mychip,"Segunda prueba de la Liga de Carreras por Montaña de la FEMECV 2021, III Trail Sierra de Orihuela",2021-06-20,Domingo,12.0,trail running,Cadete/Juvenil,0,2,Orihuela,,Alicante,0,1571,JÚNIOR,Comunidad Valenciana
mychip,"Segunda prueba de la Liga de Carreras por Montaña de la FEMECV 2021, III Trail Sierra de Orihuela",2021-06-20,Domingo,12.0,trail running,Cadete/Juvenil,0,6,Orihuela,,Alicante,0,1571,JUVENIL,Comunidad Valenciana
mychip,"Segunda prueba de la Liga de Carreras por Montaña de la FEMECV 2021, III Trail Sierra de Orihuela",2021-06-20,Domingo,12.0,trail running,Cadete/Juvenil,2,3,Orihuela,,Alicante,0,1571,CADETE,Comunidad Valenciana
mychip,"COPA DE ESPAÑA DE VERTICALES, FEDME 2021, KV ROQUETES",2021-06-19,Sábado,5.5,trail running,Absoluta/General,24,91,Roquetes,,Cataluña,0,1591,ABSOLUTA,Cataluña
mychip,"COPA DE ESPAÑA DE VERTICALES, FEDME 2021, KV ROQUETES",2021-06-19,Sábado,5.5,trail running,Cadete/Juvenil,2,7,Roquetes,,Cataluña,0,1591,JÚNIOR,Cataluña
mychip,"COPA DE ESPAÑA DE VERTICALES, FEDME 2021, KV ROQUETES",2021-06-19,Sábado,5.5,trail running,Cadete/Juvenil,1,7,Roquetes,,Cataluña,0,1591,JUVENIL,Cataluña
mychip,"COPA DE ESPAÑA DE VERTICALES, FEDME 2021, KV ROQUETES",2021-06-19,Sábado,4.15,trail running,Cadete/Juvenil,1,2,Roquetes,,Cataluña,0,1591,CADETE,Cataluña
mychip,"ROTARY ALCOI, VOLTA ALS PONTS, PRO – ALZHEIMER",2021-06-12,Sábado,4.75,road running,Elite,0,0,Alcoy,La Hoya de Alcoy,Alicante,0,1622,Pro-Solidari,Comunidad Valenciana
mychip,PRIMERA PROVA DE LA LLIGA FEMECV. TRAIL DELS SENDERS DE LA VALL DEL VERNISSA,2021-06-06,Domingo,17.5,trail running,Absoluta/General,38,198,Rótova,La Safor,Valencia,0,1572,ABSOLUTA,Comunidad Valenciana
mychip,PRIMERA PROVA DE LA LLIGA FEMECV. TRAIL DELS SENDERS DE LA VALL DEL VERNISSA,2021-06-06,Domingo,13.8,trail running,Cadete/Juvenil,0,4,Rótova,La Safor,Valencia,0,1572,JÚNIOR,Comunidad Valenciana
mychip,PRIMERA PROVA DE LA LLIGA FEMECV. TRAIL DELS SENDERS DE LA VALL DEL VERNISSA,2021-06-06,Domingo,13.8,trail running,Cadete/Juvenil,1,5,Rótova,La Safor,Valencia,0,1572,JUVENIL,Comunidad Valenciana
mychip,PRIMERA PROVA DE LA LLIGA FEMECV. TRAIL DELS SENDERS DE LA VALL DEL VERNISSA,2021-06-06,Domingo,13.8,trail running,Cadete/Juvenil,1,5,Rótova,La Safor,Valencia,0,1572,CADETE,Comunidad Valenciana
mychip,CARRERA VIRTUAL ASOCIACIÓN VÍCTIMAS DEL TERRORISMO 2021,2021-06-05,Sábado,10.0,road running,Absoluta/General,0,0,Madrid,,Comunidad de Madrid,0,1607,10k Corriendo o Andando,Comunidad de Madrid
mychip,CARRERA VIRTUAL ASOCIACIÓN VÍCTIMAS DEL TERRORISMO 2021,2021-06-05,Sábado,5.0,road running,Absoluta/General,0,0,Madrid,,Comunidad de Madrid,0,1607,5k Corriendo o Andando,Comunidad de Madrid
mychip,"CAMPEONATO AUTONÓMICO DE KILÓMETRO VERTICAL, FEMECV 2021, PUIG CAMPANA, FINESTRAT",2021-05-30,Domingo,3.65,trail running,Absoluta/General,37,173,Finestrat,La Marina Baja,Alicante,0,1616,ABSOLUTA,Comunidad Valenciana
mychip,"CAMPEONATO AUTONÓMICO DE KILÓMETRO VERTICAL, FEMECV 2021, PUIG CAMPANA, FINESTRAT",2021-05-30,Domingo,3.65,trail running,Cadete/Juvenil,2,4,Finestrat,La Marina Baja,Alicante,0,1616,JÚNIOR,Comunidad Valenciana
mychip,"CAMPEONATO AUTONÓMICO DE KILÓMETRO VERTICAL, FEMECV 2021, PUIG CAMPANA, FINESTRAT",2021-05-30,Domingo,3.65,trail running,Cadete/Juvenil,2,6,Finestrat,La Marina Baja,Alicante,0,1616,JUVENIL,Comunidad Valenciana
mychip,"CAMPEONATO AUTONÓMICO DE KILÓMETRO VERTICAL, FEMECV 2021, PUIG CAMPANA, FINESTRAT",2021-05-30,Domingo,3.65,trail running,Cadete/Juvenil,0,3,Finestrat,La Marina Baja,Alicante,0,1616,CADETE,Comunidad Valenciana
mychip,Travesía Crevillent La Marina,2021-05-30,Domingo,26.7,trail running,Absoluta/General,0,0,Crevillente,El Bajo Vinalopó,Alicante,0,1620,Marcha Nórdica,Comunidad Valenciana
mychip,Travesía Crevillent La Marina,2021-05-30,Domingo,26.7,trail running,Absoluta/General,0,0,Crevillente,El Bajo Vinalopó,Alicante,0,1620,Marcha Senderista,Comunidad Valenciana
mychip,Travesía Crevillent La Marina,2021-05-30,Domingo,26.7,trail running,Absoluta/General,0,0,Crevillente,El Bajo Vinalopó,Alicante,0,1620,Trotada,Comunidad Valenciana
mychip,"Crono Escalada Marcha Nórdica, cim de la Vella, Crevillent. FEMECV 2021",2021-05-22,Sábado,5.65,Otros,Absoluta/General,13,36,Hondón de las Nieves,El Vinalopó Medio,Alicante,0,1610,Crono Escalada,Comunidad Valenciana
mychip,"Crono Escalada Marcha Nórdica, cim de la Vella, Crevillent. FEMECV 2021",2021-05-22,Sábado,5.65,Otros,Absoluta/General,1,1,Hondón de las Nieves,El Vinalopó Medio,Alicante,0,1610,Promoción,Comunidad Valenciana
mychip,III TRAIL LLANERA DE RANES,2021-05-22,Sábado,0.04,trail running,Absoluta/General,0,0,Llanera de Ranes,La Costera,Valencia,0,1613,MARATON,Comunidad Valenciana
mychip,Campeonato España Individual y Selecciones Autonómicas de CxM en Edad Escolar  Atarfe 2021,2021-05-21,Viernes,28.5,trail running,Absoluta/General,0,0,Atarfe,,Andalucía,0,1609,ABSOLUTA,Andalucía
mychip,Campeonato España Individual y Selecciones Autonómicas de CxM en Edad Escolar  Atarfe 2021,2021-05-21,Viernes,12.0,trail running,Cadete/Juvenil,0,0,Atarfe,,Andalucía,0,1609,JUNIOR,Andalucía
mychip,Campeonato España Individual y Selecciones Autonómicas de CxM en Edad Escolar  Atarfe 2021,2021-05-21,Viernes,12.0,trail running,Cadete/Juvenil,0,0,Atarfe,,Andalucía,0,1609,JUVENIL,Andalucía
mychip,Campeonato España Individual y Selecciones Autonómicas de CxM en Edad Escolar  Atarfe 2021,2021-05-21,Viernes,18.0,trail running,Cadete/Juvenil,0,0,Atarfe,,Andalucía,0,1609,CADETE,Andalucía
mychip,Campeonato España Individual y Selecciones Autonómicas de CxM en Edad Escolar  Atarfe 2021,2021-05-21,Viernes,10.0,trail running,Infantil,0,0,Atarfe,,Andalucía,0,1609,Campeonato Escolar,Andalucía
mychip,"COPA DE ESPAÑA DE CXM EN LÍNEA, FEDME 2021, BURGOS CXM MIRANDA DE EBRO",2021-05-16,Domingo,35.0,trail running,Absoluta/General,26,190,Miranda de Ebro,,Burgos,0,1584,35k Copa de España & Open,Castilla y León
mychip,"COPA DE ESPAÑA DE CXM EN LÍNEA, FEDME 2021, BURGOS CXM MIRANDA DE EBRO",2021-05-16,Domingo,15.0,trail running,Cadete/Juvenil,22,90,Miranda de Ebro,,Burgos,0,1584,"15k, Júnior y Open",Castilla y León
mychip,"COPA DE ESPAÑA DE CXM EN LÍNEA, FEDME 2021, BURGOS CXM MIRANDA DE EBRO",2021-05-16,Domingo,10.5,trail running,Cadete/Juvenil,19,32,Miranda de Ebro,,Burgos,0,1584,"10k, JUVENIL & Open",Castilla y León
mychip,"COPA DE ESPAÑA DE CXM EN LÍNEA, FEDME 2021, BURGOS CXM MIRANDA DE EBRO",2021-05-16,Domingo,10.0,trail running,Cadete/Juvenil,2,3,Miranda de Ebro,,Burgos,0,1584,10k Cadete,Castilla y León
mychip,"COPA DE ESPAÑA DE CXM EN LÍNEA, FEDME 2021, BURGOS CXM MIRANDA DE EBRO",2021-05-16,Domingo,25.0,trail running,Absoluta/General,15,141,Miranda de Ebro,,Burgos,0,1584,25k Open,Castilla y León
mychip,"Trail de Primavera, Confrides 2021",2021-05-15,Sábado,43.0,trail running,Absoluta/General,23,197,Confrides,La Marina Baja,Alicante,0,1565,"43k, Serrella, CTM",Comunidad Valenciana
mychip,"Trail de Primavera, Confrides 2021",2021-05-15,Sábado,43.0,trail running,Absoluta/General,0,0,Confrides,La Marina Baja,Alicante,0,1565,"43k, Serrella",Comunidad Valenciana
mychip,"3 Prova Copa Escalada en Bloc, Nules, FEMECV 2021",2021-05-15,Sábado,0.0,Otros,Absoluta/General,0,0,Nules,Plana Baja,Castellón,0,1619,Copa Escalada,Comunidad Valenciana
mychip,Granadella Trail Costa Blanca 2021,2021-05-09,Domingo,17.2,trail running,Absoluta/General,55,250,Jávea,La Marina Alta,Alicante,0,1568,"Trail 17,2k, ",Comunidad Valenciana
mychip,Granadella Trail Costa Blanca 2021,2021-05-09,Domingo,10.0,trail running,Absoluta/General,63,141,Jávea,La Marina Alta,Alicante,0,1568,Sprint Trail 10k ,Comunidad Valenciana
mychip,Granadella Trail Costa Blanca 2021,2021-05-09,Domingo,0.0,trail running,Infantil,0,0,Jávea,La Marina Alta,Alicante,0,1568,"Menores, ",Comunidad Valenciana
mychip,"VIRTUAL, 2on Avenc trail Quatretonda",2021-05-02,Domingo,25.0,trail running,Absoluta/General,0,0,Cuatretonda,La Vall d'Albaida,Valencia,0,1536,Avenc trail,Comunidad Valenciana
mychip,"VIRTUAL, 2on Avenc trail Quatretonda",2021-05-02,Domingo,14.0,trail running,Absoluta/General,0,0,Cuatretonda,La Vall d'Albaida,Valencia,0,1536,Esprint Trail,Comunidad Valenciana
mychip,"CAMPEONATO DE ESPAÑA CXM EN LÍNEA INDIVIDUAL Y POR SELECCIONES AUTONÓMICAS, JAÉN MÁGINA SKYRACE",2021-05-02,Domingo,28.5,trail running,Absoluta/General,109,255,Torres,,Andalucía,0,1588,ABSOLUTA,Andalucía
mychip,"CAMPEONATO DE ESPAÑA CXM EN LÍNEA INDIVIDUAL Y POR SELECCIONES AUTONÓMICAS, JAÉN MÁGINA SKYRACE",2021-05-02,Domingo,12.0,trail running,Cadete/Juvenil,14,35,Torres,,Andalucía,0,1588,JUNIOR,Andalucía
mychip,"CAMPEONATO DE ESPAÑA CXM EN LÍNEA INDIVIDUAL Y POR SELECCIONES AUTONÓMICAS, JAÉN MÁGINA SKYRACE",2021-05-02,Domingo,12.0,trail running,Cadete/Juvenil,19,42,Torres,,Andalucía,0,1588,JUVENIL,Andalucía
mychip,"CAMPEONATO DE ESPAÑA CXM EN LÍNEA INDIVIDUAL Y POR SELECCIONES AUTONÓMICAS, JAÉN MÁGINA SKYRACE",2021-05-02,Domingo,12.0,trail running,Absoluta/General,1,7,Torres,,Andalucía,0,1588,OPEN,Andalucía
mychip,"CAMPEONATO DE ESPAÑA VERTICALES INDIVIDUAL Y POR SELECCIONES AUTONÓMICAS, JAÉN MÁGINA SKYRACE",2021-05-01,Sábado,2.9,trail running,Absoluta/General,86,206,Albanchez de Mágina,,Andalucía,0,1589,ABSOLUTA,Andalucía
mychip,"CAMPEONATO DE ESPAÑA VERTICALES INDIVIDUAL Y POR SELECCIONES AUTONÓMICAS, JAÉN MÁGINA SKYRACE",2021-05-01,Sábado,2.9,trail running,Cadete/Juvenil,13,28,Albanchez de Mágina,,Andalucía,0,1589,JUNIOR,Andalucía
mychip,"CAMPEONATO DE ESPAÑA VERTICALES INDIVIDUAL Y POR SELECCIONES AUTONÓMICAS, JAÉN MÁGINA SKYRACE",2021-05-01,Sábado,2.9,trail running,Cadete/Juvenil,14,36,Albanchez de Mágina,,Andalucía,0,1589,JUVENIL,Andalucía
mychip,"CAMPEONATO DE ESPAÑA VERTICALES INDIVIDUAL Y POR SELECCIONES AUTONÓMICAS, JAÉN MÁGINA SKYRACE",2021-05-01,Sábado,1.5,trail running,Cadete/Juvenil,4,6,Albanchez de Mágina,,Andalucía,0,1589,CADETE,Andalucía
mychip,"2 Prova Copa Escalada en Bloc, La Nucía,  FEMECV 2021",2021-04-24,Sábado,0.0,Otros,Absoluta/General,0,0,La Nucía,La Marina Baja,Alicante,0,1615,Copa Escalada,Comunidad Valenciana
mychip,"COPA DE ESPAÑA DE CXM EN LÍNEA, FEDME 2021, SEVILLA PEÑON EXTREM, ALGÁMITAS.",2021-04-18,Domingo,21.5,trail running,Absoluta/General,41,158,Algámitas,,Andalucía,0,1583,ABSOLUTA,Andalucía
mychip,"COPA DE ESPAÑA DE CXM EN LÍNEA, FEDME 2021, SEVILLA PEÑON EXTREM, ALGÁMITAS.",2021-04-18,Domingo,13.0,trail running,Cadete/Juvenil,7,21,Algámitas,,Andalucía,0,1583,JÚNIOR,Andalucía
mychip,"COPA DE ESPAÑA DE CXM EN LÍNEA, FEDME 2021, SEVILLA PEÑON EXTREM, ALGÁMITAS.",2021-04-18,Domingo,7.6,trail running,Cadete/Juvenil,8,21,Algámitas,,Andalucía,0,1583,JUVENIL,Andalucía
mychip,"COPA DE ESPAÑA DE CXM EN LÍNEA, FEDME 2021, SEVILLA PEÑON EXTREM, ALGÁMITAS.",2021-04-18,Domingo,7.6,trail running,Cadete/Juvenil,3,7,Algámitas,,Andalucía,0,1583,CADETE,Andalucía
mychip,"COPA DE ESPAÑA DE CXM EN LÍNEA, FEDME 2021, SEVILLA PEÑON EXTREM, ALGÁMITAS.",2021-04-18,Domingo,13.0,trail running,Absoluta/General,64,62,Algámitas,,Andalucía,0,1583,open,Andalucía
mychip,"1 Prova Copa Escalada en Bloc, FEMECV 2021",2021-04-17,Sábado,0.0,Otros,Absoluta/General,0,0,Valencia,,Valencia,0,1612,Copa Escalada,Comunidad Valenciana
mychip,"Campeonato de España de Sprint Sierra Nevada, SKIMO, FEDME 21",2021-04-17,Sábado,4.5,Otros,Absoluta/General,0,0,Pradollano,,Andalucía,0,1614,Campeonato SPRINT,Andalucía
mychip,"Campeonato de España de Esquí de Montaña por Equipos FEDME, XXV TRAVESIA VALLE DEL ARAGÓN DE ESQUÍ - ALPINISMO",2021-03-21,Domingo,17.0,Otros,Equipos,0,0,Huesca,,Huesca,0,1603,Equipo,Aragón
mychip,"I Encuentro Invernal de Corredoras por Montaña, FEDME 2021",2021-03-05,Viernes,0.001,Otros,Absoluta/General,0,0,la Vall de Boí,,Lleida,0,1602,Encuentro invernal,Cataluña
mychip,"3A Y 4A PRUEBA DE COPA DE ESPAÑA DE ESQUÍ DE MONTAÑA FEDME 2021- XXXIX TRAVESÍA CLUB MONTAÑA PIRINEOS, PANTICOSA",2021-02-27,Sábado,10.0,Otros,Absoluta/General,0,0,Panticosa,,Huesca,0,1599,"Vertikal,  Sábado 27 de febrero",Aragón
mychip,"3A Y 4A PRUEBA DE COPA DE ESPAÑA DE ESQUÍ DE MONTAÑA FEDME 2021- XXXIX TRAVESÍA CLUB MONTAÑA PIRINEOS, PANTICOSA",2021-02-27,Sábado,15.0,Otros,Absoluta/General,0,0,Panticosa,,Huesca,0,1599,"Individual, Domingo 28 de febrero",Aragón
mychip,"COPA DE ESPAÑA DE SNOWRUNNING, FEDME 2021, II SNOWCROSS LA COVATILLA",2021-02-20,Sábado,12.0,Otros,Absoluta/General,0,0,Béjar,,Salamanca,0,1576,12k,Castilla y León
mychip,"COPA DE ESPAÑA DE SNOWRUNNING, FEDME 2021, II SNOWCROSS LA COVATILLA",2021-02-20,Sábado,6.0,Otros,Absoluta/General,0,0,Béjar,,Salamanca,0,1576,6k,Castilla y León
mychip,Copa de España Snowrunning FEDME 2021 - SNOWRUNNING LARRA BELAGUA,2021-02-13,Sábado,10.0,Otros,Absoluta/General,0,0,Isaba,,Navarra,0,1595,11k,Navarra
mychip,"VIRTUAL, CARRERA POPULAR SOLIDARIA MANOS UNIDAS ALZIRA 2021",2021-02-13,Sábado,6.0,road running,Absoluta/General,0,0,Alcira,La Ribera Alta,Valencia,0,1600,6km,Comunidad Valenciana
mychip,"VIRTUAL, CARRERA POPULAR SOLIDARIA MANOS UNIDAS ALZIRA 2021",2021-02-13,Sábado,2.0,road running,Absoluta/General,0,0,Alcira,La Ribera Alta,Valencia,0,1600,2km,Comunidad Valenciana
mychip,I TRAIL SIMAT ONTRACK (RECORRIDO MARCADO),2021-02-13,Sábado,11.0,trail running,Absoluta/General,0,0,Valencia,,Valencia,0,1601,sprint ontrack ,Comunidad Valenciana
mychip,I TRAIL SIMAT ONTRACK (RECORRIDO MARCADO),2021-02-13,Sábado,20.0,trail running,Absoluta/General,0,0,Valencia,,Valencia,0,1601,trail ontrack 20k dos vueltas,Comunidad Valenciana
mychip,X TRAIL  I MARXA SENDERISTA SERRALADES DE BARXETA 2021-MEMORIAL ALFRED SOLER,2021-01-17,Domingo,21.0,trail running,Absoluta/General,0,0,Barcheta,La Costera,Valencia,0,1543,"TRAIL, 21k",Comunidad Valenciana
mychip,X TRAIL  I MARXA SENDERISTA SERRALADES DE BARXETA 2021-MEMORIAL ALFRED SOLER,2021-01-17,Domingo,12.0,trail running,Absoluta/General,0,0,Barcheta,La Costera,Valencia,0,1543,"Marxa, 12.5k",Comunidad Valenciana
mychip,(APLAZADO )ULTRA-TRAIL TERESA DE COFRENTES,2021-01-16,Sábado,0.06,trail running,Absoluta/General,0,0,Teresa de Cofrentes,El Valle de Cofrentes-Ayora,Valencia,0,1577,60K  SABADO,Comunidad Valenciana
mychip,(APLAZADO )ULTRA-TRAIL TERESA DE COFRENTES,2021-01-16,Sábado,12.0,trail running,Absoluta/General,0,0,Teresa de Cofrentes,El Valle de Cofrentes-Ayora,Valencia,0,1577,12K SABADO,Comunidad Valenciana
mychip,(APLAZADO )ULTRA-TRAIL TERESA DE COFRENTES,2021-01-16,Sábado,0.042,trail running,Absoluta/General,0,0,Teresa de Cofrentes,El Valle de Cofrentes-Ayora,Valencia,0,1577,42K DOMINGO,Comunidad Valenciana
mychip,(APLAZADO )ULTRA-TRAIL TERESA DE COFRENTES,2021-01-16,Sábado,23.0,trail running,Absoluta/General,0,0,Teresa de Cofrentes,El Valle de Cofrentes-Ayora,Valencia,0,1577,23K DOMINGO,Comunidad Valenciana
mychip,"CAMPEONATOS DE ESPAÑA ESQUÍ DE MONTAÑA FEDME 2021, Boi Taüll",2021-01-14,Jueves,3.5,Otros,Absoluta/General,0,0,la Vall de Boí,,Lleida,0,1575,"Relevos, 14 de enero.",Cataluña
mychip,"CAMPEONATOS DE ESPAÑA ESQUÍ DE MONTAÑA FEDME 2021, Boi Taüll",2021-01-14,Jueves,0.625,Otros,Absoluta/General,0,0,la Vall de Boí,,Lleida,0,1575,"Sprint, 15 de enero",Cataluña
mychip,"CAMPEONATOS DE ESPAÑA ESQUÍ DE MONTAÑA FEDME 2021, Boi Taüll",2021-01-14,Jueves,8.5,Otros,Absoluta/General,0,0,la Vall de Boí,,Lleida,0,1575,"Individual, 16 de enero ",Cataluña
mychip,"CAMPEONATOS DE ESPAÑA ESQUÍ DE MONTAÑA FEDME 2021, Boi Taüll",2021-01-14,Jueves,3.5,Otros,Absoluta/General,0,0,la Vall de Boí,,Lleida,0,1575,"Cronoescalada, 17 de enero",Cataluña
mychip,Sant Silvestre Virtual de Paiporta,2020-12-31,Jueves,0.0,road running,Absoluta/General,0,0,Paiporta,Huerta Sur,Valencia,0,1581,San Silvestre,Comunidad Valenciana
mychip,"9.5 EDICIÓN DE LA MEDIA MARATÓN ALCOY 2020, VIRTUAL Y SOLIDARIA",2020-12-19,Sábado,21.0,road running,Absoluta/General,0,0,Alcoy,La Hoya de Alcoy,Alicante,0,1567,"21k, Corriendo o Andando",Comunidad Valenciana
mychip,"9.5 EDICIÓN DE LA MEDIA MARATÓN ALCOY 2020, VIRTUAL Y SOLIDARIA",2020-12-19,Sábado,10.5,road running,Absoluta/General,0,0,Alcoy,La Hoya de Alcoy,Alicante,0,1567,"10,5k Corriendo o Andando",Comunidad Valenciana
mychip,"9.5 EDICIÓN DE LA MEDIA MARATÓN ALCOY 2020, VIRTUAL Y SOLIDARIA",2020-12-19,Sábado,5.0,road running,Absoluta/General,0,0,Alcoy,La Hoya de Alcoy,Alicante,0,1567,"5k, Corriendo o Andando",Comunidad Valenciana
mychip,"9.5 EDICIÓN DE LA MEDIA MARATÓN ALCOY 2020, VIRTUAL Y SOLIDARIA",2020-12-19,Sábado,1.0,road running,Absoluta/General,0,0,Alcoy,La Hoya de Alcoy,Alicante,0,1567,"1k, Corriendo o Andando",Comunidad Valenciana
mychip,"XVI MITJA MARATÓ SERRA D’OLTÀ 2020, Circuit Trail marina 2021",2020-12-13,Domingo,16.0,trail running,Absoluta/General,41,183,Calpe,La Marina Alta,Alicante,0,1560,"16k, CTM",Comunidad Valenciana
mychip,"XVI MITJA MARATÓ SERRA D’OLTÀ 2020, Circuit Trail marina 2021",2020-12-13,Domingo,14.5,trail running,Absoluta/General,18,25,Calpe,La Marina Alta,Alicante,0,1560,"Sender 14,5k",Comunidad Valenciana
mychip,1a y 2a Prueba de Copa de España de Esquí de Montaña FEDME 2021- Cronoescalada y Sprint - 2 Trofeo SABIKA,2020-12-12,Sábado,0.625,Otros,Absoluta/General,0,0,Monachil,,Andalucía,0,1569,Sprint,Andalucía
mychip,1a y 2a Prueba de Copa de España de Esquí de Montaña FEDME 2021- Cronoescalada y Sprint - 2 Trofeo SABIKA,2020-12-12,Sábado,4.57,Otros,Absoluta/General,0,0,Monachil,,Andalucía,0,1569,Cronoescalada,Andalucía
mychip,11ª Edición Carrera X Montaña Sierra de Chiva,2020-12-06,Domingo,60.0,trail running,Mayores/Veteranos,0,0,Chiva,La Hoya de Buñol,Valencia,0,1557,Master 61km,Comunidad Valenciana
mychip,11ª Edición Carrera X Montaña Sierra de Chiva,2020-12-06,Domingo,15.0,trail running,Absoluta/General,0,0,Chiva,La Hoya de Buñol,Valencia,0,1557,Sprint 15k Virtual,Comunidad Valenciana
mychip,"VI Tres Tossals, Circuit Trail Marina 2021",2020-11-29,Domingo,20.0,trail running,Absoluta/General,43,216,Gata de Gorgos,La Marina Alta,Alicante,0,1554,"Tres Tossals, CTM",Comunidad Valenciana
mychip,Mou-te al teu aire per la MPOC,2020-11-22,Domingo,5.0,road running,Absoluta/General,0,0,Sueca,La Ribera Baja,Valencia,0,1556,MOUTE PER LA MPOC,Comunidad Valenciana
mychip,Costa Blanca Trails 2020,2020-11-21,Sábado,101.0,trail running,Absoluta/General,0,0,Finestrat,La Marina Baja,Alicante,0,1524,GTCB 101k (17/11),Comunidad Valenciana
mychip,Costa Blanca Trails 2020,2020-11-21,Sábado,75.0,trail running,Absoluta/General,0,0,Finestrat,La Marina Baja,Alicante,0,1524,UTCB 75k- Preinscripción,Comunidad Valenciana
mychip,Costa Blanca Trails 2020,2020-11-21,Sábado,46.0,trail running,Absoluta/General,0,0,Finestrat,La Marina Baja,Alicante,0,1524,MCB 46K - Preinscripción,Comunidad Valenciana
mychip,Costa Blanca Trails 2020,2020-11-21,Sábado,29.0,trail running,Absoluta/General,0,0,Finestrat,La Marina Baja,Alicante,0,1524,TPC 29K - Preinscripción,Comunidad Valenciana
mychip,Costa Blanca Trails 2020,2020-11-21,Sábado,20.0,trail running,Absoluta/General,0,0,Finestrat,La Marina Baja,Alicante,0,1524,"MTF 20K &SENDER, Preinscripción",Comunidad Valenciana
mychip,Costa Blanca Trails 2020,2020-11-21,Sábado,5.0,trail running,Absoluta/General,0,0,Finestrat,La Marina Baja,Alicante,0,1524,Acceso puntos de seguimiento corredores,Comunidad Valenciana
mychip,CARRERA VIRTUAL ASOCIACIÓN VÍCTIMAS DEL TERRORISMO 2020,2020-11-15,Domingo,10.0,road running,Absoluta/General,0,0,Madrid,,Comunidad de Madrid,0,1551,10k Corriendo o Andando,Comunidad de Madrid
mychip,CARRERA VIRTUAL ASOCIACIÓN VÍCTIMAS DEL TERRORISMO 2020,2020-11-15,Domingo,5.0,road running,Absoluta/General,0,0,Madrid,,Comunidad de Madrid,0,1551,5k Corriendo o Andando,Comunidad de Madrid
mychip,"MArató dels Dements 2020, Eslida & Aín",2020-11-14,Sábado,42.5,trail running,Absoluta/General,0,0,Eslida,Plana Baja,Castellón,0,1523,Marató dels Dements,Comunidad Valenciana
mychip,"MArató dels Dements 2020, Eslida & Aín",2020-11-14,Sábado,21.0,trail running,Absoluta/General,0,0,Eslida,Plana Baja,Castellón,0,1523,Mitja dels Dements d'Eslida,Comunidad Valenciana
mychip,"MArató dels Dements 2020, Eslida & Aín",2020-11-14,Sábado,44.0,trail running,Absoluta/General,0,0,Eslida,Plana Baja,Castellón,0,1523,Marató dels Dements por etapas,Comunidad Valenciana
mychip,"MArató dels Dements 2020, Eslida & Aín",2020-11-14,Sábado,20.75,trail running,Absoluta/General,0,0,Eslida,Plana Baja,Castellón,0,1523,Mitja dels Dements Aín,Comunidad Valenciana
mychip,I TRAIL ESTUBENY,2020-11-14,Sábado,11.0,trail running,Absoluta/General,0,0,Estubeny,La Costera,Valencia,0,1552,11k sabado,Comunidad Valenciana
mychip,I TRAIL ESTUBENY,2020-11-14,Sábado,20.0,trail running,Absoluta/General,0,0,Estubeny,La Costera,Valencia,0,1552,20k Sabado,Comunidad Valenciana
mychip,I TRAIL ESTUBENY,2020-11-14,Sábado,15.0,trail running,Absoluta/General,0,0,Estubeny,La Costera,Valencia,0,1552,15k Domingo,Comunidad Valenciana
mychip,I TRAIL ESTUBENY,2020-11-14,Sábado,27.0,trail running,Absoluta/General,0,0,Estubeny,La Costera,Valencia,0,1552,27k Domingo,Comunidad Valenciana
mychip,"Alicante International Skate Cup, open",2020-11-13,Viernes,0.0,Otros,Absoluta/General,0,0,Alicante,El Alacantí,Alicante,0,1558,Open Masculino,Comunidad Valenciana
mychip,"Alicante International Skate Cup, open",2020-11-13,Viernes,0.0,Otros,Absoluta/General,0,0,Alicante,El Alacantí,Alicante,0,1558,Open Femenino,Comunidad Valenciana
mychip,"Alicante International Skate Cup, open",2020-11-13,Viernes,0.0,Otros,Infantil,0,0,Alicante,El Alacantí,Alicante,0,1558,Menores,Comunidad Valenciana
mychip,"Campionat de Regularitat per muntanya de la Comunitat Valenciana, Benissa FEMECV 2020",2020-11-08,Domingo,14.0,trail running,Absoluta/General,28,21,Benisa,La Marina Alta,Alicante,0,1555,Marcha Regularidad,Comunidad Valenciana
mychip,"Carrera virtual, BAJADA SOLIDARIA CREVILLENT-EL REALENGO-CAMPING ALANIA COSTA BLANCA",2020-10-19,Lunes,11.0,trail running,Absoluta/General,0,0,Crevillente,El Bajo Vinalopó,Alicante,0,1549,Nórdica,Comunidad Valenciana
mychip,"Carrera virtual, BAJADA SOLIDARIA CREVILLENT-EL REALENGO-CAMPING ALANIA COSTA BLANCA",2020-10-19,Lunes,11.0,trail running,Absoluta/General,0,0,Crevillente,El Bajo Vinalopó,Alicante,0,1549,CARRERA,Comunidad Valenciana
mychip,"Carrera virtual, BAJADA SOLIDARIA CREVILLENT-EL REALENGO-CAMPING ALANIA COSTA BLANCA",2020-10-19,Lunes,11.0,trail running,Absoluta/General,0,0,Crevillente,El Bajo Vinalopó,Alicante,0,1549,Senderista,Comunidad Valenciana
mychip,"SUSPENDIDO!!!, XII Botamarges, Campionat Autonòmic de llarg recorregut, FEMECV 2020",2020-10-03,Sábado,64.0,trail running,Absoluta/General,0,0,Adsubia,La Marina Alta,Alicante,0,1527,Botamarges,Comunidad Valenciana
mychip,"Virtual, IX Media Maratón Villa de Aranjuez y 8km",2020-09-27,Domingo,21.097,road running,Absoluta/General,0,0,Aranjuez,,Comunidad de Madrid,0,1480,Media Maratón,Comunidad de Madrid
mychip,"Virtual, IX Media Maratón Villa de Aranjuez y 8km",2020-09-27,Domingo,8.0,road running,Absoluta/General,0,0,Aranjuez,,Comunidad de Madrid,0,1480,Carrera 8km,Comunidad de Madrid
mychip,I Trail Canals OnTrack,2020-09-27,Domingo,10.0,trail running,Absoluta/General,0,0,Canals,La Costera,Valencia,0,1546,sprint,Comunidad Valenciana
mychip,I Trail Canals OnTrack,2020-09-27,Domingo,20.0,trail running,Absoluta/General,0,0,Canals,La Costera,Valencia,0,1546,Trail,Comunidad Valenciana
mychip,"Campionat Autonómic i 1er Campionat en Edad Escolar de Carrera Vertical, FEMECV 2020, TIbi",2020-09-26,Sábado,4.5,trail running,Absoluta/General,15,87,Tibi,La Hoya de Alcoy,Alicante,0,1497,ABSOLUTA,Comunidad Valenciana
mychip,"Campionat Autonómic i 1er Campionat en Edad Escolar de Carrera Vertical, FEMECV 2020, TIbi",2020-09-26,Sábado,4.5,trail running,Cadete/Juvenil,1,3,Tibi,La Hoya de Alcoy,Alicante,0,1497,JUNIOR,Comunidad Valenciana
mychip,"Campionat Autonómic i 1er Campionat en Edad Escolar de Carrera Vertical, FEMECV 2020, TIbi",2020-09-26,Sábado,4.5,trail running,Cadete/Juvenil,1,2,Tibi,La Hoya de Alcoy,Alicante,0,1497,JUVENIL,Comunidad Valenciana
mychip,"Campionat Autonómic i 1er Campionat en Edad Escolar de Carrera Vertical, FEMECV 2020, TIbi",2020-09-26,Sábado,2.6,trail running,Cadete/Juvenil,1,5,Tibi,La Hoya de Alcoy,Alicante,0,1497,CADETE,Comunidad Valenciana
mychip,"Campionat Autonómic i 1er Campionat en Edad Escolar de Carrera Vertical, FEMECV 2020, TIbi",2020-09-26,Sábado,2.6,trail running,Infantil,5,4,Tibi,La Hoya de Alcoy,Alicante,0,1497,"Infantil, 13 a 14 años",Comunidad Valenciana
mychip,15k & 5k Ciutat de Sueca,2020-09-26,Sábado,0.0,road running,Absoluta/General,0,0,Sueca,La Ribera Baja,Valencia,0,1521,default,Comunidad Valenciana
mychip,"Ultra del montseny, Campionat d'Espanya de Ultres FEDME",2020-09-26,Sábado,76.0,trail running,Absoluta/General,0,0,Taradell,,Barcelona,0,1547,Ultra 75k,Cataluña
mychip,"Ultra del montseny, Campionat d'Espanya de Ultres FEDME",2020-09-26,Sábado,44.0,trail running,Absoluta/General,0,0,Taradell,,Barcelona,0,1547,44k,Cataluña
mychip,"Ultra del montseny, Campionat d'Espanya de Ultres FEDME",2020-09-26,Sábado,22.0,trail running,Absoluta/General,0,0,Taradell,,Barcelona,0,1547,22k,Cataluña
mychip,"EVENTO SUSPENDIDO, KV CANFRANC, FEDME 2020",2020-09-20,Domingo,3.8,trail running,Absoluta/General,0,0,Canfranc,,Huesca,0,1473,ABSOLUTA,Aragón
mychip,"EVENTO SUSPENDIDO, KV CANFRANC, FEDME 2020",2020-09-20,Domingo,3.8,trail running,Cadete/Juvenil,0,0,Canfranc,,Huesca,0,1473,CADETE,Aragón
mychip,"EVENTO SUSPENDIDO, KV CANFRANC, FEDME 2020",2020-09-20,Domingo,3.8,trail running,Cadete/Juvenil,0,0,Canfranc,,Huesca,0,1473,JUVENIL,Aragón
mychip,"EVENTO SUSPENDIDO, KV CANFRANC, FEDME 2020",2020-09-20,Domingo,3.8,trail running,Cadete/Juvenil,0,0,Canfranc,,Huesca,0,1473,JUNIOR,Aragón
mychip,VI TRIATLON DE ANNA,2020-09-20,Domingo,0.75,Multidisciplina,Absoluta/General,0,0,Anna,La Canal de Navarrés,Valencia,0,1545,sprint triatlon Anna,Comunidad Valenciana
mychip,"Evento suspendido!!!, I MOUNTAIN BARX RACE",2020-09-19,Sábado,73.0,Ciclismo y btt,Absoluta/General,0,0,Bárig,La Safor,Valencia,0,1507,BARX RACE,Comunidad Valenciana
mychip,"Evento supendido. Faldes del Puig Campana, Trail & Sender Nocturn, 2020",2020-09-12,Sábado,13.0,trail running,Absoluta/General,0,0,Finestrat,La Marina Baja,Alicante,0,1522,Carrera,Comunidad Valenciana
mychip,"Evento supendido. Faldes del Puig Campana, Trail & Sender Nocturn, 2020",2020-09-12,Sábado,9.0,trail running,Absoluta/General,0,0,Finestrat,La Marina Baja,Alicante,0,1522,Sender,Comunidad Valenciana
mychip,"LAB:TRAIL - SUMMER:SUMMITS, CATALUNYA, del 1/7 al 30/9",2020-09-08,Martes,314.0,trail running,Absoluta/General,0,0,Barcelona,,Barcelona,0,1537,SKYRUNNING,Cataluña
mychip,"LAB:TRAIL, COMUNITAT VALENCIANA,  del 3/7 al 31/8",2020-09-08,Martes,476.3,trail running,Absoluta/General,0,0,Muro de Alcoy,El Condado de Cocentaina,Alicante,0,1538,TRAIL,Comunidad Valenciana
mychip,I Trail On Track Barx,2020-08-30,Domingo,10.0,trail running,Absoluta/General,0,0,Bárig,La Safor,Valencia,0,1544,10k,Comunidad Valenciana
mychip,Evento suspendido!!! Camins de Cabres 2020,2020-08-29,Sábado,45.0,trail running,Absoluta/General,0,0,Liria,El Campo de Turia,Valencia,0,1532,45k,Comunidad Valenciana
mychip,Evento suspendido!!! Camins de Cabres 2020,2020-08-29,Sábado,23.0,trail running,Absoluta/General,0,0,Liria,El Campo de Turia,Valencia,0,1532,23k,Comunidad Valenciana
mychip,"Trail, Sprint y caminata Llanera de Ranes",2020-07-26,Domingo,0.022,trail running,Absoluta/General,0,0,Valencia,,Valencia,0,1541,trail 22k,Comunidad Valenciana
mychip,"Trail, Sprint y caminata Llanera de Ranes",2020-07-26,Domingo,13.0,trail running,Absoluta/General,0,0,Valencia,,Valencia,0,1541,sprint,Comunidad Valenciana
mychip,"Trail, Sprint y caminata Llanera de Ranes",2020-07-26,Domingo,13.0,trail running,Absoluta/General,0,0,Valencia,,Valencia,0,1541,caminata,Comunidad Valenciana
mychip,I marcha BTT Llanera de Ranes,2020-07-25,Sábado,22.0,Ciclismo y btt,Absoluta/General,0,0,Llanera de Ranes,La Costera,Valencia,0,1542,marcha BTT Llanera de Ranes,Comunidad Valenciana
mychip,"Marxa Virtual solidària,  La Pobla es Mou contra el Càncer.",2020-06-27,Sábado,0.0,Otros,Absoluta/General,0,0,la Pobla Llarga,La Ribera Alta,Valencia,0,1535,INSCRIPCIÓ SOLIDARIA,Comunidad Valenciana
mychip,I MARCHA CICLODEPORTIVA JALANCE,2020-06-06,Sábado,0.12,Ciclismo y btt,Absoluta/General,0,0,Jalance,El Valle de Cofrentes-Ayora,Valencia,0,1517,MARCHA CORTA 120K,Comunidad Valenciana
mychip,I MARCHA CICLODEPORTIVA JALANCE,2020-06-06,Sábado,0.184,Ciclismo y btt,Absoluta/General,0,0,Jalance,El Valle de Cofrentes-Ayora,Valencia,0,1517,MARCHA LARGA 184K,Comunidad Valenciana
mychip,Carrera Virtual i Solidària amb l'Hospital Marina Salut,2020-05-24,Domingo,0.0,Otros,Absoluta/General,0,0,Denia,La Marina Alta,Alicante,0,1533,INSCRIPCIÓ SOLIDARIA,Comunidad Valenciana
mychip,Cursa Virtual i Solidaria Castelló es Mou contra el Càncer,2020-05-24,Domingo,0.0,Otros,Absoluta/General,0,0,,,Comunidad Valenciana,0,1534,INSCRIPCIÓ SOLIDARIA,Comunidad Valenciana
mychip,"SUSPENDIDO, 20K RELLEUS PER LA IGUALTAT TAVERNES 2020",2020-05-17,Domingo,20.0,road running,Absoluta/General,0,0,Tabernes de Valldigna,La Safor,Valencia,0,1516,"20k, RELLEUS",Comunidad Valenciana
mychip,"Evento cancelado. Mediterranean Coast Challenge, Costa Blanca, Altea 2020",2020-05-10,Domingo,5.5,Otros,Absoluta/General,0,0,Altea,La Marina Baja,Alicante,0,1456,"5,5k  Mediterranean",Comunidad Valenciana
mychip,"Evento cancelado. Mediterranean Coast Challenge, Costa Blanca, Altea 2020",2020-05-10,Domingo,2.0,Otros,Absoluta/General,0,0,Altea,La Marina Baja,Alicante,0,1456,"2k, Popular",Comunidad Valenciana
mychip,"Evento cancelado. Mediterranean Coast Challenge, Costa Blanca, Altea 2020",2020-05-10,Domingo,0.5,Otros,Infantil,0,0,Altea,La Marina Baja,Alicante,0,1456,Mini (5 a 16 años),Comunidad Valenciana
mychip,"evento suspendido, Trail Umbria la Plana 2020",2020-05-10,Domingo,20.5,trail running,Absoluta/General,0,0,Enguera,La Canal de Navarrés,Valencia,0,1503,"Trail 20,5k",Comunidad Valenciana
mychip,"evento suspendido, Trail Umbria la Plana 2020",2020-05-10,Domingo,10.5,trail running,Absoluta/General,0,0,Enguera,La Canal de Navarrés,Valencia,0,1503,Speed Trail 10km,Comunidad Valenciana
mychip,"evento suspendido, Trail Umbria la Plana 2020",2020-05-10,Domingo,10.0,trail running,Absoluta/General,0,0,Enguera,La Canal de Navarrés,Valencia,0,1503,Marcha Senderista,Comunidad Valenciana
mychip,"evento suspendido, Trail Umbria la Plana 2020",2020-05-10,Domingo,6.0,trail running,Absoluta/General,0,0,Enguera,La Canal de Navarrés,Valencia,0,1503,Canicross,Comunidad Valenciana
mychip,"#REVISCOLEMSUECA, MARATÓ SOLIDARIA, #ESPORT A CASA",2020-05-06,Miércoles,0.0,Otros,Absoluta/General,0,0,Sueca,La Ribera Baja,Valencia,0,1529,INSCRIPCIÓ SOLIDARIA,Comunidad Valenciana
mychip,"Maratón deportivo solidario, Ibi",2020-05-06,Miércoles,0.0,Otros,Absoluta/General,0,0,Ibi,La Hoya de Alcoy,Alicante,0,1530,INSCRIPCIÓ SOLIDARIA,Comunidad Valenciana
mychip,I Carrera Solidaria en Casa Unión Alcoyana a favor del plan Cruz Roja Responde,2020-05-06,Miércoles,0.0,Otros,Absoluta/General,0,0,Alcoy,La Hoya de Alcoy,Alicante,0,1531,INSCRIPCIÓ SOLIDARIA,Comunidad Valenciana
mychip,10K ROTARY PARQUE NATURAL SIERRA HELADA,2020-05-03,Domingo,10.0,road running,Absoluta/General,0,0,Benidorm,La Marina Baja,Alicante,0,1490,"10k, Trail",Comunidad Valenciana
mychip,10K ROTARY PARQUE NATURAL SIERRA HELADA,2020-05-03,Domingo,5.4,road running,Absoluta/General,0,0,Benidorm,La Marina Baja,Alicante,0,1490,Andadores,Comunidad Valenciana
mychip,10K ROTARY PARQUE NATURAL SIERRA HELADA,2020-05-03,Domingo,10.0,road running,Absoluta/General,0,0,Benidorm,La Marina Baja,Alicante,0,1490,Marcha Nordica,Comunidad Valenciana
mychip,¡¡¡EVENTO SUSPENDIDO!!! Marcha-Peregrinación Canals-Basílica 2020,2020-04-18,Sábado,73.0,Otros,Absoluta/General,0,0,Canals,La Costera,Valencia,0,1505,Canals & Basílica,Comunidad Valenciana
mychip,¡¡¡EVENTO SUSPENDIDO!!! Cencerro Trail Almansa,2020-03-22,Domingo,23.0,trail running,Absoluta/General,0,0,Almansa,,Castilla-La Mancha,0,1485,23k Trail,Castilla-La Mancha
mychip,¡¡¡EVENTO SUSPENDIDO!!! Cencerro Trail Almansa,2020-03-22,Domingo,12.0,trail running,Absoluta/General,0,0,Almansa,,Castilla-La Mancha,0,1485,12k Trail & Sender,Castilla-La Mancha
mychip,V PERIMETRAIL RETT SERRA VERNISSA,2020-03-08,Domingo,22.0,trail running,Absoluta/General,10,95,Játiva,La Costera,Valencia,0,1445,Trail 22k,Comunidad Valenciana
mychip,V PERIMETRAIL RETT SERRA VERNISSA,2020-03-08,Domingo,12.0,trail running,Absoluta/General,42,180,Játiva,La Costera,Valencia,0,1445,SPRINT Trail 12k,Comunidad Valenciana
mychip,V PERIMETRAIL RETT SERRA VERNISSA,2020-03-08,Domingo,7.5,trail running,Absoluta/General,131,77,Játiva,La Costera,Valencia,0,1445,PROMO NORDICA & SENDERISTA,Comunidad Valenciana
mychip,V PERIMETRAIL RETT SERRA VERNISSA,2020-03-08,Domingo,7.5,trail running,Absoluta/General,9,27,Játiva,La Costera,Valencia,0,1445,CANICROSS,Comunidad Valenciana
mychip,"III Cursa de la Dona D'Ontinyent, A BENEFICIO DE CENTRO OCUPACIONAL JOSE ANTONIO BODOQUE",2020-03-08,Domingo,5.0,road running,Absoluta/General,1498,2,Onteniente,La Vall d'Albaida,Valencia,0,1450,5k,Comunidad Valenciana
mychip,"En Marxa per la Dona, Puçol 2020, a beneficio de la Fundación INCLIVA",2020-03-08,Domingo,5.0,road running,Absoluta/General,0,0,Puzol,Huerta Norte,Valencia,0,1492,5k,Comunidad Valenciana
mychip,"CIMS PER LA IGUALTAT 8 DE MARZO 2020 ""ALTO DE BARRACAS"" ""SABINAS BLANCAS"" ",2020-03-08,Domingo,16.25,Otros,Absoluta/General,0,0,Valencia,,Valencia,0,1498,Subida al Calderón,Comunidad Valenciana
mychip,"CIMS PER LA IGUALTAT 8 DE MARZO 2020 ""ALTO DE BARRACAS"" ""SABINAS BLANCAS"" ",2020-03-08,Domingo,10.46,Otros,Absoluta/General,0,0,Valencia,,Valencia,0,1498,Subida a Sabinas blancas y Mirador,Comunidad Valenciana
mychip, MÁGINA SKY RACE  2020,2020-03-08,Domingo,18.0,trail running,Absoluta/General,13,60,Jaén,,Andalucía,0,1511,Sky Race,Andalucía
mychip, MÁGINA SKY RACE  2020,2020-03-08,Domingo,10.0,trail running,Absoluta/General,6,21,Jaén,,Andalucía,0,1511,Open,Andalucía
mychip,"Mágina Skyrace, Campeonato de España Verticales y por selecciones Autonómicas",2020-03-07,Sábado,3.0,trail running,Absoluta/General,78,179,Albanchez de Mágina,,Andalucía,0,1475,absoluta,Andalucía
mychip,"Mágina Skyrace, Campeonato de España Verticales y por selecciones Autonómicas",2020-03-07,Sábado,3.0,trail running,Cadete/Juvenil,10,25,Albanchez de Mágina,,Andalucía,0,1475,JUNIOR,Andalucía
mychip,"Mágina Skyrace, Campeonato de España Verticales y por selecciones Autonómicas",2020-03-07,Sábado,3.0,trail running,Cadete/Juvenil,11,35,Albanchez de Mágina,,Andalucía,0,1475,JUVENIL,Andalucía
mychip,"2ª Prueba Liga Infantil de Escalada FEMECV 2020,  Alicante",2020-03-07,Sábado,0.0,Otros,Infantil,0,0,Alicante,El Alacantí,Alicante,0,1515,"Promo SUB-9, (6-8 años)",Comunidad Valenciana
mychip,"2ª Prueba Liga Infantil de Escalada FEMECV 2020,  Alicante",2020-03-07,Sábado,0.0,Otros,Infantil,0,0,Alicante,El Alacantí,Alicante,0,1515,"Promo SUB-12, (9 - 11 años)",Comunidad Valenciana
mychip,"El Camí dels Bandolers, Senija, VIII edició. 13km / 21km",2020-03-01,Domingo,21.0,trail running,Absoluta/General,30,141,Senija,La Marina Alta,Alicante,0,1385,CTM 21k,Comunidad Valenciana
mychip,"El Camí dels Bandolers, Senija, VIII edició. 13km / 21km",2020-03-01,Domingo,13.0,trail running,Absoluta/General,36,97,Senija,La Marina Alta,Alicante,0,1385,Trail Popular,Comunidad Valenciana
mychip,"El Camí dels Bandolers, Senija, VIII edició. 13km / 21km",2020-03-01,Domingo,13.0,trail running,Absoluta/General,34,50,Senija,La Marina Alta,Alicante,0,1385,Sender 13k,Comunidad Valenciana
mychip,1er Avenc trail Quatretonda,2020-03-01,Domingo,24.6,trail running,Absoluta/General,17,163,Cuatretonda,La Vall d'Albaida,Valencia,0,1453,Avenc trail,Comunidad Valenciana
mychip,1er Avenc trail Quatretonda,2020-03-01,Domingo,14.0,trail running,Absoluta/General,113,229,Cuatretonda,La Vall d'Albaida,Valencia,0,1453,Esprint Trail & Sender,Comunidad Valenciana
mychip,1er Avenc trail Quatretonda,2020-03-01,Domingo,14.0,trail running,Absoluta/General,11,8,Cuatretonda,La Vall d'Albaida,Valencia,0,1453,Trenca-Barreres,Comunidad Valenciana
mychip,1er Avenc trail Quatretonda,2020-03-01,Domingo,3.0,trail running,Infantil,5,3,Cuatretonda,La Vall d'Albaida,Valencia,0,1453,Menor 13 a 15 años,Comunidad Valenciana
mychip,1er Avenc trail Quatretonda,2020-03-01,Domingo,1.5,trail running,Infantil,5,5,Cuatretonda,La Vall d'Albaida,Valencia,0,1453,Menor de 9 a 12 años,Comunidad Valenciana
mychip,"4 prova Campionat de Lliga de la Comunitat Valenciana, Rótova,  FEMECV 2020",2020-03-01,Domingo,18.0,trail running,Absoluta/General,38,99,Rótova,La Safor,Valencia,0,1460,ABSOLUTA,Comunidad Valenciana
mychip,"4 prova Campionat de Lliga de la Comunitat Valenciana, Rótova,  FEMECV 2020",2020-03-01,Domingo,12.0,trail running,Cadete/Juvenil,2,4,Rótova,La Safor,Valencia,0,1460,CADETE,Comunidad Valenciana
mychip,"4 prova Campionat de Lliga de la Comunitat Valenciana, Rótova,  FEMECV 2020",2020-03-01,Domingo,12.0,trail running,Cadete/Juvenil,1,4,Rótova,La Safor,Valencia,0,1460,JUVENIL,Comunidad Valenciana
mychip,"4 prova Campionat de Lliga de la Comunitat Valenciana, Rótova,  FEMECV 2020",2020-03-01,Domingo,12.0,trail running,Cadete/Juvenil,1,4,Rótova,La Safor,Valencia,0,1460,JÚNIOR,Comunidad Valenciana
mychip,"4 prova Campionat de Lliga de la Comunitat Valenciana, Rótova,  FEMECV 2020",2020-03-01,Domingo,15.0,trail running,Absoluta/General,1,19,Rótova,La Safor,Valencia,0,1460,"Open, trail no federados",Comunidad Valenciana
mychip,"Sprint Trail Solidario & Eco Marcha, Colegio Santa Ana de Alcoy",2020-03-01,Domingo,11.0,trail running,Absoluta/General,85,190,Alcoy,La Hoya de Alcoy,Alicante,1,1483,Sprint Trail solidario,Comunidad Valenciana
mychip,"Sprint Trail Solidario & Eco Marcha, Colegio Santa Ana de Alcoy",2020-03-01,Domingo,4.0,trail running,Absoluta/General,0,0,Alcoy,La Hoya de Alcoy,Alicante,0,1483,Eco Marcha,Comunidad Valenciana
mychip,"Sprint Trail Solidario & Eco Marcha, Colegio Santa Ana de Alcoy",2020-03-01,Domingo,0.0,trail running,Otros,0,0,Alcoy,La Hoya de Alcoy,Alicante,0,1483,Dorsal 0 (aportación 5€ solidarios),Comunidad Valenciana
mychip,"UTES / TES / C17ES, ESPADAN TRAIL EVENTS, 2020",2020-02-29,Sábado,84.0,trail running,Absoluta/General,5,75,Vall de Uxó,Plana Baja,Castellón,0,1406,UTES,Comunidad Valenciana
mychip,"UTES / TES / C17ES, ESPADAN TRAIL EVENTS, 2020",2020-02-29,Sábado,63.0,trail running,Absoluta/General,16,97,Vall de Uxó,Plana Baja,Castellón,0,1406,TES,Comunidad Valenciana
mychip,"UTES / TES / C17ES, ESPADAN TRAIL EVENTS, 2020",2020-02-29,Sábado,17.0,trail running,Absoluta/General,36,147,Vall de Uxó,Plana Baja,Castellón,0,1406,C17ES,Comunidad Valenciana
mychip,"II PROVA DE COPA MARXA NÒRDICA, TAVERNES DE LA VALLDIGNA, FEMECV 2020",2020-02-29,Sábado,13.0,road running,Absoluta/General,28,45,Tabernes de Valldigna,La Safor,Valencia,0,1491,Copa Marcha Nórdica,Comunidad Valenciana
mychip,"II PROVA DE COPA MARXA NÒRDICA, TAVERNES DE LA VALLDIGNA, FEMECV 2020",2020-02-29,Sábado,7.5,road running,Absoluta/General,35,12,Tabernes de Valldigna,La Safor,Valencia,0,1491,Promoción Nordica,Comunidad Valenciana
mychip,"VI Corre-Cross de la Dona, Picanya",2020-02-28,Viernes,3.0,road running,Absoluta/General,0,0,Picaña,Huerta Sur,Valencia,0,1501,3k Femenino,Comunidad Valenciana
mychip,"1ª Prueba Liga Infantil de Escalada FEMECV 2020, Algemesí",2020-02-22,Sábado,0.0,Otros,Infantil,0,0,Algemesí,La Ribera Alta,Valencia,0,1495,"Promo SUB-9, (6-8 años)",Comunidad Valenciana
mychip,"1ª Prueba Liga Infantil de Escalada FEMECV 2020, Algemesí",2020-02-22,Sábado,0.0,Otros,Infantil,0,0,Algemesí,La Ribera Alta,Valencia,0,1495,"Promo SUB-12, (9 - 11 años)",Comunidad Valenciana
mychip,"EVENTO APLAZADO Carrera solidaria de Canicross contra la ELA, Alcoy EVENTO APLAZADO",2020-02-17,Lunes,5.0,road running,Absoluta/General,0,0,Alcoy,La Hoya de Alcoy,Alicante,0,1500,CARRERA & MARCHA POPULAR,Comunidad Valenciana
mychip,"EVENTO APLAZADO Carrera solidaria de Canicross contra la ELA, Alcoy EVENTO APLAZADO",2020-02-17,Lunes,8.0,road running,Absoluta/General,0,0,Alcoy,La Hoya de Alcoy,Alicante,0,1500,Canicross,Comunidad Valenciana
mychip,V TRAIL DE ANNA,2020-02-16,Domingo,0.042,trail running,Absoluta/General,0,0,Anna,La Canal de Navarrés,Valencia,0,1278,maraton,Comunidad Valenciana
mychip,V TRAIL DE ANNA,2020-02-16,Domingo,0.021,trail running,Absoluta/General,0,0,Anna,La Canal de Navarrés,Valencia,0,1278,trail,Comunidad Valenciana
mychip,V TRAIL DE ANNA,2020-02-16,Domingo,0.65,trail running,Absoluta/General,0,0,Anna,La Canal de Navarrés,Valencia,0,1278,sprint,Comunidad Valenciana
mychip,V TRAIL DE ANNA,2020-02-16,Domingo,0.014,trail running,Absoluta/General,0,0,Anna,La Canal de Navarrés,Valencia,0,1278,caminata,Comunidad Valenciana
mychip,"XI GDP, Ondara",2020-02-16,Domingo,21.0,trail running,Absoluta/General,16,174,Ondara,La Marina Alta,Alicante,0,1384,Trail 21k CTM,Comunidad Valenciana
mychip,"XI GDP, Ondara",2020-02-16,Domingo,14.5,trail running,Absoluta/General,64,128,Ondara,La Marina Alta,Alicante,0,1384,"Trail 14,5k",Comunidad Valenciana
mychip,"XI GDP, Ondara",2020-02-16,Domingo,14.5,trail running,Absoluta/General,102,86,Ondara,La Marina Alta,Alicante,0,1384,Caminar,Comunidad Valenciana
mychip,XII Gran Fons de la Valldigna,2020-02-16,Domingo,15.0,road running,Absoluta/General,58,212,Tabernes de Valldigna,La Safor,Valencia,0,1441,Gran Fons,Comunidad Valenciana
mychip,"3a. prova Campionat de Lliga de Carrera per muntanya, FEMECV 2020, Blasca trail",2020-02-16,Domingo,24.0,trail running,Absoluta/General,33,166,Bañeres,La Hoya de Alcoy,Alicante,0,1477,Carrera por Montaña,Comunidad Valenciana
mychip,"3a. prova Campionat de Lliga de Carrera per muntanya, FEMECV 2020, Blasca trail",2020-02-16,Domingo,14.0,trail running,Cadete/Juvenil,2,3,Bañeres,La Hoya de Alcoy,Alicante,0,1477,CADETE,Comunidad Valenciana
mychip,"3a. prova Campionat de Lliga de Carrera per muntanya, FEMECV 2020, Blasca trail",2020-02-16,Domingo,14.0,trail running,Cadete/Juvenil,1,7,Bañeres,La Hoya de Alcoy,Alicante,0,1477,JUVENIL,Comunidad Valenciana
mychip,"3a. prova Campionat de Lliga de Carrera per muntanya, FEMECV 2020, Blasca trail",2020-02-16,Domingo,14.0,trail running,Cadete/Juvenil,1,4,Bañeres,La Hoya de Alcoy,Alicante,0,1477,JÚNIOR,Comunidad Valenciana
mychip,"3a. prova Campionat de Lliga de Carrera per muntanya, FEMECV 2020, Blasca trail",2020-02-16,Domingo,24.0,trail running,Absoluta/General,18,115,Bañeres,La Hoya de Alcoy,Alicante,0,1477,"OPEN 24k, Xitxarra Trail",Comunidad Valenciana
mychip,"3a. prova Campionat de Lliga de Carrera per muntanya, FEMECV 2020, Blasca trail",2020-02-16,Domingo,14.0,trail running,Absoluta/General,85,124,Bañeres,La Hoya de Alcoy,Alicante,0,1477,"Open, 14k & SENDER, Xitxarra Trail",Comunidad Valenciana
mychip,"1ª PRUEBA COPA DE ESCALADA EN BLOQUE FEMECV, Ciudad De Orihuela",2020-02-15,Sábado,0.0,Otros,Absoluta/General,0,0,Orihuela,,Alicante,0,1479,Absoluta,Comunidad Valenciana
mychip,"1ª PRUEBA COPA DE ESCALADA EN BLOQUE FEMECV, Ciudad De Orihuela",2020-02-15,Sábado,0.0,Otros,Cadete/Juvenil,0,0,Orihuela,,Alicante,0,1479,SUB18 (16/17AÑOS),Comunidad Valenciana
mychip,"1ª PRUEBA COPA DE ESCALADA EN BLOQUE FEMECV, Ciudad De Orihuela",2020-02-15,Sábado,0.0,Otros,Cadete/Juvenil,0,0,Orihuela,,Alicante,0,1479,SUB16 (12/15 AÑOS),Comunidad Valenciana
mychip,"VIII Mitja Marató Muntanya Ocaive, Pedreguer",2020-02-09,Domingo,21.0,trail running,Absoluta/General,28,189,Pedreguer,La Marina Alta,Alicante,0,1383,CTM 21k,Comunidad Valenciana
mychip,"VIII Mitja Marató Muntanya Ocaive, Pedreguer",2020-02-09,Domingo,13.0,trail running,Absoluta/General,53,139,Pedreguer,La Marina Alta,Alicante,0,1383,Speed trail 13k,Comunidad Valenciana
mychip,"VIII Mitja Marató Muntanya Ocaive, Pedreguer",2020-02-09,Domingo,13.0,trail running,Absoluta/General,53,34,Pedreguer,La Marina Alta,Alicante,0,1383,Sender,Comunidad Valenciana
mychip,"Trail les creus 2020, Tavernes de la Valldigna",2020-02-09,Domingo,22.21,trail running,Absoluta/General,16,147,Tabernes de Valldigna,La Safor,Valencia,0,1420,Trail,Comunidad Valenciana
mychip,"Trail les creus 2020, Tavernes de la Valldigna",2020-02-09,Domingo,11.71,trail running,Absoluta/General,37,128,Tabernes de Valldigna,La Safor,Valencia,0,1420,Sprint trail,Comunidad Valenciana
mychip,"Trail les creus 2020, Tavernes de la Valldigna",2020-02-09,Domingo,10.0,trail running,Absoluta/General,86,78,Tabernes de Valldigna,La Safor,Valencia,0,1420,Marxa de regularitat,Comunidad Valenciana
mychip,IX Carrera de la Mola,2020-02-09,Domingo,18.0,trail running,Absoluta/General,38,181,Novelda,El Vinalopó Medio,Alicante,0,1426,Corredor,Comunidad Valenciana
mychip,IX Carrera de la Mola,2020-02-09,Domingo,18.0,trail running,Absoluta/General,110,110,Novelda,El Vinalopó Medio,Alicante,0,1426,Senderista,Comunidad Valenciana
mychip,CARRERA POPULAR SOLIDARIA MANOS UNIDAS ALZIRA 2020,2020-02-08,Sábado,6.0,road running,Absoluta/General,0,0,Alcira,La Ribera Alta,Valencia,0,1455,6km,Comunidad Valenciana
mychip,CARRERA POPULAR SOLIDARIA MANOS UNIDAS ALZIRA 2020,2020-02-08,Sábado,2.0,road running,Absoluta/General,0,0,Alcira,La Ribera Alta,Valencia,0,1455,2km,Comunidad Valenciana
mychip,"I prueba Copa Marcha Nórdica, Villena, FEMECV 2020",2020-02-08,Sábado,12.1,road running,Absoluta/General,31,61,Villena,El Alto Vinalopó,Alicante,0,1482,Copa Marcha Nórdica,Comunidad Valenciana
mychip,"I prueba Copa Marcha Nórdica, Villena, FEMECV 2020",2020-02-08,Sábado,5.25,road running,Absoluta/General,17,3,Villena,El Alto Vinalopó,Alicante,0,1482,Promoción Nordica,Comunidad Valenciana
mychip,IV  Trail Benissoda,2020-02-02,Domingo,14.6,trail running,Absoluta/General,48,196,Benisoda,La Vall d'Albaida,Valencia,0,1425,Trail,Comunidad Valenciana
mychip,Granadella Trail Xàbia 2020,2020-02-02,Domingo,17.2,trail running,Absoluta/General,103,330,Jávea,La Marina Alta,Alicante,0,1435,"Trail 17,2k, ",Comunidad Valenciana
mychip,XX Marcha de Sant Sebastià,2020-02-02,Domingo,17.25,trail running,Absoluta/General,143,552,Villavieja,Plana Baja,Castellón,0,1449,Marcha competitiva,Comunidad Valenciana
mychip,XX Marcha de Sant Sebastià,2020-02-02,Domingo,11.0,trail running,Cadete/Juvenil,2,8,Villavieja,Plana Baja,Castellón,0,1449,Sender & junior,Comunidad Valenciana
mychip,"Marxa de Veterans de la comunitat Valenciana, FEMECV 2020",2020-02-02,Domingo,11.0,trail running,Mayores/Veteranos,0,0,Rótova,La Safor,Valencia,0,1454,Marcha Veterans,Comunidad Valenciana
mychip,"Marxa de Veterans de la comunitat Valenciana, FEMECV 2020",2020-02-02,Domingo,11.0,trail running,Infantil,0,0,Rótova,La Safor,Valencia,0,1454,Menor 0 a 17 años,Comunidad Valenciana
mychip,Castell d'Aixà 2020,2020-01-26,Domingo,24.0,trail running,Absoluta/General,19,116,Llíber,La Marina Alta,Alicante,0,1382,CTM 24k,Comunidad Valenciana
mychip,Castell d'Aixà 2020,2020-01-26,Domingo,14.0,trail running,Absoluta/General,58,93,Llíber,La Marina Alta,Alicante,0,1382,SPRINT TRAIL & SENDER,Comunidad Valenciana
mychip,I DUATLON DE TOUS,2020-01-26,Domingo,0.007,Multidisciplina,Absoluta/General,0,0,Valencia,,Valencia,0,1443,I DUATLON TOUS NO DRAFTING,Comunidad Valenciana
mychip,"Segunda prueba del Campeonato de  Liga de Carrera por Montaña, Crevillent, Femecv 2020",2020-01-26,Domingo,21.5,trail running,Absoluta/General,38,137,Crevillente,El Bajo Vinalopó,Alicante,0,1459,ABSOLUTA,Comunidad Valenciana
mychip,"Segunda prueba del Campeonato de  Liga de Carrera por Montaña, Crevillent, Femecv 2020",2020-01-26,Domingo,11.0,trail running,Cadete/Juvenil,1,3,Crevillente,El Bajo Vinalopó,Alicante,0,1459,CADETE,Comunidad Valenciana
mychip,"Segunda prueba del Campeonato de  Liga de Carrera por Montaña, Crevillent, Femecv 2020",2020-01-26,Domingo,11.0,trail running,Cadete/Juvenil,0,4,Crevillente,El Bajo Vinalopó,Alicante,0,1459,JUVENIL,Comunidad Valenciana
mychip,"Segunda prueba del Campeonato de  Liga de Carrera por Montaña, Crevillent, Femecv 2020",2020-01-26,Domingo,11.0,trail running,Cadete/Juvenil,0,5,Crevillente,El Bajo Vinalopó,Alicante,0,1459,JÚNIOR,Comunidad Valenciana
mychip,"MARXA / SPRINT TRAIL / TRAIL / MARATÓ SERRALADES de  BARXETA - MABU, 2020",2020-01-19,Domingo,43.0,trail running,Absoluta/General,1,39,Barcheta,La Costera,Valencia,0,1410,MABU 44k,Comunidad Valenciana
mychip,"MARXA / SPRINT TRAIL / TRAIL / MARATÓ SERRALADES de  BARXETA - MABU, 2020",2020-01-19,Domingo,20.5,trail running,Absoluta/General,25,221,Barcheta,La Costera,Valencia,0,1410,"TRAIL, 21k",Comunidad Valenciana
mychip,"MARXA / SPRINT TRAIL / TRAIL / MARATÓ SERRALADES de  BARXETA - MABU, 2020",2020-01-19,Domingo,12.5,trail running,Absoluta/General,85,190,Barcheta,La Costera,Valencia,0,1410,"SPRINT TRAIL, 12.5k",Comunidad Valenciana
mychip,"MARXA / SPRINT TRAIL / TRAIL / MARATÓ SERRALADES de  BARXETA - MABU, 2020",2020-01-19,Domingo,12.5,trail running,Absoluta/General,63,89,Barcheta,La Costera,Valencia,0,1410,MARCHA SENDERISTA,Comunidad Valenciana
mychip,V Trail Monte Ponoig,2020-01-19,Domingo,27.0,trail running,Absoluta/General,8,66,Polop,La Marina Baja,Alicante,0,1427,27k,Comunidad Valenciana
mychip,V Trail Monte Ponoig,2020-01-19,Domingo,16.0,trail running,Absoluta/General,19,96,Polop,La Marina Baja,Alicante,0,1427,16k,Comunidad Valenciana
mychip,Picaio Cim trail,2020-01-19,Domingo,17.0,trail running,Absoluta/General,22,178,Puzol,Huerta Norte,Valencia,0,1432,"23k, 1300m/+",Comunidad Valenciana
mychip,Picaio Cim trail,2020-01-19,Domingo,11.0,trail running,Absoluta/General,42,74,Puzol,Huerta Norte,Valencia,0,1432,"Marxa Trai 11k, 500m/+",Comunidad Valenciana
mychip,Picaio Cim trail,2020-01-19,Domingo,0.0,trail running,Absoluta/General,0,0,Puzol,Huerta Norte,Valencia,0,1432,Peque Trail,Comunidad Valenciana
mychip,Almèdia Trail 2020,2020-01-12,Domingo,24.0,trail running,Absoluta/General,22,189,Callosa de Ensarriá,La Marina Baja,Alicante,0,1381,"Almèdia trail, CTM 24k",Comunidad Valenciana
mychip,Almèdia Trail 2020,2020-01-12,Domingo,15.0,trail running,Absoluta/General,32,105,Callosa de Ensarriá,La Marina Baja,Alicante,0,1381,Sprint Trail,Comunidad Valenciana
mychip,Almèdia Trail 2020,2020-01-12,Domingo,13.0,trail running,Absoluta/General,52,42,Callosa de Ensarriá,La Marina Baja,Alicante,0,1381,Sender,Comunidad Valenciana
mychip,"1a. prova Campionat de Lliga de Carrera per muntanya, FEMECV 2020, Trail Serra de Oriola",2020-01-12,Domingo,22.0,trail running,Absoluta/General,48,198,Orihuela,,Alicante,0,1440,ABSOLUTA,Comunidad Valenciana
mychip,"1a. prova Campionat de Lliga de Carrera per muntanya, FEMECV 2020, Trail Serra de Oriola",2020-01-12,Domingo,12.0,trail running,Cadete/Juvenil,1,4,Orihuela,,Alicante,0,1440,CADETE,Comunidad Valenciana
mychip,"1a. prova Campionat de Lliga de Carrera per muntanya, FEMECV 2020, Trail Serra de Oriola",2020-01-12,Domingo,12.0,trail running,Cadete/Juvenil,2,6,Orihuela,,Alicante,0,1440,JUVENIL,Comunidad Valenciana
mychip,"1a. prova Campionat de Lliga de Carrera per muntanya, FEMECV 2020, Trail Serra de Oriola",2020-01-12,Domingo,12.0,trail running,Cadete/Juvenil,1,4,Orihuela,,Alicante,0,1440,JÚNIOR,Comunidad Valenciana
mychip,"1a. prova Campionat de Lliga de Carrera per muntanya, FEMECV 2020, Trail Serra de Oriola",2020-01-12,Domingo,22.0,trail running,Absoluta/General,0,27,Orihuela,,Alicante,0,1440,Trail OPEN,Comunidad Valenciana
mychip,II TRAIL TERESA DE COFRENTES,2020-01-12,Domingo,21.0,trail running,Absoluta/General,0,0,Valencia,,Valencia,0,1442,TRAIL 21K TERESA DE COFRENTES,Comunidad Valenciana
mychip,II TRAIL TERESA DE COFRENTES,2020-01-12,Domingo,12.0,trail running,Absoluta/General,0,0,Valencia,,Valencia,0,1442,SPRINT TERESA DE COFRENTES,Comunidad Valenciana
mychip,II TRAIL TERESA DE COFRENTES,2020-01-12,Domingo,12.0,trail running,Absoluta/General,0,0,Valencia,,Valencia,0,1442,CAMINATA TERESA DE COFRENTES,Comunidad Valenciana
mychip,"IV Carrera del Roscón, Polop de la Marina",2020-01-04,Sábado,7.0,road running,Absoluta/General,23,59,Polop,La Marina Baja,Alicante,0,1457,ABSOLUTA,Comunidad Valenciana
mychip,"IV Carrera del Roscón, Polop de la Marina",2020-01-04,Sábado,0.1,road running,Infantil,0,0,Polop,La Marina Baja,Alicante,0,1457,De 0 a 5 años,Comunidad Valenciana
mychip,"IV Carrera del Roscón, Polop de la Marina",2020-01-04,Sábado,0.35,road running,Infantil,0,0,Polop,La Marina Baja,Alicante,0,1457,De 6 a 8 años,Comunidad Valenciana
mychip,"IV Carrera del Roscón, Polop de la Marina",2020-01-04,Sábado,0.8,road running,Infantil,0,0,Polop,La Marina Baja,Alicante,0,1457,De 9 a 12 años,Comunidad Valenciana
mychip,XXXVIII San Silvestre Toledana,2019-12-31,Martes,8.0,road running,Absoluta/General,946,3373,Toledo,,Toledo,0,1399,ABSOLUTA,Castilla-La Mancha
mychip,XXXVIII San Silvestre Toledana,2019-12-31,Martes,0.4,road running,Infantil,49,54,Toledo,,Toledo,0,1399,De 0 a 5 años,Castilla-La Mancha
mychip,XXXVIII San Silvestre Toledana,2019-12-31,Martes,0.4,road running,Infantil,60,135,Toledo,,Toledo,0,1399,De 6 a 9 años ,Castilla-La Mancha
mychip,XXXVIII San Silvestre Toledana,2019-12-31,Martes,0.8,road running,Infantil,41,58,Toledo,,Toledo,0,1399,De 10  a 11 años ,Castilla-La Mancha
mychip,XXXVIII San Silvestre Toledana,2019-12-31,Martes,1.6,road running,Infantil,25,35,Toledo,,Toledo,0,1399,De 12 a 13 años ,Castilla-La Mancha
mychip,XXXVIII San Silvestre Toledana,2019-12-31,Martes,1.6,road running,Infantil,8,13,Toledo,,Toledo,0,1399,De 14 a 15 años ,Castilla-La Mancha
mychip,Sant Silvestre ciutat d'Algemesí 2019,2019-12-30,Lunes,3.5,road running,Absoluta/General,0,0,Algemesí,La Ribera Alta,Valencia,0,1437,San Silvestre,Comunidad Valenciana
mychip,"XV Carrera Castillo de Chiva, edición San Silvestre",2019-12-29,Domingo,4.0,road running,Absoluta/General,0,0,Chiva,La Hoya de Buñol,Valencia,0,1395,4K,Comunidad Valenciana
mychip,VIII San Silvestre Montañera Ilicitana,2019-12-29,Domingo,12.0,trail running,Absoluta/General,0,0,Elche,El Bajo Vinalopó,Alicante,0,1438,Trotada,Comunidad Valenciana
mychip,VIII San Silvestre Montañera Ilicitana,2019-12-29,Domingo,7.0,trail running,Absoluta/General,0,0,Elche,El Bajo Vinalopó,Alicante,0,1438,Sender,Comunidad Valenciana
mychip,VIII San Silvestre Montañera Ilicitana,2019-12-29,Domingo,0.0,trail running,Cadete/Juvenil,0,0,Elche,El Bajo Vinalopó,Alicante,0,1438,junior,Comunidad Valenciana
mychip,San Silvestre Callosa 2019,2019-12-28,Sábado,4.3,road running,Absoluta/General,55,54,Callosa de Ensarriá,,Alicante,0,1411,"4,3K, Popular",Valencia
mychip,San Silvestre Callosa 2019,2019-12-28,Sábado,8.6,road running,Absoluta/General,17,56,Callosa de Ensarriá,,Alicante,0,1411,"8,6K, Competitiva",Valencia
mychip,San Silvestre Callosa 2019,2019-12-28,Sábado,0.0,road running,Infantil,0,0,Callosa de Ensarriá,,Alicante,0,1411,INFANTIL 0-9años (Gratuita),Valencia
mychip,SanSil Trail de Calles,2019-12-28,Sábado,0.01,trail running,Absoluta/General,0,0,Calles,,Valencia,0,1431,SANSIL TRAIL DE CALLES,Comunidad Valenciana
mychip,XXXVI Carrera popular Villa de Aranjuez,2019-12-22,Domingo,10.0,road running,Absoluta/General,1223,3279,Aranjuez,,Comunidad de Madrid,0,1407,10K,Comunidad de Madrid
mychip,XXXVI Carrera popular Villa de Aranjuez,2019-12-22,Domingo,1.7,road running,Cadete/Juvenil,0,0,Aranjuez,,Comunidad de Madrid,0,1407,CADETE 2003/2004,Comunidad de Madrid
mychip,XXXVI Carrera popular Villa de Aranjuez,2019-12-22,Domingo,1.275,road running,Infantil,0,0,Aranjuez,,Comunidad de Madrid,0,1407,INFANTIL 2005/2006,Comunidad de Madrid
mychip,XXXVI Carrera popular Villa de Aranjuez,2019-12-22,Domingo,0.85,road running,Infantil,0,0,Aranjuez,,Comunidad de Madrid,0,1407,ALEVIN 2007/2008,Comunidad de Madrid
mychip,XXXVI Carrera popular Villa de Aranjuez,2019-12-22,Domingo,0.725,road running,Infantil,0,0,Aranjuez,,Comunidad de Madrid,0,1407,BENJAMÍN 2009/2010,Comunidad de Madrid
mychip,XXXVI Carrera popular Villa de Aranjuez,2019-12-22,Domingo,0.425,road running,Absoluta/General,0,0,Aranjuez,,Comunidad de Madrid,0,1407,RENACUAJO 2011/2013,Comunidad de Madrid
mychip,XXXVI Carrera popular Villa de Aranjuez,2019-12-22,Domingo,0.3,road running,Infantil,0,0,Aranjuez,,Comunidad de Madrid,0,1407,CHUPETINES 2014/2018,Comunidad de Madrid
mychip,"27A QUARTA I MITJA MARATÓ, PAIPORTA-PICANYA",2019-12-22,Domingo,10.548,road running,Absoluta/General,154,452,Paiporta,Huerta Sur,Valencia,0,1414,Quarta,Comunidad Valenciana
mychip,"27A QUARTA I MITJA MARATÓ, PAIPORTA-PICANYA",2019-12-22,Domingo,21.097,road running,Absoluta/General,82,482,Paiporta,Huerta Sur,Valencia,0,1414,Mitja,Comunidad Valenciana
mychip,XXX San Silvestre Monovera,2019-12-22,Domingo,5.0,road running,Absoluta/General,101,283,Monóvar,El Vinalopó Medio,Alicante,0,1429,ABSOLUTA,Comunidad Valenciana
mychip,XXX San Silvestre Monovera,2019-12-22,Domingo,5.0,road running,Absoluta/General,55,24,Monóvar,El Vinalopó Medio,Alicante,0,1429,Sender,Comunidad Valenciana
mychip,XXX San Silvestre Monovera,2019-12-22,Domingo,1.4,road running,Infantil,20,32,Monóvar,El Vinalopó Medio,Alicante,0,1429,De 11 a 13 años,Comunidad Valenciana
mychip,XXX San Silvestre Monovera,2019-12-22,Domingo,0.8,road running,Infantil,20,39,Monóvar,El Vinalopó Medio,Alicante,0,1429,De 8 a 10 años,Comunidad Valenciana
mychip,XXX San Silvestre Monovera,2019-12-22,Domingo,0.4,road running,Infantil,39,39,Monóvar,El Vinalopó Medio,Alicante,0,1429,Hasta 7 años,Comunidad Valenciana
mychip,MARATON Y TRAIL VALLADA,2019-12-21,Sábado,41.0,trail running,Absoluta/General,0,0,Vallada,La Costera,Valencia,0,1424,MARATON VALLADA,Comunidad Valenciana
mychip,MARATON Y TRAIL VALLADA,2019-12-21,Sábado,26.0,trail running,Absoluta/General,0,0,Vallada,La Costera,Valencia,0,1424,TRAIL VALLADA,Comunidad Valenciana
mychip,MARATON Y TRAIL VALLADA,2019-12-21,Sábado,11.0,trail running,Absoluta/General,0,0,Vallada,La Costera,Valencia,0,1424,SPRINT VALLADA,Comunidad Valenciana
mychip,MARATON Y TRAIL VALLADA,2019-12-21,Sábado,11.0,trail running,Absoluta/General,0,0,Vallada,La Costera,Valencia,0,1424,CAMINATA VALLADA,Comunidad Valenciana
mychip,VIII SAN SILVESTRE VILLA DE CALP 2019,2019-12-19,Jueves,3.2,road running,Absoluta/General,42,91,Calpe,La Marina Alta,Alicante,0,1436,"3,3k",Comunidad Valenciana
mychip,VIII SAN SILVESTRE VILLA DE CALP 2019,2019-12-19,Jueves,1.65,road running,Absoluta/General,29,36,Calpe,La Marina Alta,Alicante,0,1436,"1,6k",Comunidad Valenciana
mychip,IX MITJA MARATÓ UNIÓN ALCOYANA SEGUROS,2019-12-15,Domingo,21.097,road running,Absoluta/General,52,345,Alcoy,La Hoya de Alcoy,Alicante,1,1356,Media,Comunidad Valenciana
mychip,IX MITJA MARATÓ UNIÓN ALCOYANA SEGUROS,2019-12-15,Domingo,10.548,road running,Absoluta/General,219,451,Alcoy,La Hoya de Alcoy,Alicante,1,1356,Quarta,Comunidad Valenciana
mychip,IX MITJA MARATÓ UNIÓN ALCOYANA SEGUROS,2019-12-15,Domingo,21.097,road running,Absoluta/General,0,0,Alcoy,La Hoya de Alcoy,Alicante,0,1356,Relevos,Comunidad Valenciana
mychip,IX MITJA MARATÓ UNIÓN ALCOYANA SEGUROS,2019-12-15,Domingo,5.5,road running,Absoluta/General,107,30,Alcoy,La Hoya de Alcoy,Alicante,0,1356,Caminata,Comunidad Valenciana
mychip,IX MITJA MARATÓ UNIÓN ALCOYANA SEGUROS,2019-12-15,Domingo,0.0,road running,Infantil,100,181,Alcoy,La Hoya de Alcoy,Alicante,0,1356,Micromarató (0 a 12 años),Comunidad Valenciana
mychip,XV Mitja Marató Serra d’Oltà,2019-12-15,Domingo,21.0,trail running,Absoluta/General,64,264,Calpe,La Marina Alta,Alicante,0,1380,CTM 21k,Comunidad Valenciana
mychip,XV Mitja Marató Serra d’Oltà,2019-12-15,Domingo,17.0,trail running,Absoluta/General,27,49,Calpe,La Marina Alta,Alicante,0,1380,Marxa senderista,Comunidad Valenciana
mychip,III MARCHA CICLODEPORTIVA L´OLLERIA,2019-12-15,Domingo,14.0,Ciclismo y btt,Absoluta/General,0,0,Ollería,La Vall d'Albaida,Valencia,0,1423,III MARCHA CICLODEPORTIVA L´OLLERIA,Comunidad Valenciana
mychip,TERRITORI TOMBATOSSALS 2019,2019-12-15,Domingo,21.0,trail running,Absoluta/General,47,324,Castellón de la Plana,Plana Alta,Castellón,0,1451,Tombatossals,Comunidad Valenciana
mychip,TERRITORI TOMBATOSSALS 2019,2019-12-15,Domingo,11.0,trail running,Absoluta/General,90,161,Castellón de la Plana,Plana Alta,Castellón,0,1451,Minitomba,Comunidad Valenciana
mychip,"I Carrera Solidaria de Navidad,  Siempre fuerte con Papa Noel,  Elda.",2019-12-08,Domingo,2.0,road running,Absoluta/General,0,0,Elda,El Vinalopó Medio,Alicante,0,1418,"2k solidarios, inscripción donativo",Comunidad Valenciana
mychip,10ª Edición Carrera X Montaña Sierra de Chiva,2019-12-07,Sábado,61.0,trail running,Mayores/Veteranos,19,155,Chiva,La Hoya de Buñol,Valencia,0,1335,Master 61km,Comunidad Valenciana
mychip,10ª Edición Carrera X Montaña Sierra de Chiva,2019-12-07,Sábado,35.0,trail running,Absoluta/General,29,166,Chiva,La Hoya de Buñol,Valencia,0,1335,Trail 35k,Comunidad Valenciana
mychip,10ª Edición Carrera X Montaña Sierra de Chiva,2019-12-07,Sábado,14.0,trail running,Absoluta/General,67,169,Chiva,La Hoya de Buñol,Valencia,0,1335,Sprint 14k,Comunidad Valenciana
mychip,10ª Edición Carrera X Montaña Sierra de Chiva,2019-12-07,Sábado,61.0,trail running,Absoluta/General,0,0,Chiva,La Hoya de Buñol,Valencia,0,1335,Acceso a puntos de seguimiento de corredores,Comunidad Valenciana
mychip,"Trail Pous de neu, III Circuit Vall del Joguet",2019-12-01,Domingo,20.0,trail running,Absoluta/General,19,138,Ibi,La Hoya de Alcoy,Alicante,0,1267,"20km, CTVJ",Comunidad Valenciana
mychip,"Trail Pous de neu, III Circuit Vall del Joguet",2019-12-01,Domingo,15.0,trail running,Absoluta/General,39,40,Ibi,La Hoya de Alcoy,Alicante,0,1267,Sender,Comunidad Valenciana
mychip,Carrera de Montaña del Ayuntamiento de Matallana de Torío,2019-12-01,Domingo,55.0,trail running,Absoluta/General,0,0,Matallana de Torío,,León,0,1324,55k,Castilla y León
mychip,Carrera de Montaña del Ayuntamiento de Matallana de Torío,2019-12-01,Domingo,3.0,trail running,Absoluta/General,0,0,Matallana de Torío,,León,0,1324,30k,Castilla y León
mychip,Carrera de Montaña del Ayuntamiento de Matallana de Torío,2019-12-01,Domingo,13.0,trail running,Absoluta/General,0,0,Matallana de Torío,,León,0,1324,13k,Castilla y León
mychip,V Cursa els Tres Tossals,2019-12-01,Domingo,16.0,trail running,Absoluta/General,65,292,Gata de Gorgos,La Marina Alta,Alicante,0,1379,CTM 16k,Comunidad Valenciana
mychip,V Cursa els Tres Tossals,2019-12-01,Domingo,12.5,trail running,Absoluta/General,45,44,Gata de Gorgos,La Marina Alta,Alicante,0,1379,Sender,Comunidad Valenciana
mychip,V Cursa els Tres Tossals,2019-12-01,Domingo,5.3,trail running,Cadete/Juvenil,3,2,Gata de Gorgos,La Marina Alta,Alicante,0,1379,Juvenil i Cadet,Comunidad Valenciana
mychip,V Cursa els Tres Tossals,2019-12-01,Domingo,2.2,trail running,Infantil,4,3,Gata de Gorgos,La Marina Alta,Alicante,0,1379,Infantil i Aleví,Comunidad Valenciana
mychip,V Cursa els Tres Tossals,2019-12-01,Domingo,1.3,trail running,Infantil,2,11,Gata de Gorgos,La Marina Alta,Alicante,0,1379,Benjamí,Comunidad Valenciana
mychip,7e. Trail el Ventós,2019-11-24,Domingo,16.0,trail running,Absoluta/General,9,86,Agost,El Alacantí,Alicante,0,1371,Trail,Comunidad Valenciana
mychip,7e. Trail el Ventós,2019-11-24,Domingo,8.0,trail running,Absoluta/General,11,12,Agost,El Alacantí,Alicante,0,1371,Senderista & Nórdica,Comunidad Valenciana
mychip,Pegotrail 2019,2019-11-24,Domingo,21.0,trail running,Absoluta/General,25,151,Pego,La Marina Alta,Alicante,0,1378,CTM 21k,Comunidad Valenciana
mychip,Pegotrail 2019,2019-11-24,Domingo,14.0,trail running,Absoluta/General,45,108,Pego,La Marina Alta,Alicante,0,1378,14k,Comunidad Valenciana
mychip,Pegotrail 2019,2019-11-24,Domingo,14.0,trail running,Absoluta/General,40,30,Pego,La Marina Alta,Alicante,0,1378,SENDER 14K,Comunidad Valenciana
mychip,9ª Media Maratón de montaña “Sierra de Peña Rubia”,2019-11-24,Domingo,18.5,trail running,Absoluta/General,0,0,Villena,El Alto Vinalopó,Alicante,0,1415,trail larga distancia,Comunidad Valenciana
mychip,9ª Media Maratón de montaña “Sierra de Peña Rubia”,2019-11-24,Domingo,10.0,trail running,Absoluta/General,0,0,Villena,El Alto Vinalopó,Alicante,0,1415,Sprint trail,Comunidad Valenciana
mychip,9ª Media Maratón de montaña “Sierra de Peña Rubia”,2019-11-24,Domingo,7.5,trail running,Absoluta/General,0,0,Villena,El Alto Vinalopó,Alicante,0,1415,Marcha Senderista,Comunidad Valenciana
mychip,trail y maraton Olleria,2019-11-24,Domingo,42.0,trail running,Absoluta/General,0,0,Ollería,La Vall d'Albaida,Valencia,0,1417,maraton olleria,Comunidad Valenciana
mychip,trail y maraton Olleria,2019-11-24,Domingo,23.0,trail running,Absoluta/General,0,0,Ollería,La Vall d'Albaida,Valencia,0,1417,TRAIL L´OLLERIA,Comunidad Valenciana
mychip,trail y maraton Olleria,2019-11-24,Domingo,14.0,trail running,Absoluta/General,0,0,Ollería,La Vall d'Albaida,Valencia,0,1417,TRAIL L´OLLERIA sprint,Comunidad Valenciana
mychip,trail y maraton Olleria,2019-11-24,Domingo,14.0,trail running,Absoluta/General,0,0,Ollería,La Vall d'Albaida,Valencia,0,1417,caminata,Comunidad Valenciana
mychip,"Campionat de Regularitat per muntanya de la Comunitat Valenciana, FEMECV 2019",2019-11-24,Domingo,10.0,trail running,Absoluta/General,42,72,Játiva,La Costera,Valencia,0,1419,Marcha Regularidad,Comunidad Valenciana
mychip,I GRAN FONS I CARRERA TRENCANT BARRERES PER LA SALUT MENTAL DE SUECA,2019-11-24,Domingo,15.0,road running,Absoluta/General,0,0,Sueca,La Ribera Baja,Valencia,0,1433,Gran Fons,Comunidad Valenciana
mychip,I GRAN FONS I CARRERA TRENCANT BARRERES PER LA SALUT MENTAL DE SUECA,2019-11-24,Domingo,8.5,road running,Absoluta/General,0,0,Sueca,La Ribera Baja,Valencia,0,1433,Carrera,Comunidad Valenciana
mychip,"1A. JORNADA DONA MUNTANYA, BANYERES DE MARIOLA, FEMECV 2019",2019-11-23,Sábado,0.0,Otros,Absoluta/General,0,0,Bañeres,La Hoya de Alcoy,Alicante,0,1422,DONA I MUNTANYA,Comunidad Valenciana
mychip,"XIX MITJA MARATÓ SAMARUC 2019, ALGEMESÍ",2019-11-17,Domingo,21.097,road running,Absoluta/General,57,394,Algemesí,La Ribera Alta,Valencia,0,1300,Media maratón,Comunidad Valenciana
mychip,Pujada al refugi dels Esbarzerets 2019,2019-11-17,Domingo,16.0,trail running,Absoluta/General,13,56,Ibi,La Hoya de Alcoy,Alicante,0,1338,Carrera,Comunidad Valenciana
mychip,Pujada al refugi dels Esbarzerets 2019,2019-11-17,Domingo,16.0,trail running,Absoluta/General,23,29,Ibi,La Hoya de Alcoy,Alicante,0,1338,Sender,Comunidad Valenciana
mychip,Costa Blanca Trails 2019,2019-11-16,Sábado,101.0,trail running,Absoluta/General,9,167,Finestrat,La Marina Baja,Alicante,0,1331,GTCB 101k (17/11),Comunidad Valenciana
mychip,Costa Blanca Trails 2019,2019-11-16,Sábado,84.0,trail running,Absoluta/General,27,151,Finestrat,La Marina Baja,Alicante,0,1331,UTCB 84k (17/11),Comunidad Valenciana
mychip,Costa Blanca Trails 2019,2019-11-16,Sábado,46.0,trail running,Absoluta/General,44,329,Finestrat,La Marina Baja,Alicante,0,1331,MCB 46K (17/11),Comunidad Valenciana
mychip,Costa Blanca Trails 2019,2019-11-16,Sábado,29.0,trail running,Absoluta/General,47,215,Finestrat,La Marina Baja,Alicante,0,1331,TPC 29K(17/11),Comunidad Valenciana
mychip,Costa Blanca Trails 2019,2019-11-16,Sábado,20.0,trail running,Absoluta/General,65,109,Finestrat,La Marina Baja,Alicante,0,1331,MTF 20K &SENDER,Comunidad Valenciana
mychip,Costa Blanca Trails 2019,2019-11-16,Sábado,5.0,trail running,Absoluta/General,0,0,Finestrat,La Marina Baja,Alicante,0,1331,Acceso puntos de seguimiento corredores,Comunidad Valenciana
mychip,"MArató dels Dements 2019, Eslida & Aín",2019-11-16,Sábado,42.5,trail running,Absoluta/General,36,394,Eslida,Plana Baja,Castellón,0,1344,Marató dels Dements,Comunidad Valenciana
mychip,"MArató dels Dements 2019, Eslida & Aín",2019-11-16,Sábado,21.0,trail running,Absoluta/General,45,126,Eslida,Plana Baja,Castellón,0,1344,Mitja dels Dements d'Eslida,Comunidad Valenciana
mychip,"MArató dels Dements 2019, Eslida & Aín",2019-11-16,Sábado,44.0,trail running,Absoluta/General,0,0,Eslida,Plana Baja,Castellón,0,1344,Marató dels Dements por etapas,Comunidad Valenciana
mychip,"MArató dels Dements 2019, Eslida & Aín",2019-11-16,Sábado,20.75,trail running,Absoluta/General,0,0,Eslida,Plana Baja,Castellón,0,1344,Mitja dels Dements Aín,Comunidad Valenciana
mychip,"I Carrera Solidaria del Cáncer de Pulmón, Valencia",2019-11-16,Sábado,10.0,road running,Absoluta/General,110,184,Valencia,,Valencia,0,1346,"10k, Corredores",Comunidad Valenciana
mychip,"I Carrera Solidaria del Cáncer de Pulmón, Valencia",2019-11-16,Sábado,10.0,road running,Absoluta/General,72,39,Valencia,,Valencia,0,1346,"Sender, 10k",Comunidad Valenciana
mychip,"CAMPEONATO AUTONÒMICO ESCALADA DE DIFICULTAD, LA NUCÍA, FEMECV 2019",2019-11-16,Sábado,0.0,Otros,Absoluta/General,0,0,La Nucía,La Marina Baja,Alicante,0,1421,Absoluta,Comunidad Valenciana
mychip,"CAMPEONATO AUTONÒMICO ESCALADA DE DIFICULTAD, LA NUCÍA, FEMECV 2019",2019-11-16,Sábado,0.0,Otros,Cadete/Juvenil,0,0,La Nucía,La Marina Baja,Alicante,0,1421,SUB18 (16/17AÑOS),Comunidad Valenciana
mychip,"CAMPEONATO AUTONÒMICO ESCALADA DE DIFICULTAD, LA NUCÍA, FEMECV 2019",2019-11-16,Sábado,0.0,Otros,Cadete/Juvenil,0,0,La Nucía,La Marina Baja,Alicante,0,1421,SUB16 (12/15 AÑOS),Comunidad Valenciana
mychip,"CAMPEONATO AUTONÒMICO ESCALADA DE DIFICULTAD, LA NUCÍA, FEMECV 2019",2019-11-16,Sábado,0.0,Otros,Infantil,0,0,La Nucía,La Marina Baja,Alicante,0,1421,SUB12 (9/11 AÑOS),Comunidad Valenciana
mychip,"CAMPEONATO AUTONÒMICO ESCALADA DE DIFICULTAD, LA NUCÍA, FEMECV 2019",2019-11-16,Sábado,0.0,Otros,Infantil,0,0,La Nucía,La Marina Baja,Alicante,0,1421,SUB9 (6/8 AÑOS),Comunidad Valenciana
mychip,"7  Pujada a la Penya Migjorn, Xixona",2019-11-10,Domingo,21.0,trail running,Absoluta/General,20,115,Jijona,El Alacantí,Alicante,0,1298,Trail 22k,Comunidad Valenciana
mychip,"7  Pujada a la Penya Migjorn, Xixona",2019-11-10,Domingo,14.5,trail running,Absoluta/General,19,63,Jijona,El Alacantí,Alicante,0,1298,Trail 14K,Comunidad Valenciana
mychip,"7  Pujada a la Penya Migjorn, Xixona",2019-11-10,Domingo,14.5,trail running,Absoluta/General,0,0,Jijona,El Alacantí,Alicante,0,1298,Sender 14k,Comunidad Valenciana
mychip,"CAMINANDO CON LA DIPUTACIÓN DE ALICANTE, FEMECV 2019",2019-11-10,Domingo,0.0,Otros,Absoluta/General,0,0,Alicante,El Alacantí,Alicante,0,1322,Caminando con la Diputación,Comunidad Valenciana
mychip,"BODEGAS XALÓ BMT, CIRCUIT TRAIL MARINA",2019-11-03,Domingo,23.0,trail running,Absoluta/General,22,179,Jalón,La Marina Alta,Alicante,0,1377,"BX, BMT, 23km, CTM",Comunidad Valenciana
mychip,"BODEGAS XALÓ BMT, CIRCUIT TRAIL MARINA",2019-11-03,Domingo,15.0,trail running,Absoluta/General,53,100,Jalón,La Marina Alta,Alicante,0,1377,"BX, BMT Expres 15k",Comunidad Valenciana
mychip,"BODEGAS XALÓ BMT, CIRCUIT TRAIL MARINA",2019-11-03,Domingo,15.0,trail running,Absoluta/General,53,36,Jalón,La Marina Alta,Alicante,0,1377,"BX, BMT Senderista",Comunidad Valenciana
mychip,TRAIL Y SPRINTRAIL JALANCE,2019-11-03,Domingo,24.0,trail running,Absoluta/General,0,0,Jalance,El Valle de Cofrentes-Ayora,Valencia,0,1409,TRAIL 24K JALANCE,Comunidad Valenciana
mychip,TRAIL Y SPRINTRAIL JALANCE,2019-11-03,Domingo,13.0,trail running,Absoluta/General,0,0,Jalance,El Valle de Cofrentes-Ayora,Valencia,0,1409,SPRINT 13K JALANCE,Comunidad Valenciana
mychip,TRAIL Y SPRINTRAIL JALANCE,2019-11-03,Domingo,13.0,trail running,Absoluta/General,0,0,Jalance,El Valle de Cofrentes-Ayora,Valencia,0,1409,caminata JALANCE,Comunidad Valenciana
mychip,"V VOLTA A PEU CONTRA EL CANCER 2019, inscripciones presenciales en Algemesí",2019-11-03,Domingo,0.0,road running,Absoluta/General,0,0,Algemesí,La Ribera Alta,Valencia,0,1416,default,Comunidad Valenciana
mychip,Trail Nocturn Camins de Cabres 2019,2019-11-02,Sábado,23.0,trail running,Absoluta/General,17,153,Liria,El Campo de Turia,Valencia,0,1297,23k,Comunidad Valenciana
mychip,Trail Nocturn Camins de Cabres 2019,2019-11-02,Sábado,8.0,trail running,Absoluta/General,15,19,Liria,El Campo de Turia,Valencia,0,1297,Sender 8k,Comunidad Valenciana
mychip,Trail Nocturn Camins de Cabres 2019,2019-11-02,Sábado,0.0,trail running,Otros,0,0,Liria,El Campo de Turia,Valencia,0,1297,"Dorsal 0, Sommi Animal",Comunidad Valenciana
mychip,Trail Nocturn Camins de Cabres 2019,2019-11-02,Sábado,45.0,trail running,Absoluta/General,0,0,Liria,El Campo de Turia,Valencia,0,1297,45k,Comunidad Valenciana
mychip,Trail de Montanejos 2019,2019-11-02,Sábado,55.0,trail running,Absoluta/General,12,100,Montanejos,El Alto Mijares,Castellón,0,1343,"TDM 55k, (Sábado 3/11)",Comunidad Valenciana
mychip,Trail de Montanejos 2019,2019-11-02,Sábado,30.0,trail running,Absoluta/General,43,203,Montanejos,El Alto Mijares,Castellón,0,1343,"TDM 30k, (Domingo 4/11)",Comunidad Valenciana
mychip,Trail de Montanejos 2019,2019-11-02,Sábado,15.0,trail running,Absoluta/General,104,287,Montanejos,El Alto Mijares,Castellón,0,1343,"TDM 15k, (Sábado 3/11)",Comunidad Valenciana
mychip,V Trail de Buñol,2019-10-27,Domingo,27.0,trail running,Absoluta/General,20,97,Buñol,La Hoya de Buñol,Valencia,0,1350,27K,Comunidad Valenciana
mychip,V Trail de Buñol,2019-10-27,Domingo,13.5,trail running,Absoluta/General,52,160,Buñol,La Hoya de Buñol,Valencia,0,1350,"13,5K",Comunidad Valenciana
mychip,V Trail de Buñol,2019-10-27,Domingo,10.0,trail running,Absoluta/General,0,0,Buñol,La Hoya de Buñol,Valencia,0,1350,Marcha Senderista,Comunidad Valenciana
mychip,"CAMPIONAT AUTONÒMIC ESCALADA DE VELOCITAT, PAIPORTA, FEMECV 2019",2019-10-26,Sábado,0.0,Otros,Absoluta/General,0,0,Paiporta,Huerta Sur,Valencia,0,1402,Absoluta,Comunidad Valenciana
mychip,"CAMPIONAT AUTONÒMIC ESCALADA DE VELOCITAT, PAIPORTA, FEMECV 2019",2019-10-26,Sábado,0.0,Otros,Cadete/Juvenil,0,0,Paiporta,Huerta Sur,Valencia,0,1402,SUB18 (16/17AÑOS),Comunidad Valenciana
mychip,"CAMPIONAT AUTONÒMIC ESCALADA DE VELOCITAT, PAIPORTA, FEMECV 2019",2019-10-26,Sábado,0.0,Otros,Cadete/Juvenil,0,0,Paiporta,Huerta Sur,Valencia,0,1402,SUB16 (12/15 AÑOS),Comunidad Valenciana
mychip,"CAMPIONAT AUTONÒMIC ESCALADA DE VELOCITAT, PAIPORTA, FEMECV 2019",2019-10-26,Sábado,0.0,Otros,Infantil,0,0,Paiporta,Huerta Sur,Valencia,0,1402,SUB12 (9/11 AÑOS),Comunidad Valenciana
mychip,"CAMPIONAT AUTONÒMIC ESCALADA DE VELOCITAT, PAIPORTA, FEMECV 2019",2019-10-26,Sábado,0.0,Otros,Infantil,0,0,Paiporta,Huerta Sur,Valencia,0,1402,SUB9 (6/8 AÑOS),Comunidad Valenciana
mychip,VII Cross Popular l’Alfàs del Pi,2019-10-20,Domingo,6.0,road running,Absoluta/General,0,0,Alfaz del Pi,La Marina Baja,Alicante,0,1375,6km,Comunidad Valenciana
mychip,V Trail de Sellent,2019-10-20,Domingo,21.0,trail running,Absoluta/General,0,0,Sellent,La Ribera Alta,Valencia,0,1408,trail 21 sellent,Comunidad Valenciana
mychip,V Trail de Sellent,2019-10-20,Domingo,13.0,trail running,Absoluta/General,0,0,Sellent,La Ribera Alta,Valencia,0,1408,sprint 13k sellent,Comunidad Valenciana
mychip,V Trail de Sellent,2019-10-20,Domingo,13.0,trail running,Absoluta/General,0,0,Sellent,La Ribera Alta,Valencia,0,1408,marcha sellent 13k,Comunidad Valenciana
mychip,"TRAIL SOLIDARI CIUTAT D’ALCOI, 2019",2019-10-19,Sábado,54.0,trail running,Absoluta/General,56,327,Alcoy,La Hoya de Alcoy,Alicante,2,1325,TRAIL SOLIDARI,Comunidad Valenciana
mychip,"TRAIL SOLIDARI CIUTAT D’ALCOI, 2019",2019-10-19,Sábado,30.0,trail running,Absoluta/General,188,458,Alcoy,La Hoya de Alcoy,Alicante,11,1325,MIG TRAIL SOLIDARI,Comunidad Valenciana
mychip,"TRAIL SOLIDARI CIUTAT D’ALCOI, 2019",2019-10-19,Sábado,24.0,trail running,Absoluta/General,364,254,Alcoy,La Hoya de Alcoy,Alicante,81,1325,MARCHA SOLIDARIA,Comunidad Valenciana
mychip,XVII Carrera popular Enguera,2019-10-18,Viernes,8.0,road running,Absoluta/General,32,120,Enguera,La Canal de Navarrés,Valencia,0,1391,8k,Comunidad Valenciana
mychip,"VI Volta a la Campana & III Volta Sprint, Sueras",2019-10-13,Domingo,23.0,trail running,Absoluta/General,61,253,Sueras,Plana Baja,Castellón,0,1366,Volta  23 km,Comunidad Valenciana
mychip,"VI Volta a la Campana & III Volta Sprint, Sueras",2019-10-13,Domingo,11.2,trail running,Absoluta/General,82,152,Sueras,Plana Baja,Castellón,0,1366,"Sprint 11,2km",Comunidad Valenciana
mychip,8ª Bajada Solidaria Crevillent-El Realengo-Camping Marjal Costa Blanca a beneficio de la AECC y CRUZ ROJA,2019-10-13,Domingo,11.0,trail running,Absoluta/General,0,0,Crevillente,El Bajo Vinalopó,Alicante,0,1374,Nórdica,Comunidad Valenciana
mychip,8ª Bajada Solidaria Crevillent-El Realengo-Camping Marjal Costa Blanca a beneficio de la AECC y CRUZ ROJA,2019-10-13,Domingo,11.0,trail running,Absoluta/General,0,0,Crevillente,El Bajo Vinalopó,Alicante,0,1374,CARRERA,Comunidad Valenciana
mychip,8ª Bajada Solidaria Crevillent-El Realengo-Camping Marjal Costa Blanca a beneficio de la AECC y CRUZ ROJA,2019-10-13,Domingo,11.0,trail running,Absoluta/General,0,0,Crevillente,El Bajo Vinalopó,Alicante,0,1374,Marchador,Comunidad Valenciana
mychip,"2ª Travesía Motos de Agua, Santa Pola - Torrevieja",2019-10-12,Sábado,42.666,Otros,Absoluta/General,0,0,Santa Pola,El Bajo Vinalopó,Alicante,0,1403,"26,50 millas náuticas",Comunidad Valenciana
mychip,"XXVI Cursa popular 10k, 5k, Altea",2019-10-09,Miércoles,10.0,road running,Absoluta/General,31,129,Altea,La Marina Baja,Alicante,0,1372,10k,Comunidad Valenciana
mychip,"XXVI Cursa popular 10k, 5k, Altea",2019-10-09,Miércoles,5.0,road running,Absoluta/General,35,70,Altea,La Marina Baja,Alicante,0,1372,5k,Comunidad Valenciana
mychip,"XXVI Cursa popular 10k, 5k, Altea",2019-10-09,Miércoles,0.0,road running,Infantil,0,0,Altea,La Marina Baja,Alicante,0,1372,Menores (0 a 15 años),Comunidad Valenciana
mychip,XIV CARRERA POR MONTAÑA Y MARCHA A PIÉ SERRA DEL COTO,2019-10-06,Domingo,22.7,trail running,Absoluta/General,84,248,Monóvar,El Vinalopó Medio,Alicante,0,1349,TRAIL & SENDER,Comunidad Valenciana
mychip,VI MARCHA CICLODEPORTIVA LA POBLA LLARGA,2019-10-06,Domingo,86.0,Ciclismo y btt,Absoluta/General,57,795,la Pobla Llarga,La Ribera Alta,Valencia,0,1353,Marcha,Comunidad Valenciana
mychip,CARRERA POPULAR AVT 2019,2019-10-06,Domingo,10.0,road running,Absoluta/General,13,80,Humanes de Madrid,,Comunidad de Madrid,0,1359,10k,Comunidad de Madrid
mychip,CARRERA POPULAR AVT 2019,2019-10-06,Domingo,5.0,road running,Absoluta/General,27,44,Humanes de Madrid,,Comunidad de Madrid,0,1359,5k & Sender,Comunidad de Madrid
mychip,IV Trail de Tous,2019-10-06,Domingo,21.0,trail running,Absoluta/General,0,0,Tous,La Ribera Alta,Valencia,0,1362,Trail Tous 21k,Comunidad Valenciana
mychip,IV Trail de Tous,2019-10-06,Domingo,14.0,trail running,Absoluta/General,0,0,Tous,La Ribera Alta,Valencia,0,1362,trail Tous corto,Comunidad Valenciana
mychip,IV Trail de Tous,2019-10-06,Domingo,14.0,trail running,Absoluta/General,0,0,Tous,La Ribera Alta,Valencia,0,1362,caminata,Comunidad Valenciana
mychip,XI Botamarges,2019-10-05,Sábado,64.0,trail running,Absoluta/General,15,173,Adsubia,La Marina Alta,Alicante,0,1334,Botamarges,Comunidad Valenciana
mychip,"Sprint Trail Senyera, 2019",2019-09-29,Domingo,13.0,trail running,Absoluta/General,26,129,Senyera,La Ribera Alta,Valencia,0,1296,SPRINT TRAIL,Comunidad Valenciana
mychip,"Sprint Trail Senyera, 2019",2019-09-29,Domingo,13.0,trail running,Absoluta/General,85,75,Senyera,La Ribera Alta,Valencia,0,1296,Sender,Comunidad Valenciana
mychip,IV Trail Salto de Chella,2019-09-29,Domingo,17.0,trail running,Absoluta/General,8,91,Chella,La Canal de Navarrés,Valencia,0,1347,Trail,Comunidad Valenciana
mychip,IV Trail Salto de Chella,2019-09-29,Domingo,14.0,trail running,Absoluta/General,12,15,Chella,La Canal de Navarrés,Valencia,0,1347,Sender,Comunidad Valenciana
mychip,"I caminada solidaria sueca, I caminada ADOPS pacients cancer sueca",2019-09-29,Domingo,5.5,Otros,Absoluta/General,0,0,Sueca,La Ribera Baja,Valencia,0,1368,Caminada,Comunidad Valenciana
mychip,X CARRERA Y MARCHA DE RABOSA,2019-09-29,Domingo,32.0,trail running,Absoluta/General,4,37,Elda,El Vinalopó Medio,Alicante,0,1370,Trail largo,Comunidad Valenciana
mychip,X CARRERA Y MARCHA DE RABOSA,2019-09-29,Domingo,14.0,trail running,Absoluta/General,43,160,Elda,El Vinalopó Medio,Alicante,0,1370,Trail Corto,Comunidad Valenciana
mychip,X CARRERA Y MARCHA DE RABOSA,2019-09-29,Domingo,14.0,trail running,Absoluta/General,71,81,Elda,El Vinalopó Medio,Alicante,0,1370,Marcha Senderista,Comunidad Valenciana
mychip,"Selènika 2019, Marxa de resistència en BTT",2019-09-29,Domingo,95.0,Ciclismo y btt,Absoluta/General,15,401,Navarcles,,Barcelona,0,1393,LLARGA (95K),Cataluña
mychip,"Selènika 2019, Marxa de resistència en BTT",2019-09-29,Domingo,60.0,Ciclismo y btt,Absoluta/General,17,176,Navarcles,,Barcelona,0,1393,CURTA (63K),Cataluña
mychip,VI CARRERA Y MARCHA NOCTURNA DE MONTAÑA DE LA VALL D’UIXÓ A LA FONT DE GARRUT,2019-09-28,Sábado,10.0,trail running,Absoluta/General,11,32,Vall de Uxó,Plana Baja,Castellón,0,1394,Carrera por montaña,Comunidad Valenciana
mychip,VI CARRERA Y MARCHA NOCTURNA DE MONTAÑA DE LA VALL D’UIXÓ A LA FONT DE GARRUT,2019-09-28,Sábado,10.0,trail running,Absoluta/General,69,33,Vall de Uxó,Plana Baja,Castellón,0,1394,Marcha Senderista,Comunidad Valenciana
mychip,"4t Trail Volta al Pantà de Tibi, III Circuit Vall del Joguet",2019-09-22,Domingo,26.0,trail running,Absoluta/General,26,193,Tibi,La Hoya de Alcoy,Alicante,0,1266,"26k, CTVJ",Comunidad Valenciana
mychip,"4t Trail Volta al Pantà de Tibi, III Circuit Vall del Joguet",2019-09-22,Domingo,17.0,trail running,Absoluta/General,57,147,Tibi,La Hoya de Alcoy,Alicante,0,1266,17k,Comunidad Valenciana
mychip,II Trail Barx,2019-09-22,Domingo,21.0,trail running,Absoluta/General,0,0,Bárig,La Safor,Valencia,0,1361,Trail Barx 21k,Comunidad Valenciana
mychip,II Trail Barx,2019-09-22,Domingo,11.0,trail running,Absoluta/General,0,0,Bárig,La Safor,Valencia,0,1361,Trail corto Barx,Comunidad Valenciana
mychip,II Trail Barx,2019-09-22,Domingo,11.0,trail running,Absoluta/General,0,0,Bárig,La Safor,Valencia,0,1361,caminata,Comunidad Valenciana
mychip,"Mitja Marató de Muntanya de L'Alcora, 2019",2019-09-21,Sábado,21.0,trail running,Absoluta/General,20,142,Alcora,l'Alcalatén,Castellón,0,1369,21k,Comunidad Valenciana
mychip,"Mitja Marató de Muntanya de L'Alcora, 2019",2019-09-21,Sábado,13.0,trail running,Absoluta/General,31,64,Alcora,l'Alcalatén,Castellón,0,1369,Marxa competitiva 13k,Comunidad Valenciana
mychip,V  10K NOCTURNO PEÑISCOLA 2019,2019-09-21,Sábado,10.0,road running,Absoluta/General,0,0,Peñíscola,Bajo Maestrazgo,Castellón,0,1392,10k nocturno,Comunidad Valenciana
mychip,"CAMPEONATO AUTONÓMICO DE ESCALADA EN BLOQUE, IBI, FEMECV 2019",2019-09-21,Sábado,0.0,Otros,Absoluta/General,0,0,Ibi,La Hoya de Alcoy,Alicante,0,1396,Absoluta,Comunidad Valenciana
mychip,"CAMPEONATO AUTONÓMICO DE ESCALADA EN BLOQUE, IBI, FEMECV 2019",2019-09-21,Sábado,0.0,Otros,Cadete/Juvenil,0,0,Ibi,La Hoya de Alcoy,Alicante,0,1396,SUB18 (16/17AÑOS),Comunidad Valenciana
mychip,"CAMPEONATO AUTONÓMICO DE ESCALADA EN BLOQUE, IBI, FEMECV 2019",2019-09-21,Sábado,0.0,Otros,Cadete/Juvenil,0,0,Ibi,La Hoya de Alcoy,Alicante,0,1396,SUB16 (12/15 AÑOS),Comunidad Valenciana
mychip,"CAMPEONATO AUTONÓMICO DE ESCALADA EN BLOQUE, IBI, FEMECV 2019",2019-09-21,Sábado,0.0,Otros,Infantil,0,0,Ibi,La Hoya de Alcoy,Alicante,0,1396,SUB12 (9/11 AÑOS),Comunidad Valenciana
mychip,"CAMPEONATO AUTONÓMICO DE ESCALADA EN BLOQUE, IBI, FEMECV 2019",2019-09-21,Sábado,0.0,Otros,Infantil,0,0,Ibi,La Hoya de Alcoy,Alicante,0,1396,SUB9 (6/8 AÑOS),Comunidad Valenciana
mychip,"Campamento territorial Bejis 2019, 1er Campamento de Juventud y Familias",2019-09-14,Sábado,0.0,Otros,Absoluta/General,0,0,Bejís,El Alto Palancia,Castellón,0,1339,Campamento 14 y 15 de septiembre,Comunidad Valenciana
mychip,VI  10 K NOCTURNO GRAO CASTELLON  2019,2019-09-14,Sábado,10.0,road running,Absoluta/General,0,0,Vallibona,Los Puertos de Morella,Castellón,0,1376,10k nocturno,Comunidad Valenciana
mychip,Canaleta Trail Argelita,2019-09-08,Domingo,17.0,trail running,Absoluta/General,0,0,Argelita,El Alto Mijares,Castellón,0,1357,Canaleta Trail Argelita,Comunidad Valenciana
mychip,III Trail y Maraton Benicadell,2019-09-08,Domingo,42.0,trail running,Absoluta/General,0,0,Ráfol de Salem,La Vall d'Albaida,Valencia,0,1360,maraton benicadell,Comunidad Valenciana
mychip,III Trail y Maraton Benicadell,2019-09-08,Domingo,2.3,trail running,Absoluta/General,0,0,Ráfol de Salem,La Vall d'Albaida,Valencia,0,1360,trail benicadell,Comunidad Valenciana
mychip,III Trail y Maraton Benicadell,2019-09-08,Domingo,14.0,trail running,Absoluta/General,0,0,Ráfol de Salem,La Vall d'Albaida,Valencia,0,1360,trail corto ,Comunidad Valenciana
mychip,III Trail y Maraton Benicadell,2019-09-08,Domingo,14.0,trail running,Absoluta/General,0,0,Ráfol de Salem,La Vall d'Albaida,Valencia,0,1360,caminata,Comunidad Valenciana
mychip,II Trail Serra d´Orxeta,2019-09-01,Domingo,15.2,trail running,Absoluta/General,29,130,Orcheta,La Marina Baja,Alicante,0,1345,Carrera,Comunidad Valenciana
mychip,II Trail Serra d´Orxeta,2019-09-01,Domingo,15.2,trail running,Absoluta/General,6,14,Orcheta,La Marina Baja,Alicante,0,1345,Sender,Comunidad Valenciana
mychip,XXII VOLTA A PEU A CORBERA,2019-08-31,Sábado,8.0,road running,Absoluta/General,56,262,Corbera,La Ribera Baja,Valencia,0,1363,Carrera Popular,Comunidad Valenciana
mychip,VII  10 K NOCTURNO BENICASSIM PLATGES  2019,2019-08-24,Sábado,10.0,road running,Absoluta/General,0,0,Benicasim,Plana Alta,Castellón,0,1365,10k nocturno,Comunidad Valenciana
mychip,"XXXII Volta a peu Azuliber, Alcora (inscripciones en linea de salida)",2019-08-22,Jueves,0.0,road running,Absoluta/General,0,0,Alcora,l'Alcalatén,Castellón,0,1351,Inscripción en linea de meta,Comunidad Valenciana
mychip,V TRIATLON ANNA,2019-08-17,Sábado,0.75,Multidisciplina,Absoluta/General,0,0,Anna,La Canal de Navarrés,Valencia,0,1348,SPRINT,Comunidad Valenciana
mychip,IV CURSA MATINERA SANT ROC,2019-08-15,Jueves,11.0,trail running,Absoluta/General,0,0,Villavieja,Plana Baja,Castellón,0,1342,Trail,Comunidad Valenciana
mychip,VI  10K NOCTURNO LLANGOSTÍ VINARÒS  2019,2019-08-10,Sábado,10.0,road running,Absoluta/General,0,0,Vinaroz,Bajo Maestrazgo,Castellón,0,1364,10k nocturno,Comunidad Valenciana
mychip,31 VOLTA A PEU A LA PLATJA DE TAVERNES,2019-08-02,Viernes,8.0,road running,Absoluta/General,219,783,Tabernes de Valldigna,La Safor,Valencia,0,1211,8k,Comunidad Valenciana
mychip,Volta a peu a Benifairo 2019,2019-07-27,Sábado,8.0,road running,Absoluta/General,21,99,Benifairó de la Valldigna,La Safor,Valencia,0,1352,Carrera,Comunidad Valenciana
mychip,42K NOCTURNO VIA VERDE AGOST 2019,2019-07-13,Sábado,42.0,road running,Absoluta/General,18,116,Agost,El Alacantí,Alicante,0,1305,42k,Comunidad Valenciana
mychip,VI  10 K NOCTURNO OROPESA DEL MAR 2019,2019-07-13,Sábado,10.0,road running,Absoluta/General,0,0,Moncófar,Plana Baja,Castellón,0,1355,10k nocturno,Comunidad Valenciana
mychip,II Carrera i Marxa nocturna nit màgica del Xúquer,2019-07-06,Sábado,9.0,road running,Absoluta/General,13,31,Sumacárcel,La Ribera Alta,Valencia,0,1333,Carrera 9k,Comunidad Valenciana
mychip,II Carrera i Marxa nocturna nit màgica del Xúquer,2019-07-06,Sábado,5.0,road running,Absoluta/General,39,18,Sumacárcel,La Ribera Alta,Valencia,0,1333,Sender 5k,Comunidad Valenciana
mychip,"Faldes del Puig Campana, Trail & Sender Nocturn.",2019-07-06,Sábado,13.0,trail running,Absoluta/General,28,209,Finestrat,La Marina Baja,Alicante,0,1340,Carrera,Comunidad Valenciana
mychip,"Faldes del Puig Campana, Trail & Sender Nocturn.",2019-07-06,Sábado,9.0,trail running,Absoluta/General,85,76,Finestrat,La Marina Baja,Alicante,0,1340,Sender,Comunidad Valenciana
mychip,"Acadian Mad Race, Alcoy",2019-06-30,Domingo,9.0,road running,Absoluta/General,25,104,Alcoy,La Hoya de Alcoy,Alicante,0,1309,9K,Comunidad Valenciana
mychip,"Acadian Mad Race, Alcoy",2019-06-30,Domingo,7.0,road running,Absoluta/General,16,44,Alcoy,La Hoya de Alcoy,Alicante,0,1309,7K,Comunidad Valenciana
mychip,"Acadian Mad Race, Alcoy",2019-06-30,Domingo,7.0,road running,Equipos,7,14,Alcoy,La Hoya de Alcoy,Alicante,0,1309,"Equipos 5-6 participantes, 7K",Comunidad Valenciana
mychip,III ANFIBIOS TRAIL ANNA,2019-06-29,Sábado,9.0,trail running,Absoluta/General,0,0,Anna,La Canal de Navarrés,Valencia,0,1319,ANFIBIOS TRAIL,Comunidad Valenciana
mychip,II 10k nocturn Platges de Moncofa,2019-06-29,Sábado,10.0,road running,Absoluta/General,0,0,Moncófar,Plana Baja,Castellón,0,1332,10k nocturno,Comunidad Valenciana
mychip,"XXXIII Volta a peu a Almussafes, EVENTO APLAZADO",2019-06-29,Sábado,10.0,road running,Absoluta/General,0,0,Almussafes,La Ribera Baja,Valencia,0,1337,10K,Comunidad Valenciana
mychip,"Zumaia Flysch Trail, Copa de España de Carreras en línea, FEDME 2019",2019-06-23,Domingo,42.23,trail running,Absoluta/General,26,100,Zumaya,,País Vasco,0,1276,Maratón 42k,País Vasco
mychip,"Zumaia Flysch Trail, Copa de España de Carreras en línea, FEDME 2019",2019-06-23,Domingo,31.2,trail running,Cadete/Juvenil,2,7,Zumaya,,País Vasco,0,1276,Promesa 31k,País Vasco
mychip,"Zumaia Flysch Trail, Copa de España de Carreras en línea, FEDME 2019",2019-06-23,Domingo,14.14,trail running,Cadete/Juvenil,11,22,Zumaya,,País Vasco,0,1276,"Cadete, 14 k",País Vasco
mychip,"Zumaia Flysch Trail, Copa de España de Carreras en línea, FEDME 2019",2019-06-23,Domingo,22.2,trail running,Cadete/Juvenil,7,24,Zumaya,,País Vasco,0,1276,Junior 22k,País Vasco
mychip,"Zumaia Flysch Trail, Copa de España de Carreras en línea, FEDME 2019",2019-06-23,Domingo,22.0,trail running,Absoluta/General,2,26,Zumaya,,País Vasco,0,1276,"Ciegos, 22k",País Vasco
mychip,"Zumaia Flysch Trail, Copa de España de Carreras en línea, FEDME 2019",2019-06-23,Domingo,21.6,trail running,Absoluta/General,122,321,Zumaya,,País Vasco,0,1276,Media Maratón 22k,País Vasco
mychip,"La Sagra Skyrace, Copa de España de Carreras en línea, FEDME 2019",2019-06-16,Domingo,30.0,trail running,Absoluta/General,45,334,Puebla de Don Fadrique,,Andalucía,0,1275,Absoluta,Andalucía
mychip,"La Sagra Skyrace, Copa de España de Carreras en línea, FEDME 2019",2019-06-16,Domingo,15.0,trail running,Cadete/Juvenil,16,24,Puebla de Don Fadrique,,Andalucía,0,1275,Cadete 11k,Andalucía
mychip,"La Sagra Skyrace, Copa de España de Carreras en línea, FEDME 2019",2019-06-16,Domingo,15.0,trail running,Cadete/Juvenil,41,90,Puebla de Don Fadrique,,Andalucía,0,1275,Junior 16k,Andalucía
mychip,Memorial José Manuel Zambrana Pleguezuelos,2019-06-15,Sábado,10.0,road running,Absoluta/General,0,0,Ibi,La Hoya de Alcoy,Alicante,0,1287,10K oficiales,Comunidad Valenciana
mychip,Memorial José Manuel Zambrana Pleguezuelos,2019-06-15,Sábado,5.0,road running,Absoluta/General,0,0,Ibi,La Hoya de Alcoy,Alicante,0,1287,5K No competitivos,Comunidad Valenciana
mychip,Memorial José Manuel Zambrana Pleguezuelos,2019-06-15,Sábado,5.0,road running,Absoluta/General,0,0,Ibi,La Hoya de Alcoy,Alicante,0,1287,Marcha 5K,Comunidad Valenciana
mychip,II TRAIL NOCTURN LLUNA D´OLTÀ,2019-06-15,Sábado,16.0,trail running,Absoluta/General,37,131,Calpe,La Marina Alta,Alicante,0,1317,Trail,Comunidad Valenciana
mychip,II TRAIL NOCTURN LLUNA D´OLTÀ,2019-06-15,Sábado,10.0,trail running,Absoluta/General,72,47,Calpe,La Marina Alta,Alicante,0,1317,Sender,Comunidad Valenciana
mychip,TRAIL DE CHULILLA,2019-06-15,Sábado,15.2,trail running,Absoluta/General,0,0,Chulilla,,Valencia,0,1341,Trail,Comunidad Valenciana
mychip,"41 Trotada i 3ª marcha mediambiental & Marcha Nórdica, Crevillent - Platja del Pinet",2019-06-09,Domingo,26.7,road running,Absoluta/General,0,0,Crevillente,El Bajo Vinalopó,Alicante,0,1321,Trotada,Comunidad Valenciana
mychip,"41 Trotada i 3ª marcha mediambiental & Marcha Nórdica, Crevillent - Platja del Pinet",2019-06-09,Domingo,26.7,road running,Absoluta/General,0,0,Crevillente,El Bajo Vinalopó,Alicante,0,1321,Sender,Comunidad Valenciana
mychip,"41 Trotada i 3ª marcha mediambiental & Marcha Nórdica, Crevillent - Platja del Pinet",2019-06-09,Domingo,26.7,road running,Absoluta/General,0,0,Crevillente,El Bajo Vinalopó,Alicante,0,1321,Nórdica,Comunidad Valenciana
mychip,XIII Carrera de la mujer contra la violencia de género,2019-06-08,Sábado,5.0,road running,Absoluta/General,193,2,Mataelpino,,Madrid,0,1311,Femenina,Madrid
mychip,XIII Carrera de la mujer contra la violencia de género,2019-06-08,Sábado,5.0,road running,Absoluta/General,0,54,Mataelpino,,Madrid,0,1311,Masculina,Madrid
mychip,VIII Cursa per Muntanya les Xosses de Crevillent,2019-06-01,Sábado,16.5,trail running,Absoluta/General,69,285,Crevillente,El Bajo Vinalopó,Alicante,0,1263,Trail,Comunidad Valenciana
mychip,VIII Cursa per Muntanya les Xosses de Crevillent,2019-06-01,Sábado,13.5,trail running,Absoluta/General,133,150,Crevillente,El Bajo Vinalopó,Alicante,0,1263,Sender,Comunidad Valenciana
mychip,VIII Cursa per Muntanya les Xosses de Crevillent,2019-06-01,Sábado,0.54,trail running,Absoluta/General,0,0,Crevillente,El Bajo Vinalopó,Alicante,0,1263,Kids,Comunidad Valenciana
mychip,XVII 10km Godella Nicoboco,2019-06-01,Sábado,10.0,road running,Absoluta/General,93,371,Godella,Huerta Norte,Valencia,0,1288,10k,Comunidad Valenciana
mychip,XVII 10km Godella Nicoboco,2019-06-01,Sábado,0.0,road running,Infantil,0,0,Godella,Huerta Norte,Valencia,0,1288,Menores 2003-2015,Comunidad Valenciana
mychip,III Trail Llosa de Ranes,2019-06-01,Sábado,16.0,trail running,Absoluta/General,0,0,Llosa de Ranes,La Costera,Valencia,0,1330,Trail Llosa de Ranes 16k,Comunidad Valenciana
mychip,III Trail Llosa de Ranes,2019-06-01,Sábado,10.0,trail running,Absoluta/General,0,0,Llosa de Ranes,La Costera,Valencia,0,1330,Trail Llosa de Ranes 10k,Comunidad Valenciana
mychip,III Trail Llosa de Ranes,2019-06-01,Sábado,10.0,trail running,Absoluta/General,0,0,Llosa de Ranes,La Costera,Valencia,0,1330,caminata Llosa de Ranes,Comunidad Valenciana
mychip,38ena Volta al Terme de Fondeguilla,2019-05-25,Sábado,34.5,trail running,Absoluta/General,28,346,Alfondeguilla,Plana Baja,Castellón,0,1294,Absoluta,Comunidad Valenciana
mychip,38ena Volta al Terme de Fondeguilla,2019-05-25,Sábado,14.0,trail running,Cadete/Juvenil,0,2,Alfondeguilla,Plana Baja,Castellón,0,1294,Cadete/Junior,Comunidad Valenciana
mychip,3ª. Prueba Copa Marcha Nórdica de la Comunidad Valenciana,2019-05-25,Sábado,10.2,Otros,Absoluta/General,42,62,Navarrés,La Canal de Navarrés,Valencia,0,1328,Copa Marcha Nórdica,Comunidad Valenciana
mychip,III Trail de Millares,2019-05-19,Domingo,24.0,trail running,Absoluta/General,0,0,Millares,La Canal de Navarrés,Valencia,0,1320,III TRAIL MILLARES 24k,Comunidad Valenciana
mychip,III Trail de Millares,2019-05-19,Domingo,12.0,trail running,Absoluta/General,0,0,Millares,La Canal de Navarrés,Valencia,0,1320,III TRAIL MILLARES 12k,Comunidad Valenciana
mychip,III Trail de Millares,2019-05-19,Domingo,12.0,trail running,Absoluta/General,0,0,Millares,La Canal de Navarrés,Valencia,0,1320,III TRAIL MILLARES caminata,Comunidad Valenciana
mychip,"X Ruta dels Corrals, Xeresa",2019-05-19,Domingo,12.0,Otros,Absoluta/General,0,0,Jeresa,La Safor,Valencia,0,1329,Sender,Comunidad Valenciana
mychip,"X Ruta dels Corrals, Xeresa",2019-05-19,Domingo,12.0,Otros,Infantil,0,0,Jeresa,La Safor,Valencia,0,1329,Menor de 13 años,Comunidad Valenciana
mychip,"X Ruta dels Corrals, Xeresa",2019-05-19,Domingo,12.0,Otros,Absoluta/General,0,0,Jeresa,La Safor,Valencia,0,1329,Soci Corresendes,Comunidad Valenciana
mychip,"II CURSA PER LA IGUALTAT, Tavernes de la Valldigna",2019-05-18,Sábado,6.0,road running,Absoluta/General,26,52,Tabernes de Valldigna,La Safor,Valencia,0,1210,6km,Comunidad Valenciana
mychip,"Trail de Primavera, Confrides 2019",2019-05-18,Sábado,43.0,trail running,Absoluta/General,12,179,Confrides,La Marina Baja,Alicante,0,1238,"43k, Serrella",Comunidad Valenciana
mychip,"Trail de Primavera, Confrides 2019",2019-05-18,Sábado,24.0,trail running,Absoluta/General,27,168,Confrides,La Marina Baja,Alicante,0,1238,Serrella & Sender 24k,Comunidad Valenciana
mychip,"Trail de Primavera, Confrides 2019",2019-05-18,Sábado,19.0,trail running,Absoluta/General,59,152,Confrides,La Marina Baja,Alicante,0,1238,Trail Aitana & Sender 18k,Comunidad Valenciana
mychip,"Mediterranean Coast Challenge 2019, Altea",2019-05-12,Domingo,5.5,Otros,Absoluta/General,44,148,Altea,La Marina Baja,Alicante,0,1252,"5,5k  Mediterranean",Comunidad Valenciana
mychip,"Mediterranean Coast Challenge 2019, Altea",2019-05-12,Domingo,2.0,Otros,Absoluta/General,103,136,Altea,La Marina Baja,Alicante,0,1252,"2k, Popular",Comunidad Valenciana
mychip,"Mediterranean Coast Challenge 2019, Altea",2019-05-12,Domingo,0.5,Otros,Infantil,3,6,Altea,La Marina Baja,Alicante,0,1252,Mini (5 a 16 años),Comunidad Valenciana
mychip,VIII Gran fons vistes d'Algimia,2019-05-12,Domingo,15.0,trail running,Absoluta/General,27,164,Algimia de Alfara,Campo de Murviedro,Valencia,0,1277,15k,Comunidad Valenciana
mychip,"TRAIL RAE, CAMPEONATO DE ESPAÑA EN LÍNEA INDIVIDUAL Y POR SELECCIONES AUTONÓMICAS",2019-05-12,Domingo,34.0,trail running,Absoluta/General,89,192,Castro-Urdiales,,Cantabria,0,1279,TR34,Cantabria
mychip,"TRAIL RAE, CAMPEONATO DE ESPAÑA EN LÍNEA INDIVIDUAL Y POR SELECCIONES AUTONÓMICAS",2019-05-12,Domingo,13.0,trail running,Cadete/Juvenil,22,53,Castro-Urdiales,,Cantabria,0,1279,TR 13 Cadete,Cantabria
mychip,"TRAIL RAE, CAMPEONATO DE ESPAÑA EN LÍNEA INDIVIDUAL Y POR SELECCIONES AUTONÓMICAS",2019-05-12,Domingo,22.0,trail running,Cadete/Juvenil,17,57,Castro-Urdiales,,Cantabria,0,1279,TR 22 Junior,Cantabria
mychip,"TRAIL RAE, CAMPEONATO DE ESPAÑA EN LÍNEA INDIVIDUAL Y POR SELECCIONES AUTONÓMICAS",2019-05-12,Domingo,22.0,trail running,Absoluta/General,5,44,Castro-Urdiales,,Cantabria,0,1279,TR22 OPEN,Cantabria
mychip,"TRAIL RAE, CAMPEONATO DE ESPAÑA EN LÍNEA INDIVIDUAL Y POR SELECCIONES AUTONÓMICAS",2019-05-12,Domingo,24.0,trail running,Absoluta/General,10,21,Castro-Urdiales,,Cantabria,0,1279,TRM24,Cantabria
mychip,XIII Trail Castalla 2019,2019-05-12,Domingo,14.6,trail running,Absoluta/General,42,189,Castalla,La Hoya de Alcoy,Alicante,0,1290,"15,5, CTVJ",Comunidad Valenciana
mychip,XIII Trail Castalla 2019,2019-05-12,Domingo,14.6,trail running,Absoluta/General,0,0,Castalla,La Hoya de Alcoy,Alicante,0,1290,Sender,Comunidad Valenciana
mychip,IV TRAIL POR ELLAS COSTA BLANCA,2019-05-12,Domingo,7.3,trail running,Absoluta/General,28,77,Benidorm,La Marina Baja,Alicante,0,1312,Trail 7k,Comunidad Valenciana
mychip,IV TRAIL POR ELLAS COSTA BLANCA,2019-05-12,Domingo,7.3,trail running,Absoluta/General,54,24,Benidorm,La Marina Baja,Alicante,0,1312,Marcha Senderista,Comunidad Valenciana
mychip,IV TRAIL POR ELLAS COSTA BLANCA,2019-05-12,Domingo,1.0,trail running,Absoluta/General,0,0,Benidorm,La Marina Baja,Alicante,0,1312,Mini trail,Comunidad Valenciana
mychip,"Alicante International Skate Cup, open",2019-05-10,Viernes,0.0,Otros,Absoluta/General,0,0,Villena,El Alto Vinalopó,Alicante,0,1318,Open Masculino,Comunidad Valenciana
mychip,"Alicante International Skate Cup, open",2019-05-10,Viernes,0.0,Otros,Absoluta/General,0,0,Villena,El Alto Vinalopó,Alicante,0,1318,Open Femenino,Comunidad Valenciana
mychip,"Alicante International Skate Cup, open",2019-05-10,Viernes,0.0,Otros,Infantil,0,0,Villena,El Alto Vinalopó,Alicante,0,1318,Menores,Comunidad Valenciana
mychip,V Trail Senglars de Favara ,2019-05-05,Domingo,21.0,trail running,Absoluta/General,19,114,Favareta,La Ribera Baja,Valencia,0,1243,21k,Comunidad Valenciana
mychip,V Trail Senglars de Favara ,2019-05-05,Domingo,10.0,trail running,Absoluta/General,56,123,Favareta,La Ribera Baja,Valencia,0,1243,10k,Comunidad Valenciana
mychip,V Trail Senglars de Favara ,2019-05-05,Domingo,6.0,trail running,Absoluta/General,33,17,Favareta,La Ribera Baja,Valencia,0,1243,Sender,Comunidad Valenciana
mychip,"Kanpezu-Ioar Mendi Maratoi-Erdia, Copa de España de Carreras en línea, FEDME 2019",2019-05-05,Domingo,26.5,trail running,Absoluta/General,28,223,Campezo,,País Vasco,0,1274,Absoluta,País Vasco
mychip,"Kanpezu-Ioar Mendi Maratoi-Erdia, Copa de España de Carreras en línea, FEDME 2019",2019-05-05,Domingo,13.3,trail running,Cadete/Juvenil,9,15,Campezo,,País Vasco,0,1274,Cadete,País Vasco
mychip,"Kanpezu-Ioar Mendi Maratoi-Erdia, Copa de España de Carreras en línea, FEDME 2019",2019-05-05,Domingo,13.3,trail running,Cadete/Juvenil,6,15,Campezo,,País Vasco,0,1274,Junior,País Vasco
mychip,"Kanpezu-Ioar Mendi Maratoi-Erdia, Copa de España de Carreras en línea, FEDME 2019",2019-05-05,Domingo,13.5,trail running,Absoluta/General,1,22,Campezo,,País Vasco,0,1274,Ciegos,País Vasco
mychip,Almenara Xtrem 2019,2019-05-05,Domingo,16.86,trail running,Absoluta/General,36,142,Almenara,Plana Baja,Castellón,0,1289,Xtrem Almenara,Comunidad Valenciana
mychip,Almenara Xtrem 2019,2019-05-05,Domingo,8.0,trail running,Absoluta/General,39,21,Almenara,Plana Baja,Castellón,0,1289,Marxa al Castell,Comunidad Valenciana
mychip,Trail Umbria la Plana 2019,2019-05-05,Domingo,20.0,trail running,Absoluta/General,12,95,Enguera,La Canal de Navarrés,Valencia,0,1291,"Trail 20,5k",Comunidad Valenciana
mychip,Trail Umbria la Plana 2019,2019-05-05,Domingo,10.0,trail running,Absoluta/General,20,88,Enguera,La Canal de Navarrés,Valencia,0,1291,Speed Trail 10km,Comunidad Valenciana
mychip,Trail Umbria la Plana 2019,2019-05-05,Domingo,10.0,trail running,Absoluta/General,112,62,Enguera,La Canal de Navarrés,Valencia,0,1291,Marcha Senderista,Comunidad Valenciana
mychip,Trail Umbria la Plana 2019,2019-05-05,Domingo,8.0,trail running,Absoluta/General,1,9,Enguera,La Canal de Navarrés,Valencia,0,1291,Canicross,Comunidad Valenciana
mychip,"7ena. Carrera i Marxa de la Dona, Sueca 2019",2019-05-05,Domingo,6.0,road running,Absoluta/General,172,6,Sueca,La Ribera Baja,Valencia,0,1304,Individual,Comunidad Valenciana
mychip,"7ena. Carrera i Marxa de la Dona, Sueca 2019",2019-05-05,Domingo,6.0,road running,Absoluta/General,0,0,Sueca,La Ribera Baja,Valencia,0,1304,Parelles,Comunidad Valenciana
mychip,"7ena. Carrera i Marxa de la Dona, Sueca 2019",2019-05-05,Domingo,6.0,road running,Absoluta/General,0,0,Sueca,La Ribera Baja,Valencia,0,1304,Carros,Comunidad Valenciana
mychip,XXI Edición Cross Xirivell,2019-05-05,Domingo,9.5,road running,Absoluta/General,38,78,Monóvar,El Vinalopó Medio,Alicante,0,1310,ABSOLUTA,Comunidad Valenciana
mychip,XXI Edición Cross Xirivell,2019-05-05,Domingo,9.5,road running,Absoluta/General,38,12,Monóvar,El Vinalopó Medio,Alicante,0,1310,Marcha,Comunidad Valenciana
mychip,XXI Edición Cross Xirivell,2019-05-05,Domingo,2.4,road running,Infantil,0,1,Monóvar,El Vinalopó Medio,Alicante,0,1310,De 14 a 15 años,Comunidad Valenciana
mychip,XXI Edición Cross Xirivell,2019-05-05,Domingo,1.2,road running,Infantil,3,1,Monóvar,El Vinalopó Medio,Alicante,0,1310,De 11 a 13 años,Comunidad Valenciana
mychip,XXI Edición Cross Xirivell,2019-05-05,Domingo,0.8,road running,Infantil,2,6,Monóvar,El Vinalopó Medio,Alicante,0,1310,De 8 a 10 años,Comunidad Valenciana
mychip,XXI Edición Cross Xirivell,2019-05-05,Domingo,0.4,road running,Infantil,10,13,Monóvar,El Vinalopó Medio,Alicante,0,1310,Hasta 7 años,Comunidad Valenciana
mychip,V CARRERA NOCTURNA NIT DE LES ERMITES,2019-05-04,Sábado,14.0,trail running,Absoluta/General,49,154,Ibi,La Hoya de Alcoy,Alicante,0,1260,TRAIL,Comunidad Valenciana
mychip,V CARRERA NOCTURNA NIT DE LES ERMITES,2019-05-04,Sábado,14.0,trail running,Absoluta/General,136,98,Ibi,La Hoya de Alcoy,Alicante,0,1260,SENDERISTA,Comunidad Valenciana
mychip,I Trail Cor de la Serra Grossa de Vallada SPRINT Y CRONOESCALADA,2019-05-01,Miércoles,12.0,trail running,Absoluta/General,0,0,Vallada,La Costera,Valencia,0,1306,combinada crono + sprint,Comunidad Valenciana
mychip,I Trail Cor de la Serra Grossa de Vallada SPRINT Y CRONOESCALADA,2019-05-01,Miércoles,10.0,trail running,Absoluta/General,0,0,Vallada,La Costera,Valencia,0,1306,sprint,Comunidad Valenciana
mychip,I Trail Cor de la Serra Grossa de Vallada SPRINT Y CRONOESCALADA,2019-05-01,Miércoles,2.0,trail running,Absoluta/General,0,0,Vallada,La Costera,Valencia,0,1306,cronoescalada,Comunidad Valenciana
mychip,I Trail Cor de la Serra Grossa de Vallada SPRINT Y CRONOESCALADA,2019-05-01,Miércoles,10.0,trail running,Absoluta/General,0,0,Vallada,La Costera,Valencia,0,1306,caminata,Comunidad Valenciana
mychip,ENTREVIÑEDOS TRAIL,2019-04-14,Domingo,0.017,trail running,Absoluta/General,0,0,Villena,El Alto Vinalopó,Alicante,0,1316,TRAIL,Comunidad Valenciana
mychip,ENTREVIÑEDOS TRAIL,2019-04-14,Domingo,0.012,trail running,Absoluta/General,0,0,Villena,El Alto Vinalopó,Alicante,0,1316,SENDERISTAS,Comunidad Valenciana
mychip,II Carrera-Caminata Solidària Mou-Te per Elles,2019-04-13,Sábado,6.0,road running,Absoluta/General,0,0,Albalat de la Ribera,La Ribera Baja,Valencia,0,1245,Carrera 6k,Comunidad Valenciana
mychip,II Carrera-Caminata Solidària Mou-Te per Elles,2019-04-13,Sábado,4.0,road running,Absoluta/General,0,0,Albalat de la Ribera,La Ribera Baja,Valencia,0,1245,Caminada,Comunidad Valenciana
mychip,II Carrera-Caminata Solidària Mou-Te per Elles,2019-04-13,Sábado,0.0,road running,Otros,0,0,Albalat de la Ribera,La Ribera Baja,Valencia,0,1245,Dorsal 0 (aportació 4€ solidaris),Comunidad Valenciana
mychip,"Campamento territorial de Alicante, Villena, FEMECV2019",2019-04-13,Sábado,9.5,Otros,Absoluta/General,0,0,Villena,El Alto Vinalopó,Alicante,0,1303,Campamento 13 y 14 de abril,Comunidad Valenciana
mychip,II CROSS NOCTURNO SALESIANO CIUTAT D’ALCOI 2019,2019-04-12,Viernes,9.5,road running,Absoluta/General,152,194,Alcoy,La Hoya de Alcoy,Alicante,0,1145,Adultos 2004 y anteriores,Comunidad Valenciana
mychip,II CROSS NOCTURNO SALESIANO CIUTAT D’ALCOI 2019,2019-04-12,Viernes,0.15,road running,Infantil,25,38,Alcoy,La Hoya de Alcoy,Alicante,0,1145,Querubin 2013-2015,Comunidad Valenciana
mychip,II CROSS NOCTURNO SALESIANO CIUTAT D’ALCOI 2019,2019-04-12,Viernes,0.3,road running,Infantil,31,42,Alcoy,La Hoya de Alcoy,Alicante,0,1145,Pre-Benjamín  2011 -2012,Comunidad Valenciana
mychip,II CROSS NOCTURNO SALESIANO CIUTAT D’ALCOI 2019,2019-04-12,Viernes,0.5,road running,Infantil,20,36,Alcoy,La Hoya de Alcoy,Alicante,0,1145,Benjamin 2009-2010,Comunidad Valenciana
mychip,II CROSS NOCTURNO SALESIANO CIUTAT D’ALCOI 2019,2019-04-12,Viernes,0.8,road running,Infantil,22,46,Alcoy,La Hoya de Alcoy,Alicante,0,1145,Alevín 2007 - 2008,Comunidad Valenciana
mychip,II CROSS NOCTURNO SALESIANO CIUTAT D’ALCOI 2019,2019-04-12,Viernes,1.2,road running,Infantil,8,20,Alcoy,La Hoya de Alcoy,Alicante,0,1145,Infantil 2005 - 2006,Comunidad Valenciana
mychip,II CROSS NOCTURNO SALESIANO CIUTAT D’ALCOI 2019,2019-04-12,Viernes,0.0,road running,Otros,0,0,Alcoy,La Hoya de Alcoy,Alicante,0,1145,Dorsal 0,Comunidad Valenciana
mychip,"El Camí dels Bandolers, Senija, VII edició. 15km / 25km",2019-04-07,Domingo,25.0,trail running,Absoluta/General,20,105,Senija,La Marina Alta,Alicante,0,1173,CTM 25k,Comunidad Valenciana
mychip,"El Camí dels Bandolers, Senija, VII edició. 15km / 25km",2019-04-07,Domingo,15.0,trail running,Absoluta/General,32,111,Senija,La Marina Alta,Alicante,0,1173,Trail 15k,Comunidad Valenciana
mychip,"El Camí dels Bandolers, Senija, VII edició. 15km / 25km",2019-04-07,Domingo,10.0,trail running,Absoluta/General,57,83,Senija,La Marina Alta,Alicante,0,1173,Sender 10k,Comunidad Valenciana
mychip,"Los Tajos Skyrace,  Copa de España de Carreras en línea, FEDME 2019",2019-04-07,Domingo,31.0,trail running,Absoluta/General,58,427,Alhaurín el Grande,,Málaga,0,1273,Los Tajos Skyrace,Andalucía
mychip,"Los Tajos Skyrace,  Copa de España de Carreras en línea, FEDME 2019",2019-04-07,Domingo,13.0,trail running,Absoluta/General,14,21,Alhaurín el Grande,,Málaga,0,1273,Tajitos,Andalucía
mychip,"Los Tajos Skyrace,  Copa de España de Carreras en línea, FEDME 2019",2019-04-07,Domingo,18.5,trail running,Absoluta/General,55,228,Alhaurín el Grande,,Málaga,0,1273,A'Tajos,Andalucía
mychip,IIITRAIL DEL BENICADELL,2019-04-07,Domingo,0.042,trail running,Absoluta/General,0,0,Ráfol de Salem,La Vall d'Albaida,Valencia,0,1286,maraton benicadell,Comunidad Valenciana
mychip,IIITRAIL DEL BENICADELL,2019-04-07,Domingo,23.0,trail running,Absoluta/General,0,0,Ráfol de Salem,La Vall d'Albaida,Valencia,0,1286,trail benicadell,Comunidad Valenciana
mychip,IIITRAIL DEL BENICADELL,2019-04-07,Domingo,0.014,trail running,Absoluta/General,0,0,Ráfol de Salem,La Vall d'Albaida,Valencia,0,1286,sprint trail benicadell,Comunidad Valenciana
mychip,IIITRAIL DEL BENICADELL,2019-04-07,Domingo,0.014,trail running,Absoluta/General,0,0,Ráfol de Salem,La Vall d'Albaida,Valencia,0,1286,senderismo benicadell,Comunidad Valenciana
mychip,III 5 y10 Km Ciudad de Elda y Carreras Infantiles,2019-04-07,Domingo,21.097,road running,Absoluta/General,0,0,Elda,El Vinalopó Medio,Alicante,0,1315,21k,Comunidad Valenciana
mychip,Lurbel Mountain Festival 2019,2019-04-06,Sábado,70.0,trail running,Absoluta/General,4,88,Yeste,,Castilla-La Mancha,0,1215,BTT 70K (7/4),Castilla-La Mancha
mychip,Lurbel Mountain Festival 2019,2019-04-06,Sábado,50.0,trail running,Absoluta/General,8,108,Yeste,,Castilla-La Mancha,0,1215,Trail 50K (6/4),Castilla-La Mancha
mychip,Lurbel Mountain Festival 2019,2019-04-06,Sábado,25.0,trail running,Absoluta/General,35,161,Yeste,,Castilla-La Mancha,0,1215,Trail 25K (6/4),Castilla-La Mancha
mychip,Lurbel Mountain Festival 2019,2019-04-06,Sábado,12.5,trail running,Absoluta/General,47,24,Yeste,,Castilla-La Mancha,0,1215,Sender 12'5K (6/4),Castilla-La Mancha
mychip,Lurbel Mountain Festival 2019,2019-04-06,Sábado,12.5,trail running,Absoluta/General,53,55,Yeste,,Castilla-La Mancha,0,1215,Sprint Trail 12'5K (6/4),Castilla-La Mancha
mychip,Lurbel Mountain Festival 2019,2019-04-06,Sábado,12.5,trail running,Absoluta/General,17,18,Yeste,,Castilla-La Mancha,0,1215,Marcha Nórdica  12'5K (6/4),Castilla-La Mancha
mychip,Lurbel Mountain Festival 2019,2019-04-06,Sábado,25.0,trail running,Absoluta/General,12,24,Yeste,,Castilla-La Mancha,0,1215,"Sender Extreme, 25K (6/4)",Castilla-La Mancha
mychip,Lurbel Mountain Festival 2019,2019-04-06,Sábado,95.0,trail running,Absoluta/General,0,13,Yeste,,Castilla-La Mancha,0,1215,Bttrail Mini (6/4 y 7/4),Castilla-La Mancha
mychip,Lurbel Mountain Festival 2019,2019-04-06,Sábado,118.0,trail running,Absoluta/General,0,7,Yeste,,Castilla-La Mancha,0,1215,Bttrail Super (6/4 y 7/4),Castilla-La Mancha
mychip,Lurbel Mountain Festival 2019,2019-04-06,Sábado,95.0,trail running,Absoluta/General,6,7,Yeste,,Castilla-La Mancha,0,1215,Combi Mini (6/4 y 7/4),Castilla-La Mancha
mychip,Lurbel Mountain Festival 2019,2019-04-06,Sábado,118.0,trail running,Absoluta/General,2,13,Yeste,,Castilla-La Mancha,0,1215,Combi super (6/4 y 7/4),Castilla-La Mancha
mychip,Lurbel Mountain Festival 2019,2019-04-06,Sábado,0.0,trail running,Absoluta/General,0,0,Yeste,,Castilla-La Mancha,0,1215,Ludoteca (6/4 inscribir directamente al menor),Castilla-La Mancha
mychip,Lurbel Mountain Festival 2019,2019-04-06,Sábado,0.0,trail running,Absoluta/General,0,0,Yeste,,Castilla-La Mancha,0,1215,LMF SPECIAL,Castilla-La Mancha
mychip,Carrera de Montaña Sierra de Almansa (nueva Fecha),2019-04-06,Sábado,21.0,trail running,Absoluta/General,11,80,Almansa,,Castilla-La Mancha,0,1253,21k Trail,Castilla-La Mancha
mychip,Carrera de Montaña Sierra de Almansa (nueva Fecha),2019-04-06,Sábado,15.0,trail running,Absoluta/General,37,69,Almansa,,Castilla-La Mancha,0,1253,15k Trail & Sender,Castilla-La Mancha
mychip,"Copa Escalada en Bloc, Cuitat D'Algemesí",2019-04-06,Sábado,0.0,Otros,Absoluta/General,0,0,Algemesí,La Ribera Alta,Valencia,0,1292,Absoluta,Comunidad Valenciana
mychip,"Copa Escalada en Bloc, Cuitat D'Algemesí",2019-04-06,Sábado,0.0,Otros,Cadete/Juvenil,0,0,Algemesí,La Ribera Alta,Valencia,0,1292,SUB18 (16/17AÑOS),Comunidad Valenciana
mychip,"Copa Escalada en Bloc, Cuitat D'Algemesí",2019-04-06,Sábado,0.0,Otros,Cadete/Juvenil,0,0,Algemesí,La Ribera Alta,Valencia,0,1292,SUB16 (12/15 AÑOS),Comunidad Valenciana
mychip,"Copa Escalada en Bloc, Cuitat D'Algemesí",2019-04-06,Sábado,0.0,Otros,Infantil,0,0,Algemesí,La Ribera Alta,Valencia,0,1292,SUB12 (9/11 AÑOS),Comunidad Valenciana
mychip,"Copa Escalada en Bloc, Cuitat D'Algemesí",2019-04-06,Sábado,0.0,Otros,Infantil,0,0,Algemesí,La Ribera Alta,Valencia,0,1292,SUB9 (6/8 AÑOS),Comunidad Valenciana
mychip,V TOMACA TRAIL,2019-03-31,Domingo,21.0,trail running,Absoluta/General,8,71,Alginet,La Ribera Alta,Valencia,0,1258,21K,Comunidad Valenciana
mychip,V TOMACA TRAIL,2019-03-31,Domingo,10.0,trail running,Absoluta/General,40,142,Alginet,La Ribera Alta,Valencia,0,1258,10K,Comunidad Valenciana
mychip,V TOMACA TRAIL,2019-03-31,Domingo,10.0,trail running,Absoluta/General,55,20,Alginet,La Ribera Alta,Valencia,0,1258,Sender,Comunidad Valenciana
mychip,"4t Trail Onil,  III Circuit Vall del Joguet",2019-03-31,Domingo,25.0,trail running,Absoluta/General,11,87,Onil,La Hoya de Alcoy,Alicante,0,1265,"25k trail, puntuable CTVJ",Comunidad Valenciana
mychip,"4t Trail Onil,  III Circuit Vall del Joguet",2019-03-31,Domingo,14.0,trail running,Absoluta/General,0,0,Onil,La Hoya de Alcoy,Alicante,0,1265,14k Trail,Comunidad Valenciana
mychip,"4t Trail Onil,  III Circuit Vall del Joguet",2019-03-31,Domingo,14.0,trail running,Absoluta/General,0,0,Onil,La Hoya de Alcoy,Alicante,0,1265,Sender,Comunidad Valenciana
mychip,"Campionat Autonòmic  individual i per clubs de Carrera per muntanya, Crevillent, FEMECV 2019",2019-03-31,Domingo,24.6,trail running,Absoluta/General,32,104,Crevillente,El Bajo Vinalopó,Alicante,0,1284,ABSOLUTA,Comunidad Valenciana
mychip,"Campionat Autonòmic  individual i per clubs de Carrera per muntanya, Crevillent, FEMECV 2019",2019-03-31,Domingo,13.8,trail running,Cadete/Juvenil,0,5,Crevillente,El Bajo Vinalopó,Alicante,0,1284,Cadete,Comunidad Valenciana
mychip,"Campionat Autonòmic  individual i per clubs de Carrera per muntanya, Crevillent, FEMECV 2019",2019-03-31,Domingo,13.8,trail running,Cadete/Juvenil,4,7,Crevillente,El Bajo Vinalopó,Alicante,0,1284,Junior,Comunidad Valenciana
mychip,X Millas Costa Blanca,2019-03-31,Domingo,16.1,road running,Absoluta/General,0,0,Alfaz del Pi,La Marina Baja,Alicante,0,1307,X Millas,Comunidad Valenciana
mychip,XIII CARRERA SOLIDARIA POR LOS DERECHOS DE LOS NIÑOS,2019-03-31,Domingo,4.0,road running,Absoluta/General,0,0,Toledo,,Toledo,0,1308,carrera,Castilla-La Mancha
mychip,III Arrapapedres,2019-03-24,Domingo,28.0,trail running,Absoluta/General,31,205,la Vall de Gallinera,La Marina Alta,Alicante,0,1172,CTM 28k,Comunidad Valenciana
mychip,III Arrapapedres,2019-03-24,Domingo,14.0,trail running,Absoluta/General,0,0,la Vall de Gallinera,La Marina Alta,Alicante,0,1172,Trail 14k,Comunidad Valenciana
mychip,III Arrapapedres,2019-03-24,Domingo,14.0,trail running,Absoluta/General,0,0,la Vall de Gallinera,La Marina Alta,Alicante,0,1172,Sender 14k,Comunidad Valenciana
mychip,TRAIL LLANERA DE RANES,2019-03-24,Domingo,0.021,trail running,Absoluta/General,0,0,Llanera de Ranes,La Costera,Valencia,0,1282,trail,Comunidad Valenciana
mychip,TRAIL LLANERA DE RANES,2019-03-24,Domingo,0.014,trail running,Absoluta/General,0,0,Llanera de Ranes,La Costera,Valencia,0,1282,sprint,Comunidad Valenciana
mychip,TRAIL LLANERA DE RANES,2019-03-24,Domingo,0.014,trail running,Absoluta/General,0,0,Llanera de Ranes,La Costera,Valencia,0,1282,caminata,Comunidad Valenciana
mychip,10k solidaria La Salle,2019-03-23,Sábado,10.0,road running,Absoluta/General,81,181,Alcoy,La Hoya de Alcoy,Alicante,0,1214,10k,Comunidad Valenciana
mychip,10k solidaria La Salle,2019-03-23,Sábado,6.0,road running,Absoluta/General,102,25,Alcoy,La Hoya de Alcoy,Alicante,0,1214,Marcha Senderista,Comunidad Valenciana
mychip,10k solidaria La Salle,2019-03-23,Sábado,0.0,road running,Infantil,0,0,Alcoy,La Hoya de Alcoy,Alicante,0,1214,Menores 0 a 13años,Comunidad Valenciana
mychip,10k solidaria La Salle,2019-03-23,Sábado,0.0,road running,Absoluta/General,0,0,Alcoy,La Hoya de Alcoy,Alicante,0,1214,Solo Zumba,Comunidad Valenciana
mychip,10k solidaria La Salle,2019-03-23,Sábado,0.0,road running,Otros,0,0,Alcoy,La Hoya de Alcoy,Alicante,0,1214,Dorsal 0 (aportación 5€ solidarios),Comunidad Valenciana
mychip,"Campionat Autonòmic de Carrera Vertical, Villena, FEMECV 2019",2019-03-23,Sábado,3.0,trail running,Absoluta/General,17,70,Villena,El Alto Vinalopó,Alicante,0,1280,ABSOLUTA,Comunidad Valenciana
mychip,"Campionat Autonòmic de Carrera Vertical, Villena, FEMECV 2019",2019-03-23,Sábado,3.0,trail running,Cadete/Juvenil,1,4,Villena,El Alto Vinalopó,Alicante,0,1280,Cadete,Comunidad Valenciana
mychip,"Campionat Autonòmic de Carrera Vertical, Villena, FEMECV 2019",2019-03-23,Sábado,3.0,trail running,Cadete/Juvenil,3,4,Villena,El Alto Vinalopó,Alicante,0,1280,Junior,Comunidad Valenciana
mychip,"II Prueba Copa Autonomica Escalada en Bloque, Benidorm, FEMECV 2019",2019-03-23,Sábado,0.0,Otros,Absoluta/General,0,0,Benidorm,La Marina Baja,Alicante,0,1295,Absoluta,Comunidad Valenciana
mychip,"II Prueba Copa Autonomica Escalada en Bloque, Benidorm, FEMECV 2019",2019-03-23,Sábado,0.0,Otros,Cadete/Juvenil,0,0,Benidorm,La Marina Baja,Alicante,0,1295,SUB18 (16/17AÑOS),Comunidad Valenciana
mychip,"II Prueba Copa Autonomica Escalada en Bloque, Benidorm, FEMECV 2019",2019-03-23,Sábado,0.0,Otros,Cadete/Juvenil,0,0,Benidorm,La Marina Baja,Alicante,0,1295,SUB16 (12/15 AÑOS),Comunidad Valenciana
mychip,"II Prueba Copa Autonomica Escalada en Bloque, Benidorm, FEMECV 2019",2019-03-23,Sábado,0.0,Otros,Infantil,0,0,Benidorm,La Marina Baja,Alicante,0,1295,SUB12 (9/11 AÑOS),Comunidad Valenciana
mychip,"II Prueba Copa Autonomica Escalada en Bloque, Benidorm, FEMECV 2019",2019-03-23,Sábado,0.0,Otros,Infantil,0,0,Benidorm,La Marina Baja,Alicante,0,1295,SUB9 (6/8 AÑOS),Comunidad Valenciana
mychip,"Gurriana trail, 2ª prueba Copa España FEDME 2019",2019-03-17,Domingo,37.2,trail running,Mayores/Veteranos,0,0,Cabezón de la Sal,,Cantabria,0,1272,Senior GT 40,Cantabria
mychip,"Gurriana trail, 2ª prueba Copa España FEDME 2019",2019-03-17,Domingo,10.4,trail running,Cadete/Juvenil,0,0,Cabezón de la Sal,,Cantabria,0,1272,Cadete GT 10,Cantabria
mychip,"Gurriana trail, 2ª prueba Copa España FEDME 2019",2019-03-17,Domingo,16.6,trail running,Cadete/Juvenil,0,0,Cabezón de la Sal,,Cantabria,0,1272,Junior GT 15,Cantabria
mychip,"Gurriana trail, 2ª prueba Copa España FEDME 2019",2019-03-17,Domingo,20.0,trail running,Absoluta/General,0,0,Cabezón de la Sal,,Cantabria,0,1272,Open  GT20,Cantabria
mychip,II Canicross Villa de Chiva,2019-03-16,Sábado,0.005,Otros,Absoluta/General,0,0,Chiva,La Hoya de Buñol,Valencia,0,1269,"II Canicross Villa de Chiva (4,6 km)",Comunidad Valenciana
mychip,VIII Media Maratón Villa de Aranjuez y 8km,2019-03-10,Domingo,21.097,road running,Absoluta/General,155,936,Aranjuez,,Comunidad de Madrid,0,1233,Media Maratón,Comunidad de Madrid
mychip,VIII Media Maratón Villa de Aranjuez y 8km,2019-03-10,Domingo,8.0,road running,Absoluta/General,241,271,Aranjuez,,Comunidad de Madrid,0,1233,Carrera 8km,Comunidad de Madrid
mychip,IV  PERIMETRAIL RETT SERRA VERNISSA,2019-03-10,Domingo,22.0,trail running,Absoluta/General,12,118,Játiva,La Costera,Valencia,0,1237,Trail 22k,Comunidad Valenciana
mychip,IV  PERIMETRAIL RETT SERRA VERNISSA,2019-03-10,Domingo,12.0,trail running,Absoluta/General,68,209,Játiva,La Costera,Valencia,0,1237,SPRINT Trail 12k,Comunidad Valenciana
mychip,IV  PERIMETRAIL RETT SERRA VERNISSA,2019-03-10,Domingo,8.0,trail running,Absoluta/General,126,84,Játiva,La Costera,Valencia,0,1237,MARCHA SENDERISTA,Comunidad Valenciana
mychip,IV  PERIMETRAIL RETT SERRA VERNISSA,2019-03-10,Domingo,8.0,trail running,Absoluta/General,9,23,Játiva,La Costera,Valencia,0,1237,CANICROSS,Comunidad Valenciana
mychip,"En Marxa per la Dona, Puçol 2019, a beneficio de la Fundación INCLIVA",2019-03-10,Domingo,5.0,road running,Absoluta/General,0,0,Puzol,Huerta Norte,Valencia,0,1262,5k,Comunidad Valenciana
mychip,III CICLODEPORTIVA TOUS,2019-03-10,Domingo,0.126,Ciclismo y btt,Absoluta/General,0,0,Tous,La Ribera Alta,Valencia,0,1281,III MARCHA CICLODEPORTIVA TOUS,Comunidad Valenciana
mychip,"Diego Cabrera Perimetral a Benissa, Campionat Autonòmic de llarg Recorregut, FEMECV 2019",2019-03-09,Sábado,23.0,trail running,Absoluta/General,38,180,Benisa,La Marina Alta,Alicante,0,1171,CTM 23k,Comunidad Valenciana
mychip,"Diego Cabrera Perimetral a Benissa, Campionat Autonòmic de llarg Recorregut, FEMECV 2019",2019-03-09,Sábado,73.0,trail running,Absoluta/General,0,0,Benisa,La Marina Alta,Alicante,0,1171,73k,Comunidad Valenciana
mychip,"Diego Cabrera Perimetral a Benissa, Campionat Autonòmic de llarg Recorregut, FEMECV 2019",2019-03-09,Sábado,42.0,trail running,Absoluta/General,0,0,Benisa,La Marina Alta,Alicante,0,1171,42k,Comunidad Valenciana
mychip,world Inline Cup Oropesa del Mar,2019-03-09,Sábado,21.097,Ciclismo y btt,Absoluta/General,0,0,Oropesa del Mar,Plana Alta,Castellón,0,1259,001_ABSOLUTA,Comunidad Valenciana
mychip,"I prueba Copa de Escalada Bloque, Callosa de Segura, FEMECV 2019",2019-03-09,Sábado,0.0,Otros,Absoluta/General,0,0,Callosa de Segura,,Alicante,0,1285,Absoluta,Comunidad Valenciana
mychip,"I prueba Copa de Escalada Bloque, Callosa de Segura, FEMECV 2019",2019-03-09,Sábado,0.0,Otros,Cadete/Juvenil,0,0,Callosa de Segura,,Alicante,0,1285,SUB18 (16/17AÑOS),Comunidad Valenciana
mychip,"I prueba Copa de Escalada Bloque, Callosa de Segura, FEMECV 2019",2019-03-09,Sábado,0.0,Otros,Cadete/Juvenil,0,0,Callosa de Segura,,Alicante,0,1285,SUB16 (12/15 AÑOS),Comunidad Valenciana
mychip,"I prueba Copa de Escalada Bloque, Callosa de Segura, FEMECV 2019",2019-03-09,Sábado,0.0,Otros,Infantil,0,0,Callosa de Segura,,Alicante,0,1285,SUB12 (9/11 AÑOS),Comunidad Valenciana
mychip,"I prueba Copa de Escalada Bloque, Callosa de Segura, FEMECV 2019",2019-03-09,Sábado,0.0,Otros,Infantil,0,0,Callosa de Segura,,Alicante,0,1285,SUB9 (6/8 AÑOS),Comunidad Valenciana
mychip,"IX MIMAMUCA, V MAMUCA",2019-03-03,Domingo,42.0,trail running,Absoluta/General,26,265,Carrícola,La Vall d'Albaida,Valencia,0,1202,MAMUCA,Comunidad Valenciana
mychip,"IX MIMAMUCA, V MAMUCA",2019-03-03,Domingo,21.0,trail running,Absoluta/General,91,360,Carrícola,La Vall d'Albaida,Valencia,0,1202,MIMAMUCA,Comunidad Valenciana
mychip,II Cursa de la Dona D'Ontinyent,2019-03-03,Domingo,5.0,road running,Absoluta/General,1497,2,Onteniente,La Vall d'Albaida,Valencia,0,1235,5k,Comunidad Valenciana
mychip,"MABO, Campeonato España Clubes / 1ª prueba Copa España FEDME 2019",2019-03-03,Domingo,28.0,trail running,Absoluta/General,134,385,Borriol,Plana Alta,Castellón,0,1271,28k FEDME,Comunidad Valenciana
mychip,"MABO, Campeonato España Clubes / 1ª prueba Copa España FEDME 2019",2019-03-03,Domingo,28.0,trail running,Absoluta/General,17,191,Borriol,Plana Alta,Castellón,0,1271,Open 28k,Comunidad Valenciana
mychip,"MABO, Campeonato España Clubes / 1ª prueba Copa España FEDME 2019",2019-03-03,Domingo,14.0,trail running,Cadete/Juvenil,8,18,Borriol,Plana Alta,Castellón,0,1271,Cadete,Comunidad Valenciana
mychip,"MABO, Campeonato España Clubes / 1ª prueba Copa España FEDME 2019",2019-03-03,Domingo,20.0,trail running,Cadete/Juvenil,9,18,Borriol,Plana Alta,Castellón,0,1271,Junior,Comunidad Valenciana
mychip,"MABO, Campeonato España Clubes / 1ª prueba Copa España FEDME 2019",2019-03-03,Domingo,20.24,trail running,Absoluta/General,1,25,Borriol,Plana Alta,Castellón,0,1271,CIEGOS,Comunidad Valenciana
mychip,"2a. Prova Copa Marxa Nòrdica de la Comunitat Valenciana, Femecv 2019, Callosa d'En Sarrià",2019-03-02,Sábado,11.0,Otros,Absoluta/General,28,41,Callosa de Ensarriá,La Marina Baja,Alicante,0,1261,Copa Marcha Nórdica,Comunidad Valenciana
mychip,"V Corre-Cross de la Dona, Picanya",2019-03-01,Viernes,3.0,road running,Absoluta/General,0,0,Picaña,Huerta Sur,Valencia,0,1283,3k Femenino,Comunidad Valenciana
mychip,Trail  les Creus 2019,2019-02-24,Domingo,22.21,trail running,Absoluta/General,6,99,Tabernes de Valldigna,La Safor,Valencia,0,1226,Trail,Comunidad Valenciana
mychip,Trail  les Creus 2019,2019-02-24,Domingo,11.71,trail running,Absoluta/General,39,132,Tabernes de Valldigna,La Safor,Valencia,0,1226,Sprint trail,Comunidad Valenciana
mychip,Trail  les Creus 2019,2019-02-24,Domingo,10.0,trail running,Absoluta/General,87,88,Tabernes de Valldigna,La Safor,Valencia,0,1226,Marxa de regularitat,Comunidad Valenciana
mychip,Marcha integral Serra de Crevillent 2019,2019-02-23,Sábado,49.5,trail running,Absoluta/General,0,0,Crevillente,El Bajo Vinalopó,Alicante,0,1222,Marcha Senderista,Comunidad Valenciana
mychip,Medieval Xtrem Race Polop 2019,2019-02-23,Sábado,9.0,trail running,Absoluta/General,0,0,Polop,La Marina Baja,Alicante,0,1244,OCRA,Comunidad Valenciana
mychip,"X GDP, Ondara",2019-02-17,Domingo,20.5,trail running,Absoluta/General,23,162,Ondara,La Marina Alta,Alicante,0,1170,"CTM 20,5k",Comunidad Valenciana
mychip,"X GDP, Ondara",2019-02-17,Domingo,14.0,trail running,Absoluta/General,0,0,Ondara,La Marina Alta,Alicante,0,1170,"Trail 14,5k",Comunidad Valenciana
mychip,"X GDP, Ondara",2019-02-17,Domingo,14.0,trail running,Absoluta/General,0,0,Ondara,La Marina Alta,Alicante,0,1170,"Sender 13,5k",Comunidad Valenciana
mychip,XI Edició Gran Fons de la Valldigna,2019-02-17,Domingo,15.0,road running,Absoluta/General,48,242,Tabernes de Valldigna,La Safor,Valencia,0,1201,Gran Fons,Comunidad Valenciana
mychip,"IV prova Campionat de lliga FEMECV 2019, Ciutat de la Vall D'uixó",2019-02-17,Domingo,25.0,trail running,Absoluta/General,30,95,Vall de Uxó,Plana Baja,Castellón,0,1251,Carrera por Montaña,Comunidad Valenciana
mychip,"IV prova Campionat de lliga FEMECV 2019, Ciutat de la Vall D'uixó",2019-02-17,Domingo,11.0,trail running,Cadete/Juvenil,2,6,Vall de Uxó,Plana Baja,Castellón,0,1251,Cadete,Comunidad Valenciana
mychip,"IV prova Campionat de lliga FEMECV 2019, Ciutat de la Vall D'uixó",2019-02-17,Domingo,11.0,trail running,Cadete/Juvenil,6,11,Vall de Uxó,Plana Baja,Castellón,0,1251,Junior,Comunidad Valenciana
mychip,"Open  11k, Ciutat de la Vall D'Uixó",2019-02-17,Domingo,11.0,trail running,Absoluta/General,17,30,Vall de Uxó,Plana Baja,Castellón,0,1257,11k Open,Comunidad Valenciana
mychip,"I prova Copa Marxa Nòrdica, FEMECV 2019",2019-02-16,Sábado,12.0,Otros,Absoluta/General,41,56,Valencia,,Valencia,0,1250,Copa Marcha Nórdica,Comunidad Valenciana
mychip,VIII Carrera de La Mola,2019-02-10,Domingo,18.0,trail running,Absoluta/General,45,232,Novelda,El Vinalopó Medio,Alicante,0,1200,Corredor,Comunidad Valenciana
mychip,VIII Carrera de La Mola,2019-02-10,Domingo,18.0,trail running,Absoluta/General,80,86,Novelda,El Vinalopó Medio,Alicante,0,1200,Senderista,Comunidad Valenciana
mychip,"VI Trail senders Vall del Vernissa, Ròtova, tercera prueba liga FEMECV 2019",2019-02-10,Domingo,18.0,trail running,Absoluta/General,37,127,Rótova,La Safor,Valencia,0,1239,Carrera por Montaña,Comunidad Valenciana
mychip,"VI Trail senders Vall del Vernissa, Ròtova, tercera prueba liga FEMECV 2019",2019-02-10,Domingo,12.0,trail running,Cadete/Juvenil,0,6,Rótova,La Safor,Valencia,0,1239,Cadete,Comunidad Valenciana
mychip,"VI Trail senders Vall del Vernissa, Ròtova, tercera prueba liga FEMECV 2019",2019-02-10,Domingo,12.0,trail running,Cadete/Juvenil,5,12,Rótova,La Safor,Valencia,0,1239,Junior,Comunidad Valenciana
mychip,"UTES / TES / C17ES, ESPADAN TRAIL EVENTS, 2019",2019-02-09,Sábado,106.0,trail running,Absoluta/General,7,52,Vall de Uxó,Plana Baja,Castellón,0,1198,UTES,Comunidad Valenciana
mychip,"UTES / TES / C17ES, ESPADAN TRAIL EVENTS, 2019",2019-02-09,Sábado,60.0,trail running,Absoluta/General,12,124,Vall de Uxó,Plana Baja,Castellón,0,1198,TES,Comunidad Valenciana
mychip,"UTES / TES / C17ES, ESPADAN TRAIL EVENTS, 2019",2019-02-09,Sábado,17.0,trail running,Absoluta/General,35,119,Vall de Uxó,Plana Baja,Castellón,0,1198,C17ES,Comunidad Valenciana
mychip,CARRERA POPULAR SOLIDARIA MANOS UNIDAS ALZIRA 2019,2019-02-09,Sábado,6.0,road running,Absoluta/General,0,0,Alcira,La Ribera Alta,Valencia,0,1248,6km,Comunidad Valenciana
mychip,CARRERA POPULAR SOLIDARIA MANOS UNIDAS ALZIRA 2019,2019-02-09,Sábado,2.0,road running,Absoluta/General,0,0,Alcira,La Ribera Alta,Valencia,0,1248,2km,Comunidad Valenciana
mychip,"VII Mitja Marató Muntanya  Ocaive, Pedreguer",2019-02-03,Domingo,21.0,trail running,Absoluta/General,34,174,Pedreguer,La Marina Alta,Alicante,0,1168,CTM 21k,Comunidad Valenciana
mychip,"VII Mitja Marató Muntanya  Ocaive, Pedreguer",2019-02-03,Domingo,13.0,trail running,Absoluta/General,0,0,Pedreguer,La Marina Alta,Alicante,0,1168,Speed Trail13km,Comunidad Valenciana
mychip,"VII Mitja Marató Muntanya  Ocaive, Pedreguer",2019-02-03,Domingo,12.0,trail running,Absoluta/General,0,0,Pedreguer,La Marina Alta,Alicante,0,1168,Sender 12k,Comunidad Valenciana
mychip,"III Trail Benissoda, CURSA SOLIDARIA AMB L'ASSOCIACIÓ  UTOPIA IGUALA. contra la violencia de génere.",2019-02-03,Domingo,15.0,trail running,Absoluta/General,30,149,Benisoda,La Vall d'Albaida,Valencia,0,1209,Trail,Comunidad Valenciana
mychip,"III Trail Benissoda, CURSA SOLIDARIA AMB L'ASSOCIACIÓ  UTOPIA IGUALA. contra la violencia de génere.",2019-02-03,Domingo,0.0,trail running,Otros,0,0,Benisoda,La Vall d'Albaida,Valencia,0,1209,Dorsal 0 (aportación 3€ solidarios),Comunidad Valenciana
mychip,6e Trail  per muntanya i marxa senderista “L’aventaor de Genovés” ,2019-02-03,Domingo,17.0,trail running,Absoluta/General,29,136,Liria,El Campo de Turia,Valencia,0,1225,16K,Comunidad Valenciana
mychip,6e Trail  per muntanya i marxa senderista “L’aventaor de Genovés” ,2019-02-03,Domingo,12.0,trail running,Absoluta/General,42,49,Liria,El Campo de Turia,Valencia,0,1225,Sender,Comunidad Valenciana
mychip,"55 Marxa de Veterans de la Comunitat Valenciana, Xeresa, Femecv 2019",2019-02-03,Domingo,11.0,trail running,Mayores/Veteranos,109,185,Jeresa,La Safor,Valencia,0,1229,Marcha Veterans,Comunidad Valenciana
mychip,"55 Marxa de Veterans de la Comunitat Valenciana, Xeresa, Femecv 2019",2019-02-03,Domingo,11.0,trail running,Infantil,0,7,Jeresa,La Safor,Valencia,0,1229,Menor 0 a 17 años,Comunidad Valenciana
mychip,2ª Puja al Poble Vell de Tous,2019-02-03,Domingo,21.0,road running,Absoluta/General,0,0,Tous,La Ribera Alta,Valencia,0,1242,puja al poble vell de tous,Comunidad Valenciana
mychip,2ª Puja al Poble Vell de Tous,2019-02-03,Domingo,10.0,road running,Absoluta/General,0,0,Tous,La Ribera Alta,Valencia,0,1242,puja al poble vell de tous,Comunidad Valenciana
mychip,2ª Puja al Poble Vell de Tous,2019-02-03,Domingo,0.01,road running,Absoluta/General,0,0,Tous,La Ribera Alta,Valencia,0,1242,"RELEVOS , CADA RELEVISTA 10,5 ",Comunidad Valenciana
mychip,V Cursa per Muntanya Castell D'Aixà,2019-01-27,Domingo,24.0,trail running,Absoluta/General,22,120,Llíber,La Marina Alta,Alicante,0,1182,CTM 24k,Comunidad Valenciana
mychip,V Cursa per Muntanya Castell D'Aixà,2019-01-27,Domingo,12.0,trail running,Absoluta/General,0,0,Llíber,La Marina Alta,Alicante,0,1182,Trail & Sender 12k,Comunidad Valenciana
mychip,"XIX Marxa Sant Sebastià La Vilavella,Segunda prueba liga FEMECV 2019",2019-01-27,Domingo,24.0,trail running,Absoluta/General,40,180,Villavieja,Plana Baja,Castellón,0,1234,Carrera por Montaña,Comunidad Valenciana
mychip,"XIX Marxa Sant Sebastià La Vilavella,Segunda prueba liga FEMECV 2019",2019-01-27,Domingo,10.0,trail running,Cadete/Juvenil,2,10,Villavieja,Plana Baja,Castellón,0,1234,Cadete,Comunidad Valenciana
mychip,"XIX Marxa Sant Sebastià La Vilavella,Segunda prueba liga FEMECV 2019",2019-01-27,Domingo,10.0,trail running,Cadete/Juvenil,6,14,Villavieja,Plana Baja,Castellón,0,1234,Junior,Comunidad Valenciana
mychip,IV Trail Monte Ponoig,2019-01-20,Domingo,27.0,trail running,Absoluta/General,15,123,Polop,La Marina Baja,Alicante,0,1187,27k,Comunidad Valenciana
mychip,IV Trail Monte Ponoig,2019-01-20,Domingo,16.0,trail running,Absoluta/General,58,143,Polop,La Marina Baja,Alicante,0,1187,16k,Comunidad Valenciana
mychip,MARXA / SPRINT TRAIL / TRAIL / MARATÓ SERRALADES de BARXETA - MABU 2019,2019-01-20,Domingo,44.0,trail running,Absoluta/General,5,108,Barcheta,La Costera,Valencia,0,1188,MABU 44k,Comunidad Valenciana
mychip,MARXA / SPRINT TRAIL / TRAIL / MARATÓ SERRALADES de BARXETA - MABU 2019,2019-01-20,Domingo,20.5,trail running,Absoluta/General,48,325,Barcheta,La Costera,Valencia,0,1188,"TRAIL, 21k",Comunidad Valenciana
mychip,MARXA / SPRINT TRAIL / TRAIL / MARATÓ SERRALADES de BARXETA - MABU 2019,2019-01-20,Domingo,12.5,trail running,Absoluta/General,116,274,Barcheta,La Costera,Valencia,0,1188,"SPRINT TRAIL, 12.5k",Comunidad Valenciana
mychip,MARXA / SPRINT TRAIL / TRAIL / MARATÓ SERRALADES de BARXETA - MABU 2019,2019-01-20,Domingo,13.7,trail running,Absoluta/General,156,172,Barcheta,La Costera,Valencia,0,1188,MARCHA SENDERISTA,Comunidad Valenciana
mychip,"Día del Senderista de la Comunitat Valenciana, Atzeneta D'albaida, Femecv 2019",2019-01-20,Domingo,12.0,trail running,Absoluta/General,166,236,Adzaneta de Albaida,La Vall d'Albaida,Valencia,0,1227,Marcha Senderista,Comunidad Valenciana
mychip,Almèdia Trail,2019-01-13,Domingo,24.0,trail running,Absoluta/General,31,170,Callosa de Ensarriá,La Marina Baja,Alicante,0,1167,CTM 24k,Comunidad Valenciana
mychip,"Trail Sierra de Orihuela, primera prueba liga FEMECV 2019",2019-01-13,Domingo,21.5,trail running,Absoluta/General,41,187,Orihuela,,Alicante,0,1231,Carrera por Montaña,Comunidad Valenciana
mychip,"Trail Sierra de Orihuela, primera prueba liga FEMECV 2019",2019-01-13,Domingo,12.0,trail running,Cadete/Juvenil,0,5,Orihuela,,Alicante,0,1231,Cadete,Comunidad Valenciana
mychip,"Trail Sierra de Orihuela, primera prueba liga FEMECV 2019",2019-01-13,Domingo,12.0,trail running,Cadete/Juvenil,4,11,Orihuela,,Alicante,0,1231,Junior,Comunidad Valenciana
mychip,XIX Volta a peu a Xeraco,2019-01-06,Domingo,15.0,road running,Absoluta/General,84,393,Jaraco,La Safor,Valencia,0,1218,15k,Comunidad Valenciana
mychip,XIX Volta a peu a Xeraco,2019-01-06,Domingo,7.2,road running,Absoluta/General,76,134,Jaraco,La Safor,Valencia,0,1218,7k,Comunidad Valenciana
mychip,XIX Volta a peu a Xeraco,2019-01-06,Domingo,0.0,road running,Infantil,0,0,Jaraco,La Safor,Valencia,0,1218,Menores,Comunidad Valenciana
mychip,"III Carrera del Roscón, Polop de la Marina",2019-01-06,Domingo,7.0,road running,Absoluta/General,18,40,Polop,La Marina Baja,Alicante,0,1232,ABSOLUTA,Comunidad Valenciana
mychip,"III Carrera del Roscón, Polop de la Marina",2019-01-06,Domingo,0.1,road running,Infantil,0,0,Polop,La Marina Baja,Alicante,0,1232,De 0 a 5 años,Comunidad Valenciana
mychip,"III Carrera del Roscón, Polop de la Marina",2019-01-06,Domingo,0.35,road running,Infantil,0,0,Polop,La Marina Baja,Alicante,0,1232,De 5 a 8 años,Comunidad Valenciana
mychip,"III Carrera del Roscón, Polop de la Marina",2019-01-06,Domingo,0.8,road running,Infantil,0,0,Polop,La Marina Baja,Alicante,0,1232,De 8 a 12 años,Comunidad Valenciana
mychip,XXXVII San Silvestre Toledana,2018-12-31,Lunes,8.0,road running,Absoluta/General,935,3331,Toledo,,Toledo,0,1192,ABSOLUTA,Castilla-La Mancha
mychip,XXXVII San Silvestre Toledana,2018-12-31,Lunes,0.4,road running,Infantil,51,58,Toledo,,Toledo,0,1192,De 0 a 5 años,Castilla-La Mancha
mychip,XXXVII San Silvestre Toledana,2018-12-31,Lunes,0.4,road running,Infantil,76,114,Toledo,,Toledo,0,1192,De 6 a 9 años ,Castilla-La Mancha
mychip,XXXVII San Silvestre Toledana,2018-12-31,Lunes,0.8,road running,Infantil,32,42,Toledo,,Toledo,0,1192,De 10  a 11 años ,Castilla-La Mancha
mychip,XXXVII San Silvestre Toledana,2018-12-31,Lunes,1.6,road running,Infantil,29,42,Toledo,,Toledo,0,1192,De 12 a 13 años ,Castilla-La Mancha
mychip,XXXVII San Silvestre Toledana,2018-12-31,Lunes,1.6,road running,Infantil,13,24,Toledo,,Toledo,0,1192,De 14 a 15 años ,Castilla-La Mancha
mychip,"Relatos en Zapatillas, Concurso literario deportivo",2018-12-30,Domingo,0.0,Otros,Absoluta/General,0,0,Villanueva de Castellón,La Ribera Alta,Valencia,0,1207,Relatos,Comunidad Valenciana
mychip,"SAN SILVESTRE TRAIL,SPRINT Y CAMINATA SUMACARCER ",2018-12-30,Domingo,11.5,trail running,Absoluta/General,0,0,Sumacárcel,La Ribera Alta,Valencia,0,1224,SAN SILVESTRE TRAIL SUMACARCER,Comunidad Valenciana
mychip,"SAN SILVESTRE TRAIL,SPRINT Y CAMINATA SUMACARCER ",2018-12-30,Domingo,7.5,trail running,Absoluta/General,0,0,Sumacárcel,La Ribera Alta,Valencia,0,1224,SAN SILVESTRE TRAIL SUMACARCER,Comunidad Valenciana
mychip,"SAN SILVESTRE TRAIL,SPRINT Y CAMINATA SUMACARCER ",2018-12-30,Domingo,7.5,trail running,Absoluta/General,0,0,Sumacárcel,La Ribera Alta,Valencia,0,1224,SAN SILVESTRE MARCHA SUMACARCER,Comunidad Valenciana
mychip,Sant Silvestre ciutat d'Algemesí 2018,2018-12-30,Domingo,3.5,road running,Absoluta/General,0,0,Algemesí,La Ribera Alta,Valencia,0,1241,San Silvestre,Comunidad Valenciana
mychip,San Silvestre Callosa 2018,2018-12-29,Sábado,4.3,road running,Absoluta/General,56,61,Callosa de Ensarriá,,Alicante,0,1221,"4,3K, Popular",Valencia
mychip,San Silvestre Callosa 2018,2018-12-29,Sábado,8.6,road running,Absoluta/General,13,59,Callosa de Ensarriá,,Alicante,0,1221,"8,6K, Competitiva",Valencia
mychip,San Silvestre Callosa 2018,2018-12-29,Sábado,0.0,road running,Infantil,0,0,Callosa de Ensarriá,,Alicante,0,1221,INFANTIL 0-9años (Gratuita),Valencia
mychip,SanSilTrail  de Calles,2018-12-27,Jueves,9.8,trail running,Absoluta/General,0,0,Calles,,Valencia,0,1220,SanSil Trail  de Calles,Comunidad Valenciana
mychip,"San Silvestre Nocturna Altea, 2018",2018-12-27,Jueves,3.9,road running,Infantil,57,147,Altea,La Marina Baja,Alicante,0,1228,San Silvestre (16 años),Comunidad Valenciana
mychip,"San Silvestre Nocturna Altea, 2018",2018-12-27,Jueves,0.0,road running,Infantil,0,0,Altea,La Marina Baja,Alicante,0,1228,Menores 0-15 años,Comunidad Valenciana
mychip,San Silvestre Villa de Calp 2018,2018-12-27,Jueves,3.2,road running,Absoluta/General,88,130,Calpe,La Marina Alta,Alicante,0,1236,"3,3k",Comunidad Valenciana
mychip,San Silvestre Villa de Calp 2018,2018-12-27,Jueves,1.65,road running,Absoluta/General,45,65,Calpe,La Marina Alta,Alicante,0,1236,"1,6k",Comunidad Valenciana
mychip,26a Mitja Marató Picanya-Paiporta,2018-12-23,Domingo,10.548,road running,Absoluta/General,169,474,Picaña,Huerta Sur,Valencia,0,1193,Quarta,Comunidad Valenciana
mychip,26a Mitja Marató Picanya-Paiporta,2018-12-23,Domingo,21.097,road running,Absoluta/General,81,641,Picaña,Huerta Sur,Valencia,0,1193,Mitja,Comunidad Valenciana
mychip,XXIX San Silvestre Monovera,2018-12-23,Domingo,5.1,road running,Absoluta/General,67,236,Monóvar,El Vinalopó Medio,Alicante,0,1199,ABSOLUTA,Comunidad Valenciana
mychip,XXIX San Silvestre Monovera,2018-12-23,Domingo,1.4,road running,Infantil,14,16,Monóvar,El Vinalopó Medio,Alicante,0,1199,De 11 a 13 años,Comunidad Valenciana
mychip,XXIX San Silvestre Monovera,2018-12-23,Domingo,0.8,road running,Infantil,25,31,Monóvar,El Vinalopó Medio,Alicante,0,1199,De 8 a 10 años,Comunidad Valenciana
mychip,XXIX San Silvestre Monovera,2018-12-23,Domingo,0.4,road running,Infantil,33,49,Monóvar,El Vinalopó Medio,Alicante,0,1199,Hasta 7 años,Comunidad Valenciana
mychip,"TRAIL, SPRINT Y CAMINATA VALLADA",2018-12-23,Domingo,22.2,trail running,Absoluta/General,0,0,Vallada,La Costera,Valencia,0,1223,TRAIL VALLADA,Comunidad Valenciana
mychip,"TRAIL, SPRINT Y CAMINATA VALLADA",2018-12-23,Domingo,10.7,trail running,Absoluta/General,0,0,Vallada,La Costera,Valencia,0,1223,SPRINT VALLADA,Comunidad Valenciana
mychip,"TRAIL, SPRINT Y CAMINATA VALLADA",2018-12-23,Domingo,10.7,trail running,Absoluta/General,0,0,Vallada,La Costera,Valencia,0,1223,MARCHA VALLADA,Comunidad Valenciana
mychip,"IV Simat Trail Series. Esprint Vertical, Esprint Trail, Trail Penalva i Marxa Senderista.",2018-12-16,Domingo,19.0,trail running,Absoluta/General,12,84,Simat de Valldigna,La Safor,Valencia,0,1129,Trail Penalva (19km),Comunidad Valenciana
mychip,"IV Simat Trail Series. Esprint Vertical, Esprint Trail, Trail Penalva i Marxa Senderista.",2018-12-16,Domingo,1.46,trail running,Absoluta/General,6,15,Simat de Valldigna,La Safor,Valencia,0,1129,"Sprint Vertikal (1,46km)",Comunidad Valenciana
mychip,"IV Simat Trail Series. Esprint Vertical, Esprint Trail, Trail Penalva i Marxa Senderista.",2018-12-16,Domingo,13.7,trail running,Absoluta/General,59,42,Simat de Valldigna,La Safor,Valencia,0,1129,"Marcha Senderista (13,7km)",Comunidad Valenciana
mychip,"IV Simat Trail Series. Esprint Vertical, Esprint Trail, Trail Penalva i Marxa Senderista.",2018-12-16,Domingo,14.5,trail running,Absoluta/General,26,75,Simat de Valldigna,La Safor,Valencia,0,1129,"Esprint trail (14,5k)",Comunidad Valenciana
mychip,XIV Mitja Marató Serra d’Oltà,2018-12-16,Domingo,21.0,trail running,Absoluta/General,57,280,Calpe,La Marina Alta,Alicante,0,1166,CTM 17k,Comunidad Valenciana
mychip,XIV Mitja Marató Serra d’Oltà,2018-12-16,Domingo,17.0,trail running,Absoluta/General,0,0,Calpe,La Marina Alta,Alicante,0,1166,Marcha Senderista,Comunidad Valenciana
mychip,"VIII MITJA MARATÓ UNIÓN ALCOYANA SEGUROS, QUART DE MARATÓ, RELLEUS & MARCHA",2018-12-16,Domingo,21.097,road running,Absoluta/General,28,292,Alcoy,La Hoya de Alcoy,Alicante,0,1185,Media,Comunidad Valenciana
mychip,"VIII MITJA MARATÓ UNIÓN ALCOYANA SEGUROS, QUART DE MARATÓ, RELLEUS & MARCHA",2018-12-16,Domingo,10.548,road running,Absoluta/General,228,373,Alcoy,La Hoya de Alcoy,Alicante,0,1185,Quarta,Comunidad Valenciana
mychip,"VIII MITJA MARATÓ UNIÓN ALCOYANA SEGUROS, QUART DE MARATÓ, RELLEUS & MARCHA",2018-12-16,Domingo,21.097,road running,Absoluta/General,18,32,Alcoy,La Hoya de Alcoy,Alicante,0,1185,Relevos,Comunidad Valenciana
mychip,"VIII MITJA MARATÓ UNIÓN ALCOYANA SEGUROS, QUART DE MARATÓ, RELLEUS & MARCHA",2018-12-16,Domingo,7.0,road running,Absoluta/General,125,44,Alcoy,La Hoya de Alcoy,Alicante,0,1185,Caminata,Comunidad Valenciana
mychip,"VIII MITJA MARATÓ UNIÓN ALCOYANA SEGUROS, QUART DE MARATÓ, RELLEUS & MARCHA",2018-12-16,Domingo,0.0,road running,Infantil,0,0,Alcoy,La Hoya de Alcoy,Alicante,0,1185,Micromarató (0 a 12 años),Comunidad Valenciana
mychip,XXXV Carrera popular Villa de Aranjuez,2018-12-16,Domingo,10.0,road running,Absoluta/General,1228,3402,Aranjuez,,Comunidad de Madrid,0,1191,10K,Comunidad de Madrid
mychip,XXXV Carrera popular Villa de Aranjuez,2018-12-16,Domingo,1.7,road running,Cadete/Juvenil,0,0,Aranjuez,,Comunidad de Madrid,0,1191,CADETE 2003/2004,Comunidad de Madrid
mychip,XXXV Carrera popular Villa de Aranjuez,2018-12-16,Domingo,1.275,road running,Infantil,0,0,Aranjuez,,Comunidad de Madrid,0,1191,INFANTIL 2005/2006,Comunidad de Madrid
mychip,XXXV Carrera popular Villa de Aranjuez,2018-12-16,Domingo,0.85,road running,Infantil,0,0,Aranjuez,,Comunidad de Madrid,0,1191,ALEVIN 2007/2008,Comunidad de Madrid
mychip,XXXV Carrera popular Villa de Aranjuez,2018-12-16,Domingo,0.725,road running,Infantil,0,0,Aranjuez,,Comunidad de Madrid,0,1191,BENJAMÍN 2009/2010,Comunidad de Madrid
mychip,XXXV Carrera popular Villa de Aranjuez,2018-12-16,Domingo,0.425,road running,Absoluta/General,0,0,Aranjuez,,Comunidad de Madrid,0,1191,RENACUAJO 2011/2013,Comunidad de Madrid
mychip,XXXV Carrera popular Villa de Aranjuez,2018-12-16,Domingo,0.3,road running,Infantil,0,0,Aranjuez,,Comunidad de Madrid,0,1191,CHUPETINES 2014/2018,Comunidad de Madrid
mychip,"La Mitja del Campello, 1/2 Marató i 1/4 de Marató",2018-12-16,Domingo,21.097,road running,Absoluta/General,0,0,Campello,El Alacantí,Alicante,0,1208,1/2 maraton,Comunidad Valenciana
mychip,"La Mitja del Campello, 1/2 Marató i 1/4 de Marató",2018-12-16,Domingo,10.548,road running,Absoluta/General,0,0,Campello,El Alacantí,Alicante,0,1208,1/4 maratón,Comunidad Valenciana
mychip,ii marcha cicloturista l´Olleria,2018-12-16,Domingo,114.0,Ciclismo y btt,Absoluta/General,0,0,Ollería,La Vall d'Albaida,Valencia,0,1217,II CICLOTURISTA OLLERIA,Comunidad Valenciana
mychip,IV TRAIL ALCANTERA DEL XUQUER,2018-12-09,Domingo,21.0,trail running,Absoluta/General,0,0,Alberique,La Ribera Alta,Valencia,0,1216,trail alcantera de xuquer,Comunidad Valenciana
mychip,IV TRAIL ALCANTERA DEL XUQUER,2018-12-09,Domingo,14.0,trail running,Absoluta/General,0,0,Alberique,La Ribera Alta,Valencia,0,1216,sprinttrail alcantera de xuquer,Comunidad Valenciana
mychip,IV TRAIL ALCANTERA DEL XUQUER,2018-12-09,Domingo,14.0,trail running,Absoluta/General,0,0,Alberique,La Ribera Alta,Valencia,0,1216,caminata alcantera de xuquer,Comunidad Valenciana
mychip,"XIII Marató de la Marina, IV Cursa els Tres Tossals",2018-12-02,Domingo,21.5,trail running,Absoluta/General,48,186,Gata de Gorgos,La Marina Alta,Alicante,0,1165,CTM 22k Tres Tossals,Comunidad Valenciana
mychip,"XIII Marató de la Marina, IV Cursa els Tres Tossals",2018-12-02,Domingo,42.0,trail running,Absoluta/General,0,0,Gata de Gorgos,La Marina Alta,Alicante,0,1165,Maratón 42k,Comunidad Valenciana
mychip,"XIII Marató de la Marina, IV Cursa els Tres Tossals",2018-12-02,Domingo,12.5,trail running,Absoluta/General,0,0,Gata de Gorgos,La Marina Alta,Alicante,0,1165,Sender,Comunidad Valenciana
mychip,III TRAIL POUS DE NEU,2018-12-02,Domingo,20.0,trail running,Absoluta/General,24,133,Ibi,La Hoya de Alcoy,Alicante,0,1206,Trail,Comunidad Valenciana
mychip,III TRAIL POUS DE NEU,2018-12-02,Domingo,15.0,trail running,Absoluta/General,64,63,Ibi,La Hoya de Alcoy,Alicante,0,1206,Sender,Comunidad Valenciana
mychip,6e. Trail el Ventós,2018-11-25,Domingo,16.0,trail running,Absoluta/General,24,142,Agost,El Alacantí,Alicante,0,1117,Trail,Comunidad Valenciana
mychip,6e. Trail el Ventós,2018-11-25,Domingo,8.0,trail running,Absoluta/General,19,9,Agost,El Alacantí,Alicante,0,1117,Marcha Senderista,Comunidad Valenciana
mychip,"Campeonato Regularidad por Montaña de la Comunidad Valenciana, FEMECV 2018",2018-11-25,Domingo,14.5,Otros,Absoluta/General,52,78,Villena,El Alto Vinalopó,Alicante,0,1204,Campeonato de Regularidad,Comunidad Valenciana
mychip,MARATON Y TRAIL OLLERIA,2018-11-25,Domingo,42.0,trail running,Absoluta/General,0,0,Ollería,La Vall d'Albaida,Valencia,0,1213,MARATO L´OLLERIA,Comunidad Valenciana
mychip,MARATON Y TRAIL OLLERIA,2018-11-25,Domingo,23.0,trail running,Absoluta/General,0,0,Ollería,La Vall d'Albaida,Valencia,0,1213,TRAIL L´OLLERIA,Comunidad Valenciana
mychip,MARATON Y TRAIL OLLERIA,2018-11-25,Domingo,14.0,trail running,Absoluta/General,0,0,Ollería,La Vall d'Albaida,Valencia,0,1213,TRAIL L´OLLERIA,Comunidad Valenciana
mychip,"XVIII MITJA MARATÓ SAMARUC 2018, ALGEMESÍ",2018-11-18,Domingo,21.097,road running,Absoluta/General,62,469,Algemesí,La Ribera Alta,Valencia,0,1044,Media maratón,Comunidad Valenciana
mychip,Mitja dels Dements d'Ain 2018,2018-11-18,Domingo,20.75,trail running,Absoluta/General,23,189,Ahín,Plana Baja,Castellón,0,1131,Mitja dels Dements d'Ain,Comunidad Valenciana
mychip,XIII CARRERA POR MONTAÑA Y MARCHA A PIÉ SERRA DEL COTO,2018-11-18,Domingo,22.8,trail running,Absoluta/General,29,228,Monóvar,El Vinalopó Medio,Alicante,0,1159,CARRERA,Comunidad Valenciana
mychip,XIII CARRERA POR MONTAÑA Y MARCHA A PIÉ SERRA DEL COTO,2018-11-18,Domingo,19.6,trail running,Absoluta/General,55,127,Monóvar,El Vinalopó Medio,Alicante,0,1159,MARCHA,Comunidad Valenciana
mychip,Pegotrail,2018-11-18,Domingo,21.0,trail running,Absoluta/General,29,146,Pego,La Marina Alta,Alicante,0,1164,CTM 21k,Comunidad Valenciana
mychip,Pegotrail,2018-11-18,Domingo,13.0,trail running,Absoluta/General,0,0,Pego,La Marina Alta,Alicante,0,1164,Sprint trail 13k,Comunidad Valenciana
mychip,Pegotrail,2018-11-18,Domingo,13.0,trail running,Absoluta/General,0,0,Pego,La Marina Alta,Alicante,0,1164,Sender 13k,Comunidad Valenciana
mychip,Costa Blanca Trails 2018,2018-11-17,Sábado,102.0,trail running,Absoluta/General,0,0,Finestrat,La Marina Baja,Alicante,0,1116,102k (17/11),Comunidad Valenciana
mychip,Costa Blanca Trails 2018,2018-11-17,Sábado,65.0,trail running,Absoluta/General,0,0,Finestrat,La Marina Baja,Alicante,0,1116,65k (17/11),Comunidad Valenciana
mychip,Costa Blanca Trails 2018,2018-11-17,Sábado,40.0,trail running,Absoluta/General,0,0,Finestrat,La Marina Baja,Alicante,0,1116,40k (17/11),Comunidad Valenciana
mychip,Costa Blanca Trails 2018,2018-11-17,Sábado,20.0,trail running,Absoluta/General,0,0,Finestrat,La Marina Baja,Alicante,0,1116,20k & Sender (17/11),Comunidad Valenciana
mychip,Marató dels Dements 2018,2018-11-17,Sábado,42.5,trail running,Absoluta/General,28,325,Eslida,Plana Baja,Castellón,0,1130,Marató dels Dements,Comunidad Valenciana
mychip,Marató dels Dements 2018,2018-11-17,Sábado,21.0,trail running,Absoluta/General,34,138,Eslida,Plana Baja,Castellón,0,1130,Mitja dels Dements d'Eslida,Comunidad Valenciana
mychip,Marató dels Dements 2018,2018-11-17,Sábado,44.0,trail running,Absoluta/General,0,0,Eslida,Plana Baja,Castellón,0,1130,Marató dels Dements por etapas,Comunidad Valenciana
mychip,6 Pujada a la Penya Migjorn,2018-11-11,Domingo,22.13,trail running,Absoluta/General,14,71,Jijona,El Alacantí,Alicante,0,1055,Trail 22k,Comunidad Valenciana
mychip,6 Pujada a la Penya Migjorn,2018-11-11,Domingo,14.0,trail running,Absoluta/General,17,54,Jijona,El Alacantí,Alicante,0,1055,Trail 14K,Comunidad Valenciana
mychip,6 Pujada a la Penya Migjorn,2018-11-11,Domingo,14.0,trail running,Absoluta/General,43,52,Jijona,El Alacantí,Alicante,0,1055,Sender 14k,Comunidad Valenciana
mychip,III BENICATRAIL,2018-11-04,Domingo,24.5,trail running,Absoluta/General,0,0,Beniatjar,La Vall d'Albaida,Valencia,0,1161,BENICATRAIL,Comunidad Valenciana
mychip,Bèrnia Moscatell trail (BMT),2018-11-04,Domingo,22.0,trail running,Absoluta/General,30,197,Jalón,La Marina Alta,Alicante,0,1179,"BMT Trail, puntuable CTM",Comunidad Valenciana
mychip,Bèrnia Moscatell trail (BMT),2018-11-04,Domingo,14.0,trail running,Absoluta/General,0,0,Jalón,La Marina Alta,Alicante,0,1179,BMT Express,Comunidad Valenciana
mychip,Bèrnia Moscatell trail (BMT),2018-11-04,Domingo,14.0,trail running,Absoluta/General,0,0,Jalón,La Marina Alta,Alicante,0,1179,BMT Senderista,Comunidad Valenciana
mychip,III TRAIL JALANCE,2018-11-04,Domingo,0.024,trail running,Absoluta/General,0,0,Jalance,El Valle de Cofrentes-Ayora,Valencia,0,1180,24K,Comunidad Valenciana
mychip,III TRAIL JALANCE,2018-11-04,Domingo,0.013,trail running,Absoluta/General,0,0,Jalance,El Valle de Cofrentes-Ayora,Valencia,0,1180,13K,Comunidad Valenciana
mychip,Trail de Montanejos 2018,2018-11-03,Sábado,50.0,trail running,Absoluta/General,15,156,Montanejos,El Alto Mijares,Castellón,0,1177,"TDM 55k, (Sábado 3/11)",Comunidad Valenciana
mychip,Trail de Montanejos 2018,2018-11-03,Sábado,15.0,trail running,Absoluta/General,121,254,Montanejos,El Alto Mijares,Castellón,0,1177,"TDM 15k, (Sábado 3/11)",Comunidad Valenciana
mychip,Trail de Montanejos 2018,2018-11-03,Sábado,30.0,trail running,Absoluta/General,57,271,Montanejos,El Alto Mijares,Castellón,0,1177,"TDM 30k, (Domingo 4/11)",Comunidad Valenciana
mychip,IV Trail de Buñol,2018-10-28,Domingo,27.0,trail running,Absoluta/General,21,111,Buñol,La Hoya de Buñol,Valencia,0,1175,27K,Comunidad Valenciana
mychip,IV Trail de Buñol,2018-10-28,Domingo,13.5,trail running,Absoluta/General,51,171,Buñol,La Hoya de Buñol,Valencia,0,1175,"13,5K",Comunidad Valenciana
mychip,IV Trail de Buñol,2018-10-28,Domingo,10.0,trail running,Absoluta/General,0,0,Buñol,La Hoya de Buñol,Valencia,0,1175,Marcha Senderista,Comunidad Valenciana
mychip,"Campionat Autonomic per Clubs de Carrera per Muntanya, Femecv 2018, Tombatossals",2018-10-28,Domingo,25.0,trail running,Absoluta/General,33,81,Castellón de la Plana,Plana Alta,Castellón,0,1178,Campionat de Clubs,Comunidad Valenciana
mychip,"Campionat Autonomic per Clubs de Carrera per Muntanya, Femecv 2018, Tombatossals",2018-10-28,Domingo,25.0,trail running,Absoluta/General,20,155,Castellón de la Plana,Plana Alta,Castellón,0,1178,k25 open,Comunidad Valenciana
mychip,"Campionat Autonomic per Clubs de Carrera per Muntanya, Femecv 2018, Tombatossals",2018-10-28,Domingo,12.0,trail running,Absoluta/General,72,144,Castellón de la Plana,Plana Alta,Castellón,0,1178,k12 minitomba,Comunidad Valenciana
mychip,"TRAIL SOLIDARI CIUTAT D’ALCOI, 2018",2018-10-27,Sábado,52.0,trail running,Absoluta/General,83,461,Alcoy,La Hoya de Alcoy,Alicante,0,1108,TRAIL SOLIDARI,Comunidad Valenciana
mychip,"TRAIL SOLIDARI CIUTAT D’ALCOI, 2018",2018-10-27,Sábado,26.0,trail running,Absoluta/General,177,338,Alcoy,La Hoya de Alcoy,Alicante,0,1108,MIG TRAIL SOLIDARI,Comunidad Valenciana
mychip,"TRAIL SOLIDARI CIUTAT D’ALCOI, 2018",2018-10-27,Sábado,20.0,trail running,Absoluta/General,332,284,Alcoy,La Hoya de Alcoy,Alicante,0,1108,MARCHA SOLIDARIA,Comunidad Valenciana
mychip,"TRAIL SOLIDARI CIUTAT D’ALCOI, 2018",2018-10-27,Sábado,52.0,trail running,Absoluta/General,0,0,Alcoy,La Hoya de Alcoy,Alicante,0,1108,TRAIL SOLIDARI + PATROCINADOR,Comunidad Valenciana
mychip,"TRAIL SOLIDARI CIUTAT D’ALCOI, 2018",2018-10-27,Sábado,26.0,trail running,Absoluta/General,0,0,Alcoy,La Hoya de Alcoy,Alicante,0,1108,MIG TRAIL SOLIDARI + PATROCINADOR,Comunidad Valenciana
mychip,"TRAIL SOLIDARI CIUTAT D’ALCOI, 2018",2018-10-27,Sábado,20.0,trail running,Absoluta/General,0,0,Alcoy,La Hoya de Alcoy,Alicante,0,1108,MARCHA SOLIDARIA+ PATROCINADOR,Comunidad Valenciana
mychip,CAMPEONATO DE ESCALADA DE VELOCIDAD DE LA COMUNIDAD VALENCIANA,2018-10-27,Sábado,0.0,Otros,Absoluta/General,0,0,Elche,El Bajo Vinalopó,Alicante,0,1197,Absoluta,Comunidad Valenciana
mychip,CAMPEONATO DE ESCALADA DE VELOCIDAD DE LA COMUNIDAD VALENCIANA,2018-10-27,Sábado,0.0,Otros,Cadete/Juvenil,0,0,Elche,El Bajo Vinalopó,Alicante,0,1197,SUB18 (16/17AÑOS),Comunidad Valenciana
mychip,CAMPEONATO DE ESCALADA DE VELOCIDAD DE LA COMUNIDAD VALENCIANA,2018-10-27,Sábado,0.0,Otros,Cadete/Juvenil,0,0,Elche,El Bajo Vinalopó,Alicante,0,1197,SUB16 (12/15 AÑOS),Comunidad Valenciana
mychip,CAMPEONATO DE ESCALADA DE VELOCIDAD DE LA COMUNIDAD VALENCIANA,2018-10-27,Sábado,0.0,Otros,Infantil,0,0,Elche,El Bajo Vinalopó,Alicante,0,1197,SUB12 (9/11 AÑOS),Comunidad Valenciana
mychip,CAMPEONATO DE ESCALADA DE VELOCIDAD DE LA COMUNIDAD VALENCIANA,2018-10-27,Sábado,0.0,Otros,Infantil,0,0,Elche,El Bajo Vinalopó,Alicante,0,1197,SUB9 (6/8 AÑOS),Comunidad Valenciana
mychip,IV TRAIL SELLENT,2018-10-21,Domingo,21.0,trail running,Absoluta/General,0,0,Sellent,La Ribera Alta,Valencia,0,1181,21K,Comunidad Valenciana
mychip,IV TRAIL SELLENT,2018-10-21,Domingo,13.0,trail running,Absoluta/General,0,0,Sellent,La Ribera Alta,Valencia,0,1181,13K,Comunidad Valenciana
mychip,"VIII Media Maratón ""Sierra de Peña Rubia""",2018-10-21,Domingo,23.0,trail running,Absoluta/General,0,0,Villena,El Alto Vinalopó,Alicante,0,1195,Trail largo,Comunidad Valenciana
mychip,"VIII Media Maratón ""Sierra de Peña Rubia""",2018-10-21,Domingo,9.0,trail running,Absoluta/General,0,0,Villena,El Alto Vinalopó,Alicante,0,1195,trail corto,Comunidad Valenciana
mychip,"VIII Media Maratón ""Sierra de Peña Rubia""",2018-10-21,Domingo,8.7,trail running,Absoluta/General,0,0,Villena,El Alto Vinalopó,Alicante,0,1195,Sender,Comunidad Valenciana
mychip,"V volta a la Campana & II Volta Sprint, Sueras",2018-10-14,Domingo,23.0,trail running,Absoluta/General,43,222,Sueras,Plana Baja,Castellón,0,1121,Volta  23 km,Comunidad Valenciana
mychip,"V volta a la Campana & II Volta Sprint, Sueras",2018-10-14,Domingo,11.2,trail running,Absoluta/General,76,137,Sueras,Plana Baja,Castellón,0,1121,"Sprint 11,2km",Comunidad Valenciana
mychip,"1ª Travesía Motos de Agua, Santa Pola - Campello",2018-10-13,Sábado,80.4,Otros,Absoluta/General,0,0,Santa Pola,El Bajo Vinalopó,Alicante,0,1196,50 millas náuticas,Comunidad Valenciana
mychip,"XXV Cursa popular 10k, 5k, Altea",2018-10-09,Martes,10.0,road running,Absoluta/General,30,155,Altea,La Marina Baja,Alicante,0,1184,10k,Comunidad Valenciana
mychip,"XXV Cursa popular 10k, 5k, Altea",2018-10-09,Martes,5.0,road running,Absoluta/General,41,67,Altea,La Marina Baja,Alicante,0,1184,5k,Comunidad Valenciana
mychip,"XXV Cursa popular 10k, 5k, Altea",2018-10-09,Martes,0.0,road running,Infantil,0,0,Altea,La Marina Baja,Alicante,0,1184,Menores (0 a 15 años),Comunidad Valenciana
mychip,CARRERA POPULAR AVT 2018,2018-10-07,Domingo,10.0,road running,Absoluta/General,24,173,Humanes de Madrid,,Comunidad de Madrid,0,1134,10k,Comunidad de Madrid
mychip,III Trail Onil,2018-10-07,Domingo,25.0,trail running,Absoluta/General,8,82,Onil,La Hoya de Alcoy,Alicante,0,1136,25k Trail,Comunidad Valenciana
mychip,III Trail Onil,2018-10-07,Domingo,14.0,trail running,Absoluta/General,22,82,Onil,La Hoya de Alcoy,Alicante,0,1136,14k ,Comunidad Valenciana
mychip,III Trail Onil,2018-10-07,Domingo,14.0,trail running,Absoluta/General,45,54,Onil,La Hoya de Alcoy,Alicante,0,1136,Sender,Comunidad Valenciana
mychip,V MARCHA CICLODEPORTIVA LA POBLA LLARGA,2018-10-07,Domingo,107.0,Ciclismo y btt,Absoluta/General,43,456,la Pobla Llarga,La Ribera Alta,Valencia,0,1140,Marcha,Comunidad Valenciana
mychip,IX CARRERA Y MARCHA CATÍ-RABOSA,2018-10-07,Domingo,22.0,trail running,Absoluta/General,12,129,Elda,El Vinalopó Medio,Alicante,0,1156,Trail largo,Comunidad Valenciana
mychip,IX CARRERA Y MARCHA CATÍ-RABOSA,2018-10-07,Domingo,14.3,trail running,Absoluta/General,64,212,Elda,El Vinalopó Medio,Alicante,0,1156,Trail Corto,Comunidad Valenciana
mychip,IX CARRERA Y MARCHA CATÍ-RABOSA,2018-10-07,Domingo,14.3,trail running,Absoluta/General,109,136,Elda,El Vinalopó Medio,Alicante,0,1156,Marcha Senderista,Comunidad Valenciana
mychip,3 CIMS 2018 - VILAFAMES,2018-10-07,Domingo,30.0,trail running,Absoluta/General,0,0,Vilafamés,Plana Alta,Castellón,0,1186,3 CIMS 2018 - VILAFAMES,Comunidad Valenciana
mychip,3 CIMS 2018 - VILAFAMES,2018-10-07,Domingo,14.0,trail running,Absoluta/General,0,0,Vilafamés,Plana Alta,Castellón,0,1186,MARXA AL TERME VILAFAMES 2018,Comunidad Valenciana
mychip,X Botamarges,2018-10-06,Sábado,64.0,trail running,Absoluta/General,18,231,Adsubia,La Marina Alta,Alicante,0,1122,Botamarges,Comunidad Valenciana
mychip,"RIVERFIT MAD RACE, 9k, LLiga Ocra CV",2018-10-06,Sábado,9.0,road running,Elite,5,18,Alcoy,La Hoya de Alcoy,Alicante,0,1157,Elite,Comunidad Valenciana
mychip,"RIVERFIT MAD RACE, 9k, LLiga Ocra CV",2018-10-06,Sábado,9.0,road running,Absoluta/General,0,6,Alcoy,La Hoya de Alcoy,Alicante,0,1157,Amateur,Comunidad Valenciana
mychip,"RIVERFIT MAD RACE, 9k, LLiga Ocra CV",2018-10-06,Sábado,9.0,road running,Absoluta/General,6,14,Alcoy,La Hoya de Alcoy,Alicante,0,1157,Popular,Comunidad Valenciana
mychip,"RIVERFIT MAD RACE, 9k, LLiga Ocra CV",2018-10-06,Sábado,9.0,road running,Equipos,3,13,Alcoy,La Hoya de Alcoy,Alicante,0,1157,Equipos 5-6 participantes,Comunidad Valenciana
mychip,"Sprint Trail Senyera, 2018",2018-09-30,Domingo,13.0,trail running,Absoluta/General,34,129,Senyera,La Ribera Alta,Valencia,0,1053,SPRINT TRAIL,Comunidad Valenciana
mychip,"Sprint Trail Senyera, 2018",2018-09-30,Domingo,13.0,trail running,Absoluta/General,80,73,Senyera,La Ribera Alta,Valencia,0,1053,Sender,Comunidad Valenciana
mychip,"Mediterranean Coast Challenge 2018, Costa Blanca,  Benidorm",2018-09-30,Domingo,10.0,Otros,Elite,8,31,Benidorm,La Marina Baja,Alicante,0,1128,"10k, Pro",Comunidad Valenciana
mychip,"Mediterranean Coast Challenge 2018, Costa Blanca,  Benidorm",2018-09-30,Domingo,5.5,Otros,Absoluta/General,96,186,Benidorm,La Marina Baja,Alicante,0,1128,"5,5k  Mediterranean",Comunidad Valenciana
mychip,"Mediterranean Coast Challenge 2018, Costa Blanca,  Benidorm",2018-09-30,Domingo,2.0,Otros,Absoluta/General,47,61,Benidorm,La Marina Baja,Alicante,0,1128,"2k, Popular",Comunidad Valenciana
mychip,"Mediterranean Coast Challenge 2018, Costa Blanca,  Benidorm",2018-09-30,Domingo,0.5,Otros,Infantil,13,12,Benidorm,La Marina Baja,Alicante,0,1128,Mini (8 a 18 años),Comunidad Valenciana
mychip,IV CARRERA Solidaria Asociación de Empresarios de Parques y Polígonos Industriales de la Ribera Baixa,2018-09-30,Domingo,10.0,road running,Absoluta/General,37,243,Almussafes,La Ribera Baja,Valencia,0,1141,10k,Comunidad Valenciana
mychip,IV CARRERA Solidaria Asociación de Empresarios de Parques y Polígonos Industriales de la Ribera Baixa,2018-09-30,Domingo,5.0,road running,Absoluta/General,113,157,Almussafes,La Ribera Baja,Valencia,0,1141,5k,Comunidad Valenciana
mychip,IV CARRERA Solidaria Asociación de Empresarios de Parques y Polígonos Industriales de la Ribera Baixa,2018-09-30,Domingo,0.0,road running,Infantil,0,0,Almussafes,La Ribera Baja,Valencia,0,1141,Menor 3 a 14 años,Comunidad Valenciana
mychip,IV CARRERA Solidaria Asociación de Empresarios de Parques y Polígonos Industriales de la Ribera Baixa,2018-09-30,Domingo,0.0,road running,Otros,0,0,Almussafes,La Ribera Baja,Valencia,0,1141,Dorsal 0 (aportación 4€ solidarios),Comunidad Valenciana
mychip,"Selènika 2018, Marxa de resistència en BTT",2018-09-30,Domingo,118.0,Ciclismo y btt,Absoluta/General,20,776,Navarcles,,Barcelona,0,1154,"118Km, Selènika",Cataluña
mychip,"Selènika 2018, Marxa de resistència en BTT",2018-09-30,Domingo,75.0,Ciclismo y btt,Absoluta/General,28,361,Navarcles,,Barcelona,0,1154,"75km, Selènika",Cataluña
mychip,"Dia de la Montaña Limpia, Novelda, Femecv",2018-09-30,Domingo,10.0,trail running,Absoluta/General,0,0,Novelda,El Vinalopó Medio,Alicante,0,1162,Montaña Limpia,Comunidad Valenciana
mychip,"CAMPIONAT AUTONÒMIC DE CURSA PER MUNTANYA FEMECV DE LLARG RECORREGUT, CASTALLA 2018",2018-09-29,Sábado,55.0,trail running,Absoluta/General,3,20,Castalla,La Hoya de Alcoy,Alicante,0,1174,Carrera por Montaña,Comunidad Valenciana
mychip,VI CARRERA Y MARCHA NOCTURNA DE MONTAÑA DE LA VALL D’UIXÓ A LA FONT DE GARRUT,2018-09-28,Viernes,11.0,trail running,Absoluta/General,30,80,Vall de Uxó,Plana Baja,Castellón,0,1153,Carrera por montaña,Comunidad Valenciana
mychip,VI CARRERA Y MARCHA NOCTURNA DE MONTAÑA DE LA VALL D’UIXÓ A LA FONT DE GARRUT,2018-09-28,Viernes,10.0,trail running,Absoluta/General,64,41,Vall de Uxó,Plana Baja,Castellón,0,1153,Marcha Senderista,Comunidad Valenciana
mychip,7ª Bajada Solidaria Crevillent-El Realengo-Camping Marjal Costa Blanca a beneficio de la AECC y CRUZ ROJA,2018-09-23,Domingo,11.0,trail running,Absoluta/General,18,36,Crevillente,El Bajo Vinalopó,Alicante,0,1147,Nórdica,Comunidad Valenciana
mychip,7ª Bajada Solidaria Crevillent-El Realengo-Camping Marjal Costa Blanca a beneficio de la AECC y CRUZ ROJA,2018-09-23,Domingo,11.0,trail running,Absoluta/General,40,143,Crevillente,El Bajo Vinalopó,Alicante,0,1147,CARRERA,Comunidad Valenciana
mychip,7ª Bajada Solidaria Crevillent-El Realengo-Camping Marjal Costa Blanca a beneficio de la AECC y CRUZ ROJA,2018-09-23,Domingo,11.0,trail running,Absoluta/General,2,0,Crevillente,El Bajo Vinalopó,Alicante,0,1147,Marchador,Comunidad Valenciana
mychip,I TRAIL BARX,2018-09-23,Domingo,0.01,trail running,Absoluta/General,0,0,Bárig,La Safor,Valencia,0,1155,SPRINT TRAIL,Comunidad Valenciana
mychip,I TRAIL BARX,2018-09-23,Domingo,0.021,trail running,Absoluta/General,0,0,Bárig,La Safor,Valencia,0,1155,TRAIL,Comunidad Valenciana
mychip,"10k Nocturno Peñiscola, CIRCUIT DIPUTACIÓ DE CASTELLÓ",2018-09-22,Sábado,10.0,road running,Absoluta/General,64,189,Peñíscola,Bajo Maestrazgo,Castellón,0,1090,10KN,Comunidad Valenciana
mychip,"Mitja Marató de Muntanya de L'Alcora, 2018",2018-09-22,Sábado,21.0,trail running,Absoluta/General,27,157,Alcora,l'Alcalatén,Castellón,0,1139,21k,Comunidad Valenciana
mychip,"Mitja Marató de Muntanya de L'Alcora, 2018",2018-09-22,Sábado,13.0,trail running,Absoluta/General,55,67,Alcora,l'Alcalatén,Castellón,0,1139,Marxa competitiva 13k,Comunidad Valenciana
mychip,"Mitja Marató de Muntanya de L'Alcora, 2018",2018-09-22,Sábado,13.0,trail running,Cadete/Juvenil,1,5,Alcora,l'Alcalatén,Castellón,0,1139,Junior (14 a 17 anys),Comunidad Valenciana
mychip,I Trail Serra d´Orxeta,2018-09-16,Domingo,15.2,trail running,Absoluta/General,33,176,Orcheta,La Marina Baja,Alicante,0,1148,Carrera,Comunidad Valenciana
mychip,I Trail Serra d´Orxeta,2018-09-16,Domingo,15.2,trail running,Absoluta/General,19,30,Orcheta,La Marina Baja,Alicante,0,1148,Sender,Comunidad Valenciana
mychip,1ª Jornada Senderista SENIJA - FONT DEL ALGAR,2018-09-16,Domingo,23.0,trail running,Absoluta/General,0,0,Senija,La Marina Alta,Alicante,0,1183,Marxa,Comunidad Valenciana
mychip,"10k Nocturno Grao de Castellón,   CIRCUIT DIPUTACIÓ DE CASTELLÓ",2018-09-15,Sábado,10.0,road running,Absoluta/General,0,0,Vallibona,Los Puertos de Morella,Castellón,0,1089,10KN,Comunidad Valenciana
mychip,"3ª Prueba de Copa de Escalada en Bloque FEMECV, Alcoi",2018-09-15,Sábado,0.0,Otros,Absoluta/General,0,0,Alcoy,La Hoya de Alcoy,Alicante,0,1158,Absoluta,Comunidad Valenciana
mychip,"3ª Prueba de Copa de Escalada en Bloque FEMECV, Alcoi",2018-09-15,Sábado,0.0,Otros,Cadete/Juvenil,0,0,Alcoy,La Hoya de Alcoy,Alicante,0,1158,SUB18 (16/17AÑOS),Comunidad Valenciana
mychip,"3ª Prueba de Copa de Escalada en Bloque FEMECV, Alcoi",2018-09-15,Sábado,0.0,Otros,Cadete/Juvenil,0,0,Alcoy,La Hoya de Alcoy,Alicante,0,1158,SUB16 (12/15 AÑOS),Comunidad Valenciana
mychip,"3ª Prueba de Copa de Escalada en Bloque FEMECV, Alcoi",2018-09-15,Sábado,0.0,Otros,Infantil,0,0,Alcoy,La Hoya de Alcoy,Alicante,0,1158,SUB12 (9/11 AÑOS),Comunidad Valenciana
mychip,"3ª Prueba de Copa de Escalada en Bloque FEMECV, Alcoi",2018-09-15,Sábado,0.0,Otros,Infantil,0,0,Alcoy,La Hoya de Alcoy,Alicante,0,1158,SUB9 (6/8 AÑOS),Comunidad Valenciana
mychip,"XIV Cursa Iberica, 2018",2018-09-09,Domingo,17.0,trail running,Absoluta/General,106,376,Figueroles,l'Alcalatén,Castellón,0,1070,Trail,Comunidad Valenciana
mychip,IV TRAIL ALCANTERA DE XUQUER,2018-09-08,Sábado,21.0,trail running,Absoluta/General,0,0,Alcántara de Júcar,La Ribera Alta,Valencia,0,1152,TRAIL,Comunidad Valenciana
mychip,IV TRAIL ALCANTERA DE XUQUER,2018-09-08,Sábado,14.0,trail running,Absoluta/General,0,0,Alcántara de Júcar,La Ribera Alta,Valencia,0,1152,SPRINT TRAIL,Comunidad Valenciana
mychip,Run Rafiki Relleu,2018-09-08,Sábado,10.5,trail running,Absoluta/General,8,24,Relleu,La Marina Baja,Alicante,0,1160,"Cross 10,5k",Comunidad Valenciana
mychip,Run Rafiki Relleu,2018-09-08,Sábado,10.5,trail running,Absoluta/General,16,17,Relleu,La Marina Baja,Alicante,0,1160,"Marcha 10,5k",Comunidad Valenciana
mychip,Run Rafiki Relleu,2018-09-08,Sábado,4.5,trail running,Absoluta/General,3,3,Relleu,La Marina Baja,Alicante,0,1160,"Cross 4,5k",Comunidad Valenciana
mychip,Run Rafiki Relleu,2018-09-08,Sábado,4.5,trail running,Absoluta/General,32,19,Relleu,La Marina Baja,Alicante,0,1160,"Marcha 4,5k",Comunidad Valenciana
mychip,XXI Volta peu a Corbera,2018-09-01,Sábado,7.5,road running,Absoluta/General,41,186,Corbera,La Ribera Baja,Valencia,0,1123,Carrera Popular,Comunidad Valenciana
mychip,10k Nocturno Benicassim Platges,2018-08-25,Sábado,10.0,road running,Absoluta/General,128,564,Benicasim,Plana Alta,Castellón,0,1088,10KN,Comunidad Valenciana
mychip,I REMEMBER TRAIL BICORP,2018-08-25,Sábado,14.0,trail running,Absoluta/General,0,0,Bicorp,La Canal de Navarrés,Valencia,0,1150,14K,Comunidad Valenciana
mychip,"XXXI Volta a peu Azuliber,  Alcora (inscripciones en linea de salida)",2018-08-23,Jueves,0.0,road running,Absoluta/General,0,0,Alcora,l'Alcalatén,Castellón,0,1146,Inscripción en linea de meta,Comunidad Valenciana
mychip,"XVI Travesía a a Nado, Banderes blaves, Platja de moncofa",2018-08-19,Domingo,2.0,Otros,Absoluta/General,31,76,Moncófar,Plana Baja,Castellón,0,1151,2000m,Comunidad Valenciana
mychip,"XVI Travesía a a Nado, Banderes blaves, Platja de moncofa",2018-08-19,Domingo,0.3,Otros,Infantil,6,5,Moncófar,Plana Baja,Castellón,0,1151,"Escolar, 2006-2011",Comunidad Valenciana
mychip,IV TRIATLON ANNA,2018-08-18,Sábado,0.75,Multidisciplina,Absoluta/General,0,0,Anna,La Canal de Navarrés,Valencia,0,1132,SPRINT,Comunidad Valenciana
mychip,IV TRIATLON ANNA,2018-08-18,Sábado,0.3,Multidisciplina,Absoluta/General,0,0,Anna,La Canal de Navarrés,Valencia,0,1132,SUPER SPRINT,Comunidad Valenciana
mychip,"XIV Volta a Peu Platja de Xeraco, Correpatina 2018",2018-08-14,Martes,7.3,road running,Absoluta/General,119,481,Jaraco,La Safor,Valencia,0,1149,Correpatina,Comunidad Valenciana
mychip,"10k  Nocturno Llangostí Vinaròs, CIRCUIT DIPUTACIÓ DE CASTELLÓ",2018-08-11,Sábado,10.0,road running,Absoluta/General,144,422,Vinaroz,Bajo Maestrazgo,Castellón,0,1086,10KN,Comunidad Valenciana
mychip,30na VOLTA A PEU A LA PLATJA DE TAVERNES,2018-08-03,Viernes,8.0,road running,Absoluta/General,193,644,Tabernes de Valldigna,La Safor,Valencia,0,1138,8k,Comunidad Valenciana
mychip,Volta a peu a Benifairo 2018,2018-07-28,Sábado,8.0,road running,Absoluta/General,0,0,Benifairó de la Valldigna,La Safor,Valencia,0,1144,Carrera,Comunidad Valenciana
mychip,IV CARRERA NOCTURNA NIT DE LES ERMITES,2018-07-21,Sábado,14.0,trail running,Absoluta/General,66,256,Ibi,La Hoya de Alcoy,Alicante,0,1042,TRAIL,Comunidad Valenciana
mychip,IV CARRERA NOCTURNA NIT DE LES ERMITES,2018-07-21,Sábado,14.0,trail running,Absoluta/General,183,130,Ibi,La Hoya de Alcoy,Alicante,0,1042,SENDERISTA,Comunidad Valenciana
mychip,II Milla ciutat de Xàtiva i 8k,2018-07-15,Domingo,1.609,road running,Absoluta/General,8,14,Játiva,La Costera,Valencia,0,1057,Milla ÉLITE,Comunidad Valenciana
mychip,II Milla ciutat de Xàtiva i 8k,2018-07-15,Domingo,1.609,road running,Absoluta/General,9,37,Játiva,La Costera,Valencia,0,1057,Milla Popular,Comunidad Valenciana
mychip,II Milla ciutat de Xàtiva i 8k,2018-07-15,Domingo,8.0,road running,Absoluta/General,45,163,Játiva,La Costera,Valencia,0,1057,8k,Comunidad Valenciana
mychip,II Milla ciutat de Xàtiva i 8k,2018-07-15,Domingo,9.609,road running,Absoluta/General,0,0,Játiva,La Costera,Valencia,0,1057,Milla + 8k,Comunidad Valenciana
mychip,"10k Nocturno Oropesa del Mar, CIRCUIT DIPUTACIÓ DE CASTELLÓ",2018-07-14,Sábado,10.0,road running,Absoluta/General,90,313,Oropesa del Mar,Plana Alta,Castellón,0,1085,10KN,Comunidad Valenciana
mychip,Anfibios Trail Sumacarcer,2018-07-14,Sábado,1.2,trail running,Absoluta/General,0,0,Sumacárcel,La Ribera Alta,Valencia,0,1120,ANFIBIOS,Comunidad Valenciana
mychip,"VIII Travesía Valle de Iruelas, 4ª etapa de la IV Copa de España de Aguas Abiertas RFEN - Circuito LIBERBANK ""Somos Deporte +""",2018-07-01,Domingo,5.5,Otros,Absoluta/General,122,387,El Tiemblo,,Ávila,0,1074,Prueba larga,Castilla y León
mychip,"VIII Travesía Valle de Iruelas, 4ª etapa de la IV Copa de España de Aguas Abiertas RFEN - Circuito LIBERBANK ""Somos Deporte +""",2018-07-01,Domingo,0.8,Otros,Absoluta/General,77,114,El Tiemblo,,Ávila,0,1074,Prueba corta,Castilla y León
mychip,"VIII Travesía Valle de Iruelas, 4ª etapa de la IV Copa de España de Aguas Abiertas RFEN - Circuito LIBERBANK ""Somos Deporte +""",2018-07-01,Domingo,0.0,Otros,Absoluta/General,0,0,El Tiemblo,,Ávila,0,1074,lista espera prueba larga,Castilla y León
mychip,"PUJADA AL REFUGI DELS ESBARZERETS 2018,  IBI",2018-07-01,Domingo,16.0,trail running,Absoluta/General,0,0,Ibi,La Hoya de Alcoy,Alicante,0,1119,Carrera,Comunidad Valenciana
mychip,"PUJADA AL REFUGI DELS ESBARZERETS 2018,  IBI",2018-07-01,Domingo,16.0,trail running,Absoluta/General,0,0,Ibi,La Hoya de Alcoy,Alicante,0,1119,Sender,Comunidad Valenciana
mychip,II ANFIBIOS TRAIL ANNA,2018-06-30,Sábado,0.009,trail running,Absoluta/General,0,0,Anna,La Canal de Navarrés,Valencia,0,1080,9K,Comunidad Valenciana
mychip,"10k Nocturno Platges de Moncofa, CIRCUIT DIPUTACIÓ DE CASTELLÓ",2018-06-30,Sábado,10.0,road running,Absoluta/General,52,245,Moncófar,Plana Baja,Castellón,0,1084,10KN,Comunidad Valenciana
mychip,I Carrera i Marxa nocturna  nit màgica de Sant  Joan,2018-06-23,Sábado,9.0,road running,Absoluta/General,22,42,Sumacárcel,La Ribera Alta,Valencia,0,1109,Carrera 9k,Comunidad Valenciana
mychip,I Carrera i Marxa nocturna  nit màgica de Sant  Joan,2018-06-23,Sábado,5.0,road running,Absoluta/General,96,67,Sumacárcel,La Ribera Alta,Valencia,0,1109,Sender 5k,Comunidad Valenciana
mychip,XXXII Volta a peu a Almussafes,2018-06-23,Sábado,10.0,road running,Absoluta/General,68,397,Almussafes,La Ribera Baja,Valencia,0,1127,10K,Comunidad Valenciana
mychip,MaratoNocturno Amanece x Chiva,2018-06-22,Viernes,0.05,trail running,Absoluta/General,0,0,Chiva,La Hoya de Buñol,Valencia,0,1078,MaratoNocturna Amanece x Chiva,Comunidad Valenciana
mychip,MaratoNocturno Amanece x Chiva,2018-06-22,Viernes,0.028,trail running,Absoluta/General,0,0,Chiva,La Hoya de Buñol,Valencia,0,1078,Trail Nocturno Chiva,Comunidad Valenciana
mychip,"MABO 2018- Campeonato de España de Carreras por Montaña FEDME ""Gran premio Tuga""",2018-06-10,Domingo,42.0,trail running,Absoluta/General,83,261,Borriol,Plana Alta,Castellón,0,1032,42k Mabo,Comunidad Valenciana
mychip,"MABO 2018- Campeonato de España de Carreras por Montaña FEDME ""Gran premio Tuga""",2018-06-10,Domingo,21.0,trail running,Absoluta/General,26,151,Borriol,Plana Alta,Castellón,0,1032,21k Mabo,Comunidad Valenciana
mychip,"MABO 2018- Campeonato de España de Carreras por Montaña FEDME ""Gran premio Tuga""",2018-06-10,Domingo,14.0,trail running,Cadete/Juvenil,15,32,Borriol,Plana Alta,Castellón,0,1032,Cadete,Comunidad Valenciana
mychip,"MABO 2018- Campeonato de España de Carreras por Montaña FEDME ""Gran premio Tuga""",2018-06-10,Domingo,21.0,trail running,Absoluta/General,2,17,Borriol,Plana Alta,Castellón,0,1032,Copa de España Ciegos,Comunidad Valenciana
mychip,"MABO 2018- Campeonato de España de Carreras por Montaña FEDME ""Gran premio Tuga""",2018-06-10,Domingo,21.0,trail running,Cadete/Juvenil,18,44,Borriol,Plana Alta,Castellón,0,1032,Junior,Comunidad Valenciana
mychip,CARRERA NOCTURNA ARANJUEZ 2018,2018-06-09,Sábado,10.0,road running,Absoluta/General,0,0,Aranjuez,,Comunidad de Madrid,0,1068,10k Nocturno,Comunidad de Madrid
mychip,CARRERA DEL ÁRBOL 5 KM,2018-06-03,Domingo,5.0,road running,Absoluta/General,0,0,Madrid,,Comunidad de Madrid,0,1093,CARRERA POPULAR,Comunidad de Madrid
mychip,Trail Nocturn Camins de Cabres 2018,2018-06-02,Sábado,45.0,trail running,Absoluta/General,2,62,Liria,El Campo de Turia,Valencia,0,972,45k,Comunidad Valenciana
mychip,Trail Nocturn Camins de Cabres 2018,2018-06-02,Sábado,23.0,trail running,Absoluta/General,20,176,Liria,El Campo de Turia,Valencia,0,972,23k,Comunidad Valenciana
mychip,VII Cursa per Muntanya les Xosses de Crevillent,2018-06-02,Sábado,14.5,trail running,Absoluta/General,84,315,Crevillente,El Bajo Vinalopó,Alicante,0,1058,Trail,Comunidad Valenciana
mychip,VII Cursa per Muntanya les Xosses de Crevillent,2018-06-02,Sábado,14.5,trail running,Absoluta/General,135,130,Crevillente,El Bajo Vinalopó,Alicante,0,1058,Sender,Comunidad Valenciana
mychip,VII Cursa per Muntanya les Xosses de Crevillent,2018-06-02,Sábado,0.54,trail running,Absoluta/General,6,5,Crevillente,El Bajo Vinalopó,Alicante,0,1058,Kids,Comunidad Valenciana
mychip,"3er Trail X Ellas, Benidorm",2018-05-27,Domingo,7.3,trail running,Absoluta/General,42,72,Benidorm,La Marina Baja,Alicante,0,1082,Trail 7k,Comunidad Valenciana
mychip,"3er Trail X Ellas, Benidorm",2018-05-27,Domingo,7.3,trail running,Absoluta/General,50,19,Benidorm,La Marina Baja,Alicante,0,1082,Marcha Senderista,Comunidad Valenciana
mychip,"3er Trail X Ellas, Benidorm",2018-05-27,Domingo,1.0,trail running,Absoluta/General,0,0,Benidorm,La Marina Baja,Alicante,0,1082,Mini trail,Comunidad Valenciana
mychip,40 Trotada i 3ª marcha mediambiental Crevillent - Platja del Pinet,2018-05-27,Domingo,26.7,road running,Absoluta/General,0,0,Crevillente,El Bajo Vinalopó,Alicante,0,1114,Trotada,Comunidad Valenciana
mychip,40 Trotada i 3ª marcha mediambiental Crevillent - Platja del Pinet,2018-05-27,Domingo,26.7,road running,Absoluta/General,0,0,Crevillente,El Bajo Vinalopó,Alicante,0,1114,Marxa,Comunidad Valenciana
mychip,37ena Volta al Terme De Fondeguilla,2018-05-26,Sábado,34.5,trail running,Absoluta/General,31,242,Alfondeguilla,Plana Baja,Castellón,0,1073,Absoluta,Comunidad Valenciana
mychip,37ena Volta al Terme De Fondeguilla,2018-05-26,Sábado,14.0,trail running,Cadete/Juvenil,0,2,Alfondeguilla,Plana Baja,Castellón,0,1073,Cadete/Junior,Comunidad Valenciana
mychip,XII CARRERA DE LA MUJER CONTRA LA VIOLENCIA DE GÉNERO,2018-05-26,Sábado,5.0,road running,Absoluta/General,227,1,Mataelpino,,Madrid,0,1077,Femenina,Madrid
mychip,XII CARRERA DE LA MUJER CONTRA LA VIOLENCIA DE GÉNERO,2018-05-26,Sábado,5.0,road running,Absoluta/General,0,56,Mataelpino,,Madrid,0,1077,Masculina,Madrid
mychip,VII Media Maratón Villa de Aranjuez y 8km,2018-05-20,Domingo,21.097,road running,Absoluta/General,166,923,Aranjuez,,Comunidad de Madrid,0,1018,Media Maratón,Comunidad de Madrid
mychip,VII Media Maratón Villa de Aranjuez y 8km,2018-05-20,Domingo,8.0,road running,Absoluta/General,223,276,Aranjuez,,Comunidad de Madrid,0,1018,Carrera 8km,Comunidad de Madrid
mychip,X Carrera de Montaña de Salinas 2018,2018-05-20,Domingo,15.0,trail running,Absoluta/General,36,133,Salinas,El Alto Vinalopó,Alicante,0,1091,CARRERA,Comunidad Valenciana
mychip,X Carrera de Montaña de Salinas 2018,2018-05-20,Domingo,5.0,trail running,Absoluta/General,32,16,Salinas,El Alto Vinalopó,Alicante,0,1091,MARCHA,Comunidad Valenciana
mychip,X Carrera de Montaña de Salinas 2018,2018-05-20,Domingo,15.0,trail running,Absoluta/General,0,0,Salinas,El Alto Vinalopó,Alicante,0,1091,"Carrera, (participante local)",Comunidad Valenciana
mychip,X Carrera de Montaña de Salinas 2018,2018-05-20,Domingo,5.0,trail running,Absoluta/General,0,0,Salinas,El Alto Vinalopó,Alicante,0,1091,"Marcha, (participante local)",Comunidad Valenciana
mychip,XX Edición Cross Xirivell - 2018,2018-05-20,Domingo,9.5,road running,Absoluta/General,8,54,Monóvar,El Vinalopó Medio,Alicante,0,1110,ABSOLUTA,Comunidad Valenciana
mychip,XX Edición Cross Xirivell - 2018,2018-05-20,Domingo,9.5,road running,Absoluta/General,27,23,Monóvar,El Vinalopó Medio,Alicante,0,1110,Marcha,Comunidad Valenciana
mychip,XX Edición Cross Xirivell - 2018,2018-05-20,Domingo,2.4,road running,Infantil,0,3,Monóvar,El Vinalopó Medio,Alicante,0,1110,De 14 a 15 años,Comunidad Valenciana
mychip,XX Edición Cross Xirivell - 2018,2018-05-20,Domingo,1.2,road running,Infantil,2,4,Monóvar,El Vinalopó Medio,Alicante,0,1110,De 11 a 13 años,Comunidad Valenciana
mychip,XX Edición Cross Xirivell - 2018,2018-05-20,Domingo,0.8,road running,Infantil,5,8,Monóvar,El Vinalopó Medio,Alicante,0,1110,De 8 a 10 años,Comunidad Valenciana
mychip,XX Edición Cross Xirivell - 2018,2018-05-20,Domingo,0.4,road running,Infantil,8,17,Monóvar,El Vinalopó Medio,Alicante,0,1110,Hasta 7 años,Comunidad Valenciana
mychip,II TRAIL MILLARES,2018-05-20,Domingo,24.0,trail running,Absoluta/General,0,0,Millares,La Canal de Navarrés,Valencia,0,1118,24k,Comunidad Valenciana
mychip,"Trail de Primavera, Confrides 2018",2018-05-19,Sábado,43.0,trail running,Absoluta/General,13,132,Confrides,La Marina Baja,Alicante,0,1048,"43k, Reto Serrella",Comunidad Valenciana
mychip,"Trail de Primavera, Confrides 2018",2018-05-19,Sábado,24.0,trail running,Absoluta/General,26,158,Confrides,La Marina Baja,Alicante,0,1048,"24k, Reto Serrella & Sender",Comunidad Valenciana
mychip,"Trail de Primavera, Confrides 2018",2018-05-19,Sábado,19.0,trail running,Absoluta/General,52,231,Confrides,La Marina Baja,Alicante,0,1048,"19k, Reto Aitana & Sender",Comunidad Valenciana
mychip,"I CURSA PER LA IGUALTAT, Tavernes de la Valldigna",2018-05-19,Sábado,6.0,road running,Absoluta/General,59,81,Tabernes de Valldigna,La Safor,Valencia,0,1092,6km,Comunidad Valenciana
mychip,"Trail Umbría la Plana, 2018",2018-05-13,Domingo,20.0,trail running,Absoluta/General,25,124,Enguera,La Canal de Navarrés,Valencia,0,999,"Trail 20,5k",Comunidad Valenciana
mychip,"Trail Umbría la Plana, 2018",2018-05-13,Domingo,1.0,trail running,Absoluta/General,40,143,Enguera,La Canal de Navarrés,Valencia,0,999,Speed Trail 12km,Comunidad Valenciana
mychip,"Trail Umbría la Plana, 2018",2018-05-13,Domingo,11.0,trail running,Absoluta/General,68,42,Enguera,La Canal de Navarrés,Valencia,0,999,Marcha Senderista,Comunidad Valenciana
mychip,Mediterranean Coast Challenge 2018,2018-05-13,Domingo,10.0,Otros,Elite,9,58,Altea,La Marina Baja,Alicante,0,1021,"10k, Pro",Comunidad Valenciana
mychip,Mediterranean Coast Challenge 2018,2018-05-13,Domingo,5.5,Otros,Absoluta/General,52,168,Altea,La Marina Baja,Alicante,0,1021,"5,5k  Mediterranean",Comunidad Valenciana
mychip,Mediterranean Coast Challenge 2018,2018-05-13,Domingo,2.0,Otros,Absoluta/General,86,111,Altea,La Marina Baja,Alicante,0,1021,"2k, Popular",Comunidad Valenciana
mychip,Mediterranean Coast Challenge 2018,2018-05-13,Domingo,0.5,Otros,Infantil,9,6,Altea,La Marina Baja,Alicante,0,1021,Mini (8 a 18 años),Comunidad Valenciana
mychip,Almenara Xtrem 2018,2018-05-06,Domingo,16.86,trail running,Absoluta/General,51,215,Almenara,Plana Baja,Castellón,0,1056,Xtrem Almenara,Comunidad Valenciana
mychip,VII Gran fons vistes d'Algimia,2018-05-06,Domingo,15.0,trail running,Absoluta/General,35,117,Algimia de Alfara,Campo de Murviedro,Valencia,0,1061,15k,Comunidad Valenciana
mychip,Medieval Xtrem Race Polop 2018,2018-05-06,Domingo,0.0,road running,Absoluta/General,0,0,Polop,La Marina Baja,Alicante,0,1064,default,Comunidad Valenciana
mychip,III TRAIL SUMACARCER,2018-05-06,Domingo,0.02,trail running,Absoluta/General,0,0,Sumacárcel,La Ribera Alta,Valencia,0,1079,20K,Comunidad Valenciana
mychip,III TRAIL SUMACARCER,2018-05-06,Domingo,0.011,trail running,Absoluta/General,0,0,Sumacárcel,La Ribera Alta,Valencia,0,1079,11K,Comunidad Valenciana
mychip,"Campionat Autonòmic de Marcha Nórdica, FEMECV  2018, Elx",2018-05-05,Sábado,14.0,Otros,Absoluta/General,0,0,Elche,El Bajo Vinalopó,Alicante,0,1111,Marcha Nórdica,Comunidad Valenciana
mychip,I CROSS NOCTURNO SALESIANO  CIUTAT D’ALCOI 2018 ,2018-05-04,Viernes,9.5,road running,Absoluta/General,126,174,Alcoy,La Hoya de Alcoy,Alicante,0,1054,Adultos 2004 y anteriores,Comunidad Valenciana
mychip,I CROSS NOCTURNO SALESIANO  CIUTAT D’ALCOI 2018 ,2018-05-04,Viernes,0.15,road running,Infantil,15,15,Alcoy,La Hoya de Alcoy,Alicante,0,1054,Pre-benjamín 2013-2015,Comunidad Valenciana
mychip,I CROSS NOCTURNO SALESIANO  CIUTAT D’ALCOI 2018 ,2018-05-04,Viernes,0.3,road running,Infantil,21,21,Alcoy,La Hoya de Alcoy,Alicante,0,1054,Benjamín  2011 -2012,Comunidad Valenciana
mychip,I CROSS NOCTURNO SALESIANO  CIUTAT D’ALCOI 2018 ,2018-05-04,Viernes,0.5,road running,Infantil,7,13,Alcoy,La Hoya de Alcoy,Alicante,0,1054,Benjamin 2009-2010,Comunidad Valenciana
mychip,I CROSS NOCTURNO SALESIANO  CIUTAT D’ALCOI 2018 ,2018-05-04,Viernes,0.8,road running,Infantil,15,35,Alcoy,La Hoya de Alcoy,Alicante,0,1054,Alevín 2007 - 2008,Comunidad Valenciana
mychip,I CROSS NOCTURNO SALESIANO  CIUTAT D’ALCOI 2018 ,2018-05-04,Viernes,1.2,road running,Infantil,8,18,Alcoy,La Hoya de Alcoy,Alicante,0,1054,Infantil 2005 - 2006,Comunidad Valenciana
mychip,I CROSS NOCTURNO SALESIANO  CIUTAT D’ALCOI 2018 ,2018-05-04,Viernes,0.0,road running,Otros,0,0,Alcoy,La Hoya de Alcoy,Alicante,0,1054,Dorsal 0,Comunidad Valenciana
mychip,IX MARCHA BTT MONTES DE NAVALÓN,2018-05-01,Martes,42.0,Ciclismo y btt,Absoluta/General,8,184,Enguera,La Canal de Navarrés,Valencia,0,1063,Marcha,Comunidad Valenciana
mychip,"Carrera y Marcha festera V Pujada Coto Memoria, 2018",2018-05-01,Martes,13.0,trail running,Absoluta/General,0,0,Crevillente,El Bajo Vinalopó,Alicante,0,1075,Carrera,Comunidad Valenciana
mychip,"Carrera y Marcha festera V Pujada Coto Memoria, 2018",2018-05-01,Martes,13.0,trail running,Absoluta/General,0,0,Crevillente,El Bajo Vinalopó,Alicante,0,1075,Sender,Comunidad Valenciana
mychip,Trail Senglars de Favara 2018,2018-04-29,Domingo,21.0,trail running,Absoluta/General,11,142,Favareta,La Ribera Baja,Valencia,0,1043,21k,Comunidad Valenciana
mychip,Trail Senglars de Favara 2018,2018-04-29,Domingo,10.0,trail running,Absoluta/General,43,104,Favareta,La Ribera Baja,Valencia,0,1043,10k,Comunidad Valenciana
mychip,Trail Senglars de Favara 2018,2018-04-29,Domingo,6.0,trail running,Absoluta/General,28,14,Favareta,La Ribera Baja,Valencia,0,1043,Sender,Comunidad Valenciana
mychip,"IX Ruta dels Corrals, Xeresa",2018-04-29,Domingo,12.0,Otros,Absoluta/General,0,0,Jeresa,La Safor,Valencia,0,1069,Sender,Comunidad Valenciana
mychip,"IX Ruta dels Corrals, Xeresa",2018-04-29,Domingo,12.0,Otros,Infantil,0,0,Jeresa,La Safor,Valencia,0,1069,Menor de 13 años,Comunidad Valenciana
mychip,"IX Ruta dels Corrals, Xeresa",2018-04-29,Domingo,12.0,Otros,Absoluta/General,0,0,Jeresa,La Safor,Valencia,0,1069,Soci Corresendes,Comunidad Valenciana
mychip,"III Prova Copa Marcha Nórdica, Femecv 2018, Xàtiva",2018-04-28,Sábado,16.7,Otros,Absoluta/General,19,36,Játiva,La Costera,Valencia,0,1071,Marcha Nórdica,Comunidad Valenciana
mychip,Trail les Creus,2018-04-22,Domingo,22.21,trail running,Absoluta/General,15,93,Tabernes de Valldigna,La Safor,Valencia,0,1023,Trail,Comunidad Valenciana
mychip,Trail les Creus,2018-04-22,Domingo,11.71,trail running,Absoluta/General,54,163,Tabernes de Valldigna,La Safor,Valencia,0,1023,Sprint trail,Comunidad Valenciana
mychip,Trail les Creus,2018-04-22,Domingo,10.0,trail running,Absoluta/General,55,36,Tabernes de Valldigna,La Safor,Valencia,0,1023,Marxa de regularitat,Comunidad Valenciana
mychip,"Campionat Autonòmic de Carrera  per muntanya, Samaruc 2.0, FEMECV 2018",2018-04-22,Domingo,27.5,trail running,Absoluta/General,23,78,Alfondeguilla,Plana Baja,Castellón,0,1067,ABSOLUTA,Comunidad Valenciana
mychip,"Campionat Autonòmic de Carrera  per muntanya, Samaruc 2.0, FEMECV 2018",2018-04-22,Domingo,12.0,trail running,Cadete/Juvenil,2,4,Alfondeguilla,Plana Baja,Castellón,0,1067,Cadete,Comunidad Valenciana
mychip,"Campionat Autonòmic de Carrera  per muntanya, Samaruc 2.0, FEMECV 2018",2018-04-22,Domingo,12.0,trail running,Cadete/Juvenil,2,14,Alfondeguilla,Plana Baja,Castellón,0,1067,Junior,Comunidad Valenciana
mychip,II TRAIL BENICADELL,2018-04-22,Domingo,42.0,trail running,Absoluta/General,0,0,Ráfol de Salem,La Vall d'Albaida,Valencia,0,1081,II TRAIL BENICADELL  42K  22K  13K,Comunidad Valenciana
mychip,"CAMPEONATO AUTONÓMICO DE ESCALADA EN BLOQUE, IBI, FEMECV 2018",2018-04-21,Sábado,0.0,Otros,Absoluta/General,0,0,Ibi,La Hoya de Alcoy,Alicante,0,1076,Absoluta,Comunidad Valenciana
mychip,"CAMPEONATO AUTONÓMICO DE ESCALADA EN BLOQUE, IBI, FEMECV 2018",2018-04-21,Sábado,0.0,Otros,Cadete/Juvenil,0,0,Ibi,La Hoya de Alcoy,Alicante,0,1076,SUB18 (16/17AÑOS),Comunidad Valenciana
mychip,"CAMPEONATO AUTONÓMICO DE ESCALADA EN BLOQUE, IBI, FEMECV 2018",2018-04-21,Sábado,0.0,Otros,Cadete/Juvenil,0,0,Ibi,La Hoya de Alcoy,Alicante,0,1076,SUB16 (12/15 AÑOS),Comunidad Valenciana
mychip,"CAMPEONATO AUTONÓMICO DE ESCALADA EN BLOQUE, IBI, FEMECV 2018",2018-04-21,Sábado,0.0,Otros,Infantil,0,0,Ibi,La Hoya de Alcoy,Alicante,0,1076,SUB12 (9/11 AÑOS),Comunidad Valenciana
mychip,"CAMPEONATO AUTONÓMICO DE ESCALADA EN BLOQUE, IBI, FEMECV 2018",2018-04-21,Sábado,0.0,Otros,Infantil,0,0,Ibi,La Hoya de Alcoy,Alicante,0,1076,SUB9 (6/8 AÑOS),Comunidad Valenciana
mychip,"III MABU, Marató Buscarró",2018-04-15,Domingo,44.5,trail running,Absoluta/General,11,121,Barcheta,La Costera,Valencia,0,1003,"44,5K",Comunidad Valenciana
mychip,"III MABU, Marató Buscarró",2018-04-15,Domingo,26.0,trail running,Absoluta/General,11,50,Barcheta,La Costera,Valencia,0,1003,26K,Comunidad Valenciana
mychip,"Campeonato Autonómico de Kilómetro Vertical Puig Campana, FEMECV 2018",2018-04-15,Domingo,3.65,trail running,Absoluta/General,24,90,Finestrat,La Marina Baja,Alicante,0,1050,KV Absoluta,Comunidad Valenciana
mychip,"Campeonato Autonómico de Kilómetro Vertical Puig Campana, FEMECV 2018",2018-04-15,Domingo,3.65,trail running,Cadete/Juvenil,1,1,Finestrat,La Marina Baja,Alicante,0,1050,KV Cadete,Comunidad Valenciana
mychip,"Campeonato Autonómico de Kilómetro Vertical Puig Campana, FEMECV 2018",2018-04-15,Domingo,3.65,trail running,Cadete/Juvenil,1,5,Finestrat,La Marina Baja,Alicante,0,1050,KV Junior,Comunidad Valenciana
mychip,"Callosa Extreme, Media Extreme",2018-04-15,Domingo,22.0,trail running,Absoluta/General,1,39,Callosa de Segura,,Alicante,0,1066,22k,Comunidad Valenciana
mychip,"Callosa Extreme, Media Extreme",2018-04-15,Domingo,12.0,trail running,Absoluta/General,7,36,Callosa de Segura,,Alicante,0,1066,12K,Comunidad Valenciana
mychip,"10k solidaria La Salle, a beneficio de Aspromin y Proyde",2018-04-14,Sábado,10.0,road running,Absoluta/General,75,185,Alcoy,La Hoya de Alcoy,Alicante,0,924,10k,Comunidad Valenciana
mychip,"10k solidaria La Salle, a beneficio de Aspromin y Proyde",2018-04-14,Sábado,0.0,road running,Infantil,0,0,Alcoy,La Hoya de Alcoy,Alicante,0,924,Menores 0 a 13años,Comunidad Valenciana
mychip,"10k solidaria La Salle, a beneficio de Aspromin y Proyde",2018-04-14,Sábado,0.0,road running,Otros,0,0,Alcoy,La Hoya de Alcoy,Alicante,0,924,Dorsal 0 (aportación 5€ solidarios),Comunidad Valenciana
mychip,"Campament Territorial de València, La Font d'En Carròs, Femecv 2018",2018-04-14,Sábado,0.0,Otros,Absoluta/General,0,0,Fuente Encarroz,La Safor,Valencia,0,1072,Excursió dia 15,Comunidad Valenciana
mychip,TRAIL MONTES DE NAVALÓN 2018,2018-04-08,Domingo,30.0,trail running,Absoluta/General,3,53,Enguera,La Canal de Navarrés,Valencia,0,1052,"30k, Trail",Comunidad Valenciana
mychip,TRAIL MONTES DE NAVALÓN 2018,2018-04-08,Domingo,13.0,trail running,Absoluta/General,18,75,Enguera,La Canal de Navarrés,Valencia,0,1052,"15,5k Carrera Rápida",Comunidad Valenciana
mychip,TRAIL MONTES DE NAVALÓN 2018,2018-04-08,Domingo,10.0,trail running,Absoluta/General,35,24,Enguera,La Canal de Navarrés,Valencia,0,1052,Marcha Senderista,Comunidad Valenciana
mychip,TRAIL MONTES DE NAVALÓN 2018,2018-04-08,Domingo,10.0,trail running,Absoluta/General,3,9,Enguera,La Canal de Navarrés,Valencia,0,1052,Canicross,Comunidad Valenciana
mychip,DESAFÍO LURBEL MOUNTAIN FESTIVAL 2018,2018-04-07,Sábado,74.0,trail running,Absoluta/General,6,158,Yeste,,Castilla-La Mancha,0,930,BTT 70K (8/4),Castilla-La Mancha
mychip,DESAFÍO LURBEL MOUNTAIN FESTIVAL 2018,2018-04-07,Sábado,48.0,trail running,Absoluta/General,4,93,Yeste,,Castilla-La Mancha,0,930,48k Trail (7/4),Castilla-La Mancha
mychip,DESAFÍO LURBEL MOUNTAIN FESTIVAL 2018,2018-04-07,Sábado,25.0,trail running,Absoluta/General,37,130,Yeste,,Castilla-La Mancha,0,930,25k Trail (7/4),Castilla-La Mancha
mychip,DESAFÍO LURBEL MOUNTAIN FESTIVAL 2018,2018-04-07,Sábado,10.7,trail running,Absoluta/General,61,31,Yeste,,Castilla-La Mancha,0,930,"Sender 10,7k (7/4)",Castilla-La Mancha
mychip,DESAFÍO LURBEL MOUNTAIN FESTIVAL 2018,2018-04-07,Sábado,10.7,trail running,Absoluta/General,51,68,Yeste,,Castilla-La Mancha,0,930,"SPRINT TRAIL 10,7k (7/4)",Castilla-La Mancha
mychip,DESAFÍO LURBEL MOUNTAIN FESTIVAL 2018,2018-04-07,Sábado,25.0,trail running,Absoluta/General,11,25,Yeste,,Castilla-La Mancha,0,930,"Sender Extreme, 25k (7/4)",Castilla-La Mancha
mychip,DESAFÍO LURBEL MOUNTAIN FESTIVAL 2018,2018-04-07,Sábado,95.0,trail running,Absoluta/General,0,12,Yeste,,Castilla-La Mancha,0,930,BTTRAIL MINI (7/4 y 8/4),Castilla-La Mancha
mychip,DESAFÍO LURBEL MOUNTAIN FESTIVAL 2018,2018-04-07,Sábado,118.0,trail running,Absoluta/General,0,8,Yeste,,Castilla-La Mancha,0,930,BTTRAIL SUPER,Castilla-La Mancha
mychip,DESAFÍO LURBEL MOUNTAIN FESTIVAL 2018,2018-04-07,Sábado,95.0,trail running,Absoluta/General,4,18,Yeste,,Castilla-La Mancha,0,930,Combi Mini (7/4 y 8/4),Castilla-La Mancha
mychip,DESAFÍO LURBEL MOUNTAIN FESTIVAL 2018,2018-04-07,Sábado,118.0,trail running,Absoluta/General,1,15,Yeste,,Castilla-La Mancha,0,930,Combi super (7/4 y 8/4),Castilla-La Mancha
mychip,DESAFÍO LURBEL MOUNTAIN FESTIVAL 2018,2018-04-07,Sábado,0.0,trail running,Absoluta/General,0,0,Yeste,,Castilla-La Mancha,0,930,People Sapiens,Castilla-La Mancha
mychip,"I Prueba Copa Escalada en Bloque, Serra, FEMECV 2018",2018-04-07,Sábado,0.0,Otros,Absoluta/General,0,0,Serra,El Campo de Turia,Valencia,0,1062,Absoluta,Comunidad Valenciana
mychip,"I Prueba Copa Escalada en Bloque, Serra, FEMECV 2018",2018-04-07,Sábado,0.0,Otros,Cadete/Juvenil,0,0,Serra,El Campo de Turia,Valencia,0,1062,SUB18 (16/17AÑOS),Comunidad Valenciana
mychip,"I Prueba Copa Escalada en Bloque, Serra, FEMECV 2018",2018-04-07,Sábado,0.0,Otros,Cadete/Juvenil,0,0,Serra,El Campo de Turia,Valencia,0,1062,SUB16 (12/15 AÑOS),Comunidad Valenciana
mychip,"I Prueba Copa Escalada en Bloque, Serra, FEMECV 2018",2018-04-07,Sábado,0.0,Otros,Infantil,0,0,Serra,El Campo de Turia,Valencia,0,1062,SUB12 (9/11 AÑOS),Comunidad Valenciana
mychip,"I Prueba Copa Escalada en Bloque, Serra, FEMECV 2018",2018-04-07,Sábado,0.0,Otros,Infantil,0,0,Serra,El Campo de Turia,Valencia,0,1062,SUB9 (6/8 AÑOS),Comunidad Valenciana
mychip,"II Arrapapedres, Vall de Gallinera",2018-03-25,Domingo,28.0,trail running,Absoluta/General,29,236,la Vall de Gallinera,La Marina Alta,Alicante,0,961,Trail 28k,Comunidad Valenciana
mychip,"II Arrapapedres, Vall de Gallinera",2018-03-25,Domingo,14.0,trail running,Absoluta/General,56,43,la Vall de Gallinera,La Marina Alta,Alicante,0,961,Sender 14k,Comunidad Valenciana
mychip,"II Arrapapedres, Vall de Gallinera",2018-03-25,Domingo,14.0,trail running,Absoluta/General,56,126,la Vall de Gallinera,La Marina Alta,Alicante,0,961,Trail 14k,Comunidad Valenciana
mychip, I Carrera-Caminada Solidària Mou-te per Elles,2018-03-24,Sábado,5.0,road running,Absoluta/General,0,0,Albalat de la Ribera,La Ribera Baja,Valencia,0,1015,Carrera 5k,Comunidad Valenciana
mychip, I Carrera-Caminada Solidària Mou-te per Elles,2018-03-24,Sábado,3.5,road running,Absoluta/General,0,0,Albalat de la Ribera,La Ribera Baja,Valencia,0,1015,Caminada,Comunidad Valenciana
mychip, I Carrera-Caminada Solidària Mou-te per Elles,2018-03-24,Sábado,0.0,road running,Otros,0,0,Albalat de la Ribera,La Ribera Baja,Valencia,0,1015,Dorsal 0 (aportació 4€ solidaris),Comunidad Valenciana
mychip,V Volta a peu 7k Tavernes de la Valldigna,2018-03-24,Sábado,7.0,road running,Absoluta/General,40,147,Tabernes de Valldigna,La Safor,Valencia,0,1030,7k,Comunidad Valenciana
mychip,"Campionat Autonòmic de Carrera Vertical, Villena, FEMECV 2018",2018-03-24,Sábado,3.003,trail running,Absoluta/General,21,58,Villena,El Alto Vinalopó,Alicante,0,1060,ABSOLUTA,Comunidad Valenciana
mychip,"Campionat Autonòmic de Carrera Vertical, Villena, FEMECV 2018",2018-03-24,Sábado,3.003,trail running,Cadete/Juvenil,1,1,Villena,El Alto Vinalopó,Alicante,0,1060,Cadete,Comunidad Valenciana
mychip,"Campionat Autonòmic de Carrera Vertical, Villena, FEMECV 2018",2018-03-24,Sábado,3.003,trail running,Cadete/Juvenil,2,6,Villena,El Alto Vinalopó,Alicante,0,1060,Junior,Comunidad Valenciana
mychip,X MILLAS COSTA BLANCA,2018-03-17,Sábado,16.5,road running,Absoluta/General,0,0,Alfaz del Pi,La Marina Baja,Alicante,0,1041,X millas,Comunidad Valenciana
mychip,V TRAIL RÓTOVA. SENDERS DE LA VALL DEL VERNISA,2018-03-11,Domingo,15.0,trail running,Absoluta/General,22,89,Rótova,La Safor,Valencia,0,989,TRAIL,Comunidad Valenciana
mychip,V TRAIL RÓTOVA. SENDERS DE LA VALL DEL VERNISA,2018-03-11,Domingo,8.0,trail running,Absoluta/General,33,34,Rótova,La Safor,Valencia,0,989,MARCHA,Comunidad Valenciana
mychip,III PERIMETRAIL RETT A LA SERRA VERNISSA,2018-03-11,Domingo,22.0,trail running,Absoluta/General,0,0,Játiva,La Costera,Valencia,0,1024,TRAIL,Comunidad Valenciana
mychip,III PERIMETRAIL RETT A LA SERRA VERNISSA,2018-03-11,Domingo,12.0,trail running,Absoluta/General,0,0,Játiva,La Costera,Valencia,0,1024,SPRINT,Comunidad Valenciana
mychip,III PERIMETRAIL RETT A LA SERRA VERNISSA,2018-03-11,Domingo,8.0,trail running,Absoluta/General,0,0,Játiva,La Costera,Valencia,0,1024,MARCHA SENDERISTA,Comunidad Valenciana
mychip,III PERIMETRAIL RETT A LA SERRA VERNISSA,2018-03-11,Domingo,8.0,trail running,Absoluta/General,0,0,Játiva,La Costera,Valencia,0,1024,CANICROS,Comunidad Valenciana
mychip,II MARCHA CICLOTURISTA TOUS,2018-03-11,Domingo,0.001,Ciclismo y btt,Absoluta/General,0,0,Tous,La Ribera Alta,Valencia,0,1027,Cicloturista,Comunidad Valenciana
mychip,IV Marató de la Calderona,2018-03-11,Domingo,43.0,trail running,Absoluta/General,0,0,Serra,El Campo de Turia,Valencia,0,1034,43k,Comunidad Valenciana
mychip,IV Marató de la Calderona,2018-03-11,Domingo,20.5,trail running,Absoluta/General,0,0,Serra,El Campo de Turia,Valencia,0,1034,20k,Comunidad Valenciana
mychip,"III Volta a peu i Marxa 5k per a tota la familia, Puçol",2018-03-11,Domingo,5.0,road running,Absoluta/General,0,0,Puzol,Huerta Norte,Valencia,0,1047,5k,Comunidad Valenciana
mychip,IX CARRERA DE LOS ARBOLES Y CASTILLOS,2018-03-10,Sábado,0.183,road running,Absoluta/General,0,0,,,,0,1046,Arboles y castillos,
mychip,"VIII MIMAMUCA, IV MAMUCA",2018-03-04,Domingo,42.0,trail running,Absoluta/General,12,216,Carrícola,La Vall d'Albaida,Valencia,0,1007,MAMUCA,Comunidad Valenciana
mychip,"VIII MIMAMUCA, IV MAMUCA",2018-03-04,Domingo,21.0,trail running,Absoluta/General,79,337,Carrícola,La Vall d'Albaida,Valencia,0,1007,MIMAMUCA,Comunidad Valenciana
mychip,VII Perimetral a Benissa / Trail 42-73 km,2018-03-03,Sábado,73.0,trail running,Absoluta/General,7,112,Benisa,La Marina Alta,Alicante,0,1004,"73K, Ultra",Comunidad Valenciana
mychip,VII Perimetral a Benissa / Trail 42-73 km,2018-03-03,Sábado,42.0,trail running,Absoluta/General,11,150,Benisa,La Marina Alta,Alicante,0,1004,"42k, Maratón",Comunidad Valenciana
mychip,"4a Prueba del campeonato liga de carrera por montaña, Benissa, Femecv 2018",2018-03-03,Sábado,23.0,trail running,Absoluta/General,40,165,Benisa,La Marina Alta,Alicante,0,1012,Carrera por Montaña,Comunidad Valenciana
mychip,"4a Prueba del campeonato liga de carrera por montaña, Benissa, Femecv 2018",2018-03-03,Sábado,14.0,trail running,Cadete/Juvenil,2,4,Benisa,La Marina Alta,Alicante,0,1012,Cadete,Comunidad Valenciana
mychip,"4a Prueba del campeonato liga de carrera por montaña, Benissa, Femecv 2018",2018-03-03,Sábado,14.0,trail running,Cadete/Juvenil,4,15,Benisa,La Marina Alta,Alicante,0,1012,Junior,Comunidad Valenciana
mychip,"IV Corre-Cross de la Dona, Picanya",2018-03-02,Viernes,3.0,road running,Absoluta/General,0,0,Picaña,Huerta Sur,Valencia,0,1051,3k Femenino,Comunidad Valenciana
mychip,"Tes y Utes, Espadan Trail Events, 2018",2018-02-24,Sábado,106.0,trail running,Absoluta/General,5,62,Vall de Uxó,Plana Baja,Castellón,0,953,UTES,Comunidad Valenciana
mychip,"Tes y Utes, Espadan Trail Events, 2018",2018-02-24,Sábado,60.0,trail running,Absoluta/General,9,111,Vall de Uxó,Plana Baja,Castellón,0,953,TES,Comunidad Valenciana
mychip,"Tes y Utes, Espadan Trail Events, 2018",2018-02-24,Sábado,17.0,trail running,Absoluta/General,14,82,Vall de Uxó,Plana Baja,Castellón,0,953,C17ES,Comunidad Valenciana
mychip,VERTICAL La Sarga,2018-02-24,Sábado,0.0,road running,Absoluta/General,0,0,Villaverde de Guadalimar,,Castilla-La Mancha,0,1019,default,Castilla-La Mancha
mychip,"II Prova de la Copa de Marxa Nòrdica, Algemesí, FEMECV 2018",2018-02-24,Sábado,13.0,Otros,Absoluta/General,20,40,Algemesí,La Ribera Alta,Valencia,0,1045,Marcha Nórdica,Comunidad Valenciana
mychip,GDP - SERRA DE SEGARIA,2018-02-18,Domingo,19.0,trail running,Absoluta/General,0,0,Ondara,La Marina Alta,Alicante,0,970,GDP 8.0 CORRE19,Comunidad Valenciana
mychip,X Edició Gran Fons de la Valldigna,2018-02-18,Domingo,15.0,road running,Absoluta/General,64,197,Tabernes de Valldigna,La Safor,Valencia,0,995,Gran Fons,Comunidad Valenciana
mychip,IV TOMACA TRAIL,2018-02-18,Domingo,21.0,trail running,Absoluta/General,6,75,Alginet,La Ribera Alta,Valencia,0,1002,21K,Comunidad Valenciana
mychip,IV TOMACA TRAIL,2018-02-18,Domingo,10.0,trail running,Absoluta/General,73,143,Alginet,La Ribera Alta,Valencia,0,1002,10K,Comunidad Valenciana
mychip,IV TOMACA TRAIL,2018-02-18,Domingo,10.0,trail running,Absoluta/General,82,37,Alginet,La Ribera Alta,Valencia,0,1002,Sender,Comunidad Valenciana
mychip,I MARCHA CICLOTURISTA MILLARES,2018-02-18,Domingo,0.001,Ciclismo y btt,Absoluta/General,0,0,Millares,La Canal de Navarrés,Valencia,0,1026,Cicloturista,Comunidad Valenciana
mychip,"Marcha integral Serra de Crevillente, 2018",2018-02-17,Sábado,49.5,trail running,Absoluta/General,0,0,Crevillente,El Bajo Vinalopó,Alicante,0,981,Integral,Comunidad Valenciana
mychip,"El Camí dels Bandolers, Senija, VI edició. 15km / 25km",2018-02-11,Domingo,25.0,trail running,Absoluta/General,15,113,Senija,La Marina Alta,Alicante,0,971,25K,Comunidad Valenciana
mychip,"El Camí dels Bandolers, Senija, VI edició. 15km / 25km",2018-02-11,Domingo,15.0,trail running,Absoluta/General,39,92,Senija,La Marina Alta,Alicante,0,971,15K ,Comunidad Valenciana
mychip,"El Camí dels Bandolers, Senija, VI edició. 15km / 25km",2018-02-11,Domingo,15.0,trail running,Absoluta/General,19,17,Senija,La Marina Alta,Alicante,0,971,Sender,Comunidad Valenciana
mychip,"2a  Prueba del campeonato liga de carrera por montaña, Vall D'uixó, Femecv 2018",2018-02-11,Domingo,25.0,trail running,Absoluta/General,45,164,Vall de Uxó,Plana Baja,Castellón,0,1011,Carrera por Montaña,Comunidad Valenciana
mychip,"2a  Prueba del campeonato liga de carrera por montaña, Vall D'uixó, Femecv 2018",2018-02-11,Domingo,10.5,trail running,Cadete/Juvenil,1,5,Vall de Uxó,Plana Baja,Castellón,0,1011,Cadete,Comunidad Valenciana
mychip,"2a  Prueba del campeonato liga de carrera por montaña, Vall D'uixó, Femecv 2018",2018-02-11,Domingo,10.5,trail running,Cadete/Juvenil,4,16,Vall de Uxó,Plana Baja,Castellón,0,1011,Junior,Comunidad Valenciana
mychip,"I Prueba copa Marcha Nórdica, Femecv 2018",2018-02-10,Sábado,11.7,Otros,Absoluta/General,30,62,Santa Pola,El Bajo Vinalopó,Alicante,0,1039,Marcha Nórdica,Comunidad Valenciana
mychip,CARRERA POPULAR SOLIDARIA MANOS UNIDAS ALZIRA 2018,2018-02-10,Sábado,6.0,road running,Absoluta/General,0,0,Alcira,La Ribera Alta,Valencia,0,1040,6km,Comunidad Valenciana
mychip,CARRERA POPULAR SOLIDARIA MANOS UNIDAS ALZIRA 2018,2018-02-10,Sábado,2.0,road running,Absoluta/General,0,0,Alcira,La Ribera Alta,Valencia,0,1040,2km,Comunidad Valenciana
mychip,"III Trail Volta al Pantá de Tibi, II Circuit Trail vall del Joguet",2018-02-04,Domingo,26.0,trail running,Absoluta/General,16,177,Tibi,La Hoya de Alcoy,Alicante,0,822,Trail 26k,Comunidad Valenciana
mychip,"III Trail Volta al Pantá de Tibi, II Circuit Trail vall del Joguet",2018-02-04,Domingo,17.0,trail running,Absoluta/General,0,0,Tibi,La Hoya de Alcoy,Alicante,0,822,Trail & Sender 17k,Comunidad Valenciana
mychip,II Trail Benissoda,2018-02-04,Domingo,15.0,trail running,Absoluta/General,29,156,Benisoda,La Vall d'Albaida,Valencia,0,996,Trail,Comunidad Valenciana
mychip,"XVI Medio Maratón y 10k ciudad de Oliva, Memorial Teodoro Barber Serra",2018-02-04,Domingo,21.097,road running,Absoluta/General,0,0,Oliva,La Safor,Valencia,0,1005,21K,Comunidad Valenciana
mychip,"XVI Medio Maratón y 10k ciudad de Oliva, Memorial Teodoro Barber Serra",2018-02-04,Domingo,10.0,road running,Absoluta/General,0,0,Oliva,La Safor,Valencia,0,1005,10k,Comunidad Valenciana
mychip,"54 Marcha de Veteranos de la Comunidad Valenciana, Crevillent, Femecv 2018",2018-02-04,Domingo,12.0,trail running,Absoluta/General,55,111,Crevillente,El Bajo Vinalopó,Alicante,0,1017,Marcha Senderista,Comunidad Valenciana
mychip,1º PUJA AL POBLE VELL DE TOUS,2018-02-04,Domingo,0.001,road running,Absoluta/General,0,0,Tous,La Ribera Alta,Valencia,0,1025,Pujada,Comunidad Valenciana
mychip,I CROSS CIUTAT de XÀTIVA. Campionat Provincial Escolar Individual i Equips,2018-02-04,Domingo,0.75,road running,Equipos,0,0,Játiva,La Costera,Valencia,0,1035,Benjamin,Comunidad Valenciana
mychip,I CROSS CIUTAT de XÀTIVA. Campionat Provincial Escolar Individual i Equips,2018-02-04,Domingo,0.75,road running,Equipos,0,0,Játiva,La Costera,Valencia,0,1035,Pre-Benjamin,Comunidad Valenciana
mychip,I CROSS CIUTAT de XÀTIVA. Campionat Provincial Escolar Individual i Equips,2018-02-04,Domingo,5.79,road running,Equipos,0,0,Játiva,La Costera,Valencia,0,1035,Cross Popular,Comunidad Valenciana
mychip,"1ª Prueba del campeonato liga de carrera por montaña, Crevillent.  Femecv 2018",2018-01-28,Domingo,21.5,trail running,Absoluta/General,45,234,Crevillente,El Bajo Vinalopó,Alicante,0,1009,Carrera por Montaña,Comunidad Valenciana
mychip,"1ª Prueba del campeonato liga de carrera por montaña, Crevillent.  Femecv 2018",2018-01-28,Domingo,10.7,trail running,Cadete/Juvenil,1,5,Crevillente,El Bajo Vinalopó,Alicante,0,1009,Cadete,Comunidad Valenciana
mychip,"1ª Prueba del campeonato liga de carrera por montaña, Crevillent.  Femecv 2018",2018-01-28,Domingo,10.7,trail running,Cadete/Juvenil,3,16,Crevillente,El Bajo Vinalopó,Alicante,0,1009,Junior,Comunidad Valenciana
mychip,III Trail Salto de Chella,2018-01-27,Sábado,17.0,trail running,Absoluta/General,14,107,Chella,La Canal de Navarrés,Valencia,0,976,Trail,Comunidad Valenciana
mychip,III Trail Salto de Chella,2018-01-27,Sábado,14.0,trail running,Absoluta/General,55,35,Chella,La Canal de Navarrés,Valencia,0,976,Sender,Comunidad Valenciana
mychip,"Jornada Marcha Nórdica, Deporte y Salud Valencia, Ciudad del Nordic Walking (26 y 27 de enero)",2018-01-27,Sábado,0.0,road running,Absoluta/General,0,0,Valencia,,Valencia,0,1001,Jornada Viernes y Taller Aire libre sábado,Comunidad Valenciana
mychip,"Jornada Marcha Nórdica, Deporte y Salud Valencia, Ciudad del Nordic Walking (26 y 27 de enero)",2018-01-27,Sábado,0.0,road running,Absoluta/General,0,0,Valencia,,Valencia,0,1001,Solo Jornada Viernes,Comunidad Valenciana
mychip,"Jornada Marcha Nórdica, Deporte y Salud Valencia, Ciudad del Nordic Walking (26 y 27 de enero)",2018-01-27,Sábado,10.0,road running,Absoluta/General,0,0,Valencia,,Valencia,0,1001,Solo Jornada sábado,Comunidad Valenciana
mychip,III Trail Ponoig,2018-01-21,Domingo,27.0,trail running,Absoluta/General,13,98,Polop,La Marina Baja,Alicante,0,951,27k,Comunidad Valenciana
mychip,III Trail Ponoig,2018-01-21,Domingo,16.0,trail running,Absoluta/General,25,86,Polop,La Marina Baja,Alicante,0,951,16k,Comunidad Valenciana
mychip,VII Carrera de La Mola,2018-01-21,Domingo,18.0,trail running,Absoluta/General,23,184,Novelda,El Vinalopó Medio,Alicante,0,978,Corredor,Comunidad Valenciana
mychip,VII Carrera de La Mola,2018-01-21,Domingo,18.0,trail running,Absoluta/General,99,115,Novelda,El Vinalopó Medio,Alicante,0,978,Senderista,Comunidad Valenciana
mychip,VII TRAIL-MARXA LA MALLÀ – SERRALADES DE BARXETA,2018-01-21,Domingo,21.3,trail running,Absoluta/General,46,336,Barcheta,La Costera,Valencia,0,980,"TRAIL, 21k",Comunidad Valenciana
mychip,VII TRAIL-MARXA LA MALLÀ – SERRALADES DE BARXETA,2018-01-21,Domingo,13.3,trail running,Absoluta/General,0,0,Barcheta,La Costera,Valencia,0,980,"SPRINT TRAIL, 13,3k",Comunidad Valenciana
mychip,VII TRAIL-MARXA LA MALLÀ – SERRALADES DE BARXETA,2018-01-21,Domingo,13.3,trail running,Absoluta/General,0,0,Barcheta,La Costera,Valencia,0,980,MARCHA SENDERISTA,Comunidad Valenciana
mychip,19e Día del Senderista de la Comunitat Valenciana,2018-01-21,Domingo,12.0,trail running,Absoluta/General,87,122,Sumacárcel,La Ribera Alta,Valencia,0,1022,Marcha Senderista,Comunidad Valenciana
mychip,Carrera X muntanya Serra Perenxisa,2018-01-14,Domingo,21.0,trail running,Absoluta/General,0,0,Torrente,Huerta Sur,Valencia,0,1000,21k,Comunidad Valenciana
mychip,XVIII Volta a peu a Xeraco,2018-01-06,Sábado,15.0,road running,Absoluta/General,87,381,Jaraco,La Safor,Valencia,0,997,15k,Comunidad Valenciana
mychip,XVIII Volta a peu a Xeraco,2018-01-06,Sábado,7.2,road running,Absoluta/General,67,120,Jaraco,La Safor,Valencia,0,997,7k,Comunidad Valenciana
mychip,XVIII Volta a peu a Xeraco,2018-01-06,Sábado,0.0,road running,Infantil,0,0,Jaraco,La Safor,Valencia,0,997,Menores,Comunidad Valenciana
mychip,"II Carrera del Roscón, Polop de la Marina",2018-01-06,Sábado,7.0,road running,Absoluta/General,14,39,Polop,La Marina Baja,Alicante,0,998,ABSOLUTA,Comunidad Valenciana
mychip,"II Carrera del Roscón, Polop de la Marina",2018-01-06,Sábado,0.1,road running,Infantil,0,0,Polop,La Marina Baja,Alicante,0,998,De 0 a 5 años,Comunidad Valenciana
mychip,"II Carrera del Roscón, Polop de la Marina",2018-01-06,Sábado,0.35,road running,Infantil,0,0,Polop,La Marina Baja,Alicante,0,998,De 5 a 8 años,Comunidad Valenciana
mychip,"II Carrera del Roscón, Polop de la Marina",2018-01-06,Sábado,0.8,road running,Infantil,0,0,Polop,La Marina Baja,Alicante,0,998,De 8 a 12 años,Comunidad Valenciana
mychip,XXXVI San Silvestre Toledana,2017-12-31,Domingo,8.0,road running,Absoluta/General,886,3183,Toledo,,Toledo,0,949,ABSOLUTA,Castilla-La Mancha
mychip,XXXVI San Silvestre Toledana,2017-12-31,Domingo,0.4,road running,Infantil,40,57,Toledo,,Toledo,0,949,De 0 a 5 años,Castilla-La Mancha
mychip,XXXVI San Silvestre Toledana,2017-12-31,Domingo,0.4,road running,Infantil,73,113,Toledo,,Toledo,0,949,De 6 a 9 años ,Castilla-La Mancha
mychip,XXXVI San Silvestre Toledana,2017-12-31,Domingo,0.8,road running,Infantil,43,59,Toledo,,Toledo,0,949,De 10  a 11 años ,Castilla-La Mancha
mychip,XXXVI San Silvestre Toledana,2017-12-31,Domingo,1.6,road running,Infantil,28,36,Toledo,,Toledo,0,949,De 12 a 13 años ,Castilla-La Mancha
mychip,XXXVI San Silvestre Toledana,2017-12-31,Domingo,1.6,road running,Infantil,10,27,Toledo,,Toledo,0,949,De 14 a 15 años ,Castilla-La Mancha
mychip,II SAN SILVESTRE TRAIL SUMACARCER,2017-12-31,Domingo,0.0,road running,Absoluta/General,0,0,Sumacárcel,La Ribera Alta,Valencia,0,979,default,Comunidad Valenciana
mychip,San Silvestre de Callosa 2017,2017-12-30,Sábado,4.0,road running,Absoluta/General,71,50,Callosa de Ensarriá,,Alicante,0,994,"4km, Popular",Valencia
mychip,San Silvestre de Callosa 2017,2017-12-30,Sábado,8.0,road running,Absoluta/General,10,48,Callosa de Ensarriá,,Alicante,0,994,"8km, Competitiva 2 vueltas",Valencia
mychip,San Silvestre de Callosa 2017,2017-12-30,Sábado,0.0,road running,Infantil,0,0,Callosa de Ensarriá,,Alicante,0,994,INFANTIL 0-9años (Gratuita),Valencia
mychip,Sant Silvestre ciutat d'Algemesí 2017,2017-12-30,Sábado,3.5,road running,Absoluta/General,0,0,Algemesí,La Ribera Alta,Valencia,0,1029,San Silvestre,Comunidad Valenciana
mychip,SAN SILVESTRE VILLA DE CALP 2017,2017-12-28,Jueves,3.25,road running,Absoluta/General,74,125,Calpe,La Marina Alta,Alicante,0,964,"Absoluta, 2003 y anteriores",Comunidad Valenciana
mychip,SAN SILVESTRE VILLA DE CALP 2017,2017-12-28,Jueves,1.65,road running,Cadete/Juvenil,28,28,Calpe,La Marina Alta,Alicante,0,964,"Promesa, 2004/2014",Comunidad Valenciana
mychip,San Silvestre Altea 2017,2017-12-27,Miércoles,3.8,road running,Infantil,37,133,Altea,La Marina Baja,Alicante,0,982,San Silvestre (16 años),Comunidad Valenciana
mychip,San Silvestre Altea 2017,2017-12-27,Miércoles,0.0,road running,Infantil,0,0,Altea,La Marina Baja,Alicante,0,982,Menores 0-15 años,Comunidad Valenciana
mychip,XXVIII San Silvestre Monovera,2017-12-24,Domingo,5.1,road running,Absoluta/General,73,275,Monóvar,El Vinalopó Medio,Alicante,0,977,ABSOLUTA,Comunidad Valenciana
mychip,XXVIII San Silvestre Monovera,2017-12-24,Domingo,1.4,road running,Infantil,8,23,Monóvar,El Vinalopó Medio,Alicante,0,977,De 11 a 13 años,Comunidad Valenciana
mychip,XXVIII San Silvestre Monovera,2017-12-24,Domingo,0.8,road running,Infantil,17,39,Monóvar,El Vinalopó Medio,Alicante,0,977,De 8 a 10 años,Comunidad Valenciana
mychip,XXVIII San Silvestre Monovera,2017-12-24,Domingo,0.4,road running,Infantil,28,45,Monóvar,El Vinalopó Medio,Alicante,0,977,Hasta 7 años,Comunidad Valenciana
mychip,XXXIV Carrera popular Villa de Aranjuez,2017-12-17,Domingo,10.0,road running,Absoluta/General,1348,3743,Aranjuez,,Comunidad de Madrid,0,954,10K,Comunidad de Madrid
mychip,XXXIV Carrera popular Villa de Aranjuez,2017-12-17,Domingo,1.7,road running,Cadete/Juvenil,0,0,Aranjuez,,Comunidad de Madrid,0,954,CADETE 2002/2003,Comunidad de Madrid
mychip,XXXIV Carrera popular Villa de Aranjuez,2017-12-17,Domingo,1.275,road running,Infantil,0,0,Aranjuez,,Comunidad de Madrid,0,954,INFANTIL 2004/2005,Comunidad de Madrid
mychip,XXXIV Carrera popular Villa de Aranjuez,2017-12-17,Domingo,0.85,road running,Infantil,0,0,Aranjuez,,Comunidad de Madrid,0,954,ALEVIN 2006/2007,Comunidad de Madrid
mychip,XXXIV Carrera popular Villa de Aranjuez,2017-12-17,Domingo,0.725,road running,Infantil,0,0,Aranjuez,,Comunidad de Madrid,0,954,BENJAMÍN 2008/2009,Comunidad de Madrid
mychip,XXXIV Carrera popular Villa de Aranjuez,2017-12-17,Domingo,0.425,road running,Absoluta/General,0,0,Aranjuez,,Comunidad de Madrid,0,954,RENACUAJO 2010/2012,Comunidad de Madrid
mychip,XXXIV Carrera popular Villa de Aranjuez,2017-12-17,Domingo,0.3,road running,Infantil,0,0,Aranjuez,,Comunidad de Madrid,0,954,CHUPETINES 2013/2017,Comunidad de Madrid
mychip,25a Mitja Marató Paiporta-Picanya,2017-12-17,Domingo,10.548,road running,Absoluta/General,171,352,Paiporta,Huerta Sur,Valencia,0,958,Quarta,Comunidad Valenciana
mychip,25a Mitja Marató Paiporta-Picanya,2017-12-17,Domingo,21.097,road running,Absoluta/General,72,618,Paiporta,Huerta Sur,Valencia,0,958,Mitja,Comunidad Valenciana
mychip,XIII Mitja Marató Serra d’Oltà,2017-12-17,Domingo,20.5,trail running,Absoluta/General,46,266,Calpe,La Marina Alta,Alicante,0,960,Cursa,Comunidad Valenciana
mychip,XIII Mitja Marató Serra d’Oltà,2017-12-17,Domingo,17.5,trail running,Absoluta/General,48,70,Calpe,La Marina Alta,Alicante,0,960,Marcha,Comunidad Valenciana
mychip,I MARCHA CICLOTURISTA DE L'OLLERIA,2017-12-09,Sábado,86.0,Ciclismo y btt,Absoluta/General,0,0,Ollería,La Vall d'Albaida,Valencia,0,925,MArcha,Comunidad Valenciana
mychip,"II Trail Pous de Neu, Circuit Trail vall del Joguet 2017",2017-12-03,Domingo,20.0,trail running,Absoluta/General,39,175,Ibi,La Hoya de Alcoy,Alicante,0,809,Trail,Comunidad Valenciana
mychip,"II Trail Pous de Neu, Circuit Trail vall del Joguet 2017",2017-12-03,Domingo,16.0,trail running,Absoluta/General,0,0,Ibi,La Hoya de Alcoy,Alicante,0,809,Sender,Comunidad Valenciana
mychip,VII MITJA MARATÓ UNIÓN ALCOYANA SEGUROS Y QUART DE MARATÓ,2017-12-03,Domingo,21.097,road running,Absoluta/General,23,289,Alcoy,La Hoya de Alcoy,Alicante,0,941,Media,Comunidad Valenciana
mychip,VII MITJA MARATÓ UNIÓN ALCOYANA SEGUROS Y QUART DE MARATÓ,2017-12-03,Domingo,10.548,road running,Absoluta/General,186,375,Alcoy,La Hoya de Alcoy,Alicante,0,941,Quarta,Comunidad Valenciana
mychip,VII MITJA MARATÓ UNIÓN ALCOYANA SEGUROS Y QUART DE MARATÓ,2017-12-03,Domingo,21.097,road running,Absoluta/General,0,0,Alcoy,La Hoya de Alcoy,Alicante,0,941,Relevos,Comunidad Valenciana
mychip,XIV Mitja Marató de Dénia i Quart de Marató,2017-12-03,Domingo,21.0,road running,Absoluta/General,45,233,Denia,La Marina Alta,Alicante,0,952,MITJA,Comunidad Valenciana
mychip,XIV Mitja Marató de Dénia i Quart de Marató,2017-12-03,Domingo,10.548,road running,Absoluta/General,75,175,Denia,La Marina Alta,Alicante,0,952,QUARTA,Comunidad Valenciana
mychip,"XVII MITJA MARATÓ SAMARUC 2017, ALGEMESÍ",2017-12-03,Domingo,21.097,road running,Absoluta/General,34,359,Algemesí,La Ribera Alta,Valencia,0,957,Media maratón,Comunidad Valenciana
mychip,"III Simat Trail Series. Esprint Vertical, Esprint Trail, Trail y Marxa Senderista.",2017-12-03,Domingo,19.0,trail running,Absoluta/General,17,83,Simat de Valldigna,La Safor,Valencia,0,959,Trail Penalva (19km),Comunidad Valenciana
mychip,"III Simat Trail Series. Esprint Vertical, Esprint Trail, Trail y Marxa Senderista.",2017-12-03,Domingo,1.46,trail running,Absoluta/General,7,17,Simat de Valldigna,La Safor,Valencia,0,959,"Sprint Vertikal (1,46km)",Comunidad Valenciana
mychip,"III Simat Trail Series. Esprint Vertical, Esprint Trail, Trail y Marxa Senderista.",2017-12-03,Domingo,13.7,trail running,Absoluta/General,48,29,Simat de Valldigna,La Safor,Valencia,0,959,"Marcha Senderista (13,7km)",Comunidad Valenciana
mychip,"III Simat Trail Series. Esprint Vertical, Esprint Trail, Trail y Marxa Senderista.",2017-12-03,Domingo,14.5,trail running,Absoluta/General,16,60,Simat de Valldigna,La Safor,Valencia,0,959,"Esprint trail (14,5k)",Comunidad Valenciana
mychip,VII Media Maratón de Montaña “Sierra de Peña Rubia”,2017-12-03,Domingo,23.7,trail running,Absoluta/General,0,0,Villena,El Alto Vinalopó,Alicante,0,974,Carrera larga,Comunidad Valenciana
mychip,VII Media Maratón de Montaña “Sierra de Peña Rubia”,2017-12-03,Domingo,9.0,trail running,Absoluta/General,0,0,Villena,El Alto Vinalopó,Alicante,0,974,Carrera corta,Comunidad Valenciana
mychip,VII Media Maratón de Montaña “Sierra de Peña Rubia”,2017-12-03,Domingo,9.0,trail running,Absoluta/General,0,0,Villena,El Alto Vinalopó,Alicante,0,974,Senderistas,Comunidad Valenciana
mychip,"II Matagigantes Trail Liétor, 2017",2017-12-03,Domingo,22.0,trail running,Absoluta/General,0,0,Liétor,,Castilla-La Mancha,0,975,Trail,Castilla-La Mancha
mychip,"II Matagigantes Trail Liétor, 2017",2017-12-03,Domingo,14.0,trail running,Absoluta/General,0,0,Liétor,,Castilla-La Mancha,0,975,Sprint Trail,Castilla-La Mancha
mychip,"II Matagigantes Trail Liétor, 2017",2017-12-03,Domingo,14.0,trail running,Absoluta/General,0,0,Liétor,,Castilla-La Mancha,0,975,Sender,Castilla-La Mancha
mychip,5e. Trail el Ventós,2017-11-26,Domingo,16.0,trail running,Absoluta/General,32,172,Agost,El Alacantí,Alicante,0,817,Trail,Comunidad Valenciana
mychip,5e. Trail el Ventós,2017-11-26,Domingo,8.0,trail running,Absoluta/General,16,13,Agost,El Alacantí,Alicante,0,817,Marcha Senderista,Comunidad Valenciana
mychip,"XII Marató per muntanya Marina Alta, III Cursa els Tres Tossals",2017-11-26,Domingo,42.0,trail running,Absoluta/General,4,66,Gata de Gorgos,La Marina Alta,Alicante,0,919,Maratón por Montaña,Comunidad Valenciana
mychip,"XII Marató per muntanya Marina Alta, III Cursa els Tres Tossals",2017-11-26,Domingo,22.0,trail running,Absoluta/General,28,150,Gata de Gorgos,La Marina Alta,Alicante,0,919,Media,Comunidad Valenciana
mychip,"XII Marató per muntanya Marina Alta, III Cursa els Tres Tossals",2017-11-26,Domingo,15.0,trail running,Absoluta/General,48,45,Gata de Gorgos,La Marina Alta,Alicante,0,919,Sender,Comunidad Valenciana
mychip,II TRAIL L'OLLERIA,2017-11-26,Domingo,23.0,trail running,Absoluta/General,0,0,Ollería,,Valencia,0,956,Trail,Valencia
mychip,XI Carrera por Montaña Villa de Azuebar (evento aplazado),2017-11-26,Domingo,20.0,trail running,Absoluta/General,0,0,Azuébar,El Alto Palancia,Castellón,0,966,Carrera por montaña,Comunidad Valenciana
mychip,Quedada Desafío Lurbel Exclusiva inscripciones GOLD 25/26Noviembre (inscritos hasta el 6/11/17),2017-11-25,Sábado,0.001,trail running,Absoluta/General,0,0,Yeste,,Castilla-La Mancha,0,988,Kedada Desafio Lurbel,Castilla-La Mancha
mychip,XII CARRERA POR MONTAÑA Y MARCHA A PIÉ SERRA DEL COTO,2017-11-19,Domingo,22.0,trail running,Absoluta/General,36,312,Monóvar,El Vinalopó Medio,Alicante,0,931,CARRERA,Comunidad Valenciana
mychip,XII CARRERA POR MONTAÑA Y MARCHA A PIÉ SERRA DEL COTO,2017-11-19,Domingo,22.0,trail running,Absoluta/General,57,111,Monóvar,El Vinalopó Medio,Alicante,0,931,MARCHA,Comunidad Valenciana
mychip,Mitja dels Dements d'Ain,2017-11-19,Domingo,21.0,trail running,Absoluta/General,27,137,Ahín,Plana Baja,Castellón,0,932,Mitja dels Dements d'Ain,Comunidad Valenciana
mychip,"I BUJERO TRAIL, III Circuito Desafios Trail Sierra del Segura",2017-11-19,Domingo,21.1,trail running,Absoluta/General,0,0,Molinicos,,Castilla-La Mancha,0,963,Trail,Castilla-La Mancha
mychip,"I BUJERO TRAIL, III Circuito Desafios Trail Sierra del Segura",2017-11-19,Domingo,13.3,trail running,Absoluta/General,0,0,Molinicos,,Castilla-La Mancha,0,963,Sprint Trail,Castilla-La Mancha
mychip,"I BUJERO TRAIL, III Circuito Desafios Trail Sierra del Segura",2017-11-19,Domingo,13.3,trail running,Absoluta/General,0,0,Molinicos,,Castilla-La Mancha,0,963,Sender,Castilla-La Mancha
mychip,"Campionat de Regularitat Comunitat Valenciana, Femecv",2017-11-19,Domingo,10.85,trail running,Absoluta/General,26,56,Tabernes de Valldigna,La Safor,Valencia,0,967,Marcha Senderista,Comunidad Valenciana
mychip,Marató dels Dements 2017,2017-11-18,Sábado,42.5,trail running,Absoluta/General,26,317,Eslida,Plana Baja,Castellón,0,901,Marató dels Dements,Comunidad Valenciana
mychip,Marató dels Dements 2017,2017-11-18,Sábado,21.0,trail running,Absoluta/General,30,127,Eslida,Plana Baja,Castellón,0,901,Mitja dels Dements d'Eslida,Comunidad Valenciana
mychip,"Cursa i Caminada solidària amb la lluita contra el Càncer, Montesa 2017",2017-11-12,Domingo,7.83,road running,Absoluta/General,16,48,Montesa,La Costera,Valencia,0,841,Carrera Popular,Comunidad Valenciana
mychip,II TRAIL JALANCE,2017-11-12,Domingo,24.0,trail running,Absoluta/General,0,0,Jalance,El Valle de Cofrentes-Ayora,Valencia,0,968,24K,Comunidad Valenciana
mychip,VI Gran Fons d'Ondara,2017-11-12,Domingo,15.0,road running,Absoluta/General,0,0,Ondara,La Marina Alta,Alicante,0,969,Gran Fons,Comunidad Valenciana
mychip,"GRAN FONS “FIRA D’ONTINYENT”,  IX CIRCUIT CAJAMAR DE CARRERES POPULARS DE LA VALL D’ALBAIDA",2017-11-11,Sábado,11.16,road running,Absoluta/General,77,291,Onteniente,La Vall d'Albaida,Valencia,0,861,Absoluta,Comunidad Valenciana
mychip,"VOLTA A PEU A ONTINYENT,  V CIRCUIT DE CATEGORIES INFANTILS DE LA VALL D’ALBAIDA",2017-11-11,Sábado,0.5,road running,Infantil,5,6,Onteniente,La Vall d'Albaida,Valencia,0,870,"Benjamín, 2008-2009",Comunidad Valenciana
mychip,"VOLTA A PEU A ONTINYENT,  V CIRCUIT DE CATEGORIES INFANTILS DE LA VALL D’ALBAIDA",2017-11-11,Sábado,1.0,road running,Infantil,3,4,Onteniente,La Vall d'Albaida,Valencia,0,870,"Alevín, 2006-2007",Comunidad Valenciana
mychip,"VOLTA A PEU A ONTINYENT,  V CIRCUIT DE CATEGORIES INFANTILS DE LA VALL D’ALBAIDA",2017-11-11,Sábado,1.5,road running,Infantil,9,7,Onteniente,La Vall d'Albaida,Valencia,0,870,"Infantil, 2003-2004-2005",Comunidad Valenciana
mychip,Costa Blanca Trails,2017-11-11,Sábado,102.0,trail running,Absoluta/General,7,106,Finestrat,La Marina Baja,Alicante,0,896,102k (11/11),Comunidad Valenciana
mychip,Costa Blanca Trails,2017-11-11,Sábado,65.0,trail running,Absoluta/General,11,132,Finestrat,La Marina Baja,Alicante,0,896,65k (11/11),Comunidad Valenciana
mychip,Costa Blanca Trails,2017-11-11,Sábado,40.0,trail running,Absoluta/General,31,289,Finestrat,La Marina Baja,Alicante,0,896,40k (11/11),Comunidad Valenciana
mychip,Costa Blanca Trails,2017-11-11,Sábado,18.0,trail running,Absoluta/General,83,213,Finestrat,La Marina Baja,Alicante,0,896,18k (11/11),Comunidad Valenciana
mychip,"V 10 K DE L’OLLERIA, V 10 K DE L’OLLERIA, IX CIRCUIT CAJAMAR DE CARRERES POPULARS DE LA VALL D’ALBAIDA",2017-11-05,Domingo,10.0,road running,Absoluta/General,69,263,Ollería,La Vall d'Albaida,Valencia,0,860,Absoluta,Comunidad Valenciana
mychip,"VOLTA A PEU A L’OLLERIA,  V CIRCUIT DE CATEGORIES INFANTILS DE LA VALL D’ALBAIDA",2017-11-05,Domingo,0.5,road running,Infantil,6,6,Ollería,La Vall d'Albaida,Valencia,0,869,"Benjamín, 2008-2009",Comunidad Valenciana
mychip,"VOLTA A PEU A L’OLLERIA,  V CIRCUIT DE CATEGORIES INFANTILS DE LA VALL D’ALBAIDA",2017-11-05,Domingo,1.0,road running,Infantil,4,5,Ollería,La Vall d'Albaida,Valencia,0,869,"Alevín, 2006-2007",Comunidad Valenciana
mychip,"VOLTA A PEU A L’OLLERIA,  V CIRCUIT DE CATEGORIES INFANTILS DE LA VALL D’ALBAIDA",2017-11-05,Domingo,1.5,road running,Infantil,9,8,Ollería,La Vall d'Albaida,Valencia,0,869,"Infantil, 2003-2004-2005",Comunidad Valenciana
mychip,IV PEÑARRUBIA TRAIL,2017-11-05,Domingo,20.0,trail running,Absoluta/General,0,0,Elche de la Sierra,,Castilla-La Mancha,0,962,Trail,Castilla-La Mancha
mychip,IV PEÑARRUBIA TRAIL,2017-11-05,Domingo,13.5,trail running,Absoluta/General,0,0,Elche de la Sierra,,Castilla-La Mancha,0,962,Sprint Trail,Castilla-La Mancha
mychip,IV PEÑARRUBIA TRAIL,2017-11-05,Domingo,13.5,trail running,Absoluta/General,0,0,Elche de la Sierra,,Castilla-La Mancha,0,962,Sender,Castilla-La Mancha
mychip,Trail de Montanejos 2017,2017-11-04,Sábado,55.0,trail running,Absoluta/General,40,245,Montanejos,El Alto Mijares,Castellón,0,903,"TDM 55k, (Sábado)",Comunidad Valenciana
mychip,Trail de Montanejos 2017,2017-11-04,Sábado,30.0,trail running,Absoluta/General,71,263,Montanejos,El Alto Mijares,Castellón,0,903,"TDM 30k, (Domingo)",Comunidad Valenciana
mychip,Trail de Montanejos 2017,2017-11-04,Sábado,15.0,trail running,Absoluta/General,128,215,Montanejos,El Alto Mijares,Castellón,0,903,"TDM 15k, (Sábado)",Comunidad Valenciana
mychip,"GR7 POR LA EPILEPSIA Corriendo senderos, construimos puentes.",2017-11-01,Miércoles,934.0,trail running,Absoluta/General,0,0,Onteniente,La Vall d'Albaida,Valencia,0,885,Km Solidario,Comunidad Valenciana
mychip,BENICATRAIL,2017-10-29,Domingo,21.0,trail running,Absoluta/General,0,0,Beniatjar,La Vall d'Albaida,Valencia,0,834,BENICATRAIL,Comunidad Valenciana
mychip,"Marcha Cicloturista La Ribera - Roquette, 2017",2017-10-28,Sábado,110.0,Ciclismo y btt,Absoluta/General,8,198,Benifayó,La Ribera Alta,Valencia,0,897,110k,Comunidad Valenciana
mychip,CARRERA DE LOS ARBOLES Y CASTILLOS,2017-10-28,Sábado,183.0,trail running,Equipos,0,0,,,Valencia,0,940,Inscripción equipos,Valencia
mychip,"XIII VOLTA A PEU PEL BENICADELL, IX CIRCUIT CAJAMAR DE CARRERES POPULARS DE LA VALL D’ALBAIDA",2017-10-22,Domingo,15.3,road running,Absoluta/General,57,237,Salem,La Vall d'Albaida,Valencia,0,859,Absoluta,Comunidad Valenciana
mychip,Bernia Challenge,2017-10-22,Domingo,27.0,trail running,Absoluta/General,13,113,Altea,La Marina Baja,Alicante,0,939,27km Trail,Comunidad Valenciana
mychip,Bernia Challenge,2017-10-22,Domingo,12.0,trail running,Absoluta/General,28,42,Altea,La Marina Baja,Alicante,0,939,12km Trail,Comunidad Valenciana
mychip,III TRAIL SELLENT,2017-10-22,Domingo,0.021,trail running,Absoluta/General,0,0,Sellent,La Ribera Alta,Valencia,0,955,Trail,Comunidad Valenciana
mychip,TERRITORI TOMBATOSSALS,2017-10-22,Domingo,41.35,trail running,Absoluta/General,4,51,Castellón de la Plana,Plana Alta,Castellón,0,973,Maratomba,Comunidad Valenciana
mychip,TERRITORI TOMBATOSSALS,2017-10-22,Domingo,21.0,trail running,Absoluta/General,32,223,Castellón de la Plana,Plana Alta,Castellón,0,973,Tombatossals,Comunidad Valenciana
mychip,TERRITORI TOMBATOSSALS,2017-10-22,Domingo,12.0,trail running,Absoluta/General,50,86,Castellón de la Plana,Plana Alta,Castellón,0,973,Minitomba,Comunidad Valenciana
mychip,"Campeonato Autonónico de Carrera por Montaña Kilómetro Vertical. Bèrnia, FEMECV 2017",2017-10-21,Sábado,4.9,trail running,Absoluta/General,18,70,Altea,La Marina Baja,Alicante,0,934,Carrera Vertical,Comunidad Valenciana
mychip,"Campeonato Autonónico de Carrera por Montaña Kilómetro Vertical. Bèrnia, FEMECV 2017",2017-10-21,Sábado,2.3,trail running,Cadete/Juvenil,1,2,Altea,La Marina Baja,Alicante,0,934,Cadete,Comunidad Valenciana
mychip,"Campeonato Autonónico de Carrera por Montaña Kilómetro Vertical. Bèrnia, FEMECV 2017",2017-10-21,Sábado,2.3,trail running,Cadete/Juvenil,1,6,Altea,La Marina Baja,Alicante,0,934,Junior,Comunidad Valenciana
mychip, ENCUENTRO AUTONOMICO DE MARCHA NORDICA COFRENTES 2017,2017-10-21,Sábado,10.0,trail running,Absoluta/General,0,0,Cofrentes,El Valle de Cofrentes-Ayora,Valencia,0,944,OPCION FIN SE SEMANA,Comunidad Valenciana
mychip, ENCUENTRO AUTONOMICO DE MARCHA NORDICA COFRENTES 2017,2017-10-21,Sábado,6.0,trail running,Absoluta/General,0,0,Cofrentes,El Valle de Cofrentes-Ayora,Valencia,0,944,SOLO DOMINGO,Comunidad Valenciana
mychip,"IV Volta a la Campana &  I Volta Sprint, Sueras",2017-10-15,Domingo,23.0,trail running,Absoluta/General,50,254,Sueras,Plana Baja,Castellón,0,933,Volta  23 km,Comunidad Valenciana
mychip,"IV Volta a la Campana &  I Volta Sprint, Sueras",2017-10-15,Domingo,11.2,trail running,Absoluta/General,57,105,Sueras,Plana Baja,Castellón,0,933,"Sprint 11,2km",Comunidad Valenciana
mychip,III Trail de Buñol,2017-10-15,Domingo,27.0,trail running,Absoluta/General,9,87,Buñol,La Hoya de Buñol,Valencia,0,943,27K,Comunidad Valenciana
mychip,III Trail de Buñol,2017-10-15,Domingo,13.5,trail running,Absoluta/General,32,117,Buñol,La Hoya de Buñol,Valencia,0,943,"13,5K",Comunidad Valenciana
mychip,II MITJA MARATÓ CALAMARDO MONCOFA,2017-10-09,Lunes,21.097,road running,Absoluta/General,62,309,Moncófar,Plana Baja,Castellón,0,926,Media maratón,Comunidad Valenciana
mychip,"Campofrio, Maratón y Media Maratón de Burgos 2017",2017-10-08,Domingo,42.0,road running,Absoluta/General,13,227,Burgos,,Burgos,0,707,Maratón,Castilla y León
mychip,"Campofrio, Maratón y Media Maratón de Burgos 2017",2017-10-08,Domingo,21.0,road running,Absoluta/General,99,611,Burgos,,Burgos,0,707,Media maratón,Castilla y León
mychip,"Campofrio, Maratón y Media Maratón de Burgos 2017",2017-10-08,Domingo,21.097,road running,Absoluta/General,2,16,Burgos,,Burgos,0,707,Hanbike,Castilla y León
mychip,"IV VOLTA POPULAR AIELO DE MALFERIT “MEMORIAL ESTANIS CASTELLÓ”,  IX CIRCUIT CAJAMAR DE CARRERES POPULARS DE LA VALL D’ALBAIDA",2017-10-08,Domingo,8.3,road running,Absoluta/General,63,253,Ayelo de Malferit,La Vall d'Albaida,Valencia,0,858,Absoluta,Comunidad Valenciana
mychip,"VOLTA A PEU A AIELO DE MALFERIT,  V CIRCUIT DE CATEGORIES INFANTILS DE LA VALL D’ALBAIDA",2017-10-08,Domingo,0.5,road running,Infantil,9,7,Ayelo de Malferit,La Vall d'Albaida,Valencia,0,868,"Benjamín, 2008-2009",Comunidad Valenciana
mychip,"VOLTA A PEU A AIELO DE MALFERIT,  V CIRCUIT DE CATEGORIES INFANTILS DE LA VALL D’ALBAIDA",2017-10-08,Domingo,1.0,road running,Infantil,4,6,Ayelo de Malferit,La Vall d'Albaida,Valencia,0,868,"Alevín, 2006-2007",Comunidad Valenciana
mychip,"VOLTA A PEU A AIELO DE MALFERIT,  V CIRCUIT DE CATEGORIES INFANTILS DE LA VALL D’ALBAIDA",2017-10-08,Domingo,1.5,road running,Infantil,9,11,Ayelo de Malferit,La Vall d'Albaida,Valencia,0,868,"Infantil, 2003-2004-2005",Comunidad Valenciana
mychip,XX Mitja Marató Ciutat d’Alzira 2017,2017-10-08,Domingo,21.097,road running,Absoluta/General,34,333,Alcira,La Ribera Alta,Valencia,0,928,Mitja,Comunidad Valenciana
mychip,II TRAIL DE TOUS,2017-10-08,Domingo,21.0,trail running,Absoluta/General,0,0,Tous,La Ribera Alta,Valencia,0,948,Trail 21k,Comunidad Valenciana
mychip,IX Botamarges,2017-10-07,Sábado,70.0,trail running,Absoluta/General,16,198,Adsubia,La Marina Alta,Alicante,0,781,Botamarges,Comunidad Valenciana
mychip,La Sagra Sky Series  by Accapi,2017-10-07,Sábado,42.0,trail running,Absoluta/General,0,0,Puebla de Don Fadrique,,Andalucía,0,840,Skymarathon,Andalucía
mychip,La Sagra Sky Series  by Accapi,2017-10-07,Sábado,22.7,trail running,Absoluta/General,0,0,Puebla de Don Fadrique,,Andalucía,0,840,Sky Race,Andalucía
mychip,La Sagra Sky Series  by Accapi,2017-10-07,Sábado,15.5,trail running,Absoluta/General,0,0,Puebla de Don Fadrique,,Andalucía,0,840,Mini Sky (Trail & Sender),Andalucía
mychip,La Sagra Sky Series  by Accapi,2017-10-07,Sábado,15.5,trail running,Cadete/Juvenil,0,0,Puebla de Don Fadrique,,Andalucía,0,840,Cadete & Junior,Andalucía
mychip,"II Trail Onil, Trail Vall del Joguet 2017",2017-10-01,Domingo,25.0,trail running,Absoluta/General,9,92,Onil,La Hoya de Alcoy,Alicante,0,808,Trail  25k,Comunidad Valenciana
mychip,"II Trail Onil, Trail Vall del Joguet 2017",2017-10-01,Domingo,14.0,trail running,Absoluta/General,0,0,Onil,La Hoya de Alcoy,Alicante,0,808,Sender,Comunidad Valenciana
mychip,"II Trail Onil, Trail Vall del Joguet 2017",2017-10-01,Domingo,14.0,trail running,Absoluta/General,0,0,Onil,La Hoya de Alcoy,Alicante,0,808,14k,Comunidad Valenciana
mychip,Sprint Trail Senyera,2017-10-01,Domingo,13.0,trail running,Absoluta/General,24,118,Senyera,La Ribera Alta,Valencia,0,894,SPRINT TRAIL,Comunidad Valenciana
mychip,Sprint Trail Senyera,2017-10-01,Domingo,13.0,trail running,Absoluta/General,70,53,Senyera,La Ribera Alta,Valencia,0,894,Sender,Comunidad Valenciana
mychip,IV MARCHA CICLOTURISTA LA POBLA LLARGA,2017-10-01,Domingo,107.0,Ciclismo y btt,Absoluta/General,37,721,la Pobla Llarga,La Ribera Alta,Valencia,0,910,Marcha,Comunidad Valenciana
mychip,VIII CARRERA Y MARCHA CATÍ-RABOSA,2017-10-01,Domingo,23.5,trail running,Absoluta/General,5,92,Elda,El Vinalopó Medio,Alicante,0,927,Trail largo,Comunidad Valenciana
mychip,VIII CARRERA Y MARCHA CATÍ-RABOSA,2017-10-01,Domingo,14.7,trail running,Absoluta/General,55,207,Elda,El Vinalopó Medio,Alicante,0,927,Trail Corto,Comunidad Valenciana
mychip,VIII CARRERA Y MARCHA CATÍ-RABOSA,2017-10-01,Domingo,14.7,trail running,Absoluta/General,117,138,Elda,El Vinalopó Medio,Alicante,0,927,Marcha Senderista,Comunidad Valenciana
mychip,CARRERA POPULAR AVT 2017,2017-10-01,Domingo,10.0,road running,Absoluta/General,33,172,Humanes de Madrid,,Comunidad de Madrid,0,935,10k,Comunidad de Madrid
mychip,10K Nocturno Peñíscola,2017-09-30,Sábado,10.0,road running,Absoluta/General,92,225,Peñíscola,Bajo Maestrazgo,Castellón,0,891,10k,Comunidad Valenciana
mychip,DESAFÍO AGUAS ABIERTAS EN BENIDORM,2017-09-30,Sábado,10.0,Otros,Elite,0,0,Benidorm,La Marina Baja,Alicante,0,916,Mediterraneam Pro 10km,Comunidad Valenciana
mychip,DESAFÍO AGUAS ABIERTAS EN BENIDORM,2017-09-30,Sábado,5.5,Otros,Absoluta/General,0,0,Benidorm,La Marina Baja,Alicante,0,916,"Meiteraneam 5,5km",Comunidad Valenciana
mychip,DESAFÍO AGUAS ABIERTAS EN BENIDORM,2017-09-30,Sábado,2.0,Otros,Absoluta/General,0,0,Benidorm,La Marina Baja,Alicante,0,916,"Popular, 2km",Comunidad Valenciana
mychip,DESAFÍO AGUAS ABIERTAS EN BENIDORM,2017-09-30,Sábado,0.5,Otros,Absoluta/General,0,0,Benidorm,La Marina Baja,Alicante,0,916,Mini Mediterraneam,Comunidad Valenciana
mychip,Mitja Marató de Muntanya de  L'Alcora,2017-09-30,Sábado,21.0,trail running,Absoluta/General,29,175,Alcora,l'Alcalatén,Castellón,0,923,21k,Comunidad Valenciana
mychip,Mitja Marató de Muntanya de  L'Alcora,2017-09-30,Sábado,16.5,trail running,Absoluta/General,0,0,Alcora,l'Alcalatén,Castellón,0,923,"16,5k",Comunidad Valenciana
mychip,Mitja Marató de Muntanya de  L'Alcora,2017-09-30,Sábado,16.5,trail running,Cadete/Juvenil,0,9,Alcora,l'Alcalatén,Castellón,0,923,Junior (14 a 17 anys),Comunidad Valenciana
mychip,I ANFIBIOS TRAIL SUMACARCER,2017-09-30,Sábado,0.0,trail running,Absoluta/General,0,0,Sumacárcel,La Ribera Alta,Valencia,0,945,anfibios,Comunidad Valenciana
mychip,Bajada Solidaria & Marcha Nórdica,2017-09-24,Domingo,11.0,trail running,Absoluta/General,34,23,Crevillente,El Bajo Vinalopó,Alicante,0,918,Nórdica,Comunidad Valenciana
mychip,Bajada Solidaria & Marcha Nórdica,2017-09-24,Domingo,11.0,trail running,Absoluta/General,48,132,Crevillente,El Bajo Vinalopó,Alicante,0,918,CARRERA,Comunidad Valenciana
mychip,Bajada Solidaria & Marcha Nórdica,2017-09-24,Domingo,11.0,trail running,Absoluta/General,0,1,Crevillente,El Bajo Vinalopó,Alicante,0,918,Marchador,Comunidad Valenciana
mychip,"Selènika 2017, Marxa de resistència en BTT",2017-09-24,Domingo,100.0,Ciclismo y btt,Absoluta/General,14,634,Navarcles,,Barcelona,0,936,"100Km, Selènika",Cataluña
mychip,"Selènika 2017, Marxa de resistència en BTT",2017-09-24,Domingo,64.0,Ciclismo y btt,Absoluta/General,19,158,Navarcles,,Barcelona,0,936,"63km, Selènika",Cataluña
mychip,XXV Volta a peu ciutat de Carlet,2017-09-23,Sábado,10.0,road running,Absoluta/General,121,578,Carlet,La Ribera Alta,Valencia,0,758,Absoluta,Comunidad Valenciana
mychip,"CATEGORIAS MENORES, XXV Volta a peu ciutat de Carlet",2017-09-23,Sábado,0.806,road running,Infantil,16,15,Carlet,La Ribera Alta,Valencia,0,786,"Benjamin, 2008-2009",Comunidad Valenciana
mychip,"CATEGORIAS MENORES, XXV Volta a peu ciutat de Carlet",2017-09-23,Sábado,0.806,road running,Infantil,16,12,Carlet,La Ribera Alta,Valencia,0,786,"Alevin, 2006-2007",Comunidad Valenciana
mychip,"CATEGORIAS MENORES, XXV Volta a peu ciutat de Carlet",2017-09-23,Sábado,1.47,road running,Infantil,6,10,Carlet,La Ribera Alta,Valencia,0,786,"Infantil, 2004-2005",Comunidad Valenciana
mychip,"CATEGORIAS MENORES, XXV Volta a peu ciutat de Carlet",2017-09-23,Sábado,1.47,road running,Cadete/Juvenil,9,12,Carlet,La Ribera Alta,Valencia,0,786,"Cadete, 2000-2003",Comunidad Valenciana
mychip,"XXIV VOLTA A PEU “MEMORIAL ANDRÉS BELLA SANLEÓN”,  IX CIRCUIT CAJAMAR DE CARRERES POPULARS DE LA VALL D’ALBAIDA",2017-09-23,Sábado,7.4,road running,Absoluta/General,75,282,Cuatretonda,La Vall d'Albaida,Valencia,0,857,Absoluta,Comunidad Valenciana
mychip,"VOLTA A PEU A QUATRETONDA, V CIRCUIT DE CATEGORIES INFANTILS DE LA VALL D’ALBAIDA",2017-09-23,Sábado,0.5,road running,Infantil,3,5,Cuatretonda,La Vall d'Albaida,Valencia,0,867,"Benjamín, 2008-2009",Comunidad Valenciana
mychip,"VOLTA A PEU A QUATRETONDA, V CIRCUIT DE CATEGORIES INFANTILS DE LA VALL D’ALBAIDA",2017-09-23,Sábado,0.5,road running,Infantil,3,7,Cuatretonda,La Vall d'Albaida,Valencia,0,867,"Alevín, 2006-2007",Comunidad Valenciana
mychip,"VOLTA A PEU A QUATRETONDA, V CIRCUIT DE CATEGORIES INFANTILS DE LA VALL D’ALBAIDA",2017-09-23,Sábado,1.5,road running,Infantil,9,7,Cuatretonda,La Vall d'Albaida,Valencia,0,867,"Infantil, 2003-2004-2005",Comunidad Valenciana
mychip,"Dia de la Muntanya Neta, Xàtiva",2017-09-17,Domingo,7.0,trail running,Absoluta/General,0,0,Játiva,La Costera,Valencia,0,942,Marcha,Comunidad Valenciana
mychip,10K Nocturno Grao Castelló,2017-09-16,Sábado,10.0,road running,Absoluta/General,63,253,Vallibona,Los Puertos de Morella,Castellón,0,890,10k,Comunidad Valenciana
mychip,III TRAIL DE ALCANTERA DE XUQUER,2017-09-10,Domingo,14.5,trail running,Absoluta/General,0,0,Alcántara de Júcar,La Ribera Alta,Valencia,0,947,Trail,Comunidad Valenciana
mychip,"XIII Cursa Iberica, 2017",2017-09-10,Domingo,17.0,trail running,Absoluta/General,59,219,Figueroles,l'Alcalatén,Castellón,0,950,Trail,Comunidad Valenciana
mychip,21ª Volta a peu a Alginet,2017-09-09,Sábado,8.0,road running,Absoluta/General,67,401,Alginet,La Ribera Alta,Valencia,0,757,Absoluta,Comunidad Valenciana
mychip,"CATEGORIAS MENORES, 21ª Volta a peu a Alginet",2017-09-09,Sábado,0.5,road running,Infantil,17,15,Alginet,La Ribera Alta,Valencia,0,785,"Benjamin, 2008-2009",Comunidad Valenciana
mychip,"CATEGORIAS MENORES, 21ª Volta a peu a Alginet",2017-09-09,Sábado,1.0,road running,Infantil,18,19,Alginet,La Ribera Alta,Valencia,0,785,"Alevin, 2006-2007",Comunidad Valenciana
mychip,"CATEGORIAS MENORES, 21ª Volta a peu a Alginet",2017-09-09,Sábado,1.5,road running,Infantil,6,11,Alginet,La Ribera Alta,Valencia,0,785,"Infantil, 2004-2005",Comunidad Valenciana
mychip,"CATEGORIAS MENORES, 21ª Volta a peu a Alginet",2017-09-09,Sábado,2.0,road running,Cadete/Juvenil,6,14,Alginet,La Ribera Alta,Valencia,0,785,"Cadete, 2000-2003",Comunidad Valenciana
mychip,"XV VOLTA A PEU A LLUTXENT, IX CIRCUIT CAJAMAR DE CARRERES POPULARS DE LA VALL D’ALBAIDA",2017-09-09,Sábado,9.1,road running,Absoluta/General,60,275,Luchente,La Vall d'Albaida,Valencia,0,856,Absoluta,Comunidad Valenciana
mychip,"VOLTA A PEU A LLUTXENT, V CIRCUIT DE CATEGORIES INFANTILS DE LA VALL D’ALBAIDA",2017-09-09,Sábado,0.6,road running,Infantil,2,3,Luchente,La Vall d'Albaida,Valencia,0,866,"Benjamín, 2008-2009",Comunidad Valenciana
mychip,"VOLTA A PEU A LLUTXENT, V CIRCUIT DE CATEGORIES INFANTILS DE LA VALL D’ALBAIDA",2017-09-09,Sábado,0.9,road running,Infantil,5,9,Luchente,La Vall d'Albaida,Valencia,0,866,"Alevín, 2006-2007",Comunidad Valenciana
mychip,"VOLTA A PEU A LLUTXENT, V CIRCUIT DE CATEGORIES INFANTILS DE LA VALL D’ALBAIDA",2017-09-09,Sábado,1.6,road running,Infantil,9,12,Luchente,La Vall d'Albaida,Valencia,0,866,"Infantil, 2003-2004-2005",Comunidad Valenciana
mychip,XX Volta a peu a Corbera,2017-09-02,Sábado,8.0,road running,Absoluta/General,43,197,Corbera,La Ribera Baja,Valencia,0,938,Carrera Popular,Comunidad Valenciana
mychip,Trail Nocturn Camins de Cabres 2017,2017-08-26,Sábado,45.0,trail running,Absoluta/General,3,48,Liria,El Campo de Turia,Valencia,0,728,45k,Comunidad Valenciana
mychip,Trail Nocturn Camins de Cabres 2017,2017-08-26,Sábado,23.0,trail running,Absoluta/General,18,137,Liria,El Campo de Turia,Valencia,0,728,23k,Comunidad Valenciana
mychip,10K Nocturno Benicàssim Platges,2017-08-26,Sábado,10.0,road running,Absoluta/General,160,634,Benicasim,Plana Alta,Castellón,0,889,10k,Comunidad Valenciana
mychip,III TRIATLON DE ANNA,2017-08-26,Sábado,0.0,Multidisciplina,Absoluta/General,0,0,Anna,La Canal de Navarrés,Valencia,0,922,Triatlon,Comunidad Valenciana
mychip,27ª Volta a peu nocturna a Manuel,2017-08-25,Viernes,8.1,road running,Absoluta/General,94,476,Manuel,La Ribera Alta,Valencia,0,756,Absoluta,Comunidad Valenciana
mychip,"Categories menors, 27ª Volta a peu nocturna a Manuel",2017-08-25,Viernes,0.55,road running,Infantil,20,21,Manuel,La Ribera Alta,Valencia,0,784,"Benjamin, 2008-2009",Comunidad Valenciana
mychip,"Categories menors, 27ª Volta a peu nocturna a Manuel",2017-08-25,Viernes,1.1,road running,Infantil,14,29,Manuel,La Ribera Alta,Valencia,0,784,"Alevin, 2006-2007",Comunidad Valenciana
mychip,"Categories menors, 27ª Volta a peu nocturna a Manuel",2017-08-25,Viernes,1.65,road running,Infantil,8,11,Manuel,La Ribera Alta,Valencia,0,784,"Infantil, 2004-2005",Comunidad Valenciana
mychip,"Categories menors, 27ª Volta a peu nocturna a Manuel",2017-08-25,Viernes,2.2,road running,Cadete/Juvenil,7,12,Manuel,La Ribera Alta,Valencia,0,784,"Cadete, 2000-2003",Comunidad Valenciana
mychip,"Categories menors, 27ª Volta a peu nocturna a Manuel",2017-08-25,Viernes,0.2,road running,Infantil,10,21,Manuel,La Ribera Alta,Valencia,0,784,"PREBENJAMÍ, 2010 - 2011",Comunidad Valenciana
mychip,"XIV VOLTA A PEU 2017 DE LA POBLA DEL DUC,  IX CIRCUIT CAJAMAR DE CARRERES POPULARS DE LA VALL D’ALBAIDA",2017-08-19,Sábado,7.0,road running,Absoluta/General,57,266,Puebla del Duc,La Vall d'Albaida,Valencia,0,855,Absoluta,Comunidad Valenciana
mychip,"VOLTA A PEU A LA POBLA DEL DUC,  V CIRCUIT DE CATEGORIES INFANTILS DE LA VALL D’ALBAIDA",2017-08-19,Sábado,0.5,road running,Infantil,5,4,Puebla del Duc,La Vall d'Albaida,Valencia,0,865,"Benjamín, 2008-2009",Comunidad Valenciana
mychip,"VOLTA A PEU A LA POBLA DEL DUC,  V CIRCUIT DE CATEGORIES INFANTILS DE LA VALL D’ALBAIDA",2017-08-19,Sábado,1.0,road running,Infantil,4,9,Puebla del Duc,La Vall d'Albaida,Valencia,0,865,"Alevín, 2006-2007",Comunidad Valenciana
mychip,"VOLTA A PEU A LA POBLA DEL DUC,  V CIRCUIT DE CATEGORIES INFANTILS DE LA VALL D’ALBAIDA",2017-08-19,Sábado,1.5,road running,Infantil,9,9,Puebla del Duc,La Vall d'Albaida,Valencia,0,865,"Infantil, 2003-2004-2005",Comunidad Valenciana
mychip,Correpatina 2017,2017-08-14,Lunes,7.3,road running,Absoluta/General,122,442,Jaraco,La Safor,Valencia,0,917,Correpatina,Comunidad Valenciana
mychip,10K Nocturno LLangostí Vinaròs,2017-08-12,Sábado,10.0,road running,Absoluta/General,156,504,Vinaroz,Bajo Maestrazgo,Castellón,0,888,10k,Comunidad Valenciana
mychip,III Volta a peu 10k a Monserrat,2017-08-11,Viernes,10.0,road running,Absoluta/General,54,282,Monserrat,La Ribera Alta,Valencia,0,755,Absoluta,Comunidad Valenciana
mychip,III Amanece Trail ,2017-08-05,Sábado,19.6,trail running,Absoluta/General,0,0,Aýna,,Castilla-La Mancha,0,913,Trail,Castilla-La Mancha
mychip,III Amanece Trail ,2017-08-05,Sábado,10.0,trail running,Absoluta/General,0,0,Aýna,,Castilla-La Mancha,0,913,Sprint Trail,Castilla-La Mancha
mychip,III Amanece Trail ,2017-08-05,Sábado,10.0,trail running,Absoluta/General,0,0,Aýna,,Castilla-La Mancha,0,913,Sender,Castilla-La Mancha
mychip,"XXII VOLTA A PEU DE CASTELLÓ DE RUGAT,  IX CIRCUIT CAJAMAR DE CARRERES POPULARS DE LA VALL D’ALBAIDA",2017-08-04,Viernes,7.75,road running,Absoluta/General,83,334,Castellón de Rugat,La Vall d'Albaida,Valencia,0,862,Absoluta,Comunidad Valenciana
mychip,"VOLTA A PEU A CASTELLÓ DE RUGAT,  V CIRCUIT DE CATEGORIES INFANTILS DE LA VALL D’ALBAIDA",2017-08-04,Viernes,0.5,road running,Infantil,6,8,Castellón de Rugat,La Vall d'Albaida,Valencia,0,864,"Benjamín, 2008-2009",Comunidad Valenciana
mychip,"VOLTA A PEU A CASTELLÓ DE RUGAT,  V CIRCUIT DE CATEGORIES INFANTILS DE LA VALL D’ALBAIDA",2017-08-04,Viernes,1.0,road running,Infantil,7,15,Castellón de Rugat,La Vall d'Albaida,Valencia,0,864,"Alevín, 2006-2007",Comunidad Valenciana
mychip,"VOLTA A PEU A CASTELLÓ DE RUGAT,  V CIRCUIT DE CATEGORIES INFANTILS DE LA VALL D’ALBAIDA",2017-08-04,Viernes,1.5,road running,Infantil,9,9,Castellón de Rugat,La Vall d'Albaida,Valencia,0,864,"Infantil, 2003-2004-2005",Comunidad Valenciana
mychip,29a. Volta a peu a la Platja de Tavernes de la Valldigna,2017-08-04,Viernes,8.0,road running,Absoluta/General,242,810,Tabernes de Valldigna,La Safor,Valencia,0,912,8k,Comunidad Valenciana
mychip,"Volta a peu a Benifairo de la Valldigna, 2017",2017-07-29,Sábado,8.0,road running,Absoluta/General,20,128,Benifairó de la Valldigna,La Safor,Valencia,0,914,Carrera,Comunidad Valenciana
mychip,V Volta a peu a L'Enova,2017-07-22,Sábado,8.0,road running,Absoluta/General,68,298,Énova,La Ribera Alta,Valencia,0,754,Absoluta,Comunidad Valenciana
mychip,"V VOLTA A PEU DEL PALOMAR, IX CIRCUIT CAJAMAR DE CARRERES POPULARS DE LA VALL D’ALBAIDA",2017-07-22,Sábado,7.5,road running,Absoluta/General,66,266,el Palomar,La Vall d'Albaida,Valencia,0,850,Absoluta,Comunidad Valenciana
mychip,V CARRERA Y MARCHA NOCTURNA DE MONTAÑA DE LA VALL D’UIXÓ A LA FONT DE GARRUT,2017-07-21,Viernes,10.5,trail running,Absoluta/General,38,138,Vall de Uxó,Plana Baja,Castellón,0,915,Carrera por montaña,Comunidad Valenciana
mychip,V CARRERA Y MARCHA NOCTURNA DE MONTAÑA DE LA VALL D’UIXÓ A LA FONT DE GARRUT,2017-07-21,Viernes,9.0,trail running,Absoluta/General,148,84,Vall de Uxó,Plana Baja,Castellón,0,915,Marcha Senderista,Comunidad Valenciana
mychip,V TRAIL DE BICORP,2017-07-16,Domingo,21.0,trail running,Absoluta/General,0,0,Bicorp,La Canal de Navarrés,Valencia,0,908,Trail 21k,Comunidad Valenciana
mychip,V TRAIL DE BICORP,2017-07-16,Domingo,14.0,trail running,Absoluta/General,0,0,Bicorp,La Canal de Navarrés,Valencia,0,908,Trail 14k,Comunidad Valenciana
mychip,V TRAIL DE BICORP,2017-07-16,Domingo,14.0,trail running,Absoluta/General,0,0,Bicorp,La Canal de Navarrés,Valencia,0,908,Marcha 14k,Comunidad Valenciana
mychip,I Milla ciutat de Xàtiva i 5k Nocturn,2017-07-15,Sábado,1.609,road running,Absoluta/General,13,37,Játiva,La Costera,Valencia,0,837,Milla,Comunidad Valenciana
mychip,I Milla ciutat de Xàtiva i 5k Nocturn,2017-07-15,Sábado,5.0,road running,Absoluta/General,52,125,Játiva,La Costera,Valencia,0,837,"5k, nocturno",Comunidad Valenciana
mychip,10k Nocturno Oropesa del Mar,2017-07-15,Sábado,10.0,road running,Absoluta/General,90,405,Oropesa del Mar,Plana Alta,Castellón,0,887,10k,Comunidad Valenciana
mychip,"VII Triatlón Cross Villa de Caudete, Campeonato RegionalI",2017-07-15,Sábado,0.0,Multidisciplina,Absoluta/General,0,0,Caudete,,Castilla-La Mancha,0,911,Modalidad por defecto,Castilla-La Mancha
mychip,"VII Triatlón Cross Villa de Caudete, Campeonato RegionalI",2017-07-15,Sábado,2.5,Multidisciplina,Absoluta/General,0,0,Caudete,,Castilla-La Mancha,0,911,02_POPULAR,Castilla-La Mancha
mychip,"VII Triatlón Cross Villa de Caudete, Campeonato RegionalI",2017-07-15,Sábado,5.0,Multidisciplina,Absoluta/General,0,0,Caudete,,Castilla-La Mancha,0,911,03_RELEVOS,Castilla-La Mancha
mychip,"VII Triatlón Cross Villa de Caudete, Campeonato RegionalI",2017-07-15,Sábado,5.0,Multidisciplina,Absoluta/General,0,0,Caudete,,Castilla-La Mancha,0,911,01_SPRINT,Castilla-La Mancha
mychip,"XVIII VOLTA A PEU DE BOCAIRENT,  IX CIRCUIT CAJAMAR DE CARRERES POPULARS DE LA VALL D’ALBAIDA 2017",2017-07-08,Sábado,9.0,road running,Absoluta/General,72,294,Bocairente,La Vall d'Albaida,Valencia,0,849,Absoluta,Comunidad Valenciana
mychip,"I Sierra del Agua Challenge, 8 y 9 de julio.  Paterna del Madera & Bogarra",2017-07-08,Sábado,37.3,trail running,Absoluta/General,0,0,Bogarra,,Castilla-La Mancha,0,904,Trail Challenge (8 y 9 julio),Castilla-La Mancha
mychip,"I Sierra del Agua Challenge, 8 y 9 de julio.  Paterna del Madera & Bogarra",2017-07-08,Sábado,20.1,trail running,Absoluta/General,0,0,Bogarra,,Castilla-La Mancha,0,904,Sprint Challenge (8 y 9 julio),Castilla-La Mancha
mychip,"I Sierra del Agua Challenge, 8 y 9 de julio.  Paterna del Madera & Bogarra",2017-07-08,Sábado,20.1,trail running,Absoluta/General,0,0,Bogarra,,Castilla-La Mancha,0,904,Sender Challenge (8 y 9 julio),Castilla-La Mancha
mychip,"I Sierra del Agua Challenge, 8 y 9 de julio.  Paterna del Madera & Bogarra",2017-07-08,Sábado,19.5,trail running,Absoluta/General,0,0,Bogarra,,Castilla-La Mancha,0,904,Trail Nocturno (8 de julio Paterna),Castilla-La Mancha
mychip,"I Sierra del Agua Challenge, 8 y 9 de julio.  Paterna del Madera & Bogarra",2017-07-08,Sábado,10.0,trail running,Absoluta/General,0,0,Bogarra,,Castilla-La Mancha,0,904,Sprint Nocturno (8 de julio Paterna)  ,Castilla-La Mancha
mychip,"I Sierra del Agua Challenge, 8 y 9 de julio.  Paterna del Madera & Bogarra",2017-07-08,Sábado,10.0,trail running,Absoluta/General,0,0,Bogarra,,Castilla-La Mancha,0,904,Sender nocturno (8 de julio Paterna)  ,Castilla-La Mancha
mychip,"I Sierra del Agua Challenge, 8 y 9 de julio.  Paterna del Madera & Bogarra",2017-07-08,Sábado,17.8,trail running,Absoluta/General,0,0,Bogarra,,Castilla-La Mancha,0,904,Trail (9 de julio Bogarra)  ,Castilla-La Mancha
mychip,"I Sierra del Agua Challenge, 8 y 9 de julio.  Paterna del Madera & Bogarra",2017-07-08,Sábado,10.1,trail running,Absoluta/General,0,0,Bogarra,,Castilla-La Mancha,0,904,sprint (9 de julio Bogarra) ,Castilla-La Mancha
mychip,"I Sierra del Agua Challenge, 8 y 9 de julio.  Paterna del Madera & Bogarra",2017-07-08,Sábado,10.1,trail running,Absoluta/General,0,0,Bogarra,,Castilla-La Mancha,0,904,Sender (9 de julio Bogarra) ,Castilla-La Mancha
mychip,I TRAIL NOCTURN LLUNA D´OLTÀ,2017-07-08,Sábado,15.0,trail running,Absoluta/General,39,163,Calpe,La Marina Alta,Alicante,0,907,Trail,Comunidad Valenciana
mychip,10ª Volta a peu a mareny de Barraquetes,2017-07-01,Sábado,7.1,road running,Absoluta/General,142,500,Sueca,La Ribera Baja,Valencia,0,753,Absoluta,Comunidad Valenciana
mychip,I ANFIBIOS TRAIL ANNA,2017-07-01,Sábado,9.0,trail running,Absoluta/General,0,0,Anna,La Canal de Navarrés,Valencia,0,905,9k,Comunidad Valenciana
mychip,Travesía Valle de Iruelas ,2017-06-25,Domingo,5.5,Otros,Absoluta/General,90,307,El Tiemblo,,Ávila,0,733,Prueba larga,Castilla y León
mychip,Travesía Valle de Iruelas ,2017-06-25,Domingo,0.8,Otros,Absoluta/General,77,83,El Tiemblo,,Ávila,0,733,Prueba corta,Castilla y León
mychip,PUJADA AL REFUGI DELS ESBARZERETS  2017,2017-06-25,Domingo,16.0,trail running,Absoluta/General,0,0,Ibi,La Hoya de Alcoy,Alicante,0,893,Carrera,Comunidad Valenciana
mychip,PUJADA AL REFUGI DELS ESBARZERETS  2017,2017-06-25,Domingo,16.0,trail running,Absoluta/General,0,0,Ibi,La Hoya de Alcoy,Alicante,0,893,Sender,Comunidad Valenciana
mychip,Socovos Ibero Trail,2017-06-25,Domingo,23.7,trail running,Absoluta/General,0,0,Socovos,,Castilla-La Mancha,0,900,Trail,Castilla-La Mancha
mychip,Socovos Ibero Trail,2017-06-25,Domingo,15.0,trail running,Absoluta/General,0,0,Socovos,,Castilla-La Mancha,0,900,Sprint Trail,Castilla-La Mancha
mychip,Socovos Ibero Trail,2017-06-25,Domingo,15.0,trail running,Absoluta/General,0,0,Socovos,,Castilla-La Mancha,0,900,Sender,Castilla-La Mancha
mychip,XXXI Volta a peu a Almussafes,2017-06-24,Sábado,10.0,road running,Absoluta/General,87,556,Almussafes,La Ribera Baja,Valencia,0,873,10K,Comunidad Valenciana
mychip,V Carrera nocturna de Aranjuez,2017-06-24,Sábado,10.0,road running,Absoluta/General,0,0,Aranjuez,,Comunidad de Madrid,0,882,10k,Comunidad de Madrid
mychip,5 KM Y 10 KM CIUDAD DE ELDA,2017-06-18,Domingo,10.0,road running,Absoluta/General,0,0,Elda,El Vinalopó Medio,Alicante,0,880,10k,Comunidad Valenciana
mychip,5 KM Y 10 KM CIUDAD DE ELDA,2017-06-18,Domingo,5.0,road running,Absoluta/General,0,0,Elda,El Vinalopó Medio,Alicante,0,880,5k,Comunidad Valenciana
mychip,5 KM Y 10 KM CIUDAD DE ELDA,2017-06-18,Domingo,0.0,road running,Infantil,0,0,Elda,El Vinalopó Medio,Alicante,0,880,Infantiles,Comunidad Valenciana
mychip,I TRAIL DE MILLARES,2017-06-18,Domingo,0.02,trail running,Absoluta/General,0,0,Millares,La Canal de Navarrés,Valencia,0,899,20k,Comunidad Valenciana
mychip,V volta a peu a Sant Joanet,2017-06-17,Sábado,8.0,road running,Absoluta/General,83,328,Sant Joanet,La Ribera Alta,Valencia,0,752,Absoluta,Comunidad Valenciana
mychip,"XIII VOLTA A PEU MONTAVERNER, IX CIRCUIT CAJAMAR DE CARRERES POPULARS DE LA VALL D’ALBAIDA 2017",2017-06-17,Sábado,7.5,road running,Absoluta/General,62,294,Montaberner,La Vall d'Albaida,Valencia,0,848,Absoluta,Comunidad Valenciana
mychip,"VOLTA A PEU A MONTAVERNER, V CIRCUIT DE CATEGORIES INFANTILS DE LA VALL D’ALBAIDA",2017-06-17,Sábado,0.5,road running,Infantil,7,7,Montaberner,La Vall d'Albaida,Valencia,0,863,"Benjamín, 2008-2009",Comunidad Valenciana
mychip,"VOLTA A PEU A MONTAVERNER, V CIRCUIT DE CATEGORIES INFANTILS DE LA VALL D’ALBAIDA",2017-06-17,Sábado,1.0,road running,Infantil,4,10,Montaberner,La Vall d'Albaida,Valencia,0,863,"Alevín, 2006-2007",Comunidad Valenciana
mychip,"VOLTA A PEU A MONTAVERNER, V CIRCUIT DE CATEGORIES INFANTILS DE LA VALL D’ALBAIDA",2017-06-17,Sábado,1.5,road running,Infantil,10,9,Montaberner,La Vall d'Albaida,Valencia,0,863,"Infantil, 2003-2004-2005",Comunidad Valenciana
mychip,10k UNIÓN ALCOYANA SEGUROS. 2017,2017-06-11,Domingo,10.0,road running,Absoluta/General,170,332,Alcoy,La Hoya de Alcoy,Alicante,0,835,10K,Comunidad Valenciana
mychip,10k UNIÓN ALCOYANA SEGUROS. 2017,2017-06-11,Domingo,10.0,road running,Absoluta/General,76,32,Alcoy,La Hoya de Alcoy,Alicante,0,835,Sender,Comunidad Valenciana
mychip,XVIII CARRERA POPULAR CORPUS CHRISTI DE TOLEDO -  Memorial José Luis Pantoja,2017-06-11,Domingo,5.2,road running,Absoluta/General,118,330,Toledo,,Toledo,0,872,5k,Castilla-La Mancha
mychip,I Férez Trail,2017-06-10,Sábado,21.1,trail running,Absoluta/General,0,0,Férez,,Castilla-La Mancha,0,892,Trail,Castilla-La Mancha
mychip,I Férez Trail,2017-06-10,Sábado,13.0,trail running,Absoluta/General,0,0,Férez,,Castilla-La Mancha,0,892,Sprint Trail,Castilla-La Mancha
mychip,I Férez Trail,2017-06-10,Sábado,13.0,trail running,Absoluta/General,0,0,Férez,,Castilla-La Mancha,0,892,Sender,Castilla-La Mancha
mychip,II MARCHA COLORES SOLIDARIOS CRUZ ROJA CREVILLENT,2017-06-10,Sábado,3.0,road running,Absoluta/General,0,0,Crevillente,El Bajo Vinalopó,Alicante,0,902,Marcha,Comunidad Valenciana
mychip,II MARCHA COLORES SOLIDARIOS CRUZ ROJA CREVILLENT,2017-06-10,Sábado,0.003,road running,Infantil,0,0,Crevillente,El Bajo Vinalopó,Alicante,0,902,Infantil 4 a 15 años,Comunidad Valenciana
mychip,Maraclot - V Marató per Relleus,2017-06-04,Domingo,42.0,road running,Absoluta/General,0,0,Burriana,Plana Baja,Castellón,0,909,Marató de Relleus,Comunidad Valenciana
mychip,"XXXIII Volta a peu Sant Onofre, Algemesí",2017-06-03,Sábado,10.0,road running,Absoluta/General,152,653,Algemesí,La Ribera Alta,Valencia,0,751,Absoluta,Comunidad Valenciana
mychip,"Categories menors, XXXIII Volta a peu Sant Onofre, Algemesí",2017-06-03,Sábado,0.5,road running,Infantil,12,16,Algemesí,La Ribera Alta,Valencia,0,768,"Benjamin, 2008-2009",Comunidad Valenciana
mychip,"Categories menors, XXXIII Volta a peu Sant Onofre, Algemesí",2017-06-03,Sábado,1.0,road running,Infantil,13,17,Algemesí,La Ribera Alta,Valencia,0,768,"Alevin, 2006-2007",Comunidad Valenciana
mychip,"Categories menors, XXXIII Volta a peu Sant Onofre, Algemesí",2017-06-03,Sábado,1.5,road running,Infantil,5,7,Algemesí,La Ribera Alta,Valencia,0,768,"Infantil, 2004-2005",Comunidad Valenciana
mychip,"Categories menors, XXXIII Volta a peu Sant Onofre, Algemesí",2017-06-03,Sábado,1.5,road running,Cadete/Juvenil,4,9,Algemesí,La Ribera Alta,Valencia,0,768,"Cadete, 2000-2003",Comunidad Valenciana
mychip,VI Cross centre històric de Castalla,2017-06-03,Sábado,5.0,road running,Absoluta/General,15,31,Castalla,La Hoya de Alcoy,Alicante,0,820,5k,Comunidad Valenciana
mychip,VI Cross centre històric de Castalla,2017-06-03,Sábado,10.0,road running,Absoluta/General,18,67,Castalla,La Hoya de Alcoy,Alicante,0,820,10k,Comunidad Valenciana
mychip,"V VOLTA A PEU BÈLGIDA,  IX CIRCUIT CAJAMAR DE CARRERES POPULARS DE LA VALL D’ALBAIDA 2017",2017-06-03,Sábado,7.6,road running,Absoluta/General,71,316,Bélgida,La Vall d'Albaida,Valencia,0,847,Absoluta,Comunidad Valenciana
mychip,VI Cursa per Muntanya les Xosses de Crevillent,2017-06-03,Sábado,13.5,trail running,Absoluta/General,92,320,Crevillente,El Bajo Vinalopó,Alicante,0,875,Trail,Comunidad Valenciana
mychip,VI Cursa per Muntanya les Xosses de Crevillent,2017-06-03,Sábado,13.5,trail running,Absoluta/General,101,103,Crevillente,El Bajo Vinalopó,Alicante,0,875,Sender,Comunidad Valenciana
mychip,VI Cursa per Muntanya les Xosses de Crevillent,2017-06-03,Sábado,0.54,trail running,Absoluta/General,0,0,Crevillente,El Bajo Vinalopó,Alicante,0,875,Kids,Comunidad Valenciana
mychip,39ºTrotada i 2ªmarcha mediambiental Crevillent - Platja del Pinet,2017-05-28,Domingo,26.7,road running,Absoluta/General,0,0,Crevillente,El Bajo Vinalopó,Alicante,0,826,Trotada,Comunidad Valenciana
mychip,39ºTrotada i 2ªmarcha mediambiental Crevillent - Platja del Pinet,2017-05-28,Domingo,26.7,road running,Absoluta/General,0,0,Crevillente,El Bajo Vinalopó,Alicante,0,826,Marxa,Comunidad Valenciana
mychip,I Nerpio Juglans Trail,2017-05-28,Domingo,24.3,trail running,Absoluta/General,0,0,Nerpio,,Castilla-La Mancha,0,879,Trail,Castilla-La Mancha
mychip,I Nerpio Juglans Trail,2017-05-28,Domingo,14.0,trail running,Absoluta/General,0,0,Nerpio,,Castilla-La Mancha,0,879,Sprint Trail,Castilla-La Mancha
mychip,I Nerpio Juglans Trail,2017-05-28,Domingo,14.0,trail running,Absoluta/General,0,0,Nerpio,,Castilla-La Mancha,0,879,Sender,Castilla-La Mancha
mychip,36 Volta al Terme De Fondeguilla,2017-05-27,Sábado,34.5,trail running,Absoluta/General,31,320,Alfondeguilla,Plana Baja,Castellón,0,829,Absoluta,Comunidad Valenciana
mychip,36 Volta al Terme De Fondeguilla,2017-05-27,Sábado,14.0,trail running,Cadete/Juvenil,1,4,Alfondeguilla,Plana Baja,Castellón,0,829,Cadete/Junior,Comunidad Valenciana
mychip,XI CARRERA DE LA MUJER CONTRA LA VIOLENCIA DE GÉNERO,2017-05-27,Sábado,5.0,road running,Absoluta/General,291,1,Mataelpino,,Madrid,0,878,Femenina,Madrid
mychip,XI CARRERA DE LA MUJER CONTRA LA VIOLENCIA DE GÉNERO,2017-05-27,Sábado,5.0,road running,Absoluta/General,0,60,Mataelpino,,Madrid,0,878,Masculina,Madrid
mychip,"XII Cursa i marxa per Muntanya de Castalla, Trail Vall del Joguet 2017 ",2017-05-21,Domingo,18.0,trail running,Absoluta/General,38,169,Castalla,La Hoya de Alcoy,Alicante,0,807,Trail,Comunidad Valenciana
mychip,"XII Cursa i marxa per Muntanya de Castalla, Trail Vall del Joguet 2017 ",2017-05-21,Domingo,18.0,trail running,Absoluta/General,0,0,Castalla,La Hoya de Alcoy,Alicante,0,807,Sender,Comunidad Valenciana
mychip,Cross Xirivell 2017,2017-05-21,Domingo,10.0,road running,Absoluta/General,13,58,Monóvar,El Vinalopó Medio,Alicante,0,876,ABSOLUTA,Comunidad Valenciana
mychip,Cross Xirivell 2017,2017-05-21,Domingo,10.0,road running,Absoluta/General,31,12,Monóvar,El Vinalopó Medio,Alicante,0,876,Marcha,Comunidad Valenciana
mychip,Cross Xirivell 2017,2017-05-21,Domingo,2.4,road running,Infantil,1,2,Monóvar,El Vinalopó Medio,Alicante,0,876,De 14 a 15 años,Comunidad Valenciana
mychip,Cross Xirivell 2017,2017-05-21,Domingo,1.2,road running,Infantil,5,4,Monóvar,El Vinalopó Medio,Alicante,0,876,De 11 a 13 años,Comunidad Valenciana
mychip,Cross Xirivell 2017,2017-05-21,Domingo,0.8,road running,Infantil,5,7,Monóvar,El Vinalopó Medio,Alicante,0,876,De 8 a 10 años,Comunidad Valenciana
mychip,Cross Xirivell 2017,2017-05-21,Domingo,0.4,road running,Infantil,14,17,Monóvar,El Vinalopó Medio,Alicante,0,876,Hasta 7 años,Comunidad Valenciana
mychip,V 10k Alzira,2017-05-20,Sábado,10.0,road running,Absoluta/General,132,579,Alcira,La Ribera Alta,Valencia,0,750,Absoluta,Comunidad Valenciana
mychip,"Categories menors, 10k Ciutat d'Alzira",2017-05-20,Sábado,0.4,road running,Infantil,18,25,Alcira,La Ribera Alta,Valencia,0,767,"Benjamin, 2008-2009",Comunidad Valenciana
mychip,"Categories menors, 10k Ciutat d'Alzira",2017-05-20,Sábado,1.0,road running,Infantil,15,20,Alcira,La Ribera Alta,Valencia,0,767,"Alevin, 2006-2007",Comunidad Valenciana
mychip,"Categories menors, 10k Ciutat d'Alzira",2017-05-20,Sábado,1.2,road running,Infantil,7,14,Alcira,La Ribera Alta,Valencia,0,767,"Infantil, 2004-2005",Comunidad Valenciana
mychip,"Categories menors, 10k Ciutat d'Alzira",2017-05-20,Sábado,2.0,road running,Cadete/Juvenil,6,15,Alcira,La Ribera Alta,Valencia,0,767,"Cadete, 2000-2003",Comunidad Valenciana
mychip,"Trail de Primavera, Confrides  2017",2017-05-20,Sábado,43.0,trail running,Absoluta/General,9,145,Confrides,La Marina Baja,Alicante,0,769,MARATON,Comunidad Valenciana
mychip,"Trail de Primavera, Confrides  2017",2017-05-20,Sábado,20.0,trail running,Absoluta/General,26,179,Confrides,La Marina Baja,Alicante,0,769,MEDIA MARATON,Comunidad Valenciana
mychip,"Trail de Primavera, Confrides  2017",2017-05-20,Sábado,20.0,trail running,Absoluta/General,23,52,Confrides,La Marina Baja,Alicante,0,769,SENDER,Comunidad Valenciana
mychip,"IX VOLTA A PEU VILA D’AGULLENT,  IX CIRCUIT CAJAMAR DE CARRERES POPULARS DE LA VALL D’ALBAIDA 2017",2017-05-20,Sábado,7.6,road running,Absoluta/General,76,271,Agullent,La Vall d'Albaida,Valencia,0,846,Absoluta,Comunidad Valenciana
mychip,"Trail Umbría la Plana, 2017",2017-05-14,Domingo,20.5,trail running,Absoluta/General,10,92,Enguera,La Canal de Navarrés,Valencia,0,782,"Trail 20,5k",Comunidad Valenciana
mychip,"Trail Umbría la Plana, 2017",2017-05-14,Domingo,13.0,trail running,Absoluta/General,17,77,Enguera,La Canal de Navarrés,Valencia,0,782,Speed Trail 12km,Comunidad Valenciana
mychip,"Trail Umbría la Plana, 2017",2017-05-14,Domingo,9.0,trail running,Absoluta/General,82,53,Enguera,La Canal de Navarrés,Valencia,0,782,Marcha Senderista,Comunidad Valenciana
mychip,"OTOS TRAIL PUJADA AL CASTELL DE CARBONERA, CIRCUIT CAJAMAR DE CARRERES POPULARS DE LA VALL D’ALBAIDA 2017",2017-05-14,Domingo,10.28,road running,Absoluta/General,64,293,Otos,La Vall d'Albaida,Valencia,0,845,Absoluta,Comunidad Valenciana
mychip,IX Carrera de Montaña Salinas 2017,2017-05-14,Domingo,15.0,trail running,Absoluta/General,15,83,Salinas,El Alto Vinalopó,Alicante,0,877,CARRERA,Comunidad Valenciana
mychip,IX Carrera de Montaña Salinas 2017,2017-05-14,Domingo,5.0,trail running,Absoluta/General,21,20,Salinas,El Alto Vinalopó,Alicante,0,877,MARCHA,Comunidad Valenciana
mychip,IX Carrera de Montaña Salinas 2017,2017-05-14,Domingo,15.0,trail running,Absoluta/General,0,1,Salinas,El Alto Vinalopó,Alicante,0,877,"Carrera, (participante local)",Comunidad Valenciana
mychip,IX Carrera de Montaña Salinas 2017,2017-05-14,Domingo,5.0,trail running,Absoluta/General,0,0,Salinas,El Alto Vinalopó,Alicante,0,877,"Marcha, (participante local)",Comunidad Valenciana
mychip,IV Cursa per Muntanya Palma - Ador,2017-05-14,Domingo,0.016,trail running,Absoluta/General,0,0,Ador,La Safor,Valencia,0,884,Carrera,Comunidad Valenciana
mychip,IV Cursa per Muntanya Palma - Ador,2017-05-14,Domingo,0.011,trail running,Absoluta/General,0,0,Ador,La Safor,Valencia,0,884,Caminantes,Comunidad Valenciana
mychip,IV Volta a peu 7k Tavernes de la Valldigna,2017-05-13,Sábado,7.0,road running,Absoluta/General,33,89,Tabernes de Valldigna,La Safor,Valencia,0,824,7k,Comunidad Valenciana
mychip,ALMENARA XTREM ,2017-05-07,Domingo,16.86,trail running,Absoluta/General,36,188,Almenara,Plana Baja,Castellón,0,717,Xtrem Almenra,Comunidad Valenciana
mychip,VI Gran fons vistes d'Algimia,2017-05-07,Domingo,15.0,trail running,Absoluta/General,25,96,Algimia de Alfara,Campo de Murviedro,Valencia,0,803,15k,Comunidad Valenciana
mychip,"Campeonato Autonómico individual y por Clubes  de Carrera por Montaña, FEMECV 2017",2017-05-07,Domingo,33.13,trail running,Absoluta/General,36,114,Elda,El Vinalopó Medio,Alicante,0,831,Carrera por Montaña,Comunidad Valenciana
mychip,"Campeonato Autonómico individual y por Clubes  de Carrera por Montaña, FEMECV 2017",2017-05-07,Domingo,16.32,trail running,Cadete/Juvenil,1,3,Elda,El Vinalopó Medio,Alicante,0,831,Cadete,Comunidad Valenciana
mychip,"Campeonato Autonómico individual y por Clubes  de Carrera por Montaña, FEMECV 2017",2017-05-07,Domingo,16.32,trail running,Cadete/Juvenil,2,10,Elda,El Vinalopó Medio,Alicante,0,831,Junior,Comunidad Valenciana
mychip,"5a. Carrera i Marxa de la Dona, Sueca 2017",2017-05-07,Domingo,6.0,road running,Absoluta/General,230,2,Sueca,La Ribera Baja,Valencia,0,836,Individual,Comunidad Valenciana
mychip,"5a. Carrera i Marxa de la Dona, Sueca 2017",2017-05-07,Domingo,6.0,road running,Absoluta/General,0,0,Sueca,La Ribera Baja,Valencia,0,836,2 Germanes,Comunidad Valenciana
mychip,"5a. Carrera i Marxa de la Dona, Sueca 2017",2017-05-07,Domingo,6.0,road running,Absoluta/General,0,0,Sueca,La Ribera Baja,Valencia,0,836,Mare i Filla,Comunidad Valenciana
mychip,"5a. Carrera i Marxa de la Dona, Sueca 2017",2017-05-07,Domingo,6.0,road running,Absoluta/General,0,0,Sueca,La Ribera Baja,Valencia,0,836,2 Cunyades,Comunidad Valenciana
mychip,"5a. Carrera i Marxa de la Dona, Sueca 2017",2017-05-07,Domingo,6.0,road running,Absoluta/General,0,0,Sueca,La Ribera Baja,Valencia,0,836,2 Cosines,Comunidad Valenciana
mychip,Desafio El Calar del Río Mundo,2017-05-06,Sábado,105.0,trail running,Absoluta/General,0,0,Riópar,,Castilla-La Mancha,0,685,105k (dia 6/5),Castilla-La Mancha
mychip,Desafio El Calar del Río Mundo,2017-05-06,Sábado,65.0,trail running,Absoluta/General,0,0,Riópar,,Castilla-La Mancha,0,685,65k (día 7/5),Castilla-La Mancha
mychip,Desafio El Calar del Río Mundo,2017-05-06,Sábado,45.0,trail running,Absoluta/General,0,0,Riópar,,Castilla-La Mancha,0,685,45k (día 7/5),Castilla-La Mancha
mychip,Desafio El Calar del Río Mundo,2017-05-06,Sábado,25.0,trail running,Absoluta/General,0,0,Riópar,,Castilla-La Mancha,0,685,25k (día 7/5),Castilla-La Mancha
mychip,Desafio El Calar del Río Mundo,2017-05-06,Sábado,20.0,trail running,Absoluta/General,0,0,Riópar,,Castilla-La Mancha,0,685,SENDERTRAIL 20k (día 7/5),Castilla-La Mancha
mychip,XXX Volta a peu a  Alcúdia,2017-05-06,Sábado,10.0,road running,Absoluta/General,115,587,La Alcudia,La Ribera Alta,Valencia,0,749,Absoluta,Comunidad Valenciana
mychip,"Categories menors, XXX Volta a peu a Alcúdia",2017-05-06,Sábado,0.6,road running,Infantil,11,11,La Alcudia,La Ribera Alta,Valencia,0,766,"Benjamin, 2008-2009",Comunidad Valenciana
mychip,"Categories menors, XXX Volta a peu a Alcúdia",2017-05-06,Sábado,1.0,road running,Infantil,19,16,La Alcudia,La Ribera Alta,Valencia,0,766,"Alevin, 2006-2007",Comunidad Valenciana
mychip,"Categories menors, XXX Volta a peu a Alcúdia",2017-05-06,Sábado,1.0,road running,Infantil,4,5,La Alcudia,La Ribera Alta,Valencia,0,766,"Infantil, 2004-2005",Comunidad Valenciana
mychip,"Categories menors, XXX Volta a peu a Alcúdia",2017-05-06,Sábado,2.0,road running,Cadete/Juvenil,8,13,La Alcudia,La Ribera Alta,Valencia,0,766,"Cadete, 2000-2003",Comunidad Valenciana
mychip,Campeonato Autonómico de Escalada en Bloque de la Comunidad Valenciana,2017-05-06,Sábado,0.0,Otros,Infantil,0,0,San Vicente del Raspeig,El Alacantí,Alicante,0,797,Escalada en Bloque Menores,Comunidad Valenciana
mychip,Campeonato Autonómico de Escalada en Bloque de la Comunidad Valenciana,2017-05-06,Sábado,0.0,Otros,Absoluta/General,0,0,San Vicente del Raspeig,El Alacantí,Alicante,0,797,Escalada en Bloque Absoluta,Comunidad Valenciana
mychip,"XIV PUJADA A LA FONT FREDA, CIRCUIT CAJAMAR DE CARRERES POPULARS DE LA VALL D’ALBAIDA 2017",2017-05-06,Sábado,11.6,road running,Absoluta/General,65,278,Adzaneta de Albaida,La Vall d'Albaida,Valencia,0,844,Absoluta,Comunidad Valenciana
mychip,Marcha 60 aniversario del CEE Catí-Rabosa,2017-05-06,Sábado,14.5,trail running,Absoluta/General,0,0,Elda,El Vinalopó Medio,Alicante,0,874,Sender,Comunidad Valenciana
mychip,X Carrera Popular per a Persones amb Diversitat Funcional. Xàtiva 2016,2017-05-04,Jueves,0.0,road running,Absoluta/General,0,0,Játiva,La Costera,Valencia,0,828,default,Comunidad Valenciana
mychip,Carrera y Marcha festera V Pujada Coto Memoria,2017-05-01,Lunes,13.0,trail running,Absoluta/General,0,0,Crevillente,El Bajo Vinalopó,Alicante,0,825,Carrera,Comunidad Valenciana
mychip,Carrera y Marcha festera V Pujada Coto Memoria,2017-05-01,Lunes,13.0,trail running,Absoluta/General,0,0,Crevillente,El Bajo Vinalopó,Alicante,0,825,Sender,Comunidad Valenciana
mychip,"Trail dels Senglars 2017, Favara",2017-04-30,Domingo,21.0,trail running,Absoluta/General,16,125,Favareta,La Ribera Baja,Valencia,0,787,21k,Comunidad Valenciana
mychip,"Trail dels Senglars 2017, Favara",2017-04-30,Domingo,10.0,trail running,Absoluta/General,39,106,Favareta,La Ribera Baja,Valencia,0,787,10k,Comunidad Valenciana
mychip,RUTA SENDERISTA. V PUJADA A LA CREU DE LA SERRATELLA I BARRANC DE LA FOS,2017-04-30,Domingo,11.0,trail running,Absoluta/General,0,0,Ayelo de Malferit,La Vall d'Albaida,Valencia,0,827,PUJADA A LA CREU,Comunidad Valenciana
mychip,8ª Ruta dels Corrals,2017-04-30,Domingo,12.0,Otros,Absoluta/General,0,0,Jeresa,La Safor,Valencia,0,854,Sender,Comunidad Valenciana
mychip,8ª Ruta dels Corrals,2017-04-30,Domingo,12.0,Otros,Absoluta/General,0,0,Jeresa,La Safor,Valencia,0,854,Menor,Comunidad Valenciana
mychip,8ª Ruta dels Corrals,2017-04-30,Domingo,12.0,Otros,Absoluta/General,0,0,Jeresa,La Safor,Valencia,0,854,Soci Corresendes,Comunidad Valenciana
mychip,MITJA MARATO CANALS 21K/14K/7K,2017-04-29,Sábado,21.097,road running,Absoluta/General,0,0,Canals,La Costera,Valencia,0,802,Media Maraton,Comunidad Valenciana
mychip,MITJA MARATO CANALS 21K/14K/7K,2017-04-29,Sábado,7.0,road running,Absoluta/General,0,0,Canals,La Costera,Valencia,0,802,7k,Comunidad Valenciana
mychip,17ª Volta a peu a Gavarda,2017-04-22,Sábado,8.0,road running,Absoluta/General,81,388,Gabarda,La Ribera Alta,Valencia,0,748,Absoluta,Comunidad Valenciana
mychip,"Categories menors, 17ª Volta a peu a Gavarda",2017-04-22,Sábado,0.4,road running,Infantil,10,14,Gabarda,La Ribera Alta,Valencia,0,765,"Benjamin, 2008-2009",Comunidad Valenciana
mychip,"Categories menors, 17ª Volta a peu a Gavarda",2017-04-22,Sábado,1.0,road running,Infantil,16,11,Gabarda,La Ribera Alta,Valencia,0,765,"Alevin, 2006-2007",Comunidad Valenciana
mychip,"Categories menors, 17ª Volta a peu a Gavarda",2017-04-22,Sábado,1.4,road running,Infantil,6,8,Gabarda,La Ribera Alta,Valencia,0,765,"Infantil, 2004-2005",Comunidad Valenciana
mychip,"Categories menors, 17ª Volta a peu a Gavarda",2017-04-22,Sábado,2.0,road running,Cadete/Juvenil,6,11,Gabarda,La Ribera Alta,Valencia,0,765,"Cadete, 2000-2003",Comunidad Valenciana
mychip,DESAFÍO LURBEL MOUNTAIN FESTIVAL ANIVERSARIO 2017,2017-04-22,Sábado,45.0,trail running,Absoluta/General,9,126,Yeste,,Castilla-La Mancha,0,780,45k Trail (22/4),Castilla-La Mancha
mychip,DESAFÍO LURBEL MOUNTAIN FESTIVAL ANIVERSARIO 2017,2017-04-22,Sábado,25.0,trail running,Absoluta/General,36,168,Yeste,,Castilla-La Mancha,0,780,25k Trail (22/4),Castilla-La Mancha
mychip,DESAFÍO LURBEL MOUNTAIN FESTIVAL ANIVERSARIO 2017,2017-04-22,Sábado,10.7,trail running,Absoluta/General,95,68,Yeste,,Castilla-La Mancha,0,780,"Sprint Trail & Sender, 10,7k (22/4)",Castilla-La Mancha
mychip,DESAFÍO LURBEL MOUNTAIN FESTIVAL ANIVERSARIO 2017,2017-04-22,Sábado,70.0,trail running,Absoluta/General,6,125,Yeste,,Castilla-La Mancha,0,780,BTT 70k (23/4),Castilla-La Mancha
mychip,DESAFÍO LURBEL MOUNTAIN FESTIVAL ANIVERSARIO 2017,2017-04-22,Sábado,95.0,trail running,Absoluta/General,1,14,Yeste,,Castilla-La Mancha,0,780,BTT/Trail 25k+BTT 70k (22/4 y 23/4),Castilla-La Mancha
mychip,DESAFÍO LURBEL MOUNTAIN FESTIVAL ANIVERSARIO 2017,2017-04-22,Sábado,95.0,trail running,Absoluta/General,1,11,Yeste,,Castilla-La Mancha,0,780,COMBINA2/MINI (PAREJAS 25K+BTT),Castilla-La Mancha
mychip,DESAFÍO LURBEL MOUNTAIN FESTIVAL ANIVERSARIO 2017,2017-04-22,Sábado,115.0,trail running,Absoluta/General,1,5,Yeste,,Castilla-La Mancha,0,780,COMBINA2/SUPER (PAREJAS 45K+BTT),Castilla-La Mancha
mychip,DESAFÍO LURBEL MOUNTAIN FESTIVAL ANIVERSARIO 2017,2017-04-22,Sábado,0.0,trail running,Absoluta/General,0,0,Yeste,,Castilla-La Mancha,0,780,Voluntario,Castilla-La Mancha
mychip,"Trail Solidari Ciutat d'Alcoi, 2017",2017-04-08,Sábado,51.0,trail running,Absoluta/General,69,522,Alcoy,La Hoya de Alcoy,Alicante,1,709,TRAIL SOLIDARI,Comunidad Valenciana
mychip,"Trail Solidari Ciutat d'Alcoi, 2017",2017-04-08,Sábado,23.0,trail running,Absoluta/General,271,260,Alcoy,La Hoya de Alcoy,Alicante,0,709,MARCHA SOLIDARIA,Comunidad Valenciana
mychip,"Trail Solidari Ciutat d'Alcoi, 2017",2017-04-08,Sábado,51.0,trail running,Absoluta/General,0,0,Alcoy,La Hoya de Alcoy,Alicante,0,709,TRAIL SOLIDARI + PATROCINADOR,Comunidad Valenciana
mychip,"Trail Solidari Ciutat d'Alcoi, 2017",2017-04-08,Sábado,23.0,trail running,Absoluta/General,0,0,Alcoy,La Hoya de Alcoy,Alicante,0,709,MARCHA SOLIDARI + PATOCINADOR,Comunidad Valenciana
mychip,IV 10k Benimodo,2017-04-08,Sábado,10.0,road running,Absoluta/General,99,471,Benimodo,La Ribera Alta,Valencia,0,747,Absoluta,Comunidad Valenciana
mychip,"Categories menors, IV 10k Benimodo",2017-04-08,Sábado,0.5,road running,Infantil,10,17,Benimodo,La Ribera Alta,Valencia,0,764,"Benjamin, 2008-2009",Comunidad Valenciana
mychip,"Categories menors, IV 10k Benimodo",2017-04-08,Sábado,1.0,road running,Infantil,16,14,Benimodo,La Ribera Alta,Valencia,0,764,"Alevin, 2006-2007",Comunidad Valenciana
mychip,"Categories menors, IV 10k Benimodo",2017-04-08,Sábado,1.5,road running,Infantil,9,10,Benimodo,La Ribera Alta,Valencia,0,764,"Infantil, 2004-2005",Comunidad Valenciana
mychip,"Categories menors, IV 10k Benimodo",2017-04-08,Sábado,2.0,road running,Cadete/Juvenil,9,16,Benimodo,La Ribera Alta,Valencia,0,764,"Cadete, 2000-2003",Comunidad Valenciana
mychip,"Campeonato Autonómico de Marcha Nórdica, FEMECV 2017",2017-04-08,Sábado,12.0,Otros,Absoluta/General,47,29,Elche,El Bajo Vinalopó,Alicante,0,823,Nordica,Comunidad Valenciana
mychip,Gátova Trail 2017,2017-04-02,Domingo,42.0,trail running,Absoluta/General,22,176,Gátova,El Campo de Turia,Valencia,0,712,42K,Comunidad Valenciana
mychip,Gátova Trail 2017,2017-04-02,Domingo,21.0,trail running,Absoluta/General,32,134,Gátova,El Campo de Turia,Valencia,0,712,21K,Comunidad Valenciana
mychip,Gátova Trail 2017,2017-04-02,Domingo,10.0,trail running,Absoluta/General,55,99,Gátova,El Campo de Turia,Valencia,0,712,10K,Comunidad Valenciana
mychip,Trail Les Creus,2017-04-02,Domingo,22.93,trail running,Absoluta/General,18,134,Tabernes de Valldigna,La Safor,Valencia,0,726,22k,Comunidad Valenciana
mychip,Trail Les Creus,2017-04-02,Domingo,10.482,trail running,Absoluta/General,37,148,Tabernes de Valldigna,La Safor,Valencia,0,726,10k Sprint trail,Comunidad Valenciana
mychip,Trail Les Creus,2017-04-02,Domingo,10.482,trail running,Absoluta/General,50,40,Tabernes de Valldigna,La Safor,Valencia,0,726,Marxa senderista ,Comunidad Valenciana
mychip,Mabo 2017,2017-04-02,Domingo,42.0,trail running,Absoluta/General,44,324,Borriol,Plana Alta,Castellón,0,737,42k Mabo,Comunidad Valenciana
mychip,Mabo 2017,2017-04-02,Domingo,21.0,trail running,Absoluta/General,32,140,Borriol,Plana Alta,Castellón,0,737,21k Mabo,Comunidad Valenciana
mychip,Mabo 2017,2017-04-02,Domingo,14.0,trail running,Cadete/Juvenil,10,14,Borriol,Plana Alta,Castellón,0,737,Junior y Cadetes,Comunidad Valenciana
mychip,Mabo 2017,2017-04-02,Domingo,14.0,trail running,Absoluta/General,0,21,Borriol,Plana Alta,Castellón,0,737,Copa de España Ciegos,Comunidad Valenciana
mychip,"I Arrapapedres, Vall de Gallinera",2017-04-02,Domingo,28.0,trail running,Absoluta/General,14,122,la Vall de Gallinera,La Marina Alta,Alicante,0,776,Trail 28k,Comunidad Valenciana
mychip,"I Arrapapedres, Vall de Gallinera",2017-04-02,Domingo,14.0,trail running,Absoluta/General,50,54,la Vall de Gallinera,La Marina Alta,Alicante,0,776,Sender 14k,Comunidad Valenciana
mychip,II  Letur Trail,2017-04-02,Domingo,24.7,trail running,Absoluta/General,0,0,Letur,,Castilla-La Mancha,0,800,Trail,Castilla-La Mancha
mychip,II  Letur Trail,2017-04-02,Domingo,12.5,trail running,Absoluta/General,0,0,Letur,,Castilla-La Mancha,0,800,Sprint Trail,Castilla-La Mancha
mychip,II  Letur Trail,2017-04-02,Domingo,12.5,trail running,Absoluta/General,0,0,Letur,,Castilla-La Mancha,0,800,Sender,Castilla-La Mancha
mychip,VI Perimetral a Benissa. 23km/42km/73km - Campeonato Autonómico CxM largo recorrido FEMECV,2017-03-25,Sábado,72.0,trail running,Absoluta/General,17,206,Benisa,La Marina Alta,Alicante,0,732,"72K, Ultra",Comunidad Valenciana
mychip,VI Perimetral a Benissa. 23km/42km/73km - Campeonato Autonómico CxM largo recorrido FEMECV,2017-03-25,Sábado,42.0,trail running,Absoluta/General,12,132,Benisa,La Marina Alta,Alicante,0,732,"42k, Maratón",Comunidad Valenciana
mychip,VI Perimetral a Benissa. 23km/42km/73km - Campeonato Autonómico CxM largo recorrido FEMECV,2017-03-25,Sábado,23.0,trail running,Absoluta/General,28,148,Benisa,La Marina Alta,Alicante,0,732,"23k, Trail",Comunidad Valenciana
mychip,III CARRERA NOCTURNA NIT DE LES ERMITES,2017-03-25,Sábado,14.5,trail running,Absoluta/General,69,199,Ibi,La Hoya de Alcoy,Alicante,0,795,CARRERA,Comunidad Valenciana
mychip,III CARRERA NOCTURNA NIT DE LES ERMITES,2017-03-25,Sábado,14.5,trail running,Absoluta/General,190,117,Ibi,La Hoya de Alcoy,Alicante,0,795,SENDER,Comunidad Valenciana
mychip,IV TRAIL RÓTOVA. SENDERS DE LA VALL DEL VERNISA,2017-03-12,Domingo,15.0,trail running,Absoluta/General,28,108,Rótova,La Safor,Valencia,0,727,TRAIL,Comunidad Valenciana
mychip,IV TRAIL RÓTOVA. SENDERS DE LA VALL DEL VERNISA,2017-03-12,Domingo,8.0,trail running,Absoluta/General,77,35,Rótova,La Safor,Valencia,0,727,MARCHA,Comunidad Valenciana
mychip,"Sotos Históricos de Aranjuez, media Maratón",2017-03-12,Domingo,21.097,road running,Absoluta/General,0,0,Aranjuez,,Comunidad de Madrid,0,777,Media Maratón,Comunidad de Madrid
mychip,"Sotos Históricos de Aranjuez, media Maratón",2017-03-12,Domingo,8.0,road running,Absoluta/General,0,0,Aranjuez,,Comunidad de Madrid,0,777,Carrera 8km,Comunidad de Madrid
mychip,"Sotos Históricos de Aranjuez, media Maratón",2017-03-12,Domingo,15.0,road running,Absoluta/General,0,0,Aranjuez,,Comunidad de Madrid,0,777,"15km, Marcha Nórdica",Comunidad de Madrid
mychip,"LIII MARCHA DE VETERANOS COMUNIDAD VALENCIANA FEMECV 2017, Petrer",2017-03-12,Domingo,21.0,trail running,Mayores/Veteranos,22,56,Petrer,El Vinalopó Medio,Alicante,0,816,Marcha de Veteranos,Comunidad Valenciana
mychip,"LIII MARCHA DE VETERANOS COMUNIDAD VALENCIANA FEMECV 2017, Petrer",2017-03-12,Domingo,21.0,trail running,Infantil,0,0,Petrer,El Vinalopó Medio,Alicante,0,816,Menores,Comunidad Valenciana
mychip,II PERIMETRAIL RETT SERRA VERNISSA,2017-03-12,Domingo,22.0,trail running,Absoluta/General,0,0,Játiva,La Costera,Valencia,0,833,PERIMETRAIL RETT,Comunidad Valenciana
mychip,II PERIMETRAIL RETT SERRA VERNISSA,2017-03-12,Domingo,12.0,trail running,Absoluta/General,0,0,Játiva,La Costera,Valencia,0,833,SPRINT RETT,Comunidad Valenciana
mychip,II PERIMETRAIL RETT SERRA VERNISSA,2017-03-12,Domingo,7.0,trail running,Absoluta/General,0,0,Játiva,La Costera,Valencia,0,833,CANICROSS RETT,Comunidad Valenciana
mychip,II PERIMETRAIL RETT SERRA VERNISSA,2017-03-12,Domingo,9.0,trail running,Absoluta/General,0,0,Játiva,La Costera,Valencia,0,833,MARXA RETT,Comunidad Valenciana
mychip,VI Mitja marató D'Alcàntera de Xúquer,2017-03-12,Domingo,21.097,road running,Absoluta/General,15,155,Alcántara de Júcar,La Ribera Alta,Valencia,0,838,Absoluta,Comunidad Valenciana
mychip,VI Quarta marató D'Alcàntera de Xúquer,2017-03-12,Domingo,10.548,road running,Absoluta/General,82,329,Alcántara de Júcar,La Ribera Alta,Valencia,0,839,Absoluta,Comunidad Valenciana
mychip,"Campionat Autonòmic de Carrera Vertical, FEMECV 2017",2017-03-11,Sábado,3.5,trail running,Absoluta/General,10,35,Vall de Uxó,Plana Baja,Castellón,0,814,ABSOLUTA,Comunidad Valenciana
mychip,"Campionat Autonòmic de Carrera Vertical, FEMECV 2017",2017-03-11,Sábado,3.5,trail running,Cadete/Juvenil,1,4,Vall de Uxó,Plana Baja,Castellón,0,814,Cadete,Comunidad Valenciana
mychip,"Campionat Autonòmic de Carrera Vertical, FEMECV 2017",2017-03-11,Sábado,3.5,trail running,Cadete/Juvenil,3,10,Vall de Uxó,Plana Baja,Castellón,0,814,Junior,Comunidad Valenciana
mychip,III Tomaca Trail,2017-03-05,Domingo,21.0,trail running,Absoluta/General,11,87,Alginet,La Ribera Alta,Valencia,0,731,21K,Comunidad Valenciana
mychip,III Tomaca Trail,2017-03-05,Domingo,10.0,trail running,Absoluta/General,51,147,Alginet,La Ribera Alta,Valencia,0,731,10K,Comunidad Valenciana
mychip,III Tomaca Trail,2017-03-05,Domingo,10.0,trail running,Absoluta/General,62,27,Alginet,La Ribera Alta,Valencia,0,731,10k Sender,Comunidad Valenciana
mychip,III Marató de la Calderona,2017-03-05,Domingo,43.0,trail running,Absoluta/General,6,131,Serra,El Campo de Turia,Valencia,0,759,43k,Comunidad Valenciana
mychip,III Marató de la Calderona,2017-03-05,Domingo,20.5,trail running,Absoluta/General,24,143,Serra,El Campo de Turia,Valencia,0,759,20k,Comunidad Valenciana
mychip,"VII MIMAMUCA, III MAMUCA",2017-03-05,Domingo,42.195,trail running,Absoluta/General,11,201,Carrícola,La Vall d'Albaida,Valencia,0,761,MAMUCA,Comunidad Valenciana
mychip,"VII MIMAMUCA, III MAMUCA",2017-03-05,Domingo,21.097,trail running,Absoluta/General,79,366,Carrícola,La Vall d'Albaida,Valencia,0,761,MIMAMUCA,Comunidad Valenciana
mychip,"V 7k, 15k maskokotas",2017-03-05,Domingo,7.0,road running,Absoluta/General,0,0,Guadassuar,La Ribera Alta,Valencia,0,789,7k,Comunidad Valenciana
mychip,"V 7k, 15k maskokotas",2017-03-05,Domingo,14.0,road running,Absoluta/General,0,0,Guadassuar,La Ribera Alta,Valencia,0,789,14k,Comunidad Valenciana
mychip,"III Segura Trail, Elche de la Sierra",2017-03-05,Domingo,23.0,trail running,Absoluta/General,0,0,Elche de la Sierra,,Castilla-La Mancha,0,799,Trail,Castilla-La Mancha
mychip,"III Segura Trail, Elche de la Sierra",2017-03-05,Domingo,16.0,trail running,Absoluta/General,0,0,Elche de la Sierra,,Castilla-La Mancha,0,799,Sprint Trail,Castilla-La Mancha
mychip,"III Segura Trail, Elche de la Sierra",2017-03-05,Domingo,16.0,trail running,Absoluta/General,0,0,Elche de la Sierra,,Castilla-La Mancha,0,799,Sender,Castilla-La Mancha
mychip,10k Ford- APPI,2017-03-05,Domingo,10.0,road running,Absoluta/General,0,0,Almussafes,La Ribera Baja,Valencia,0,804,10k,Comunidad Valenciana
mychip,10k Ford- APPI,2017-03-05,Domingo,5.0,road running,Absoluta/General,0,0,Almussafes,La Ribera Baja,Valencia,0,804,5k,Comunidad Valenciana
mychip,10k Ford- APPI,2017-03-05,Domingo,0.0,road running,Infantil,0,0,Almussafes,La Ribera Baja,Valencia,0,804,Infantiles,Comunidad Valenciana
mychip,"III Prueba Campeonato Liga de carrera por montaña Femecv 2017, VI Callosa Xtrem",2017-03-05,Domingo,22.0,trail running,Absoluta/General,38,163,Callosa de Segura,,Alicante,0,805,Carrera por Montaña,Comunidad Valenciana
mychip,"III Prueba Campeonato Liga de carrera por montaña Femecv 2017, VI Callosa Xtrem",2017-03-05,Domingo,12.0,trail running,Cadete/Juvenil,1,6,Callosa de Segura,,Alicante,0,805,Cadete,Comunidad Valenciana
mychip,"III Prueba Campeonato Liga de carrera por montaña Femecv 2017, VI Callosa Xtrem",2017-03-05,Domingo,12.0,trail running,Cadete/Juvenil,3,17,Callosa de Segura,,Alicante,0,805,Junior,Comunidad Valenciana
mychip,"II Volta a peu i Marxa 5k per a tota la familia, Puçol",2017-03-05,Domingo,5.0,road running,Absoluta/General,0,0,Puzol,Huerta Norte,Valencia,0,810,5k,Comunidad Valenciana
mychip,"III Corre-Cross de la Dona, Picanya",2017-03-01,Miércoles,4.0,road running,Absoluta/General,0,0,Picaña,Huerta Sur,Valencia,0,818,4k Femenino,Comunidad Valenciana
mychip,XVII Volta a peu a Catadau,2017-02-26,Domingo,10.5,road running,Absoluta/General,86,346,Catadau,La Ribera Alta,Valencia,0,745,Absoluta,Comunidad Valenciana
mychip,"Categories menors, XVII Volta a peu a Catadau",2017-02-26,Domingo,0.5,road running,Infantil,13,17,Catadau,La Ribera Alta,Valencia,0,763,"Benjamin, 2008-2009",Comunidad Valenciana
mychip,"Categories menors, XVII Volta a peu a Catadau",2017-02-26,Domingo,1.0,road running,Infantil,14,13,Catadau,La Ribera Alta,Valencia,0,763,"Alevin, 2006-2007",Comunidad Valenciana
mychip,"Categories menors, XVII Volta a peu a Catadau",2017-02-26,Domingo,1.5,road running,Infantil,8,9,Catadau,La Ribera Alta,Valencia,0,763,"Infantil, 2004-2005",Comunidad Valenciana
mychip,"Categories menors, XVII Volta a peu a Catadau",2017-02-26,Domingo,2.0,road running,Cadete/Juvenil,7,10,Catadau,La Ribera Alta,Valencia,0,763,"Cadete, 2000-2003",Comunidad Valenciana
mychip,II TRAIL DE ANNA,2017-02-26,Domingo,0.0,trail running,Absoluta/General,0,0,Anna,La Canal de Navarrés,Valencia,0,792,Trail,Comunidad Valenciana
mychip,IX Edició Gran Fons de la Valldigna,2017-02-26,Domingo,15.0,road running,Absoluta/General,42,110,Tabernes de Valldigna,La Safor,Valencia,0,796,Gran Fons,Comunidad Valenciana
mychip,"Tes y Utes, Espadan Trail Events",2017-02-25,Sábado,106.0,trail running,Absoluta/General,2,44,Vall de Uxó,Plana Baja,Castellón,0,690,UTES,Comunidad Valenciana
mychip,"Tes y Utes, Espadan Trail Events",2017-02-25,Sábado,60.0,trail running,Absoluta/General,6,98,Vall de Uxó,Plana Baja,Castellón,0,690,TES,Comunidad Valenciana
mychip,GDP - SERRA DE SEGARIA,2017-02-19,Domingo,0.019,road running,Absoluta/General,0,0,Ondara,La Marina Alta,Alicante,0,715,GDP 8.0 CORRE19,Comunidad Valenciana
mychip,GDP - SERRA DE SEGARIA,2017-02-19,Domingo,0.013,road running,Absoluta/General,0,0,Ondara,La Marina Alta,Alicante,0,715,GDP 8.0 CORRE13,Comunidad Valenciana
mychip,GDP - SERRA DE SEGARIA,2017-02-19,Domingo,0.013,road running,Absoluta/General,0,0,Ondara,La Marina Alta,Alicante,0,715,GDP 8.0 CAMINA13,Comunidad Valenciana
mychip,Clariano Trail 2017,2017-02-12,Domingo,26.7,trail running,Absoluta/General,17,180,Onteniente,La Vall d'Albaida,Valencia,0,723,"Trail 26,7k",Comunidad Valenciana
mychip,Clariano Trail 2017,2017-02-12,Domingo,14.4,trail running,Absoluta/General,43,133,Onteniente,La Vall d'Albaida,Valencia,0,723,"Sprint Trail 14,4km",Comunidad Valenciana
mychip,Clariano Trail 2017,2017-02-12,Domingo,14.4,trail running,Absoluta/General,59,37,Onteniente,La Vall d'Albaida,Valencia,0,723,"Senderista 14,4km",Comunidad Valenciana
mychip,Clariano Trail 2017,2017-02-12,Domingo,0.0,trail running,Absoluta/General,0,0,Onteniente,La Vall d'Albaida,Valencia,0,723,Voluntario,Comunidad Valenciana
mychip,"El Camí dels Bandolers, Senija, V edició. 15km / 25km",2017-02-12,Domingo,25.0,trail running,Absoluta/General,17,112,Senija,La Marina Alta,Alicante,0,730,25K,Comunidad Valenciana
mychip,"El Camí dels Bandolers, Senija, V edició. 15km / 25km",2017-02-12,Domingo,15.0,trail running,Absoluta/General,40,81,Senija,La Marina Alta,Alicante,0,730,15K,Comunidad Valenciana
mychip,XII Gran Fons de Turis memorial Raimon Soria,2017-02-12,Domingo,16.0,road running,Absoluta/General,56,355,Turís,La Ribera Alta,Valencia,0,744,Absoluta 16k,Comunidad Valenciana
mychip,XII Gran Fons de Turis memorial Raimon Soria,2017-02-12,Domingo,8.5,road running,Absoluta/General,0,0,Turís,La Ribera Alta,Valencia,0,744,"8,5k",Comunidad Valenciana
mychip,"CATEGORIAS MENORES, XII GRAN FONS DE TURIS MEMORIAL RAIMON SORIA ",2017-02-12,Domingo,0.5,road running,Infantil,10,13,Turís,La Ribera Alta,Valencia,0,762,"Benjamin, 2008-2009",Comunidad Valenciana
mychip,"CATEGORIAS MENORES, XII GRAN FONS DE TURIS MEMORIAL RAIMON SORIA ",2017-02-12,Domingo,0.0,road running,Infantil,18,14,Turís,La Ribera Alta,Valencia,0,762,"Alevin, 2006-2007",Comunidad Valenciana
mychip,"CATEGORIAS MENORES, XII GRAN FONS DE TURIS MEMORIAL RAIMON SORIA ",2017-02-12,Domingo,1.5,road running,Infantil,6,11,Turís,La Ribera Alta,Valencia,0,762,"Infantil, 2004-2005",Comunidad Valenciana
mychip,"CATEGORIAS MENORES, XII GRAN FONS DE TURIS MEMORIAL RAIMON SORIA ",2017-02-12,Domingo,2.0,road running,Cadete/Juvenil,8,6,Turís,La Ribera Alta,Valencia,0,762,"Cadete, 2000-2003",Comunidad Valenciana
mychip,CARRERA POPULAR SOLIDARIA MANOS UNIDAS ALZIRA 2017,2017-02-11,Sábado,6.0,road running,Absoluta/General,0,0,Alcira,La Ribera Alta,Valencia,0,736,6km,Comunidad Valenciana
mychip,CARRERA POPULAR SOLIDARIA MANOS UNIDAS ALZIRA 2017,2017-02-11,Sábado,2.0,road running,Absoluta/General,0,0,Alcira,La Ribera Alta,Valencia,0,736,2km,Comunidad Valenciana
mychip,I Trail per muntanya de Benissoda,2017-02-05,Domingo,15.0,trail running,Absoluta/General,14,133,Benisoda,La Vall d'Albaida,Valencia,0,696,Trail,Comunidad Valenciana
mychip,II Trail Ponoig,2017-02-05,Domingo,27.0,trail running,Absoluta/General,9,122,Polop,La Marina Baja,Alicante,0,720,27k,Comunidad Valenciana
mychip,II Trail Ponoig,2017-02-05,Domingo,16.0,trail running,Absoluta/General,17,67,Polop,La Marina Baja,Alicante,0,720,16k,Comunidad Valenciana
mychip,"Medio Maratón y 10k  ciudad de Oliva, Memorial Teodoro Barber Serra",2017-02-05,Domingo,10.0,road running,Absoluta/General,0,0,Oliva,La Safor,Valencia,0,743,10k,Comunidad Valenciana
mychip,"Medio Maratón y 10k  ciudad de Oliva, Memorial Teodoro Barber Serra",2017-02-05,Domingo,21.097,road running,Absoluta/General,0,0,Oliva,La Safor,Valencia,0,743,21K,Comunidad Valenciana
mychip,"Campeonato Liga FEMECV, Cursa per Muntanya Ciutat de la Vall D'uixó",2017-02-05,Domingo,20.6,trail running,Absoluta/General,45,188,Vall de Uxó,Plana Baja,Castellón,0,783,Carrera por Montaña,Comunidad Valenciana
mychip,"Campeonato Liga FEMECV, Cursa per Muntanya Ciutat de la Vall D'uixó",2017-02-05,Domingo,10.0,trail running,Cadete/Juvenil,1,5,Vall de Uxó,Plana Baja,Castellón,0,783,Cadete,Comunidad Valenciana
mychip,"Campeonato Liga FEMECV, Cursa per Muntanya Ciutat de la Vall D'uixó",2017-02-05,Domingo,10.0,trail running,Cadete/Juvenil,6,17,Vall de Uxó,Plana Baja,Castellón,0,783,Junior,Comunidad Valenciana
mychip,"Marcha integral Serra de Crevillente, 2017",2017-02-04,Sábado,50.0,trail running,Absoluta/General,0,0,Crevillente,El Bajo Vinalopó,Alicante,0,760,Integral,Comunidad Valenciana
mychip,"2a. Melgatón i 5a Carrera y marcha por Montaña, Trofeo Virgen del Remedio",2017-01-29,Domingo,0.0,trail running,Absoluta/General,0,0,Petrer,El Vinalopó Medio,Alicante,0,673,Melgatón,Comunidad Valenciana
mychip,"2a. Melgatón i 5a Carrera y marcha por Montaña, Trofeo Virgen del Remedio",2017-01-29,Domingo,15.0,trail running,Absoluta/General,20,147,Petrer,El Vinalopó Medio,Alicante,0,673,Carrera por montaña,Comunidad Valenciana
mychip,"2a. Melgatón i 5a Carrera y marcha por Montaña, Trofeo Virgen del Remedio",2017-01-29,Domingo,15.0,trail running,Cadete/Juvenil,0,2,Petrer,El Vinalopó Medio,Alicante,0,673,Cadete/Juvenil,Comunidad Valenciana
mychip,"2a. Melgatón i 5a Carrera y marcha por Montaña, Trofeo Virgen del Remedio",2017-01-29,Domingo,15.0,trail running,Absoluta/General,55,85,Petrer,El Vinalopó Medio,Alicante,0,673,Marcha Senderista,Comunidad Valenciana
mychip,V MARATON DEL CAROIG,2017-01-29,Domingo,0.0,road running,Absoluta/General,0,0,Alcántara de Júcar,La Ribera Alta,Valencia,0,724,default,Comunidad Valenciana
mychip,Dia del Senderista de la Comunitat Valenciana 2017,2017-01-29,Domingo,14.0,Otros,Absoluta/General,151,229,Jeresa,La Safor,Valencia,0,725,Marcha Senderista,Comunidad Valenciana
mychip,Dia del Senderista de la Comunitat Valenciana 2017,2017-01-29,Domingo,14.0,Otros,Infantil,0,0,Jeresa,La Safor,Valencia,0,725,Menores,Comunidad Valenciana
mychip,Cursa x Muntanya Serra Perenxisa,2017-01-29,Domingo,21.0,trail running,Absoluta/General,0,0,Torrente,Huerta Sur,Valencia,0,773,21k,Comunidad Valenciana
mychip,Sagunt Corre ,2017-01-29,Domingo,0.0,road running,Absoluta/General,0,0,Sagunto,Campo de Murviedro,Valencia,0,794,default,Comunidad Valenciana
mychip,II Trail el Salto de Chella,2017-01-22,Domingo,14.0,trail running,Absoluta/General,56,50,Chella,La Canal de Navarrés,Valencia,0,632,Sender,Comunidad Valenciana
mychip,II Trail el Salto de Chella,2017-01-22,Domingo,17.0,trail running,Absoluta/General,30,144,Chella,La Canal de Navarrés,Valencia,0,632,Trail,Comunidad Valenciana
mychip,Mitja i Quarta Picanya-Paiporta,2017-01-22,Domingo,10.548,road running,Absoluta/General,159,387,Picaña,Huerta Sur,Valencia,0,694,Quarta,Comunidad Valenciana
mychip,Mitja i Quarta Picanya-Paiporta,2017-01-22,Domingo,21.097,road running,Absoluta/General,94,701,Picaña,Huerta Sur,Valencia,0,694,Mitja,Comunidad Valenciana
mychip,I Prueba del Campeonato de Liga de carrrera por Montaña de la FEMECV,2017-01-22,Domingo,20.5,trail running,Absoluta/General,56,244,Crevillente,El Bajo Vinalopó,Alicante,0,742,Carrera por Montaña,Comunidad Valenciana
mychip,I Prueba del Campeonato de Liga de carrrera por Montaña de la FEMECV,2017-01-22,Domingo,13.3,trail running,Cadete/Juvenil,1,5,Crevillente,El Bajo Vinalopó,Alicante,0,742,Cadete,Comunidad Valenciana
mychip,I Prueba del Campeonato de Liga de carrrera por Montaña de la FEMECV,2017-01-22,Domingo,13.3,trail running,Cadete/Juvenil,2,15,Crevillente,El Bajo Vinalopó,Alicante,0,742,Junior,Comunidad Valenciana
mychip,MARCHA BTT XATIVA by CC Ribera del Xuquer,2017-01-22,Domingo,0.0,road running,Absoluta/General,0,0,Játiva,La Costera,Valencia,0,770,default,Comunidad Valenciana
mychip,VI Carrera por montaña Cerro de la Mola,2017-01-15,Domingo,17.0,trail running,Absoluta/General,100,125,Novelda,El Vinalopó Medio,Alicante,0,691,SENDERISTA,Comunidad Valenciana
mychip,VI Carrera por montaña Cerro de la Mola,2017-01-15,Domingo,19.5,trail running,Absoluta/General,30,240,Novelda,El Vinalopó Medio,Alicante,0,691,CARRERA,Comunidad Valenciana
mychip,X Carrera por Montaña Villa de Azuebar,2017-01-15,Domingo,20.0,trail running,Absoluta/General,31,165,Azuébar,El Alto Palancia,Castellón,0,697,Carrera por montaña,Comunidad Valenciana
mychip,6e. Trail i Marxa Senderista La Mallà-Serralades de Barxeta,2017-01-15,Domingo,18.5,trail running,Absoluta/General,248,230,Barcheta,La Costera,Valencia,0,702,MARCHA SENDERISTA,Comunidad Valenciana
mychip,6e. Trail i Marxa Senderista La Mallà-Serralades de Barxeta,2017-01-15,Domingo,21.3,trail running,Absoluta/General,92,514,Barcheta,La Costera,Valencia,0,702,CARRERA,Comunidad Valenciana
mychip,GR10 EXTREM 2017,2017-01-14,Sábado,94.0,trail running,Absoluta/General,10,177,Puzol,Huerta Norte,Valencia,0,667,GR10,Comunidad Valenciana
mychip,"I Carrera del Roscón, Polop de la marina",2017-01-07,Sábado,7.0,road running,Absoluta/General,16,58,Polop,La Marina Baja,Alicante,0,734,ABSOLUTA,Comunidad Valenciana
mychip,"I Carrera del Roscón, Polop de la marina",2017-01-07,Sábado,0.1,road running,Infantil,0,0,Polop,La Marina Baja,Alicante,0,734,ZZZde 0 a 5 años,Comunidad Valenciana
mychip,"I Carrera del Roscón, Polop de la marina",2017-01-07,Sábado,0.35,road running,Infantil,0,0,Polop,La Marina Baja,Alicante,0,734,De 5 a 8 años,Comunidad Valenciana
mychip,"I Carrera del Roscón, Polop de la marina",2017-01-07,Sábado,0.8,road running,Infantil,0,0,Polop,La Marina Baja,Alicante,0,734,De 8 a 12 años,Comunidad Valenciana
mychip,XVII Volta a peu a Xeraco,2017-01-06,Viernes,15.0,road running,Absoluta/General,62,308,Jaraco,La Safor,Valencia,0,713,15k,Comunidad Valenciana
mychip,XVII Volta a peu a Xeraco,2017-01-06,Viernes,7.1,road running,Absoluta/General,57,95,Jaraco,La Safor,Valencia,0,713,7k,Comunidad Valenciana
mychip,XVII Volta a peu a Xeraco,2017-01-06,Viernes,0.0,road running,Infantil,0,0,Jaraco,La Safor,Valencia,0,713,Menores,Comunidad Valenciana
mychip,XXXV San Silvestre Toledana,2016-12-31,Sábado,8.7,road running,Absoluta/General,930,3433,Toledo,,Toledo,0,676,San Silvestre,Castilla-La Mancha
mychip,XXXV San Silvestre Toledana,2016-12-31,Sábado,0.4,road running,Infantil,42,66,Toledo,,Toledo,0,676,De 2 a 5 años (carrera en la VEGA),Castilla-La Mancha
mychip,XXXV San Silvestre Toledana,2016-12-31,Sábado,0.4,road running,Infantil,77,113,Toledo,,Toledo,0,676,De 6 a 9 años (carrera en la VEGA),Castilla-La Mancha
mychip,XXXV San Silvestre Toledana,2016-12-31,Sábado,0.8,road running,Infantil,41,69,Toledo,,Toledo,0,676,De 10  a 11 años (carrera en la VEGA),Castilla-La Mancha
mychip,XXXV San Silvestre Toledana,2016-12-31,Sábado,1.2,road running,Infantil,20,24,Toledo,,Toledo,0,676,De 12 a 13 años (carrera en la VEGA),Castilla-La Mancha
mychip,XXXV San Silvestre Toledana,2016-12-31,Sábado,1.6,road running,Infantil,5,17,Toledo,,Toledo,0,676,De 14 a 15 años (carrera en la VEGA),Castilla-La Mancha
mychip,"II San Silvestre Pilareña, Grupo TVHoradada",2016-12-31,Sábado,0.1,road running,Infantil,5,2,Pilar de la Horadada,,Alicante,0,729,CHUPETIN (2011-2012),Comunidad Valenciana
mychip,"II San Silvestre Pilareña, Grupo TVHoradada",2016-12-31,Sábado,0.4,road running,Infantil,7,13,Pilar de la Horadada,,Alicante,0,729,PREBENJAMIN (2009-2010),Comunidad Valenciana
mychip,"II San Silvestre Pilareña, Grupo TVHoradada",2016-12-31,Sábado,0.4,road running,Infantil,12,13,Pilar de la Horadada,,Alicante,0,729,BENJAMIN (2007-2008),Comunidad Valenciana
mychip,"II San Silvestre Pilareña, Grupo TVHoradada",2016-12-31,Sábado,0.4,road running,Infantil,11,9,Pilar de la Horadada,,Alicante,0,729,ALEVIN (2005-2006),Comunidad Valenciana
mychip,"II San Silvestre Pilareña, Grupo TVHoradada",2016-12-31,Sábado,0.8,road running,Infantil,6,10,Pilar de la Horadada,,Alicante,0,729,INFANTIL / CADETE (2001-2004),Comunidad Valenciana
mychip,"II San Silvestre Pilareña, Grupo TVHoradada",2016-12-31,Sábado,5.0,road running,Absoluta/General,92,171,Pilar de la Horadada,,Alicante,0,729,ABSOLUTA,Comunidad Valenciana
mychip,SAN SILVESTRE TRAIL SUMACARCER,2016-12-31,Sábado,0.0,road running,Absoluta/General,0,0,Alcántara de Júcar,La Ribera Alta,Valencia,0,740,default,Comunidad Valenciana
mychip,"IX  San Silvestre ""CIUTAT D'ALGEMESÍ""",2016-12-30,Viernes,3.5,road running,Absoluta/General,0,0,Algemesí,La Ribera Alta,Valencia,0,774,San Silvestre,Comunidad Valenciana
mychip,San Silvestre de Callosa 2016,2016-12-26,Lunes,3.4,road running,Absoluta/General,98,58,Callosa de Ensarriá,,Alicante,0,718,"3,4km, Popular",Valencia
mychip,San Silvestre de Callosa 2016,2016-12-26,Lunes,6.8,road running,Absoluta/General,14,46,Callosa de Ensarriá,,Alicante,0,718,"6,8km, Competitiva",Valencia
mychip,San Silvestre de Callosa 2016,2016-12-26,Lunes,0.0,road running,Infantil,0,0,Callosa de Ensarriá,,Alicante,0,718,INFANTIL 0-7 años (Gratuita),Valencia
mychip,XXXIII Carrera popular Villa de Aranjuez,2016-12-18,Domingo,10.0,road running,Absoluta/General,1344,3940,Aranjuez,,Comunidad de Madrid,0,675,10K,Comunidad de Madrid
mychip,XXVII San Silvestre Monovera,2016-12-18,Domingo,5.1,road running,Absoluta/General,85,236,Monóvar,El Vinalopó Medio,Alicante,0,721,ABSOLUTA,Comunidad Valenciana
mychip,XXVII San Silvestre Monovera,2016-12-18,Domingo,1.4,road running,Infantil,13,22,Monóvar,El Vinalopó Medio,Alicante,0,721,De 11 a 13 años,Comunidad Valenciana
mychip,XXVII San Silvestre Monovera,2016-12-18,Domingo,0.8,road running,Infantil,21,31,Monóvar,El Vinalopó Medio,Alicante,0,721,De 8 a 10 años,Comunidad Valenciana
mychip,XXVII San Silvestre Monovera,2016-12-18,Domingo,0.4,road running,Infantil,35,41,Monóvar,El Vinalopó Medio,Alicante,0,721,Hasta 7 años,Comunidad Valenciana
mychip,"II Matagigantes, Circuito Desafios Trail Sierra del Segura",2016-12-11,Domingo,13.7,trail running,Absoluta/General,0,0,Liétor,,Castilla-La Mancha,0,556,Sender No Federado,Castilla-La Mancha
mychip,"II Matagigantes, Circuito Desafios Trail Sierra del Segura",2016-12-11,Domingo,13.7,trail running,Absoluta/General,0,0,Liétor,,Castilla-La Mancha,0,556,Trail Federado,Castilla-La Mancha
mychip,"II Matagigantes, Circuito Desafios Trail Sierra del Segura",2016-12-11,Domingo,20.4,trail running,Absoluta/General,0,0,Liétor,,Castilla-La Mancha,0,556,Trail No Federado,Castilla-La Mancha
mychip,XII Mitja Marató Serra d’Oltà,2016-12-11,Domingo,20.5,trail running,Absoluta/General,45,283,Calpe,La Marina Alta,Alicante,0,628,Cursa,Comunidad Valenciana
mychip,XII Mitja Marató Serra d’Oltà,2016-12-11,Domingo,17.5,trail running,Absoluta/General,48,65,Calpe,La Marina Alta,Alicante,0,628,Marcha,Comunidad Valenciana
mychip,Trail Marines Vell,2016-12-11,Domingo,21.0,trail running,Absoluta/General,37,235,Marines,El Campo de Turia,Valencia,0,687,Media maratón,Comunidad Valenciana
mychip,XIII Mitja Marató de Dénia i Quart de Marató,2016-12-11,Domingo,10.548,road running,Absoluta/General,92,183,Denia,La Marina Alta,Alicante,0,706,QUARTA,Comunidad Valenciana
mychip,XIII Mitja Marató de Dénia i Quart de Marató,2016-12-11,Domingo,21.0,road running,Absoluta/General,69,337,Denia,La Marina Alta,Alicante,0,706,MITJA,Comunidad Valenciana
mychip,Mitja i Quarta Marató  ciutat d'Alcoi,2016-12-06,Martes,10.548,road running,Absoluta/General,191,376,Alcoy,La Hoya de Alcoy,Alicante,0,693,Quarta,Comunidad Valenciana
mychip,Mitja i Quarta Marató  ciutat d'Alcoi,2016-12-06,Martes,21.097,road running,Absoluta/General,31,294,Alcoy,La Hoya de Alcoy,Alicante,0,693,Media,Comunidad Valenciana
mychip,Mitja i Quarta Marató  ciutat d'Alcoi,2016-12-06,Martes,21.097,road running,Absoluta/General,10,20,Alcoy,La Hoya de Alcoy,Alicante,0,693,Relevos,Comunidad Valenciana
mychip,"II Simat Trail Series, Sprint Vertical Massís del Toro, Trail i Marxa Senderista a Penalva.",2016-12-04,Domingo,20.46,trail running,Absoluta/General,3,19,Simat de Valldigna,La Safor,Valencia,0,626,Carrera por montaña,Comunidad Valenciana
mychip,"II Simat Trail Series, Sprint Vertical Massís del Toro, Trail i Marxa Senderista a Penalva.",2016-12-04,Domingo,1.46,trail running,Absoluta/General,18,25,Simat de Valldigna,La Safor,Valencia,0,626,Carrera vertical,Comunidad Valenciana
mychip,"II Simat Trail Series, Sprint Vertical Massís del Toro, Trail i Marxa Senderista a Penalva.",2016-12-04,Domingo,13.5,trail running,Absoluta/General,20,11,Simat de Valldigna,La Safor,Valencia,0,626,Marcha Senderista,Comunidad Valenciana
mychip,"II Simat Trail Series, Sprint Vertical Massís del Toro, Trail i Marxa Senderista a Penalva.",2016-12-04,Domingo,19.0,trail running,Absoluta/General,14,75,Simat de Valldigna,La Safor,Valencia,0,626,Trail,Comunidad Valenciana
mychip,XVI MITJA MARATO SAMARUC-ALGEMESI,2016-12-04,Domingo,21.097,road running,Absoluta/General,31,295,Algemesí,La Ribera Alta,Valencia,0,698,Media maratón,Comunidad Valenciana
mychip,I MARATON ANNA,2016-12-04,Domingo,0.0,road running,Absoluta/General,0,0,Anna,La Canal de Navarrés,Valencia,0,711,default,Comunidad Valenciana
mychip,4º TRAIL EL VENTOS,2016-11-27,Domingo,8.0,trail running,Absoluta/General,19,23,Agost,El Alacantí,Alicante,0,589,Marcha Senderista,Comunidad Valenciana
mychip,4º TRAIL EL VENTOS,2016-11-27,Domingo,16.0,trail running,Absoluta/General,42,203,Agost,El Alacantí,Alicante,0,589,Trail,Comunidad Valenciana
mychip,X CURSA TOMBATOSSALS MARATOMBA 42K,2016-11-27,Domingo,41.35,road running,Absoluta/General,5,79,Castellón de la Plana,Plana Alta,Castellón,0,686,Maratomba,Comunidad Valenciana
mychip,X CURSA TOMBATOSSALS MARATOMBA 42K,2016-11-27,Domingo,21.0,road running,Absoluta/General,47,207,Castellón de la Plana,Plana Alta,Castellón,0,686,Tombatossals,Comunidad Valenciana
mychip,"Media maratón de montaña ""Sierra de Peña Rubia""",2016-11-27,Domingo,23.5,trail running,Absoluta/General,0,0,Villena,El Alto Vinalopó,Alicante,0,716,"Media maratón de montaña ""Sierra de Peña Rubia"" ",Comunidad Valenciana
mychip,I cursa per muntanya i marxa senderista serra D'Agullent,2016-11-27,Domingo,21.0,trail running,Absoluta/General,0,0,Agullent,La Vall d'Albaida,Valencia,0,719,TRAIL 21KM,Comunidad Valenciana
mychip,I cursa per muntanya i marxa senderista serra D'Agullent,2016-11-27,Domingo,12.0,trail running,Absoluta/General,0,0,Agullent,La Vall d'Albaida,Valencia,0,719,TRAIL 12KM,Comunidad Valenciana
mychip,I cursa per muntanya i marxa senderista serra D'Agullent,2016-11-27,Domingo,12.0,trail running,Absoluta/General,0,0,Agullent,La Vall d'Albaida,Valencia,0,719,Marcha Senderista,Comunidad Valenciana
mychip,Campionat de Regularitat per Muntanya de la Comunitat Valenciana,2016-11-20,Domingo,18.0,trail running,Absoluta/General,49,88,Játiva,La Costera,Valencia,0,704,Marcha Senderista,Comunidad Valenciana
mychip,Campionat de Regularitat per Muntanya de la Comunitat Valenciana,2016-11-20,Domingo,18.0,trail running,Infantil,0,0,Játiva,La Costera,Valencia,0,704,Menores,Comunidad Valenciana
mychip,I TRAIL DE L'OLLERIA,2016-11-20,Domingo,0.0,road running,Absoluta/General,0,0,Ollería,La Vall d'Albaida,Valencia,0,710,default,Comunidad Valenciana
mychip,"Marató dels Dements,  2016",2016-11-19,Sábado,42.5,trail running,Absoluta/General,21,308,Eslida,Plana Baja,Castellón,0,572,Maratón por Montaña,Comunidad Valenciana
mychip,"Marató dels Dements,  2016",2016-11-19,Sábado,21.0,trail running,Absoluta/General,24,107,Eslida,Plana Baja,Castellón,0,572,Media maratón,Comunidad Valenciana
mychip,THE WALKING WHITE RUNNERS,2016-11-13,Domingo,0.0,road running,Absoluta/General,0,0,Blanca,,Región de Murcia,0,695,default,Región de Murcia
mychip,V GRAN FONS D'ONDARA,2016-11-13,Domingo,0.015,road running,Absoluta/General,0,0,Ondara,La Marina Alta,Alicante,0,714,Gran Fondo,Comunidad Valenciana
mychip,"Desafios Lurbel 2016, Aitana",2016-11-12,Sábado,40.0,trail running,Absoluta/General,21,365,Finestrat,La Marina Baja,Alicante,0,585,40k,Comunidad Valenciana
mychip,"Desafios Lurbel 2016, Aitana",2016-11-12,Sábado,86.0,trail running,Absoluta/General,1,72,Finestrat,La Marina Baja,Alicante,0,585,86k,Comunidad Valenciana
mychip,"Desafios Lurbel 2016, Aitana",2016-11-12,Sábado,120.0,trail running,Absoluta/General,4,104,Finestrat,La Marina Baja,Alicante,0,585,120k,Comunidad Valenciana
mychip,"Desafios Lurbel 2016, Aitana",2016-11-12,Sábado,11.3,trail running,Absoluta/General,0,0,Finestrat,La Marina Baja,Alicante,0,585,Marcha Senderista,Comunidad Valenciana
mychip,XXXI VOLTA A LA FOIA I XV MARXA POPULAR  2016,2016-10-30,Domingo,27.5,road running,Absoluta/General,56,501,Castalla,La Hoya de Alcoy,Alicante,0,670,Carrera,Comunidad Valenciana
mychip,XXXI VOLTA A LA FOIA I XV MARXA POPULAR  2016,2016-10-30,Domingo,27.5,road running,Absoluta/General,306,300,Castalla,La Hoya de Alcoy,Alicante,0,670,Caminantes,Comunidad Valenciana
mychip,"IV 10k de L'Olleria, VIII Circuit Cajamar Vall D'Albaida 2016",2016-10-29,Sábado,10.0,road running,Absoluta/General,51,276,Ollería,La Vall d'Albaida,Valencia,0,618,ABSOLUTA,Comunidad Valenciana
mychip,"IV 10k de L'Olleria, VIII Circuit Cajamar Vall D'Albaida 2016",2016-10-29,Sábado,0.6,road running,Infantil,7,7,Ollería,La Vall d'Albaida,Valencia,0,618,BENJAMIN,Comunidad Valenciana
mychip,"IV 10k de L'Olleria, VIII Circuit Cajamar Vall D'Albaida 2016",2016-10-29,Sábado,1.0,road running,Infantil,4,4,Ollería,La Vall d'Albaida,Valencia,0,618,ALEVIN,Comunidad Valenciana
mychip,"IV 10k de L'Olleria, VIII Circuit Cajamar Vall D'Albaida 2016",2016-10-29,Sábado,1.2,road running,Infantil,6,6,Ollería,La Vall d'Albaida,Valencia,0,618,INFANTIL,Comunidad Valenciana
mychip,3er. Trail la Vall de Segó,2016-10-22,Sábado,0.999,trail running,Absoluta/General,14,122,Faura,Campo de Murviedro,Valencia,0,599,Trail,Comunidad Valenciana
mychip,3er. Trail la Vall de Segó,2016-10-22,Sábado,0.999,trail running,Absoluta/General,36,73,Faura,Campo de Murviedro,Valencia,0,599,Marcha Senderista,Comunidad Valenciana
mychip,3er. Trail la Vall de Segó,2016-10-22,Sábado,0.0,trail running,Absoluta/General,0,0,Faura,Campo de Murviedro,Valencia,0,599,Concurso fotografia,Comunidad Valenciana
mychip,III VOLTA POPULAR MEMORIAL ESTANIS CASTELLÓ D'AIELO DE MALFERIT,2016-10-22,Sábado,8.7,road running,Absoluta/General,74,298,Ayelo de Malferit,La Vall d'Albaida,Valencia,0,617,ABSOLUTA,Comunidad Valenciana
mychip,III VOLTA POPULAR MEMORIAL ESTANIS CASTELLÓ D'AIELO DE MALFERIT,2016-10-22,Sábado,0.5,road running,Infantil,6,6,Ayelo de Malferit,La Vall d'Albaida,Valencia,0,617,BENJAMIN,Comunidad Valenciana
mychip,III VOLTA POPULAR MEMORIAL ESTANIS CASTELLÓ D'AIELO DE MALFERIT,2016-10-22,Sábado,0.5,road running,Infantil,3,7,Ayelo de Malferit,La Vall d'Albaida,Valencia,0,617,ALEVIN,Comunidad Valenciana
mychip,III VOLTA POPULAR MEMORIAL ESTANIS CASTELLÓ D'AIELO DE MALFERIT,2016-10-22,Sábado,2.0,road running,Infantil,7,6,Ayelo de Malferit,La Vall d'Albaida,Valencia,0,617,INFANTIL,Comunidad Valenciana
mychip,"IX Edición, La Nocturna de Toledo ",2016-10-22,Sábado,7.899,road running,Absoluta/General,264,1601,Toledo,,Toledo,0,677,"9K, Estación Ave",Castilla-La Mancha
mychip,"IX Edición, La Nocturna de Toledo ",2016-10-22,Sábado,5.1,road running,Absoluta/General,255,285,Toledo,,Toledo,0,677,"6k, Plaza de Toros",Castilla-La Mancha
mychip,"Los Arqueros 2016, Campeonato Provincial  CXM de Largo Recorrido, Femecv",2016-10-22,Sábado,0.999,trail running,Absoluta/General,5,46,Quesa,La Canal de Navarrés,Valencia,0,679,Ultra distancia,Comunidad Valenciana
mychip,"XII Volta a peu pel Benicadell, VIII Circuit Cajamar Vall D'Albaida 2016",2016-10-16,Domingo,15.3,road running,Absoluta/General,57,270,Salem,La Vall d'Albaida,Valencia,0,616,ABSOLUTA,Comunidad Valenciana
mychip,"Volta a peu a Montesa, solidaria amb la lluita contra el Càncer",2016-10-16,Domingo,8.5,road running,Absoluta/General,42,114,Montesa,La Costera,Valencia,0,635,Carrera Popular,Comunidad Valenciana
mychip,"III Volta a la Campana, Sueras",2016-10-16,Domingo,21.65,trail running,Absoluta/General,56,266,Sueras,Plana Baja,Castellón,0,664,Carrera por montaña,Comunidad Valenciana
mychip,Trail Umbría la Plana 2016,2016-10-16,Domingo,19.0,trail running,Absoluta/General,10,103,Enguera,La Canal de Navarrés,Valencia,0,678,Trail 19k,Comunidad Valenciana
mychip,Trail Umbría la Plana 2016,2016-10-16,Domingo,12.0,trail running,Absoluta/General,13,62,Enguera,La Canal de Navarrés,Valencia,0,678,Speed Trail 12km,Comunidad Valenciana
mychip,Trail Umbría la Plana 2016,2016-10-16,Domingo,10.0,trail running,Absoluta/General,81,30,Enguera,La Canal de Navarrés,Valencia,0,678,Marcha Senderista,Comunidad Valenciana
mychip,Trail de Buñol,2016-10-16,Domingo,13.5,trail running,Absoluta/General,30,141,Buñol,La Hoya de Buñol,Valencia,0,680,"13,5K",Comunidad Valenciana
mychip,Trail de Buñol,2016-10-16,Domingo,27.0,trail running,Absoluta/General,23,147,Buñol,La Hoya de Buñol,Valencia,0,680,27K,Comunidad Valenciana
mychip,"Campofrio, Maratón y Media Maratón de Burgos",2016-10-09,Domingo,21.0,road running,Absoluta/General,78,540,Burgos,,Burgos,0,583,Media maratón,Castilla y León
mychip,"Campofrio, Maratón y Media Maratón de Burgos",2016-10-09,Domingo,42.0,road running,Absoluta/General,17,313,Burgos,,Burgos,0,583,Maratón,Castilla y León
mychip,"Campofrio, Maratón y Media Maratón de Burgos",2016-10-09,Domingo,21.0,road running,Otros,1,12,Burgos,,Burgos,0,583,Handbikers,Castilla y León
mychip,I MITJA MARATÓ CALAMARDO MONCOFA,2016-10-09,Domingo,21.097,road running,Absoluta/General,77,483,Moncófar,Plana Baja,Castellón,0,629,Media maratón,Comunidad Valenciana
mychip,"III Peñarrubia Trail, Circuito Desafios Trail Sierra del Segura",2016-10-08,Sábado,20.0,trail running,Absoluta/General,0,0,Albacete,,Castilla-La Mancha,0,555,Trail Largo,Castilla-La Mancha
mychip,"III Peñarrubia Trail, Circuito Desafios Trail Sierra del Segura",2016-10-08,Sábado,13.5,trail running,Absoluta/General,0,0,Albacete,,Castilla-La Mancha,0,555,Sender,Castilla-La Mancha
mychip,"III Peñarrubia Trail, Circuito Desafios Trail Sierra del Segura",2016-10-08,Sábado,13.5,trail running,Absoluta/General,0,0,Albacete,,Castilla-La Mancha,0,555,Trail Corto,Castilla-La Mancha
mychip,"VIII Botamarges, Carrera per Muntanya",2016-10-08,Sábado,70.0,trail running,Absoluta/General,14,211,Adsubia,La Marina Alta,Alicante,0,575,Botamarges,Comunidad Valenciana
mychip,10k IVASPE,2016-10-08,Sábado,10.0,road running,Absoluta/General,56,366,Valencia,,Valencia,0,689,10K,Comunidad Valenciana
mychip,"Trail Onil, Trail Vall del Joguet 2016",2016-10-02,Domingo,25.0,trail running,Absoluta/General,0,0,Onil,La Hoya de Alcoy,Alicante,0,540,Bono tres pruebas,Comunidad Valenciana
mychip,"Trail Onil, Trail Vall del Joguet 2016",2016-10-02,Domingo,14.0,trail running,Absoluta/General,0,0,Onil,La Hoya de Alcoy,Alicante,0,540,Marcha Senderista,Comunidad Valenciana
mychip,"Trail Onil, Trail Vall del Joguet 2016",2016-10-02,Domingo,25.0,trail running,Absoluta/General,0,0,Onil,La Hoya de Alcoy,Alicante,0,540,25k,Comunidad Valenciana
mychip,"Trail Onil, Trail Vall del Joguet 2016",2016-10-02,Domingo,14.0,trail running,Absoluta/General,32,82,Onil,La Hoya de Alcoy,Alicante,0,540,14k ,Comunidad Valenciana
mychip,"Trail Onil, Trail Vall del Joguet 2016",2016-10-02,Domingo,25.0,trail running,Absoluta/General,8,112,Onil,La Hoya de Alcoy,Alicante,0,540,25k,Comunidad Valenciana
mychip,"Trail Onil, Trail Vall del Joguet 2016",2016-10-02,Domingo,14.0,trail running,Absoluta/General,40,57,Onil,La Hoya de Alcoy,Alicante,0,540,Marcha Senderista,Comunidad Valenciana
mychip,III Marcha Ale Cycling La Pobla Llarga,2016-10-02,Domingo,107.0,Ciclismo y btt,Absoluta/General,0,0,la Pobla Llarga,La Ribera Alta,Valencia,0,630,NO FEDERADO,Comunidad Valenciana
mychip,III Marcha Ale Cycling La Pobla Llarga,2016-10-02,Domingo,107.0,Ciclismo y btt,Absoluta/General,65,996,la Pobla Llarga,La Ribera Alta,Valencia,0,630,FEDERADO RFEC-FCVV,Comunidad Valenciana
mychip,"VII Carrera y Marcha, Catí - Rabosa",2016-10-02,Domingo,26.97,trail running,Absoluta/General,8,132,Elda,El Vinalopó Medio,Alicante,0,672,Trail largo,Comunidad Valenciana
mychip,"VII Carrera y Marcha, Catí - Rabosa",2016-10-02,Domingo,15.42,trail running,Absoluta/General,58,201,Elda,El Vinalopó Medio,Alicante,0,672,Trail Corto,Comunidad Valenciana
mychip,"VII Carrera y Marcha, Catí - Rabosa",2016-10-02,Domingo,15.42,trail running,Absoluta/General,101,112,Elda,El Vinalopó Medio,Alicante,0,672,Marcha Senderista,Comunidad Valenciana
mychip,II Vitobest Tollos Trail,2016-09-25,Domingo,19.2,trail running,Absoluta/General,15,77,Tollos,El Condado de Cocentaina,Alicante,0,541,Trail,Comunidad Valenciana
mychip,La Sagra Sky Series by Lurbel,2016-09-25,Domingo,42.0,trail running,Absoluta/General,0,0,Puebla de Don Fadrique,,Andalucía,0,573,Skymarathon,Andalucía
mychip,La Sagra Sky Series by Lurbel,2016-09-25,Domingo,22.7,trail running,Absoluta/General,0,0,Puebla de Don Fadrique,,Andalucía,0,573,Sky Race,Andalucía
mychip,La Sagra Sky Series by Lurbel,2016-09-25,Domingo,5.2,trail running,Absoluta/General,0,0,Puebla de Don Fadrique,,Andalucía,0,573,Kilómetro vertical (24-09-2016),Andalucía
mychip,La Sagra Sky Series by Lurbel,2016-09-25,Domingo,11.8,trail running,Cadete/Juvenil,0,0,Puebla de Don Fadrique,,Andalucía,0,573,Cadete (15 a 17),Andalucía
mychip,La Sagra Sky Series by Lurbel,2016-09-25,Domingo,11.8,trail running,Cadete/Juvenil,0,0,Puebla de Don Fadrique,,Andalucía,0,573,Junior  (18 a 20),Andalucía
mychip,La Sagra Sky Series by Lurbel,2016-09-25,Domingo,14.0,trail running,Absoluta/General,0,0,Puebla de Don Fadrique,,Andalucía,0,573,Marcha Senderista,Andalucía
mychip,II Trail Volta al Pantano de Tibi,2016-09-25,Domingo,17.0,trail running,Absoluta/General,37,179,Tibi,La Hoya de Alcoy,Alicante,0,584,17k,Comunidad Valenciana
mychip,II Trail Volta al Pantano de Tibi,2016-09-25,Domingo,26.0,trail running,Absoluta/General,8,123,Tibi,La Hoya de Alcoy,Alicante,0,584,26k,Comunidad Valenciana
mychip,Carrera Popular Víctimas del Terrorismo 2016,2016-09-25,Domingo,8.1,road running,Absoluta/General,77,329,Madrid,,Comunidad de Madrid,0,636,10k,Comunidad de Madrid
mychip,"Selènika 2016, Marxa de resistència en BTT",2016-09-25,Domingo,114.0,Ciclismo y btt,Absoluta/General,19,573,Navarcles,,Barcelona,0,656,Selènika,Cataluña
mychip,Crazy Murcia,2016-09-25,Domingo,8.0,road running,Absoluta/General,0,0,Murcia,,Región de Murcia,0,674,Modalidad 8000,Región de Murcia
mychip,"XVII Gran Fons Mónica Pont D'Albaida, VIII Circuit Cajamar Vall D'Albaida 2016",2016-09-24,Sábado,10.6,road running,Absoluta/General,51,298,Albaida,La Vall d'Albaida,Valencia,0,615,ABSOLUTA,Comunidad Valenciana
mychip,"II 10K NOCTURNO PEÑISCOLA 2016, Circuito Diputación de Castellón",2016-09-24,Sábado,10.0,road running,Absoluta/General,76,249,Peñíscola,Bajo Maestrazgo,Castellón,0,623,10K,Comunidad Valenciana
mychip,"II 10K NOCTURNO PEÑISCOLA 2016, Circuito Diputación de Castellón",2016-09-24,Sábado,10.0,road running,Absoluta/General,0,1,Peñíscola,Bajo Maestrazgo,Castellón,0,623,Parejas,Comunidad Valenciana
mychip,III Monduber Trail 2016,2016-09-24,Sábado,42.0,trail running,Absoluta/General,12,146,Tabernes de Valldigna,La Safor,Valencia,0,653,Maratón por Montaña,Comunidad Valenciana
mychip,III Monduber Trail 2016,2016-09-24,Sábado,78.0,trail running,Absoluta/General,4,26,Tabernes de Valldigna,La Safor,Valencia,0,653,Ultra 78k,Comunidad Valenciana
mychip,III Monduber Trail 2016,2016-09-24,Sábado,21.0,trail running,Absoluta/General,26,146,Tabernes de Valldigna,La Safor,Valencia,0,653,Media maratón,Comunidad Valenciana
mychip,III Monduber Trail 2016,2016-09-24,Sábado,78.0,trail running,Absoluta/General,3,21,Tabernes de Valldigna,La Safor,Valencia,0,653,Ultra Copa de España,Comunidad Valenciana
mychip,III Monduber Trail 2016,2016-09-24,Sábado,15.0,trail running,Absoluta/General,0,0,Tabernes de Valldigna,La Safor,Valencia,0,653,Marcha Senderista (Consultar comunicado),Comunidad Valenciana
mychip,Bajada Solidaria Crevillent Camping Marjal Costa Blanca  2016,2016-09-18,Domingo,11.0,trail running,Absoluta/General,0,0,Crevillente,El Bajo Vinalopó,Alicante,0,663,Corredor,Comunidad Valenciana
mychip,Bajada Solidaria Crevillent Camping Marjal Costa Blanca  2016,2016-09-18,Domingo,11.0,trail running,Absoluta/General,0,0,Crevillente,El Bajo Vinalopó,Alicante,0,663,Marchador,Comunidad Valenciana
mychip,27a Volta a peu a Sumacarcer,2016-09-17,Sábado,8.0,road running,Absoluta/General,14,63,Sumacárcel,La Ribera Alta,Valencia,0,597,Carrera Popular,Comunidad Valenciana
mychip,Campeonato Provincial de Alicante de Carrera de largo Recorrido,2016-09-17,Sábado,0.999,trail running,Absoluta/General,6,48,Crevillente,El Bajo Vinalopó,Alicante,0,655,Largo recorrido,Comunidad Valenciana
mychip,XIV Volta a peu a Llutxent,2016-09-10,Sábado,9.1,road running,Absoluta/General,55,285,Luchente,La Vall d'Albaida,Valencia,0,614,ABSOLUTA,Comunidad Valenciana
mychip,XIV Volta a peu a Llutxent,2016-09-10,Sábado,0.6,road running,Infantil,8,14,Luchente,La Vall d'Albaida,Valencia,0,614,BENJAMIN,Comunidad Valenciana
mychip,XIV Volta a peu a Llutxent,2016-09-10,Sábado,1.0,road running,Infantil,3,8,Luchente,La Vall d'Albaida,Valencia,0,614,ALEVIN,Comunidad Valenciana
mychip,XIV Volta a peu a Llutxent,2016-09-10,Sábado,1.2,road running,Infantil,4,5,Luchente,La Vall d'Albaida,Valencia,0,614,INFANTIL,Comunidad Valenciana
mychip,"XIII Pujada a la Font Freda, VIII Circuit Cajamar Vall D'Albaida 2016",2016-09-04,Domingo,11.6,road running,Absoluta/General,76,334,Adzaneta de Albaida,La Vall d'Albaida,Valencia,0,613,ABSOLUTA,Comunidad Valenciana
mychip,"XII Cursa Ibérica , Figueroles",2016-09-04,Domingo,17.0,trail running,Absoluta/General,55,227,Figueroles,l'Alcalatén,Castellón,0,665,Trail,Comunidad Valenciana
mychip,Publicación de prueba,2016-09-01,Jueves,0.0,road running,Absoluta/General,0,0,,,,0,708,default,
mychip,"XXIII Volta a peu Memorial Andrés Bella Sanleón, VIII Circuit Cajamar Vall D'Albaida 2016",2016-08-28,Domingo,9.3,road running,Absoluta/General,52,244,Cuatretonda,La Vall d'Albaida,Valencia,0,612,ABSOLUTA,Comunidad Valenciana
mychip,"XXIII Volta a peu Memorial Andrés Bella Sanleón, VIII Circuit Cajamar Vall D'Albaida 2016",2016-08-28,Domingo,0.6,road running,Infantil,5,10,Cuatretonda,La Vall d'Albaida,Valencia,0,612,BENJAMIN,Comunidad Valenciana
mychip,"XXIII Volta a peu Memorial Andrés Bella Sanleón, VIII Circuit Cajamar Vall D'Albaida 2016",2016-08-28,Domingo,1.0,road running,Infantil,4,6,Cuatretonda,La Vall d'Albaida,Valencia,0,612,ALEVIN,Comunidad Valenciana
mychip,"XXIII Volta a peu Memorial Andrés Bella Sanleón, VIII Circuit Cajamar Vall D'Albaida 2016",2016-08-28,Domingo,1.2,road running,Infantil,1,1,Cuatretonda,La Vall d'Albaida,Valencia,0,612,INFANTIL,Comunidad Valenciana
mychip,"III Trail Nocturn Camins de Cabres, 2016",2016-08-27,Sábado,45.0,trail running,Absoluta/General,6,85,Liria,El Campo de Turia,Valencia,0,594,45k,Comunidad Valenciana
mychip,"III Trail Nocturn Camins de Cabres, 2016",2016-08-27,Sábado,23.0,trail running,Absoluta/General,17,184,Liria,El Campo de Turia,Valencia,0,594,23k,Comunidad Valenciana
mychip,"IV 10k Nocturno platges de Benicàssim 2016, Circuito Diputación de Castelló",2016-08-27,Sábado,10.0,road running,Absoluta/General,171,672,Benicasim,Plana Alta,Castellón,0,622,10K,Comunidad Valenciana
mychip,"IV 10k Nocturno platges de Benicàssim 2016, Circuito Diputación de Castelló",2016-08-27,Sábado,10.0,road running,Absoluta/General,0,0,Benicasim,Plana Alta,Castellón,0,622,Parejas,Comunidad Valenciana
mychip,XIX Volta a peu a Corbera,2016-08-27,Sábado,8.0,road running,Absoluta/General,56,270,Corbera,La Ribera Baja,Valencia,0,671,Carrera Popular,Comunidad Valenciana
mychip,"XI Travesía Playa del Albir, Carlos Pardo.",2016-08-21,Domingo,2.5,Otros,Absoluta/General,38,85,Alfaz del Pi,La Marina Baja,Alicante,0,662,Travesía,Comunidad Valenciana
mychip,"XIII Volta a peu 2016 de la Pobla del Duc, VIII Circuit Cajamar Vall D'Albaida 2016",2016-08-19,Viernes,7.0,road running,Absoluta/General,73,325,Puebla del Duc,La Vall d'Albaida,Valencia,0,611,ABSOLUTA,Comunidad Valenciana
mychip,"XIII Volta a peu 2016 de la Pobla del Duc, VIII Circuit Cajamar Vall D'Albaida 2016",2016-08-19,Viernes,0.6,road running,Infantil,6,13,Puebla del Duc,La Vall d'Albaida,Valencia,0,611,BENJAMIN,Comunidad Valenciana
mychip,"XIII Volta a peu 2016 de la Pobla del Duc, VIII Circuit Cajamar Vall D'Albaida 2016",2016-08-19,Viernes,1.0,road running,Infantil,4,7,Puebla del Duc,La Vall d'Albaida,Valencia,0,611,ALEVIN,Comunidad Valenciana
mychip,"XIII Volta a peu 2016 de la Pobla del Duc, VIII Circuit Cajamar Vall D'Albaida 2016",2016-08-19,Viernes,1.2,road running,Infantil,5,5,Puebla del Duc,La Vall d'Albaida,Valencia,0,611,INFANTIL,Comunidad Valenciana
mychip,Correpatina 2016,2016-08-14,Domingo,7.3,road running,Absoluta/General,135,438,Jaraco,La Safor,Valencia,0,669,Correpatina,Comunidad Valenciana
mychip,"III 10k Nocturno, LLangostí Vinaròs. Circuito Diputación de Castellón",2016-08-13,Sábado,10.0,road running,Absoluta/General,129,481,Vinaroz,Bajo Maestrazgo,Castellón,0,621,10K,Comunidad Valenciana
mychip,"III 10k Nocturno, LLangostí Vinaròs. Circuito Diputación de Castellón",2016-08-13,Sábado,10.0,road running,Absoluta/General,0,0,Vinaroz,Bajo Maestrazgo,Castellón,0,621,Parejas,Comunidad Valenciana
mychip,"IV Volta a peu a Bèlgida, VIII Circuit Cajamar Vall D'Albaida 2016",2016-08-06,Sábado,7.5,road running,Absoluta/General,64,294,Bélgida,La Vall d'Albaida,Valencia,0,610,ABSOLUTA,Comunidad Valenciana
mychip,28a. Volta a peu a la Platja de Tavernes de la Valldigna,2016-08-05,Viernes,8.0,road running,Absoluta/General,214,861,Tabernes de Valldigna,La Safor,Valencia,0,633,Carrera Popular,Comunidad Valenciana
mychip,"Volta a peu a Benifairo de la Valldigna, 2016",2016-07-30,Sábado,8.0,road running,Absoluta/General,32,143,Benifairó de la Valldigna,La Safor,Valencia,0,654,Carrera,Comunidad Valenciana
mychip,"VI Triatlón Cross Villa de Caudete, Campeonato RegionalI",2016-07-30,Sábado,2.5,Multidisciplina,Absoluta/General,0,0,Caudete,,Castilla-La Mancha,0,657,02_POPULAR,Castilla-La Mancha
mychip,"VI Triatlón Cross Villa de Caudete, Campeonato RegionalI",2016-07-30,Sábado,5.0,Multidisciplina,Absoluta/General,0,0,Caudete,,Castilla-La Mancha,0,657,01_SPRINT,Castilla-La Mancha
mychip,"VI Triatlón Cross Villa de Caudete, Campeonato RegionalI",2016-07-30,Sábado,0.0,Multidisciplina,Absoluta/General,0,0,Caudete,,Castilla-La Mancha,0,657,Modalidad por defecto,Castilla-La Mancha
mychip,"VI Triatlón Cross Villa de Caudete, Campeonato RegionalI",2016-07-30,Sábado,5.0,Multidisciplina,Absoluta/General,0,0,Caudete,,Castilla-La Mancha,0,657,03_RELEVOS,Castilla-La Mancha
mychip,"XXI Volta a peu a Castelló de Rugat, VIII Circuit Cajamar Vall D'Albaida 2016",2016-07-29,Viernes,7.75,road running,Absoluta/General,90,394,Castellón de Rugat,La Vall d'Albaida,Valencia,0,609,ABSOLUTA,Comunidad Valenciana
mychip,"XXI Volta a peu a Castelló de Rugat, VIII Circuit Cajamar Vall D'Albaida 2016",2016-07-29,Viernes,0.6,road running,Infantil,6,15,Castellón de Rugat,La Vall d'Albaida,Valencia,0,609,BENJAMIN,Comunidad Valenciana
mychip,"XXI Volta a peu a Castelló de Rugat, VIII Circuit Cajamar Vall D'Albaida 2016",2016-07-29,Viernes,1.0,road running,Infantil,3,10,Castellón de Rugat,La Vall d'Albaida,Valencia,0,609,ALEVIN,Comunidad Valenciana
mychip,"XXI Volta a peu a Castelló de Rugat, VIII Circuit Cajamar Vall D'Albaida 2016",2016-07-29,Viernes,1.2,road running,Infantil,7,10,Castellón de Rugat,La Vall d'Albaida,Valencia,0,609,INFANTIL,Comunidad Valenciana
mychip,IV CARRERA Y MARCHA NOCTURNA DE MONTAÑA DE LA VALL D’UIXÓ A LA FONT DE GARRUT,2016-07-22,Viernes,11.5,trail running,Absoluta/General,28,102,Vall de Uxó,Plana Baja,Castellón,0,634,Carrera por montaña,Comunidad Valenciana
mychip,IV CARRERA Y MARCHA NOCTURNA DE MONTAÑA DE LA VALL D’UIXÓ A LA FONT DE GARRUT,2016-07-22,Viernes,10.0,trail running,Absoluta/General,54,50,Vall de Uxó,Plana Baja,Castellón,0,634,Marcha Senderista,Comunidad Valenciana
mychip,"II Amanece Trail, Circuito Desafios Trail Sierra del Segura",2016-07-16,Sábado,10.0,trail running,Absoluta/General,0,0,Albacete,,Castilla-La Mancha,0,554,SENDER,Castilla-La Mancha
mychip,"II Amanece Trail, Circuito Desafios Trail Sierra del Segura",2016-07-16,Sábado,19.4,trail running,Absoluta/General,0,0,Albacete,,Castilla-La Mancha,0,554,TRAIL LARGO,Castilla-La Mancha
mychip,"II Amanece Trail, Circuito Desafios Trail Sierra del Segura",2016-07-16,Sábado,10.0,trail running,Absoluta/General,0,0,Albacete,,Castilla-La Mancha,0,554,Trail CORTO,Castilla-La Mancha
mychip,"IV Volta a peu del Palomar, VIII Circuit Cajamar Vall D'Albaida 2016",2016-07-16,Sábado,7.8,road running,Absoluta/General,75,324,el Palomar,La Vall d'Albaida,Valencia,0,608,ABSOLUTA,Comunidad Valenciana
mychip,"III 10k Nocturno Grao de Castellón 2016, Circuito Diputación de Castellón",2016-07-16,Sábado,10.0,road running,Absoluta/General,74,296,Vallibona,Los Puertos de Morella,Castellón,0,620,10K,Comunidad Valenciana
mychip,"III 10k Nocturno Grao de Castellón 2016, Circuito Diputación de Castellón",2016-07-16,Sábado,10.0,road running,Absoluta/General,0,0,Vallibona,Los Puertos de Morella,Castellón,0,620,Parejas,Comunidad Valenciana
mychip,XVIII Marcha al Bartolo y V Marcha al Bartolo No competitiva,2016-07-10,Domingo,0.999,trail running,Absoluta/General,40,324,Benicasim,Plana Alta,Castellón,0,631,Marcha,Comunidad Valenciana
mychip,XVIII Marcha al Bartolo y V Marcha al Bartolo No competitiva,2016-07-10,Domingo,0.999,trail running,Absoluta/General,43,81,Benicasim,Plana Alta,Castellón,0,631,No competitiva,Comunidad Valenciana
mychip,"V Volta a peu Nocturna de  Benissoda, VIII Circuit Cajamar Vall D'Albaida 2016",2016-07-09,Sábado,9.0,road running,Absoluta/General,58,256,Benisoda,La Vall d'Albaida,Valencia,0,607,ABSOLUTA,Comunidad Valenciana
mychip,"VIII Volta a peu a la Vila d'Agullent, VIII Circuit Cajamar Vall D'Albaida 2016",2016-07-02,Sábado,7.2,road running,Absoluta/General,73,346,Agullent,La Vall d'Albaida,Valencia,0,606,ABSOLUTA,Comunidad Valenciana
mychip,"III 10k Nocturno Oropesa del MAr 2016, Circuito Diputación de Castellón",2016-07-02,Sábado,10.0,road running,Absoluta/General,91,351,Oropesa del Mar,Plana Alta,Castellón,0,619,10K,Comunidad Valenciana
mychip,XXX Volta a peu a Almussafes,2016-06-25,Sábado,10.0,road running,Absoluta/General,130,680,Almussafes,La Ribera Baja,Valencia,0,590,10K,Comunidad Valenciana
mychip,"XVII Volta a peu de Bocairent, VIII Circuit Cajamar Vall D'Albaida 2016",2016-06-25,Sábado,9.0,road running,Absoluta/General,79,324,Bocairente,La Vall d'Albaida,Valencia,0,605,ABSOLUTA,Comunidad Valenciana
mychip,"II Talamansi Nocturno, Circuito Desafios Trail Sierra del Segura",2016-06-18,Sábado,0.0,road running,Absoluta/General,0,0,Albacete,,Castilla-La Mancha,0,553,default,Castilla-La Mancha
mychip,"I Volta a peu D'Ontinyent, VIII Circuit Cajamar Vall D'Albaida 2016",2016-06-18,Sábado,7.5,road running,Absoluta/General,70,338,Onteniente,La Vall d'Albaida,Valencia,0,604,ABSOLUTA,Comunidad Valenciana
mychip,"I Volta a peu D'Ontinyent, VIII Circuit Cajamar Vall D'Albaida 2016",2016-06-18,Sábado,1.0,road running,Infantil,6,9,Onteniente,La Vall d'Albaida,Valencia,0,604,BENJAMIN,Comunidad Valenciana
mychip,"I Volta a peu D'Ontinyent, VIII Circuit Cajamar Vall D'Albaida 2016",2016-06-18,Sábado,0.6,road running,Infantil,4,7,Onteniente,La Vall d'Albaida,Valencia,0,604,ALEVIN,Comunidad Valenciana
mychip,"I Volta a peu D'Ontinyent, VIII Circuit Cajamar Vall D'Albaida 2016",2016-06-18,Sábado,1.2,road running,Infantil,5,9,Onteniente,La Vall d'Albaida,Valencia,0,604,INFANTIL,Comunidad Valenciana
mychip,Marcha Colores Solidarios,2016-06-18,Sábado,0.0,road running,Absoluta/General,0,0,Crevillente,El Bajo Vinalopó,Alicante,0,627,default,Comunidad Valenciana
mychip,"10k Unión Alcoyana Seguros, 2016",2016-06-12,Domingo,10.0,Otros,Absoluta/General,188,319,Alcoy,La Hoya de Alcoy,Alicante,0,570,10k,Comunidad Valenciana
mychip,"10k Unión Alcoyana Seguros, 2016",2016-06-12,Domingo,10.0,Otros,Absoluta/General,84,30,Alcoy,La Hoya de Alcoy,Alicante,0,570,2 - MARXA,Comunidad Valenciana
mychip,3er Cross VILA D´AGOST 8k,2016-06-12,Domingo,8.0,Otros,Absoluta/General,11,54,Agost,El Alacantí,Alicante,0,588,Modalidad 8000,Comunidad Valenciana
mychip,Festa del Voluntariat + volta Senderista Camí dels Bandolers,2016-06-05,Domingo,0.0,road running,Absoluta/General,0,0,Senija,La Marina Alta,Alicante,0,561,default,Comunidad Valenciana
mychip,Maraclot - IV Marató per Relleus,2016-06-05,Domingo,42.0,Otros,Absoluta/General,0,125,Burriana,Plana Baja,Castellón,0,592,Modalidad 42000,Comunidad Valenciana
mychip,"Volta a la Mola, III Edició",2016-06-05,Domingo,105.0,Otros,Absoluta/General,4,239,Tarrasa,,Barcelona,0,600,001_Volta a la Mola,Cataluña
mychip,"Volta a la Mola, III Edició",2016-06-05,Domingo,50.0,Otros,Absoluta/General,3,193,Tarrasa,,Barcelona,0,600,002_A peu de Mola,Cataluña
mychip,V  Cursa per Muntanya les Xosses de Crevillent,2016-06-04,Sábado,14.5,Otros,Absoluta/General,63,313,Crevillente,El Bajo Vinalopó,Alicante,0,566,CARRERA,Comunidad Valenciana
mychip,V  Cursa per Muntanya les Xosses de Crevillent,2016-06-04,Sábado,13.5,Otros,Absoluta/General,104,122,Crevillente,El Bajo Vinalopó,Alicante,0,566,MARCHA,Comunidad Valenciana
mychip,"XII Volta a peu a Montaverner, VIII Circuit Cajamar Vall D'Albaida 2016",2016-06-04,Sábado,7.5,road running,Absoluta/General,77,333,Montaberner,La Vall d'Albaida,Valencia,0,603,ABSOLUTA,Comunidad Valenciana
mychip,"XII Volta a peu a Montaverner, VIII Circuit Cajamar Vall D'Albaida 2016",2016-06-04,Sábado,0.6,road running,Infantil,0,8,Montaberner,La Vall d'Albaida,Valencia,0,603,BENJAMIN,Comunidad Valenciana
mychip,"XII Volta a peu a Montaverner, VIII Circuit Cajamar Vall D'Albaida 2016",2016-06-04,Sábado,1.0,road running,Infantil,3,7,Montaberner,La Vall d'Albaida,Valencia,0,603,ALEVIN,Comunidad Valenciana
mychip,"XII Volta a peu a Montaverner, VIII Circuit Cajamar Vall D'Albaida 2016",2016-06-04,Sábado,1.2,road running,Infantil,5,9,Montaberner,La Vall d'Albaida,Valencia,0,603,INFANTIL,Comunidad Valenciana
mychip,35 Volta al Terme De Fondeguilla,2016-05-28,Sábado,34.5,Otros,Absoluta/General,37,338,Alfondeguilla,Plana Baja,Castellón,0,545,ABSOLUTA,Comunidad Valenciana
mychip,35 Volta al Terme De Fondeguilla,2016-05-28,Sábado,11.0,Otros,Cadete/Juvenil,0,8,Alfondeguilla,Plana Baja,Castellón,0,545,CADETE,Comunidad Valenciana
mychip,X Carrera de la Mujer contra la Violencia de Género,2016-05-28,Sábado,5.2,Otros,Absoluta/General,0,51,Mataelpino,,Madrid,0,591,MASCULINA,Madrid
mychip,X Carrera de la Mujer contra la Violencia de Género,2016-05-28,Sábado,5.2,Otros,Absoluta/General,240,0,Mataelpino,,Madrid,0,591,FEMENINA,Madrid
mychip,"CRAZY RACE MONCADA 2016 MONCADA, LOCA CARRERA DE OBSTÁCULOS",2016-05-22,Domingo,8.0,Otros,Absoluta/General,445,406,Moncada,Huerta Norte,Valencia,0,568,Modalidad 8000,Comunidad Valenciana
mychip,"XVII Carrera Corpus de Toledo, Memorial José Luis Pantoja",2016-05-22,Domingo,5.2,Otros,Absoluta/General,102,343,Toledo,,Toledo,0,587,Modalidad 5200,Castilla-La Mancha
mychip,"XIV Carrera Popular, 10k Godella",2016-05-21,Sábado,10.0,Otros,Absoluta/General,203,689,Godella,Huerta Norte,Valencia,0,580,Modalidad 10000,Comunidad Valenciana
mychip,Trail de Primavera de Confrides,2016-05-21,Sábado,22.0,Otros,Absoluta/General,13,104,Confrides,La Marina Baja,Alicante,0,582,002_MEDIA MARATON,Comunidad Valenciana
mychip,Trail de Primavera de Confrides,2016-05-21,Sábado,18.0,Otros,Absoluta/General,22,38,Confrides,La Marina Baja,Alicante,0,582,003_SENDERISTAS,Comunidad Valenciana
mychip,Trail de Primavera de Confrides,2016-05-21,Sábado,43.0,Otros,Absoluta/General,11,139,Confrides,La Marina Baja,Alicante,0,582,001_MARATON,Comunidad Valenciana
mychip,"El Camí dels Bandolers,  4t edició",2016-05-15,Domingo,22.0,Otros,Absoluta/General,14,116,Senija,La Marina Alta,Alicante,0,560,001_22K,Comunidad Valenciana
mychip,"El Camí dels Bandolers,  4t edició",2016-05-15,Domingo,12.0,Otros,Absoluta/General,30,94,Senija,La Marina Alta,Alicante,0,560,002_12K,Comunidad Valenciana
mychip,"XVIII Cross del Xirivell, 2016",2016-05-15,Domingo,8.5,Otros,Absoluta/General,45,17,Monóvar,El Vinalopó Medio,Alicante,0,581,2  MARCHA,Comunidad Valenciana
mychip,"XVIII Cross del Xirivell, 2016",2016-05-15,Domingo,0.8,Otros,Absoluta/General,4,6,Monóvar,El Vinalopó Medio,Alicante,0,581,4  8 A 10 A,Comunidad Valenciana
mychip,"XVIII Cross del Xirivell, 2016",2016-05-15,Domingo,0.4,Otros,Absoluta/General,22,16,Monóvar,El Vinalopó Medio,Alicante,0,581,3 0 A 7 ANYS,Comunidad Valenciana
mychip,"XVIII Cross del Xirivell, 2016",2016-05-15,Domingo,8.5,Otros,Absoluta/General,21,57,Monóvar,El Vinalopó Medio,Alicante,0,581,1  CROSS,Comunidad Valenciana
mychip,"XVIII Cross del Xirivell, 2016",2016-05-15,Domingo,1.2,Otros,Absoluta/General,3,1,Monóvar,El Vinalopó Medio,Alicante,0,581,5  11 A 13 A,Comunidad Valenciana
mychip,"UTES y TES, sierra de Espadan",2016-05-14,Sábado,65.0,Otros,Absoluta/General,4,43,Vall de Uxó,Plana Baja,Castellón,0,489,002_TES,Comunidad Valenciana
mychip,"UTES y TES, sierra de Espadan",2016-05-14,Sábado,106.0,Otros,Absoluta/General,0,35,Vall de Uxó,Plana Baja,Castellón,0,489,001_UTES,Comunidad Valenciana
mychip,11a. Volta a peu a Genovés,2016-05-14,Sábado,8.25,Otros,Absoluta/General,32,218,Liria,El Campo de Turia,Valencia,0,598,Modalidad 8250,Comunidad Valenciana
mychip,"4t. Carrera i Marxa de la Dona, Sueca 2016",2016-05-08,Domingo,5.8,Otros,Absoluta/General,244,0,Sueca,La Ribera Baja,Valencia,0,376,Modalidad 5800,Comunidad Valenciana
mychip,Almenara Xtrem,2016-05-08,Domingo,17.0,Otros,Absoluta/General,39,183,Almenara,Plana Baja,Castellón,0,544,Modalidad 17000,Comunidad Valenciana
mychip,5a. Rompepiernas,2016-05-07,Sábado,0.0,road running,Absoluta/General,0,0,Sos del Rey Católico,,Zaragoza,0,562,default,Aragón
mychip,"Marcha Cicloturista La Ribera - Roquette, 2016",2016-05-01,Domingo,110.0,Otros,Absoluta/General,26,496,Benifayó,La Ribera Alta,Valencia,0,533,Modalidad 110000,Comunidad Valenciana
mychip,"I Letur Trail, Circuito Desafios Trail Sierra del Segura",2016-05-01,Domingo,0.0,road running,Absoluta/General,0,0,Albacete,,Castilla-La Mancha,0,552,default,Castilla-La Mancha
mychip,Carrera y Marcha festera IV Pujada Coto Memoria,2016-05-01,Domingo,0.0,road running,Absoluta/General,0,0,Crevillente,El Bajo Vinalopó,Alicante,0,564,default,Comunidad Valenciana
mychip,"10K Solidari Abencerraje, Ciutat D'Ontinyent",2016-04-30,Sábado,9.7,Otros,Absoluta/General,99,264,Onteniente,La Vall d'Albaida,Valencia,0,513,Modalidad 9700,Comunidad Valenciana
mychip,II CARRERA NOCTURNA NIT DE LES ERMITES,2016-04-30,Sábado,14.0,Otros,Absoluta/General,42,142,Ibi,La Hoya de Alcoy,Alicante,0,576,CARRERA,Comunidad Valenciana
mychip,II CARRERA NOCTURNA NIT DE LES ERMITES,2016-04-30,Sábado,14.0,Otros,Absoluta/General,105,53,Ibi,La Hoya de Alcoy,Alicante,0,576,SENDER,Comunidad Valenciana
mychip,XI Carrera Popular per a Persones amb Diversitat Funcional. Xàtiva 2016,2016-04-28,Jueves,0.0,road running,Absoluta/General,0,0,Játiva,La Costera,Valencia,0,595,default,Comunidad Valenciana
mychip,II Trail dels Senglars,2016-04-24,Domingo,21.0,Otros,Absoluta/General,15,115,Favareta,La Ribera Baja,Valencia,0,383,01_21K,Comunidad Valenciana
mychip,II Trail dels Senglars,2016-04-24,Domingo,10.0,Otros,Absoluta/General,35,108,Favareta,La Ribera Baja,Valencia,0,383,02_10K,Comunidad Valenciana
mychip,V Carrera por Montaña Callosa EXTREME,2016-04-24,Domingo,22.0,Otros,Absoluta/General,2,83,Callosa de Segura,,Alicante,0,529,001_22K,Comunidad Valenciana
mychip,V Carrera por Montaña Callosa EXTREME,2016-04-24,Domingo,12.0,Otros,Absoluta/General,10,53,Callosa de Segura,,Alicante,0,529,002_12K,Comunidad Valenciana
mychip,IV Xàtiva Natura Trail,2016-04-24,Domingo,22.3,Otros,Absoluta/General,33,226,Játiva,La Costera,Valencia,0,539,01_22k,Comunidad Valenciana
mychip,IV Xàtiva Natura Trail,2016-04-24,Domingo,15.0,Otros,Absoluta/General,262,276,Játiva,La Costera,Valencia,0,539,02_10k,Comunidad Valenciana
mychip,Carrera de la Dona de Salem,2016-04-24,Domingo,0.0,road running,Absoluta/General,0,0,Salem,La Vall d'Albaida,Valencia,0,577,default,Comunidad Valenciana
mychip,III Volta a peu 6k Tavernes de la Valldigna,2016-04-23,Sábado,6.15,Otros,Absoluta/General,72,128,Tabernes de Valldigna,La Safor,Valencia,0,567,Modalidad 6150,Comunidad Valenciana
mychip,"Trail Pous de Neu, Circuit Trail vall del Joguet 2016",2016-04-17,Domingo,20.0,Otros,Absoluta/General,18,0,Ibi,La Hoya de Alcoy,Alicante,0,525,MUJERES,Comunidad Valenciana
mychip,"Trail Pous de Neu, Circuit Trail vall del Joguet 2016",2016-04-17,Domingo,20.0,Otros,Absoluta/General,0,203,Ibi,La Hoya de Alcoy,Alicante,0,525,HOMBRES,Comunidad Valenciana
mychip,XV Media Marathón Cuidad de Elda y V 10k Ciudad de Elda.,2016-04-17,Domingo,21.0,Otros,Absoluta/General,14,132,Elda,El Vinalopó Medio,Alicante,0,558,001_21K,Comunidad Valenciana
mychip,XV Media Marathón Cuidad de Elda y V 10k Ciudad de Elda.,2016-04-17,Domingo,10.0,Otros,Absoluta/General,51,165,Elda,El Vinalopó Medio,Alicante,0,558,002_10K,Comunidad Valenciana
mychip,III CARRERA SOLIDARIA POR ETIOPIA IN REAL TIME 10 KM. ALMUSSAFES,2016-04-17,Domingo,0.4,Otros,Infantil,8,13,Almussafes,La Ribera Baja,Valencia,0,571,005_ DE 0 A 7 ANOS,Comunidad Valenciana
mychip,III CARRERA SOLIDARIA POR ETIOPIA IN REAL TIME 10 KM. ALMUSSAFES,2016-04-17,Domingo,10.0,Otros,Absoluta/General,26,88,Almussafes,La Ribera Baja,Valencia,0,571,001_10K,Comunidad Valenciana
mychip,III CARRERA SOLIDARIA POR ETIOPIA IN REAL TIME 10 KM. ALMUSSAFES,2016-04-17,Domingo,1.6,Otros,Absoluta/General,1,3,Almussafes,La Ribera Baja,Valencia,0,571,003_12 A 15 ANYS,Comunidad Valenciana
mychip,III CARRERA SOLIDARIA POR ETIOPIA IN REAL TIME 10 KM. ALMUSSAFES,2016-04-17,Domingo,0.8,Otros,Infantil,8,24,Almussafes,La Ribera Baja,Valencia,0,571,004_DE 8 A 11 ANOS,Comunidad Valenciana
mychip,III CARRERA SOLIDARIA POR ETIOPIA IN REAL TIME 10 KM. ALMUSSAFES,2016-04-17,Domingo,5.0,Otros,Absoluta/General,35,33,Almussafes,La Ribera Baja,Valencia,0,571,002_5K,Comunidad Valenciana
mychip,IV Trail Solidari ciutat d'Alcoi,2016-04-16,Sábado,55.5,Otros,Absoluta/General,52,526,Alcoy,La Hoya de Alcoy,Alicante,0,490,001_TRAIL,Comunidad Valenciana
mychip,IV Trail Solidari ciutat d'Alcoi,2016-04-16,Sábado,25.0,Otros,Absoluta/General,189,285,Alcoy,La Hoya de Alcoy,Alicante,0,490,002_MARXA,Comunidad Valenciana
mychip,I Trail Monte Ponoig,2016-04-10,Domingo,16.0,Otros,Absoluta/General,18,89,Polop,La Marina Baja,Alicante,0,538,16K,Comunidad Valenciana
mychip,I Trail Monte Ponoig,2016-04-10,Domingo,24.0,Otros,Absoluta/General,8,132,Polop,La Marina Baja,Alicante,0,538,01_TRAIL,Comunidad Valenciana
mychip,III Cursa i Marxa per Muntanya Palma-Ador,2016-04-10,Domingo,11.0,Otros,Absoluta/General,24,16,Palma de Gandía,La Safor,Valencia,0,546,02_MARXA,Comunidad Valenciana
mychip,III Cursa i Marxa per Muntanya Palma-Ador,2016-04-10,Domingo,15.0,Otros,Absoluta/General,28,90,Palma de Gandía,La Safor,Valencia,0,546,01_TRAIL,Comunidad Valenciana
mychip,"Campionat Absolut i per Clubs de la Comunitat Valenciana, FEMECV 2016",2016-04-10,Domingo,0.0,Otros,Absoluta/General,0,9,Tabernes de Valldigna,La Safor,Valencia,0,557,Modalidad por defecto,Comunidad Valenciana
mychip,"Campionat Absolut i per Clubs de la Comunitat Valenciana, FEMECV 2016",2016-04-10,Domingo,46.7,Otros,Absoluta/General,98,0,Tabernes de Valldigna,La Safor,Valencia,0,557,ABSOLUTA_FEMENINA,Comunidad Valenciana
mychip,"Campionat Absolut i per Clubs de la Comunitat Valenciana, FEMECV 2016",2016-04-10,Domingo,25.4,Otros,Cadete/Juvenil,0,20,Tabernes de Valldigna,La Safor,Valencia,0,557,JUNIOR_MASC,Comunidad Valenciana
mychip,"Campionat Absolut i per Clubs de la Comunitat Valenciana, FEMECV 2016",2016-04-10,Domingo,46.7,Otros,Absoluta/General,1,399,Tabernes de Valldigna,La Safor,Valencia,0,557,ABSOLUTA_MASCULINA,Comunidad Valenciana
mychip,"Campionat Absolut i per Clubs de la Comunitat Valenciana, FEMECV 2016",2016-04-10,Domingo,25.4,Otros,Cadete/Juvenil,2,0,Tabernes de Valldigna,La Safor,Valencia,0,557,JUNIOR_FEM,Comunidad Valenciana
mychip,"Campionat Absolut i per Clubs de la Comunitat Valenciana, FEMECV 2016",2016-04-10,Domingo,25.4,Otros,Cadete/Juvenil,2,0,Tabernes de Valldigna,La Safor,Valencia,0,557,CADETE_FEM,Comunidad Valenciana
mychip,"Campionat Absolut i per Clubs de la Comunitat Valenciana, FEMECV 2016",2016-04-10,Domingo,25.4,Otros,Cadete/Juvenil,0,11,Tabernes de Valldigna,La Safor,Valencia,0,557,CADETE_MASC,Comunidad Valenciana
mychip,Marcha Medioambiental Crevillent - Playa del Pinet,2016-04-10,Domingo,0.0,road running,Absoluta/General,0,0,Crevillente,El Bajo Vinalopó,Alicante,0,569,default,Comunidad Valenciana
mychip,"XI Marató per muntanya Marina Alta, II Cursa els Tres Tossals",2016-04-03,Domingo,42.0,Otros,Absoluta/General,6,79,Gata de Gorgos,La Marina Alta,Alicante,0,448,001_MARATON,Comunidad Valenciana
mychip,"XI Marató per muntanya Marina Alta, II Cursa els Tres Tossals",2016-04-03,Domingo,22.0,Otros,Absoluta/General,9,84,Gata de Gorgos,La Marina Alta,Alicante,0,448,002_MEDIA,Comunidad Valenciana
mychip,"XI Marató per muntanya Marina Alta, II Cursa els Tres Tossals",2016-04-03,Domingo,22.0,Otros,Absoluta/General,6,12,Gata de Gorgos,La Marina Alta,Alicante,0,448,003_SENDERISTAS,Comunidad Valenciana
mychip,Gátova Trail 2016,2016-04-03,Domingo,21.0,Otros,Absoluta/General,32,133,Gátova,El Campo de Turia,Valencia,0,493,002_21K,Comunidad Valenciana
mychip,Gátova Trail 2016,2016-04-03,Domingo,10.0,Otros,Absoluta/General,48,100,Gátova,El Campo de Turia,Valencia,0,493,003_10K,Comunidad Valenciana
mychip,Gátova Trail 2016,2016-04-03,Domingo,42.0,Otros,Absoluta/General,14,183,Gátova,El Campo de Turia,Valencia,0,493,001_42K,Comunidad Valenciana
mychip,"XI cursa i Marxa per muntanya de Castalla, Trail Vall del Joguet 2016",2016-04-03,Domingo,20.0,Otros,Absoluta/General,16,1,Castalla,La Hoya de Alcoy,Alicante,0,526,MUJERES,Comunidad Valenciana
mychip,"XI cursa i Marxa per muntanya de Castalla, Trail Vall del Joguet 2016",2016-04-03,Domingo,20.0,Otros,Absoluta/General,0,147,Castalla,La Hoya de Alcoy,Alicante,0,526,HOMBRES,Comunidad Valenciana
mychip,"Desafios Lurbel 2016, Yeste",2016-04-02,Sábado,37.0,Otros,Absoluta/General,18,258,Yeste,,Castilla-La Mancha,0,520,002_37K,Castilla-La Mancha
mychip,"Desafios Lurbel 2016, Yeste",2016-04-02,Sábado,73.0,Otros,Absoluta/General,1,75,Yeste,,Castilla-La Mancha,0,520,001_73K,Castilla-La Mancha
mychip,"Desafios Lurbel 2016, Yeste",2016-04-02,Sábado,18.0,Otros,Absoluta/General,176,274,Yeste,,Castilla-La Mancha,0,520,003_18K,Castilla-La Mancha
mychip,"La Conquesta del Castell, Trofeu Filaes, Alcoi",2016-03-24,Jueves,2.0,Otros,Absoluta/General,0,51,Alcoy,La Hoya de Alcoy,Alicante,0,578,Modalidad 2000,Comunidad Valenciana
mychip,III Trail Rótova,2016-03-13,Domingo,15.0,Otros,Absoluta/General,22,123,Rótova,La Safor,Valencia,0,483,001_ TRAIL,Comunidad Valenciana
mychip,III Trail Rótova,2016-03-13,Domingo,11.5,Otros,Absoluta/General,47,31,Rótova,La Safor,Valencia,0,483,002_MARCHA,Comunidad Valenciana
mychip,"X Mabo, 2016",2016-03-13,Domingo,0.0,road running,Absoluta/General,37,318,Borriol,Plana Alta,Castellón,0,505,default,Comunidad Valenciana
mychip,Tomaca Trail 2016,2016-03-13,Domingo,10.0,Otros,Absoluta/General,110,172,Alginet,La Ribera Alta,Valencia,0,547,002_10K,Comunidad Valenciana
mychip,Tomaca Trail 2016,2016-03-13,Domingo,21.0,Otros,Absoluta/General,15,104,Alginet,La Ribera Alta,Valencia,0,547,001_21K,Comunidad Valenciana
mychip,Perimetral a Benissa,2016-03-12,Sábado,42.0,Otros,Absoluta/General,13,163,Benisa,La Marina Alta,Alicante,0,507,002_MARATON,Comunidad Valenciana
mychip,Perimetral a Benissa,2016-03-12,Sábado,84.0,Otros,Absoluta/General,5,73,Benisa,La Marina Alta,Alicante,0,507,001_ULTRA,Comunidad Valenciana
mychip,"Inov8 Vertical MABO, Campionat Absolut Cursa Vertical, FEMECV",2016-03-12,Sábado,1.4,Otros,Absoluta/General,26,53,Borriol,Plana Alta,Castellón,0,515,Modalidad 1400,Comunidad Valenciana
mychip,II Marató de la Calderona,2016-03-06,Domingo,31.0,Otros,Absoluta/General,14,199,Serra,El Campo de Turia,Valencia,0,450,MARATON,Comunidad Valenciana
mychip,II Marató de la Calderona,2016-03-06,Domingo,21.0,Otros,Absoluta/General,24,155,Serra,El Campo de Turia,Valencia,0,450,MEDIA,Comunidad Valenciana
mychip,"VI MIMAMUCA, II MAMUCA",2016-03-06,Domingo,21.0,Otros,Absoluta/General,83,331,Carrícola,La Vall d'Albaida,Valencia,0,508,MIMAMUCA,Comunidad Valenciana
mychip,"VI MIMAMUCA, II MAMUCA",2016-03-06,Domingo,42.0,Otros,Absoluta/General,10,203,Carrícola,La Vall d'Albaida,Valencia,0,508,MAMUCA,Comunidad Valenciana
mychip,"II Segura Trail,  Elche de la Sierra. Circuito Desafios Trail Sierra del Segura",2016-03-06,Domingo,0.0,road running,Absoluta/General,0,0,Albacete,,Castilla-La Mancha,0,551,default,Castilla-La Mancha
mychip,"Marxa per a tota la Familia, Carrera de la Dona, Puçol",2016-03-06,Domingo,0.0,road running,Absoluta/General,0,0,Puzol,Huerta Norte,Valencia,0,559,default,Comunidad Valenciana
mychip,"II CORRE CROSS DE LA DONA, Picanya",2016-03-04,Viernes,0.0,road running,Absoluta/General,0,0,Picaña,Huerta Sur,Valencia,0,549,default,Comunidad Valenciana
mychip,"Clariano Trail, Ontinyent, Prueba Campeonato de Liga FEMECV 2016",2016-02-28,Domingo,25.4,Otros,Cadete/Juvenil,0,11,Onteniente,La Vall d'Albaida,Valencia,0,528,CADETE_MASC,Comunidad Valenciana
mychip,"Clariano Trail, Ontinyent, Prueba Campeonato de Liga FEMECV 2016",2016-02-28,Domingo,46.7,Otros,Absoluta/General,1,399,Onteniente,La Vall d'Albaida,Valencia,0,528,ABSOLUTA_MASCULINA,Comunidad Valenciana
mychip,"Clariano Trail, Ontinyent, Prueba Campeonato de Liga FEMECV 2016",2016-02-28,Domingo,25.4,Otros,Cadete/Juvenil,0,20,Onteniente,La Vall d'Albaida,Valencia,0,528,JUNIOR_MASC,Comunidad Valenciana
mychip,"Clariano Trail, Ontinyent, Prueba Campeonato de Liga FEMECV 2016",2016-02-28,Domingo,46.7,Otros,Absoluta/General,98,0,Onteniente,La Vall d'Albaida,Valencia,0,528,ABSOLUTA_FEMENINA,Comunidad Valenciana
mychip,"Clariano Trail, Ontinyent, Prueba Campeonato de Liga FEMECV 2016",2016-02-28,Domingo,25.4,Otros,Cadete/Juvenil,2,0,Onteniente,La Vall d'Albaida,Valencia,0,528,JUNIOR_FEM,Comunidad Valenciana
mychip,"Clariano Trail, Ontinyent, Prueba Campeonato de Liga FEMECV 2016",2016-02-28,Domingo,25.4,Otros,Cadete/Juvenil,2,0,Onteniente,La Vall d'Albaida,Valencia,0,528,CADETE_FEM,Comunidad Valenciana
mychip,"Clariano Trail, Ontinyent, Prueba Campeonato de Liga FEMECV 2016",2016-02-28,Domingo,0.0,Otros,Absoluta/General,15,15,Onteniente,La Vall d'Albaida,Valencia,0,528,Modalidad por defecto,Comunidad Valenciana
mychip,"XXXIII Medio Maraton de Torrevieja, 10k",2016-02-28,Domingo,21.0,Otros,Absoluta/General,61,446,Torrevieja,,Alicante,0,542,001_21K,Comunidad Valenciana
mychip,"XXXIII Medio Maraton de Torrevieja, 10k",2016-02-28,Domingo,10.0,Otros,Absoluta/General,107,279,Torrevieja,,Alicante,0,542,002_10K,Comunidad Valenciana
mychip,"II Carrera Polígono Industrial Juan Carlos I. Quédate sin aliento por la Hipertensión Pulmonar, Causa María Moreno",2016-02-21,Domingo,10.0,Otros,Absoluta/General,167,631,Almussafes,La Ribera Baja,Valencia,0,512,Modalidad 10000,Comunidad Valenciana
mychip,"52 Marcha Veteranos Comunidad Valenciana, Serra.  FEMECV 2016",2016-02-21,Domingo,16.5,Otros,Absoluta/General,32,68,Serra,El Campo de Turia,Valencia,0,527,Modalidad 16500,Comunidad Valenciana
mychip,XCMARATON VALL D’ALBA – 72 y 47 km,2016-02-21,Domingo,72.0,Otros,Absoluta/General,4,166,Vall d'Alba,Plana Alta,Castellón,0,548,001_XC CHALLENGE MARATH,Comunidad Valenciana
mychip,XCMARATON VALL D’ALBA – 72 y 47 km,2016-02-21,Domingo,47.0,Otros,Absoluta/General,5,74,Vall d'Alba,Plana Alta,Castellón,0,548,003_MARCHA,Comunidad Valenciana
mychip,XCMARATON VALL D’ALBA – 72 y 47 km,2016-02-21,Domingo,72.0,Otros,Equipos,0,40,Vall d'Alba,Plana Alta,Castellón,0,548,002_XCM EQUIPOS,Comunidad Valenciana
mychip,III Mitja Marató per Munytanya i Marxa Senderista L'Aventaor de Genoves,2016-02-14,Domingo,21.0,Otros,Absoluta/General,37,318,Liria,El Campo de Turia,Valencia,0,503,CARRERA,Comunidad Valenciana
mychip,III Mitja Marató per Munytanya i Marxa Senderista L'Aventaor de Genoves,2016-02-14,Domingo,17.0,Otros,Absoluta/General,71,97,Liria,El Campo de Turia,Valencia,0,503,MARXA,Comunidad Valenciana
mychip,"Cursa per Muntanya Samaruc, Fondeguilla, Campeonato de Liga FEMECV 2016",2016-02-14,Domingo,25.4,Otros,Cadete/Juvenil,0,11,Alfondeguilla,Plana Baja,Castellón,0,524,CADETE_MASC,Comunidad Valenciana
mychip,"Cursa per Muntanya Samaruc, Fondeguilla, Campeonato de Liga FEMECV 2016",2016-02-14,Domingo,46.7,Otros,Absoluta/General,98,0,Alfondeguilla,Plana Baja,Castellón,0,524,ABSOLUTA_FEMENINA,Comunidad Valenciana
mychip,"Cursa per Muntanya Samaruc, Fondeguilla, Campeonato de Liga FEMECV 2016",2016-02-14,Domingo,25.4,Otros,Cadete/Juvenil,0,20,Alfondeguilla,Plana Baja,Castellón,0,524,JUNIOR_MASC,Comunidad Valenciana
mychip,"Cursa per Muntanya Samaruc, Fondeguilla, Campeonato de Liga FEMECV 2016",2016-02-14,Domingo,0.0,Otros,Absoluta/General,12,15,Alfondeguilla,Plana Baja,Castellón,0,524,Modalidad por defecto,Comunidad Valenciana
mychip,"Cursa per Muntanya Samaruc, Fondeguilla, Campeonato de Liga FEMECV 2016",2016-02-14,Domingo,46.7,Otros,Absoluta/General,1,399,Alfondeguilla,Plana Baja,Castellón,0,524,ABSOLUTA_MASCULINA,Comunidad Valenciana
mychip,"Cursa per Muntanya Samaruc, Fondeguilla, Campeonato de Liga FEMECV 2016",2016-02-14,Domingo,25.4,Otros,Cadete/Juvenil,2,0,Alfondeguilla,Plana Baja,Castellón,0,524,CADETE_FEM,Comunidad Valenciana
mychip,"Cursa per Muntanya Samaruc, Fondeguilla, Campeonato de Liga FEMECV 2016",2016-02-14,Domingo,25.4,Otros,Cadete/Juvenil,2,0,Alfondeguilla,Plana Baja,Castellón,0,524,JUNIOR_FEM,Comunidad Valenciana
mychip,Granadella Trail Xàbia 2016,2016-02-07,Domingo,12.0,Otros,Absoluta/General,159,81,Jávea,La Marina Alta,Alicante,0,502,SENDERISTAS,Comunidad Valenciana
mychip,Granadella Trail Xàbia 2016,2016-02-07,Domingo,21.0,Otros,Absoluta/General,64,418,Jávea,La Marina Alta,Alicante,0,502,CARRERA,Comunidad Valenciana
mychip,Granadella Trail Xàbia 2016,2016-02-07,Domingo,19.0,Otros,Equipos,123,266,Jávea,La Marina Alta,Alicante,0,502,EQUIPOS GENERAL,Comunidad Valenciana
mychip,XI CARRERA POR MONTAÑA Y MARCHA A PIÉ   SERRA DEL COTO,2016-02-07,Domingo,22.0,Otros,Absoluta/General,34,343,Monóvar,El Vinalopó Medio,Alicante,0,509,CARRERA,Comunidad Valenciana
mychip,XI CARRERA POR MONTAÑA Y MARCHA A PIÉ   SERRA DEL COTO,2016-02-07,Domingo,22.0,Otros,Absoluta/General,51,84,Monóvar,El Vinalopó Medio,Alicante,0,509,MARCHA,Comunidad Valenciana
mychip,"1a. Volta a peu a Alberic, Benefici AECC",2016-02-07,Domingo,0.0,road running,Absoluta/General,0,0,Alberique,La Ribera Alta,Valencia,0,543,default,Comunidad Valenciana
mychip,MARCHA INTEGRAL SERRA DE CREVILLENT,2016-02-06,Sábado,0.0,road running,Absoluta/General,0,0,Crevillente,El Bajo Vinalopó,Alicante,0,511,default,Comunidad Valenciana
mychip,CARRERA POPULAR SOLIDARIA MANOS UNIDAS ALZIRA 2016,2016-02-06,Sábado,0.0,road running,Absoluta/General,0,0,Alcira,La Ribera Alta,Valencia,0,530,default,Comunidad Valenciana
mychip,"Costa Blanca Bike Race, Alfas del Pi, Etapa 4",2016-01-31,Domingo,7.0,Otros,Absoluta/General,31,422,Alfaz del Pi,La Marina Baja,Alicante,0,537,Modalidad 7000,Comunidad Valenciana
mychip,"Costa Blanca Bike Race, Polop, Etapa 3",2016-01-30,Sábado,45.0,Otros,Absoluta/General,31,427,Polop,La Marina Baja,Alicante,0,536,Modalidad 45000,Comunidad Valenciana
mychip,"Costa Blanca Bike Race, Finestrat, Etapa 2",2016-01-29,Viernes,45.0,Otros,Absoluta/General,32,449,Finestrat,La Marina Baja,Alicante,0,535,Modalidad 45000,Comunidad Valenciana
mychip,"Costa Blanca Bike Race, Benidorm, Etapa 1",2016-01-28,Jueves,45.0,Otros,Absoluta/General,30,438,Benidorm,La Marina Baja,Alicante,0,534,Modalidad 45000,Comunidad Valenciana
mychip,I Trail el Salto de Chella,2016-01-24,Domingo,12.0,Otros,Absoluta/General,115,55,Chella,La Canal de Navarrés,Valencia,0,481,002_SENDERISTA,Comunidad Valenciana
mychip,I Trail el Salto de Chella,2016-01-24,Domingo,15.0,Otros,Absoluta/General,65,293,Chella,La Canal de Navarrés,Valencia,0,481,001_TRAIL,Comunidad Valenciana
mychip,5e. Trail i Marxa Senderista La Mallà-Serralades de Barxeta,2016-01-17,Domingo,18.5,Otros,Absoluta/General,231,237,Barcheta,La Costera,Valencia,0,478,MARCHA SENDERISTA,Comunidad Valenciana
mychip,5e. Trail i Marxa Senderista La Mallà-Serralades de Barxeta,2016-01-17,Domingo,21.3,Otros,Absoluta/General,119,748,Barcheta,La Costera,Valencia,0,478,CARRERA,Comunidad Valenciana
mychip,V Carrera por Montaña Cerro de la Mola,2016-01-17,Domingo,17.0,Otros,Absoluta/General,62,85,Novelda,El Vinalopó Medio,Alicante,0,499,SENDERISTA,Comunidad Valenciana
mychip,V Carrera por Montaña Cerro de la Mola,2016-01-17,Domingo,17.0,Otros,Absoluta/General,33,312,Novelda,El Vinalopó Medio,Alicante,0,499,CARRERA,Comunidad Valenciana
mychip,IX CURSA MUNTANYA TOMBATOSSALS,2016-01-17,Domingo,21.0,Otros,Absoluta/General,77,550,Castellón de la Plana,Plana Alta,Castellón,0,514,Modalidad 21000,Comunidad Valenciana
mychip,"El dia del Senderista, Femecv 2016, Castalla",2016-01-17,Domingo,17.0,Otros,Absoluta/General,158,251,Castalla,La Hoya de Alcoy,Alicante,0,517,Modalidad 17000,Comunidad Valenciana
mychip,BTT TST1,2016-01-14,Jueves,0.0,Otros,Absoluta/General,0,4,Valencia,,Valencia,0,531,MODALIDAD,Comunidad Valenciana
mychip,BTT TST2,2016-01-14,Jueves,0.0,Otros,Absoluta/General,0,4,Valencia,,Valencia,0,532,MODALIDAD,Comunidad Valenciana
mychip,GR10-Xtrem Valencia Ultra Trail,2016-01-09,Sábado,94.0,Otros,Absoluta/General,15,223,Andilla,,Valencia,0,477,Modalidad 94000,Valencia
mychip,XVI Volta a peu a Xeraco,2016-01-06,Miércoles,15.0,Otros,Absoluta/General,118,429,Jaraco,La Safor,Valencia,0,501,Modalidad 15000,Comunidad Valenciana
mychip,XXXIV San Silvestre Toledana,2015-12-31,Jueves,1.6,Otros,Absoluta/General,8,22,Toledo,,Toledo,0,476,005_14  A 15 A,Castilla-La Mancha
mychip,XXXIV San Silvestre Toledana,2015-12-31,Jueves,0.4,Otros,Infantil,58,87,Toledo,,Toledo,0,476,002_6 A 9 ANOS,Castilla-La Mancha
mychip,XXXIV San Silvestre Toledana,2015-12-31,Jueves,1.2,Otros,Absoluta/General,18,29,Toledo,,Toledo,0,476,004_12 A 13 A,Castilla-La Mancha
mychip,XXXIV San Silvestre Toledana,2015-12-31,Jueves,8.0,Otros,Absoluta/General,877,3224,Toledo,,Toledo,0,476,001_ABSOLUTA,Castilla-La Mancha
mychip,XXXIV San Silvestre Toledana,2015-12-31,Jueves,0.8,Otros,Absoluta/General,41,47,Toledo,,Toledo,0,476,003_10 A 11 A,Castilla-La Mancha
mychip,XXXIV San Silvestre Toledana,2015-12-31,Jueves,0.4,Otros,Infantil,39,58,Toledo,,Toledo,0,476,006_de 0 A 5 ANOS,Castilla-La Mancha
mychip,"I San Silvestre Pilareña, Grupo TVHoradada",2015-12-31,Jueves,0.1,Otros,Infantil,7,12,Pilar de la Horadada,,Alicante,0,510,001_CHUPETIN,Comunidad Valenciana
mychip,"I San Silvestre Pilareña, Grupo TVHoradada",2015-12-31,Jueves,0.4,Otros,Infantil,17,29,Pilar de la Horadada,,Alicante,0,510,"003_ALEVIN, BENJAMIN, PREBENJAMIN",Comunidad Valenciana
mychip,"I San Silvestre Pilareña, Grupo TVHoradada",2015-12-31,Jueves,5.5,Otros,Absoluta/General,70,200,Pilar de la Horadada,,Alicante,0,510,001_ABSOLUTA,Comunidad Valenciana
mychip,"I San Silvestre Pilareña, Grupo TVHoradada",2015-12-31,Jueves,0.8,Otros,Infantil,25,30,Pilar de la Horadada,,Alicante,0,510,"004_CADETE, INFANTIL",Comunidad Valenciana
mychip,VIII SANT SILVESTRE ALGEMESÍ,2015-12-30,Miércoles,0.0,road running,Absoluta/General,0,0,Algemesí,La Ribera Alta,Valencia,0,519,default,Comunidad Valenciana
mychip,XXVI SAN SILVESTRE MONOVERA SOLIDARIA PRO XAVI,2015-12-27,Domingo,8.0,Otros,Absoluta/General,33,130,Monóvar,El Vinalopó Medio,Alicante,0,506,001_ABSOLUTA,Comunidad Valenciana
mychip,XXVI SAN SILVESTRE MONOVERA SOLIDARIA PRO XAVI,2015-12-27,Domingo,0.4,Otros,Infantil,24,40,Monóvar,El Vinalopó Medio,Alicante,0,506,006_0 A 7 ANOS,Comunidad Valenciana
mychip,XXVI SAN SILVESTRE MONOVERA SOLIDARIA PRO XAVI,2015-12-27,Domingo,0.8,Otros,Infantil,11,19,Monóvar,El Vinalopó Medio,Alicante,0,506,005_8 A 10 ANOS,Comunidad Valenciana
mychip,XXVI SAN SILVESTRE MONOVERA SOLIDARIA PRO XAVI,2015-12-27,Domingo,1.4,Otros,Infantil,9,19,Monóvar,El Vinalopó Medio,Alicante,0,506,004_11 A 13 ANOS,Comunidad Valenciana
mychip,XXVI SAN SILVESTRE MONOVERA SOLIDARIA PRO XAVI,2015-12-27,Domingo,3.7,Otros,Cadete/Juvenil,1,8,Monóvar,El Vinalopó Medio,Alicante,0,506,003_CADETES,Comunidad Valenciana
mychip,San Silvestre de Callosa,2015-12-26,Sábado,2.4,Otros,Absoluta/General,82,49,Callosa de Ensarriá,,Alicante,0,504,"002_2,4KM",Valencia
mychip,San Silvestre de Callosa,2015-12-26,Sábado,4.8,Otros,Absoluta/General,30,51,Callosa de Ensarriá,,Alicante,0,504,"001_4,8KM",Valencia
mychip,1ª. Trail Silvestre Espadillana,2015-12-19,Sábado,14.5,Otros,Absoluta/General,57,219,Espadilla,El Alto Mijares,Castellón,0,485,Modalidad 14500,Comunidad Valenciana
mychip,XI Mitja Marató Serra d’Oltà,2015-12-13,Domingo,20.5,Otros,Absoluta/General,34,263,Calpe,La Marina Alta,Alicante,0,475,001_TRAIL,Comunidad Valenciana
mychip,XI Mitja Marató Serra d’Oltà,2015-12-13,Domingo,17.5,Otros,Absoluta/General,51,58,Calpe,La Marina Alta,Alicante,0,475,002_Marcha,Comunidad Valenciana
mychip,XXXII Carrera popular Villa de Aranjuez,2015-12-13,Domingo,10.0,Otros,Absoluta/General,1150,3609,Aranjuez,,Comunidad de Madrid,0,479,Modalidad 10000,Comunidad de Madrid
mychip,IX Marcha Azuebar,2015-12-13,Domingo,0.0,road running,Absoluta/General,0,194,Azuébar,El Alto Palancia,Castellón,0,494,default,Comunidad Valenciana
mychip,"23ª Quarta i Mitja Marató, Paiporta-Picanya",2015-12-13,Domingo,10.548,Otros,Absoluta/General,187,351,Paiporta,Huerta Sur,Valencia,0,495,QUARTA,Comunidad Valenciana
mychip,"23ª Quarta i Mitja Marató, Paiporta-Picanya",2015-12-13,Domingo,21.097,Otros,Absoluta/General,152,916,Paiporta,Huerta Sur,Valencia,0,495,MITJA,Comunidad Valenciana
mychip,V Mitja Marató Unión Alcoyana y Quart de Marató,2015-12-06,Domingo,21.097,Otros,Absoluta/General,42,343,Alcoy,La Hoya de Alcoy,Alicante,0,467,001_MITJA MARATO,Comunidad Valenciana
mychip,V Mitja Marató Unión Alcoyana y Quart de Marató,2015-12-06,Domingo,10.548,Otros,Absoluta/General,211,410,Alcoy,La Hoya de Alcoy,Alicante,0,467,002_QUARTA,Comunidad Valenciana
mychip,V Mitja Marató Unión Alcoyana y Quart de Marató,2015-12-06,Domingo,21.097,Otros,Absoluta/General,2,27,Alcoy,La Hoya de Alcoy,Alicante,0,467,003_RELEVOS,Comunidad Valenciana
mychip,"Carrera por Montaña sierra de Chiva, Campeonato Provincial de largo recorrido, FEMECV",2015-12-06,Domingo,61.0,Otros,Absoluta/General,26,301,Chiva,La Hoya de Buñol,Valencia,0,468,001_61K,Comunidad Valenciana
mychip,"Carrera por Montaña sierra de Chiva, Campeonato Provincial de largo recorrido, FEMECV",2015-12-06,Domingo,33.0,Otros,Absoluta/General,57,279,Chiva,La Hoya de Buñol,Valencia,0,468,002_33K,Comunidad Valenciana
mychip,"I Simat Trail Series, Sprint Vertical Massís del Toro,  Trail i Marxa Senderista a Penalva.",2015-12-06,Domingo,18.5,Otros,Absoluta/General,13,47,Simat de Valldigna,La Safor,Valencia,0,487,001_COMBINADA,Comunidad Valenciana
mychip,"I Simat Trail Series, Sprint Vertical Massís del Toro,  Trail i Marxa Senderista a Penalva.",2015-12-06,Domingo,17.0,Otros,Absoluta/General,25,144,Simat de Valldigna,La Safor,Valencia,0,487,002_TRAIL PENALVA,Comunidad Valenciana
mychip,"I Simat Trail Series, Sprint Vertical Massís del Toro,  Trail i Marxa Senderista a Penalva.",2015-12-06,Domingo,1.46,Otros,Absoluta/General,13,16,Simat de Valldigna,La Safor,Valencia,0,487,003_SPRINT VERTICAL,Comunidad Valenciana
mychip,"I Simat Trail Series, Sprint Vertical Massís del Toro,  Trail i Marxa Senderista a Penalva.",2015-12-06,Domingo,12.0,Otros,Absoluta/General,61,29,Simat de Valldigna,La Safor,Valencia,0,487,004_SENDER,Comunidad Valenciana
mychip,XV Mitja marató Samaruc,2015-12-06,Domingo,21.097,Otros,Absoluta/General,87,560,Algemesí,La Ribera Alta,Valencia,0,488,Modalidad 21097,Comunidad Valenciana
mychip,"3er. Trail El Ventos, Vila d'Agost",2015-11-29,Domingo,11.0,Otros,Absoluta/General,19,18,Agost,El Alacantí,Alicante,0,445,MARCHA,Comunidad Valenciana
mychip,"3er. Trail El Ventos, Vila d'Agost",2015-11-29,Domingo,17.0,Otros,Absoluta/General,35,266,Agost,El Alacantí,Alicante,0,445,CARRERA,Comunidad Valenciana
mychip,"Sierra del Bernia, Programa de Senderismo 2015 Diputación de Alicante. FEMECV.",2015-11-29,Domingo,0.0,road running,Absoluta/General,0,0,Callosa de Ensarriá,La Marina Baja,Alicante,0,474,default,Comunidad Valenciana
mychip,"Desafios Lurbel 2015, Aitana",2015-11-28,Sábado,80.0,Otros,Absoluta/General,12,194,Finestrat,La Marina Baja,Alicante,0,366,001_80K,Comunidad Valenciana
mychip,"Desafios Lurbel 2015, Aitana",2015-11-28,Sábado,40.0,Otros,Absoluta/General,33,369,Finestrat,La Marina Baja,Alicante,0,366,003_40K,Comunidad Valenciana
mychip,"Desafios Lurbel 2015, Aitana",2015-11-28,Sábado,120.0,Otros,Absoluta/General,11,146,Finestrat,La Marina Baja,Alicante,0,366,001_120K,Comunidad Valenciana
mychip,III 10k L'Olleria,2015-11-22,Domingo,10.0,Otros,Absoluta/General,1,413,Ollería,La Vall d'Albaida,Valencia,0,411,HOMBRES,Comunidad Valenciana
mychip,III 10k L'Olleria,2015-11-22,Domingo,10.0,Otros,Absoluta/General,98,0,Ollería,La Vall d'Albaida,Valencia,0,411,MUJERES,Comunidad Valenciana
mychip,"Campeonato Regularidad por Montaña de la Comunidad Valenciana, FEMECV",2015-11-22,Domingo,14.0,Otros,Absoluta/General,89,1,Villena,El Alto Vinalopó,Alicante,0,497,FEMENINA,Comunidad Valenciana
mychip,"Campeonato Regularidad por Montaña de la Comunidad Valenciana, FEMECV",2015-11-22,Domingo,14.0,Otros,Absoluta/General,0,114,Villena,El Alto Vinalopó,Alicante,0,497,MASCULINA,Comunidad Valenciana
mychip,MArató dels Dements 2015,2015-11-21,Sábado,21.0,Otros,Absoluta/General,20,105,Eslida,Plana Baja,Castellón,0,392,MEDIA,Comunidad Valenciana
mychip,MArató dels Dements 2015,2015-11-21,Sábado,43.5,Otros,Absoluta/General,21,297,Eslida,Plana Baja,Castellón,0,392,MARATO,Comunidad Valenciana
mychip,Sierra del Marmol Monovar. Programa de Senderismo 2015 Diputación de Alicante. FEMECV.,2015-11-15,Domingo,0.0,road running,Absoluta/General,0,0,Monóvar,El Vinalopó Medio,Alicante,0,473,default,Comunidad Valenciana
mychip,"III Carrera y Marcha  por Montaña, La Cagá del Águila, Redován 2015",2015-11-15,Domingo,10.0,Otros,Absoluta/General,9,22,Redován,,Alicante,0,482,SENDERISTA,Comunidad Valenciana
mychip,"III Carrera y Marcha  por Montaña, La Cagá del Águila, Redován 2015",2015-11-15,Domingo,11.5,Otros,Absoluta/General,11,108,Redován,,Alicante,0,482,ABSOLUTA,Comunidad Valenciana
mychip,V Crono escalada BTT Penya la Mina,2015-11-15,Domingo,8.22,Otros,Absoluta/General,1,97,la Romana,El Vinalopó Medio,Alicante,0,491,Modalidad 8220,Comunidad Valenciana
mychip,"II Trail les Caves, Xitxarra Trails 2015",2015-11-08,Domingo,25.0,Otros,Absoluta/General,0,318,Agres,El Condado de Cocentaina,Alicante,0,361,HOMBRES,Comunidad Valenciana
mychip,"II Trail les Caves, Xitxarra Trails 2015",2015-11-08,Domingo,25.0,Otros,Absoluta/General,39,0,Agres,El Condado de Cocentaina,Alicante,0,361,MUJERES,Comunidad Valenciana
mychip,"II Volta a la Campana, Suera",2015-11-08,Domingo,21.65,Otros,Absoluta/General,76,359,Sueras,Plana Baja,Castellón,0,466,Modalidad 21650,Comunidad Valenciana
mychip,PR-CV 425 Alcalalí-Coll de Rates. Programa de Senderismo 2015 Diputación de Alicante. FEMECV.,2015-11-08,Domingo,0.0,road running,Absoluta/General,0,0,Alcalalí,La Marina Alta,Alicante,0,472,default,Comunidad Valenciana
mychip,"XVII Cross Xirivell, 2015",2015-11-08,Domingo,1.2,Otros,Absoluta/General,7,12,Monóvar,El Vinalopó Medio,Alicante,0,486,06_11_A_13,Comunidad Valenciana
mychip,"XVII Cross Xirivell, 2015",2015-11-08,Domingo,0.8,Otros,Absoluta/General,9,7,Monóvar,El Vinalopó Medio,Alicante,0,486,04_8_A_10,Comunidad Valenciana
mychip,"XVII Cross Xirivell, 2015",2015-11-08,Domingo,8.5,Otros,Absoluta/General,76,32,Monóvar,El Vinalopó Medio,Alicante,0,486,02_MARCHA,Comunidad Valenciana
mychip,"XVII Cross Xirivell, 2015",2015-11-08,Domingo,8.5,Otros,Absoluta/General,22,81,Monóvar,El Vinalopó Medio,Alicante,0,486,01_ABSOLUTA,Comunidad Valenciana
mychip,"XVII Cross Xirivell, 2015",2015-11-08,Domingo,0.4,Otros,Absoluta/General,14,21,Monóvar,El Vinalopó Medio,Alicante,0,486,03_HASTA_7,Comunidad Valenciana
mychip,"XVII Cross Xirivell, 2015",2015-11-08,Domingo,2.4,Otros,Absoluta/General,0,3,Monóvar,El Vinalopó Medio,Alicante,0,486,05_14_A_15,Comunidad Valenciana
mychip,I VOLTA A PEU ALGEMESÍ CONTRA EL CÀNCER 2015,2015-11-08,Domingo,0.0,road running,Absoluta/General,0,0,Algemesí,La Ribera Alta,Valencia,0,492,default,Comunidad Valenciana
mychip,I MEDIA ROLLER MARINA D’OR,2015-11-08,Domingo,21.097,Otros,Absoluta/General,67,83,Oropesa del Mar,Plana Alta,Castellón,0,498,001_ABSOLUTA,Comunidad Valenciana
mychip,I MEDIA ROLLER MARINA D’OR,2015-11-08,Domingo,5.0,Otros,Infantil,22,23,Oropesa del Mar,Plana Alta,Castellón,0,498,002_MENORES,Comunidad Valenciana
mychip,"Encuentro Blogger Senderista 2015, Ontinyent",2015-11-01,Domingo,0.0,road running,Absoluta/General,0,0,Onteniente,La Vall d'Albaida,Valencia,0,484,default,Comunidad Valenciana
mychip,"II Carrera de Muntanya Bocairent, Xitxarra Trails 2015",2015-10-25,Domingo,23.0,Otros,Absoluta/General,0,327,Bañeres,La Hoya de Alcoy,Alicante,0,360,HOMBRES,Comunidad Valenciana
mychip,"II Carrera de Muntanya Bocairent, Xitxarra Trails 2015",2015-10-25,Domingo,23.0,Otros,Absoluta/General,36,0,Bañeres,La Hoya de Alcoy,Alicante,0,360,MUJERES,Comunidad Valenciana
mychip,I Trail de Sellent,2015-10-25,Domingo,0.0,road running,Absoluta/General,0,0,Sellent,La Ribera Alta,Valencia,0,464,default,Comunidad Valenciana
mychip,PR-CV 355 Les Rotes de Denia. Programa de Senderismo 2015 Diputación de Alicante. FEMECV.,2015-10-25,Domingo,0.0,road running,Absoluta/General,0,0,Denia,La Marina Alta,Alicante,0,471,default,Comunidad Valenciana
mychip,OCEANMAN CAMPEONATO DE EUROPA BENIDORM,2015-10-25,Domingo,7.5,Otros,Absoluta/General,15,96,Benidorm,La Marina Baja,Alicante,0,480,"03_OCEANMAN 7,5K",Comunidad Valenciana
mychip,OCEANMAN CAMPEONATO DE EUROPA BENIDORM,2015-10-25,Domingo,1.5,Otros,Absoluta/General,15,18,Benidorm,La Marina Baja,Alicante,0,480,"05_OCEANMAM, 1,5KM POPULAR",Comunidad Valenciana
mychip,OCEANMAN CAMPEONATO DE EUROPA BENIDORM,2015-10-25,Domingo,7.5,Otros,Absoluta/General,11,34,Benidorm,La Marina Baja,Alicante,0,480,"01_CEANMAN 7,5K CHAMPIONCHIP",Comunidad Valenciana
mychip,OCEANMAN CAMPEONATO DE EUROPA BENIDORM,2015-10-25,Domingo,3.8,Otros,Absoluta/General,21,27,Benidorm,La Marina Baja,Alicante,0,480,"02_OCEANMAN 3,8K, CHAMPIONSHIP",Comunidad Valenciana
mychip,OCEANMAN CAMPEONATO DE EUROPA BENIDORM,2015-10-25,Domingo,3.8,Otros,Absoluta/General,17,64,Benidorm,La Marina Baja,Alicante,0,480,"04_OCEANMAN 3,8K",Comunidad Valenciana
mychip,II Volta popular a Aielo de Malferit,2015-10-24,Sábado,8.8,Otros,Absoluta/General,79,1,Ayelo de Malferit,La Vall d'Albaida,Valencia,0,410,MUJERES,Comunidad Valenciana
mychip,II Volta popular a Aielo de Malferit,2015-10-24,Sábado,8.8,Otros,Absoluta/General,0,303,Ayelo de Malferit,La Vall d'Albaida,Valencia,0,410,HOMBRES,Comunidad Valenciana
mychip,Mondúber Trail,2015-10-24,Sábado,21.0,Otros,Absoluta/General,45,122,Jeresa,La Safor,Valencia,0,432,03_MEDIA MARATON,Comunidad Valenciana
mychip,Mondúber Trail,2015-10-24,Sábado,80.0,Otros,Absoluta/General,2,50,Jeresa,La Safor,Valencia,0,432,01_UTRA,Comunidad Valenciana
mychip,Mondúber Trail,2015-10-24,Sábado,42.0,Otros,Absoluta/General,17,178,Jeresa,La Safor,Valencia,0,432,002_MARATO,Comunidad Valenciana
mychip,La 8ª Nocturna de Toledo,2015-10-24,Sábado,4.5,Otros,Absoluta/General,220,137,Toledo,,Toledo,0,461,"02_4,5k",Castilla-La Mancha
mychip,La 8ª Nocturna de Toledo,2015-10-24,Sábado,8.0,Otros,Absoluta/General,305,1369,Toledo,,Toledo,0,461,01_8k,Castilla-La Mancha
mychip,Trail Umbría la Plana 2015,2015-10-18,Domingo,19.0,Otros,Absoluta/General,24,183,Enguera,La Canal de Navarrés,Valencia,0,374,CARRERA,Comunidad Valenciana
mychip,Trail Umbría la Plana 2015,2015-10-18,Domingo,8.0,Otros,Absoluta/General,93,62,Enguera,La Canal de Navarrés,Valencia,0,374,MARCHA,Comunidad Valenciana
mychip,XI Volta a peu pel Benicadell,2015-10-18,Domingo,14.7,Otros,Absoluta/General,0,341,Salem,La Vall d'Albaida,Valencia,0,409,HOMBRES,Comunidad Valenciana
mychip,XI Volta a peu pel Benicadell,2015-10-18,Domingo,14.7,Otros,Absoluta/General,67,2,Salem,La Vall d'Albaida,Valencia,0,409,MUJERES,Comunidad Valenciana
mychip,I Trail de Buñol,2015-10-18,Domingo,26.0,Otros,Absoluta/General,24,160,Buñol,La Hoya de Buñol,Valencia,0,460,23K,Comunidad Valenciana
mychip,I Trail de Buñol,2015-10-18,Domingo,13.0,Otros,Absoluta/General,41,188,Buñol,La Hoya de Buñol,Valencia,0,460,13K,Comunidad Valenciana
mychip,"Sierra de la Solana, Beneixama. Programa de Senderismo 2015 Diputación de Alicante. FEMECV.",2015-10-18,Domingo,0.0,road running,Absoluta/General,0,0,Benejama,El Alto Vinalopó,Alicante,0,470,default,Comunidad Valenciana
mychip,"I Melgatón, Maratón de Montaña",2015-10-17,Sábado,43.5,Otros,Absoluta/General,7,114,Petrer,El Vinalopó Medio,Alicante,0,453,Modalidad 43500,Comunidad Valenciana
mychip,IV Carrera y Marcha de Montaña trofeo Virgen del Remedio,2015-10-17,Sábado,15.9,Otros,Absoluta/General,25,163,Petrer,El Vinalopó Medio,Alicante,0,456,01_VIRGEN,Comunidad Valenciana
mychip,IV Carrera y Marcha de Montaña trofeo Virgen del Remedio,2015-10-17,Sábado,8.2,Otros,Cadete/Juvenil,2,6,Petrer,El Vinalopó Medio,Alicante,0,456,02_CADETE-JUVENIL,Comunidad Valenciana
mychip,XLII Marcha Nacional de Montañeros Veteranos,2015-10-11,Domingo,13.0,Otros,Absoluta/General,61,130,Albaida,La Vall d'Albaida,Valencia,0,380,Modalidad 13000,Comunidad Valenciana
mychip,"V Solana Trail, Xitxarra Trails 2015",2015-10-04,Domingo,25.0,Otros,Absoluta/General,43,0,Benejama,El Alto Vinalopó,Alicante,0,359,MUJERES,Comunidad Valenciana
mychip,"V Solana Trail, Xitxarra Trails 2015",2015-10-04,Domingo,25.0,Otros,Absoluta/General,0,389,Benejama,El Alto Vinalopó,Alicante,0,359,HOMBRES,Comunidad Valenciana
mychip,Marcha Ale Cycling / La Pobla Llarga,2015-10-04,Domingo,107.0,Otros,Absoluta/General,33,668,la Pobla Llarga,La Ribera Alta,Valencia,0,451,Modalidad 107000,Comunidad Valenciana
mychip,VI Marcha y Carrera Catí - Rabosa,2015-10-04,Domingo,14.0,Otros,Absoluta/General,116,123,Elda,El Vinalopó Medio,Alicante,0,452,003_MARCHA,Comunidad Valenciana
mychip,VI Marcha y Carrera Catí - Rabosa,2015-10-04,Domingo,14.0,Otros,Absoluta/General,30,117,Elda,El Vinalopó Medio,Alicante,0,452,002_TRAIL CORTO,Comunidad Valenciana
mychip,VI Marcha y Carrera Catí - Rabosa,2015-10-04,Domingo,20.0,Otros,Absoluta/General,18,156,Elda,El Vinalopó Medio,Alicante,0,452,001_Trail Largo,Comunidad Valenciana
mychip,II Peñarrubia Trial,2015-10-04,Domingo,0.0,road running,Absoluta/General,0,0,Bogarra,,Castilla-La Mancha,0,463,default,Castilla-La Mancha
mychip,"Sierra de Santa Pola, Programa de Senderismo 2015  Diputación de Alicante. FEMECV.",2015-10-04,Domingo,0.0,road running,Absoluta/General,0,0,Santa Pola,El Bajo Vinalopó,Alicante,0,469,default,Comunidad Valenciana
mychip,"VII Botamarges, Carrera per Muntanya",2015-10-03,Sábado,70.0,Otros,Absoluta/General,12,252,Adsubia,La Marina Alta,Alicante,0,365,Modalidad 70000,Comunidad Valenciana
mychip,"XVI Gran Fons Mónica Pont, Albaida",2015-10-03,Sábado,10.6,Otros,Absoluta/General,0,390,Albaida,La Vall d'Albaida,Valencia,0,408,HOMBRES,Comunidad Valenciana
mychip,"XVI Gran Fons Mónica Pont, Albaida",2015-10-03,Sábado,10.6,Otros,Absoluta/General,86,0,Albaida,La Vall d'Albaida,Valencia,0,408,MUJERES,Comunidad Valenciana
mychip,I Cursa Volta al Pantà de Tibi,2015-09-27,Domingo,17.0,Otros,Absoluta/General,35,155,Tibi,La Hoya de Alcoy,Alicante,0,379,02_17K,Comunidad Valenciana
mychip,I Cursa Volta al Pantà de Tibi,2015-09-27,Domingo,26.0,Otros,Absoluta/General,19,147,Tibi,La Hoya de Alcoy,Alicante,0,379,01_26K,Comunidad Valenciana
mychip,Carrera Popular Víctimas del Terrorismo 2015,2015-09-27,Domingo,0.0,road running,Absoluta/General,82,394,Madrid,,Comunidad de Madrid,0,438,default,Comunidad de Madrid
mychip,"II Trimuro Trail, Xitxarra Trails 2015",2015-09-20,Domingo,22.0,Otros,Absoluta/General,48,0,Muro de Alcoy,El Condado de Cocentaina,Alicante,0,358,MUJERES,Comunidad Valenciana
mychip,"II Trimuro Trail, Xitxarra Trails 2015",2015-09-20,Domingo,22.0,Otros,Absoluta/General,0,282,Muro de Alcoy,El Condado de Cocentaina,Alicante,0,358,HOMBRES,Comunidad Valenciana
mychip,"La Sagra SkyRace, By Lurbel 2015",2015-09-20,Domingo,0.0,Otros,Absoluta/General,7,149,Puebla de Don Fadrique,,Andalucía,0,424,MARATON,Andalucía
mychip,"La Sagra SkyRace, By Lurbel 2015",2015-09-20,Domingo,0.0,Otros,Absoluta/General,34,165,Puebla de Don Fadrique,,Andalucía,0,424,MEDIA,Andalucía
mychip,Giro de las Persianas Villa de Sax,2015-09-20,Domingo,125.0,Otros,Absoluta/General,6,281,Sax,El Alto Vinalopó,Alicante,0,436,Modalidad 125000,Comunidad Valenciana
mychip,4ª. Bajada Solidaria  Crevillent-El Realengo-Camping Marjal Costa Blanca,2015-09-20,Domingo,0.0,road running,Absoluta/General,0,0,Crevillente,El Bajo Vinalopó,Alicante,0,442,default,Comunidad Valenciana
mychip,IV Crazy Race MONCADA,2015-09-20,Domingo,8.0,Otros,Absoluta/General,332,385,Moncada,Huerta Norte,Valencia,0,447,Modalidad 8000,Comunidad Valenciana
mychip,"Selènika 2015, Marxa de resistència en BTT",2015-09-20,Domingo,120.0,Otros,Absoluta/General,32,1040,Navarcles,,Barcelona,0,462,Modalidad 120000,Cataluña
mychip,"XXII Volta a peu Memorial Andrés Bella Sanleón, Quatretonda",2015-09-19,Sábado,9.5,Otros,Absoluta/General,0,355,Cuatretonda,La Vall d'Albaida,Valencia,0,407,HOMBRES,Comunidad Valenciana
mychip,"XXII Volta a peu Memorial Andrés Bella Sanleón, Quatretonda",2015-09-19,Sábado,9.5,Otros,Absoluta/General,77,0,Cuatretonda,La Vall d'Albaida,Valencia,0,407,MUJERES,Comunidad Valenciana
mychip,"XXII Volta a peu Memorial Andrés Bella Sanleón, Quatretonda",2015-09-19,Sábado,11.6,Otros,Absoluta/General,0,1,Cuatretonda,La Vall d'Albaida,Valencia,0,407,HOMBRES,Comunidad Valenciana
mychip,I Trail Nocturn Polseguer,2015-09-19,Sábado,8.0,Otros,Absoluta/General,57,59,Alcántara de Júcar,La Ribera Alta,Valencia,0,454,SENDER,Comunidad Valenciana
mychip,I Trail Nocturn Polseguer,2015-09-19,Sábado,18.0,Otros,Absoluta/General,4,52,Alcántara de Júcar,La Ribera Alta,Valencia,0,454,CARRERA,Comunidad Valenciana
mychip,XXIX Volta a peu a Quart de Poblet,2015-09-19,Sábado,8.0,Otros,Absoluta/General,181,566,Quart de Poblet,Huerta Sur,Valencia,0,455,Modalidad 8000,Comunidad Valenciana
mychip,XIII Volta a peu a Llutxent,2015-09-12,Sábado,9.1,Otros,Absoluta/General,0,383,Luchente,La Vall d'Albaida,Valencia,0,406,HOMBRES,Comunidad Valenciana
mychip,XIII Volta a peu a Llutxent,2015-09-12,Sábado,9.1,Otros,Absoluta/General,90,0,Luchente,La Vall d'Albaida,Valencia,0,406,MUJERES,Comunidad Valenciana
mychip,XIII Volta a peu a Llutxent,2015-09-12,Sábado,11.6,Otros,Absoluta/General,0,1,Luchente,La Vall d'Albaida,Valencia,0,406,HOMBRES,Comunidad Valenciana
mychip,I  10K NOCTURNO PEÑISCOLA 2015,2015-09-11,Viernes,10.0,Otros,Absoluta/General,1,359,Peñíscola,Bajo Maestrazgo,Castellón,0,449,HOMBRES,Comunidad Valenciana
mychip,I  10K NOCTURNO PEÑISCOLA 2015,2015-09-11,Viernes,10.0,Otros,Absoluta/General,117,0,Peñíscola,Bajo Maestrazgo,Castellón,0,449,MUJERES,Comunidad Valenciana
mychip,"X Travesía Playa del Albir, Carlos Pardo.",2015-09-06,Domingo,2.9,Otros,Absoluta/General,37,94,Alfaz del Pi,La Marina Baja,Alicante,0,413,Modalidad 2900,Comunidad Valenciana
mychip,XI Cursa Iberica,2015-09-06,Domingo,17.0,Otros,Absoluta/General,94,338,Figueroles,l'Alcalatén,Castellón,0,426,Modalidad 17000,Comunidad Valenciana
mychip,"XII Pujada a la Font Freda, Atzeneta d'Albaida",2015-08-30,Domingo,11.6,Otros,Absoluta/General,69,1,Adzaneta de Albaida,La Vall d'Albaida,Valencia,0,405,MUJERES,Comunidad Valenciana
mychip,"XII Pujada a la Font Freda, Atzeneta d'Albaida",2015-08-30,Domingo,11.6,Otros,Absoluta/General,0,386,Adzaneta de Albaida,La Vall d'Albaida,Valencia,0,405,HOMBRES,Comunidad Valenciana
mychip,"CDC, Trail Nocturn Camins de Cabres 2015",2015-08-29,Sábado,42.0,Otros,Absoluta/General,5,106,Liria,El Campo de Turia,Valencia,0,381,MARATON,Comunidad Valenciana
mychip,"CDC, Trail Nocturn Camins de Cabres 2015",2015-08-29,Sábado,21.0,Otros,Absoluta/General,27,180,Liria,El Campo de Turia,Valencia,0,381,MEDIA,Comunidad Valenciana
mychip,XVIII Volta a peu a Corbera,2015-08-29,Sábado,8.0,Otros,Absoluta/General,57,290,Corbera,La Ribera Baja,Valencia,0,446,Modalidad 8000,Comunidad Valenciana
mychip,I Amanece Trail-Desafío Ayna,2015-08-29,Sábado,0.0,road running,Absoluta/General,0,0,Albacete,,Castilla-La Mancha,0,459,default,Castilla-La Mancha
mychip,"III 10k Nocturno platges de Benicàssim, Circuito Diputación de Castellón",2015-08-28,Viernes,10.0,Otros,Absoluta/General,0,967,Benicasim,Plana Alta,Castellón,0,417,HOMBRES,Comunidad Valenciana
mychip,"III 10k Nocturno platges de Benicàssim, Circuito Diputación de Castellón",2015-08-28,Viernes,10.0,Otros,Absoluta/General,253,0,Benicasim,Plana Alta,Castellón,0,417,MUJERES,Comunidad Valenciana
mychip,Aquatlón de Xeraco,2015-08-23,Domingo,6.0,Otros,Absoluta/General,18,95,Jaraco,La Safor,Valencia,0,441,Modalidad 6000,Comunidad Valenciana
mychip,XII Volta a peu a la Pobla del Duc,2015-08-21,Viernes,7.0,Otros,Absoluta/General,75,1,Puebla del Duc,La Vall d'Albaida,Valencia,0,404,MUJERES,Comunidad Valenciana
mychip,XII Volta a peu a la Pobla del Duc,2015-08-21,Viernes,7.0,Otros,Absoluta/General,0,324,Puebla del Duc,La Vall d'Albaida,Valencia,0,404,HOMBRES,Comunidad Valenciana
mychip,"Corre, Patina i Balla 2015",2015-08-14,Viernes,7.1,Otros,Absoluta/General,155,573,Jaraco,La Safor,Valencia,0,439,Modalidad 7100,Comunidad Valenciana
mychip,V Travessia Platja Casablanca D'Almenara,2015-08-09,Domingo,1.5,Otros,Absoluta/General,99,215,Almenara,Plana Baja,Castellón,0,433,ABSOLUTA,Comunidad Valenciana
mychip,V Travessia Platja Casablanca D'Almenara,2015-08-09,Domingo,0.3,Otros,Infantil,9,9,Almenara,Plana Baja,Castellón,0,433,MENORES,Comunidad Valenciana
mychip,"II 10k Nocturno, LLangostí Vinaròs. Circuito Diputación de Castellón",2015-08-08,Sábado,10.0,Otros,Absoluta/General,0,554,Vinaroz,Bajo Maestrazgo,Castellón,0,416,HOMBRES,Comunidad Valenciana
mychip,"II 10k Nocturno, LLangostí Vinaròs. Circuito Diputación de Castellón",2015-08-08,Sábado,10.0,Otros,Absoluta/General,134,0,Vinaroz,Bajo Maestrazgo,Castellón,0,416,MUJERES,Comunidad Valenciana
mychip,Extrem Tracks Night City Trail by Salomon,2015-08-08,Sábado,6.0,Otros,Absoluta/General,17,62,Oliva,La Safor,Valencia,0,443,CARRERA,Comunidad Valenciana
mychip,Extrem Tracks Night City Trail by Salomon,2015-08-08,Sábado,6.0,Otros,Absoluta/General,33,20,Oliva,La Safor,Valencia,0,443,MARCHA SENDERISTA,Comunidad Valenciana
mychip,XX Volta a peu a Castelló de Rugat,2015-08-07,Viernes,7.3,Otros,Absoluta/General,96,0,Castellón de Rugat,La Vall d'Albaida,Valencia,0,403,MUJERES,Comunidad Valenciana
mychip,XX Volta a peu a Castelló de Rugat,2015-08-07,Viernes,7.3,Otros,Absoluta/General,0,403,Castellón de Rugat,La Vall d'Albaida,Valencia,0,403,HOMBRES,Comunidad Valenciana
mychip,27 Volta a peu a la Platja de Tavernes de la Valldigna,2015-08-07,Viernes,8.0,Otros,Absoluta/General,268,978,Tabernes de Valldigna,La Safor,Valencia,0,437,Modalidad 8000,Comunidad Valenciana
mychip,III Volta a peu a Bèlgida,2015-08-02,Domingo,7.5,Otros,Absoluta/General,1,361,Bélgida,La Vall d'Albaida,Valencia,0,402,HOMBRES,Comunidad Valenciana
mychip,III Volta a peu a Bèlgida,2015-08-02,Domingo,7.5,Otros,Absoluta/General,93,0,Bélgida,La Vall d'Albaida,Valencia,0,402,MUJERES,Comunidad Valenciana
mychip,8a. Volta a peu a Benifairó de la Valldigna,2015-07-30,Jueves,8.0,Otros,Absoluta/General,47,234,Benifairó de la Valldigna,La Safor,Valencia,0,444,Modalidad 8000,Comunidad Valenciana
mychip,"V Triatlón Cross Villa de Caudete, Campeonato Regional.",2015-07-25,Sábado,0.0,Otros,Absoluta/General,0,0,Caudete,,Castilla-La Mancha,0,429,Modalidad por defecto,Castilla-La Mancha
mychip,"V Triatlón Cross Villa de Caudete, Campeonato Regional.",2015-07-25,Sábado,5.0,Otros,Absoluta/General,0,17,Caudete,,Castilla-La Mancha,0,429,03_RELEVOS,Castilla-La Mancha
mychip,"V Triatlón Cross Villa de Caudete, Campeonato Regional.",2015-07-25,Sábado,5.0,Otros,Absoluta/General,10,74,Caudete,,Castilla-La Mancha,0,429,01_SPRINT,Castilla-La Mancha
mychip,"V Triatlón Cross Villa de Caudete, Campeonato Regional.",2015-07-25,Sábado,2.5,Otros,Absoluta/General,6,22,Caudete,,Castilla-La Mancha,0,429,02_POPULAR,Castilla-La Mancha
mychip,XXVI Volta a peu a Simat,2015-07-25,Sábado,7.2,Otros,Absoluta/General,70,250,Simat de Valldigna,La Safor,Valencia,0,435,Modalidad 7200,Comunidad Valenciana
mychip,II Travessia Platges de Xilxes,2015-07-19,Domingo,2.0,Otros,Absoluta/General,71,155,Chilches,Plana Baja,Castellón,0,421,ABSOLUTA,Comunidad Valenciana
mychip,II Travessia Platges de Xilxes,2015-07-19,Domingo,0.3,Otros,Infantil,17,22,Chilches,Plana Baja,Castellón,0,421,MENORES,Comunidad Valenciana
mychip,III Volta a peu del Palomar,2015-07-18,Sábado,7.8,Otros,Absoluta/General,86,0,Alpuente,,Valencia,0,401,MUJERES,Comunidad Valenciana
mychip,III Volta a peu del Palomar,2015-07-18,Sábado,7.8,Otros,Absoluta/General,0,394,Alpuente,,Valencia,0,401,HOMBRES,Comunidad Valenciana
mychip,"II 10k Nocturno Grao de Castellón, Circuito Diputación de Castellón",2015-07-18,Sábado,10.0,Otros,Absoluta/General,0,468,Vallibona,Los Puertos de Morella,Castellón,0,415,HOMBRES,Comunidad Valenciana
mychip,"II 10k Nocturno Grao de Castellón, Circuito Diputación de Castellón",2015-07-18,Sábado,10.0,Otros,Absoluta/General,131,0,Vallibona,Los Puertos de Morella,Castellón,0,415,MUJERES,Comunidad Valenciana
mychip,III CARRERA Y MARCHA NOCTURNA DE MONTAÑA DE LA VALL D’UIXO “A LA FONT DE GARRUT”,2015-07-17,Viernes,11.5,Otros,Absoluta/General,60,159,Vall de Uxó,Plana Baja,Castellón,0,428,CURSA,Comunidad Valenciana
mychip,III CARRERA Y MARCHA NOCTURNA DE MONTAÑA DE LA VALL D’UIXO “A LA FONT DE GARRUT”,2015-07-17,Viernes,10.0,Otros,Absoluta/General,60,48,Vall de Uxó,Plana Baja,Castellón,0,428,MARXA,Comunidad Valenciana
mychip,XII Volta a peu a Xeresa,2015-07-12,Domingo,10.0,Otros,Absoluta/General,33,197,Jeresa,La Safor,Valencia,0,427,Modalidad 10000,Comunidad Valenciana
mychip,XVII Marcha al Bartolo y IV Marcha al Bartolo No Competitiva,2015-07-12,Domingo,15.3,Otros,Absoluta/General,64,99,Benicasim,Plana Alta,Castellón,0,434,NO COMPETITIVA,Comunidad Valenciana
mychip,XVII Marcha al Bartolo y IV Marcha al Bartolo No Competitiva,2015-07-12,Domingo,23.4,Otros,Absoluta/General,75,471,Benicasim,Plana Alta,Castellón,0,434,MARXA,Comunidad Valenciana
mychip,IV Volta a peu Nocturna de Benissoda,2015-07-11,Sábado,9.0,Otros,Absoluta/General,65,0,Benisoda,La Vall d'Albaida,Valencia,0,400,MUJERES,Comunidad Valenciana
mychip,IV Volta a peu Nocturna de Benissoda,2015-07-11,Sábado,9.0,Otros,Absoluta/General,14,342,Benisoda,La Vall d'Albaida,Valencia,0,400,HOMBRES,Comunidad Valenciana
mychip,XXIX Volta a peu a Almussafes,2015-07-04,Sábado,10.0,Otros,Absoluta/General,107,643,Almussafes,La Ribera Baja,Valencia,0,372,Modalidad 10000,Comunidad Valenciana
mychip,"II 10k Nocturno Oropesa del Mar 2015, Circuito Diputación de Castellón",2015-07-04,Sábado,10.0,Otros,Absoluta/General,0,359,Oropesa del Mar,Plana Alta,Castellón,0,414,HOMBRES,Comunidad Valenciana
mychip,"II 10k Nocturno Oropesa del Mar 2015, Circuito Diputación de Castellón",2015-07-04,Sábado,10.0,Otros,Absoluta/General,86,0,Oropesa del Mar,Plana Alta,Castellón,0,414,MUJERES,Comunidad Valenciana
mychip,"I Trail Lunero, Desafío Talamansi",2015-06-27,Sábado,0.0,road running,Absoluta/General,0,0,Albacete,,Castilla-La Mancha,0,422,default,Castilla-La Mancha
mychip,26a Volta a peu a Sumacarcer,2015-06-27,Sábado,7.85,Otros,Absoluta/General,38,223,Sumacárcel,La Ribera Alta,Valencia,0,425,Modalidad 7850,Comunidad Valenciana
mychip,III Gran fons a la Vila Reial D'Ontinyent,2015-06-13,Sábado,11.1,Otros,Absoluta/General,0,391,Onteniente,La Vall d'Albaida,Valencia,0,398,HOMBRES,Comunidad Valenciana
mychip,III Gran fons a la Vila Reial D'Ontinyent,2015-06-13,Sábado,11.1,Otros,Absoluta/General,70,1,Onteniente,La Vall d'Albaida,Valencia,0,398,MUJERES,Comunidad Valenciana
mychip,"2a prova CAMPIONAT AUTONÒMIC d'ESCALADA EN BLOC, CIUTAT d'ALGEMESÍ",2015-06-13,Sábado,0.0,road running,Absoluta/General,0,0,Algemesí,La Ribera Alta,Valencia,0,423,default,Comunidad Valenciana
mychip,Travessia i Pernocta 2015,2015-06-13,Sábado,0.0,road running,Absoluta/General,0,0,Alicante,,Alicante,0,430,default,Valencia
mychip,10k Unión Alcoyana Seguros,2015-06-07,Domingo,10.0,Otros,Absoluta/General,93,34,Alcoy,La Hoya de Alcoy,Alicante,0,385,VIANANTS,Comunidad Valenciana
mychip,10k Unión Alcoyana Seguros,2015-06-07,Domingo,10.0,Otros,Absoluta/General,195,364,Alcoy,La Hoya de Alcoy,Alicante,0,385,10K,Comunidad Valenciana
mychip,MARACLOT - III MARATÓ PER RELLEUS,2015-06-07,Domingo,3.014,Otros,Absoluta/General,0,153,Burriana,Plana Baja,Castellón,0,394,Modalidad 3014,Comunidad Valenciana
mychip,IV Cursa per Muntanya les Xosses de Crevillent,2015-06-06,Sábado,13.5,Otros,Absoluta/General,126,115,Crevillente,El Bajo Vinalopó,Alicante,0,390,MARCHA,Comunidad Valenciana
mychip,IV Cursa per Muntanya les Xosses de Crevillent,2015-06-06,Sábado,13.5,Otros,Absoluta/General,65,260,Crevillente,El Bajo Vinalopó,Alicante,0,390,CARRERA,Comunidad Valenciana
mychip,VII Volta a peu a la Vila D'Agullent,2015-06-06,Sábado,8.4,Otros,Absoluta/General,80,0,Agullent,La Vall d'Albaida,Valencia,0,397,MUJERES,Comunidad Valenciana
mychip,VII Volta a peu a la Vila D'Agullent,2015-06-06,Sábado,8.4,Otros,Absoluta/General,0,338,Agullent,La Vall d'Albaida,Valencia,0,397,HOMBRES,Comunidad Valenciana
mychip,XVI Volta a peu a Bocairent,2015-06-06,Sábado,9.0,Otros,Absoluta/General,0,353,Bocairente,La Vall d'Albaida,Valencia,0,399,HOMBRES,Comunidad Valenciana
mychip,XVI Volta a peu a Bocairent,2015-06-06,Sábado,9.0,Otros,Absoluta/General,77,0,Bocairente,La Vall d'Albaida,Valencia,0,399,MUJERES,Comunidad Valenciana
mychip,"III Carrera de Muntanya Banyeres de Mariola, Xitxarra Trails 2015",2015-05-31,Domingo,27.0,Otros,Absoluta/General,36,0,Bañeres,La Hoya de Alcoy,Alicante,0,357,MUJERES,Comunidad Valenciana
mychip,"III Carrera de Muntanya Banyeres de Mariola, Xitxarra Trails 2015",2015-05-31,Domingo,27.0,Otros,Absoluta/General,0,295,Bañeres,La Hoya de Alcoy,Alicante,0,357,HOMBRES,Comunidad Valenciana
mychip,Crazy Race Circuit,2015-05-31,Domingo,8.0,Otros,Absoluta/General,583,672,Cheste,La Hoya de Buñol,Valencia,0,373,Modalidad 8000,Comunidad Valenciana
mychip,XVI Carrera Popular  Corpus Christi de Toledo.  Memorial José Luis Pantoja.,2015-05-31,Domingo,5.2,Otros,Absoluta/General,90,380,Toledo,,Toledo,0,420,Modalidad 5200,Castilla-La Mancha
mychip,34 Volta al Terme de Fondeguilla,2015-05-30,Sábado,14.0,Otros,Cadete/Juvenil,3,7,Alfondeguilla,Plana Baja,Castellón,0,364,CADETE,Comunidad Valenciana
mychip,34 Volta al Terme de Fondeguilla,2015-05-30,Sábado,34.5,Otros,Absoluta/General,31,297,Alfondeguilla,Plana Baja,Castellón,0,364,ABSOLUTA,Comunidad Valenciana
mychip,Perimetral 2015,2015-05-30,Sábado,65.0,Otros,Absoluta/General,16,189,Benisa,La Marina Alta,Alicante,0,377,Modalidad 65000,Comunidad Valenciana
mychip,IX Carrera Flip Belt de la mujer contra la Violencia de Género.,2015-05-30,Sábado,5.0,Otros,Absoluta/General,409,1,Mataelpino,,Madrid,0,391,FEMENINA,Madrid
mychip,IX Carrera Flip Belt de la mujer contra la Violencia de Género.,2015-05-30,Sábado,5.0,Otros,Absoluta/General,0,70,Mataelpino,,Madrid,0,391,MASCULINA,Madrid
mychip,"XVI Pujada al Montcabrer, Xitxarra Trails 2015",2015-05-24,Domingo,19.0,Otros,Absoluta/General,0,350,Alcoy,La Hoya de Alcoy,Alicante,0,356,HOMBRES,Comunidad Valenciana
mychip,"XVI Pujada al Montcabrer, Xitxarra Trails 2015",2015-05-24,Domingo,19.0,Otros,Absoluta/General,40,0,Alcoy,La Hoya de Alcoy,Alicante,0,356,MUJERES,Comunidad Valenciana
mychip,XIII Carrera Popular de Godella,2015-05-23,Sábado,10.0,Otros,Absoluta/General,242,839,Godella,Huerta Norte,Valencia,0,388,Modalidad 10000,Comunidad Valenciana
mychip,I Vitobest Tollos Trail,2015-05-17,Domingo,21.0,Otros,Absoluta/General,12,126,Tollos,El Condado de Cocentaina,Alicante,0,387,Modalidad 21000,Comunidad Valenciana
mychip,Carrera de Montaña de Salinas 2015,2015-05-17,Domingo,15.0,Otros,Absoluta/General,48,23,Salinas,El Alto Vinalopó,Alicante,0,418,MARCHA,Comunidad Valenciana
mychip,Carrera de Montaña de Salinas 2015,2015-05-17,Domingo,15.0,Otros,Absoluta/General,33,221,Salinas,El Alto Vinalopó,Alicante,0,418,CARRERA,Comunidad Valenciana
mychip,10a Volta a peu festes de Sant Pasqual de Genovés,2015-05-16,Sábado,8.3,Otros,Absoluta/General,39,260,Liria,El Campo de Turia,Valencia,0,389,Modalidad 8300,Comunidad Valenciana
mychip,Trail Paterna del Madera,2015-05-10,Domingo,10.3,Otros,Absoluta/General,10,13,Paterna del Madera,,Castilla-La Mancha,0,412,02_TRAIL CORTO,Castilla-La Mancha
mychip,Trail Paterna del Madera,2015-05-10,Domingo,20.3,Otros,Absoluta/General,5,36,Paterna del Madera,,Castilla-La Mancha,0,412,01_TRAIL LARGO,Castilla-La Mancha
mychip,"MIM 2015, Penyagolosa Trails",2015-05-09,Sábado,0.0,road running,Absoluta/General,129,1067,Castellón de la Plana,Plana Alta,Castellón,0,337,default,Comunidad Valenciana
mychip,"CSP 2015, Penyagolosa Trails",2015-05-09,Sábado,0.0,road running,Absoluta/General,21,270,Castellón de la Plana,Plana Alta,Castellón,0,345,default,Comunidad Valenciana
mychip,XI Volta a peu a Montaverner,2015-05-09,Sábado,7.5,Otros,Absoluta/General,0,353,Montaberner,La Vall d'Albaida,Valencia,0,396,HOMBRES,Comunidad Valenciana
mychip,XI Volta a peu a Montaverner,2015-05-09,Sábado,7.5,Otros,Absoluta/General,111,0,Montaberner,La Vall d'Albaida,Valencia,0,396,MUJERES,Comunidad Valenciana
mychip,Carrera i marxa de la Dona de Sueca 2015,2015-05-03,Domingo,6.8,Otros,Absoluta/General,355,0,Sueca,La Ribera Baja,Valencia,0,579,Modalidad 6800,Comunidad Valenciana
mychip,V Mitja Marató Carrícola MIMAMUCA i I MArató per Muntanya MAMUCA,2015-05-02,Sábado,42.0,Otros,Absoluta/General,12,178,Carrícola,La Vall d'Albaida,Valencia,0,350,MAMUCA,Comunidad Valenciana
mychip,V Mitja Marató Carrícola MIMAMUCA i I MArató per Muntanya MAMUCA,2015-05-02,Sábado,21.0,Otros,Absoluta/General,58,315,Carrícola,La Vall d'Albaida,Valencia,0,350,MIMAMUCA,Comunidad Valenciana
mychip,X Marató per muntanya Marina Alta,2015-05-02,Sábado,42.0,Otros,Absoluta/General,8,97,Gata de Gorgos,La Marina Alta,Alicante,0,367,Modalidad 42000,Comunidad Valenciana
mychip,Marcha Cicloturista La Ribera - Roquette,2015-05-02,Sábado,110.0,Otros,Absoluta/General,19,393,Benifayó,La Ribera Alta,Valencia,0,384,Modalidad 110000,Comunidad Valenciana
mychip,2on trail y Marcha por Montaña La Vall de Segó,2015-04-26,Domingo,24.5,Otros,Absoluta/General,12,156,Faura,Campo de Murviedro,Valencia,0,333,01_TRAIL,Comunidad Valenciana
mychip,2on trail y Marcha por Montaña La Vall de Segó,2015-04-26,Domingo,12.0,Otros,Absoluta/General,52,75,Faura,Campo de Murviedro,Valencia,0,333,02_SENDERISTA,Comunidad Valenciana
mychip,"XIV Media Marathón de Elda,  I 7k y IV 14k, Ciudad internacional del Zapato",2015-04-26,Domingo,21.0,Otros,Absoluta/General,21,203,Elda,El Vinalopó Medio,Alicante,0,375,01_21K,Comunidad Valenciana
mychip,"XIV Media Marathón de Elda,  I 7k y IV 14k, Ciudad internacional del Zapato",2015-04-26,Domingo,7.0,Otros,Absoluta/General,95,95,Elda,El Vinalopó Medio,Alicante,0,375,03_7K,Comunidad Valenciana
mychip,"XIV Media Marathón de Elda,  I 7k y IV 14k, Ciudad internacional del Zapato",2015-04-26,Domingo,14.0,Otros,Absoluta/General,30,121,Elda,El Vinalopó Medio,Alicante,0,375,02_14K,Comunidad Valenciana
mychip,II Cursa i Marxa per Muntanya Palma de Gandia,2015-04-26,Domingo,15.5,Otros,Absoluta/General,31,148,Palma de Gandía,La Safor,Valencia,0,382,01_TRAIL,Comunidad Valenciana
mychip,II Cursa i Marxa per Muntanya Palma de Gandia,2015-04-26,Domingo,11.0,Otros,Absoluta/General,33,16,Palma de Gandía,La Safor,Valencia,0,382,02_SENDERISTA,Comunidad Valenciana
mychip,"Campeonato Autonómico de Kilómetro Vertical, Puig Campana By Lurbel, Femecv 2015",2015-04-19,Domingo,2.0,Otros,Cadete/Juvenil,0,8,Finestrat,La Marina Baja,Alicante,0,343,JUNIOR-M,Comunidad Valenciana
mychip,"Campeonato Autonómico de Kilómetro Vertical, Puig Campana By Lurbel, Femecv 2015",2015-04-19,Domingo,2.0,Otros,Cadete/Juvenil,0,5,Finestrat,La Marina Baja,Alicante,0,343,CADETE-M,Comunidad Valenciana
mychip,"Campeonato Autonómico de Kilómetro Vertical, Puig Campana By Lurbel, Femecv 2015",2015-04-19,Domingo,3.6,Otros,Absoluta/General,0,110,Finestrat,La Marina Baja,Alicante,0,343,ABSOLUTA MASCULINA,Comunidad Valenciana
mychip,"Campeonato Autonómico de Kilómetro Vertical, Puig Campana By Lurbel, Femecv 2015",2015-04-19,Domingo,2.0,Otros,Cadete/Juvenil,2,0,Finestrat,La Marina Baja,Alicante,0,343,JUNIOR-F,Comunidad Valenciana
mychip,"Campeonato Autonómico de Kilómetro Vertical, Puig Campana By Lurbel, Femecv 2015",2015-04-19,Domingo,3.6,Otros,Absoluta/General,25,0,Finestrat,La Marina Baja,Alicante,0,343,ABSOLUTA FEMENINA,Comunidad Valenciana
mychip,"Campeonato Autonómico de Kilómetro Vertical, Puig Campana By Lurbel, Femecv 2015",2015-04-19,Domingo,2.0,Otros,Cadete/Juvenil,1,0,Finestrat,La Marina Baja,Alicante,0,343,CADETE-F,Comunidad Valenciana
mychip,III Xàtiva Natura Trail,2015-04-19,Domingo,26.0,Otros,Absoluta/General,49,468,Játiva,La Costera,Valencia,0,348,CARRERA,Comunidad Valenciana
mychip,III Xàtiva Natura Trail,2015-04-19,Domingo,15.0,Otros,Absoluta/General,306,292,Játiva,La Costera,Valencia,0,348,MARCHA SENDERISTA,Comunidad Valenciana
mychip,"Desafios Lurbel 2015, El Calar del río Mundo",2015-04-12,Domingo,25.0,Otros,Absoluta/General,125,668,Riópar,,Castilla-La Mancha,0,336,03_25K,Castilla-La Mancha
mychip,"Desafios Lurbel 2015, El Calar del río Mundo",2015-04-12,Domingo,44.0,Otros,Absoluta/General,47,390,Riópar,,Castilla-La Mancha,0,336,02_45k,Castilla-La Mancha
mychip,"Desafios Lurbel 2015, El Calar del río Mundo",2015-04-12,Domingo,65.0,Otros,Absoluta/General,10,201,Riópar,,Castilla-La Mancha,0,336,001_65K,Castilla-La Mancha
mychip,"Desafios Lurbel 2015, El Calar del río Mundo",2015-04-12,Domingo,25.0,Otros,Absoluta/General,125,133,Riópar,,Castilla-La Mancha,0,336,04_SENDER,Castilla-La Mancha
mychip,Campionat Absolut individual i per clubs de la Comunitat Valenciana 2015,2015-04-12,Domingo,25.0,Otros,Absoluta/General,24,0,Vall de Uxó,Plana Baja,Castellón,0,378,ABSOLUTA FEMENINA,Comunidad Valenciana
mychip,Campionat Absolut individual i per clubs de la Comunitat Valenciana 2015,2015-04-12,Domingo,25.0,Otros,Absoluta/General,0,142,Vall de Uxó,Plana Baja,Castellón,0,378,Absoluta Masculina,Comunidad Valenciana
mychip,Campionat Absolut individual i per clubs de la Comunitat Valenciana 2015,2015-04-12,Domingo,0.0,Otros,Cadete/Juvenil,0,1,Vall de Uxó,Plana Baja,Castellón,0,378,CADETE FEMENINA,Comunidad Valenciana
mychip,Campionat Absolut individual i per clubs de la Comunitat Valenciana 2015,2015-04-12,Domingo,11.4,Otros,Cadete/Juvenil,0,10,Vall de Uxó,Plana Baja,Castellón,0,378,JUNIOR MASCULINA,Comunidad Valenciana
mychip,Campionat Absolut individual i per clubs de la Comunitat Valenciana 2015,2015-04-12,Domingo,11.4,Otros,Cadete/Juvenil,2,0,Vall de Uxó,Plana Baja,Castellón,0,378,JUNIOR FEMENINA,Comunidad Valenciana
mychip,Campionat Absolut individual i per clubs de la Comunitat Valenciana 2015,2015-04-12,Domingo,11.4,Otros,Cadete/Juvenil,0,5,Vall de Uxó,Plana Baja,Castellón,0,378,CADETE MASCULINA,Comunidad Valenciana
mychip,"Carrera y Marcha Solidaria, un Latido para Nayra",2015-04-12,Domingo,5.0,Otros,Absoluta/General,123,159,Valencia,,Valencia,0,386,Modalidad 5000,Comunidad Valenciana
mychip,II Cullera Trail,2015-04-11,Sábado,14.0,Otros,Absoluta/General,58,306,Cullera,La Ribera Baja,Valencia,0,371,Modalidad 14000,Comunidad Valenciana
mychip,SKYLIMITS PENYAGOLOSA  2015,2015-03-29,Domingo,26.0,Otros,Absoluta/General,3,53,Adzaneta del Maestrazgo,,Castellón,0,327,SLP,Comunidad Valenciana
mychip,SKYLIMITS PENYAGOLOSA  2015,2015-03-29,Domingo,51.0,Otros,Absoluta/General,3,126,Adzaneta del Maestrazgo,,Castellón,0,327,USLP,Comunidad Valenciana
mychip,XII Mitja Marató de Dénia i Quart de Marató,2015-03-29,Domingo,10.548,Otros,Absoluta/General,135,222,Denia,La Marina Alta,Alicante,0,369,Quarta,Comunidad Valenciana
mychip,XII Mitja Marató de Dénia i Quart de Marató,2015-03-29,Domingo,21.097,Otros,Absoluta/General,67,451,Denia,La Marina Alta,Alicante,0,369,MITJA,Comunidad Valenciana
mychip,II Volta a peu 6k Tavernes de la Valldigna,2015-03-28,Sábado,6.0,Otros,Absoluta/General,105,209,Tabernes de Valldigna,La Safor,Valencia,0,325,Modalidad 6000,Comunidad Valenciana
mychip,IX TUGA-MABO,2015-03-22,Domingo,42.1,Otros,Absoluta/General,20,278,Borriol,Plana Alta,Castellón,0,329,Modalidad 42100,Comunidad Valenciana
mychip,V CXM Fuentes de Titaguas,2015-03-22,Domingo,11.2,Otros,Absoluta/General,33,42,Titaguas,,Valencia,0,393,INICIACION,Comunidad Valenciana
mychip,V CXM Fuentes de Titaguas,2015-03-22,Domingo,21.0,Otros,Absoluta/General,19,116,Titaguas,,Valencia,0,393,21k,Comunidad Valenciana
mychip,V CXM Fuentes de Titaguas,2015-03-22,Domingo,2.0,Otros,Infantil,1,6,Titaguas,,Valencia,0,393,INFANTIL,Comunidad Valenciana
mychip,V CXM Fuentes de Titaguas,2015-03-22,Domingo,2.0,Otros,Infantil,1,5,Titaguas,,Valencia,0,393,BEN-ALEV,Comunidad Valenciana
mychip,INOV8 VERTICAL MABO,2015-03-21,Sábado,11.1,Otros,Absoluta/General,1,390,Borriol,Plana Alta,Castellón,0,341,HOMBRES,Comunidad Valenciana
mychip,INOV8 VERTICAL MABO,2015-03-21,Sábado,11.1,Otros,Absoluta/General,70,0,Borriol,Plana Alta,Castellón,0,341,MUJERES,Comunidad Valenciana
mychip,"IV Media Maratón de Aranjuez y IV Carrera 7,5km Sotos históricos",2015-03-15,Domingo,0.0,road running,Absoluta/General,0,0,Aranjuez,,Comunidad de Madrid,0,349,default,Comunidad de Madrid
mychip,IV 22k Sierra de Callosa Extrem y 1a 12k Sierra de Callosa Extrem,2015-03-15,Domingo,12.0,Otros,Absoluta/General,7,35,Callosa de Segura,,Alicante,0,352,002_12K,Comunidad Valenciana
mychip,IV 22k Sierra de Callosa Extrem y 1a 12k Sierra de Callosa Extrem,2015-03-15,Domingo,22.0,Otros,Absoluta/General,5,108,Callosa de Segura,,Alicante,0,352,001_22k,Comunidad Valenciana
mychip,II CARRERA SOLIDARIA POR ETIOPIA IN REAL TIME  10 KM. ALMUSSAFES,2015-03-15,Domingo,0.37,Otros,Absoluta/General,11,12,Almussafes,La Ribera Baja,Valencia,0,368,003_0-7 ANYS,Comunidad Valenciana
mychip,II CARRERA SOLIDARIA POR ETIOPIA IN REAL TIME  10 KM. ALMUSSAFES,2015-03-15,Domingo,5.0,Otros,Absoluta/General,23,28,Almussafes,La Ribera Baja,Valencia,0,368,002_5K,Comunidad Valenciana
mychip,II CARRERA SOLIDARIA POR ETIOPIA IN REAL TIME  10 KM. ALMUSSAFES,2015-03-15,Domingo,10.0,Otros,Absoluta/General,41,142,Almussafes,La Ribera Baja,Valencia,0,368,001_10K,Comunidad Valenciana
mychip,II CARRERA SOLIDARIA POR ETIOPIA IN REAL TIME  10 KM. ALMUSSAFES,2015-03-15,Domingo,0.74,Otros,Absoluta/General,12,22,Almussafes,La Ribera Baja,Valencia,0,368,004_8-11 A,Comunidad Valenciana
mychip,"Campionat Carrera Vertical  de la Comunitat Valenciana, FEMECV 2015, Callosa de Segura",2015-03-14,Sábado,2.0,Otros,Absoluta/General,14,0,Callosa de Segura,,Alicante,0,351,ABSOLUTA FEMENINA,Comunidad Valenciana
mychip,"Campionat Carrera Vertical  de la Comunitat Valenciana, FEMECV 2015, Callosa de Segura",2015-03-14,Sábado,2.0,Otros,Cadete/Juvenil,0,1,Callosa de Segura,,Alicante,0,351,JUNIOR MASCULINO,Comunidad Valenciana
mychip,"Campionat Carrera Vertical  de la Comunitat Valenciana, FEMECV 2015, Callosa de Segura",2015-03-14,Sábado,2.0,Otros,Cadete/Juvenil,0,3,Callosa de Segura,,Alicante,0,351,CADETE MASCULINO,Comunidad Valenciana
mychip,"Campionat Carrera Vertical  de la Comunitat Valenciana, FEMECV 2015, Callosa de Segura",2015-03-14,Sábado,2.0,Otros,Cadete/Juvenil,1,0,Callosa de Segura,,Alicante,0,351,JUNIOR FEMENINA,Comunidad Valenciana
mychip,"Campionat Carrera Vertical  de la Comunitat Valenciana, FEMECV 2015, Callosa de Segura",2015-03-14,Sábado,2.0,Otros,Absoluta/General,0,42,Callosa de Segura,,Alicante,0,351,ABSOLUTA MASCULINA,Comunidad Valenciana
mychip,Marato de la Calderona,2015-03-08,Domingo,43.0,Otros,Absoluta/General,15,230,Serra,El Campo de Turia,Valencia,0,328,Modalidad 43000,Comunidad Valenciana
mychip,"I Segura Trail, Elche de la Sierra, I CIRCUITO TRAIL DESAFÍOS SIERRA DEL SEGURA",2015-03-08,Domingo,0.0,road running,Absoluta/General,27,172,Elche de la Sierra,,Castilla-La Mancha,0,353,default,Castilla-La Mancha
mychip,51 Marcha de Veteranos de la Comunidad Valenciana,2015-03-08,Domingo,13.0,Otros,Absoluta/General,48,75,Crevillente,El Bajo Vinalopó,Alicante,0,354,Modalidad 13000,Comunidad Valenciana
mychip,"VIII Pujada a la Penya del Frare, Xitxarra Trails 2015",2015-03-08,Domingo,20.6,Otros,Absoluta/General,52,1,Muro de Alcoy,El Condado de Cocentaina,Alicante,0,355,MUJERES,Comunidad Valenciana
mychip,"VIII Pujada a la Penya del Frare, Xitxarra Trails 2015",2015-03-08,Domingo,20.6,Otros,Absoluta/General,0,427,Muro de Alcoy,El Condado de Cocentaina,Alicante,0,355,HOMBRES,Comunidad Valenciana
mychip,"Carrera por Montaña de Onil, Campionat de Lliga Femecv 2015",2015-03-01,Domingo,12.5,Otros,Cadete/Juvenil,2,11,Onil,La Hoya de Alcoy,Alicante,0,363,JUNIOR,Comunidad Valenciana
mychip,"Carrera por Montaña de Onil, Campionat de Lliga Femecv 2015",2015-03-01,Domingo,28.0,Otros,Absoluta/General,48,300,Onil,La Hoya de Alcoy,Alicante,0,363,ABSOLUTA,Comunidad Valenciana
mychip,"Carrera por Montaña de Onil, Campionat de Lliga Femecv 2015",2015-03-01,Domingo,12.5,Otros,Cadete/Juvenil,1,9,Onil,La Hoya de Alcoy,Alicante,0,363,CADETE,Comunidad Valenciana
mychip,"XXXII Medio Maratón de Torrevieja, 10k",2015-02-22,Domingo,0.0,Otros,Absoluta/General,0,1,Torrevieja,,Alicante,0,370,MINUSVALIDO,Comunidad Valenciana
mychip,"XXXII Medio Maratón de Torrevieja, 10k",2015-02-22,Domingo,10.0,Otros,Absoluta/General,143,305,Torrevieja,,Alicante,0,370,10K,Comunidad Valenciana
mychip,"XXXII Medio Maratón de Torrevieja, 10k",2015-02-22,Domingo,21.097,Otros,Absoluta/General,72,589,Torrevieja,,Alicante,0,370,21K,Comunidad Valenciana
mychip,"II Trail Ròtova, Campionat de Lliga FEMECV 2015",2015-02-15,Domingo,17.0,Otros,Absoluta/General,69,352,Rótova,La Safor,Valencia,0,346,ABSOLUTA,Comunidad Valenciana
mychip,"II Trail Ròtova, Campionat de Lliga FEMECV 2015",2015-02-15,Domingo,12.5,Otros,Cadete/Juvenil,1,9,Rótova,La Safor,Valencia,0,346,CADETE,Comunidad Valenciana
mychip,"II Trail Ròtova, Campionat de Lliga FEMECV 2015",2015-02-15,Domingo,12.5,Otros,Cadete/Juvenil,2,11,Rótova,La Safor,Valencia,0,346,JUNIOR,Comunidad Valenciana
mychip,II Mitja Marató per Muntanya i Marxa Senderista L'Aventaor de Genovés,2015-02-01,Domingo,17.0,Otros,Absoluta/General,153,168,Liria,El Campo de Turia,Valencia,0,320,SENDERISTA,Comunidad Valenciana
mychip,II Mitja Marató per Muntanya i Marxa Senderista L'Aventaor de Genovés,2015-02-01,Domingo,21.0,Otros,Absoluta/General,43,421,Liria,El Campo de Turia,Valencia,0,320,CARRERA,Comunidad Valenciana
mychip,I CARRERA POLÍGONO INDUSTRIAL JUAN CARLOS I “QUÉDATE SIN ALIENTO POR LA HIPERTENSIÓN PULMONAR” CAUSA MARÍA MORENO,2015-02-01,Domingo,5.0,Otros,Absoluta/General,146,87,Almussafes,La Ribera Baja,Valencia,0,330,5K,Comunidad Valenciana
mychip,I CARRERA POLÍGONO INDUSTRIAL JUAN CARLOS I “QUÉDATE SIN ALIENTO POR LA HIPERTENSIÓN PULMONAR” CAUSA MARÍA MORENO,2015-02-01,Domingo,10.0,Otros,Absoluta/General,170,487,Almussafes,La Ribera Baja,Valencia,0,330,10k,Comunidad Valenciana
mychip,27a Mitja Marató Popular La Vall de Segó 2015,2015-02-01,Domingo,21.097,Otros,Absoluta/General,40,357,Benifairó de los Valles,Campo de Murviedro,Valencia,0,331,Modalidad 21097,Comunidad Valenciana
mychip,X Carrera por Montaña Serra del Coto,2015-02-01,Domingo,22.0,Otros,Absoluta/General,34,355,Monóvar,El Vinalopó Medio,Alicante,0,342,CARRERA,Comunidad Valenciana
mychip,X Carrera por Montaña Serra del Coto,2015-02-01,Domingo,22.0,Otros,Absoluta/General,40,96,Monóvar,El Vinalopó Medio,Alicante,0,342,SENDERISTA,Comunidad Valenciana
mychip,"3ª Cursa el Camí dels Bandolers, Campionat de Lliga FEMECV 2015",2015-01-25,Domingo,22.1,Otros,Absoluta/General,60,481,Senija,La Marina Alta,Alicante,0,339,ABSOLUTA,Comunidad Valenciana
mychip,"3ª Cursa el Camí dels Bandolers, Campionat de Lliga FEMECV 2015",2015-01-25,Domingo,0.0,Otros,Absoluta/General,0,0,Senija,La Marina Alta,Alicante,0,339,Modalidad por defecto,Comunidad Valenciana
mychip,"3ª Cursa el Camí dels Bandolers, Campionat de Lliga FEMECV 2015",2015-01-25,Domingo,12.5,Otros,Cadete/Juvenil,2,14,Senija,La Marina Alta,Alicante,0,339,JUNIOR,Comunidad Valenciana
mychip,"3ª Cursa el Camí dels Bandolers, Campionat de Lliga FEMECV 2015",2015-01-25,Domingo,12.5,Otros,Cadete/Juvenil,1,8,Senija,La Marina Alta,Alicante,0,339,CADETE,Comunidad Valenciana
mychip,4at Trail i Marxa Senderista La Mallà-Serralades de Barxeta,2015-01-18,Domingo,21.3,Otros,Absoluta/General,128,795,Barcheta,La Costera,Valencia,0,321,CARRERA,Comunidad Valenciana
mychip,4at Trail i Marxa Senderista La Mallà-Serralades de Barxeta,2015-01-18,Domingo,18.5,Otros,Absoluta/General,250,266,Barcheta,La Costera,Valencia,0,321,MARCHA,Comunidad Valenciana
mychip,VIII Cursa de Muntanya Tombatossals,2015-01-18,Domingo,21.0,Otros,Absoluta/General,94,622,Castellón de la Plana,Plana Alta,Castellón,0,338,Modalidad 21000,Comunidad Valenciana
mychip,"Dia del Senderista de la Comunitat Valenciana, FEMECV 2015",2015-01-18,Domingo,11.0,Otros,Absoluta/General,78,141,Játiva,La Costera,Valencia,0,340,Modalidad 11000,Comunidad Valenciana
mychip,IV Carrera por Montaña Cerro de la Mola,2015-01-11,Domingo,17.0,Otros,Absoluta/General,50,334,Novelda,El Vinalopó Medio,Alicante,0,322,CARRERA,Comunidad Valenciana
mychip,IV Carrera por Montaña Cerro de la Mola,2015-01-11,Domingo,17.0,Otros,Absoluta/General,38,70,Novelda,El Vinalopó Medio,Alicante,0,322,MARCHA,Comunidad Valenciana
mychip,GR10 - Xtrem,2015-01-10,Sábado,96.0,Otros,Absoluta/General,12,207,Andilla,,Valencia,0,317,Modalidad 96000,Valencia
mychip,XV Volta a peu a Xeraco,2015-01-06,Martes,15.0,Otros,Absoluta/General,109,487,Jaraco,La Safor,Valencia,0,326,Modalidad 15000,Comunidad Valenciana
mychip,XXXIII San Silvestre Toledana,2014-12-31,Miércoles,0.4,Otros,Absoluta/General,84,141,Toledo,,Toledo,0,303,02_DE 6 A 9,Castilla-La Mancha
mychip,XXXIII San Silvestre Toledana,2014-12-31,Miércoles,0.4,Otros,Absoluta/General,40,74,Toledo,,Toledo,0,303,01_ DE 0 A 5,Castilla-La Mancha
mychip,XXXIII San Silvestre Toledana,2014-12-31,Miércoles,0.8,Otros,Absoluta/General,40,37,Toledo,,Toledo,0,303,03_DE 10 A 11,Castilla-La Mancha
mychip,XXXIII San Silvestre Toledana,2014-12-31,Miércoles,8.0,Otros,Absoluta/General,762,3314,Toledo,,Toledo,0,303,00_ABOLUTA,Castilla-La Mancha
mychip,XXXIII San Silvestre Toledana,2014-12-31,Miércoles,1.6,Otros,Absoluta/General,4,9,Toledo,,Toledo,0,303,05_DE 14 A 15,Castilla-La Mancha
mychip,XXXIII San Silvestre Toledana,2014-12-31,Miércoles,1.2,Otros,Absoluta/General,19,33,Toledo,,Toledo,0,303,04_DE 12 A 13,Castilla-La Mancha
mychip,XXV San silvestre Monovera,2014-12-28,Domingo,0.8,Otros,Absoluta/General,11,18,Monóvar,El Vinalopó Medio,Alicante,0,332,04_DE 11 A 13 A,Comunidad Valenciana
mychip,XXV San silvestre Monovera,2014-12-28,Domingo,5.5,Otros,Absoluta/General,48,210,Monóvar,El Vinalopó Medio,Alicante,0,332,01_ABSOLUTA,Comunidad Valenciana
mychip,XXV San silvestre Monovera,2014-12-28,Domingo,0.4,Otros,Absoluta/General,11,20,Monóvar,El Vinalopó Medio,Alicante,0,332,03_ DE 8 A 10 A,Comunidad Valenciana
mychip,XXV San silvestre Monovera,2014-12-28,Domingo,0.4,Otros,Absoluta/General,40,44,Monóvar,El Vinalopó Medio,Alicante,0,332,02_ DE 0 A 7 A,Comunidad Valenciana
mychip,XXXI Carrera Popular Villa de Aranjuez,2014-12-21,Domingo,10.0,Otros,Absoluta/General,1066,4205,Aranjuez,,Comunidad de Madrid,0,310,Modalidad 10000,Comunidad de Madrid
mychip,22 Mitja  i Quarta Marato Picanya - Paiporta,2014-12-21,Domingo,10.5,Otros,Absoluta/General,188,444,Picaña,Huerta Sur,Valencia,0,316,QUARTA,Comunidad Valenciana
mychip,22 Mitja  i Quarta Marato Picanya - Paiporta,2014-12-21,Domingo,21.097,Otros,Absoluta/General,177,1424,Picaña,Huerta Sur,Valencia,0,316,MITJA,Comunidad Valenciana
mychip,2n Corremón Trail by Dynafit & 2n Trail Sportlast de Promoción,2014-12-14,Domingo,11.0,Otros,Absoluta/General,125,204,Sot de Chera,,Valencia,0,312,PROMOCION,Comunidad Valenciana
mychip,2n Corremón Trail by Dynafit & 2n Trail Sportlast de Promoción,2014-12-14,Domingo,24.0,Otros,Absoluta/General,64,376,Sot de Chera,,Valencia,0,312,CORREMON,Comunidad Valenciana
mychip,X Mitja Marató Serra d’Oltà,2014-12-14,Domingo,17.5,Otros,Absoluta/General,84,102,Calpe,La Marina Alta,Alicante,0,315,REGULARIDAD,Comunidad Valenciana
mychip,X Mitja Marató Serra d’Oltà,2014-12-14,Domingo,20.5,Otros,Absoluta/General,64,470,Calpe,La Marina Alta,Alicante,0,315,CARRERA,Comunidad Valenciana
mychip,VIII MARCHA AZUEBAR,2014-12-14,Domingo,20.0,Otros,Absoluta/General,27,171,Azuébar,El Alto Palancia,Castellón,0,318,Modalidad 20000,Comunidad Valenciana
mychip,III Subida solidaria a els Molins de Crevillent,2014-12-14,Domingo,0.0,road running,Absoluta/General,0,0,Crevillente,El Bajo Vinalopó,Alicante,0,324,default,Comunidad Valenciana
mychip,"IV Sprint Vertical Massís del Toro, I Marxa senderista Massís del Toro",2014-12-07,Domingo,1.46,Otros,Absoluta/General,22,61,Simat de Valldigna,La Safor,Valencia,0,307,Modalidad 1460,Comunidad Valenciana
mychip,XIV Mitja marató Samaruc 2014,2014-12-07,Domingo,21.097,Otros,Absoluta/General,77,633,Algemesí,La Ribera Alta,Valencia,0,311,Modalidad 21097,Comunidad Valenciana
mychip,Oliva Trail 2014,2014-11-30,Domingo,15.0,Otros,Absoluta/General,10,30,Oliva,La Safor,Valencia,0,294,SENDERISTA,Comunidad Valenciana
mychip,Oliva Trail 2014,2014-11-30,Domingo,22.0,Otros,Absoluta/General,20,162,Oliva,La Safor,Valencia,0,294,CZRRERA,Comunidad Valenciana
mychip,2º. Trail el Ventos. Villa de Agost,2014-11-30,Domingo,8.0,Otros,Absoluta/General,44,34,Agost,El Alacantí,Alicante,0,309,SENDERISTAS,Comunidad Valenciana
mychip,2º. Trail el Ventos. Villa de Agost,2014-11-30,Domingo,15.0,Otros,Absoluta/General,26,166,Agost,El Alacantí,Alicante,0,309,CARRERA,Comunidad Valenciana
mychip,Marató dels Dements,2014-11-29,Sábado,34.0,Otros,Absoluta/General,14,235,Eslida,Plana Baja,Castellón,0,289,34KM,Comunidad Valenciana
mychip,Marató dels Dements,2014-11-29,Sábado,21.9,Otros,Absoluta/General,12,79,Eslida,Plana Baja,Castellón,0,289,MEDIA,Comunidad Valenciana
mychip,"II Carrera y Marcha por Montaña, La Cagá del Águila, Redovan",2014-11-23,Domingo,11.5,Otros,Absoluta/General,16,189,Redován,,Alicante,0,296,CARRERA,Comunidad Valenciana
mychip,"II Carrera y Marcha por Montaña, La Cagá del Águila, Redovan",2014-11-23,Domingo,11.5,Otros,Absoluta/General,25,35,Redován,,Alicante,0,296,MARCHA SENDERISTA,Comunidad Valenciana
mychip,K25 Trail de la Calderona 2014,2014-11-23,Domingo,25.0,Otros,Absoluta/General,33,296,Serra,El Campo de Turia,Valencia,0,305,01_K25,Comunidad Valenciana
mychip,K25 Trail de la Calderona 2014,2014-11-23,Domingo,5.0,Otros,Absoluta/General,2,1,Serra,El Campo de Turia,Valencia,0,305,03_K25_KIDS,Comunidad Valenciana
mychip,K25 Trail de la Calderona 2014,2014-11-23,Domingo,9.0,Otros,Absoluta/General,1,5,Serra,El Campo de Turia,Valencia,0,305,02_MINI_K25,Comunidad Valenciana
mychip,"I Volta a la Campana, Suera",2014-11-23,Domingo,20.0,Otros,Absoluta/General,77,353,Sueras,Plana Baja,Castellón,0,308,Modalidad 20000,Comunidad Valenciana
mychip,Campionat de Regularitat per Muntanya de la Comunitat Valenciana,2014-11-16,Domingo,10.9,Otros,Absoluta/General,0,69,Tabernes de Valldigna,La Safor,Valencia,0,291,MASCULINA,Comunidad Valenciana
mychip,Campionat de Regularitat per Muntanya de la Comunitat Valenciana,2014-11-16,Domingo,10.9,Otros,Absoluta/General,33,0,Tabernes de Valldigna,La Safor,Valencia,0,291,FEMENINA,Comunidad Valenciana
mychip,IV Crono-Escalada BTT Penya la Mina,2014-11-16,Domingo,8.22,Otros,Absoluta/General,3,111,la Romana,El Vinalopó Medio,Alicante,0,313,Modalidad 8220,Comunidad Valenciana
mychip,"I Trail les Caves, Circuit Xitxarra Trail",2014-11-09,Domingo,25.0,Otros,Absoluta/General,0,265,Agres,El Condado de Cocentaina,Alicante,0,238,HOMBRES,Comunidad Valenciana
mychip,"I Trail les Caves, Circuit Xitxarra Trail",2014-11-09,Domingo,25.0,Otros,Absoluta/General,17,0,Agres,El Condado de Cocentaina,Alicante,0,238,MUJERES,Comunidad Valenciana
mychip,"Desafios Lurbel, Aitana - Puig Campana Aitana",2014-11-08,Sábado,40.0,Otros,Absoluta/General,23,253,Finestrat,La Marina Baja,Alicante,0,241,02_MARATON,Comunidad Valenciana
mychip,"Desafios Lurbel, Aitana - Puig Campana Aitana",2014-11-08,Sábado,85.0,Otros,Absoluta/General,16,245,Finestrat,La Marina Baja,Alicante,0,241,01_ULTRA,Comunidad Valenciana
mychip,"Mondúber trail, 80k-42k-15k",2014-11-08,Sábado,42.5,Otros,Absoluta/General,8,131,Jaraco,La Safor,Valencia,0,281,02_MARATON,Comunidad Valenciana
mychip,"Mondúber trail, 80k-42k-15k",2014-11-08,Sábado,80.0,Otros,Absoluta/General,5,62,Jaraco,La Safor,Valencia,0,281,01_ULTRA,Comunidad Valenciana
mychip,XVI Edición Cros Xirivell,2014-11-02,Domingo,8.5,Otros,Absoluta/General,20,77,Monóvar,El Vinalopó Medio,Alicante,0,314,01_CARRERA,Comunidad Valenciana
mychip,XVI Edición Cros Xirivell,2014-11-02,Domingo,1.2,Otros,Absoluta/General,0,5,Monóvar,El Vinalopó Medio,Alicante,0,314,04_ 11 A 13 A,Comunidad Valenciana
mychip,XVI Edición Cros Xirivell,2014-11-02,Domingo,2.4,Otros,Absoluta/General,0,1,Monóvar,El Vinalopó Medio,Alicante,0,314,03_ 14 A 15 A,Comunidad Valenciana
mychip,XVI Edición Cros Xirivell,2014-11-02,Domingo,0.8,Otros,Absoluta/General,6,7,Monóvar,El Vinalopó Medio,Alicante,0,314,05_ 8 A 10 A,Comunidad Valenciana
mychip,XVI Edición Cros Xirivell,2014-11-02,Domingo,8.5,Otros,Absoluta/General,47,32,Monóvar,El Vinalopó Medio,Alicante,0,314,02_SENDERISTAS,Comunidad Valenciana
mychip,"I Carrera de Muntanya Bocairent,  circuit Xitxarra Trail",2014-10-26,Domingo,23.0,Otros,Absoluta/General,0,281,Bocairente,La Vall d'Albaida,Valencia,0,237,HOMBRES,Comunidad Valenciana
mychip,"I Carrera de Muntanya Bocairent,  circuit Xitxarra Trail",2014-10-26,Domingo,23.0,Otros,Absoluta/General,29,0,Bocairente,La Vall d'Albaida,Valencia,0,237,MUJERES,Comunidad Valenciana
mychip,XVI Carrera Popular Portillo de Toledo,2014-10-26,Domingo,7.0,Otros,Absoluta/General,145,549,Portillo de Toledo,,Toledo,0,274,Modalidad 7000,Castilla-La Mancha
mychip,V Carrera y Marcha Catí-Rabosa,2014-10-26,Domingo,17.0,Otros,Absoluta/General,31,293,Elda,El Vinalopó Medio,Alicante,0,297,CARRERA,Comunidad Valenciana
mychip,V Carrera y Marcha Catí-Rabosa,2014-10-26,Domingo,12.0,Otros,Absoluta/General,120,138,Elda,El Vinalopó Medio,Alicante,0,297,MARCHA,Comunidad Valenciana
mychip,VII Carrera Nocturna de Toledo,2014-10-25,Sábado,8.0,Otros,Absoluta/General,294,1255,Toledo,,Toledo,0,288,Modalidad 8000,Castilla-La Mancha
mychip,TRAIL UMBRÍA LA PLANA,2014-10-19,Domingo,19.0,Otros,Absoluta/General,24,212,Enguera,La Canal de Navarrés,Valencia,0,254,01_TRAIL,Comunidad Valenciana
mychip,TRAIL UMBRÍA LA PLANA,2014-10-19,Domingo,8.0,Otros,Absoluta/General,100,70,Enguera,La Canal de Navarrés,Valencia,0,254,02_MARCHA_SENDERISTA,Comunidad Valenciana
mychip,III Carrera y Marcha de Montaña Trofeo Virgen del Remedio,2014-10-19,Domingo,8.2,Otros,Cadete/Juvenil,1,0,Petrer,El Vinalopó Medio,Alicante,0,299,CADETE-F,Comunidad Valenciana
mychip,III Carrera y Marcha de Montaña Trofeo Virgen del Remedio,2014-10-19,Domingo,15.9,Otros,Absoluta/General,62,78,Petrer,El Vinalopó Medio,Alicante,0,299,MARCHA,Comunidad Valenciana
mychip,III Carrera y Marcha de Montaña Trofeo Virgen del Remedio,2014-10-19,Domingo,15.9,Otros,Absoluta/General,35,279,Petrer,El Vinalopó Medio,Alicante,0,299,01_CARRERA,Comunidad Valenciana
mychip,III Carrera y Marcha de Montaña Trofeo Virgen del Remedio,2014-10-19,Domingo,8.2,Otros,Cadete/Juvenil,0,6,Petrer,El Vinalopó Medio,Alicante,0,299,JUVENIL-M,Comunidad Valenciana
mychip,III Carrera y Marcha de Montaña Trofeo Virgen del Remedio,2014-10-19,Domingo,8.2,Otros,Cadete/Juvenil,0,6,Petrer,El Vinalopó Medio,Alicante,0,299,CADETE-M,Comunidad Valenciana
mychip,III Carrera y Marcha de Montaña Trofeo Virgen del Remedio,2014-10-19,Domingo,8.2,Otros,Cadete/Juvenil,1,0,Petrer,El Vinalopó Medio,Alicante,0,299,JUVENIL-F,Comunidad Valenciana
mychip,16ª Cursa Popular de Almassora,2014-10-18,Sábado,10.0,Otros,Absoluta/General,40,292,Almazora,Plana Alta,Castellón,0,269,Modalidad 10000,Comunidad Valenciana
mychip,"IV Solana Trail, Circuit Xitxarra Trail",2014-10-05,Domingo,28.0,Otros,Absoluta/General,30,1,Benejama,El Alto Vinalopó,Alicante,0,236,MUJERES,Comunidad Valenciana
mychip,"IV Solana Trail, Circuit Xitxarra Trail",2014-10-05,Domingo,28.0,Otros,Absoluta/General,0,290,Benejama,El Alto Vinalopó,Alicante,0,236,HOMBRES,Comunidad Valenciana
mychip,I Marcha cicloturista La Pobla Llarga,2014-10-05,Domingo,107.0,Otros,Absoluta/General,11,362,la Pobla Llarga,La Ribera Alta,Valencia,0,295,Modalidad 107000,Comunidad Valenciana
mychip,XV Fons de la Tardor,2014-10-05,Domingo,0.0,road running,Absoluta/General,0,0,Vall de Uxó,Plana Baja,Castellón,0,302,default,Comunidad Valenciana
mychip,Carrera de Montaña de Salinas,2014-10-05,Domingo,12.0,Otros,Absoluta/General,18,102,Salinas,El Alto Vinalopó,Alicante,0,306,RECORRIDO B,Comunidad Valenciana
mychip,Carrera de Montaña de Salinas,2014-10-05,Domingo,19.4,Otros,Absoluta/General,6,90,Salinas,El Alto Vinalopó,Alicante,0,306,RECORRIDO A,Comunidad Valenciana
mychip,"VI Botamarges, Carrera per Muntanya",2014-10-04,Sábado,69.0,Otros,Absoluta/General,19,274,Adsubia,La Marina Alta,Alicante,0,205,Modalidad 69000,Comunidad Valenciana
mychip,"XXII Volta a peu Ciutat de Carlet, IV Circuit ribera de Xúquer",2014-09-28,Domingo,10.0,Otros,Absoluta/General,0,563,Carlet,La Ribera Alta,Valencia,0,228,HOMBRES,Comunidad Valenciana
mychip,"XXII Volta a peu Ciutat de Carlet, IV Circuit ribera de Xúquer",2014-09-28,Domingo,10.0,Otros,Absoluta/General,108,0,Carlet,La Ribera Alta,Valencia,0,228,MUJERES,Comunidad Valenciana
mychip,CARRERA POPULAR ASOCIACIÓN VÍCTIMAS DEL TERRORISMO 2014,2014-09-28,Domingo,10.0,Otros,Absoluta/General,77,361,Madrid,,Comunidad de Madrid,0,277,Modalidad 10000,Comunidad de Madrid
mychip,"SELÈNIKA 2014, Marxa de Resistència en BTT",2014-09-28,Domingo,96.0,Otros,Absoluta/General,18,1115,Navarcles,,Barcelona,0,301,Modalidad 96000,Cataluña
mychip,"Campionat Autonòmic 2014 de Carrera Vertical, FEMECV",2014-09-27,Sábado,3.5,Otros,Absoluta/General,5,0,Vall de Uxó,Plana Baja,Castellón,0,170,ABSOLUTA FEMENINA,Comunidad Valenciana
mychip,"Campionat Autonòmic 2014 de Carrera Vertical, FEMECV",2014-09-27,Sábado,3.5,Otros,Cadete/Juvenil,0,4,Vall de Uxó,Plana Baja,Castellón,0,170,CADETE MASCULINO,Comunidad Valenciana
mychip,"Campionat Autonòmic 2014 de Carrera Vertical, FEMECV",2014-09-27,Sábado,3.5,Otros,Cadete/Juvenil,0,6,Vall de Uxó,Plana Baja,Castellón,0,170,JUNIOR MASCULINA,Comunidad Valenciana
mychip,"Campionat Autonòmic 2014 de Carrera Vertical, FEMECV",2014-09-27,Sábado,3.5,Otros,Absoluta/General,0,50,Vall de Uxó,Plana Baja,Castellón,0,170,ABSOLUTA MASCULINA,Comunidad Valenciana
mychip,"I Trimuro Trail,  Circuit Xitxarra Trail",2014-09-21,Domingo,22.0,Otros,Absoluta/General,17,0,Muro de Alcoy,El Condado de Cocentaina,Alicante,0,234,MUJERES,Comunidad Valenciana
mychip,"I Trimuro Trail,  Circuit Xitxarra Trail",2014-09-21,Domingo,22.0,Otros,Absoluta/General,0,265,Muro de Alcoy,El Condado de Cocentaina,Alicante,0,234,HOMBRES,Comunidad Valenciana
mychip,VII Carrera Popular Villa de Torrijos,2014-09-21,Domingo,10.0,Otros,Absoluta/General,27,202,Torrijos,,Toledo,0,279,10K,Castilla-La Mancha
mychip,VII Carrera Popular Villa de Torrijos,2014-09-21,Domingo,5.0,Otros,Absoluta/General,34,62,Torrijos,,Toledo,0,279,5K,Castilla-La Mancha
mychip,"3ª Bajada Crevillent al Camping el Marjal Costablanca, Ellos Te Necesitan.",2014-09-21,Domingo,0.0,road running,Absoluta/General,0,0,Crevillente,El Bajo Vinalopó,Alicante,0,290,default,Comunidad Valenciana
mychip,"10k, XI cursa a Xeresa",2014-09-20,Sábado,10.0,Otros,Absoluta/General,35,177,Jeresa,La Safor,Valencia,0,273,Modalidad 10000,Comunidad Valenciana
mychip,"10k, XI cursa a Xeresa",2014-09-20,Sábado,0.0,Otros,Absoluta/General,0,0,Jeresa,La Safor,Valencia,0,273,Modalidad por defecto,Comunidad Valenciana
mychip,XXVIII Volta a peu a Quart de Poblet,2014-09-20,Sábado,8.0,Otros,Absoluta/General,209,709,Quart de Poblet,Huerta Sur,Valencia,0,300,Modalidad 8000,Comunidad Valenciana
mychip,"Desafios Lurbel 2014, La Sagra Skyrace",2014-09-14,Domingo,42.5,Otros,Absoluta/General,13,240,Puebla de Don Fadrique,,Andalucía,0,189,01-MARATON,Andalucía
mychip,"Desafios Lurbel 2014, La Sagra Skyrace",2014-09-14,Domingo,22.5,Otros,Absoluta/General,28,230,Puebla de Don Fadrique,,Andalucía,0,189,02-MEDIA,Andalucía
mychip,"Desafios Lurbel 2014, La Sagra Skyrace",2014-09-14,Domingo,11.8,Otros,Cadete/Juvenil,0,5,Puebla de Don Fadrique,,Andalucía,0,189,04-CADETE,Andalucía
mychip,"Desafios Lurbel 2014, La Sagra Skyrace",2014-09-14,Domingo,11.8,Otros,Cadete/Juvenil,0,6,Puebla de Don Fadrique,,Andalucía,0,189,03-JUNIOR,Andalucía
mychip,"18ª Volta a peu a Alginet, IV Circuit ribera de Xúquer",2014-09-13,Sábado,8.0,Otros,Absoluta/General,0,612,Alginet,La Ribera Alta,Valencia,0,227,HOMBRES,Comunidad Valenciana
mychip,"18ª Volta a peu a Alginet, IV Circuit ribera de Xúquer",2014-09-13,Sábado,8.0,Otros,Absoluta/General,115,0,Alginet,La Ribera Alta,Valencia,0,227,MUJERES,Comunidad Valenciana
mychip,"Desafios Lurbel 2014, La Sagra Skyrace, Ascensión Senderista",2014-09-13,Sábado,0.0,road running,Absoluta/General,0,0,Puebla de Don Fadrique,,Andalucía,0,271,default,Andalucía
mychip,"Lagos de Rabasa,  I Liga Alicante Cross Series",2014-09-07,Domingo,10.0,Otros,Absoluta/General,53,0,Alicante,El Alacantí,Alicante,0,180,MUJERES,Comunidad Valenciana
mychip,"Lagos de Rabasa,  I Liga Alicante Cross Series",2014-09-07,Domingo,10.0,Otros,Absoluta/General,0,252,Alicante,El Alacantí,Alicante,0,180,HOMBRES,Comunidad Valenciana
mychip,X Cursa Iberica,2014-09-07,Domingo,17.0,Otros,Absoluta/General,96,386,Figueroles,l'Alcalatén,Castellón,0,224,Modalidad 17000,Comunidad Valenciana
mychip,"III TRAIL&CLIMB FIRA DE TOTS SANTS, Circuit Xitxarra Trail",2014-09-07,Domingo,19.0,Otros,Absoluta/General,0,355,Cocentaina,El Condado de Cocentaina,Alicante,0,235,HOMBRES,Comunidad Valenciana
mychip,"III TRAIL&CLIMB FIRA DE TOTS SANTS, Circuit Xitxarra Trail",2014-09-07,Domingo,19.0,Otros,Absoluta/General,37,1,Cocentaina,El Condado de Cocentaina,Alicante,0,235,MUJERES,Comunidad Valenciana
mychip,La Ruta de la Senda,2014-09-06,Sábado,70.0,Otros,Absoluta/General,0,18,Callosa de Ensarriá,La Marina Baja,Alicante,0,286,PLATA,Comunidad Valenciana
mychip,La Ruta de la Senda,2014-09-06,Sábado,110.0,Otros,Absoluta/General,0,69,Callosa de Ensarriá,La Marina Baja,Alicante,0,286,ORO,Comunidad Valenciana
mychip,XVII Volta a peu a Corbera,2014-08-30,Sábado,8.0,Otros,Absoluta/General,86,386,Corbera,La Ribera Baja,Valencia,0,292,Modalidad 8000,Comunidad Valenciana
mychip,"24ª Volta a peu nocturna a Manuel, IV Circuit ribera de Xúquer",2014-08-29,Viernes,8.4,Otros,Absoluta/General,140,0,,,Valencia,0,226,MUJERES,Valencia
mychip,"24ª Volta a peu nocturna a Manuel, IV Circuit ribera de Xúquer",2014-08-29,Viernes,8.4,Otros,Absoluta/General,0,512,,,Valencia,0,226,HOMBRES,Valencia
mychip,II 10k Nocturno  Benicàssim Platges.,2014-08-29,Viernes,10.0,Otros,Absoluta/General,305,0,Benicasim,Plana Alta,Castellón,0,265,MUJERES,Comunidad Valenciana
mychip,II 10k Nocturno  Benicàssim Platges.,2014-08-29,Viernes,10.0,Otros,Absoluta/General,0,1069,Benicasim,Plana Alta,Castellón,0,265,HOMBRES,Comunidad Valenciana
mychip,85ª VUELTA A LA ESCOLLERA - 2014,2014-08-17,Domingo,4.3,Otros,Absoluta/General,8,62,Alicante,El Alacantí,Alicante,0,293,Modalidad 4300,Comunidad Valenciana
mychip,IV Travessia Platja Casablanca D'Almenara,2014-08-10,Domingo,1.5,Otros,Absoluta/General,68,190,Almenara,Plana Baja,Castellón,0,282,ABSOLUTA,Comunidad Valenciana
mychip,IV Travessia Platja Casablanca D'Almenara,2014-08-10,Domingo,0.3,Otros,Infantil,12,16,Almenara,Plana Baja,Castellón,0,282,MENORES,Comunidad Valenciana
mychip,"CDC, Trail Nocturn Camins de Cabres",2014-08-09,Sábado,21.0,Otros,Absoluta/General,23,120,Liria,El Campo de Turia,Valencia,0,258,MEDIA,Comunidad Valenciana
mychip,"CDC, Trail Nocturn Camins de Cabres",2014-08-09,Sábado,42.0,Otros,Absoluta/General,8,89,Liria,El Campo de Turia,Valencia,0,258,MARATON,Comunidad Valenciana
mychip,"I 10k  Nocturno, Llagostí Vinaròs.",2014-08-09,Sábado,10.0,Otros,Absoluta/General,0,536,Vinaroz,Bajo Maestrazgo,Castellón,0,264,HOMBRES,Comunidad Valenciana
mychip,"I 10k  Nocturno, Llagostí Vinaròs.",2014-08-09,Sábado,10.0,Otros,Absoluta/General,143,0,Vinaroz,Bajo Maestrazgo,Castellón,0,264,MUJERES,Comunidad Valenciana
mychip,"XIV Volta a peu pel Xúquer Riola, IV Circuit Ribera de Xúquer",2014-08-07,Jueves,8.2,Otros,Absoluta/General,0,869,Riola,La Ribera Baja,Valencia,0,223,HOMBRES,Comunidad Valenciana
mychip,"XIV Volta a peu pel Xúquer Riola, IV Circuit Ribera de Xúquer",2014-08-07,Jueves,8.2,Otros,Absoluta/General,218,0,Riola,La Ribera Baja,Valencia,0,223,MUJERES,Comunidad Valenciana
mychip,"Aquatrail Cabo Huertas,  I Liga Alicante Cross Series",2014-08-03,Domingo,6.0,Otros,Absoluta/General,0,213,Alicante,El Alacantí,Alicante,0,179,HOMBRES,Comunidad Valenciana
mychip,"Aquatrail Cabo Huertas,  I Liga Alicante Cross Series",2014-08-03,Domingo,6.0,Otros,Absoluta/General,26,1,Alicante,El Alacantí,Alicante,0,179,MUJERES,Comunidad Valenciana
mychip,XII Travesia Nadant Bandera Blava Platges de Moncofa,2014-08-02,Sábado,0.4,Otros,Absoluta/General,0,14,Moncófar,Plana Baja,Castellón,0,284,NO COMPETITIVA,Comunidad Valenciana
mychip,XII Travesia Nadant Bandera Blava Platges de Moncofa,2014-08-02,Sábado,0.8,Otros,Absoluta/General,34,115,Moncófar,Plana Baja,Castellón,0,284,COMPETITIVA,Comunidad Valenciana
mychip,26 Volta a peu a la Platja de Tavernes de la Valldigna,2014-08-01,Viernes,8.0,Otros,Absoluta/General,275,972,Tabernes de Valldigna,La Safor,Valencia,0,280,Modalidad 8000,Comunidad Valenciana
mychip,Volta a peu a Benifairo de la Valldigna,2014-07-30,Miércoles,4.0,Otros,Absoluta/General,37,3,Benifairó de la Valldigna,La Safor,Valencia,0,287,MARXA,Comunidad Valenciana
mychip,Volta a peu a Benifairo de la Valldigna,2014-07-30,Miércoles,8.0,Otros,Absoluta/General,28,167,Benifairó de la Valldigna,La Safor,Valencia,0,287,CARRERA,Comunidad Valenciana
mychip,I Roman Race Piles,2014-07-27,Domingo,5.0,Otros,Absoluta/General,83,266,Piles,La Safor,Valencia,0,285,Modalidad 5000,Comunidad Valenciana
mychip,XXV Volta a peu a Simat de la Valldigna,2014-07-25,Viernes,7.0,Otros,Absoluta/General,162,484,Simat de Valldigna,La Safor,Valencia,0,283,Modalidad 7000,Comunidad Valenciana
mychip,1er. 10k Cross Urbano Villa de Agost,2014-07-19,Sábado,10.0,Otros,Absoluta/General,15,104,Agost,El Alacantí,Alicante,0,261,Modalidad 10000,Comunidad Valenciana
mychip,I 10k Nocturno Grao de Castellón.,2014-07-19,Sábado,10.0,Otros,Absoluta/General,0,417,Vallibona,Los Puertos de Morella,Castellón,0,263,HOMBRES,Comunidad Valenciana
mychip,I 10k Nocturno Grao de Castellón.,2014-07-19,Sábado,10.0,Otros,Absoluta/General,86,1,Vallibona,Los Puertos de Morella,Castellón,0,263,MUJERES,Comunidad Valenciana
mychip,XVI Marcha al Bartolo y III Marcha al Bartolo no competitiva,2014-07-13,Domingo,23.4,Otros,Absoluta/General,57,486,Benicasim,Plana Alta,Castellón,0,276,MARCHA,Comunidad Valenciana
mychip,XVI Marcha al Bartolo y III Marcha al Bartolo no competitiva,2014-07-13,Domingo,15.0,Otros,Absoluta/General,58,73,Benicasim,Plana Alta,Castellón,0,276,SENDERISTAS,Comunidad Valenciana
mychip,14ª Volta a  peu platges de Moncofa,2014-07-12,Sábado,10.0,Otros,Absoluta/General,76,388,Moncófar,Plana Baja,Castellón,0,200,Modalidad 10000,Comunidad Valenciana
mychip,"7ª Volta a peu benèfica Mareny de Barraquetes, IV Circuit Ribera de Xúquer",2014-07-05,Sábado,7.1,Otros,Absoluta/General,0,598,Sueca,La Ribera Baja,Valencia,0,222,HOMBRES,Comunidad Valenciana
mychip,"7ª Volta a peu benèfica Mareny de Barraquetes, IV Circuit Ribera de Xúquer",2014-07-05,Sábado,7.1,Otros,Absoluta/General,166,0,Sueca,La Ribera Baja,Valencia,0,222,MUJERES,Comunidad Valenciana
mychip,I 10K Nocturno Oropesa del Mar.,2014-07-05,Sábado,10.0,Otros,Absoluta/General,73,0,Oropesa del Mar,Plana Alta,Castellón,0,262,MUJERES,Comunidad Valenciana
mychip,I 10K Nocturno Oropesa del Mar.,2014-07-05,Sábado,10.0,Otros,Absoluta/General,0,303,Oropesa del Mar,Plana Alta,Castellón,0,262,HOMBRES,Comunidad Valenciana
mychip,II Carrera y Marcha Nocturna de Montaña de la Vall D'Uixó,2014-07-05,Sábado,11.5,Otros,Absoluta/General,18,105,Vall de Uxó,Plana Baja,Castellón,0,272,CARRERA,Comunidad Valenciana
mychip,II Carrera y Marcha Nocturna de Montaña de la Vall D'Uixó,2014-07-05,Sábado,10.0,Otros,Absoluta/General,35,17,Vall de Uxó,Plana Baja,Castellón,0,272,MARCHA,Comunidad Valenciana
mychip,XXI VOLTA A PEU A GUADASSUAR,2014-07-03,Jueves,0.0,road running,Absoluta/General,0,0,Guadassuar,La Ribera Alta,Valencia,0,252,default,Comunidad Valenciana
mychip,"25ª Volta a peu a Sumacarcer, IV Circuit Ribera de Xúquer",2014-06-28,Sábado,8.0,Otros,Absoluta/General,77,0,Sumacárcel,La Ribera Alta,Valencia,0,217,MUJERES,Comunidad Valenciana
mychip,"25ª Volta a peu a Sumacarcer, IV Circuit Ribera de Xúquer",2014-06-28,Sábado,8.0,Otros,Absoluta/General,0,353,Sumacárcel,La Ribera Alta,Valencia,0,217,HOMBRES,Comunidad Valenciana
mychip,I Caminata y carrera Nocturna Solidaria de Cruz Roja Comarcal en Moixent,2014-06-27,Viernes,0.0,road running,Absoluta/General,0,0,Mogente,La Costera,Valencia,0,275,default,Comunidad Valenciana
mychip,III Cursa i Marxa de muntanya Les Xosses de Crevillent.,2014-06-21,Sábado,13.5,Otros,Absoluta/General,83,81,Crevillente,El Bajo Vinalopó,Alicante,0,206,SENDERISTAS,Comunidad Valenciana
mychip,III Cursa i Marxa de muntanya Les Xosses de Crevillent.,2014-06-21,Sábado,14.5,Otros,Absoluta/General,39,311,Crevillente,El Bajo Vinalopó,Alicante,0,206,CARRERA,Comunidad Valenciana
mychip,"II Volta a peu a Sant Joanet, IV Circuit ribera de Xúquer",2014-06-21,Sábado,8.0,Otros,Absoluta/General,123,0,Sant Joanet,La Ribera Alta,Valencia,0,220,MUJERES,Comunidad Valenciana
mychip,"II Volta a peu a Sant Joanet, IV Circuit ribera de Xúquer",2014-06-21,Sábado,8.0,Otros,Absoluta/General,0,454,Sant Joanet,La Ribera Alta,Valencia,0,220,HOMBRES,Comunidad Valenciana
mychip,A la lluna de la Mar Xeraco,2014-06-21,Sábado,7.3,Otros,Absoluta/General,60,84,Jaraco,La Safor,Valencia,0,267,Modalidad 7300,Comunidad Valenciana
mychip,"XV Carrera Popular Corpus Christi de Toledo, Memorial José Luis Pantoja",2014-06-15,Domingo,5.2,Otros,Absoluta/General,73,359,Toledo,,Toledo,0,257,Modalidad 5200,Castilla-La Mancha
mychip,XII Carrera Popular 10k de Godella,2014-06-14,Sábado,10.0,Otros,Absoluta/General,119,541,Godella,Huerta Norte,Valencia,0,250,Modalidad 10000,Comunidad Valenciana
mychip,"Serragrosa,  I Liga Alicante Cross Series",2014-06-08,Domingo,10.0,Otros,Absoluta/General,45,0,Alicante,El Alacantí,Alicante,0,178,MUJERES,Comunidad Valenciana
mychip,"Serragrosa,  I Liga Alicante Cross Series",2014-06-08,Domingo,10.0,Otros,Absoluta/General,0,369,Alicante,El Alacantí,Alicante,0,178,HOMBRES,Comunidad Valenciana
mychip,"Campament Territorial d'Alacant, Callosa d'En Sarria",2014-06-08,Domingo,0.0,road running,Absoluta/General,0,0,Callosa de Ensarriá,La Marina Baja,Alicante,0,259,default,Comunidad Valenciana
mychip,1er. trail y Marcha por Montaña La Vall de Segó,2014-06-08,Domingo,24.5,Otros,Absoluta/General,0,230,Faura,Campo de Murviedro,Valencia,0,260,MASCULINA,Comunidad Valenciana
mychip,1er. trail y Marcha por Montaña La Vall de Segó,2014-06-08,Domingo,24.5,Otros,Absoluta/General,24,0,Faura,Campo de Murviedro,Valencia,0,260,FEMENINA,Comunidad Valenciana
mychip,"30 Volta a peu a Algemesí, Trofeu Sant Onofre 2014, IV Circuit Ribera de Xúquer",2014-06-07,Sábado,10.0,Otros,Absoluta/General,163,1,Algemesí,La Ribera Alta,Valencia,0,216,MUJERES,Comunidad Valenciana
mychip,"30 Volta a peu a Algemesí, Trofeu Sant Onofre 2014, IV Circuit Ribera de Xúquer",2014-06-07,Sábado,10.0,Otros,Absoluta/General,0,864,Algemesí,La Ribera Alta,Valencia,0,216,HOMBRES,Comunidad Valenciana
mychip,"II Carrera de Muntanya Banyeres de Mariola, Circuit Xitxarra Trail",2014-06-01,Domingo,27.0,Otros,Absoluta/General,0,278,Bañeres,La Hoya de Alcoy,Alicante,0,233,HOMBRES,Comunidad Valenciana
mychip,"II Carrera de Muntanya Banyeres de Mariola, Circuit Xitxarra Trail",2014-06-01,Domingo,27.0,Otros,Absoluta/General,17,0,Bañeres,La Hoya de Alcoy,Alicante,0,233,MUJERES,Comunidad Valenciana
mychip,"Dia de la Muntanya neta,  FEMECV 2014",2014-06-01,Domingo,0.0,road running,Absoluta/General,0,0,Rótova,La Safor,Valencia,0,255,default,Comunidad Valenciana
mychip,"Maraclot, II Marató de Relleus",2014-06-01,Domingo,3.014,Otros,Absoluta/General,0,86,Burriana,Plana Baja,Castellón,0,256,Modalidad 3014,Comunidad Valenciana
mychip,33a Volta al Terme de Fondeguilla,2014-05-31,Sábado,14.0,Otros,Cadete/Juvenil,1,5,Alfondeguilla,Plana Baja,Castellón,0,193,CADETE/JUNIOR,Comunidad Valenciana
mychip,33a Volta al Terme de Fondeguilla,2014-05-31,Sábado,34.5,Otros,Absoluta/General,17,291,Alfondeguilla,Plana Baja,Castellón,0,193,ABSOLUTA,Comunidad Valenciana
mychip,"XV Pujada al Montcabrer, Circuit Xitxarra Trail",2014-05-25,Domingo,19.0,Otros,Absoluta/General,0,347,Alcoy,La Hoya de Alcoy,Alicante,0,230,HOMBRES,Comunidad Valenciana
mychip,"XV Pujada al Montcabrer, Circuit Xitxarra Trail",2014-05-25,Domingo,19.0,Otros,Absoluta/General,41,0,Alcoy,La Hoya de Alcoy,Alicante,0,230,MUJERES,Comunidad Valenciana
mychip,"II 10K Ciutat D'Alzira, IV Circuit Ribera de Xúquer",2014-05-17,Sábado,10.0,Otros,Absoluta/General,0,788,Alcira,La Ribera Alta,Valencia,0,212,HOMBRES,Comunidad Valenciana
mychip,"II 10K Ciutat D'Alzira, IV Circuit Ribera de Xúquer",2014-05-17,Sábado,10.0,Otros,Absoluta/General,162,0,Alcira,La Ribera Alta,Valencia,0,212,MUJERES,Comunidad Valenciana
mychip,"II 10K Ciutat D'Alzira, IV Circuit Ribera de Xúquer",2014-05-17,Sábado,0.0,Otros,Absoluta/General,0,0,Alcira,La Ribera Alta,Valencia,0,212,Modalidad por defecto,Comunidad Valenciana
mychip,VIII CARRERA GR10 TRAIL DE LA MUJER CONTRA LA VIOLENCIA DE GÉNERO,2014-05-17,Sábado,5.0,Otros,Absoluta/General,398,0,Mataelpino,,Madrid,0,244,FEMENINA,Madrid
mychip,VIII CARRERA GR10 TRAIL DE LA MUJER CONTRA LA VIOLENCIA DE GÉNERO,2014-05-17,Sábado,5.0,Otros,Absoluta/General,0,44,Mataelpino,,Madrid,0,244,MASCULINA,Madrid
mychip,II Crazy Race,2014-05-11,Domingo,8.5,Otros,Absoluta/General,401,468,Moncada,Huerta Norte,Valencia,0,253,Modalidad 8500,Comunidad Valenciana
mychip,9a Volta a peu festes de Sant Pasqual de Genovés,2014-05-10,Sábado,8.6,Otros,Absoluta/General,53,408,Liria,El Campo de Turia,Valencia,0,251,Modalidad 8600,Comunidad Valenciana
mychip,Q-32 / Q-18 La Vall,2014-05-04,Domingo,32.0,Otros,Absoluta/General,11,126,Vall de Uxó,Plana Baja,Castellón,0,215,Q-32,Comunidad Valenciana
mychip,Q-32 / Q-18 La Vall,2014-05-04,Domingo,18.0,Otros,Absoluta/General,10,71,Vall de Uxó,Plana Baja,Castellón,0,215,Q-18,Comunidad Valenciana
mychip,"2ª Carrera de la dona, Sueca",2014-05-04,Domingo,6.0,Otros,Absoluta/General,278,0,Sueca,La Ribera Baja,Valencia,0,232,Modalidad 6000,Comunidad Valenciana
mychip,"27a Volta a peu a L'Alcúdia, IV Circuit Ribera de Xúquer",2014-05-03,Sábado,10.0,Otros,Absoluta/General,0,709,La Alcudia,La Ribera Alta,Valencia,0,211,HOMBRES,Comunidad Valenciana
mychip,"27a Volta a peu a L'Alcúdia, IV Circuit Ribera de Xúquer",2014-05-03,Sábado,10.0,Otros,Absoluta/General,120,0,La Alcudia,La Ribera Alta,Valencia,0,211,MUJERES,Comunidad Valenciana
mychip,"Desafios Lurbel 2014, El Calar",2014-04-27,Domingo,44.2,Otros,Absoluta/General,21,390,Riópar,,Castilla-La Mancha,0,152,LARGA,Castilla-La Mancha
mychip,"Desafios Lurbel 2014, El Calar",2014-04-27,Domingo,24.17,Otros,Absoluta/General,79,451,Riópar,,Castilla-La Mancha,0,152,CORTA,Castilla-La Mancha
mychip,"Desafios Lurbel 2014, El Calar",2014-04-27,Domingo,22.3,Otros,Absoluta/General,92,98,Riópar,,Castilla-La Mancha,0,152,SENDERISTA,Castilla-La Mancha
mychip,"XIII Media Marathón de Elda, ciudad internacional del Zapato y III 10k Ciudad de Elda",2014-04-27,Domingo,10.54,Otros,Absoluta/General,31,150,Elda,El Vinalopó Medio,Alicante,0,239,CUARTA MARATON,Comunidad Valenciana
mychip,"XIII Media Marathón de Elda, ciudad internacional del Zapato y III 10k Ciudad de Elda",2014-04-27,Domingo,21.097,Otros,Absoluta/General,27,169,Elda,El Vinalopó Medio,Alicante,0,239,21 KM,Comunidad Valenciana
mychip,Cullera Trail,2014-04-26,Sábado,14.0,Otros,Absoluta/General,60,347,Cullera,La Ribera Baja,Valencia,0,207,Modalidad 14000,Comunidad Valenciana
mychip,"14ª. edició Volta a peu a Gavarda, IV Circuit ribera de Xúquer",2014-04-26,Sábado,8.05,Otros,Absoluta/General,0,409,Gabarda,La Ribera Alta,Valencia,0,210,HOMBRES,Comunidad Valenciana
mychip,"14ª. edició Volta a peu a Gavarda, IV Circuit ribera de Xúquer",2014-04-26,Sábado,8.05,Otros,Absoluta/General,85,0,Gabarda,La Ribera Alta,Valencia,0,210,MUJERES,Comunidad Valenciana
mychip,XVI Gran Fons Vila de Puçol,2014-04-12,Sábado,15.0,Otros,Absoluta/General,271,1445,Puzol,Huerta Norte,Valencia,0,214,Modalidad 15000,Comunidad Valenciana
mychip,VII Gran Fons de la Valldigna,2014-04-12,Sábado,15.5,Otros,Absoluta/General,53,265,Benifairó de la Valldigna,La Safor,Valencia,0,225,Modalidad 15500,Comunidad Valenciana
mychip,"VIII MABO, Marató de Muntanya de Borriol",2014-04-06,Domingo,42.0,Otros,Absoluta/General,23,254,Borriol,Plana Alta,Castellón,0,184,Modalidad 42000,Comunidad Valenciana
mychip,II Xàtiva Natura Trail,2014-04-06,Domingo,22.0,Otros,Absoluta/General,55,484,Játiva,La Costera,Valencia,0,191,CARRERA TRAIL,Comunidad Valenciana
mychip,II Xàtiva Natura Trail,2014-04-06,Domingo,12.48,Otros,Absoluta/General,330,258,Játiva,La Costera,Valencia,0,191,MARCHA SENDERISTA,Comunidad Valenciana
mychip,Carrícola By Lurbel,2014-04-06,Domingo,21.097,Otros,Absoluta/General,48,428,Carrícola,La Vall d'Albaida,Valencia,0,198,Modalidad 21097,Comunidad Valenciana
mychip,"I 10K Benimodo, IV Circuit Ribera de Xúquer",2014-04-06,Domingo,9.95,Otros,Absoluta/General,79,0,Benimodo,La Ribera Alta,Valencia,0,209,MUJERES,Comunidad Valenciana
mychip,"I 10K Benimodo, IV Circuit Ribera de Xúquer",2014-04-06,Domingo,9.95,Otros,Absoluta/General,0,410,Benimodo,La Ribera Alta,Valencia,0,209,HOMBRES,Comunidad Valenciana
mychip,III Carrera por montaña Sierra de Callosa EXTREME,2014-04-06,Domingo,22.0,Otros,Absoluta/General,7,93,Callosa de Segura,,Alicante,0,218,Modalidad 22000,Comunidad Valenciana
mychip,I Volta a peu 6k Tavernes de la Valldigna,2014-04-05,Sábado,6.0,Otros,Absoluta/General,104,183,Tabernes de Valldigna,La Safor,Valencia,0,208,Modalidad 6000,Comunidad Valenciana
mychip,"Albufereta,  I Liga Alicante Cross Series",2014-03-30,Domingo,10.0,Otros,Absoluta/General,0,209,Alicante,El Alacantí,Alicante,0,177,HOMBRES,Comunidad Valenciana
mychip,"Albufereta,  I Liga Alicante Cross Series",2014-03-30,Domingo,10.0,Otros,Absoluta/General,53,0,Alicante,El Alacantí,Alicante,0,177,MUJERES,Comunidad Valenciana
mychip,"SLP, Sky Limits Penyagolosa Cross Duathlon",2014-03-30,Domingo,26.0,Otros,Absoluta/General,5,52,Adzaneta del Maestrazgo,,Castellón,0,186,SLP,Comunidad Valenciana
mychip,"SLP, Sky Limits Penyagolosa Cross Duathlon",2014-03-30,Domingo,51.0,Otros,Absoluta/General,2,106,Adzaneta del Maestrazgo,,Castellón,0,186,USLP,Comunidad Valenciana
mychip,"XIV Trofeo Luis Adsuara, Volta a peu a la Ciutat de Castelló",2014-03-30,Domingo,5.0,Otros,Absoluta/General,202,483,Castellón de la Plana,Plana Alta,Castellón,0,199,Modalidad 5000,Comunidad Valenciana
mychip,Perimetral 3.0,2014-03-29,Sábado,63.0,Otros,Absoluta/General,16,439,Benisa,La Marina Alta,Alicante,0,201,Modalidad 63000,Comunidad Valenciana
mychip,"Campionat Autonòmic i de Clubs, FEMECV 2014",2014-03-23,Domingo,24.3,Otros,Absoluta/General,34,186,Crevillente,El Bajo Vinalopó,Alicante,0,174,ABSOLUTA,Comunidad Valenciana
mychip,"Campionat Autonòmic i de Clubs, FEMECV 2014",2014-03-23,Domingo,14.2,Otros,Cadete/Juvenil,1,6,Crevillente,El Bajo Vinalopó,Alicante,0,174,CADETE,Comunidad Valenciana
mychip,"Campionat Autonòmic i de Clubs, FEMECV 2014",2014-03-23,Domingo,14.2,Otros,Cadete/Juvenil,2,10,Crevillente,El Bajo Vinalopó,Alicante,0,174,JUNIOR,Comunidad Valenciana
mychip,"IX Gran Fons de Turis Memorial Raimón Soria,  IV Circuit Ribera de Xúquer",2014-03-23,Domingo,16.0,Otros,Absoluta/General,0,395,Turís,La Ribera Alta,Valencia,0,213,HOMBRES,Comunidad Valenciana
mychip,"IX Gran Fons de Turis Memorial Raimón Soria,  IV Circuit Ribera de Xúquer",2014-03-23,Domingo,16.0,Otros,Absoluta/General,52,0,Turís,La Ribera Alta,Valencia,0,213,MUJERES,Comunidad Valenciana
mychip,"Orihuela 10k, White Run Series",2014-03-23,Domingo,5.0,Otros,Absoluta/General,29,47,Orihuela,,Alicante,0,245,5K,Comunidad Valenciana
mychip,"Orihuela 10k, White Run Series",2014-03-23,Domingo,10.0,Otros,Absoluta/General,20,113,Orihuela,,Alicante,0,245,10K,Comunidad Valenciana
mychip,"Campament territorial de València, Femecv 2014, Tavernes de la Valldigna",2014-03-15,Sábado,0.0,road running,Absoluta/General,0,0,Tabernes de Valldigna,La Safor,Valencia,0,242,default,Comunidad Valenciana
mychip,"III Mitja i Quarta Marató d'Alcàntera de Xúquer, IV Circuit Ribera de Xúquer",2014-03-09,Domingo,21.097,Otros,Absoluta/General,0,288,Alcántara de Júcar,La Ribera Alta,Valencia,0,196,HOMBRES,Comunidad Valenciana
mychip,"III Mitja i Quarta Marató d'Alcàntera de Xúquer, IV Circuit Ribera de Xúquer",2014-03-09,Domingo,21.097,Otros,Absoluta/General,38,0,Alcántara de Júcar,La Ribera Alta,Valencia,0,196,MUJERES,Comunidad Valenciana
mychip,"7k, 14k, 21k AGROGUADASSUAR",2014-03-09,Domingo,14.0,Otros,Absoluta/General,28,114,Guadassuar,La Ribera Alta,Valencia,0,203,14K,Comunidad Valenciana
mychip,"7k, 14k, 21k AGROGUADASSUAR",2014-03-09,Domingo,7.0,Otros,Absoluta/General,70,131,Guadassuar,La Ribera Alta,Valencia,0,203,7K,Comunidad Valenciana
mychip,"7k, 14k, 21k AGROGUADASSUAR",2014-03-09,Domingo,21.097,Otros,Absoluta/General,12,92,Guadassuar,La Ribera Alta,Valencia,0,203,21K,Comunidad Valenciana
mychip,"Carrera por Montaña Tavernes de la Valldigna, Liga FEMECV 2014",2014-03-02,Domingo,13.0,Otros,Cadete/Juvenil,0,8,Tabernes de Valldigna,La Safor,Valencia,0,169,CADETE,Comunidad Valenciana
mychip,"Carrera por Montaña Tavernes de la Valldigna, Liga FEMECV 2014",2014-03-02,Domingo,13.0,Otros,Cadete/Juvenil,2,12,Tabernes de Valldigna,La Safor,Valencia,0,169,JUNIOR,Comunidad Valenciana
mychip,"Carrera por Montaña Tavernes de la Valldigna, Liga FEMECV 2014",2014-03-02,Domingo,21.2,Otros,Absoluta/General,44,311,Tabernes de Valldigna,La Safor,Valencia,0,169,ABSOLUTA,Comunidad Valenciana
mychip,"Orgegia,  I Liga Alicante Cross Series",2014-03-02,Domingo,10.0,Otros,Absoluta/General,36,0,Alicante,El Alacantí,Alicante,0,176,MUJERES,Comunidad Valenciana
mychip,"Orgegia,  I Liga Alicante Cross Series",2014-03-02,Domingo,10.0,Otros,Absoluta/General,0,219,Alicante,El Alacantí,Alicante,0,176,HOMBRES,Comunidad Valenciana
mychip,"Media Maratón de Siero,  Campeonato de Asturias 2014",2014-03-02,Domingo,21.097,Otros,Absoluta/General,4,55,Siero,,Asturies,0,240,MEDIA CAMPEONATO ASTURIAS,Asturias
mychip,"Media Maratón de Siero,  Campeonato de Asturias 2014",2014-03-02,Domingo,21.097,Otros,Absoluta/General,0,2,Siero,,Asturies,0,240,MEDIA ESPECIAL,Asturias
mychip,"Media Maratón de Siero,  Campeonato de Asturias 2014",2014-03-02,Domingo,21.097,Otros,Absoluta/General,45,406,Siero,,Asturies,0,240,MEDIA,Asturias
mychip,"XXXI Medio Maratón de Torrevieja, Carrera 10k",2014-02-23,Domingo,21.097,Otros,Absoluta/General,79,665,Torrevieja,,Alicante,0,231,21k,Comunidad Valenciana
mychip,"XXXI Medio Maratón de Torrevieja, Carrera 10k",2014-02-23,Domingo,10.548,Otros,Absoluta/General,100,236,Torrevieja,,Alicante,0,231,CUARTA DE MARAT,Comunidad Valenciana
mychip,"XXXI Medio Maratón de Torrevieja, Carrera 10k",2014-02-23,Domingo,21.097,Otros,Absoluta/General,0,3,Torrevieja,,Alicante,0,231,MINUSVALIDOS,Comunidad Valenciana
mychip,50 Marxa de Veterans de la Comunitat Valenciana,2014-02-16,Domingo,16.0,Otros,Absoluta/General,72,143,Agres,El Condado de Cocentaina,Alicante,0,192,Modalidad 16000,Comunidad Valenciana
mychip,"Carrera por Montaña Almenara, Liga FEMECV 2014",2014-02-09,Domingo,13.0,Otros,Cadete/Juvenil,1,8,Almenara,Plana Baja,Castellón,0,168,CADETE,Comunidad Valenciana
mychip,"Carrera por Montaña Almenara, Liga FEMECV 2014",2014-02-09,Domingo,13.0,Otros,Cadete/Juvenil,3,12,Almenara,Plana Baja,Castellón,0,168,JUNIOR,Comunidad Valenciana
mychip,"Carrera por Montaña Almenara, Liga FEMECV 2014",2014-02-09,Domingo,21.2,Otros,Absoluta/General,42,281,Almenara,Plana Baja,Castellón,0,168,ABSOLUTA,Comunidad Valenciana
mychip,I Mitja Marató per Muntanya i Marxa Senderista L'Aventaor de Genovés,2014-02-02,Domingo,21.0,Otros,Absoluta/General,39,404,Liria,El Campo de Turia,Valencia,0,166,CARRERA,Comunidad Valenciana
mychip,I Mitja Marató per Muntanya i Marxa Senderista L'Aventaor de Genovés,2014-02-02,Domingo,15.0,Otros,Absoluta/General,155,163,Liria,El Campo de Turia,Valencia,0,166,MARXA,Comunidad Valenciana
mychip,"San Gabriel, I Liga Alicante Cross Series",2014-02-02,Domingo,7.7,Otros,Absoluta/General,99,0,Alicante,El Alacantí,Alicante,0,175,MUJERES,Comunidad Valenciana
mychip,"San Gabriel, I Liga Alicante Cross Series",2014-02-02,Domingo,7.7,Otros,Absoluta/General,0,328,Alicante,El Alacantí,Alicante,0,175,HOMBRES,Comunidad Valenciana
mychip,"El día del Senderista, Femecv 2014",2014-02-02,Domingo,12.5,Otros,Absoluta/General,158,221,Gata de Gorgos,La Marina Alta,Alicante,0,190,Modalidad 12500,Comunidad Valenciana
mychip,"IX Carrera por montaña Serra del Coto, Liga FEMECV 2014",2014-01-26,Domingo,0.0,Otros,Absoluta/General,0,0,Monóvar,El Vinalopó Medio,Alicante,0,167,Modalidad por defecto,Comunidad Valenciana
mychip,"IX Carrera por montaña Serra del Coto, Liga FEMECV 2014",2014-01-26,Domingo,9.9,Otros,Cadete/Juvenil,0,8,Monóvar,El Vinalopó Medio,Alicante,0,167,CADETE,Comunidad Valenciana
mychip,"IX Carrera por montaña Serra del Coto, Liga FEMECV 2014",2014-01-26,Domingo,9.9,Otros,Cadete/Juvenil,3,13,Monóvar,El Vinalopó Medio,Alicante,0,167,JUNIOR,Comunidad Valenciana
mychip,"IX Carrera por montaña Serra del Coto, Liga FEMECV 2014",2014-01-26,Domingo,22.0,Otros,Absoluta/General,44,411,Monóvar,El Vinalopó Medio,Alicante,0,167,ABSOLUTA,Comunidad Valenciana
mychip,XXII MOUNTAIN BIKE “BARRIO DE SAN ANTON”  JUMILLA,2014-01-26,Domingo,33.55,Otros,Absoluta/General,6,203,Jumilla,,Región de Murcia,0,202,Modalidad 33550,Región de Murcia
mychip,3er Trail i Marxa Senderista La Mallà-Serralades de Barxeta,2014-01-19,Domingo,18.5,Otros,Absoluta/General,203,285,Barcheta,La Costera,Valencia,0,159,SENDERISTA,Comunidad Valenciana
mychip,3er Trail i Marxa Senderista La Mallà-Serralades de Barxeta,2014-01-19,Domingo,21.3,Otros,Absoluta/General,103,843,Barcheta,La Costera,Valencia,0,159,CARRERA,Comunidad Valenciana
mychip,VII Cursa de Muntanya Tombatossals,2014-01-19,Domingo,21.0,Otros,Absoluta/General,75,574,Castellón de la Plana,Plana Alta,Castellón,0,171,Modalidad 21000,Comunidad Valenciana
mychip,III Carrera Cerro de la Mola,2014-01-12,Domingo,17.0,Otros,Absoluta/General,28,282,Novelda,El Vinalopó Medio,Alicante,0,156,CARRERA,Comunidad Valenciana
mychip,III Carrera Cerro de la Mola,2014-01-12,Domingo,17.0,Otros,Absoluta/General,51,84,Novelda,El Vinalopó Medio,Alicante,0,156,MARCHA,Comunidad Valenciana
mychip,"Gran Fons, XIV Volta a peu a Xeraco, 25 aniversari del Club",2014-01-06,Lunes,15.1,Otros,Absoluta/General,101,602,Jaraco,La Safor,Valencia,0,163,Modalidad 15100,Comunidad Valenciana
mychip,XXXII San Silvestre Toledana,2013-12-31,Martes,0.4,Otros,Absoluta/General,38,40,Toledo,,Toledo,0,160,CAT. 0-5,Castilla-La Mancha
mychip,XXXII San Silvestre Toledana,2013-12-31,Martes,1.6,Otros,Absoluta/General,7,6,Toledo,,Toledo,0,160,CAT. 14-15,Castilla-La Mancha
mychip,XXXII San Silvestre Toledana,2013-12-31,Martes,8.3,Otros,Absoluta/General,556,2986,Toledo,,Toledo,0,160,ABSOLUTA,Castilla-La Mancha
mychip,XXXII San Silvestre Toledana,2013-12-31,Martes,0.4,Otros,Absoluta/General,48,89,Toledo,,Toledo,0,160,CAT. 6-99,Castilla-La Mancha
mychip,XXXII San Silvestre Toledana,2013-12-31,Martes,0.8,Otros,Absoluta/General,24,37,Toledo,,Toledo,0,160,CAT. 10-11,Castilla-La Mancha
mychip,XXXII San Silvestre Toledana,2013-12-31,Martes,1.2,Otros,Absoluta/General,14,26,Toledo,,Toledo,0,160,CAT. 12-13,Castilla-La Mancha
mychip,XXIII San Silvestre de Castelló,2013-12-31,Martes,0.0,Otros,Absoluta/General,0,0,Castellón de la Plana,Plana Alta,Castellón,0,161,Modalidad por defecto,Comunidad Valenciana
mychip,XXIII San Silvestre de Castelló,2013-12-31,Martes,3.0,Otros,Absoluta/General,577,1142,Castellón de la Plana,Plana Alta,Castellón,0,161,Modalidad 3000,Comunidad Valenciana
mychip,XXIV San Silvestre Monovera,2013-12-29,Domingo,1.8,Otros,Infantil,11,22,Monóvar,El Vinalopó Medio,Alicante,0,173,ALEVIN,Comunidad Valenciana
mychip,XXIV San Silvestre Monovera,2013-12-29,Domingo,0.4,Otros,Absoluta/General,25,59,Monóvar,El Vinalopó Medio,Alicante,0,173,PEQUES,Comunidad Valenciana
mychip,XXIV San Silvestre Monovera,2013-12-29,Domingo,2.7,Otros,Infantil,9,16,Monóvar,El Vinalopó Medio,Alicante,0,173,INFANTIL,Comunidad Valenciana
mychip,XXIV San Silvestre Monovera,2013-12-29,Domingo,2.7,Otros,Cadete/Juvenil,7,12,Monóvar,El Vinalopó Medio,Alicante,0,173,CADETE,Comunidad Valenciana
mychip,XXIV San Silvestre Monovera,2013-12-29,Domingo,5.5,Otros,Absoluta/General,52,156,Monóvar,El Vinalopó Medio,Alicante,0,173,ABSOLUTA,Comunidad Valenciana
mychip,XXIV San Silvestre Monovera,2013-12-29,Domingo,1.3,Otros,Infantil,19,32,Monóvar,El Vinalopó Medio,Alicante,0,173,BENJAMIN,Comunidad Valenciana
mychip,VII Carrera Popular  Navideña Jumillana,2013-12-28,Sábado,1.16,Otros,Infantil,16,15,Jumilla,,Región de Murcia,0,188,CADETE/INFANTIL,Región de Murcia
mychip,VII Carrera Popular  Navideña Jumillana,2013-12-28,Sábado,5.8,Otros,Absoluta/General,28,136,Jumilla,,Región de Murcia,0,188,ABSOLUTA,Región de Murcia
mychip,VII Carrera Popular  Navideña Jumillana,2013-12-28,Sábado,0.58,Otros,Infantil,12,44,Jumilla,,Región de Murcia,0,188,ALEVIN/BENJAMIN,Región de Murcia
mychip,XXX Edición de la  Carrera Popular.  Villa de Aranjuez,2013-12-22,Domingo,10.0,Otros,Absoluta/General,868,3840,Aranjuez,,Comunidad de Madrid,0,157,10K,Comunidad de Madrid
mychip,XXX Edición de la  Carrera Popular.  Villa de Aranjuez,2013-12-22,Domingo,10.0,Otros,Otros,0,1,Aranjuez,,Comunidad de Madrid,0,157,DISCAPACITADO,Comunidad de Madrid
mychip,VII Marcha por montaña Villa de Azuebar,2013-12-15,Domingo,18.5,Otros,Absoluta/General,35,260,Azuébar,El Alto Palancia,Castellón,0,164,Modalidad 18500,Comunidad Valenciana
mychip,XIII Mitja Marató Samaruc,2013-12-01,Domingo,21.097,Otros,Absoluta/General,74,587,Algemesí,La Ribera Alta,Valencia,0,153,Modalidad 21097,Comunidad Valenciana
mychip,Oliva Trail 2013,2013-12-01,Domingo,17.0,Otros,Absoluta/General,42,54,Oliva,La Safor,Valencia,0,158,MARCHA,Comunidad Valenciana
mychip,Oliva Trail 2013,2013-12-01,Domingo,22.2,Otros,Absoluta/General,19,187,Oliva,La Safor,Valencia,0,158,CARRERA,Comunidad Valenciana
mychip,K25 Trail de la Calderona 2013,2013-11-24,Domingo,0.025,Otros,Absoluta/General,28,261,Serra,El Campo de Turia,Valencia,0,172,"ABSOLUTA, K25",Comunidad Valenciana
mychip,K25 Trail de la Calderona 2013,2013-11-24,Domingo,5.0,Otros,Absoluta/General,1,3,Serra,El Campo de Turia,Valencia,0,172,"K25, KIDS",Comunidad Valenciana
mychip,K25 Trail de la Calderona 2013,2013-11-24,Domingo,9.0,Otros,Absoluta/General,0,3,Serra,El Campo de Turia,Valencia,0,172,Mini k25,Comunidad Valenciana
mychip,III Crono-Escalada BTT Penya la Mina,2013-11-17,Domingo,8.22,Otros,Absoluta/General,5,85,la Romana,El Vinalopó Medio,Alicante,0,154,Modalidad 8220,Comunidad Valenciana
mychip,Campeonato de Regularidad de la Comunidad Valenciana,2013-11-17,Domingo,11.4,Otros,Absoluta/General,89,1,Petrer,El Vinalopó Medio,Alicante,0,162,FEMENINA,Comunidad Valenciana
mychip,Campeonato de Regularidad de la Comunidad Valenciana,2013-11-17,Domingo,11.4,Otros,Absoluta/General,0,181,Petrer,El Vinalopó Medio,Alicante,0,162,MASCULINA,Comunidad Valenciana
mychip,"I Carrera y Marcha por Montaña, La Cagá del Águila, Redovan",2013-11-10,Domingo,12.0,Otros,Absoluta/General,12,102,Redován,,Alicante,0,113,CARRERA,Comunidad Valenciana
mychip,"I Carrera y Marcha por Montaña, La Cagá del Águila, Redovan",2013-11-10,Domingo,12.0,Otros,Absoluta/General,3,8,Redován,,Alicante,0,113,MARCHA,Comunidad Valenciana
mychip,Campeonato de España de Kilómetro Vertical,2013-11-10,Domingo,3.65,Otros,Cadete/Juvenil,0,6,Finestrat,La Marina Baja,Alicante,0,119,JUNIOR-F,Comunidad Valenciana
mychip,Campeonato de España de Kilómetro Vertical,2013-11-10,Domingo,3.65,Otros,Cadete/Juvenil,0,15,Finestrat,La Marina Baja,Alicante,0,119,CADETE-M,Comunidad Valenciana
mychip,Campeonato de España de Kilómetro Vertical,2013-11-10,Domingo,3.65,Otros,Mayores/Veteranos,8,225,Finestrat,La Marina Baja,Alicante,0,119,SENIOR-M,Comunidad Valenciana
mychip,Campeonato de España de Kilómetro Vertical,2013-11-10,Domingo,3.65,Otros,Mayores/Veteranos,20,0,Finestrat,La Marina Baja,Alicante,0,119,SENIOR-F,Comunidad Valenciana
mychip,Campeonato de España de Kilómetro Vertical,2013-11-10,Domingo,3.65,Otros,Cadete/Juvenil,0,2,Finestrat,La Marina Baja,Alicante,0,119,CADETE-F,Comunidad Valenciana
mychip,Campeonato de España de Kilómetro Vertical,2013-11-10,Domingo,3.65,Otros,Cadete/Juvenil,0,19,Finestrat,La Marina Baja,Alicante,0,119,JUNIOR-M,Comunidad Valenciana
mychip,XVI Mitja Marató Ciutat d'Alzira 2013,2013-11-10,Domingo,21.097,Otros,Absoluta/General,70,563,Alcira,La Ribera Alta,Valencia,0,151,Modalidad 21097,Comunidad Valenciana
mychip,IV Carrera y marcha Vuelta a Camara,2013-10-27,Domingo,0.0,Otros,Absoluta/General,33,104,Elda,El Vinalopó Medio,Alicante,0,138,INICIACION,Comunidad Valenciana
mychip,IV Carrera y marcha Vuelta a Camara,2013-10-27,Domingo,0.0,Otros,Absoluta/General,105,119,Elda,El Vinalopó Medio,Alicante,0,138,MARCHA,Comunidad Valenciana
mychip,IV Carrera y marcha Vuelta a Camara,2013-10-27,Domingo,0.0,Otros,Absoluta/General,9,146,Elda,El Vinalopó Medio,Alicante,0,138,CARRERA,Comunidad Valenciana
mychip,XXX VUELTA A PIE A CULLERA,2013-10-27,Domingo,12.7,Otros,Absoluta/General,215,1240,Cullera,La Ribera Baja,Valencia,0,141,Modalidad 12700,Comunidad Valenciana
mychip,"Campionat Autonòmic 2013 de Carrera Vertical, FEMECV",2013-10-26,Sábado,0.0,Otros,Cadete/Juvenil,2,4,Serra,El Campo de Turia,Valencia,0,130,JUNIOR,Comunidad Valenciana
mychip,"Campionat Autonòmic 2013 de Carrera Vertical, FEMECV",2013-10-26,Sábado,0.0,Otros,Absoluta/General,12,61,Serra,El Campo de Turia,Valencia,0,130,ABSOLUTA,Comunidad Valenciana
mychip,"Campionat Autonòmic 2013 de Carrera Vertical, FEMECV",2013-10-26,Sábado,0.0,Otros,Cadete/Juvenil,0,6,Serra,El Campo de Turia,Valencia,0,130,CADETE,Comunidad Valenciana
mychip,"II Carrera y Marcha de Montaña, Trofeo Virgen del Remedio",2013-10-20,Domingo,0.0,Otros,Cadete/Juvenil,0,4,Petrer,El Vinalopó Medio,Alicante,0,150,CADETE,Comunidad Valenciana
mychip,"II Carrera y Marcha de Montaña, Trofeo Virgen del Remedio",2013-10-20,Domingo,0.0,Otros,Absoluta/General,78,114,Petrer,El Vinalopó Medio,Alicante,0,150,MARCHA,Comunidad Valenciana
mychip,"II Carrera y Marcha de Montaña, Trofeo Virgen del Remedio",2013-10-20,Domingo,0.0,Otros,Cadete/Juvenil,0,3,Petrer,El Vinalopó Medio,Alicante,0,150,JUVENIL,Comunidad Valenciana
mychip,"II Carrera y Marcha de Montaña, Trofeo Virgen del Remedio",2013-10-20,Domingo,0.0,Otros,Absoluta/General,35,253,Petrer,El Vinalopó Medio,Alicante,0,150,ABSOLUTA,Comunidad Valenciana
mychip,VI Carrera Nocturna de Toledo. 6Km de puro Toledo,2013-10-19,Sábado,0.0,road running,Absoluta/General,245,1151,Toledo,,Toledo,0,148,default,Castilla-La Mancha
mychip,III Sprint Vertical Massís del Toro,2013-10-13,Domingo,0.0,road running,Absoluta/General,21,90,Simat de Valldigna,La Safor,Valencia,0,127,default,Comunidad Valenciana
mychip,XV Carrera Popular Portillo de Toledo,2013-10-06,Domingo,0.0,Otros,Absoluta/General,111,0,Portillo de Toledo,,Toledo,0,149,MUJERES,Castilla-La Mancha
mychip,XV Carrera Popular Portillo de Toledo,2013-10-06,Domingo,0.0,Otros,Absoluta/General,1,557,Portillo de Toledo,,Toledo,0,149,HOMBRES,Castilla-La Mancha
mychip,"Selènika, Marxa de Resistència en BTT",2013-09-29,Domingo,0.0,road running,Absoluta/General,41,1233,Navarcles,,Barcelona,0,125,default,Cataluña
mychip,II TRAIL&CLIMB FIRA DE TOTS SANTS,2013-09-29,Domingo,0.0,road running,Absoluta/General,20,194,Cocentaina,El Condado de Cocentaina,Alicante,0,142,default,Comunidad Valenciana
mychip,CARRERA POPULAR ASOCIACIÓN VÍCTIMAS DEL TERRORISMO 2013,2013-09-29,Domingo,0.0,road running,Absoluta/General,45,268,Madrid,,Comunidad de Madrid,0,143,default,Comunidad de Madrid
mychip,VI Carrera Popular Villa de Torrijos,2013-09-22,Domingo,0.0,Otros,Absoluta/General,28,322,Torrijos,,Toledo,0,122,10K,Castilla-La Mancha
mychip,VI Carrera Popular Villa de Torrijos,2013-09-22,Domingo,0.0,Otros,Absoluta/General,29,55,Torrijos,,Toledo,0,122,5K,Castilla-La Mancha
mychip,III Marcha Cicloturista Ciutat de Xàtiva,2013-09-22,Domingo,0.0,road running,Absoluta/General,3,121,Játiva,La Costera,Valencia,0,134,default,Comunidad Valenciana
mychip,IV EDICION DE LA MADRID SEGOVIA,2013-09-21,Sábado,0.0,Otros,Absoluta/General,44,552,Guadarrama,,Comunidad de Madrid,0,117,CARRERA,Comunidad de Madrid
mychip,IV EDICION DE LA MADRID SEGOVIA,2013-09-21,Sábado,0.0,Otros,Absoluta/General,18,70,Guadarrama,,Comunidad de Madrid,0,117,MARCHA,Comunidad de Madrid
mychip,XV Cross y Marcha Xirivell 2013,2013-09-21,Sábado,0.0,Otros,Absoluta/General,60,35,Monóvar,El Vinalopó Medio,Alicante,0,144,MARCHA,Comunidad Valenciana
mychip,XV Cross y Marcha Xirivell 2013,2013-09-21,Sábado,0.0,Otros,Infantil,2,3,Monóvar,El Vinalopó Medio,Alicante,0,144,INFANTIL Y CADETE,Comunidad Valenciana
mychip,XV Cross y Marcha Xirivell 2013,2013-09-21,Sábado,0.0,Otros,Absoluta/General,44,152,Monóvar,El Vinalopó Medio,Alicante,0,144,ABSOLUTA,Comunidad Valenciana
mychip,XV Cross y Marcha Xirivell 2013,2013-09-21,Sábado,0.0,Otros,Absoluta/General,9,23,Monóvar,El Vinalopó Medio,Alicante,0,144,PEQUES,Comunidad Valenciana
mychip,XV Cross y Marcha Xirivell 2013,2013-09-21,Sábado,0.0,Otros,Infantil,3,13,Monóvar,El Vinalopó Medio,Alicante,0,144,BENJAMIN Y ALEVIN,Comunidad Valenciana
mychip,"La Sagra SkyRace by Lurbel, Copa de España de carrera por montaña Fedme 2013, Gran premio Buff Salomon",2013-09-15,Domingo,0.0,Otros,Cadete/Juvenil,0,2,Puebla de Don Fadrique,,Andalucía,0,112,CADETE,Andalucía
mychip,"La Sagra SkyRace by Lurbel, Copa de España de carrera por montaña Fedme 2013, Gran premio Buff Salomon",2013-09-15,Domingo,0.0,Otros,Absoluta/General,0,167,Puebla de Don Fadrique,,Andalucía,0,112,OPEN,Andalucía
mychip,"La Sagra SkyRace by Lurbel, Copa de España de carrera por montaña Fedme 2013, Gran premio Buff Salomon",2013-09-15,Domingo,0.0,Otros,Absoluta/General,0,257,Puebla de Don Fadrique,,Andalucía,0,112,COPA ESPANA,Andalucía
mychip,"La Sagra SkyRace by Lurbel, Copa de España de carrera por montaña Fedme 2013, Gran premio Buff Salomon",2013-09-15,Domingo,0.0,Otros,Cadete/Juvenil,0,0,Puebla de Don Fadrique,,Andalucía,0,112,JUNIOR,Andalucía
mychip,"La Sagra SkyRace by Lurbel, Copa de España de carrera por montaña Fedme 2013, Gran premio Buff Salomon",2013-09-15,Domingo,0.0,Otros,Absoluta/General,0,22,Puebla de Don Fadrique,,Andalucía,0,112,MINI-TRAIL,Andalucía
mychip,"17ª Volta a peu a Alginet, 9ª  Prova Circuit Ribera de Xúquer",2013-09-14,Sábado,0.0,Otros,Absoluta/General,91,529,Alginet,La Ribera Alta,Valencia,0,87,CIRCUITO,Comunidad Valenciana
mychip,"XXVII Volta a peu 2013, Quart de Poblet",2013-09-14,Sábado,0.0,road running,Absoluta/General,147,630,Quart de Poblet,Huerta Sur,Valencia,0,146,default,Comunidad Valenciana
mychip,IX Cursa Iberica,2013-09-08,Domingo,0.0,road running,Absoluta/General,120,534,Figueroles,l'Alcalatén,Castellón,0,135,default,Comunidad Valenciana
mychip,"Carrera i Marxa de la Dona, en Lluita contra el Càncer",2013-09-06,Viernes,0.0,road running,Absoluta/General,0,0,La Alcudia,La Ribera Alta,Valencia,0,145,default,Comunidad Valenciana
mychip,XVI Volta  a peu a Corbera,2013-08-31,Sábado,0.0,road running,Absoluta/General,53,405,Corbera,La Ribera Baja,Valencia,0,136,default,Comunidad Valenciana
mychip,"23na Volta a peu Nocturna a Manuel, 8ª Prova Circuit Ribera de Xúquer",2013-08-23,Viernes,0.0,Otros,Absoluta/General,102,526,Manuel,La Ribera Alta,Valencia,0,93,CIRCUITO,Comunidad Valenciana
mychip,"XI Volta a peu a Benimodo, 7ª Prova Circuit Ribera de Xúquer",2013-08-17,Sábado,0.0,Otros,Absoluta/General,57,338,Benimodo,La Ribera Alta,Valencia,0,97,CIRCUITO,Comunidad Valenciana
mychip,XVIII CARRERA MATUTINA PLAYA DE CULLERA,2013-08-10,Sábado,0.0,road running,Absoluta/General,90,567,Cullera,La Ribera Baja,Valencia,0,140,default,Comunidad Valenciana
mychip,XVIII TRAVESÍA A LA PLAYA DE CULLERA,2013-08-04,Domingo,0.0,Otros,Absoluta/General,6,28,Cullera,La Ribera Baja,Valencia,0,139,2500 metros,Comunidad Valenciana
mychip,XVIII TRAVESÍA A LA PLAYA DE CULLERA,2013-08-04,Domingo,0.0,Otros,Absoluta/General,6,33,Cullera,La Ribera Baja,Valencia,0,139,1300 metros,Comunidad Valenciana
mychip,XI Travesia Nadant Bandera Blava Platges de Moncofa,2013-08-03,Sábado,0.0,road running,Absoluta/General,26,126,Moncófar,Plana Baja,Castellón,0,124,default,Comunidad Valenciana
mychip,25 Volta a peu a la Platja de Tavernes de la Valldigna,2013-08-02,Viernes,0.0,road running,Absoluta/General,191,999,Tabernes de Valldigna,La Safor,Valencia,0,131,default,Comunidad Valenciana
mychip,Volta a peu a Benifairo de la Valldignaa,2013-07-28,Domingo,0.0,road running,Absoluta/General,37,147,Benifairó de la Valldigna,La Safor,Valencia,0,133,default,Comunidad Valenciana
mychip,Carrera y Marcha Nocturna de Montaña de la Vall D'Uixó,2013-07-26,Viernes,0.0,Otros,Absoluta/General,60,52,Vall de Uxó,Plana Baja,Castellón,0,132,MARXA,Comunidad Valenciana
mychip,Carrera y Marcha Nocturna de Montaña de la Vall D'Uixó,2013-07-26,Viernes,0.0,Otros,Absoluta/General,0,156,Vall de Uxó,Plana Baja,Castellón,0,132,CARRERA,Comunidad Valenciana
mychip,XXIV Cursa Popular a Simat de la Valldigna,2013-07-25,Jueves,0.0,road running,Absoluta/General,150,661,Simat de Valldigna,La Safor,Valencia,0,126,default,Comunidad Valenciana
mychip,13ª Volta a peu a Moncofa,2013-07-13,Sábado,0.0,Otros,Absoluta/General,64,462,Moncófar,Plana Baja,Castellón,0,123,ABSOLUTA,Comunidad Valenciana
mychip,13ª Volta a peu a Moncofa,2013-07-13,Sábado,0.0,Otros,Absoluta/General,0,1,Moncófar,Plana Baja,Castellón,0,123,MINUSVALIDO,Comunidad Valenciana
mychip,XV Marcha al Bartolo y II Marcha al Bartolo no competitiva,2013-07-07,Domingo,0.0,Otros,Absoluta/General,41,47,Benicasim,Plana Alta,Castellón,0,129,MARXA NO COMPETITIVA,Comunidad Valenciana
mychip,XV Marcha al Bartolo y II Marcha al Bartolo no competitiva,2013-07-07,Domingo,0.0,Otros,Absoluta/General,63,479,Benicasim,Plana Alta,Castellón,0,129,MARXA,Comunidad Valenciana
mychip,"6ª Volta a peu benèfica Mareny de Barraquetes, 6ª Prova Circuit Ribera de Xúquer",2013-07-06,Sábado,0.0,Otros,Absoluta/General,180,601,Sueca,La Ribera Baja,Valencia,0,92,CIRCUITO,Comunidad Valenciana
mychip,"II Cursa i Marxa Senderista Nocturna, Benissoda",2013-07-06,Sábado,0.0,Otros,Absoluta/General,39,106,Benisoda,La Vall d'Albaida,Valencia,0,120,CARRERA,Comunidad Valenciana
mychip,"II Cursa i Marxa Senderista Nocturna, Benissoda",2013-07-06,Sábado,0.0,Otros,Absoluta/General,40,16,Benisoda,La Vall d'Albaida,Valencia,0,120,MARXA,Comunidad Valenciana
mychip,"24ª Volta a peu a Sumacarcer, 5ª. Prova Circuit Ribera de Xúquer",2013-06-22,Sábado,0.0,road running,Absoluta/General,88,429,Sumacárcel,La Ribera Alta,Valencia,0,94,default,Comunidad Valenciana
mychip,XIX Volta a peu a Alberic,2013-06-21,Viernes,0.0,road running,Absoluta/General,69,415,Alberique,La Ribera Alta,Valencia,0,121,default,Comunidad Valenciana
mychip,"MARACLOT, I Marató per Relleus, Burriana",2013-06-09,Domingo,0.0,road running,Absoluta/General,12,95,Burriana,Plana Baja,Castellón,0,106,default,Comunidad Valenciana
mychip,OBJECTIU 10K I 5K ALCOI,2013-06-09,Domingo,21.097,Otros,Absoluta/General,2,27,Alcoy,La Hoya de Alcoy,Alicante,0,116,003_RELEVOS,Comunidad Valenciana
mychip,OBJECTIU 10K I 5K ALCOI,2013-06-09,Domingo,21.097,Otros,Absoluta/General,42,343,Alcoy,La Hoya de Alcoy,Alicante,0,116,001_MITJA MARATO,Comunidad Valenciana
mychip,OBJECTIU 10K I 5K ALCOI,2013-06-09,Domingo,10.548,Otros,Absoluta/General,211,409,Alcoy,La Hoya de Alcoy,Alicante,0,116,002_QUARTA,Comunidad Valenciana
mychip,"XI Carrera Popular Memorial Pepe Alonso, Godella-Rocafort",2013-06-08,Sábado,0.0,road running,Absoluta/General,64,411,Rocafort,Huerta Norte,Valencia,0,110,default,Comunidad Valenciana
mychip,Cementos Lafarge,2013-06-07,Viernes,0.0,road running,Absoluta/General,1,71,Sagunto,Campo de Murviedro,Valencia,0,128,default,Comunidad Valenciana
mychip,"29ª Volta a peu a Algemesí, trofeu Sant Onofre. 4ª.  Prova Circuit Ribera de Xúquer",2013-06-01,Sábado,0.0,Otros,Absoluta/General,163,814,Algemesí,La Ribera Alta,Valencia,0,90,CIRCUITO,Comunidad Valenciana
mychip,II Cursa i Marxa de muntanya Les Xosses de Crevillent.,2013-06-01,Sábado,0.0,Otros,Absoluta/General,21,237,Crevillente,El Bajo Vinalopó,Alicante,0,98,CARRERA,Comunidad Valenciana
mychip,II Cursa i Marxa de muntanya Les Xosses de Crevillent.,2013-06-01,Sábado,0.0,Otros,Absoluta/General,93,103,Crevillente,El Bajo Vinalopó,Alicante,0,98,MARCHA,Comunidad Valenciana
mychip,VII Carrera Mujeres en Acción contra la Violencia de Género,2013-06-01,Sábado,0.0,Otros,Absoluta/General,0,59,El Boalo,,Comunidad de Madrid,0,107,MASCULINA,Comunidad de Madrid
mychip,VII Carrera Mujeres en Acción contra la Violencia de Género,2013-06-01,Sábado,0.0,Otros,Absoluta/General,397,4,El Boalo,,Comunidad de Madrid,0,107,FEMENINA,Comunidad de Madrid
mychip,"XIV  Carrera Popular Corpus Christi de Toledo,",2013-05-26,Domingo,0.0,road running,Absoluta/General,47,398,Toledo,,Toledo,0,100,default,Castilla-La Mancha
mychip,XIV Pujada al Montcabrer,2013-05-26,Domingo,0.0,Otros,Cadete/Juvenil,0,6,Alcoy,La Hoya de Alcoy,Alicante,0,108,JUVENILES,Comunidad Valenciana
mychip,XIV Pujada al Montcabrer,2013-05-26,Domingo,0.0,Otros,Absoluta/General,25,330,Alcoy,La Hoya de Alcoy,Alicante,0,108,ABSOLUTA,Comunidad Valenciana
mychip,"10k Alzira, 3ª.  Prova Circuit Ribera de Xúquer",2013-05-25,Sábado,0.0,Otros,Absoluta/General,205,945,Alcira,La Ribera Alta,Valencia,0,89,CIRCUITO,Comunidad Valenciana
mychip,"Encuentro de amigos y Peñas BTT,  Vilamarxant 2013",2013-05-19,Domingo,8.22,Otros,Absoluta/General,5,85,Villamarchante,El Campo de Turia,Valencia,0,115,Modalidad 8220,Comunidad Valenciana
mychip,Campament Territorial d’Alacant 2013,2013-05-12,Domingo,0.0,road running,Absoluta/General,0,0,Villajoyosa,La Marina Baja,Alicante,0,109,default,Comunidad Valenciana
mychip,II Carrera por montaña Sierra de Callosa EXTREME,2013-05-05,Domingo,0.0,road running,Absoluta/General,3,99,Callosa de Segura,,Alicante,0,86,default,Comunidad Valenciana
mychip,Iª Carrera de la Dona 2013 Sueca,2013-05-05,Domingo,0.0,Otros,Absoluta/General,199,13,Sueca,La Ribera Baja,Valencia,0,105,1 INDIVIDUAL,Comunidad Valenciana
mychip,Iª Carrera de la Dona 2013 Sueca,2013-05-05,Domingo,0.0,Otros,Absoluta/General,3,0,Sueca,La Ribera Baja,Valencia,0,105,EMPRESES I ENTITATS,Comunidad Valenciana
mychip,Iª Carrera de la Dona 2013 Sueca,2013-05-05,Domingo,0.0,Otros,Absoluta/General,27,0,Sueca,La Ribera Baja,Valencia,0,105,GERMANES,Comunidad Valenciana
mychip,Iª Carrera de la Dona 2013 Sueca,2013-05-05,Domingo,0.0,Otros,Absoluta/General,9,0,Sueca,La Ribera Baja,Valencia,0,105,COSINES,Comunidad Valenciana
mychip,Iª Carrera de la Dona 2013 Sueca,2013-05-05,Domingo,0.0,Otros,Absoluta/General,16,0,Sueca,La Ribera Baja,Valencia,0,105,MARE I FILLA,Comunidad Valenciana
mychip,Iª Carrera de la Dona 2013 Sueca,2013-05-05,Domingo,0.0,Otros,Absoluta/General,15,0,Sueca,La Ribera Baja,Valencia,0,105,CUNYADES,Comunidad Valenciana
mychip,10 km San Vicent del Raspeig del Raspeig,2013-05-05,Domingo,0.0,road running,Absoluta/General,86,438,San Vicente del Raspeig,El Alacantí,Alicante,0,114,default,Comunidad Valenciana
mychip,"26ª Volta a peu a L'Alcúdia, 2ª Prova Circuit Ribera de Xúquer",2013-05-04,Sábado,0.0,Otros,Absoluta/General,142,819,La Alcudia,La Ribera Alta,Valencia,0,91,CIRCUITO,Comunidad Valenciana
mychip,"Campament Territorial de Castelló, Fondeguilla",2013-04-27,Sábado,0.0,road running,Absoluta/General,0,0,Alfondeguilla,Plana Baja,Castellón,0,103,default,Comunidad Valenciana
mychip,XII Media Marathón y II 10Km de Elda. Ciudad Internacional del Zapato,2013-04-20,Sábado,0.0,Otros,Absoluta/General,49,160,Elda,El Vinalopó Medio,Alicante,0,95,QUARTA,Comunidad Valenciana
mychip,XII Media Marathón y II 10Km de Elda. Ciudad Internacional del Zapato,2013-04-20,Sábado,0.0,Otros,Absoluta/General,33,221,Elda,El Vinalopó Medio,Alicante,0,95,MEDIA,Comunidad Valenciana
mychip,III MITJA MARATÓ DE MUNTANYA CARRÍCOLA,2013-04-14,Domingo,0.0,road running,Absoluta/General,49,396,Carrícola,La Vall d'Albaida,Valencia,0,84,default,Comunidad Valenciana
mychip,"Campeonato Absoluto y por Clubes de carreras por Montaña, FEMECV2013",2013-04-14,Domingo,0.0,Otros,Cadete/Juvenil,1,7,Aigües,El Alacantí,Alicante,0,102,JUNIOR,Comunidad Valenciana
mychip,"Campeonato Absoluto y por Clubes de carreras por Montaña, FEMECV2013",2013-04-14,Domingo,0.0,Otros,Absoluta/General,33,204,Aigües,El Alacantí,Alicante,0,102,ABSOLUTA,Comunidad Valenciana
mychip,"Campeonato Absoluto y por Clubes de carreras por Montaña, FEMECV2013",2013-04-14,Domingo,0.0,Otros,Cadete/Juvenil,0,8,Aigües,El Alacantí,Alicante,0,102,CADETE,Comunidad Valenciana
mychip,I Carrera Solidaria Popular de Cruz Roja en Valencia,2013-04-14,Domingo,0.0,road running,Absoluta/General,634,812,Valencia,,Valencia,0,104,default,Comunidad Valenciana
mychip,Alcudia de Veo-tottrail,2013-04-13,Sábado,0.0,road running,Absoluta/General,13,169,Alcudia de Veo,Plana Baja,Castellón,0,77,default,Comunidad Valenciana
mychip,"Desafio Lurbel, El Calar del Rio Mundo.",2013-04-07,Domingo,0.0,Otros,Absoluta/General,16,269,Riópar,,Castilla-La Mancha,0,75,MARATON,Castilla-La Mancha
mychip,"Desafio Lurbel, El Calar del Rio Mundo.",2013-04-07,Domingo,0.0,Otros,Absoluta/General,39,42,Riópar,,Castilla-La Mancha,0,75,SENDERISTAS,Castilla-La Mancha
mychip,"Desafio Lurbel, El Calar del Rio Mundo.",2013-04-07,Domingo,0.0,Otros,Absoluta/General,42,262,Riópar,,Castilla-La Mancha,0,75,MEDIA,Castilla-La Mancha
mychip,XI Carrera Pedestre San Vicent. La Nucia,2013-04-07,Domingo,0.0,road running,Absoluta/General,36,146,La Nucía,La Marina Baja,Alicante,0,96,default,Comunidad Valenciana
mychip,"K42 Mamufi, Marató de Muntanya i Marxa a peu",2013-04-06,Sábado,0.0,Otros,Absoluta/General,13,151,Finestrat,La Marina Baja,Alicante,0,83,MARATON,Comunidad Valenciana
mychip,"K42 Mamufi, Marató de Muntanya i Marxa a peu",2013-04-06,Sábado,0.0,Otros,Absoluta/General,14,42,Finestrat,La Marina Baja,Alicante,0,83,MARCHA,Comunidad Valenciana
mychip,"Campament Territorial de València,  Benifairó de la Valldigna",2013-03-16,Sábado,0.0,road running,Absoluta/General,0,0,Benifairó de la Valldigna,La Safor,Valencia,0,99,default,Comunidad Valenciana
mychip,"II Mitja Marató D'Alcàntera de Xúquer, 1ª. Prova Circuit Ribera de Xúquer",2013-03-10,Domingo,0.0,Otros,Absoluta/General,28,283,Alcántara de Júcar,La Ribera Alta,Valencia,0,82,CIRCUITO,Comunidad Valenciana
mychip,Quart de Marató D'Alcàntera de Xúquer.,2013-03-10,Domingo,0.0,road running,Absoluta/General,32,84,Alcántara de Júcar,La Ribera Alta,Valencia,0,101,default,Comunidad Valenciana
mychip,"XI Cuarta y Media Maratón Ciudad de Oliva, memorial TEODORO BARBER SERRA.",2013-03-03,Domingo,0.0,Otros,Absoluta/General,62,447,Oliva,La Safor,Valencia,0,70,MEDIA,Comunidad Valenciana
mychip,"XI Cuarta y Media Maratón Ciudad de Oliva, memorial TEODORO BARBER SERRA.",2013-03-03,Domingo,0.0,Otros,Absoluta/General,159,489,Oliva,La Safor,Valencia,0,70,QUARTA,Comunidad Valenciana
mychip,"I Apiarium Trail Biar, III Prova de Campionat de Liga FEMECV 2013",2013-03-03,Domingo,0.0,Otros,Cadete/Juvenil,3,6,Biar,El Alto Vinalopó,Alicante,0,88,JUNIOR,Comunidad Valenciana
mychip,"I Apiarium Trail Biar, III Prova de Campionat de Liga FEMECV 2013",2013-03-03,Domingo,0.0,Otros,Absoluta/General,45,340,Biar,El Alto Vinalopó,Alicante,0,88,ABSOLUTA,Comunidad Valenciana
mychip,"I Apiarium Trail Biar, III Prova de Campionat de Liga FEMECV 2013",2013-03-03,Domingo,0.0,Otros,Cadete/Juvenil,0,8,Biar,El Alto Vinalopó,Alicante,0,88,CADETE,Comunidad Valenciana
mychip,XLIX Marxa de Veterans de la Comunitat Valenciana,2013-02-17,Domingo,0.0,road running,Absoluta/General,190,375,Bocairente,La Vall d'Albaida,Valencia,0,78,default,Comunidad Valenciana
mychip,"Cursa per muntanya Ciutat de la Vall d'Uixó, II prueba Liga FEMECV 2013",2013-02-10,Domingo,0.0,Otros,Cadete/Juvenil,3,7,Vall de Uxó,Plana Baja,Castellón,0,76,JUNIOR,Comunidad Valenciana
mychip,"Cursa per muntanya Ciutat de la Vall d'Uixó, II prueba Liga FEMECV 2013",2013-02-10,Domingo,0.0,Otros,Cadete/Juvenil,0,8,Vall de Uxó,Plana Baja,Castellón,0,76,CADETE,Comunidad Valenciana
mychip,"Cursa per muntanya Ciutat de la Vall d'Uixó, II prueba Liga FEMECV 2013",2013-02-10,Domingo,0.0,Otros,Absoluta/General,47,279,Vall de Uxó,Plana Baja,Castellón,0,76,ABSOLUTA,Comunidad Valenciana
mychip,VIII Duatló Cross Popular de Vila-Seca,2013-02-10,Domingo,0.0,road running,Absoluta/General,10,156,Vila-seca,,Cataluña,0,80,default,Cataluña
mychip,VIII CARRERA POR MONTAÑA Y MARCHA A PIE SERRA DEL COTO,2013-02-03,Domingo,0.0,Otros,Absoluta/General,56,161,Monóvar,El Vinalopó Medio,Alicante,0,72,MARCHA,Comunidad Valenciana
mychip,VIII CARRERA POR MONTAÑA Y MARCHA A PIE SERRA DEL COTO,2013-02-03,Domingo,0.0,Otros,Absoluta/General,32,404,Monóvar,El Vinalopó Medio,Alicante,0,72,CARRERA,Comunidad Valenciana
mychip,"Trail Muntanyes de Simat, I prueba  Liga FEMECV 2013",2013-01-27,Domingo,0.0,Otros,Absoluta/General,50,337,Simat de Valldigna,La Safor,Valencia,0,74,ABSOLUTA,Comunidad Valenciana
mychip,"Trail Muntanyes de Simat, I prueba  Liga FEMECV 2013",2013-01-27,Domingo,0.0,Otros,Cadete/Juvenil,0,9,Simat de Valldigna,La Safor,Valencia,0,74,CADETE,Comunidad Valenciana
mychip,"Trail Muntanyes de Simat, I prueba  Liga FEMECV 2013",2013-01-27,Domingo,0.0,Otros,Cadete/Juvenil,3,7,Simat de Valldigna,La Safor,Valencia,0,74,JUNIOR,Comunidad Valenciana
mychip,II Trail i Marxa Senderista. La Malla Serralades de Barxeta.,2013-01-20,Domingo,0.0,Otros,Absoluta/General,165,212,Barcheta,La Costera,Valencia,0,61,MARCHA,Comunidad Valenciana
mychip,II Trail i Marxa Senderista. La Malla Serralades de Barxeta.,2013-01-20,Domingo,0.0,Otros,Absoluta/General,74,752,Barcheta,La Costera,Valencia,0,61,CARRERA,Comunidad Valenciana
mychip,"El día del Senderista, Callosa d'En Sarria",2013-01-20,Domingo,0.0,road running,Absoluta/General,170,267,Callosa de Ensarriá,La Marina Baja,Alicante,0,73,default,Comunidad Valenciana
mychip,"Gran Fons, XIII Volta a peu a Xeraco",2013-01-06,Domingo,0.0,road running,Absoluta/General,84,595,Jaraco,La Safor,Valencia,0,64,default,Comunidad Valenciana
mychip,XXXI San Silvestre Toledana,2012-12-31,Lunes,0.0,Otros,Absoluta/General,10,24,Toledo,,Toledo,0,65,CAT. 12 A 13,Castilla-La Mancha
mychip,XXXI San Silvestre Toledana,2012-12-31,Lunes,0.0,Otros,Absoluta/General,484,2927,Toledo,,Toledo,0,65,ABSOLUTA,Castilla-La Mancha
mychip,XXXI San Silvestre Toledana,2012-12-31,Lunes,0.0,Otros,Absoluta/General,48,68,Toledo,,Toledo,0,65,CAT. 6 A 99,Castilla-La Mancha
mychip,XXXI San Silvestre Toledana,2012-12-31,Lunes,0.0,Otros,Absoluta/General,27,38,Toledo,,Toledo,0,65,CAT. 0 A 5,Castilla-La Mancha
mychip,XXXI San Silvestre Toledana,2012-12-31,Lunes,0.0,Otros,Absoluta/General,6,9,Toledo,,Toledo,0,65,CAT. 14 A 15,Castilla-La Mancha
mychip,XXXI San Silvestre Toledana,2012-12-31,Lunes,0.0,Otros,Absoluta/General,25,37,Toledo,,Toledo,0,65,CAT. 10 A 11,Castilla-La Mancha
mychip,XXIII San Silvestre Monovera,2012-12-30,Domingo,0.0,Otros,Cadete/Juvenil,11,16,Monóvar,El Vinalopó Medio,Alicante,0,71,CADETE,Comunidad Valenciana
mychip,XXIII San Silvestre Monovera,2012-12-30,Domingo,0.0,Otros,Absoluta/General,45,159,Monóvar,El Vinalopó Medio,Alicante,0,71,ABSOLUTA,Comunidad Valenciana
mychip,XXIII San Silvestre Monovera,2012-12-30,Domingo,0.0,Otros,Infantil,8,19,Monóvar,El Vinalopó Medio,Alicante,0,71,INFANTIL,Comunidad Valenciana
mychip,XXIII San Silvestre Monovera,2012-12-30,Domingo,0.0,Otros,Absoluta/General,23,48,Monóvar,El Vinalopó Medio,Alicante,0,71,PEQUES,Comunidad Valenciana
mychip,XXIII San Silvestre Monovera,2012-12-30,Domingo,0.0,Otros,Infantil,13,33,Monóvar,El Vinalopó Medio,Alicante,0,71,BENJAMIN,Comunidad Valenciana
mychip,XXIII San Silvestre Monovera,2012-12-30,Domingo,0.0,Otros,Infantil,14,25,Monóvar,El Vinalopó Medio,Alicante,0,71,ALEVIN,Comunidad Valenciana
mychip,VI SAN SILVESTRE LA NUCIA,2012-12-28,Viernes,0.0,road running,Absoluta/General,75,171,La Nucía,La Marina Baja,Alicante,0,69,default,Comunidad Valenciana
mychip,V SAN SILVESTRE VILLA DE ALTEA,2012-12-26,Miércoles,0.0,road running,Absoluta/General,65,165,Altea,La Marina Baja,Alicante,0,68,default,Comunidad Valenciana
mychip,20ª Quarta I Mitja Marató Picanya - Paiporta,2012-12-23,Domingo,0.0,Otros,Absoluta/General,124,1445,Picaña,Huerta Sur,Valencia,0,67,MEDIA,Comunidad Valenciana
mychip,20ª Quarta I Mitja Marató Picanya - Paiporta,2012-12-23,Domingo,0.0,Otros,Absoluta/General,172,534,Picaña,Huerta Sur,Valencia,0,67,QUARTA,Comunidad Valenciana
mychip,VI Marcha de Azuébar,2012-12-16,Domingo,0.0,road running,Absoluta/General,71,313,Azuébar,El Alto Palancia,Castellón,0,62,default,Comunidad Valenciana
mychip,II Sprint Vertical “Massís del Toro”,2012-12-02,Domingo,0.0,road running,Absoluta/General,16,97,Simat de Valldigna,La Safor,Valencia,0,48,default,Comunidad Valenciana
mychip,II Carrera de Montaña Cerro de la Mola,2012-12-02,Domingo,0.0,Otros,Absoluta/General,39,71,Novelda,El Vinalopó Medio,Alicante,0,56,MARCHA,Comunidad Valenciana
mychip,II Carrera de Montaña Cerro de la Mola,2012-12-02,Domingo,0.0,Otros,Absoluta/General,28,289,Novelda,El Vinalopó Medio,Alicante,0,56,CARRERA,Comunidad Valenciana
mychip,XII Mitja Marató Samaruc,2012-12-02,Domingo,0.0,road running,Absoluta/General,40,586,Algemesí,La Ribera Alta,Valencia,0,63,default,Comunidad Valenciana
mychip,IV Trail Sot de Chera,2012-12-02,Domingo,0.0,Otros,Absoluta/General,0,272,Sot de Chera,,Valencia,0,66,REINA,Comunidad Valenciana
mychip,IV Trail Sot de Chera,2012-12-02,Domingo,0.0,Otros,Absoluta/General,0,105,Sot de Chera,,Valencia,0,66,INICIACION,Comunidad Valenciana
mychip,K25 Trail de la Calderona,2012-11-25,Domingo,0.0,Otros,Absoluta/General,39,325,Serra,El Campo de Turia,Valencia,0,49,K25,Comunidad Valenciana
mychip,K25 Trail de la Calderona,2012-11-25,Domingo,0.0,Otros,Absoluta/General,3,10,Serra,El Campo de Turia,Valencia,0,49,MINI K25,Comunidad Valenciana
mychip,"I Carrera y Marcha de Montaña Virgen del Remedio, Petrer",2012-11-25,Domingo,0.0,Otros,Absoluta/General,27,218,Petrer,El Vinalopó Medio,Alicante,0,58,CARRERA,Comunidad Valenciana
mychip,"I Carrera y Marcha de Montaña Virgen del Remedio, Petrer",2012-11-25,Domingo,0.0,Otros,Absoluta/General,51,76,Petrer,El Vinalopó Medio,Alicante,0,58,MARCHA,Comunidad Valenciana
mychip,"II Crono Escalada BTT, Penya la Mina",2012-11-18,Domingo,0.0,road running,Absoluta/General,0,56,la Romana,El Vinalopó Medio,Alicante,0,55,default,Comunidad Valenciana
mychip,Campeonato de Regularidad por montaña de la Comunidad Valenciana,2012-11-18,Domingo,0.0,Otros,Absoluta/General,1,130,Villena,El Alto Vinalopó,Alicante,0,59,MASCULINA,Comunidad Valenciana
mychip,Campeonato de Regularidad por montaña de la Comunidad Valenciana,2012-11-18,Domingo,0.0,Otros,Absoluta/General,57,1,Villena,El Alto Vinalopó,Alicante,0,59,FEMEMNINA,Comunidad Valenciana
mychip,"V Kilómetro Vertical Puig Campana, “2012 Skyrunner World Series”.",2012-11-11,Domingo,0.0,Otros,Absoluta/General,6,12,Finestrat,La Marina Baja,Alicante,0,50,SENDERISTAS,Comunidad Valenciana
mychip,"V Kilómetro Vertical Puig Campana, “2012 Skyrunner World Series”.",2012-11-11,Domingo,0.0,Otros,Absoluta/General,20,195,Finestrat,La Marina Baja,Alicante,0,50,KV VERTICAL,Comunidad Valenciana
mychip,Cross Comarcal Escolar y Carrera de Asfalto + Obstáculos Xabia 2012,2012-11-11,Domingo,0.0,Otros,Infantil,15,19,Jávea,La Marina Alta,Alicante,0,60,ALEVI,Comunidad Valenciana
mychip,Cross Comarcal Escolar y Carrera de Asfalto + Obstáculos Xabia 2012,2012-11-11,Domingo,0.0,Otros,Infantil,15,11,Jávea,La Marina Alta,Alicante,0,60,INFANTIL,Comunidad Valenciana
mychip,Cross Comarcal Escolar y Carrera de Asfalto + Obstáculos Xabia 2012,2012-11-11,Domingo,0.0,Otros,Infantil,23,24,Jávea,La Marina Alta,Alicante,0,60,PREBENJAMI,Comunidad Valenciana
mychip,Cross Comarcal Escolar y Carrera de Asfalto + Obstáculos Xabia 2012,2012-11-11,Domingo,0.0,Otros,Absoluta/General,13,14,Jávea,La Marina Alta,Alicante,0,60,CADET,Comunidad Valenciana
mychip,Cross Comarcal Escolar y Carrera de Asfalto + Obstáculos Xabia 2012,2012-11-11,Domingo,0.0,Otros,Infantil,26,20,Jávea,La Marina Alta,Alicante,0,60,BENJAMI,Comunidad Valenciana
mychip,XV Mitja Marató Ciutat d’Alzira 2012,2012-11-04,Domingo,0.0,road running,Absoluta/General,92,780,Alcira,La Ribera Alta,Valencia,0,47,default,Comunidad Valenciana
mychip,"I Cross L’Alcúdia, Elche",2012-11-04,Domingo,0.0,Otros,Elite,2,5,Elche,El Bajo Vinalopó,Alicante,0,54,ELITE,Comunidad Valenciana
mychip,"I Cross L’Alcúdia, Elche",2012-11-04,Domingo,0.0,Otros,Absoluta/General,37,100,Elche,El Bajo Vinalopó,Alicante,0,54,POPULAR,Comunidad Valenciana
mychip,I Trail Vallada,2012-11-04,Domingo,0.0,Otros,Absoluta/General,19,245,Vallada,La Costera,Valencia,0,57,REINA,Comunidad Valenciana
mychip,I Trail Vallada,2012-11-04,Domingo,0.0,Otros,Absoluta/General,23,48,Vallada,La Costera,Valencia,0,57,INICIACION,Comunidad Valenciana
mychip,"Campeonato Autonónico de Carrera por Montaña Kilómetro Vertical de la FEMECV, BÈRNIA",2012-10-28,Domingo,0.0,Otros,Cadete/Juvenil,1,4,Altea,La Marina Baja,Alicante,0,42,CADETE,Comunidad Valenciana
mychip,"Campeonato Autonónico de Carrera por Montaña Kilómetro Vertical de la FEMECV, BÈRNIA",2012-10-28,Domingo,0.0,Otros,Cadete/Juvenil,1,1,Altea,La Marina Baja,Alicante,0,42,JUNIOR,Comunidad Valenciana
mychip,"Campeonato Autonónico de Carrera por Montaña Kilómetro Vertical de la FEMECV, BÈRNIA",2012-10-28,Domingo,0.0,Otros,Absoluta/General,10,103,Altea,La Marina Baja,Alicante,0,42,ABSOLUTA,Comunidad Valenciana
mychip,Carrera Popular Asociación Víctimas del Terrorismo 2012,2012-10-27,Sábado,0.0,road running,Absoluta/General,35,348,Madrid,,Comunidad de Madrid,0,52,default,Comunidad de Madrid
mychip,V Carrera Nocturna de Toledo. 6Km de puro Toledo,2012-10-20,Sábado,0.0,road running,Absoluta/General,179,886,Toledo,,Toledo,0,43,default,Castilla-La Mancha
mychip,"II Trail Villar del Arzobispo, Memorial José Antonio Gálvez",2012-10-14,Domingo,0.0,Otros,Absoluta/General,24,35,Villar del Arzobispo,,Valencia,0,53,INICIACI,Comunidad Valenciana
mychip,"II Trail Villar del Arzobispo, Memorial José Antonio Gálvez",2012-10-14,Domingo,0.0,Otros,Absoluta/General,16,140,Villar del Arzobispo,,Valencia,0,53,REINA,Comunidad Valenciana
mychip,"XVIII CARRERA POPULAR 9 DE OCTUBRE, ALTEA",2012-10-09,Martes,0.0,road running,Absoluta/General,72,306,Altea,La Marina Baja,Alicante,0,44,default,Comunidad Valenciana
mychip,III CARRERA Y MARCHA VUELTA A CAMARA,2012-10-07,Domingo,0.0,Otros,Absoluta/General,56,79,Elda,El Vinalopó Medio,Alicante,0,36,ANDARIN,Comunidad Valenciana
mychip,III CARRERA Y MARCHA VUELTA A CAMARA,2012-10-07,Domingo,0.0,Otros,Absoluta/General,19,159,Elda,El Vinalopó Medio,Alicante,0,36,CORREDOR,Comunidad Valenciana
mychip,XIV Carrera Popular Portillo de Toledo,2012-10-07,Domingo,0.0,Otros,Absoluta/General,102,0,Portillo de Toledo,,Toledo,0,51,FEMENINA,Castilla-La Mancha
mychip,XIV Carrera Popular Portillo de Toledo,2012-10-07,Domingo,0.0,Otros,Absoluta/General,0,633,Portillo de Toledo,,Toledo,0,51,MASCULINA,Castilla-La Mancha
mychip,Marxa Selènika de Resistència en BTT,2012-09-30,Domingo,0.0,road running,Absoluta/General,33,1195,Navarcles,,Barcelona,0,34,default,Cataluña
mychip,"IX Raid 3+2, Andilla",2012-09-30,Domingo,0.0,road running,Absoluta/General,0,0,Andilla,,Valencia,0,46,default,Comunidad Valenciana
mychip,La Sagra SkyRace by Lurbel,2012-09-23,Domingo,0.0,Otros,Absoluta/General,4,14,Granada,,Andalucía,0,21,MINI TRAIL,Andalucía
mychip,La Sagra SkyRace by Lurbel,2012-09-23,Domingo,0.0,Otros,Cadete/Juvenil,4,15,Granada,,Andalucía,0,21,CADETE - JUNIOR,Andalucía
mychip,La Sagra SkyRace by Lurbel,2012-09-23,Domingo,0.0,Otros,Absoluta/General,17,240,Granada,,Andalucía,0,21,SKYRACE,Andalucía
mychip,La Sagra SkyRace by Lurbel,2012-09-23,Domingo,0.0,Otros,Absoluta/General,14,24,Granada,,Andalucía,0,21,ASCENSION SENDERISTA,Andalucía
mychip,1ª Bajada Crevillent al Camping el Marjal Costablanca,2012-09-23,Domingo,0.0,road running,Absoluta/General,0,0,Crevillente,El Bajo Vinalopó,Alicante,0,37,default,Comunidad Valenciana
mychip,III Trail de Chera,2012-09-23,Domingo,0.0,road running,Absoluta/General,22,199,Chera,La Plana de Utiel-Requena,Valencia,0,45,default,Comunidad Valenciana
mychip,XIV Cross y Marcha  Xirivell 2012,2012-09-15,Sábado,0.0,Otros,Absoluta/General,12,78,Monóvar,El Vinalopó Medio,Alicante,0,40,ABSOLUTA,Comunidad Valenciana
mychip,XIV Cross y Marcha  Xirivell 2012,2012-09-15,Sábado,0.0,Otros,Infantil,1,4,Monóvar,El Vinalopó Medio,Alicante,0,40,INFANTIL,Comunidad Valenciana
mychip,XIV Cross y Marcha  Xirivell 2012,2012-09-15,Sábado,0.0,Otros,Absoluta/General,11,8,Monóvar,El Vinalopó Medio,Alicante,0,40,MARCHA,Comunidad Valenciana
mychip,XIV Cross y Marcha  Xirivell 2012,2012-09-15,Sábado,0.0,Otros,Infantil,1,3,Monóvar,El Vinalopó Medio,Alicante,0,40,ALEVIN,Comunidad Valenciana
mychip,XIV Cross y Marcha  Xirivell 2012,2012-09-15,Sábado,0.0,Otros,Infantil,5,12,Monóvar,El Vinalopó Medio,Alicante,0,40,BENJAMIN,Comunidad Valenciana
mychip,XIV Cross y Marcha  Xirivell 2012,2012-09-15,Sábado,0.0,Otros,Absoluta/General,8,22,Monóvar,El Vinalopó Medio,Alicante,0,40,PEQUES,Comunidad Valenciana
mychip,XV Volta a peu a Corbera,2012-09-15,Sábado,0.0,road running,Absoluta/General,52,330,Corbera,La Ribera Baja,Valencia,0,41,default,Comunidad Valenciana
mychip,VIII Cursa Iberica,2012-09-09,Domingo,0.0,road running,Absoluta/General,84,508,Figueroles,l'Alcalatén,Castellón,0,28,default,Comunidad Valenciana
mychip,"XVI Volta a peu a Alginet, XI prova del circuit CRM Ribera de Xúquer",2012-09-08,Sábado,0.0,road running,Absoluta/General,100,576,Alginet,La Ribera Alta,Valencia,0,35,default,Comunidad Valenciana
mychip,I Gran fondo Nocturno Alfafar,2012-09-07,Viernes,0.0,road running,Absoluta/General,0,0,Alfafar,Huerta Sur,Valencia,0,31,default,Comunidad Valenciana
mychip,VI TRIATLÓN CROSS POPULAR DE LA PINEDA,2012-09-02,Domingo,0.0,road running,Absoluta/General,17,148,Vila-seca,,Cataluña,0,39,default,Cataluña
mychip,"XXII Volta a peu Nocturna a Manuel, X prova Circuit CRM Ribera de Xúquer",2012-08-24,Viernes,0.0,road running,Absoluta/General,109,552,Manuel,La Ribera Alta,Valencia,0,38,default,Comunidad Valenciana
mychip,"10ª Travessia Nadant, Banderes Blaves, Moncofa",2012-08-04,Sábado,0.0,road running,Absoluta/General,13,100,Moncófar,Plana Baja,Castellón,0,25,default,Comunidad Valenciana
mychip,"XIII Volta a peu pel Xúquer, Riola. ""X prova Circuit CRM Ribera de Xúquer""",2012-08-04,Sábado,0.0,road running,Absoluta/General,71,431,Riola,La Ribera Baja,Valencia,0,29,default,Comunidad Valenciana
mychip,XV Volta a peu a Favara,2012-08-04,Sábado,0.0,Otros,Cadete/Juvenil,3,6,Favareta,La Ribera Baja,Valencia,0,30,CADETE,Comunidad Valenciana
mychip,XV Volta a peu a Favara,2012-08-04,Sábado,0.0,Otros,Infantil,4,13,Favareta,La Ribera Baja,Valencia,0,30,ALEVIN,Comunidad Valenciana
mychip,XV Volta a peu a Favara,2012-08-04,Sábado,0.0,Otros,Infantil,10,36,Favareta,La Ribera Baja,Valencia,0,30,BENJAMIN,Comunidad Valenciana
mychip,XV Volta a peu a Favara,2012-08-04,Sábado,0.0,Otros,Absoluta/General,34,264,Favareta,La Ribera Baja,Valencia,0,30,ABSOLUTA,Comunidad Valenciana
mychip,VII Travesía a nado del Albir,2012-07-29,Domingo,0.0,road running,Absoluta/General,26,114,Alfaz del Pi,La Marina Baja,Alicante,0,17,default,Comunidad Valenciana
mychip,XXIII Volta a peu a Simat de la Valldigna,2012-07-25,Miércoles,0.0,road running,Absoluta/General,121,679,Simat de Valldigna,La Safor,Valencia,0,27,default,Comunidad Valenciana
mychip,"I Cross Rio Algar ""Villa de Altea""",2012-07-15,Domingo,0.0,road running,Absoluta/General,38,183,Altea,La Marina Baja,Alicante,0,20,default,Comunidad Valenciana
mychip,12ª Volta a peu a Moncofa,2012-07-14,Sábado,0.0,road running,Absoluta/General,56,482,Moncófar,Plana Baja,Castellón,0,24,default,Comunidad Valenciana
mychip,XIV Marxa al Bartolo + Marxa no competitiva,2012-07-08,Domingo,0.0,Otros,Absoluta/General,54,419,Benicasim,Plana Alta,Castellón,0,22,MARXA,Comunidad Valenciana
mychip,XIV Marxa al Bartolo + Marxa no competitiva,2012-07-08,Domingo,0.0,Otros,Absoluta/General,0,0,Benicasim,Plana Alta,Castellón,0,22,NO COMPETITIVA,Comunidad Valenciana
mychip,V Volta a peu benèfica Mareny de Barraquetes. VIII prova Circuit CRM Ribera de Xúquer,2012-07-07,Sábado,0.0,road running,Absoluta/General,136,574,Sueca,La Ribera Baja,Valencia,0,18,default,Comunidad Valenciana
mychip,"A la lluna de la mar, Xeraco",2012-07-07,Sábado,0.0,road running,Absoluta/General,38,133,Jaraco,La Safor,Valencia,0,19,default,Comunidad Valenciana
mychip,II Cursa Nocturna de muntanya,2012-06-30,Sábado,0.0,road running,Absoluta/General,0,0,Liria,El Campo de Turia,Valencia,0,9,default,Comunidad Valenciana
mychip,X Carrera popular a Godella – Rocafort. Memorial “Pepe Alonso”,2012-06-30,Sábado,0.0,road running,Absoluta/General,48,424,Godella,Huerta Norte,Valencia,0,16,default,Comunidad Valenciana
mychip,"IX Eduición ""Los juegos de las empresas""",2012-06-30,Sábado,0.0,Otros,Absoluta/General,5,50,San Sebastián de los Reyes,,Comunidad de Madrid,0,23,CROSS,Comunidad de Madrid
mychip,"IX Eduición ""Los juegos de las empresas""",2012-06-30,Sábado,0.0,Otros,Absoluta/General,3,27,San Sebastián de los Reyes,,Comunidad de Madrid,0,23,BTT,Comunidad de Madrid
mychip,II Trail Roquette-Benifaió,2012-06-17,Domingo,0.0,Otros,Absoluta/General,26,321,Benifayó,La Ribera Alta,Valencia,0,13,TRAIL,Comunidad Valenciana
mychip,II Trail Roquette-Benifaió,2012-06-17,Domingo,0.0,Otros,Absoluta/General,24,92,Benifayó,La Ribera Alta,Valencia,0,13,INICIACION,Comunidad Valenciana
mychip,XXIII Volta a peu a Sumacàrcer. VI prova Circuit CRM Ribera de Xúquer,2012-06-16,Sábado,0.0,road running,Absoluta/General,80,399,Sumacárcel,La Ribera Alta,Valencia,0,15,default,Comunidad Valenciana
mychip,"XIII Carrera Popular Corpus Christi de Toledo. ""Memorial  José Luis Pantoja""",2012-06-03,Domingo,0.0,road running,Absoluta/General,52,391,Toledo,,Toledo,0,7,default,Castilla-La Mancha
mychip,XXVIII Volta a peu - Trofeu Sant Onofre. V prova puntuable II Circuit CRM Ribera de Xúquer,2012-06-02,Sábado,0.0,road running,Absoluta/General,136,821,Algemesí,La Ribera Alta,Valencia,0,10,default,Comunidad Valenciana
mychip,"I Cursa de Muntanya ""Les Xosses de Crevillent""",2012-06-02,Sábado,0.0,Otros,Absoluta/General,42,85,Crevillente,El Bajo Vinalopó,Alicante,0,12,MARCHA,Comunidad Valenciana
mychip,"I Cursa de Muntanya ""Les Xosses de Crevillent""",2012-06-02,Sábado,0.0,Otros,Absoluta/General,25,173,Crevillente,El Bajo Vinalopó,Alicante,0,12,CARRERA,Comunidad Valenciana
mychip,I Carrera Popular Fetico,2012-05-27,Domingo,0.0,road running,Absoluta/General,44,90,Valencia,,Valencia,0,8,default,Comunidad Valenciana
mychip,I Mitja Marató d'Alcàntera de Xúquer. IV prova puntuable II Circuit CRM Ribera de Xúquer,2012-05-26,Sábado,0.0,road running,Absoluta/General,19,229,Alcántara de Júcar,La Ribera Alta,Valencia,0,11,default,Comunidad Valenciana
mychip,I Trail  7 Cimas Gandia,2012-05-20,Domingo,0.0,Otros,Absoluta/General,16,204,Gandía,La Safor,Valencia,0,14,TRAIL,Comunidad Valenciana
mychip,I Trail  7 Cimas Gandia,2012-05-20,Domingo,0.0,Otros,Absoluta/General,16,56,Gandía,La Safor,Valencia,0,14,INICIACION,Comunidad Valenciana
mychip,Gran Fons Raimon Soria 2012. II Prova Puntuable  Circuit CRM Ribera de Xúquer,2012-04-29,Domingo,0.0,road running,Absoluta/General,35,426,Turís,La Ribera Alta,Valencia,0,6,default,Comunidad Valenciana
mychip,Campionat Autonòmic de Cursa Vertical,2012-04-22,Domingo,0.0,road running,Absoluta/General,11,59,Alfondeguilla,Plana Baja,Castellón,0,5,default,Comunidad Valenciana
mychip,Campeonato Absoluto y por Clubes de Carreras por Montaña,2012-04-01,Domingo,0.0,road running,Absoluta/General,16,97,Albocácer,,Castellón,0,1,default,Comunidad Valenciana
mychip,II Mitja Marató de Muntanya COMPAC Carrícola,2012-04-01,Domingo,0.0,road running,Absoluta/General,27,335,Carrícola,La Vall d'Albaida,Valencia,0,3,default,Comunidad Valenciana
mychip,Campeonato de Liga de Carrera por Montaña. FEMECV 2012,2012-03-19,Lunes,0.0,road running,Absoluta/General,56,455,,,Comunidad Valenciana,0,32,default,Comunidad Valenciana
mychip,3h Resistència BTT Vila-seca,2012-03-18,Domingo,0.0,road running,Absoluta/General,0,0,Vilaseca de Solcina,,Cataluña,0,2,default,Cataluña
mychip,"I carrera por montaña por la sierra de Callosa, Cox y Redovam. III prueba liga FEMECV",2012-03-04,Domingo,0.0,road running,Absoluta/General,0,0,Callosa de Segura,,Alicante,0,4,default,Comunidad Valenciana
