event_id,nom_cursa,data,lloc,modalitat_nom,modalitat_codi,estat_esdeveniment,error_detall,total_classificats,classificat_h,classificat_d,classificat_total,inscrits,DNF_total,DSQ_total,DNS_total,esport,classificat_sexe_desconegut
719,IX CARRERA DE ROCHE POR EL SINDROME DE RETT,2026-08-09,CONIL DE LA FRONTERA,5K -,5k,ok,,206,0,0,206,,,,,Carrera,206
719,IX CARRERA DE ROCHE POR EL SINDROME DE RETT,2026-08-09,CONIL DE LA FRONTERA,10 K,10k,ok,,256,0,0,256,,,,,Carrera,256
719,IX CARRERA DE ROCHE POR EL SINDROME DE RETT,2026-08-09,CONIL DE LA FRONTERA,INFANTIL CADETE -,infantilcadete,ok,,16,0,0,16,,,,,Carrera,16
719,IX CARRERA DE ROCHE POR EL SINDROME DE RETT,2026-08-09,CONIL DE LA FRONTERA,ALEVIN -,alevin,ok,,22,0,0,22,,,,,Carrera,22
719,IX CARRERA DE ROCHE POR EL SINDROME DE RETT,2026-08-09,CONIL DE LA FRONTERA,BENJAMIN -,benjamin,ok,,19,0,0,19,,,,,Carrera,19
733,XV CARRERA POPULAR NOCTURNA MALPARTIDA DE CACERES,2026-07-31,MALPARTIDA DE CACERES,5K,5k,ok,,79,0,0,79,,,,,Carrera,79
733,XV CARRERA POPULAR NOCTURNA MALPARTIDA DE CACERES,2026-07-31,MALPARTIDA DE CACERES,10K,10k,ok,,105,0,0,105,,,,,Carrera,105
711,VIII MARATON CIUDAD DE JAEN,2026-07-05,JAEN,MARATON INDIVIDUAL,maratonindividual,ok,,51,39,6,51,,,,,Carrera,6
711,VIII MARATON CIUDAD DE JAEN,2026-07-05,JAEN,MARATON POR EQUIPOS,maratonporequipos,ok,,37,0,0,37,,,,,Carrera,37
711,VIII MARATON CIUDAD DE JAEN,2026-07-05,JAEN,MARATON POR PAREJAS,maratonporparejas,ok,,4,0,0,4,,,,,Carrera,4
722,XXXVI TRAVESÍA INTERNACIONAL A NADO “CIUDAD DE CÁDIZ”,2026-07-05,CADIZ,3.300 M.,3300m,ok,,118,51,29,118,,,,,Travesía,38
722,XXXVI TRAVESÍA INTERNACIONAL A NADO “CIUDAD DE CÁDIZ”,2026-07-05,CADIZ,1000 M.,1000m,ok,,29,0,0,29,,,,,Travesía,29
715,XII CXM MANCHA REAL - SIERRA MAGINA 2026,2026-07-04,MANCHA REAL,CORTA,corta,ok,,95,35,14,95,,,,,Carrera por montaña,46
715,XII CXM MANCHA REAL - SIERRA MAGINA 2026,2026-07-04,MANCHA REAL,LARGA,larga,ok,,66,47,8,66,,,,,Carrera por montaña,11
,I MILLA CIUDAD DE TARIFA,2026-07-04,TARIFA,,,sense_resultats,,,,,,,,,,Carrera,
,VII JORNADA DEPORTIVA SOLIDARIA,2026-06-20,TORREDONJIMENO,,,sense_resultats,,,,,,,,,,Carrera,
720,IVAFIT CHALLENGE,2026-06-20,BOLLULLOS DEL CONDADO,OPEN,open,ok,,7,0,0,7,,,,,Carrera Híbrida,7
720,IVAFIT CHALLENGE,2026-06-20,BOLLULLOS DEL CONDADO,PAREJAS,parejas,ok,,244,162,82,244,,,,,Carrera Híbrida,0
720,IVAFIT CHALLENGE,2026-06-20,BOLLULLOS DEL CONDADO,PAREJAS MIXTA,parejasmixta,ok,,106,0,0,106,,,,,Carrera Híbrida,106
720,IVAFIT CHALLENGE,2026-06-20,BOLLULLOS DEL CONDADO,TEAMS,teams,ok,,94,47,47,94,,,,,Carrera Híbrida,0
720,IVAFIT CHALLENGE,2026-06-20,BOLLULLOS DEL CONDADO,TEAMS MIXTA,teamsmixta,ok,,19,0,0,19,,,,,Carrera Híbrida,19
720,IVAFIT CHALLENGE,2026-06-20,BOLLULLOS DEL CONDADO,PROS,pros,ok,,4,0,0,4,,,,,Carrera Híbrida,4
700,IX CXM NOCTURNA MONTES DE CEUTA,2026-06-06,CEUTA,BINOMIOS,binomios,ok,,241,35,4,241,,,,,Carrera por montaña,202
700,IX CXM NOCTURNA MONTES DE CEUTA,2026-06-06,CEUTA,INVIDIDUAL,invididual,ok,,796,154,21,796,,,,,Carrera por montaña,621
700,IX CXM NOCTURNA MONTES DE CEUTA,2026-06-06,CEUTA,CRONOESCALADA,cronoescalada,ok,,540,11,73,540,,,,,Carrera por montaña,456
716,XXXII CARRERA URBANA SAN FELIPE NERI,2026-06-06,CADIZ,PITUFOS,pitufos,ok,,108,0,0,108,,,,,Carrera,108
716,XXXII CARRERA URBANA SAN FELIPE NERI,2026-06-06,CADIZ,PREBENJAMIN,prebenjamin,ok,,84,0,0,84,,,,,Carrera,84
716,XXXII CARRERA URBANA SAN FELIPE NERI,2026-06-06,CADIZ,BENJAMIN - ALEVIN,benjaminalevin,ok,,137,0,0,137,,,,,Carrera,137
716,XXXII CARRERA URBANA SAN FELIPE NERI,2026-06-06,CADIZ,ADULTOS,adultos,ok,,123,37,38,123,,,,,Carrera,48
713,CARRERA POPULAR SAN MARTIN DEL TESORILLO,2026-05-30,SAN MARTIN DEL TESORILLO,SUB10,sub10,ok,,27,0,0,27,,,,,Carrera,27
713,CARRERA POPULAR SAN MARTIN DEL TESORILLO,2026-05-30,SAN MARTIN DEL TESORILLO,SUB12,sub12,ok,,40,0,0,40,,,,,Carrera,40
713,CARRERA POPULAR SAN MARTIN DEL TESORILLO,2026-05-30,SAN MARTIN DEL TESORILLO,SUB14,sub14,ok,,14,0,0,14,,,,,Carrera,14
713,CARRERA POPULAR SAN MARTIN DEL TESORILLO,2026-05-30,SAN MARTIN DEL TESORILLO,SUB16,sub16,ok,,6,0,0,6,,,,,Carrera,6
713,CARRERA POPULAR SAN MARTIN DEL TESORILLO,2026-05-30,SAN MARTIN DEL TESORILLO,ABSOLUTA,absoluta,ok,,280,0,0,280,,,,,Carrera,280
698,CAMPEONATO ESPAÑA SELECCIONES AUTONOMICAS - KM VERTICAL - CXM,2026-05-30,ALCAUDETE,KV ALEVIN,kvalevin,ok,,20,0,0,20,,,,,Carrera por montaña,20
698,CAMPEONATO ESPAÑA SELECCIONES AUTONOMICAS - KM VERTICAL - CXM,2026-05-30,ALCAUDETE,KV CADETE,kvcadete,ok,,122,0,0,122,,,,,Carrera por montaña,122
698,CAMPEONATO ESPAÑA SELECCIONES AUTONOMICAS - KM VERTICAL - CXM,2026-05-30,ALCAUDETE,KV INFANTIL,kvinfantil,ok,,118,0,0,118,,,,,Carrera por montaña,118
698,CAMPEONATO ESPAÑA SELECCIONES AUTONOMICAS - KM VERTICAL - CXM,2026-05-30,ALCAUDETE,CXM CADETE,cxmcadete,ok,,121,0,0,121,,,,,Carrera por montaña,121
698,CAMPEONATO ESPAÑA SELECCIONES AUTONOMICAS - KM VERTICAL - CXM,2026-05-30,ALCAUDETE,CXM INFANTIL,cxminfantil,ok,,120,0,0,120,,,,,Carrera por montaña,120
698,CAMPEONATO ESPAÑA SELECCIONES AUTONOMICAS - KM VERTICAL - CXM,2026-05-30,ALCAUDETE,CXM ALEVIN,cxmalevin,ok,,31,0,0,31,,,,,Carrera por montaña,31
698,CAMPEONATO ESPAÑA SELECCIONES AUTONOMICAS - KM VERTICAL - CXM,2026-05-30,ALCAUDETE,CXM PREBENJAMIN,cxmprebenjamin,ok,,14,0,0,14,,,,,Carrera por montaña,14
698,CAMPEONATO ESPAÑA SELECCIONES AUTONOMICAS - KM VERTICAL - CXM,2026-05-30,ALCAUDETE,CXM BENJAMIN,cxmbenjamin,ok,,13,0,0,13,,,,,Carrera por montaña,13
714,DUAL BATTLE GUADALQUIVIR,2026-05-30,VILLACARRILLO,OPEN,open,ok,,21,12,9,21,,,,,Carrera Híbrida,0
714,DUAL BATTLE GUADALQUIVIR,2026-05-30,VILLACARRILLO,OPEN MIXTO,openmixto,ok,,5,0,0,5,,,,,Carrera Híbrida,5
714,DUAL BATTLE GUADALQUIVIR,2026-05-30,VILLACARRILLO,AVANZADO,avanzado,ok,,30,18,12,30,,,,,Carrera Híbrida,0
714,DUAL BATTLE GUADALQUIVIR,2026-05-30,VILLACARRILLO,AVANZADO MIXTO,avanzadomixto,ok,,10,0,0,10,,,,,Carrera Híbrida,10
705,III MARATON - MEDIA MARATON - MARATÓN POR EQUIPOS 2026 . EN PISTA TORREPEROGIL,2026-05-17,TORREPEROGIL,MEDIA MARATON,mediamaraton,ok,,13,0,0,13,,,,,Carrera,13
705,III MARATON - MEDIA MARATON - MARATÓN POR EQUIPOS 2026 . EN PISTA TORREPEROGIL,2026-05-17,TORREPEROGIL,EQUIPOS,equipos,ok,,5,0,0,5,,,,,Carrera,5
705,III MARATON - MEDIA MARATON - MARATÓN POR EQUIPOS 2026 . EN PISTA TORREPEROGIL,2026-05-17,TORREPEROGIL,MARATON,maraton,ok,,16,0,0,16,,,,,Carrera,16
710,MEMORIAL ISIDRO PULIDO GRAVEL BY GSPORT - COPA DE ESPAÑA - GRAVEL,2026-05-16,VILLANUEVA DE CORDOBA,GENERAL,general,ok,,150,0,0,150,,,,,Ciclismo,150
712,XIV SUBIDA AL CASTILLO DE BURGUILLOS DEL CERRO,2026-05-09,BURGUILLOS DEL CERRO,5 KM - NUMERICO,5kmnumerico,ok,,49,0,0,49,,,,,Carrera,49
712,XIV SUBIDA AL CASTILLO DE BURGUILLOS DEL CERRO,2026-05-09,BURGUILLOS DEL CERRO,5K,5k,ok,,36,0,0,36,,,,,Carrera,36
712,XIV SUBIDA AL CASTILLO DE BURGUILLOS DEL CERRO,2026-05-09,BURGUILLOS DEL CERRO,12K,12k,ok,,109,0,0,109,,,,,Carrera,109
694,IV LA CONQUISTA DE MAGINA,2026-05-03,MANCHA REAL,INDIVIDUAL,individual,ok,,76,0,0,76,,,,,Ciclismo,76
694,IV LA CONQUISTA DE MAGINA,2026-05-03,MANCHA REAL,PAREJAS,parejas,ok,,48,0,0,48,,,,,Ciclismo,48
694,IV LA CONQUISTA DE MAGINA,2026-05-03,MANCHA REAL,EBIKE,ebike,ok,,14,12,0,14,,,,,Ciclismo,2
697,IX PRIMAVERA RUN CIUDAD DE VILLACARRILLO,2026-04-26,VILLACARRILLO,PREBENJAMIN- BENJAMIN - ALEVIN,prebenjaminbenjaminalevin,llista_error,no s'ha trobat cap taula al PDF (format no reconegut per pdfplumber),,,,,,,,,Carrera,
697,IX PRIMAVERA RUN CIUDAD DE VILLACARRILLO,2026-04-26,VILLACARRILLO,INFANTIL,infantil,ok,,16,0,0,16,,,,,Carrera,16
697,IX PRIMAVERA RUN CIUDAD DE VILLACARRILLO,2026-04-26,VILLACARRILLO,INFANTIL-VETERANO,infantilveterano,ok,,271,0,0,271,,,,,Carrera,271
690,XI CXM MONTIZÓN - CONDADO DE JAÉN - 2026,2026-03-28,ALDEAHERMOSA DE MONTIZON,CORTA -,corta,llista_error,no s'ha trobat cap taula al PDF (format no reconegut per pdfplumber),,,,,,,,,Carrera por montaña,
690,XI CXM MONTIZÓN - CONDADO DE JAÉN - 2026,2026-03-28,ALDEAHERMOSA DE MONTIZON,CXM -,cxm,ok,,47,0,0,47,,,,,Carrera por montaña,47
707,CARRERA CIUDAD DE TARIFA,2026-03-22,TARIFA,ADULTOS,adultos,ok,,276,0,0,276,,,,,Carrera,276
707,CARRERA CIUDAD DE TARIFA,2026-03-22,TARIFA,CADETE,cadete,ok,,276,0,0,276,,,,,Carrera,276
707,CARRERA CIUDAD DE TARIFA,2026-03-22,TARIFA,INFANTIL,infantil,ok,,15,0,0,15,,,,,Carrera,15
707,CARRERA CIUDAD DE TARIFA,2026-03-22,TARIFA,ALEVIN,alevin,ok,,10,0,0,10,,,,,Carrera,10
702,VI DESAFIO FUNDACIÓN GRUPO OLEÍCOLA JAÉN – DUQUE DE AHUMADA,2026-03-22,BAEZA,SUB 8-10,sub810,ok,,226,0,0,226,,,,,Carrera,226
702,VI DESAFIO FUNDACIÓN GRUPO OLEÍCOLA JAÉN – DUQUE DE AHUMADA,2026-03-22,BAEZA,SUB 12-14,sub1214,ok,,71,0,0,71,,,,,Carrera,71
702,VI DESAFIO FUNDACIÓN GRUPO OLEÍCOLA JAÉN – DUQUE DE AHUMADA,2026-03-22,BAEZA,SUB 16,sub16,ok,,9,0,0,9,,,,,Carrera,9
702,VI DESAFIO FUNDACIÓN GRUPO OLEÍCOLA JAÉN – DUQUE DE AHUMADA,2026-03-22,BAEZA,ADULTOS,adultos,ok,,1176,94,44,1176,,,,,Carrera,1038
696,IV CARRERA POR MONTAÑA DE VALENCIA DEL VENTOSO,2026-03-15,Valencia del Ventoso,CARRERA CORTA -,carreracorta,ok,,77,0,0,77,,,,,Carrera por montaña,77
,"XIII RUTA SENDERISTA VALDELACALZADA EN FLOR ""CAMINANDO ENTRE FLORES""",2026-03-08,VALDELACALZADA,,,sense_resultats,,,,,,,,,,Senderismo,
701,XV MEDIA MARATON Y IX 10K VALDELACALZADA EN FLOR,2026-03-01,VALDELACALZADA,10K,10k,ok,,106,0,0,106,,,,,Carrera,106
701,XV MEDIA MARATON Y IX 10K VALDELACALZADA EN FLOR,2026-03-01,VALDELACALZADA,MEDIA MARATON,mediamaraton,ok,,87,0,0,87,,,,,Carrera,87
709,XXV TROFEO SAN JUAN DE DIOS,2026-03-01,BAZA,CARRERA A PIE,carreraapie,ok,,63,47,12,63,,,,,Duatlón,4
709,XXV TROFEO SAN JUAN DE DIOS,2026-03-01,BAZA,BTT,btt,llista_error,no s'ha trobat cap taula al PDF (format no reconegut per pdfplumber),,,,,,,,,Duatlón,
709,XXV TROFEO SAN JUAN DE DIOS,2026-03-01,BAZA,DUATLON,duatlon,ok,,44,0,0,44,,,,,Duatlón,44
,XI SUBIDA AL CONVENTO DE LA LAPA,2026-02-01,LA LAPA,,,sense_resultats,,,,,,,,,,Carrera por montaña,
695,SAN SILVESTRE BIENVENIDA 2025,2026-01-02,BIENVENIDA,PREBENJAMIN,prebenjamin,ok,,17,0,0,17,,,,,Carrera,17
695,SAN SILVESTRE BIENVENIDA 2025,2026-01-02,BIENVENIDA,BENJAMIN,benjamin,ok,,16,0,0,16,,,,,Carrera,16
695,SAN SILVESTRE BIENVENIDA 2025,2026-01-02,BIENVENIDA,ALEVIN,alevin,ok,,6,0,0,6,,,,,Carrera,6
695,SAN SILVESTRE BIENVENIDA 2025,2026-01-02,BIENVENIDA,INFANTIL,infantil,ok,,3,0,0,3,,,,,Carrera,3
695,SAN SILVESTRE BIENVENIDA 2025,2026-01-02,BIENVENIDA,CADETE-VETERANDO,cadeteveterando,ok,,42,0,0,42,,,,,Carrera,42
695,SAN SILVESTRE BIENVENIDA 2025,2026-01-02,BIENVENIDA,RETACOS,retacos,ok,,14,0,0,14,,,,,Carrera,14
687,XXXIX CROSS SAN SILVESTRE BURGUILLANO,2025-12-31,BURGUILLO DEL CERRO,GENERAL,general,ok,,443,0,0,443,,,,,Carrera,443
,XXXIX CROSS SAN SILVESTRE BURGUILLANO - MENORES,2025-12-31,BURGUILLO DEL CERRO,,,sense_resultats,,,,,,,,,,Carrera,
662,43ª SAN SILVESTRE BASTETANA,2025-12-31,BAZA,GENERAL,general,ok,,519,0,0,519,,,,,Carrera,519
688,II SAN SILVESTRE FUENTE DE CANTOS,2025-12-31,FUENTE DE CANTOS,PREBENJAMIN -,prebenjamin,ok,,17,0,0,17,,,,,Carrera,17
688,II SAN SILVESTRE FUENTE DE CANTOS,2025-12-31,FUENTE DE CANTOS,BENJAMIN -,benjamin,ok,,11,0,0,11,,,,,Carrera,11
688,II SAN SILVESTRE FUENTE DE CANTOS,2025-12-31,FUENTE DE CANTOS,ALEVIN -,alevin,ok,,10,0,0,10,,,,,Carrera,10
688,II SAN SILVESTRE FUENTE DE CANTOS,2025-12-31,FUENTE DE CANTOS,INFANTIL -,infantil,ok,,13,0,0,13,,,,,Carrera,13
688,II SAN SILVESTRE FUENTE DE CANTOS,2025-12-31,FUENTE DE CANTOS,MARCHA ATLÉTICA SUB14,marchaatleticasub14,ok,,34,0,0,34,,,,,Carrera,34
688,II SAN SILVESTRE FUENTE DE CANTOS,2025-12-31,FUENTE DE CANTOS,MARCHA ATLÉTICA SUB8-10-12,marchaatleticasub81012,ok,,14,0,0,14,,,,,Carrera,14
688,II SAN SILVESTRE FUENTE DE CANTOS,2025-12-31,FUENTE DE CANTOS,CADETES - MASTER B,cadetesmasterb,ok,,294,0,0,294,,,,,Carrera,294
680,VIII CARRERA SAN SILVESTRE HUESA 2025,2025-12-30,HUESA,INFANTIL,infantil,ok,,16,0,0,16,,,,,Carrera,16
680,VIII CARRERA SAN SILVESTRE HUESA 2025,2025-12-30,HUESA,ADULTOS,adultos,ok,,83,28,1,83,,,,,Carrera,54
686,IV SAN SILVESTRE TARIFEÑA 2025,2025-12-28,TARIFA,GENERAL,general,ok,,236,0,0,236,,,,,Carrera,236
677,VIII SAN SILVESTRE GADITANA 25,2025-12-27,CADIZ,MINISAN SILVESTRE,minisansilvestre,ok,,46,0,0,46,,,,,Carrera,46
678,XIV CARRERA POPULAR TORREPEROGIL,2025-12-27,TORREPEROGIL,- PREBENJAMIN,prebenjamin,ok,,69,0,0,69,,,,,Carrera,69
678,XIV CARRERA POPULAR TORREPEROGIL,2025-12-27,TORREPEROGIL,- BENJAMIN -ALEVIN,benjaminalevin,ok,,94,0,0,94,,,,,Carrera,94
678,XIV CARRERA POPULAR TORREPEROGIL,2025-12-27,TORREPEROGIL,- INFANTIL - CADETE,infantilcadete,ok,,37,0,0,37,,,,,Carrera,37
678,XIV CARRERA POPULAR TORREPEROGIL,2025-12-27,TORREPEROGIL,- ABSOLUTA,absoluta,ok,,555,154,53,555,,,,,Carrera,348
692,CARRERA NAVIDEÑA CIUDAD DE BAEZA 2025,2025-12-20,BAEZA,GENERAL,general,ok,,1370,708,312,1370,,,,,Carrera,350
683,II CROSS POPULAR LÚDICO Y SOLIDARIO DE CASTELLAR DE LA FRONTERA,2025-12-20,CASTELLAR,ADULTO,adulto,ok,,86,0,0,86,,,,,Carrera,86
683,II CROSS POPULAR LÚDICO Y SOLIDARIO DE CASTELLAR DE LA FRONTERA,2025-12-20,CASTELLAR,INFANTILES,infantiles,ok,,10,0,0,10,,,,,Carrera,10
,II MEDIA MARATON CIUDAD DE CADIZ - CAMISETA -SUDADERA,2025-12-09,CADIZ,,,sense_resultats,,,,,,,,,,Carrera,
676,VI DESAFIO LA CODOSERA - 2025,2025-11-30,LA CODOSERA,MINITRAIL,minitrail,ok,,176,67,36,176,,,,,Carrera por montaña,73
676,VI DESAFIO LA CODOSERA - 2025,2025-11-30,LA CODOSERA,TRAIL,trail,ok,,78,0,0,78,,,,,Carrera por montaña,78
685,II CARRERA MTB CIUDAD DE TARIFA - ENTRE DOS MARES,2025-11-23,TARIFA,EBIKES,ebikes,ok,,26,0,0,26,,,,,Ciclismo,26
685,II CARRERA MTB CIUDAD DE TARIFA - ENTRE DOS MARES,2025-11-23,TARIFA,GENERAL,general,ok,,157,0,0,157,,,,,Ciclismo,157
684,III CARRERA POR LA ELIMINACION DE LA VIOLENCIA CONTRA LAS MUJERES,2025-11-16,CADIZ,GENERAL,general,ok,,283,55,65,283,,,,,Carrera,163
591,II MEDIA MARATON CIUDAD DE CADIZ,2025-11-09,CADIZ,.,general,ok,,1933,0,0,1933,,,,,Carrera,1933
,II MEDIA MARATON CIUDAD DE CADIZ - CAMISETA,2025-11-09,CADIZ,,,sense_resultats,,,,,,,,,,Carrera,
673,III TRAIL SIERRA DE FACINAS,2025-11-08,FACINAS,GENERAL,general,ok,,234,23,0,234,,,,,Carrera por montaña,211
673,III TRAIL SIERRA DE FACINAS,2025-11-08,FACINAS,INTERMEDIO,intermedio,ok,,621,15,0,621,,,,,Carrera por montaña,606
628,X DUATLÓN CROS MONTIJO,2025-11-02,MONTIJO,INDIVIDUAL,individual,ok,,27,16,11,27,,,,,Duatlón cros,0
628,X DUATLÓN CROS MONTIJO,2025-11-02,MONTIJO,EQUIPOS,equipos,ok,,42,0,0,42,23,,,,Duatlón cros,42
,35º SUBIDA POPULAR A LA SIERRA DE BAZA,2025-11-01,BAZA,,,sense_resultats,,,,,,,,,,Carrera,
,XVII 5 MILES TENTUDÍA BIKE,2025-10-26,CABEZA LA VACA,,,sense_resultats,,,,,,,,,,Ciclismo,
679,IV CARRERA DEL ACEITE DE OLIVA 2025,2025-10-26,NAVALVILLAR DE PELA,CADETES,cadetes,ok,,11,0,0,11,,,,,Carrera,11
679,IV CARRERA DEL ACEITE DE OLIVA 2025,2025-10-26,NAVALVILLAR DE PELA,ADULTOS,adultos,ok,,81,0,0,81,,,,,Carrera,81
627,XII DUATLON CROS MONESTERIO,2025-10-25,MONESTERIO,- PREBENJAMIN - BENJAMIN,prebenjaminbenjamin,ok,,36,0,0,36,,,,,Triatlón,36
627,XII DUATLON CROS MONESTERIO,2025-10-25,MONESTERIO,- INDIVIDUAL Y PAREJAS,individualyparejas,ok,,43,0,0,43,,,,,Triatlón,43
627,XII DUATLON CROS MONESTERIO,2025-10-25,MONESTERIO,- ALEVIN - INFANTIL,alevininfantil,ok,,31,0,0,31,,,,,Triatlón,31
627,XII DUATLON CROS MONESTERIO,2025-10-25,MONESTERIO,CON PUNTOS INTERMEDIOS - ALEVIN - INFANTIL-,conpuntosintermediosalevininfa,ok,,61,34,27,61,,,,,Triatlón,0
627,XII DUATLON CROS MONESTERIO,2025-10-25,MONESTERIO,CON PUNTOS INTERMEDIOS - INDIVIDUAL Y PAREJAS,conpuntosintermediosindividual,ok,,69,51,18,69,,,,,Triatlón,0
627,XII DUATLON CROS MONESTERIO,2025-10-25,MONESTERIO,CON PUNTOS INTERMEDIOS - PREBENJAMIN - BENJAMIN-,conpuntosintermediosprebenjami,ok,,64,43,21,64,,,,,Triatlón,0
667,V CARRERA POPULAR SALESIANAS CADIZ,2025-10-25,CADIZ,ADULTOS,adultos,ok,,144,0,0,144,,,,,Carrera,144
667,V CARRERA POPULAR SALESIANAS CADIZ,2025-10-25,CADIZ,CADETE,cadete,ok,,4,0,0,4,,,,,Carrera,4
667,V CARRERA POPULAR SALESIANAS CADIZ,2025-10-25,CADIZ,INFANTIL,infantil,ok,,17,0,0,17,,,,,Carrera,17
667,V CARRERA POPULAR SALESIANAS CADIZ,2025-10-25,CADIZ,ALEVIN,alevin,ok,,34,0,0,34,,,,,Carrera,34
667,V CARRERA POPULAR SALESIANAS CADIZ,2025-10-25,CADIZ,BENJAMIN,benjamin,ok,,43,0,0,43,,,,,Carrera,43
639,XIX PRUEBA URBANA CIUDAD FUENTE DEL MAESTRE,2025-10-25,FUENTE DEL MAESTRE,CHUPETIN,chupetin,ok,,84,45,39,84,,,,,Carrera,0
639,XIX PRUEBA URBANA CIUDAD FUENTE DEL MAESTRE,2025-10-25,FUENTE DEL MAESTRE,PREBENJAMIN,prebenjamin,ok,,60,33,27,60,,,,,Carrera,0
639,XIX PRUEBA URBANA CIUDAD FUENTE DEL MAESTRE,2025-10-25,FUENTE DEL MAESTRE,BENJAMIN,benjamin,ok,,51,0,0,51,,,,,Carrera,51
639,XIX PRUEBA URBANA CIUDAD FUENTE DEL MAESTRE,2025-10-25,FUENTE DEL MAESTRE,ALEVIN-INFANTIL,alevininfantil,ok,,56,0,56,56,,,,,Carrera,0
639,XIX PRUEBA URBANA CIUDAD FUENTE DEL MAESTRE,2025-10-25,FUENTE DEL MAESTRE,INFANTIL -CADETES,infantilcadetes,ok,,37,37,0,37,,,,,Carrera,0
639,XIX PRUEBA URBANA CIUDAD FUENTE DEL MAESTRE,2025-10-25,FUENTE DEL MAESTRE,ADULTAS,adultas,ok,,122,0,122,122,,,,,Carrera,0
639,XIX PRUEBA URBANA CIUDAD FUENTE DEL MAESTRE,2025-10-25,FUENTE DEL MAESTRE,ADULTOS,adultos,ok,,214,214,0,214,,,,,Carrera,0
654,V RETO CAPITAL DEL VINO - MEDIA MARATON,2025-10-19,BOLLULLOS PAR DEL CONDADO,MEDIA,media,ok,,87,0,0,87,,,,,Ciclismo,87
654,V RETO CAPITAL DEL VINO - MEDIA MARATON,2025-10-19,BOLLULLOS PAR DEL CONDADO,SUMA DE ETAPAS,sumadeetapas,ok,,87,0,0,87,,,,,Ciclismo,87
655,IV RETO CAPITAL DEL VINO - CONTRARRELOJ,2025-10-18,BOLLULLOS PAR DEL CONDADO,CRONO,crono,ok,,83,0,0,83,,,,,Ciclismo,83
674,IV CARRERA POPULAR CIUDAD DE OLIVENZA 2025,2025-10-17,OLIVENZA,PREBENJAMIN,prebenjamin,ok,,14,0,0,14,,,,,Carrera,14
674,IV CARRERA POPULAR CIUDAD DE OLIVENZA 2025,2025-10-17,OLIVENZA,BENJAMIN,benjamin,ok,,22,0,0,22,,,,,Carrera,22
674,IV CARRERA POPULAR CIUDAD DE OLIVENZA 2025,2025-10-17,OLIVENZA,ALEVIN,alevin,ok,,16,0,0,16,,,,,Carrera,16
674,IV CARRERA POPULAR CIUDAD DE OLIVENZA 2025,2025-10-17,OLIVENZA,INFANTIL,infantil,ok,,19,0,0,19,,,,,Carrera,19
674,IV CARRERA POPULAR CIUDAD DE OLIVENZA 2025,2025-10-17,OLIVENZA,CADETE,cadete,ok,,6,0,0,6,,,,,Carrera,6
674,IV CARRERA POPULAR CIUDAD DE OLIVENZA 2025,2025-10-17,OLIVENZA,CARRERA ABSOLUTA,carreraabsoluta,ok,,138,0,0,138,,,,,Carrera,138
649,IV MEDIA MARATON MEDINA DE LAS TORRES,2025-10-12,MEDINA DE LAS TORRES,PROMOCION 8K,promocion8k,ok,,84,0,0,84,,,,,Carrera,84
649,IV MEDIA MARATON MEDINA DE LAS TORRES,2025-10-12,MEDINA DE LAS TORRES,MEDIA MARATON 21 KM,mediamaraton21km,ok,,187,0,0,187,,,,,Carrera,187
672,XLV CROSS DEL CORDERO DE CABEZA DEL BUEY - 2025,2025-10-11,CABEZA DEL BUEY,SUB10,sub10,ok,,32,0,0,32,,,,,Carrera,32
672,XLV CROSS DEL CORDERO DE CABEZA DEL BUEY - 2025,2025-10-11,CABEZA DEL BUEY,QUERUBIN,querubin,ok,,28,0,0,28,,,,,Carrera,28
672,XLV CROSS DEL CORDERO DE CABEZA DEL BUEY - 2025,2025-10-11,CABEZA DEL BUEY,SUB12 - SUB14 ACTUALIZADA 1,sub12sub14actualizada1,ok,,61,0,61,61,,,,,Carrera,0
672,XLV CROSS DEL CORDERO DE CABEZA DEL BUEY - 2025,2025-10-11,CABEZA DEL BUEY,PREBENJAMIN ACTUALIZADO 1,prebenjaminactualizado1,ok,,42,0,0,42,,,,,Carrera,42
672,XLV CROSS DEL CORDERO DE CABEZA DEL BUEY - 2025,2025-10-11,CABEZA DEL BUEY,SUB14 SUB16,sub14sub16,ok,,33,0,33,33,,,,,Carrera,0
672,XLV CROSS DEL CORDERO DE CABEZA DEL BUEY - 2025,2025-10-11,CABEZA DEL BUEY,SUB16 ABSOLUTA,sub16absoluta,ok,,29,0,29,29,,,,,Carrera,0
672,XLV CROSS DEL CORDERO DE CABEZA DEL BUEY - 2025,2025-10-11,CABEZA DEL BUEY,ABSOLUTO ACTUALIZADO,absolutoactualizado,ok,,64,64,0,64,,,,,Carrera,0
642,DUATLON CROS VILLAFRANCA DE LOS BARROS,2025-10-05,VILLAFRANCA DE LOS BARROS,MINITRI,minitri,ok,,13,0,0,13,,,,,Duatlón cros,13
642,DUATLON CROS VILLAFRANCA DE LOS BARROS,2025-10-05,VILLAFRANCA DE LOS BARROS,PEQUETRI,pequetri,ok,,73,44,29,73,,,,,Duatlón cros,0
642,DUATLON CROS VILLAFRANCA DE LOS BARROS,2025-10-05,VILLAFRANCA DE LOS BARROS,TRIDIVER,tridiver,ok,,50,0,0,50,,,,,Duatlón cros,50
642,DUATLON CROS VILLAFRANCA DE LOS BARROS,2025-10-05,VILLAFRANCA DE LOS BARROS,CADETE,cadete,ok,,25,13,12,25,,,,,Duatlón cros,0
642,DUATLON CROS VILLAFRANCA DE LOS BARROS,2025-10-05,VILLAFRANCA DE LOS BARROS,ADULTOS,adultos,ok,,27,17,10,27,,,,,Duatlón cros,0
615,I BERREA BIKE EXPERIENCE,2025-09-28,FUENLABRADA DE LOS MONTES,GENERAL,general,ok,,58,0,0,58,,,,,Ciclismo,58
670,CARRERA SOLIDARIA DESAFIO ELA - TARIFA,2025-09-21,TARIFA,NIÑOS 1,ninos1,ok,,8,0,0,8,,,,,Carrera,8
670,CARRERA SOLIDARIA DESAFIO ELA - TARIFA,2025-09-21,TARIFA,NIÑOS 2,ninos2,ok,,5,0,0,5,,,,,Carrera,5
670,CARRERA SOLIDARIA DESAFIO ELA - TARIFA,2025-09-21,TARIFA,ADULTOS,adultos,ok,,194,0,0,194,,,,,Carrera,194
637,XLIV CROSS FERIA DE SAN MIGUEL,2025-09-20,ZAFRA,SUB8,sub8,ok,,25,12,13,25,,,,,Carrera,0
637,XLIV CROSS FERIA DE SAN MIGUEL,2025-09-20,ZAFRA,SUB10,sub10,ok,,23,11,12,23,,,,,Carrera,0
637,XLIV CROSS FERIA DE SAN MIGUEL,2025-09-20,ZAFRA,SUB12,sub12,ok,,18,0,0,18,,,,,Carrera,18
637,XLIV CROSS FERIA DE SAN MIGUEL,2025-09-20,ZAFRA,SUB14-16,sub1416,ok,,15,0,0,15,,,,,Carrera,15
637,XLIV CROSS FERIA DE SAN MIGUEL,2025-09-20,ZAFRA,ABSOLUTA,absoluta,ok,,130,0,0,130,,,,,Carrera,130
671,XL CARRERA POPULAR FREGENAL DE LA SIERRA,2025-09-14,FREGENAL DE LA SIERRA,SUB 14- SUB 16,sub14sub16,ok,,4,0,0,4,,,,,Carrera,4
671,XL CARRERA POPULAR FREGENAL DE LA SIERRA,2025-09-14,FREGENAL DE LA SIERRA,SUB 10-SUB 12,sub10sub12,ok,,42,0,0,42,,,,,Carrera,42
671,XL CARRERA POPULAR FREGENAL DE LA SIERRA,2025-09-14,FREGENAL DE LA SIERRA,CARRERA ABSOLUTA,carreraabsoluta,ok,,89,0,0,89,,,,,Carrera,89
671,XL CARRERA POPULAR FREGENAL DE LA SIERRA,2025-09-14,FREGENAL DE LA SIERRA,BENJAMIN,benjamin,ok,,53,0,0,53,,,,,Carrera,53
614,IV TITAN TIERRA DE BARROS,2025-09-14,SANTA MARTA DE LOS BARROS,GENERAL,general,ok,,92,29,0,92,,,,,Ciclismo,63
668,XXIX FONDO POPULAR CIUDAD DE MÉRIDA 2025,2025-09-13,MÉRIDA,SUB10-12,sub1012,ok,,49,0,0,49,,,,,Carrera,49
668,XXIX FONDO POPULAR CIUDAD DE MÉRIDA 2025,2025-09-13,MÉRIDA,SUB14-16,sub1416,ok,,37,0,0,37,,,,,Carrera,37
668,XXIX FONDO POPULAR CIUDAD DE MÉRIDA 2025,2025-09-13,MÉRIDA,SUB18-20,sub1820,ok,,13,0,0,13,,,,,Carrera,13
668,XXIX FONDO POPULAR CIUDAD DE MÉRIDA 2025,2025-09-13,MÉRIDA,ABSOLUTA,absoluta,ok,,352,0,0,352,,,,,Carrera,352
634,XXVI MILLA URBANA SAN MIGUEL (VII PISTA),2025-09-04,LLERENA,GENREL SUB14-16,genrelsub1416,ok,,39,15,24,39,,,,,Carrera,0
634,XXVI MILLA URBANA SAN MIGUEL (VII PISTA),2025-09-04,LLERENA,MARCHA 3000,marcha3000,ok,,9,0,0,9,,,,,Carrera,9
634,XXVI MILLA URBANA SAN MIGUEL (VII PISTA),2025-09-04,LLERENA,MARCHA 2000,marcha2000,ok,,6,0,0,6,,,,,Carrera,6
634,XXVI MILLA URBANA SAN MIGUEL (VII PISTA),2025-09-04,LLERENA,ABSOLUTA,absoluta,ok,,81,55,26,81,,,,,Carrera,0
634,XXVI MILLA URBANA SAN MIGUEL (VII PISTA),2025-09-04,LLERENA,SUB12,sub12,ok,,28,0,0,28,,,,,Carrera,28
634,XXVI MILLA URBANA SAN MIGUEL (VII PISTA),2025-09-04,LLERENA,SUB10,sub10,ok,,22,0,0,22,,,,,Carrera,22
634,XXVI MILLA URBANA SAN MIGUEL (VII PISTA),2025-09-04,LLERENA,SUB8,sub8,ok,,26,0,0,26,,,,,Carrera,26
630,XXXV FONDO POPULAR CIUDAD DE DON BENITO,2025-08-30,DON BENITO,BENJAMIN,benjamin,ok,,26,0,0,26,,,,,Carrera,26
630,XXXV FONDO POPULAR CIUDAD DE DON BENITO,2025-08-30,DON BENITO,ALEVIN,alevin,ok,,31,0,0,31,,,,,Carrera,31
630,XXXV FONDO POPULAR CIUDAD DE DON BENITO,2025-08-30,DON BENITO,INFANTIL,infantil,ok,,22,0,0,22,,,,,Carrera,22
630,XXXV FONDO POPULAR CIUDAD DE DON BENITO,2025-08-30,DON BENITO,3000,3000,ok,,41,0,0,41,,,,,Carrera,41
630,XXXV FONDO POPULAR CIUDAD DE DON BENITO,2025-08-30,DON BENITO,4500 .2,45002,ok,,166,0,0,166,,,,,Carrera,166
630,XXXV FONDO POPULAR CIUDAD DE DON BENITO,2025-08-30,DON BENITO,6000,6000,ok,,83,0,0,83,,,,,Carrera,83
630,XXXV FONDO POPULAR CIUDAD DE DON BENITO,2025-08-30,DON BENITO,PREBENJAMIN,prebenjamin,ok,,51,0,0,51,,,,,Carrera,51
633,XXXV CROSS POPULAR DE MONESTERIO,2025-08-23,MONESTERIO,SUB 8,sub8,ok,,16,0,0,16,,,,,Carrera,16
633,XXXV CROSS POPULAR DE MONESTERIO,2025-08-23,MONESTERIO,SUB 10,sub10,ok,,23,0,0,23,,,,,Carrera,23
633,XXXV CROSS POPULAR DE MONESTERIO,2025-08-23,MONESTERIO,SUB 12,sub12,ok,,16,0,0,16,,,,,Carrera,16
633,XXXV CROSS POPULAR DE MONESTERIO,2025-08-23,MONESTERIO,SUB 14,sub14,ok,,18,0,0,18,,,,,Carrera,18
633,XXXV CROSS POPULAR DE MONESTERIO,2025-08-23,MONESTERIO,MARCHA PROMOCION,marchapromocion,ok,,17,0,0,17,,,,,Carrera,17
633,XXXV CROSS POPULAR DE MONESTERIO,2025-08-23,MONESTERIO,MARCHA ATELETICA,marchaateletica,ok,,14,0,0,14,,,,,Carrera,14
633,XXXV CROSS POPULAR DE MONESTERIO,2025-08-23,MONESTERIO,POPULAR LOCAL,popularlocal,ok,,14,0,0,14,,,,,Carrera,14
633,XXXV CROSS POPULAR DE MONESTERIO,2025-08-23,MONESTERIO,ABSOLUTA,absoluta,ok,,57,39,18,57,,,,,Carrera,0
661,XXVI CARRERA POPULAR QUESADA CLÍNICA DENTAL BAZA 2025,2025-08-22,BAZA,GENERAL,general,ok,,164,0,0,164,,,,,Carrera,164
632,XXVII MILLA URBANA DE BERLANGA,2025-08-22,BERLANGA,SUB8,sub8,ok,,20,0,0,20,,,,,Carrera,20
632,XXVII MILLA URBANA DE BERLANGA,2025-08-22,BERLANGA,SUB10,sub10,ok,,18,0,0,18,,,,,Carrera,18
632,XXVII MILLA URBANA DE BERLANGA,2025-08-22,BERLANGA,SUB12,sub12,ok,,18,0,0,18,,,,,Carrera,18
632,XXVII MILLA URBANA DE BERLANGA,2025-08-22,BERLANGA,SUB14-16,sub1416,ok,,33,15,18,33,,,,,Carrera,0
632,XXVII MILLA URBANA DE BERLANGA,2025-08-22,BERLANGA,ABSOLUTA,absoluta,ok,,58,40,18,58,,,,,Carrera,0
631,XXXVII CROSS PEÑA DEL ÁGUILA-PEDRO CARBALLO,2025-08-03,VILLAR DEL REY,CADETE,cadete,ok,,4,0,0,4,,,,,Carrera,4
631,XXXVII CROSS PEÑA DEL ÁGUILA-PEDRO CARBALLO,2025-08-03,VILLAR DEL REY,INFALTIL,infaltil,ok,,16,0,0,16,,,,,Carrera,16
631,XXXVII CROSS PEÑA DEL ÁGUILA-PEDRO CARBALLO,2025-08-03,VILLAR DEL REY,ALEVIN,alevin,ok,,22,0,0,22,,,,,Carrera,22
631,XXXVII CROSS PEÑA DEL ÁGUILA-PEDRO CARBALLO,2025-08-03,VILLAR DEL REY,BENJAMIN,benjamin,ok,,26,0,0,26,,,,,Carrera,26
631,XXXVII CROSS PEÑA DEL ÁGUILA-PEDRO CARBALLO,2025-08-03,VILLAR DEL REY,CHUPETINES,chupetines,ok,,31,0,0,31,,,,,Carrera,31
631,XXXVII CROSS PEÑA DEL ÁGUILA-PEDRO CARBALLO,2025-08-03,VILLAR DEL REY,ADULTOS PROVISIONAL 6,adultosprovisional6,ok,,192,0,0,192,,,,,Carrera,192
,XI TRIATLÓN CIUDAD DEL TEMPLE,2025-07-27,JEREZ DE LOS CABALLEROS,,,sense_resultats,,,,,,,,,,Triatlón,
660,VII MARATÓN  CIUDAD DE JAÉN,2025-07-13,JAEN,PAREJAS -,parejas,ok,,5,0,0,5,,,,,Carrera,5
660,VII MARATÓN  CIUDAD DE JAÉN,2025-07-13,JAEN,EQUIPO,equipo,ok,,47,0,0,47,,,,,Carrera,47
660,VII MARATÓN  CIUDAD DE JAÉN,2025-07-13,JAEN,INDIVIDUAL -,individual,ok,,43,0,0,43,,,,,Carrera,43
660,VII MARATÓN  CIUDAD DE JAÉN,2025-07-13,JAEN,PAREJAS- CON PARCIALES,parejasconparciales,ok,,5,3,0,5,,,,,Carrera,2
660,VII MARATÓN  CIUDAD DE JAÉN,2025-07-13,JAEN,EQUIPOS- CON PARCIALES,equiposconparciales,ok,,21,11,0,21,,,,,Carrera,10
660,VII MARATÓN  CIUDAD DE JAÉN,2025-07-13,JAEN,MEDIA MARATON -,mediamaraton,ok,,6,0,0,6,,,,,Carrera,6
,24 H. FUTBOL SALA BAZA,2025-06-28,BAZA,,,sense_resultats,,,,,,,,,,Fútbol sala,
,VII SENDERISMO SOLIDARIO NINA LA GUERRERA,2025-06-22,ALCALA LA REAL,,,sense_resultats,,,,,,,,,,Carrera,
610,XI CXM MANCHA REAL - SIERRA MAGINA 2025,2025-06-21,MANCHA REAL,CORTA.,corta,ok,,125,0,0,125,,,,,Carrera por montaña,125
610,XI CXM MANCHA REAL - SIERRA MAGINA 2025,2025-06-21,MANCHA REAL,CON PUNTO INTERMEDIO - CXM,conpuntointermediocxm,ok,,134,0,0,134,,,,,Carrera por montaña,134
,VI JORNADA DEPORTIVA SOLIDARIA,2025-06-14,TORREDONJIMENO,,,sense_resultats,,,,,,,,,,Carrera,
657,XFIT RACE,2025-06-14,DON BENITO,DOBLES - TODOS LOS PARCIALES,doblestodoslosparciales,ok,,1104,723,381,1104,,,,,Carrera de obstáculos,0
657,XFIT RACE,2025-06-14,DON BENITO,DOBLES - TRAMOS,doblestramos,ok,,492,238,254,492,,,,,Carrera de obstáculos,0
657,XFIT RACE,2025-06-14,DON BENITO,DOBLES MIXTOS - TODOS LOS PARCIALES,doblesmixtostodoslosparciales,ok,,384,0,0,384,,,,,Carrera de obstáculos,384
657,XFIT RACE,2025-06-14,DON BENITO,DOBLES MIXTOS- TRAMOS,doblesmixtostramos,ok,,208,0,0,208,,,,,Carrera de obstáculos,208
657,XFIT RACE,2025-06-14,DON BENITO,INDIVIDUALES - TODOS LOS PARCIALES,individualestodoslosparciales,ok,,270,228,42,270,,,,,Carrera de obstáculos,0
657,XFIT RACE,2025-06-14,DON BENITO,INDIVIDUAL - TRAMOS,individualtramos,ok,,179,151,28,179,,,,,Carrera de obstáculos,0
618,II MARATON - MEDIA MARATON - MARATÓN POR EQUIPOS 2025 . EN PISTA TORREPEROGIL,2025-06-08,TORREPEROGIL,MEDIA MARATON,mediamaraton,ok,,13,0,0,13,,,,,Carrera,13
618,II MARATON - MEDIA MARATON - MARATÓN POR EQUIPOS 2025 . EN PISTA TORREPEROGIL,2025-06-08,TORREPEROGIL,MARATON,maraton,ok,,32,0,0,32,,,,,Carrera,32
646,VIII CXM NOCTURNA MONTES DE CEUTA,2025-06-07,CEUTA,- CADETE,cadete,ok,,5,0,0,5,,,,,Carrera por montaña,5
646,VIII CXM NOCTURNA MONTES DE CEUTA,2025-06-07,CEUTA,- CON PUNTOS INTERMEDIOS - INDIVIDUAL,conpuntosintermediosindividual,ok,,539,0,0,539,,,,,Carrera por montaña,539
646,VIII CXM NOCTURNA MONTES DE CEUTA,2025-06-07,CEUTA,- CON PUNTOS INTERMEDIOS - BINOMINO,conpuntosintermediosbinomino,ok,,131,0,0,131,,,,,Carrera por montaña,131
646,VIII CXM NOCTURNA MONTES DE CEUTA,2025-06-07,CEUTA,CRONOESCALADA,cronoescalada,ok,,358,0,0,358,,,,,Carrera por montaña,358
656,XXXI CARRERA URBANA SAN FELIPE NERI,2025-06-07,CADIZ,PITUFOS,pitufos,ok,,109,0,0,109,,,,,Carrera,109
656,XXXI CARRERA URBANA SAN FELIPE NERI,2025-06-07,CADIZ,PREBENJAMIN.,prebenjamin,ok,,90,0,0,90,,,,,Carrera,90
656,XXXI CARRERA URBANA SAN FELIPE NERI,2025-06-07,CADIZ,BENJAMIN-ALEVIN,benjaminalevin,ok,,151,0,0,151,,,,,Carrera,151
656,XXXI CARRERA URBANA SAN FELIPE NERI,2025-06-07,CADIZ,ADULTOS,adultos,ok,,132,28,1,132,,,,,Carrera,103
,II CONCURSO DE AUTO LOCOS DE SAN MARTIN DEL TESORILLO,2025-05-25,San Martín del tesorillo,,,sense_resultats,,,,,,,,,,Carrera,
613,VII MEDIA MARATON TENTUDIA BODONAL DE LA SIERRA,2025-05-25,BODONAL DE LA SIERRA,GENERAL,general,ok,,131,0,0,131,,,,,Ciclismo,131
643,MEMORIAL ISIDRO PULIDO GRAVEL BY GSPORT - COPA DE ANDALUCÍA GRAVEL,2025-05-17,VILLANUEVA DE CORDOBA,GENERAL,general,ok,,74,0,0,74,,,,,Ciclismo,74
612,MEDIA MARATON BTT VALDEHORNOS RACE 2025,2025-05-11,CASAS DE DON PEDRO,GENERAL,general,ok,,122,0,0,122,,,,,Ciclismo,122
612,MEDIA MARATON BTT VALDEHORNOS RACE 2025,2025-05-11,CASAS DE DON PEDRO,CON INTERMEDIO,conintermedio,ok,,150,0,0,150,,,,,Ciclismo,150
624,IV TRIATLON PLAYA DE PELOCHE,2025-05-04,HERRERA DEL DUQUE,EQUIPOS CON TRANSICIONES,equiposcontransiciones,ok,,230,0,0,230,,,,,Triatlón,230
586,III LA CONQUISTA DE MAGINA,2025-05-04,MANCHA REAL,INDIVIDUAL,individual,ok,,180,0,0,180,,,,,Ciclismo,180
586,III LA CONQUISTA DE MAGINA,2025-05-04,MANCHA REAL,PAREJAS,parejas,ok,,82,0,0,82,,,,,Ciclismo,82
650,LA CUNA DEL ACEITE - AGROLIVA,2025-05-01,Monterrubio de la Serena.,CON INTERMEDIO,conintermedio,ok,,96,0,0,96,,,,,Ciclismo,96
611,AZUAGA BIKE 2025,2025-04-27,AZUAGA,CON PUNTO INTERMEDIO,conpuntointermedio,ok,,103,0,0,103,,,,,Ciclismo,103
629,XVIII TRAIL SIERRA DE TENTUDÍA,2025-04-27,CABEZA LA VACA,6K,6k,ok,,24,0,0,24,,,,,Trail,24
629,XVIII TRAIL SIERRA DE TENTUDÍA,2025-04-27,CABEZA LA VACA,14K,14k,ok,,181,0,0,181,,,,,Trail,181
629,XVIII TRAIL SIERRA DE TENTUDÍA,2025-04-27,CABEZA LA VACA,25K,25k,ok,,127,0,0,127,,,,,Trail,127
629,XVIII TRAIL SIERRA DE TENTUDÍA,2025-04-27,CABEZA LA VACA,25K PAREJAS,25kparejas,ok,,15,0,0,15,,,,,Trail,15
629,XVIII TRAIL SIERRA DE TENTUDÍA,2025-04-27,CABEZA LA VACA,38K PAREJAS PROVISIONAL,38kparejasprovisional,ok,,18,0,0,18,,,,,Trail,18
629,XVIII TRAIL SIERRA DE TENTUDÍA,2025-04-27,CABEZA LA VACA,38K PROVISIONAL 4,38kprovisional4,ok,,90,0,0,90,,,,,Trail,90
609,XI CXM MONTIZÓN - CONDADO DE JAÉN - 2025,2025-04-12,ALDEAHERMOSA DE MONTIZON,- CORTA,corta,ok,,37,0,0,37,,,,,Carrera por montaña,37
609,XI CXM MONTIZÓN - CONDADO DE JAÉN - 2025,2025-04-12,ALDEAHERMOSA DE MONTIZON,- LARGA,larga,ok,,28,0,0,28,,,,,Carrera por montaña,28
,V BTT PICOS DE GUADIANA,2025-04-12,HUESA,,,sense_resultats,,,,,,,,,,Ciclismo,
595,V TRAIL VALLE DE MATAMOROS,2025-04-06,VALLE DE MATAMOROS,- CORTA,corta,ok,,92,27,2,92,,,,,Carrera por montaña,63
595,V TRAIL VALLE DE MATAMOROS,2025-04-06,VALLE DE MATAMOROS,- LARGA,larga,ok,,73,61,5,73,,,,,Carrera por montaña,7
606,V DESAFIO FUNDACIÓN GRUPO OLEÍCOLA JAÉN – DUQUE DE AHUMADA,2025-04-06,BAEZA,SU12-SUB14,su12sub14,ok,,92,0,0,92,,,,,Carrera,92
606,V DESAFIO FUNDACIÓN GRUPO OLEÍCOLA JAÉN – DUQUE DE AHUMADA,2025-04-06,BAEZA,SUB16,sub16,ok,,12,0,0,12,,,,,Carrera,12
606,V DESAFIO FUNDACIÓN GRUPO OLEÍCOLA JAÉN – DUQUE DE AHUMADA,2025-04-06,BAEZA,ABSOLUTA,absoluta,ok,,1624,180,83,1624,,,,,Carrera,1361
600,VIII PRIMAVERA RUN CIUDAD DE VILLACARRILLO,2025-03-30,VILLACARRILLO,PREBENJAMIN-ALEVIN,prebenjaminalevin,ok,,49,5,11,49,,,,,Carrera,33
600,VIII PRIMAVERA RUN CIUDAD DE VILLACARRILLO,2025-03-30,VILLACARRILLO,INFANTILES,infantiles,ok,,11,0,0,11,,,,,Carrera,11
600,VIII PRIMAVERA RUN CIUDAD DE VILLACARRILLO,2025-03-30,VILLACARRILLO,ADULTOS,adultos,ok,,223,54,31,223,,,,,Carrera,138
,XVI CARRERA DÍA ANDALUCIA TARIFA 2025,2025-03-23,TARIFA,,,sense_resultats,,,,,,,,,,Carrera,
621,VIII RUTA SIERRA DEL PEDREGOSO,2025-03-16,CABEZA EL BUEY,GENERAL,general,ok,,96,0,0,96,,,,,Ciclismo,96
621,VIII RUTA SIERRA DEL PEDREGOSO,2025-03-16,CABEZA EL BUEY,CON PUNTO INTERMEDIO,conpuntointermedio,ok,,109,27,1,109,,,,,Ciclismo,81
623,II DUATLON CROS LLERENA,2025-02-23,LLERENA,GENERAL,general,ok,,67,50,17,67,,,,,Duatlón,0
623,II DUATLON CROS LLERENA,2025-02-23,LLERENA,MIXTO,mixto,ok,,12,0,0,12,,,,,Duatlón,12
596,X SUBIDA AL CONVENTO DE LA LAPA,2025-02-09,LA LAPA,PROMOCION 2011-2015,promocion20112015,ok,,32,4,11,32,,,,,Carrera por montaña,17
596,X SUBIDA AL CONVENTO DE LA LAPA,2025-02-09,LA LAPA,PROMOCION 2016-2022,promocion20162022,ok,,42,14,7,42,,,,,Carrera por montaña,21
596,X SUBIDA AL CONVENTO DE LA LAPA,2025-02-09,LA LAPA,13KM -,13km,ok,,279,43,17,279,,,,,Carrera por montaña,219
596,X SUBIDA AL CONVENTO DE LA LAPA,2025-02-09,LA LAPA,27KM -,27km,ok,,167,0,0,167,,,,,Carrera por montaña,167
602,X MARATÓN BTT MONCLOVA DESERT GRAN PREMIO VIALIDER 2024,2025-02-09,LA LUISIANA,CORTA -,corta,ok,,80,0,0,80,,,,,Ciclismo,80
602,X MARATÓN BTT MONCLOVA DESERT GRAN PREMIO VIALIDER 2024,2025-02-09,LA LUISIANA,LARGA -,larga,ok,,356,0,0,356,,,,,Ciclismo,356
607,III CIUDAD DEL GRANITO,2025-01-19,Quintana de la Serena,GENERAL,general,ok,,133,0,0,133,,,,,Ciclismo,133
599,SAN SILVESTRE FUENTE DE CANTOS,2024-12-31,FUENTE DE CANTOS,PREBENJAMINES – SUB 8 -,prebenjaminessub8,ok,,12,0,0,12,,,,,Carrera,12
599,SAN SILVESTRE FUENTE DE CANTOS,2024-12-31,FUENTE DE CANTOS,BENJAMINES – SUB 10-,benjaminessub10,ok,,22,0,0,22,,,,,Carrera,22
599,SAN SILVESTRE FUENTE DE CANTOS,2024-12-31,FUENTE DE CANTOS,ALEVINES – SUB 12 -,alevinessub12,ok,,12,0,0,12,,,,,Carrera,12
599,SAN SILVESTRE FUENTE DE CANTOS,2024-12-31,FUENTE DE CANTOS,INFANTILES – SUB 14-,infantilessub14,ok,,12,0,0,12,,,,,Carrera,12
599,SAN SILVESTRE FUENTE DE CANTOS,2024-12-31,FUENTE DE CANTOS,ABSOLUTA,absoluta,ok,,190,0,0,190,,,,,Carrera,190
599,SAN SILVESTRE FUENTE DE CANTOS,2024-12-31,FUENTE DE CANTOS,MARCHA ATLETICA NIÑOS,marchaatleticaninos,ok,,20,0,0,20,,,,,Carrera,20
599,SAN SILVESTRE FUENTE DE CANTOS,2024-12-31,FUENTE DE CANTOS,MARCHA ATLETICA ADULTOS,marchaatleticaadultos,ok,,28,0,0,28,,,,,Carrera,28
598,VII CARRERA SAN SILVESTRE HUESA 2024,2024-12-30,HUESA,- MENORES,menores,ok,,11,0,0,11,,,,,Carrera,11
598,VII CARRERA SAN SILVESTRE HUESA 2024,2024-12-30,HUESA,- ADULTOS,adultos,ok,,73,0,0,73,,,,,Carrera,73
593,VII SAN SILVESTRE GADITANA 2024,2024-12-28,CADIZ,ADULTO,adulto,ok,,1374,144,47,1374,,,,,Carrera,1183
593,VII SAN SILVESTRE GADITANA 2024,2024-12-28,CADIZ,SUB12,sub12,ok,,38,0,0,38,,,,,Carrera,38
593,VII SAN SILVESTRE GADITANA 2024,2024-12-28,CADIZ,SUB10,sub10,ok,,32,0,0,32,,,,,Carrera,32
593,VII SAN SILVESTRE GADITANA 2024,2024-12-28,CADIZ,SUB8,sub8,ok,,32,0,0,32,,,,,Carrera,32
563,XIII CARRERA POPULAR TORREPEROGIL 2024,2024-12-28,TORREPEROGIL,PREBENJAMIN,prebenjamin,ok,,43,0,0,43,,,,,Carrera,43
563,XIII CARRERA POPULAR TORREPEROGIL 2024,2024-12-28,TORREPEROGIL,BENJAMIN - ALEVIN -,benjaminalevin,ok,,102,0,0,102,,,,,Carrera,102
563,XIII CARRERA POPULAR TORREPEROGIL 2024,2024-12-28,TORREPEROGIL,INFANTIL - CADETE -,infantilcadete,ok,,34,0,0,34,,,,,Carrera,34
563,XIII CARRERA POPULAR TORREPEROGIL 2024,2024-12-28,TORREPEROGIL,ABSOLUTA -,absoluta,ok,,410,62,2,410,,,,,Carrera,346
590,III SAN SILVESTRE TARIFEÑA 2024,2024-12-28,TARIFA,GENERAL,general,ok,,249,0,0,249,,,,,Carrera,249
597,I CROSS POPULAR LÚDICO Y SOLIDARIO DE CASTELLAR DE LA FRONTERA,2024-12-21,CASTELLAR,SUB10,sub10,ok,,19,0,0,19,,,,,Carrera,19
597,I CROSS POPULAR LÚDICO Y SOLIDARIO DE CASTELLAR DE LA FRONTERA,2024-12-21,CASTELLAR,SUB12,sub12,ok,,28,0,0,28,,,,,Carrera,28
597,I CROSS POPULAR LÚDICO Y SOLIDARIO DE CASTELLAR DE LA FRONTERA,2024-12-21,CASTELLAR,SUB14,sub14,ok,,18,0,0,18,,,,,Carrera,18
597,I CROSS POPULAR LÚDICO Y SOLIDARIO DE CASTELLAR DE LA FRONTERA,2024-12-21,CASTELLAR,SUB16,sub16,ok,,14,0,0,14,,,,,Carrera,14
597,I CROSS POPULAR LÚDICO Y SOLIDARIO DE CASTELLAR DE LA FRONTERA,2024-12-21,CASTELLAR,ABSOLUTA PROVISIONAL,absolutaprovisional,ok,,236,6,1,236,,,,,Carrera,229
559,V DESAFIO LA CODOSERA,2024-12-01,LA CODOSERA,MINITRAIL,minitrail,ok,,160,0,0,160,,,,,Carrera por montaña,160
559,V DESAFIO LA CODOSERA,2024-12-01,LA CODOSERA,TRAIL,trail,ok,,64,0,0,64,,,,,Carrera por montaña,64
589,CARRERA MTB CIUDAD DE TARIFA - ENTRE DOS MARES,2024-11-30,TARIFA,GENERAL,general,ok,,254,0,0,254,,,,,Ciclismo,254
589,CARRERA MTB CIUDAD DE TARIFA - ENTRE DOS MARES,2024-11-30,TARIFA,EBIKE,ebike,ok,,39,0,0,39,,,,,Ciclismo,39
,I MEDIA MARATON CIUDAD DE CADIZ - SOLO CAMISETA,2024-11-25,CADIZ,,,sense_resultats,,,,,,,,,,Carrera,
592,II CARRERA POR LA ELIMINACION DE LA VIOLENCIA CONTRA LAS MUJERES,2024-11-24,CADIZ,CON INTERMEDIOS,conintermedios,ok,,230,0,0,230,,,,,Carrera,230
570,V CROSS DEL PINAR DEL REY,2024-11-17,SAN ROQUE,SUB16-SUB18,sub16sub18,ok,,21,0,0,21,,,,,Carrera,21
570,V CROSS DEL PINAR DEL REY,2024-11-17,SAN ROQUE,SUB14,sub14,ok,,26,0,0,26,,,,,Carrera,26
570,V CROSS DEL PINAR DEL REY,2024-11-17,SAN ROQUE,SUB12,sub12,ok,,68,35,33,68,,,,,Carrera,0
570,V CROSS DEL PINAR DEL REY,2024-11-17,SAN ROQUE,SUB10,sub10,ok,,90,49,41,90,,,,,Carrera,0
570,V CROSS DEL PINAR DEL REY,2024-11-17,SAN ROQUE,SUB8,sub8,ok,,130,0,0,130,,,,,Carrera,130
570,V CROSS DEL PINAR DEL REY,2024-11-17,SAN ROQUE,ABSOLUTA,absoluta,ok,,166,120,46,166,,,,,Carrera,0
587,I MONCLOVA DESERT GRAVEL,2024-11-10,LA LUISIANA,GENERAL,general,ok,,217,55,3,217,,,,,Ciclismo,159
,XII DUATLON CROSS DOÑA BLANCA - MEMORIAL FELIX NIETO,2024-11-09,DON BENITO,,,sense_resultats,,,,,,,,,,Duatlón cros,
580,II TRAIL SIERRA DE FACINAS 2024,2024-11-09,FACINAS,GENERAL,general,ok,,284,28,2,284,,,,,Carrera por montaña,254
583,V ULTRA TRAIL DESPEÑAPERROS,2024-11-09,SANTA ELENA,BENJAMIN PREBENJAMIN,benjaminprebenjamin,ok,,24,0,0,24,,,,,Carrera por montaña,24
583,V ULTRA TRAIL DESPEÑAPERROS,2024-11-09,SANTA ELENA,INFANTIL ALEVIN,infantilalevin,ok,,9,0,0,9,,,,,Carrera por montaña,9
583,V ULTRA TRAIL DESPEÑAPERROS,2024-11-09,SANTA ELENA,CADETE JUVENIL,cadetejuvenil,ok,,11,0,0,11,,,,,Carrera por montaña,11
583,V ULTRA TRAIL DESPEÑAPERROS,2024-11-09,SANTA ELENA,STD - CON PUNTO INTERMEDIO,stdconpuntointermedio,ok,,88,0,0,88,,,,,Carrera por montaña,88
583,V ULTRA TRAIL DESPEÑAPERROS,2024-11-09,SANTA ELENA,TD - CON PUNTO INTERMEDIO,tdconpuntointermedio,ok,,77,0,0,77,,,,,Carrera por montaña,77
583,V ULTRA TRAIL DESPEÑAPERROS,2024-11-09,SANTA ELENA,LTD - CON PUNTOS INTERMEDIOS,ltdconpuntosintermedios,ok,,35,0,0,35,,,,,Carrera por montaña,35
583,V ULTRA TRAIL DESPEÑAPERROS,2024-11-09,SANTA ELENA,UTD - CON PUNTOS INTERMEDIOS,utdconpuntosintermedios,ok,,12,0,0,12,,,,,Carrera por montaña,12
588,IV RETO CAPITAL DEL VINO,2024-11-02,BOLLULLOS PAR DEL CONDADO,GENERAL,general,ok,,254,0,0,254,,,,,Ciclismo,254
545,5 MILES TENTUDÍA BIKE,2024-10-27,CABEZA LA VACA,CORTA,corta,ok,,116,0,0,116,,,,,Ciclismo,116
545,5 MILES TENTUDÍA BIKE,2024-10-27,CABEZA LA VACA,LARGA CON PUNTO INTERMEDIO,largaconpuntointermedio,ok,,258,0,0,258,,,,,Ciclismo,258
558,III CARRERA DEL ACEITE - NAVALVILLAR DE PELA,2024-10-27,NAVALVILLAR DE PELA,- BENJAMIN,benjamin,ok,,21,0,0,21,,,,,Carrera,21
558,III CARRERA DEL ACEITE - NAVALVILLAR DE PELA,2024-10-27,NAVALVILLAR DE PELA,- ALEVIN,alevin,ok,,12,0,0,12,,,,,Carrera,12
558,III CARRERA DEL ACEITE - NAVALVILLAR DE PELA,2024-10-27,NAVALVILLAR DE PELA,- SUB16 - CADETE,sub16cadete,ok,,9,0,0,9,,,,,Carrera,9
558,III CARRERA DEL ACEITE - NAVALVILLAR DE PELA,2024-10-27,NAVALVILLAR DE PELA,- ABSOLUTA - MASTER,absolutamaster,ok,,61,0,0,61,,,,,Carrera,61
562,XI DUATLON CROSS DE MONESTERIO,2024-10-26,MONESTERIO,- ADULTOS,adultos,ok,,67,48,19,67,,,,,Duatlón cros,0
557,XVIII PRUEBA URBANA “CIUDAD DE FUENTE DEL MAESTRE”,2024-10-19,FUENTE DEL MAESTRE,CHUPETIN,chupetin,ok,,117,63,54,117,,,,,Carrera,0
557,XVIII PRUEBA URBANA “CIUDAD DE FUENTE DEL MAESTRE”,2024-10-19,FUENTE DEL MAESTRE,PREBENJAMIN,prebenjamin,ok,,55,30,25,55,,,,,Carrera,0
557,XVIII PRUEBA URBANA “CIUDAD DE FUENTE DEL MAESTRE”,2024-10-19,FUENTE DEL MAESTRE,BENJAMINES,benjamines,ok,,53,0,0,53,,,,,Carrera,53
557,XVIII PRUEBA URBANA “CIUDAD DE FUENTE DEL MAESTRE”,2024-10-19,FUENTE DEL MAESTRE,ALEVINES INFANTIL,alevinesinfantil,ok,,69,0,69,69,,,,,Carrera,0
557,XVIII PRUEBA URBANA “CIUDAD DE FUENTE DEL MAESTRE”,2024-10-19,FUENTE DEL MAESTRE,INFANTIL CADETES,infantilcadetes,ok,,28,28,0,28,,,,,Carrera,0
557,XVIII PRUEBA URBANA “CIUDAD DE FUENTE DEL MAESTRE”,2024-10-19,FUENTE DEL MAESTRE,GENERAL,general,ok,,306,206,100,306,,,,,Carrera,0
582,IV CARRERA POPULAR SALESIANAS CADIZ,2024-10-19,CADIZ,7K,7k,ok,,165,0,0,165,,,,,Carrera,165
582,IV CARRERA POPULAR SALESIANAS CADIZ,2024-10-19,CADIZ,CADETE,cadete,ok,,12,0,0,12,,,,,Carrera,12
582,IV CARRERA POPULAR SALESIANAS CADIZ,2024-10-19,CADIZ,INFANTIL,infantil,ok,,22,0,0,22,,,,,Carrera,22
582,IV CARRERA POPULAR SALESIANAS CADIZ,2024-10-19,CADIZ,ALEVIN,alevin,ok,,36,0,0,36,,,,,Carrera,36
582,IV CARRERA POPULAR SALESIANAS CADIZ,2024-10-19,CADIZ,BENJAMIN,benjamin,ok,,47,0,0,47,,,,,Carrera,47
575,I MEDIA MARATON CIUDAD DE CADIZ,2024-10-06,CADIZ,GENERAL,general,ok,,1785,0,0,1785,,,,,Carrera,1785
575,I MEDIA MARATON CIUDAD DE CADIZ,2024-10-06,CADIZ,CON INTERMEDIOS,conintermedios,ok,,1420,0,0,1420,,,,,Carrera,1420
556,XLIV CROSS DEL CORDERO DE CABEZA DEL BUEY,2024-10-05,CABEZA DEL BUEY,SUB12 SUB14,sub12sub14,ok,,68,0,68,68,,,,,Carrera,0
556,XLIV CROSS DEL CORDERO DE CABEZA DEL BUEY,2024-10-05,CABEZA DEL BUEY,SUB10,sub10,ok,,64,0,0,64,,,,,Carrera,64
556,XLIV CROSS DEL CORDERO DE CABEZA DEL BUEY,2024-10-05,CABEZA DEL BUEY,PREBENJAMIN,prebenjamin,ok,,41,0,0,41,,,,,Carrera,41
556,XLIV CROSS DEL CORDERO DE CABEZA DEL BUEY,2024-10-05,CABEZA DEL BUEY,QUERUBIN,querubin,ok,,32,0,0,32,,,,,Carrera,32
556,XLIV CROSS DEL CORDERO DE CABEZA DEL BUEY,2024-10-05,CABEZA DEL BUEY,SUB14 SUB16,sub14sub16,ok,,17,0,17,17,,,,,Carrera,0
556,XLIV CROSS DEL CORDERO DE CABEZA DEL BUEY,2024-10-05,CABEZA DEL BUEY,SUB16 ABSOLUTA,sub16absoluta,ok,,39,0,39,39,,,,,Carrera,0
556,XLIV CROSS DEL CORDERO DE CABEZA DEL BUEY,2024-10-05,CABEZA DEL BUEY,ABSOLUTA,absoluta,ok,,57,57,0,57,,,,,Carrera,0
,III CARRERA POPULAR CIUDAD DE OLIVENZA,2024-10-04,OLIVENZA,,,sense_resultats,,,,,,,,,,Carrera,
577,VIII TRIHERCULES CADIZ 2024,2024-09-28,CADIZ,GENERAL,general,llista_error,fitxer h: no s'ha trobat cap taula al PDF (format no reconegut per pdfplumber); fitxer d: no s'ha trobat cap taula al PDF (format no reconegut per pdfplumber),,,,,,,,,Triatlón,
536,VII RUTA SIERRA DEL PEDREGOSO,2024-09-22,CABEZA DEL BUEY,GENERAL,general,ok,,117,0,0,117,,,,,Ciclismo,117
536,VII RUTA SIERRA DEL PEDREGOSO,2024-09-22,CABEZA DEL BUEY,CON INTERMEDIO,conintermedio,ok,,137,0,0,137,,,,,Ciclismo,137
568,I TRIATLON DE SAN ROQUE - OLIMPICO,2024-09-22,SAN ROQUE,GENERAL,general,llista_error,fitxer h: no s'ha trobat cap taula al PDF (format no reconegut per pdfplumber); fitxer d: no s'ha trobat cap taula al PDF (format no reconegut per pdfplumber),,,,,,,,,Triatlón,
,SAN ROQUE - CIUDAD DE LOS DESAFIOS,2024-09-22,SAN ROQUE,,,sense_resultats,,,,,,,,,,Carrera,
554,XLIII CROSS FERIA DE SAN MIGUEL,2024-09-21,ZAFRA,SUB8,sub8,ok,,31,18,13,31,,,,,Carrera,0
554,XLIII CROSS FERIA DE SAN MIGUEL,2024-09-21,ZAFRA,SUB10,sub10,ok,,25,11,14,25,,,,,Carrera,0
554,XLIII CROSS FERIA DE SAN MIGUEL,2024-09-21,ZAFRA,SUB12,sub12,ok,,26,0,0,26,,,,,Carrera,26
554,XLIII CROSS FERIA DE SAN MIGUEL,2024-09-21,ZAFRA,SUB14-SUB16,sub14sub16,ok,,17,0,0,17,,,,,Carrera,17
554,XLIII CROSS FERIA DE SAN MIGUEL,2024-09-21,ZAFRA,CHUPETINES,chupetines,ok,,47,31,16,47,,,,,Carrera,0
554,XLIII CROSS FERIA DE SAN MIGUEL,2024-09-21,ZAFRA,SUB18-MASTER,sub18master,ok,,129,0,0,129,,,,,Carrera,129
567,X TRIATLON DE SAN ROQUE - SUPER SPRINT,2024-09-21,TORREGUADIARO,GENERAL,general,llista_error,fitxer h: no s'ha trobat cap taula al PDF (format no reconegut per pdfplumber); fitxer d: no s'ha trobat cap taula al PDF (format no reconegut per pdfplumber),,,,,,,,,Triatlón,
553,XXXIX CARRERA POPULAR FREGENAL DE LA SIERRA,2024-09-15,FREGENAL DE LA SIERRA,SUB18-MASTER -,sub18master,ok,,77,0,0,77,,,,,Carrera,77
553,XXXIX CARRERA POPULAR FREGENAL DE LA SIERRA,2024-09-15,FREGENAL DE LA SIERRA,SUB10-SUB12 -,sub10sub12,ok,,51,0,0,51,,,,,Carrera,51
553,XXXIX CARRERA POPULAR FREGENAL DE LA SIERRA,2024-09-15,FREGENAL DE LA SIERRA,SUB14-SUB16 -,sub14sub16,ok,,17,0,0,17,,,,,Carrera,17
553,XXXIX CARRERA POPULAR FREGENAL DE LA SIERRA,2024-09-15,FREGENAL DE LA SIERRA,PREBENJAMIN -,prebenjamin,ok,,46,0,0,46,,,,,Carrera,46
552,XXVIII FONDO POPULAR CIUDAD DE MÉRIDA,2024-09-14,MÉRIDA,BENJAMIN-ALEVIN -,benjaminalevin,ok,,53,0,0,53,,,,,Carrera,53
552,XXVIII FONDO POPULAR CIUDAD DE MÉRIDA,2024-09-14,MÉRIDA,SUB14-SUB16 -,sub14sub16,ok,,43,0,0,43,,,,,Carrera,43
552,XXVIII FONDO POPULAR CIUDAD DE MÉRIDA,2024-09-14,MÉRIDA,PREBENJAMIN -,prebenjamin,ok,,29,0,0,29,,,,,Carrera,29
552,XXVIII FONDO POPULAR CIUDAD DE MÉRIDA,2024-09-14,MÉRIDA,SUB18-SUB20 -,sub18sub20,ok,,15,0,0,15,,,,,Carrera,15
552,XXVIII FONDO POPULAR CIUDAD DE MÉRIDA,2024-09-14,MÉRIDA,SUB23-MASTER -,sub23master,ok,,270,0,0,270,,,,,Carrera,270
551,"XXV MILLA URBANA SAN MIGUEL DE LLERENA, VII EN PISTA",2024-09-05,LLERENA,SUB14- SUB16,sub14sub16,ok,,47,0,0,47,,,,,Carrera,47
551,"XXV MILLA URBANA SAN MIGUEL DE LLERENA, VII EN PISTA",2024-09-05,LLERENA,MARCHA 2000,marcha2000,ok,,8,0,0,8,,,,,Carrera,8
551,"XXV MILLA URBANA SAN MIGUEL DE LLERENA, VII EN PISTA",2024-09-05,LLERENA,MARCHA 3000,marcha3000,ok,,12,0,0,12,,,,,Carrera,12
551,"XXV MILLA URBANA SAN MIGUEL DE LLERENA, VII EN PISTA",2024-09-05,LLERENA,MARCHA PROMOCION,marchapromocion,ok,,59,0,0,59,,,,,Carrera,59
551,"XXV MILLA URBANA SAN MIGUEL DE LLERENA, VII EN PISTA",2024-09-05,LLERENA,ABSOLUTA,absoluta,ok,,88,59,29,88,,,,,Carrera,0
551,"XXV MILLA URBANA SAN MIGUEL DE LLERENA, VII EN PISTA",2024-09-05,LLERENA,SUB12 -,sub12,ok,,34,0,0,34,,,,,Carrera,34
551,"XXV MILLA URBANA SAN MIGUEL DE LLERENA, VII EN PISTA",2024-09-05,LLERENA,SUB10 -,sub10,ok,,29,0,0,29,,,,,Carrera,29
551,"XXV MILLA URBANA SAN MIGUEL DE LLERENA, VII EN PISTA",2024-09-05,LLERENA,SUB8 -,sub8,ok,,24,0,0,24,,,,,Carrera,24
550,XXXIV FONDO POPULAR CIUDAD DE DON BENITO,2024-08-31,DON BENITO,PREBENJAMIN,prebenjamin,ok,,49,0,0,49,,,,,Carrera,49
550,XXXIV FONDO POPULAR CIUDAD DE DON BENITO,2024-08-31,DON BENITO,BENJAMIN,benjamin,ok,,19,0,0,19,,,,,Carrera,19
550,XXXIV FONDO POPULAR CIUDAD DE DON BENITO,2024-08-31,DON BENITO,ALEVIN,alevin,ok,,30,0,0,30,,,,,Carrera,30
550,XXXIV FONDO POPULAR CIUDAD DE DON BENITO,2024-08-31,DON BENITO,INFANTIL,infantil,ok,,16,0,0,16,,,,,Carrera,16
550,XXXIV FONDO POPULAR CIUDAD DE DON BENITO,2024-08-31,DON BENITO,3000,3000,ok,,41,2,5,41,,,,,Carrera,34
550,XXXIV FONDO POPULAR CIUDAD DE DON BENITO,2024-08-31,DON BENITO,4500,4500,ok,,143,26,1,143,,,,,Carrera,116
550,XXXIV FONDO POPULAR CIUDAD DE DON BENITO,2024-08-31,DON BENITO,6000,6000,ok,,64,0,0,64,,,,,Carrera,64
549,XXXIV CROSS POPULAR MONESTERIO,2024-08-24,MONESTERIO,PREBENJAMIN PROVISIONAL,prebenjaminprovisional,ok,,15,0,0,15,,,,,Carrera,15
549,XXXIV CROSS POPULAR MONESTERIO,2024-08-24,MONESTERIO,BENJAMIN PROVISIONAL,benjaminprovisional,ok,,31,0,0,31,,,,,Carrera,31
549,XXXIV CROSS POPULAR MONESTERIO,2024-08-24,MONESTERIO,ALEVIN PROVISIONAL,alevinprovisional,ok,,16,0,0,16,,,,,Carrera,16
549,XXXIV CROSS POPULAR MONESTERIO,2024-08-24,MONESTERIO,SUB 14 PROVISIONAL,sub14provisional,ok,,15,0,0,15,,,,,Carrera,15
549,XXXIV CROSS POPULAR MONESTERIO,2024-08-24,MONESTERIO,MARCHA PROMOCIÓN PROVISIONAL,marchapromocionprovisional,ok,,24,0,0,24,,,,,Carrera,24
549,XXXIV CROSS POPULAR MONESTERIO,2024-08-24,MONESTERIO,MARCHA ATLETICA PROVISIONAL,marchaatleticaprovisional,ok,,18,0,0,18,,,,,Carrera,18
549,XXXIV CROSS POPULAR MONESTERIO,2024-08-24,MONESTERIO,POPULAR LOCAL,popularlocal,ok,,12,0,0,12,,,,,Carrera,12
549,XXXIV CROSS POPULAR MONESTERIO,2024-08-24,MONESTERIO,ABSOLUTA PROVISIONAL,absolutaprovisional,ok,,85,57,28,85,,,,,Carrera,0
548,XXVI MILLA DE BERLANGA,2024-08-17,BERLANGA,SUB 8,sub8,ok,,22,0,0,22,,,,,Carrera,22
548,XXVI MILLA DE BERLANGA,2024-08-17,BERLANGA,PREMIOS SUB 8,premiossub8,ok,,14,0,0,14,,,,,Carrera,14
548,XXVI MILLA DE BERLANGA,2024-08-17,BERLANGA,SUB 10,sub10,ok,,26,0,0,26,,,,,Carrera,26
548,XXVI MILLA DE BERLANGA,2024-08-17,BERLANGA,PREMIOS SUB 10,premiossub10,ok,,12,0,0,12,,,,,Carrera,12
548,XXVI MILLA DE BERLANGA,2024-08-17,BERLANGA,SUB 12,sub12,ok,,20,0,0,20,,,,,Carrera,20
548,XXVI MILLA DE BERLANGA,2024-08-17,BERLANGA,PREMIOS SUB 12,premiossub12,ok,,12,0,0,12,,,,,Carrera,12
548,XXVI MILLA DE BERLANGA,2024-08-17,BERLANGA,SUB 14-16,sub1416,ok,,20,0,0,20,,,,,Carrera,20
548,XXVI MILLA DE BERLANGA,2024-08-17,BERLANGA,PREMIOS SUB 14-16,premiossub1416,ok,,20,0,0,20,,,,,Carrera,20
548,XXVI MILLA DE BERLANGA,2024-08-17,BERLANGA,ABSOLUTA PROVISIONAL,absolutaprovisional,ok,,74,49,25,74,,,,,Carrera,0
548,XXVI MILLA DE BERLANGA,2024-08-17,BERLANGA,PREMIOS ABSOLUTA PROVISIONAL,premiosabsolutaprovisional,ok,,54,29,25,54,,,,,Carrera,0
522,XI TRAGAMILLAS CIUDAD DE LA LÍNEA,2024-08-11,LA LINEA DE LA CONCEPCION,200,200,ok,,15,0,0,15,,,,,Travesía,15
522,XI TRAGAMILLAS CIUDAD DE LA LÍNEA,2024-08-11,LA LINEA DE LA CONCEPCION,500,500,ok,,25,0,0,25,,,,,Travesía,25
522,XI TRAGAMILLAS CIUDAD DE LA LÍNEA,2024-08-11,LA LINEA DE LA CONCEPCION,1000,1000,ok,,78,0,0,78,,,,,Travesía,78
522,XI TRAGAMILLAS CIUDAD DE LA LÍNEA,2024-08-11,LA LINEA DE LA CONCEPCION,3000,3000,ok,,70,49,10,70,,,,,Travesía,11
547,XLIV EDICION FONDO POPULAR,2024-08-10,AZUAGA,SUB14 -16,sub1416,ok,,35,0,0,35,,,,,Carrera,35
547,XLIV EDICION FONDO POPULAR,2024-08-10,AZUAGA,MARCHA,marcha,ok,,16,0,0,16,,,,,Carrera,16
547,XLIV EDICION FONDO POPULAR,2024-08-10,AZUAGA,MARCHA PROMOCION,marchapromocion,ok,,39,0,0,39,,,,,Carrera,39
547,XLIV EDICION FONDO POPULAR,2024-08-10,AZUAGA,ABSOLUTA -,absoluta,ok,,121,85,36,121,,,,,Carrera,0
547,XLIV EDICION FONDO POPULAR,2024-08-10,AZUAGA,SUB12,sub12,ok,,26,0,0,26,,,,,Carrera,26
547,XLIV EDICION FONDO POPULAR,2024-08-10,AZUAGA,SUB10,sub10,ok,,14,0,0,14,,,,,Carrera,14
547,XLIV EDICION FONDO POPULAR,2024-08-10,AZUAGA,SUB8,sub8,ok,,15,0,0,15,,,,,Carrera,15
547,XLIV EDICION FONDO POPULAR,2024-08-10,AZUAGA,RETACOS,retacos,ok,,14,0,0,14,,,,,Carrera,14
546,XXXVI CROSS PEÑA DEL AGUILA PEDRO CARBALLO,2024-08-04,VILLAR DEL REY,ADULTOS,adultos,ok,,260,0,0,260,,,,,Carrera,260
546,XXXVI CROSS PEÑA DEL AGUILA PEDRO CARBALLO,2024-08-04,VILLAR DEL REY,CADETE,cadete,ok,,6,0,0,6,,,,,Carrera,6
546,XXXVI CROSS PEÑA DEL AGUILA PEDRO CARBALLO,2024-08-04,VILLAR DEL REY,INFANTIL,infantil,ok,,15,0,0,15,,,,,Carrera,15
546,XXXVI CROSS PEÑA DEL AGUILA PEDRO CARBALLO,2024-08-04,VILLAR DEL REY,BENJAMIN,benjamin,ok,,40,0,0,40,,,,,Carrera,40
531,VIII XTREME NATURAL TESORILLO,2024-07-28,SAN MARTIN DEL TESORILLO,ELITE,elite,ok,,14,0,0,14,,,,,Carrera de obstáculos,14
531,VIII XTREME NATURAL TESORILLO,2024-07-28,SAN MARTIN DEL TESORILLO,GRUPO EDAD,grupoedad,ok,,50,0,0,50,,,,,Carrera de obstáculos,50
531,VIII XTREME NATURAL TESORILLO,2024-07-28,SAN MARTIN DEL TESORILLO,PAREJAS,parejas,ok,,25,0,0,25,,,,,Carrera de obstáculos,25
531,VIII XTREME NATURAL TESORILLO,2024-07-28,SAN MARTIN DEL TESORILLO,POPULARES,populares,ok,,134,0,0,134,,,,,Carrera de obstáculos,134
573,I ACUATLON MEMORIAL LUIS ESCARCENA,2024-07-28,LA LINEA DE LA CONCEPCION,MENORES,menores,ok,,10,0,0,10,,,,,Acuatlón,10
573,I ACUATLON MEMORIAL LUIS ESCARCENA,2024-07-28,LA LINEA DE LA CONCEPCION,ADULTOS,adultos,ok,,204,0,0,204,,,,,Acuatlón,204
576,XXXIV TRAVESÍA INTERNACIONAL A NADO “CIUDAD DE CÁDIZ”,2024-07-14,CADIZ,GENERAL,general,ok,,122,0,0,122,,,,,Travesía,122
544,VI MEDIA MARATON TENTUDIA,2024-06-23,BODONAL DE LA SIERRA,CON PUNTO INTERMEDIO,conpuntointermedio,ok,,157,0,0,157,,,,,Ciclismo,157
565,X CXM MANCHA REAL - SIERRA MAGINA 2024,2024-06-22,MANCHA REAL,CORTA,corta,ok,,107,0,0,107,,,,,Carrera por montaña,107
565,X CXM MANCHA REAL - SIERRA MAGINA 2024,2024-06-22,MANCHA REAL,LARGA,larga,ok,,64,0,0,64,,,,,Carrera por montaña,64
566,VIII CROSS DE LAS CUESTAS,2024-06-15,SAN ROQUE,INFANTIL,infantil,ok,,37,0,0,37,,,,,Carrera,37
566,VIII CROSS DE LAS CUESTAS,2024-06-15,SAN ROQUE,ALEVIN,alevin,ok,,85,0,0,85,,,,,Carrera,85
566,VIII CROSS DE LAS CUESTAS,2024-06-15,SAN ROQUE,BENJAMIN,benjamin,ok,,94,0,0,94,,,,,Carrera,94
566,VIII CROSS DE LAS CUESTAS,2024-06-15,SAN ROQUE,ADULTO PROVISIONAL,adultoprovisional,ok,,264,0,0,264,,,,,Carrera,264
574,XXX CARRERA URBANA SAN FELIPE NERI,2024-06-08,CADIZ,ADULTO,adulto,ok,,127,0,0,127,,,,,Carrera,127
574,XXX CARRERA URBANA SAN FELIPE NERI,2024-06-08,CADIZ,BENJAMIN-ALEVIN,benjaminalevin,ok,,164,0,0,164,,,,,Carrera,164
574,XXX CARRERA URBANA SAN FELIPE NERI,2024-06-08,CADIZ,PITUFO-PREBENJAMIN,pitufoprebenjamin,ok,,183,0,0,183,,,,,Carrera,183
,V JORNADAS JUNTOS CONTRA LA ELA,2024-06-08,TORREDONJIMENO,,,sense_resultats,,,,,,,,,,Carrera,
534,I MARATON Y MEDIA MARATON EN PISTA TORREPEROGIL,2024-05-12,TORREPEROGIL,MEDIA MARATON -,mediamaraton,ok,,14,0,0,14,,,,,Carrera,14
534,I MARATON Y MEDIA MARATON EN PISTA TORREPEROGIL,2024-05-12,TORREPEROGIL,MARATON -,maraton,ok,,28,0,0,28,,,,,Carrera,28
530,DESAFIO PINAR EXTREMO,2024-05-05,SAN ROQUE,ELITE,elite,ok,,11,0,0,11,,,,,Carrera de obstáculos,11
530,DESAFIO PINAR EXTREMO,2024-05-05,SAN ROQUE,POPULAR,popular,ok,,181,0,0,181,,,,,Carrera de obstáculos,181
540,IV DUATLON CARRETERA MONTIJO,2024-04-28,MONTIJO,CON PARCIALES,conparciales,ok,,118,98,20,118,,,,,Duatlón,0
541,XVII TRAIL IBÉRICO SIERRA DE TENTUDIA,2024-04-28,CABEZA LA VACA,BELLOTERO -,bellotero,ok,,108,0,0,108,,,,,Carrera,108
541,XVII TRAIL IBÉRICO SIERRA DE TENTUDIA,2024-04-28,CABEZA LA VACA,IBERICO-,iberico,ok,,147,0,0,147,,,,,Carrera,147
541,XVII TRAIL IBÉRICO SIERRA DE TENTUDIA,2024-04-28,CABEZA LA VACA,CAMPERO -,campero,ok,,153,0,0,153,,,,,Carrera,153
512,II LA CONQUISTA DE MAGINA,2024-04-28,MANCHA REAL,PAREJAS,parejas,ok,,128,0,0,128,,,,,Ciclismo,128
512,II LA CONQUISTA DE MAGINA,2024-04-28,MANCHA REAL,INDIVIDUAL,individual,ok,,226,0,0,226,,,,,Ciclismo,226
512,II LA CONQUISTA DE MAGINA,2024-04-28,MANCHA REAL,POCIUM INDIVIDUAL,pociumindividual,ok,,46,0,0,46,,,,,Ciclismo,46
572,II TRAIL INCLUSIVO SIERRA SURORESTE,2024-04-25,LA BAZANA - FREGENAL DE LA SIERRA,GENERAL,general,ok,,218,0,0,218,,,,,Trail,218
542,XXXIII CARRERA POPULAR VILLA DE HERRERA,2024-04-20,HERRERA,INFANTIL -,infantil,ok,,12,0,0,12,,,,,Carrera,12
542,XXXIII CARRERA POPULAR VILLA DE HERRERA,2024-04-20,HERRERA,ALEVIN -,alevin,ok,,23,0,0,23,,,,,Carrera,23
542,XXXIII CARRERA POPULAR VILLA DE HERRERA,2024-04-20,HERRERA,BENJAMIN -,benjamin,ok,,25,25,0,25,,,,,Carrera,0
542,XXXIII CARRERA POPULAR VILLA DE HERRERA,2024-04-20,HERRERA,PITUFOS -,pitufos,ok,,37,21,16,37,,,,,Carrera,0
542,XXXIII CARRERA POPULAR VILLA DE HERRERA,2024-04-20,HERRERA,RELEVOS INFANTIL-,relevosinfantil,ok,,19,0,0,19,,,,,Carrera,19
542,XXXIII CARRERA POPULAR VILLA DE HERRERA,2024-04-20,HERRERA,RELEVOS FAM -,relevosfam,ok,,39,0,0,39,,,,,Carrera,39
542,XXXIII CARRERA POPULAR VILLA DE HERRERA,2024-04-20,HERRERA,CADETE -,cadete,ok,,13,0,0,13,,,,,Carrera,13
542,XXXIII CARRERA POPULAR VILLA DE HERRERA,2024-04-20,HERRERA,ADULTOS -,adultos,ok,,181,0,0,181,,,,,Carrera,181
538,MEDIA MARATON BTT SALVATIERRA DE LOS BARROS,2024-04-14,SALVATIERRA DE LOS BARROS,GENERAL,general,ok,,171,0,0,171,,,,,Ciclismo,171
529,VII PRIMAVERA RUN VILLACARRILLO,2024-04-14,VILLACARRILLO,500 M. -,500m,ok,,59,0,0,59,,,,,Carrera,59
529,VII PRIMAVERA RUN VILLACARRILLO,2024-04-14,VILLACARRILLO,INFANTIL -,infantil,ok,,8,0,0,8,,,,,Carrera,8
529,VII PRIMAVERA RUN VILLACARRILLO,2024-04-14,VILLACARRILLO,5000 M. -,5000m,ok,,209,70,43,209,,,,,Carrera,96
533,IV BTT PICOS DE GUADIANA,2024-04-14,HUESA,GENERAL,general,ok,,54,0,0,54,,,,,Ciclismo,54
524,IV TRAIL VALLE DE MATAMOROS,2024-04-07,VALLE DE MATAMOROS,TRAIL LARGO,traillargo,ok,,97,0,0,97,,,,,Carrera por montaña,97
524,IV TRAIL VALLE DE MATAMOROS,2024-04-07,VALLE DE MATAMOROS,TRAIL CORTO,trailcorto,ok,,121,0,0,121,,,,,Carrera por montaña,121
535,III CARRERA CENTRO COMERCIAL LOS ALCORES,2024-04-07,ALCALA DE GUADAIRA,ADULTOS -,adultos,ok,,248,0,0,248,,,,,Carrera,248
535,III CARRERA CENTRO COMERCIAL LOS ALCORES,2024-04-07,ALCALA DE GUADAIRA,SUB14-,sub14,ok,,35,0,0,35,,,,,Carrera,35
532,X CXM MONTIZÓN - CONDADO DE JAÉN - 2024,2024-03-23,ALDEAHERMOSA DE MONTIZON,CORTA -,corta,ok,,63,0,0,63,,,,,Carrera por montaña,63
532,X CXM MONTIZÓN - CONDADO DE JAÉN - 2024,2024-03-23,ALDEAHERMOSA DE MONTIZON,CXM -,cxm,ok,,74,0,0,74,,,,,Carrera por montaña,74
537,MEDIA MARATON BTT MONTERRUBIO DE LA SERENA,2024-03-17,MONTERRUBIO DE LA SERENA,GENERAL,general,ok,,238,0,0,238,,,,,Ciclismo,238
,IV DESAFIO FUNDACIÓN GRUPO OLEÍCOLA JAÉN – DUQUE DE AHUMADA,2024-03-17,BAEZA,,,sense_resultats,,,,,,,,,,Carrera,
516,XXXVI MEDIA MARATÓN BAHÍA DE CÁDIZ 2024,2024-03-17,Cadiz,GENERAL,general,ok,,849,0,0,849,,,,,Carrera,849
516,XXXVI MEDIA MARATÓN BAHÍA DE CÁDIZ 2024,2024-03-17,Cadiz,CON PUNTOS INTERMEDIOS,conpuntosintermedios,ok,,859,0,0,859,,,,,Carrera,859
,II MARCHA POPULAR CIUDAD DE SAN ROQUE,2024-03-17,SAN ROQUE,,,sense_resultats,,,,,,,,,,Senderismo,
511,XI CARRERA URBANA BANCO MEDIOLANUM A FAVOR DE UPACESUR,2024-03-09,JEREZ DE LA FRONTERA,GENERAL,general,ok,,197,10,2,197,,,,,Carrera,185
518,XCMM CIUDAD DEL GRANITO,2024-03-03,Quintana de la Serena,GENERAL,general,ok,,126,0,0,126,,,,,Ciclismo,126
362,RETTO CADIZ 10K,2024-03-03,CADIZ,1OK,1ok,ok,,152,0,0,152,,,,,Carrera,152
362,RETTO CADIZ 10K,2024-03-03,CADIZ,5 K,5k,ok,,36,0,0,36,,,,,Carrera,36
,IX MARATÓN BTT MONCLOVA DESERT GRAN PREMIO VIALIDER,2024-03-02,LA LUISIANA,,,sense_resultats,,,,,,,,,,Ciclismo,
523,XV CARRERA DÍA ANDALUCIA TARIFA 2024,2024-02-28,TARIFA,ADULTOS,adultos,ok,,163,0,0,163,,,,,Carrera,163
525,IX SUBIDA AL CONVENTO DE LA LAPA,2024-02-18,LA LAPA,PROMOCION 800 M. -,promocion800m,ok,,12,0,0,12,,,,,Carrera por montaña,12
525,IX SUBIDA AL CONVENTO DE LA LAPA,2024-02-18,LA LAPA,PROMOCION 1200 M. -,promocion1200m,ok,,17,0,0,17,,,,,Carrera por montaña,17
525,IX SUBIDA AL CONVENTO DE LA LAPA,2024-02-18,LA LAPA,COPA CXM 27KM -,copacxm27km,ok,,92,0,0,92,,,,,Carrera por montaña,92
525,IX SUBIDA AL CONVENTO DE LA LAPA,2024-02-18,LA LAPA,DIPUTACION 13KM -,diputacion13km,ok,,264,0,0,264,,,,,Carrera por montaña,264
527,IV DUATLÓN CROS JEREZ DE LOS CABALLEROS,2024-02-04,JEREZ DE LOS CABALLEROS,GENERAL,general,ok,,96,76,20,96,,,,,Duatlón,0
527,IV DUATLÓN CROS JEREZ DE LOS CABALLEROS,2024-02-04,JEREZ DE LOS CABALLEROS,RELEVOS,relevos,ok,,37,0,0,37,23,,,,Duatlón,37
519,XII LA BUITRERA,2024-01-28,CASTUERA,GENERAL,general,ok,,245,0,0,245,,,,,Ciclismo,245
519,XII LA BUITRERA,2024-01-28,CASTUERA,EQUIPOS,equipos,ok,,13,0,0,13,,,,,Ciclismo,13
519,XII LA BUITRERA,2024-01-28,CASTUERA,CRONOESCALADA,cronoescalada,ok,,212,0,0,212,,,,,Ciclismo,212
517,VI CARRERA SAN SILVESTRE HUESA 2023,2023-12-30,Huesa,ADULTOS,adultos,ok,,79,0,0,79,,,,,Carrera,79
517,VI CARRERA SAN SILVESTRE HUESA 2023,2023-12-30,Huesa,INFANTIL,infantil,ok,,18,0,0,18,,,,,Carrera,18
471,VI SAN SILVESTRE GADITANA 2023,2023-12-30,CADIZ,SUB8,sub8,ok,,72,17,7,72,,,,,Carrera,48
471,VI SAN SILVESTRE GADITANA 2023,2023-12-30,CADIZ,SUB 10,sub10,ok,,93,19,12,93,,,,,Carrera,62
471,VI SAN SILVESTRE GADITANA 2023,2023-12-30,CADIZ,SUB 12,sub12,ok,,84,17,11,84,,,,,Carrera,56
471,VI SAN SILVESTRE GADITANA 2023,2023-12-30,CADIZ,ABSOLUTA,absoluta,ok,,4027,856,417,4027,,,,,Carrera,2754
471,VI SAN SILVESTRE GADITANA 2023,2023-12-30,CADIZ,GENUINE -18,genuine18,ok,,3,0,0,3,,,,,Carrera,3
506,XII CARRERA POPULAR TORREPEROGIL 2023,2023-12-30,TORREPEROGIL,PREBENJAMIN,prebenjamin,ok,,46,0,0,46,,,,,Carrera,46
506,XII CARRERA POPULAR TORREPEROGIL 2023,2023-12-30,TORREPEROGIL,BENJAMIN,benjamin,ok,,85,0,0,85,,,,,Carrera,85
506,XII CARRERA POPULAR TORREPEROGIL 2023,2023-12-30,TORREPEROGIL,INFANTIL CADETE,infantilcadete,ok,,31,0,0,31,,,,,Carrera,31
506,XII CARRERA POPULAR TORREPEROGIL 2023,2023-12-30,TORREPEROGIL,ADULTOS,adultos,ok,,367,0,0,367,,,,,Carrera,367
510,II SAN SILVESTRE TARIFEÑA 2023,2023-12-30,TARIFA,GENERAL,general,ok,,303,0,0,303,,,,,Carrera,303
,CARRERA POR LA ELIMINACION DE LA VIOLENCIA CONTRA LAS MUJERES,2023-11-19,CADIZ,,,sense_resultats,,,,,,,,,,Carrera,
499,III CARRERA POPULAR SALESIANAS CADIZ,2023-11-18,CADIZ,7K,7k,ok,,123,0,0,123,,,,,Carrera,123
499,III CARRERA POPULAR SALESIANAS CADIZ,2023-11-18,CADIZ,INF-CAD,infcad,ok,,27,0,0,27,,,,,Carrera,27
499,III CARRERA POPULAR SALESIANAS CADIZ,2023-11-18,CADIZ,ALE,ale,ok,,43,0,0,43,,,,,Carrera,43
499,III CARRERA POPULAR SALESIANAS CADIZ,2023-11-18,CADIZ,BEN,ben,ok,,65,0,0,65,,,,,Carrera,65
498,X CARRERA URBANA UPACESUR CON BANCO MEDIOLANUM,2023-11-11,JEREZ DE LA FRONTERA,GENERAL,general,ok,,254,0,0,254,,,,,Carrera,254
490,II CARRERA CENTRO COMERCIAL LOS ALCORES,2023-11-05,ALCALA DE GUADAIRA,GENERAL,general,ok,,168,0,0,168,,,,,Carrera,168
497,I TRAIL SIERRA DE FACINAS 2023,2023-10-22,FACINAS,GENERAL,general,ok,,216,2,2,216,,,,,Carrera por montaña,212
,VI SENDERISMO SOLIDARIO NINA LA GUERRERA,2023-10-22,ALCALA LA REAL,,,sense_resultats,,,,,,,,,,Senderismo,
505,III RETO CAPITAL DEL VINO - MEDIA MARATON,2023-10-15,BOLLULLOS PAR DEL CONDADO,SEGUNDA ETAPA -MEDIA MARATON,segundaetapamediamaraton,ok,,286,0,0,286,,,,,Ciclismo,286
504,III RETO CAPITAL DEL VINO - CONTRARRELOJ,2023-10-14,BOLLULLOS PAR DEL CONDADO,ETAPA - CRONO - INDIVIDUAL,etapacronoindividual,ok,,286,0,0,286,,,,,Ciclismo,286
485,VII CROSS DE LAS CUESTAS,2023-10-07,SAN ROQUE,GENERAL,general,ok,,184,29,0,184,,,,,Carrera,155
496,BENEMERITA MOUNTAIN BIKE - I MARCHA CICLOTURISTA SOLIDARIA,2023-10-01,VEJER DE LA FRONTERA,BENEMERITA,benemerita,ok,,218,0,0,218,,,,,Ciclismo,218
496,BENEMERITA MOUNTAIN BIKE - I MARCHA CICLOTURISTA SOLIDARIA,2023-10-01,VEJER DE LA FRONTERA,EBIKES,ebikes,ok,,63,0,0,63,,,,,Ciclismo,63
484,IX TRIATLON DE SAN ROQUE,2023-09-30,SAN ROQUE,GENERAL,general,llista_error,fitxer h: no s'ha trobat cap taula al PDF (format no reconegut per pdfplumber); fitxer d: no s'ha trobat cap taula al PDF (format no reconegut per pdfplumber),,,,,,,,,Triatlón,
,II EVENTO SOLIDARIO CNA,2023-09-09,ALCALA DE GUADAIRA,,,sense_resultats,,,,,,,,,,Travesía,
494,X TRAGAMILLAS CIUDAD DE LA LÍNEA,2023-08-13,LA LINEA DE LA CONCEPCION,GENERAL,general,ok,,150,0,0,150,,,,,Travesía,150
470,VII CARRERA DE ROCHE POR EL SINDROME DE RETT,2023-08-12,CONIL DE LA FRONTERA,10K,10k,ok,,217,0,0,217,,,,,Carrera,217
470,VII CARRERA DE ROCHE POR EL SINDROME DE RETT,2023-08-12,CONIL DE LA FRONTERA,5K,5k,ok,,145,0,0,145,,,,,Carrera,145
470,VII CARRERA DE ROCHE POR EL SINDROME DE RETT,2023-08-12,CONIL DE LA FRONTERA,INFANTIL CADETE,infantilcadete,ok,,26,0,0,26,,,,,Carrera,26
470,VII CARRERA DE ROCHE POR EL SINDROME DE RETT,2023-08-12,CONIL DE LA FRONTERA,ALEVIN,alevin,ok,,23,0,0,23,,,,,Carrera,23
470,VII CARRERA DE ROCHE POR EL SINDROME DE RETT,2023-08-12,CONIL DE LA FRONTERA,BENJAMIN,benjamin,ok,,29,0,0,29,,,,,Carrera,29
479,VII XTREME NATURAL TESORILLO,2023-07-30,SAN MARTIN DEL TESORILLO,ELITE -,elite,ok,,12,0,0,12,,,,,Carrera de obstáculos,12
479,VII XTREME NATURAL TESORILLO,2023-07-30,SAN MARTIN DEL TESORILLO,GRUPO EDAD -,grupoedad,ok,,53,0,0,53,,,,,Carrera de obstáculos,53
479,VII XTREME NATURAL TESORILLO,2023-07-30,SAN MARTIN DEL TESORILLO,POPULAR -,popular,ok,,143,0,0,143,,,,,Carrera de obstáculos,143
479,VII XTREME NATURAL TESORILLO,2023-07-30,SAN MARTIN DEL TESORILLO,PAREJAS -,parejas,ok,,20,0,0,20,,,,,Carrera de obstáculos,20
479,VII XTREME NATURAL TESORILLO,2023-07-30,SAN MARTIN DEL TESORILLO,EQUIPOS-,equipos,ok,,8,0,0,8,,,,,Carrera de obstáculos,8
495,XXXIII TRAVESÍA INTERNACIONAL A NADO “CIUDAD DE CÁDIZ”,2023-07-23,CADIZ,GENERAL,general,ok,,139,0,0,139,,,,,Travesía,139
491,II CARRERA NOCTURNA CPT,2023-07-08,JEDULA,CON PASO INTERMEDIO,conpasointermedio,ok,,141,0,0,141,,,,,Carrera,141
480,IX CXM MANCHA REAL - SIERRA MAGINA 2023,2023-07-01,MANCHA REAL,CORTA,corta,ok,,162,0,0,162,,,,,Carrera por montaña,162
480,IX CXM MANCHA REAL - SIERRA MAGINA 2023,2023-07-01,MANCHA REAL,LARGA,larga,ok,,107,0,0,107,,,,,Carrera por montaña,107
480,IX CXM MANCHA REAL - SIERRA MAGINA 2023,2023-07-01,MANCHA REAL,LARGA CON PASO INTERMEDIO,largaconpasointermedio,ok,,109,0,0,109,,,,,Carrera por montaña,109
493,IV JORNADAS JUNTOS CONTRA LA ELA,2023-06-24,TORREDONJIMENO,GENERAL,general,ok,,88,0,0,88,,,,,Carrera,88
492,XXIX CARRERA URBANA SAN FELIPE NERI,2023-06-03,CADIZ,3-7 AÑOS,37anos,ok,,184,0,0,184,,,,,Carrera,184
492,XXIX CARRERA URBANA SAN FELIPE NERI,2023-06-03,CADIZ,8-11 AÑOS,811anos,ok,,170,0,0,170,,,,,Carrera,170
492,XXIX CARRERA URBANA SAN FELIPE NERI,2023-06-03,CADIZ,ADULTOS,adultos,ok,,145,0,0,145,,,,,Carrera,145
,"X RUTA VETONA ""LOS 100 DE BÉJAR""",2023-06-02,BEJAR,,,sense_resultats,,,,,,,,,,Carrera,
463,II CXM ROMPEALBARCAS,2023-05-21,VALDEPEÑAS DE JAEN,LA ALBARQUILLA -,laalbarquilla,ok,,151,0,0,151,,,,,Carrera por montaña,151
463,II CXM ROMPEALBARCAS,2023-05-21,VALDEPEÑAS DE JAEN,LA ALBARCA -,laalbarca,ok,,81,0,0,81,,,,,Carrera por montaña,81
472,LA CONQUISTA DE MAGINA,2023-04-30,MANCHA REAL,GENERAL,general,ok,,220,0,0,220,,,,,Ciclismo,220
482,VII CARRERA SOLIDARIA MARIA AUXILIADORA,2023-04-16,ROTA,5000 M -,5000m,ok,,220,0,0,220,,,,,Carrera,220
473,VI PRIMAVERA RUN VILLACARRILLO,2023-04-16,VILLACARRILLO,INFANTIL - VETERANOS -,infantilveteranos,ok,,213,0,0,213,,,,,Carrera,213
473,VI PRIMAVERA RUN VILLACARRILLO,2023-04-16,VILLACARRILLO,ALEVIN - INFANTIL -,alevininfantil,ok,,35,0,0,35,,,,,Carrera,35
473,VI PRIMAVERA RUN VILLACARRILLO,2023-04-16,VILLACARRILLO,PREBENJAMIN - BENJAMIN -,prebenjaminbenjamin,ok,,47,0,0,47,,,,,Carrera,47
,I TROFEO DE NATACIÓN FUERZAS ARMADAS 2023,2023-04-15,CADIZ,,,sense_resultats,,,,,,,,,,Travesía,
476,IX CXM MONTIZÓN - CONDADO DE JAÉN - 2023,2023-04-01,ALDEAHERMOSA DE MONTIZON,DISTANCIA CORTA -,distanciacorta,ok,,64,0,0,64,,,,,Carrera por montaña,64
476,IX CXM MONTIZÓN - CONDADO DE JAÉN - 2023,2023-04-01,ALDEAHERMOSA DE MONTIZON,CXM,cxm,ok,,78,0,0,78,,,,,Carrera por montaña,78
481,XIV CARRERA POPULAR DIA DE ANDALUCIA,2023-03-19,TARIFA,ADULTOS,adultos,ok,,236,0,0,236,,,,,Carrera,236
481,XIV CARRERA POPULAR DIA DE ANDALUCIA,2023-03-19,TARIFA,INFANTIL CADETE,infantilcadete,ok,,40,0,0,40,,,,,Carrera,40
481,XIV CARRERA POPULAR DIA DE ANDALUCIA,2023-03-19,TARIFA,ALEVIN,alevin,ok,,23,0,0,23,,,,,Carrera,23
483,IV CROSS DEL PINAR DEL REY,2023-03-05,SAN ROQUE,3000 M.,3000m,ok,,41,28,13,41,,,,,Carrera,0
483,IV CROSS DEL PINAR DEL REY,2023-03-05,SAN ROQUE,2000 M.,2000m,ok,,21,0,0,21,,,,,Carrera,21
483,IV CROSS DEL PINAR DEL REY,2023-03-05,SAN ROQUE,1000 M.,1000m,ok,,28,15,13,28,,,,,Carrera,0
483,IV CROSS DEL PINAR DEL REY,2023-03-05,SAN ROQUE,500 M.,500m,ok,,68,48,20,68,,,,,Carrera,0
483,IV CROSS DEL PINAR DEL REY,2023-03-05,SAN ROQUE,250 M.,250m,ok,,57,32,25,57,,,,,Carrera,0
483,IV CROSS DEL PINAR DEL REY,2023-03-05,SAN ROQUE,6000 M.,6000m,ok,,114,0,0,114,,,,,Carrera,114
475,VIII MARATÓN BTT MONCLOVA DESERT GRAN PREMIO VIALIDER,2023-02-11,LA LUISIANA,CORTA,corta,ok,,73,0,0,73,,,,,Ciclismo,73
475,VIII MARATÓN BTT MONCLOVA DESERT GRAN PREMIO VIALIDER,2023-02-11,LA LUISIANA,LARGA,larga,ok,,521,0,0,521,,,,,Ciclismo,521
475,VIII MARATÓN BTT MONCLOVA DESERT GRAN PREMIO VIALIDER,2023-02-11,LA LUISIANA,LARGA CON PUNTOS INTERMEDIOS,largaconpuntosintermedios,ok,,545,0,0,545,,,,,Ciclismo,545
475,VIII MARATÓN BTT MONCLOVA DESERT GRAN PREMIO VIALIDER,2023-02-11,LA LUISIANA,CORTA CON PUNTO INTERMEDIO,cortaconpuntointermedio,ok,,84,0,0,84,,,,,Ciclismo,84
416,VI CARRERA PILAR MARIANISTAS JEREZ,2023-01-15,JEREZ DE LA FRONTERA,5K,5k,ok,,204,0,0,204,,,,,Carrera,204
416,VI CARRERA PILAR MARIANISTAS JEREZ,2023-01-15,JEREZ DE LA FRONTERA,10K,10k,ok,,310,0,0,310,,,,,Carrera,310
464,I SAN SILVESTRE TARIFEÑA 2022,2022-12-30,TARIFA,GENERAL,general,ok,,279,0,0,279,,,,,Carrera,279
474,SAN SILVESTRE BIENVENIDA 2022,2022-12-30,BIENVENIDA,SUB14,sub14,ok,,20,0,0,20,,,,,Carrera,20
474,SAN SILVESTRE BIENVENIDA 2022,2022-12-30,BIENVENIDA,SUB16,sub16,ok,,11,0,0,11,,,,,Carrera,11
474,SAN SILVESTRE BIENVENIDA 2022,2022-12-30,BIENVENIDA,SUB8-10,sub810,ok,,36,2,3,36,,,,,Carrera,31
474,SAN SILVESTRE BIENVENIDA 2022,2022-12-30,BIENVENIDA,ABSOLUTA,absoluta,ok,,59,0,0,59,,,,,Carrera,59
469,V CARRERA SOLIDARIA SAN SILVESTRE HUESA,2022-12-30,HUESA,INFANTIL,infantil,ok,,21,0,0,21,,,,,Carrera,21
469,V CARRERA SOLIDARIA SAN SILVESTRE HUESA,2022-12-30,HUESA,ADULTOS,adultos,ok,,102,0,0,102,,,,,Carrera,102
468,III DESAFIO FUNDACIÓN GRUPO OLEÍCOLA JAÉN – DUQUE DE AHUMADA,2022-12-18,BAEZA,BENJAMIN ALEVIN -,benjaminalevin,ok,,67,0,0,67,,,,,Carrera,67
468,III DESAFIO FUNDACIÓN GRUPO OLEÍCOLA JAÉN – DUQUE DE AHUMADA,2022-12-18,BAEZA,INFANTIL CADETE -,infantilcadete,ok,,22,0,0,22,,,,,Carrera,22
468,III DESAFIO FUNDACIÓN GRUPO OLEÍCOLA JAÉN – DUQUE DE AHUMADA,2022-12-18,BAEZA,ABSOLUTA,absoluta,ok,,1484,0,0,1484,,,,,Carrera,1484
452,III DESAFIO LA CODOSERA,2022-12-18,LA CODOSERA,15 K,15k,ok,,76,0,0,76,,,,,Carrera por montaña,76
452,III DESAFIO LA CODOSERA,2022-12-18,LA CODOSERA,30 K,30k,ok,,83,0,0,83,,,,,Carrera por montaña,83
467,XI CARRERA POPULAR TORREPEROGIL 2022,2022-12-17,TORREPEROGIL,PREBENJAMIN,prebenjamin,ok,,52,0,0,52,,,,,Carrera,52
467,XI CARRERA POPULAR TORREPEROGIL 2022,2022-12-17,TORREPEROGIL,BENJAMIN ALEVIN,benjaminalevin,ok,,79,0,0,79,,,,,Carrera,79
467,XI CARRERA POPULAR TORREPEROGIL 2022,2022-12-17,TORREPEROGIL,INFANTIL-CADETE,infantilcadete,ok,,31,0,0,31,,,,,Carrera,31
467,XI CARRERA POPULAR TORREPEROGIL 2022,2022-12-17,TORREPEROGIL,ABSOLUTA,absoluta,ok,,316,0,0,316,,,,,Carrera,316
461,IX CARRERA URBANA UPACESUR CON BANCO MEDIOLANUM,2022-11-19,JEREZ DE LA FRONTERA,GENERAL,general,ok,,245,1,3,245,,,,,Carrera,241
,IV CADEBA DE MONTAÑA LA CRESTITA 2022,2022-11-06,TORREDELCAMPO,,,sense_resultats,,,,,,,,,,Trail,
423,III MARATÓN BTT DE CAZALLA DE LA SIERRA,2022-10-23,CAZALLA DE LA SIERRA,LARGA CON PASO INTERMEDIO,largaconpasointermedio,ok,,513,0,0,513,,,,,Ciclismo,513
423,III MARATÓN BTT DE CAZALLA DE LA SIERRA,2022-10-23,CAZALLA DE LA SIERRA,CORTA,corta,ok,,61,0,0,61,,,,,Ciclismo,61
423,III MARATÓN BTT DE CAZALLA DE LA SIERRA,2022-10-23,CAZALLA DE LA SIERRA,CORTA CON PASO INTERMEDIO,cortaconpasointermedio,ok,,84,0,0,84,,,,,Ciclismo,84
458,II CARRERA POPULAR SALESIANAS CADIZ,2022-10-22,CADIZ,7K,7k,ok,,193,0,0,193,,,,,Carrera,193
458,II CARRERA POPULAR SALESIANAS CADIZ,2022-10-22,CADIZ,INFANTIL Y CADETE -,infantilycadete,ok,,39,0,0,39,,,,,Carrera,39
458,II CARRERA POPULAR SALESIANAS CADIZ,2022-10-22,CADIZ,ALEVIN,alevin,ok,,58,0,0,58,,,,,Carrera,58
458,II CARRERA POPULAR SALESIANAS CADIZ,2022-10-22,CADIZ,BENJAMIN,benjamin,ok,,52,0,0,52,,,,,Carrera,52
431,VII SIERRA DE CAZORLA TRAILS QUESADA - 2022,2022-10-22,QUESADA,TRAIL S- CADETE -,trailscadete,ok,,7,0,0,7,,,,,Trail,7
431,VII SIERRA DE CAZORLA TRAILS QUESADA - 2022,2022-10-22,QUESADA,TRAIL S-,trails,ok,,189,0,0,189,,,,,Trail,189
431,VII SIERRA DE CAZORLA TRAILS QUESADA - 2022,2022-10-22,QUESADA,TRAIL M-,trailm,ok,,325,0,0,325,,,,,Trail,325
431,VII SIERRA DE CAZORLA TRAILS QUESADA - 2022,2022-10-22,QUESADA,TRAIL M- CON PASO INTERMEDIO,trailmconpasointermedio,ok,,347,0,0,347,,,,,Trail,347
,V SENDERISMO SOLIDARIO NINA LA GUERRERA,2022-10-16,ALCALA LA REAL,,,sense_resultats,,,,,,,,,,Senderismo,
449,XVI PRUEBA URBANA  “CIUDAD DE FUENTE DEL MAESTRE”,2022-10-15,FUENTE DEL MAESTRE,1500,1500,ok,,69,0,0,69,,,,,Carrera,69
449,XVI PRUEBA URBANA  “CIUDAD DE FUENTE DEL MAESTRE”,2022-10-15,FUENTE DEL MAESTRE,3000,3000,ok,,30,0,0,30,,,,,Carrera,30
449,XVI PRUEBA URBANA  “CIUDAD DE FUENTE DEL MAESTRE”,2022-10-15,FUENTE DEL MAESTRE,4500,4500,ok,,55,0,0,55,,,,,Carrera,55
449,XVI PRUEBA URBANA  “CIUDAD DE FUENTE DEL MAESTRE”,2022-10-15,FUENTE DEL MAESTRE,7000,7000,ok,,176,0,0,176,,,,,Carrera,176
449,XVI PRUEBA URBANA  “CIUDAD DE FUENTE DEL MAESTRE”,2022-10-15,FUENTE DEL MAESTRE,BENJAMIN,benjamin,ok,,62,0,0,62,,,,,Carrera,62
460,5K Y VII MILLA VERDE GUARDIA CIVIL CIUDAD DE CÁDIZ,2022-10-09,CADIZ,5K CON PUNTOS INTERMEDIOS,5kconpuntosintermedios,ok,,423,0,0,423,,,,,Carrera,423
460,5K Y VII MILLA VERDE GUARDIA CIVIL CIUDAD DE CÁDIZ,2022-10-09,CADIZ,5K,5k,ok,,374,0,0,374,,,,,Carrera,374
460,5K Y VII MILLA VERDE GUARDIA CIVIL CIUDAD DE CÁDIZ,2022-10-09,CADIZ,MILLA ADULTOS,millaadultos,ok,,84,2,0,84,,,,,Carrera,82
460,5K Y VII MILLA VERDE GUARDIA CIVIL CIUDAD DE CÁDIZ,2022-10-09,CADIZ,MILLA INFANTIL Y CADETE,millainfantilycadete,ok,,49,0,0,49,,,,,Carrera,49
460,5K Y VII MILLA VERDE GUARDIA CIVIL CIUDAD DE CÁDIZ,2022-10-09,CADIZ,ALEVIN,alevin,ok,,22,0,0,22,,,,,Carrera,22
460,5K Y VII MILLA VERDE GUARDIA CIVIL CIUDAD DE CÁDIZ,2022-10-09,CADIZ,BENJAMIN,benjamin,ok,,35,0,0,35,,,,,Carrera,35
448,XLII CROSS DEL CORDERO DE CABEZA DEL BUEY,2022-10-08,CABEZA DEL BUEY,ALEVIN M - F Y SUB14 F,alevinmfysub14f,ok,,59,0,0,59,,,,,Carrera,59
448,XLII CROSS DEL CORDERO DE CABEZA DEL BUEY,2022-10-08,CABEZA DEL BUEY,BENJAMIN,benjamin,ok,,45,0,0,45,,,,,Carrera,45
448,XLII CROSS DEL CORDERO DE CABEZA DEL BUEY,2022-10-08,CABEZA DEL BUEY,PREBENJAMIN,prebenjamin,ok,,75,0,0,75,,,,,Carrera,75
448,XLII CROSS DEL CORDERO DE CABEZA DEL BUEY,2022-10-08,CABEZA DEL BUEY,QUERUBIN,querubin,ok,,50,0,0,50,,,,,Carrera,50
448,XLII CROSS DEL CORDERO DE CABEZA DEL BUEY,2022-10-08,CABEZA DEL BUEY,SUB14 -16,sub1416,ok,,23,23,0,23,,,,,Carrera,0
448,XLII CROSS DEL CORDERO DE CABEZA DEL BUEY,2022-10-08,CABEZA DEL BUEY,FEMINAS Y SUB-16 M,feminasysub16m,ok,,39,0,0,39,,,,,Carrera,39
448,XLII CROSS DEL CORDERO DE CABEZA DEL BUEY,2022-10-08,CABEZA DEL BUEY,GENERAL,general,ok,,63,63,0,63,,,,,Carrera,0
457,SALVANDO SETENIL,2022-10-02,SETENIL DE LAS BODEGAS,ELITE,elite,ok,,43,8,4,43,,,,,Carrera de obstáculos,31
457,SALVANDO SETENIL,2022-10-02,SETENIL DE LAS BODEGAS,INDIV,indiv,ok,,129,0,0,129,,,,,Carrera de obstáculos,129
457,SALVANDO SETENIL,2022-10-02,SETENIL DE LAS BODEGAS,EQUIPOS,equipos,ok,,29,0,0,29,,,,,Carrera de obstáculos,29
457,SALVANDO SETENIL,2022-10-02,SETENIL DE LAS BODEGAS,PAREJA,pareja,ok,,30,0,0,30,,,,,Carrera de obstáculos,30
447,I CARRERA POPULAR CIUDAD DE OLIVENZA,2022-10-01,OLIVENZA,PREBENJAMIN,prebenjamin,ok,,25,0,0,25,,,,,Carrera,25
447,I CARRERA POPULAR CIUDAD DE OLIVENZA,2022-10-01,OLIVENZA,BENJAMIN,benjamin,ok,,29,0,0,29,,,,,Carrera,29
447,I CARRERA POPULAR CIUDAD DE OLIVENZA,2022-10-01,OLIVENZA,ALEVIN,alevin,ok,,29,0,0,29,,,,,Carrera,29
447,I CARRERA POPULAR CIUDAD DE OLIVENZA,2022-10-01,OLIVENZA,SUB14,sub14,ok,,11,0,0,11,,,,,Carrera,11
447,I CARRERA POPULAR CIUDAD DE OLIVENZA,2022-10-01,OLIVENZA,CADETE,cadete,ok,,10,0,0,10,,,,,Carrera,10
447,I CARRERA POPULAR CIUDAD DE OLIVENZA,2022-10-01,OLIVENZA,8000,8000,ok,,129,99,30,129,,,,,Carrera,0
430,VI CXM CRESTA DEL DIABLO - 2022,2022-09-25,TORREDELCAMPO,DIABLITO MINITRAIL -,diablitominitrail,ok,,185,0,0,185,,,,,Trail,185
430,VI CXM CRESTA DEL DIABLO - 2022,2022-09-25,TORREDELCAMPO,DIABLITO TRAIL -,diablitotrail,ok,,159,0,0,159,,,,,Trail,159
430,VI CXM CRESTA DEL DIABLO - 2022,2022-09-25,TORREDELCAMPO,CRESTA DEL DIABLO -,crestadeldiablo,ok,,88,0,0,88,,,,,Trail,88
446,XLI CROSS FERIA DE SAN MIGUEL,2022-09-24,ZAFRA,MARCHA ATLETICA,marchaatletica,ok,,6,0,0,6,,,,,Carrera,6
446,XLI CROSS FERIA DE SAN MIGUEL,2022-09-24,ZAFRA,PREBENJAMIN,prebenjamin,ok,,32,0,0,32,,,,,Carrera,32
446,XLI CROSS FERIA DE SAN MIGUEL,2022-09-24,ZAFRA,BENJAMIN,benjamin,ok,,45,0,0,45,,,,,Carrera,45
446,XLI CROSS FERIA DE SAN MIGUEL,2022-09-24,ZAFRA,ALEVIN,alevin,ok,,25,0,0,25,,,,,Carrera,25
446,XLI CROSS FERIA DE SAN MIGUEL,2022-09-24,ZAFRA,SUB14 - SUB16,sub14sub16,ok,,11,0,0,11,,,,,Carrera,11
446,XLI CROSS FERIA DE SAN MIGUEL,2022-09-24,ZAFRA,5600,5600,ok,,85,0,0,85,,,,,Carrera,85
445,XXXVII CARRERA POPULAR FREGENAL DE LA SIERRA,2022-09-18,FREGENAL DE LA SIERRA,3750,3750,ok,,10,0,0,10,,,,,Carrera,10
445,XXXVII CARRERA POPULAR FREGENAL DE LA SIERRA,2022-09-18,FREGENAL DE LA SIERRA,6500,6500,ok,,41,0,0,41,,,,,Carrera,41
445,XXXVII CARRERA POPULAR FREGENAL DE LA SIERRA,2022-09-18,FREGENAL DE LA SIERRA,SUB14-16,sub1416,ok,,11,0,0,11,,,,,Carrera,11
445,XXXVII CARRERA POPULAR FREGENAL DE LA SIERRA,2022-09-18,FREGENAL DE LA SIERRA,SUB10-12,sub1012,ok,,36,0,0,36,,,,,Carrera,36
445,XXXVII CARRERA POPULAR FREGENAL DE LA SIERRA,2022-09-18,FREGENAL DE LA SIERRA,PREBENJAMIN,prebenjamin,ok,,30,0,0,30,,,,,Carrera,30
444,XXVI FONDO POPULAR CIUDAD DE MÉRIDA,2022-09-17,MERIDA,BENJAMIN ALEVIN -,benjaminalevin,ok,,53,0,0,53,,,,,Carrera,53
444,XXVI FONDO POPULAR CIUDAD DE MÉRIDA,2022-09-17,MERIDA,SUB14 SUB16,sub14sub16,ok,,40,0,0,40,,,,,Carrera,40
444,XXVI FONDO POPULAR CIUDAD DE MÉRIDA,2022-09-17,MERIDA,PREBENJAMIN,prebenjamin,ok,,26,0,0,26,,,,,Carrera,26
444,XXVI FONDO POPULAR CIUDAD DE MÉRIDA,2022-09-17,MERIDA,VELOCIDAD -,velocidad,ok,,10,0,0,10,,,,,Carrera,10
444,XXVI FONDO POPULAR CIUDAD DE MÉRIDA,2022-09-17,MERIDA,SUB18 - SUB20,sub18sub20,ok,,11,0,0,11,,,,,Carrera,11
444,XXVI FONDO POPULAR CIUDAD DE MÉRIDA,2022-09-17,MERIDA,10000,10000,ok,,157,0,0,157,,,,,Carrera,157
443,XXIII MILLA SAN MIGUEL DE LLERENA,2022-09-10,LLERENA,SUB14 Y SUB16,sub14ysub16,ok,,70,0,0,70,,,,,Carrera,70
443,XXIII MILLA SAN MIGUEL DE LLERENA,2022-09-10,LLERENA,MARCHA SUB14,marchasub14,ok,,7,0,0,7,,,,,Carrera,7
443,XXIII MILLA SAN MIGUEL DE LLERENA,2022-09-10,LLERENA,MARCHA SUB16,marchasub16,ok,,5,0,0,5,,,,,Carrera,5
443,XXIII MILLA SAN MIGUEL DE LLERENA,2022-09-10,LLERENA,ABSOLUTA M -,absolutam,ok,,71,0,0,71,,,,,Carrera,71
443,XXIII MILLA SAN MIGUEL DE LLERENA,2022-09-10,LLERENA,ABSOLUTA F -,absolutaf,ok,,26,0,0,26,,,,,Carrera,26
443,XXIII MILLA SAN MIGUEL DE LLERENA,2022-09-10,LLERENA,ALEVIN,alevin,ok,,22,0,0,22,,,,,Carrera,22
443,XXIII MILLA SAN MIGUEL DE LLERENA,2022-09-10,LLERENA,BENJAMIN,benjamin,ok,,30,0,0,30,,,,,Carrera,30
443,XXIII MILLA SAN MIGUEL DE LLERENA,2022-09-10,LLERENA,PREBENJAMIN,prebenjamin,ok,,17,0,0,17,,,,,Carrera,17
421,XV MARATÓN BTT RUTA DE LA CALOR ECIJA,2022-09-10,ECIJA,LARGA- CON PUNTOS INTERMEDIOS,largaconpuntosintermedios,ok,,225,0,0,225,,,,,Ciclismo,225
421,XV MARATÓN BTT RUTA DE LA CALOR ECIJA,2022-09-10,ECIJA,CORTA - PUNTOS INTERMEDIOS,cortapuntosintermedios,ok,,91,58,0,91,,,,,Ciclismo,33
442,XXXII FONDO POPULAR CIUDAD DE DON BENITO,2022-09-03,DON BENITO,BENJAMIN,benjamin,ok,,18,0,0,18,,,,,Carrera,18
442,XXXII FONDO POPULAR CIUDAD DE DON BENITO,2022-09-03,DON BENITO,ALEVIN,alevin,ok,,19,0,0,19,,,,,Carrera,19
442,XXXII FONDO POPULAR CIUDAD DE DON BENITO,2022-09-03,DON BENITO,INFANTIL,infantil,ok,,20,0,0,20,,,,,Carrera,20
442,XXXII FONDO POPULAR CIUDAD DE DON BENITO,2022-09-03,DON BENITO,3000 M.,3000m,ok,,27,0,0,27,,,,,Carrera,27
442,XXXII FONDO POPULAR CIUDAD DE DON BENITO,2022-09-03,DON BENITO,4500 M.,4500m,ok,,29,0,0,29,,,,,Carrera,29
442,XXXII FONDO POPULAR CIUDAD DE DON BENITO,2022-09-03,DON BENITO,6000 M.,6000m,ok,,58,0,0,58,,,,,Carrera,58
,II SEGURA XTREME TRIATLON - HALF,2022-09-03,HORNOS DE SEGURA,,,sense_resultats,,,,,,,,,,Triatlón,
,II SEGURA XTREME TRIATLON - EXTREME,2022-09-03,HORNOS DE SEGURA,,,sense_resultats,,,,,,,,,,Triatlón,
441,XXXII CROSS POPULAR MONESTERIO,2022-08-27,Monesterio,PREBENJAMIN,prebenjamin,ok,,39,0,0,39,,,,,Carrera,39
441,XXXII CROSS POPULAR MONESTERIO,2022-08-27,Monesterio,BENJAMIN,benjamin,ok,,30,0,0,30,,,,,Carrera,30
441,XXXII CROSS POPULAR MONESTERIO,2022-08-27,Monesterio,ALEVIN,alevin,ok,,27,0,0,27,,,,,Carrera,27
441,XXXII CROSS POPULAR MONESTERIO,2022-08-27,Monesterio,SUB14,sub14,ok,,25,0,0,25,,,,,Carrera,25
441,XXXII CROSS POPULAR MONESTERIO,2022-08-27,Monesterio,SUB16,sub16,ok,,11,0,0,11,,,,,Carrera,11
441,XXXII CROSS POPULAR MONESTERIO,2022-08-27,Monesterio,MARCHA 10-12,marcha1012,ok,,11,2,1,11,,,,,Carrera,8
441,XXXII CROSS POPULAR MONESTERIO,2022-08-27,Monesterio,MARCHA 14-18,marcha1418,ok,,15,0,0,15,,,,,Carrera,15
441,XXXII CROSS POPULAR MONESTERIO,2022-08-27,Monesterio,CARRERA POPULAR MONESTERIENSE -,carrerapopularmonesteriense,ok,,9,0,0,9,,,,,Carrera,9
441,XXXII CROSS POPULAR MONESTERIO,2022-08-27,Monesterio,ABSOLUTA -,absoluta,ok,,51,36,15,51,,,,,Carrera,0
440,XXIII MILLA URBANA DE BERLANGA,2022-08-17,Berlanga,PREBENJAMIN,prebenjamin,ok,,17,0,0,17,,,,,Carrera,17
440,XXIII MILLA URBANA DE BERLANGA,2022-08-17,Berlanga,BENJAMIN,benjamin,ok,,29,0,0,29,,,,,Carrera,29
440,XXIII MILLA URBANA DE BERLANGA,2022-08-17,Berlanga,ALEVIN,alevin,ok,,22,0,0,22,,,,,Carrera,22
440,XXIII MILLA URBANA DE BERLANGA,2022-08-17,Berlanga,SUB14 Y SUB16,sub14ysub16,ok,,35,0,0,35,,,,,Carrera,35
440,XXIII MILLA URBANA DE BERLANGA,2022-08-17,Berlanga,ABSOLUTA CON VUELTAS,absolutaconvueltas,ok,,139,52,87,139,,,,,Carrera,0
432,IX TRAGAMILLAS CIUDAD DE LA LÍNEA,2022-08-14,LA LINEA DE LA CONCEPCION,GENERAL,general,ok,,98,0,0,98,,,,,Travesía,98
408,VI CARRERA DE ROCHE POR EL SINDROME DE RETT,2022-08-07,CONIL DE LA FRONTERA,5K,5k,ok,,178,0,0,178,,,,,Carrera,178
408,VI CARRERA DE ROCHE POR EL SINDROME DE RETT,2022-08-07,CONIL DE LA FRONTERA,10K,10k,ok,,231,0,0,231,,,,,Carrera,231
408,VI CARRERA DE ROCHE POR EL SINDROME DE RETT,2022-08-07,CONIL DE LA FRONTERA,INFANTIL CADETE,infantilcadete,ok,,35,0,0,35,,,,,Carrera,35
408,VI CARRERA DE ROCHE POR EL SINDROME DE RETT,2022-08-07,CONIL DE LA FRONTERA,ALEVIN,alevin,ok,,9,0,0,9,,,,,Carrera,9
408,VI CARRERA DE ROCHE POR EL SINDROME DE RETT,2022-08-07,CONIL DE LA FRONTERA,BENJAMIN,benjamin,ok,,11,0,0,11,,,,,Carrera,11
453,VI XTREME NATURAL TESORILLO,2022-07-31,SAN MARTIN DEL TESORILLO,ELITE,elite,ok,,26,0,0,26,,,,,Carrera de obstáculos,26
453,VI XTREME NATURAL TESORILLO,2022-07-31,SAN MARTIN DEL TESORILLO,PREELITE,preelite,ok,,40,0,0,40,,,,,Carrera de obstáculos,40
453,VI XTREME NATURAL TESORILLO,2022-07-31,SAN MARTIN DEL TESORILLO,POPULAR,popular,ok,,182,0,0,182,,,,,Carrera de obstáculos,182
455,I CARRERA NOCTURNA CPT,2022-07-23,JEDULA,GENERAL,general,ok,,148,13,2,148,,,,,Carrera,133
455,I CARRERA NOCTURNA CPT,2022-07-23,JEDULA,CON VUELTAS,convueltas,ok,,167,0,0,167,,,,,Carrera,167
456,I CARRERA POPULAR  “CORRE POR EL PUEBLO SAHARAUI”,2022-07-15,CADIZ,GENERAL,general,ok,,221,34,14,221,,,,,Carrera,173
435,II CARRERA POPULAR PLAYAS DE CADIZ,2022-07-03,CADIZ,GENERAL,general,ok,,224,180,30,224,,,,,Carrera,14
435,II CARRERA POPULAR PLAYAS DE CADIZ,2022-07-03,CADIZ,MENORES II CARRERA POPULAR PLAYAS DE CADIZ,menoresiicarrerapopularplayasd,ok,,66,0,0,66,,,,,Carrera,66
,V CARRERA POPULAR NOCHE DE SAN JUAN,2022-06-25,TARIFA,,,sense_resultats,,,,,,,,,,Carrera,
363,V CXM NOCTURNA AG MONTES DE CEUTA,2022-06-18,CEUTA,GENERAL,general,ok,,875,603,251,875,,,,,Carrera,21
363,V CXM NOCTURNA AG MONTES DE CEUTA,2022-06-18,CEUTA,CON TRAMO ESPECIAL,contramoespecial,ok,,607,0,0,607,,,,,Carrera,607
429,VIII CXM MANCHA REAL - SIERRA MAGINA 2022,2022-06-18,MANCHA REAL,CORTA-,corta,ok,,228,0,0,228,,,,,Trail,228
429,VIII CXM MANCHA REAL - SIERRA MAGINA 2022,2022-06-18,MANCHA REAL,LARGA-,larga,ok,,280,0,0,280,,,,,Trail,280
429,VIII CXM MANCHA REAL - SIERRA MAGINA 2022,2022-06-18,MANCHA REAL,LARGA - CON PUNTO INTERMEDIO,largaconpuntointermedio,ok,,83,0,0,83,,,,,Trail,83
437,I MEDIA MARATON BTT SAN URBANO,2022-06-18,CEUTA,GENERAL,general,ok,,95,34,1,95,,,,,Ciclismo,60
437,I MEDIA MARATON BTT SAN URBANO,2022-06-18,CEUTA,EBIKES,ebikes,ok,,28,28,0,28,,,,,Ciclismo,0
427,CARRERA POPULAR 10KM FIESTA DE LA CEREZA 2022,2022-06-12,CASTILLO LOCUBIN,GENERAL,general,ok,,86,68,16,86,,,,,Carrera,2
434,VIII CXM CIRCUITO 2022 DIPUTACION JAEN,2022-05-31,JAEN,PUNTUACION CXM,puntuacioncxm,ok,,77,64,13,77,,,,,Carrera por montaña,0
434,VIII CXM CIRCUITO 2022 DIPUTACION JAEN,2022-05-31,JAEN,PUNTUACION CXM BASE,puntuacioncxmbase,ok,,7,7,0,7,,,,,Carrera por montaña,0
434,VIII CXM CIRCUITO 2022 DIPUTACION JAEN,2022-05-31,JAEN,PUNTUACION CORTA,puntuacioncorta,ok,,50,0,0,50,,,,,Carrera por montaña,50
417,I CXM ROMPEALBARCAS,2022-05-15,VALDEPEÑAS DE JAEN,LA ALBARQUILLA -,laalbarquilla,ok,,77,59,17,77,,,,,Trail,1
417,I CXM ROMPEALBARCAS,2022-05-15,VALDEPEÑAS DE JAEN,LA ALBARCA-,laalbarca,ok,,59,51,7,59,,,,,Trail,1
439,III CARRERA BTT  PICOS DEL GUADIANA DE HUESA 2022,2022-05-01,HUESA,GENERAL,general,ok,,28,0,0,28,,,,,Ciclismo,28
436,I CARRERA CENTRO COMERCIAL LOS ALCORES,2022-04-24,ALCALA DE GUADAIRA,5000,5000,ok,,141,81,30,141,,,,,Carrera,30
436,I CARRERA CENTRO COMERCIAL LOS ALCORES,2022-04-24,ALCALA DE GUADAIRA,1500,1500,ok,,20,0,0,20,,,,,Carrera,20
428,VIII CXM MONTIZÓN - CONDADO DE JAÉN - 2022,2022-04-09,ALDEAHERMOSA DE MONTIZON,- CORTA,corta,ok,,63,0,0,63,,,,,Trail,63
428,VIII CXM MONTIZÓN - CONDADO DE JAÉN - 2022,2022-04-09,ALDEAHERMOSA DE MONTIZON,- CARRERA DE MONTAÑA,carrerademontana,ok,,96,24,12,96,,,,,Trail,60
359,V PRIMAVERA RUN VILLACARRILLO,2022-04-03,VILLACARRILLO,7 KM,7km,ok,,345,158,53,345,,,,,Carrera,134
359,V PRIMAVERA RUN VILLACARRILLO,2022-04-03,VILLACARRILLO,1 KM,1km,ok,,96,5,23,96,,,,,Carrera,68
359,V PRIMAVERA RUN VILLACARRILLO,2022-04-03,VILLACARRILLO,LOCAL,local,ok,,8,0,0,8,,,,,Carrera,8
360,BASILISK WILD RACE,2022-04-03,SAN FERNANDO,PRO,pro,ok,,138,80,21,138,,,,,Carrera de obstáculos,37
360,BASILISK WILD RACE,2022-04-03,SAN FERNANDO,CHALLENGE,challenge,ok,,595,0,0,595,,,,,Carrera de obstáculos,595
360,BASILISK WILD RACE,2022-04-03,SAN FERNANDO,PAREJAS,parejas,ok,,80,13,5,80,,,,,Carrera de obstáculos,62
360,BASILISK WILD RACE,2022-04-03,SAN FERNANDO,EQUPOS,equpos,ok,,216,0,0,216,,,,,Carrera de obstáculos,216
426,I CXM SILVIA LARA 21 KM,2022-04-03,CASTILLO LOCUBIN,12 KM,12km,ok,,224,56,20,224,,,,,Trail,148
426,I CXM SILVIA LARA 21 KM,2022-04-03,CASTILLO LOCUBIN,21 KM,21km,ok,,204,67,12,204,,,,,Trail,125
,SALVANDO OBSTACULOS 2022,2022-03-27,LAS CABEZAS DE SAN JUAN,,,sense_resultats,,,,,,,,,,Carrera de obstáculos,
414,XXXIV  MEDIA MARATÓN BAHÍA DE CÁDIZ 2022,2022-03-27,SAN FERNANDO,GENERAL,general,ok,,1928,0,0,1928,,,,,Carrera,1928
418,VII MARATÓN BTT MONCLOVA DESERT GRAN PREMIO VIALIDER,2022-02-13,LA LUISIANA,CORTA CON PARCIAL,cortaconparcial,ok,,86,0,0,86,,,,,Ciclismo,86
418,VII MARATÓN BTT MONCLOVA DESERT GRAN PREMIO VIALIDER,2022-02-13,LA LUISIANA,LARGA CON PARCIAL,largaconparcial,ok,,458,0,0,458,,,,,Ciclismo,458
415,IV CARRERA SOLIDARIA SAN SILVESTRE HUESA,2021-12-30,HUESA,INFANTIL -,infantil,ok,,12,0,0,12,,,,,Carrera,12
415,IV CARRERA SOLIDARIA SAN SILVESTRE HUESA,2021-12-30,HUESA,ADULTOS -,adultos,ok,,48,0,0,48,,,,,Carrera,48
406,V SAN SILVESTRE GADITANA,2021-12-30,CADIZ,GENERAL,general,ok,,872,11,0,872,,,,,Carrera,861
405,X CARRERA POPULAR TORREPEROGIL 2021,2021-12-18,TORREPEROGIL,ADULTOS -,adultos,ok,,245,34,5,245,,,,,Carrera,206
405,X CARRERA POPULAR TORREPEROGIL 2021,2021-12-18,TORREPEROGIL,INFANTIL CADETE -,infantilcadete,ok,,32,0,0,32,,,,,Carrera,32
405,X CARRERA POPULAR TORREPEROGIL 2021,2021-12-18,TORREPEROGIL,BENJAMIN ALEVIN -,benjaminalevin,ok,,64,19,10,64,,,,,Carrera,35
405,X CARRERA POPULAR TORREPEROGIL 2021,2021-12-18,TORREPEROGIL,PREBENJAMIN -,prebenjamin,ok,,49,0,0,49,,,,,Carrera,49
405,X CARRERA POPULAR TORREPEROGIL 2021,2021-12-18,TORREPEROGIL,ADULTOS - LOCAL,adultoslocal,ok,,103,0,0,103,,,,,Carrera,103
407,I CONTRARRELOJ BTT NTRA. SRA. VIRGEN DE LUNA,2021-11-14,POZOBLANCO,PAREJAS -,parejas,ok,,106,0,0,106,,,,,Ciclismo,106
407,I CONTRARRELOJ BTT NTRA. SRA. VIRGEN DE LUNA,2021-11-14,POZOBLANCO,PROMESAS,promesas,ok,,13,0,0,13,,,,,Ciclismo,13
407,I CONTRARRELOJ BTT NTRA. SRA. VIRGEN DE LUNA,2021-11-14,POZOBLANCO,PRINCIPIANTE,principiante,ok,,9,0,0,9,,,,,Ciclismo,9
407,I CONTRARRELOJ BTT NTRA. SRA. VIRGEN DE LUNA,2021-11-14,POZOBLANCO,ALEVIN,alevin,ok,,5,0,0,5,,,,,Ciclismo,5
407,I CONTRARRELOJ BTT NTRA. SRA. VIRGEN DE LUNA,2021-11-14,POZOBLANCO,INFANTIL,infantil,ok,,6,0,0,6,,,,,Ciclismo,6
382,VI SIERRA DE CAZORLA TRAILS QUESADA,2021-11-13,QUESADA,14K -,14k,ok,,212,0,0,212,,,,,Carrera por montaña,212
382,VI SIERRA DE CAZORLA TRAILS QUESADA,2021-11-13,QUESADA,CADETE -,cadete,ok,,25,0,0,25,,,,,Carrera por montaña,25
382,VI SIERRA DE CAZORLA TRAILS QUESADA,2021-11-13,QUESADA,JUVENIL -,juvenil,ok,,16,0,0,16,,,,,Carrera por montaña,16
382,VI SIERRA DE CAZORLA TRAILS QUESADA,2021-11-13,QUESADA,33K CON PUNTOS INTERMEDIOS,33kconpuntosintermedios,ok,,341,0,0,341,,,,,Carrera por montaña,341
382,VI SIERRA DE CAZORLA TRAILS QUESADA,2021-11-13,QUESADA,63K CON PUNTOS INTERMEDIOS,63kconpuntosintermedios,ok,,135,0,0,135,,,,,Carrera por montaña,135
340,II MARATÓN BTT DE CAZALLA DE LA LA SIERRA OPEN DE ANDALUCIA,2021-11-07,CAZALLA DE LA SIERRA,CORTA PUNTO INTERMEDIO,cortapuntointermedio,ok,,125,0,0,125,,,,,Ciclismo,125
340,II MARATÓN BTT DE CAZALLA DE LA LA SIERRA OPEN DE ANDALUCIA,2021-11-07,CAZALLA DE LA SIERRA,LARGA CON PUNTOS INTERMEDIOS,largaconpuntosintermedios,ok,,287,0,0,287,,,,,Ciclismo,287
,III CADEBA DE MONTAÑA LA CRESTITA 2021,2021-11-07,TORREDELCAMPO,,,sense_resultats,,,,,,,,,,Trail,
357,V CXM CRESTA DEL DIABLO,2021-10-31,TORREDELCAMPO,Y PUNTUACIÓN SELECCIONES,ypuntuacionselecciones,ok,,87,43,44,87,,,,,Carrera por montaña,0
357,V CXM CRESTA DEL DIABLO,2021-10-31,TORREDELCAMPO,SELECCIONES PROVINCIALES TODOS,seleccionesprovincialestodos,ok,,174,0,0,174,,,,,Carrera por montaña,174
357,V CXM CRESTA DEL DIABLO,2021-10-31,TORREDELCAMPO,DIABLITO MINITRAIL,diablitominitrail,ok,,56,0,0,56,,,,,Carrera por montaña,56
357,V CXM CRESTA DEL DIABLO,2021-10-31,TORREDELCAMPO,MEDIA MARATON,mediamaraton,ok,,249,0,0,249,,,,,Carrera por montaña,249
357,V CXM CRESTA DEL DIABLO,2021-10-31,TORREDELCAMPO,MARATON,maraton,ok,,100,0,0,100,,,,,Carrera por montaña,100
399,I CARRERA POPULAR SALESIANAS CADIZ,2021-10-23,CADIZ,7K,7k,ok,,113,0,0,113,,,,,Carrera,113
399,I CARRERA POPULAR SALESIANAS CADIZ,2021-10-23,CADIZ,INFANTIL CADETE,infantilcadete,ok,,41,0,0,41,,,,,Carrera,41
399,I CARRERA POPULAR SALESIANAS CADIZ,2021-10-23,CADIZ,ALEVIN,alevin,ok,,40,0,0,40,,,,,Carrera,40
399,I CARRERA POPULAR SALESIANAS CADIZ,2021-10-23,CADIZ,BENJAMIN,benjamin,ok,,48,0,0,48,,,,,Carrera,48
388,IV TRAVESIA RIO GUADALQUIVIR - CLUB NAUTICO SEVILLA - BRAZADAS SOLIDARIAS,2021-10-09,SEVILLA,500,500,ok,,27,0,0,27,,,,,Travesía,27
388,IV TRAVESIA RIO GUADALQUIVIR - CLUB NAUTICO SEVILLA - BRAZADAS SOLIDARIAS,2021-10-09,SEVILLA,1500,1500,ok,,70,0,0,70,,,,,Travesía,70
388,IV TRAVESIA RIO GUADALQUIVIR - CLUB NAUTICO SEVILLA - BRAZADAS SOLIDARIAS,2021-10-09,SEVILLA,PREMIACION 1500,premiacion1500,ok,,9,0,0,9,,,,,Travesía,9
388,IV TRAVESIA RIO GUADALQUIVIR - CLUB NAUTICO SEVILLA - BRAZADAS SOLIDARIAS,2021-10-09,SEVILLA,3000,3000,ok,,85,0,0,85,,,,,Travesía,85
388,IV TRAVESIA RIO GUADALQUIVIR - CLUB NAUTICO SEVILLA - BRAZADAS SOLIDARIAS,2021-10-09,SEVILLA,PREMIACION 3000,premiacion3000,ok,,50,0,0,50,,,,,Travesía,50
402,"XXIII CARRERA POPULAR ""VIRGEN DEL PILAR""",2021-10-09,ALGECIRAS,GENERO,genero,ok,,317,262,55,317,,,,,Carrera,0
372,5K Y  VI MILLA VERDE GUARDIA CIVIL CIUDAD DE CÁDIZ,2021-10-03,CADIZ,5K,5k,ok,,317,0,0,317,,,,,Carrera,317
372,5K Y  VI MILLA VERDE GUARDIA CIVIL CIUDAD DE CÁDIZ,2021-10-03,CADIZ,5K - CON PUNTO INTERMEDIO Y MILLA,5kconpuntointermedioymilla,ok,,329,0,0,329,,,,,Carrera,329
372,5K Y  VI MILLA VERDE GUARDIA CIVIL CIUDAD DE CÁDIZ,2021-10-03,CADIZ,MILLA,milla,ok,,41,0,0,41,,,,,Carrera,41
372,5K Y  VI MILLA VERDE GUARDIA CIVIL CIUDAD DE CÁDIZ,2021-10-03,CADIZ,ALEVIN,alevin,ok,,38,0,0,38,,,,,Carrera,38
372,5K Y  VI MILLA VERDE GUARDIA CIVIL CIUDAD DE CÁDIZ,2021-10-03,CADIZ,BENJAMIN,benjamin,ok,,47,0,0,47,,,,,Carrera,47
379,BENEMÉRITA TRAIL SEAT VIGILSA 2021- SIERRA DE LA ALFAGUARA,2021-10-02,ALFACAR,OPEN -,open,ok,,264,0,0,264,,,,,Carrera por montaña,264
379,BENEMÉRITA TRAIL SEAT VIGILSA 2021- SIERRA DE LA ALFAGUARA,2021-10-02,ALFACAR,OPEN - LOCAL,openlocal,ok,,30,0,0,30,,,,,Carrera por montaña,30
379,BENEMÉRITA TRAIL SEAT VIGILSA 2021- SIERRA DE LA ALFAGUARA,2021-10-02,ALFACAR,TRAIL -,trail,ok,,411,0,0,411,,,,,Carrera por montaña,411
379,BENEMÉRITA TRAIL SEAT VIGILSA 2021- SIERRA DE LA ALFAGUARA,2021-10-02,ALFACAR,TRAIL - LOCAL,traillocal,ok,,11,0,0,11,,,,,Carrera por montaña,11
383,II VUELTA A CARMONA BTT,2021-09-25,CARMONA,SABADO,sabado,ok,,151,0,0,151,,,,,Ciclismo,151
383,II VUELTA A CARMONA BTT,2021-09-25,CARMONA,SABADO LOCAL,sabadolocal,ok,,17,0,0,17,,,,,Ciclismo,17
383,II VUELTA A CARMONA BTT,2021-09-25,CARMONA,DOMINGO-,domingo,ok,,142,0,0,142,,,,,Ciclismo,142
383,II VUELTA A CARMONA BTT,2021-09-25,CARMONA,DOMINGO LOCAL,domingolocal,ok,,17,0,0,17,,,,,Ciclismo,17
383,II VUELTA A CARMONA BTT,2021-09-25,CARMONA,2 ETAPAS,2etapas,ok,,138,0,0,138,,,,,Ciclismo,138
383,II VUELTA A CARMONA BTT,2021-09-25,CARMONA,2 ETAPAS LOCAL,2etapaslocal,ok,,18,0,0,18,,,,,Ciclismo,18
,DE ALCALA A LA INDIA - 12 H. DE NATACION,2021-09-11,ALCALA DE GUADAIRA,,,sense_resultats,,,,,,,,,,Travesía,
,XII TRAVESIA A NADO PLAYA DE VALDELAGRANA,2021-09-05,EL PUERTO DE SANTA MARÍA,,,sense_resultats,,,,,,,,,,Travesía,
,X RECORRIDO ATLÉTICO CIUDAD DE EL PUERTO,2021-09-05,EL PUERTO DE SANTA MARÍA,,,sense_resultats,,,,,,,,,,Carrera,
,SEGURA XTREME TRIATLON - HALF,2021-09-04,HORNOS DE SEGURA,,,sense_resultats,,,,,,,,,,Triatlón,
,SEGURA XTREME TRIATLON - EXTREME,2021-09-04,HORNOS DE SEGURA,,,sense_resultats,,,,,,,,,,Triatlón,
,VII CRUCE A NADO BAHÍA DE CADIZ,2021-09-04,SAN FERNANDO,,,sense_resultats,,,,,,,,,,Travesía,
389,XVIII TRAVESIA SOLIDARIA PUNTA UMBRIA - BRAZADAS SOLIDARIAS,2021-08-29,PUNTA UMBRIA,1500 M.,1500m,ok,,94,0,0,94,,,,,Travesía,94
389,XVIII TRAVESIA SOLIDARIA PUNTA UMBRIA - BRAZADAS SOLIDARIAS,2021-08-29,PUNTA UMBRIA,500 M.,500m,ok,,30,0,0,30,,,,,Travesía,30
390,VI TRAVESIA BRAZADAS SOLIDARIAS CHICLANA,2021-08-28,CHICLANA DE LA FRONTERA,1000 M.,1000m,ok,,62,0,0,62,,,,,Travesía,62
390,VI TRAVESIA BRAZADAS SOLIDARIAS CHICLANA,2021-08-28,CHICLANA DE LA FRONTERA,2500 M.,2500m,ok,,110,0,0,110,,,,,Travesía,110
393,"CARRERA SOLIDARIA ""PLAYAS DE PUNTA UMBRÍA""",2021-08-22,PUNTA UMBRIA,5K -,5k,ok,,47,0,0,47,,,,,Carrera,47
393,"CARRERA SOLIDARIA ""PLAYAS DE PUNTA UMBRÍA""",2021-08-22,PUNTA UMBRIA,10K -,10k,ok,,73,0,0,73,,,,,Carrera,73
381,"XV CARRERA POPULAR 2021 ""CIUDAD DE QUESADA""",2021-08-21,QUESADA,JUVENIL - VETERANO,juvenilveterano,ok,,111,0,0,111,,,,,Carrera,111
381,"XV CARRERA POPULAR 2021 ""CIUDAD DE QUESADA""",2021-08-21,QUESADA,CHUPETIN,chupetin,ok,,17,0,0,17,,,,,Carrera,17
381,"XV CARRERA POPULAR 2021 ""CIUDAD DE QUESADA""",2021-08-21,QUESADA,BENJAMIN,benjamin,ok,,13,0,0,13,,,,,Carrera,13
381,"XV CARRERA POPULAR 2021 ""CIUDAD DE QUESADA""",2021-08-21,QUESADA,ALEVIN,alevin,ok,,15,0,0,15,,,,,Carrera,15
381,"XV CARRERA POPULAR 2021 ""CIUDAD DE QUESADA""",2021-08-21,QUESADA,INFANTIL CADETE -,infantilcadete,llista_error,no s'ha trobat cap taula al PDF (format no reconegut per pdfplumber),,,,,,,,,Carrera,
381,"XV CARRERA POPULAR 2021 ""CIUDAD DE QUESADA""",2021-08-21,QUESADA,LOCAL,local,ok,,19,0,0,19,,,,,Carrera,19
392,VIII TRAGAMILLAS CIUDAD DE LA LÍNEA,2021-08-20,LA LINEA DE LA CONCEPCIÓN,GENERAL,general,ok,,83,0,0,83,,,,,Travesía,83
384,V CARRERA DE ROCHE POR EL SINDROME DE RETT,2021-08-08,CONIL DE LA FRONTERA,10K - CON PUNTOS INTERMEDIOS,10kconpuntosintermedios,ok,,272,0,0,272,,,,,Carrera,272
384,V CARRERA DE ROCHE POR EL SINDROME DE RETT,2021-08-08,CONIL DE LA FRONTERA,5K - CON PUNTO INTERMEDIO,5kconpuntointermedio,ok,,136,0,0,136,,,,,Carrera,136
384,V CARRERA DE ROCHE POR EL SINDROME DE RETT,2021-08-08,CONIL DE LA FRONTERA,5K,5k,ok,,131,0,0,131,,,,,Carrera,131
384,V CARRERA DE ROCHE POR EL SINDROME DE RETT,2021-08-08,CONIL DE LA FRONTERA,ALEVINES,alevines,ok,,20,0,0,20,,,,,Carrera,20
384,V CARRERA DE ROCHE POR EL SINDROME DE RETT,2021-08-08,CONIL DE LA FRONTERA,BENJAMINES,benjamines,ok,,21,0,0,21,,,,,Carrera,21
384,V CARRERA DE ROCHE POR EL SINDROME DE RETT,2021-08-08,CONIL DE LA FRONTERA,INFANTIL CADETE,infantilcadete,ok,,22,0,0,22,,,,,Carrera,22
377,II ACUATLON TIRABUZON CIUDAD DE CADIZ,2021-08-07,CADIZ,GENERAL,general,ok,,118,0,0,118,,,,,Acuatlón,118
377,II ACUATLON TIRABUZON CIUDAD DE CADIZ,2021-08-07,CADIZ,LOCAL,local,ok,,24,0,0,24,,,,,Acuatlón,24
377,II ACUATLON TIRABUZON CIUDAD DE CADIZ,2021-08-07,CADIZ,CON PARCIALES,conparciales,ok,,132,106,26,132,,,,,Acuatlón,0
377,II ACUATLON TIRABUZON CIUDAD DE CADIZ,2021-08-07,CADIZ,RELEVOS CON PARCIALES,relevosconparciales,ok,,21,0,0,21,,,1,,Acuatlón,21
385,XXXI TRAVESÍA INTERNACIONAL A NADO “CIUDAD DE CÁDIZ”,2021-08-01,CADIZ,GENERAL,general,ok,,145,0,0,145,,,,,Travesía,145
378,I CARRERA POPULAR PLAYAS DE CADIZ,2021-07-10,CADIZ,GENERAL,general,ok,,359,0,0,359,,,,,Carrera,359
376,"XVIII CARRERA ARROYO OJANCO NOCTURNA ""PARQUE DE SAN FRANCISCO""",2021-07-03,ARROYO OJANCO,9 KM,9km,ok,,101,0,0,101,,,,,Carrera,101
376,"XVIII CARRERA ARROYO OJANCO NOCTURNA ""PARQUE DE SAN FRANCISCO""",2021-07-03,ARROYO OJANCO,9 KM CON PUNTO INTERMEDIO,9kmconpuntointermedio,ok,,98,0,0,98,,,,,Carrera,98
375,VII CXM MANCHA REAL - SIERRA MAGINA,2021-06-26,MANCHA REAL,TRAIL CORTO,trailcorto,ok,,126,0,0,126,,,,,Carrera por montaña,126
375,VII CXM MANCHA REAL - SIERRA MAGINA,2021-06-26,MANCHA REAL,TRAIL LARGO,traillargo,ok,,150,4,2,150,,,,,Carrera por montaña,144
375,VII CXM MANCHA REAL - SIERRA MAGINA,2021-06-26,MANCHA REAL,CON PUNTO INTERMEDIO,conpuntointermedio,ok,,143,0,0,143,,,,,Carrera por montaña,143
373,I CARRERA TRAIL SIERRA DE HUESA,2021-06-05,HUESA,GENERAL,general,ok,,16,0,16,16,,,,,Trail,0
,VII CIRCUITO PROVINCIAL CXM 2021,2021-05-19,JAEN,,,sense_resultats,,,,,,,,,,Carrera por montaña,
371,VII CXM MONTIZÓN - CONDADO DE JAÉN - 2021,2021-04-11,ALDEAHERMOSA DE MONTIZON,MINITRAIL,minitrail,ok,,81,0,0,81,,,,,Carrera por montaña,81
371,VII CXM MONTIZÓN - CONDADO DE JAÉN - 2021,2021-04-11,ALDEAHERMOSA DE MONTIZON,CXM,cxm,ok,,104,0,0,104,,,,,Carrera por montaña,104
368,VI MARATÓN BTT MONCLOVA DESERT GRAN PREMIO MICHELIN EXELAGRI,2021-03-28,LA LUISIANA,CORTA,corta,ok,,72,0,0,72,,,,,Ciclismo,72
368,VI MARATÓN BTT MONCLOVA DESERT GRAN PREMIO MICHELIN EXELAGRI,2021-03-28,LA LUISIANA,LARGA,larga,ok,,374,0,0,374,,,,,Ciclismo,374
368,VI MARATÓN BTT MONCLOVA DESERT GRAN PREMIO MICHELIN EXELAGRI,2021-03-28,LA LUISIANA,LARGA CON PUNTOS INTERMEDIO,largaconpuntosintermedio,ok,,366,0,0,366,,,,,Ciclismo,366
368,VI MARATÓN BTT MONCLOVA DESERT GRAN PREMIO MICHELIN EXELAGRI,2021-03-28,LA LUISIANA,CORTA CON PUNTOS INTERMEDIO,cortaconpuntosintermedio,ok,,63,0,0,63,,,,,Ciclismo,63
,CARRERA V EL PILAR-MARIANISTAS JEREZ - VIRTUAL,2021-02-14,JEREZ DE LA FRONTERA,,,sense_resultats,,,,,,,,,,Carrera,
356,V SIERRA DE CAZORLA TRAILS QUESADA,2020-11-15,QUESADA,M-22 KM CON PUNTOS INTERMEDIOS,m22kmconpuntosintermedios,ok,,90,0,0,90,,,,,Carrera por montaña,90
356,V SIERRA DE CAZORLA TRAILS QUESADA,2020-11-15,QUESADA,L-34 KM CON PUNTOS INTERMEDIOS,l34kmconpuntosintermedios,ok,,135,0,0,135,,,,,Carrera por montaña,135
356,V SIERRA DE CAZORLA TRAILS QUESADA,2020-11-15,QUESADA,L-34 KM CAMPEONATO JAEN - CON PUNTOS INTERMEDIOS,l34kmcampeonatojaenconpuntosin,ok,,37,0,0,37,,,,,Carrera por montaña,37
,III SENDERISMO SOLIDARIO VIRTUAL NINA LA GUERRERA,2020-10-31,ALCALA LA REAL,,,sense_resultats,,,,,,,,,,Senderismo,
353,I VUELTA A CARMONA BTT,2020-10-10,CARMONA,SABADO - CON PUNTOS INTERMEDIOS,sabadoconpuntosintermedios,ok,,254,0,0,254,,,,,Ciclismo,254
353,I VUELTA A CARMONA BTT,2020-10-10,CARMONA,SABADO - INDIVIDUAL,sabadoindividual,ok,,101,0,0,101,,,,,Ciclismo,101
353,I VUELTA A CARMONA BTT,2020-10-10,CARMONA,DOMINGO - INDIVIDUAL,domingoindividual,ok,,90,0,0,90,,,,,Ciclismo,90
353,I VUELTA A CARMONA BTT,2020-10-10,CARMONA,DOMINGO - CON PUNTOS INTERMEDIOS,domingoconpuntosintermedios,ok,,246,0,0,246,,,,,Ciclismo,246
,VII CXM SIERRA MAGINA,2020-06-20,MANCHA REAL,,,sense_resultats,,,,,,,,,,Carrera por montaña,
,IV CARRERA POPULAR POR LA FIBROMIALGIA Y MARCHA SOLIDARIA,2020-05-10,SAN FERNANDO,,,sense_resultats,,,,,,,,,,Carrera,
,XIV VUELTA A CEUTA ANDANDO,2020-04-25,CEUTA,,,sense_resultats,,,,,,,,,,Trail,
,VII CXM CIRCUITO 2020 DIPUTACION JAEN,2020-04-15,JAEN,,,sense_resultats,,,,,,,,,,Carrera por montaña,
,VII CXM MONTIZÓN - CONDADO DE JAÉN,2020-03-29,ALDEHERMOSA DE MONTIZÓN,,,sense_resultats,,,,,,,,,,Carrera por montaña,
334,IX 100 MILLAS SIERRAS DE BANDOLERO,2020-03-06,PRADO DEL REY,BANDOLEROS,bandoleros,ok,,402,0,0,402,,,,,Carrera por montaña,402
334,IX 100 MILLAS SIERRAS DE BANDOLERO,2020-03-06,PRADO DEL REY,BANDOLERITA,bandolerita,ok,,1283,0,0,1283,,,,,Carrera por montaña,1283
334,IX 100 MILLAS SIERRAS DE BANDOLERO,2020-03-06,PRADO DEL REY,EQUIPOS BANDOLEROS,equiposbandoleros,ok,,19,0,0,19,,,,,Carrera por montaña,19
336,XII CARRERA DÍA ANDALUCIA TARIFA 2020,2020-03-01,TARIFA,ADULTOS,adultos,ok,,114,0,0,114,,,,,Carrera,114
336,XII CARRERA DÍA ANDALUCIA TARIFA 2020,2020-03-01,TARIFA,INFANTIL CADETE,infantilcadete,ok,,8,0,0,8,,,,,Carrera,8
336,XII CARRERA DÍA ANDALUCIA TARIFA 2020,2020-03-01,TARIFA,ALEVIN,alevin,ok,,6,0,0,6,,,,,Carrera,6
339,I MEDIA MARATON BTT MARINALEDA,2020-02-23,MARINALEDA,GENERAL,general,ok,,268,0,0,268,,,,,Ciclismo,268
332,V MARATÓN BTT MONCLOVA DESERT GRAN PREMIO MICHELIN EXELAGRI,2020-02-16,LA LUISIANA,CORTA,corta,ok,,45,0,0,45,,,,,Ciclismo,45
332,V MARATÓN BTT MONCLOVA DESERT GRAN PREMIO MICHELIN EXELAGRI,2020-02-16,LA LUISIANA,LARGA,larga,ok,,611,0,0,611,,,,,Ciclismo,611
,III NOCTURNA SIERRA CIMERA,2020-02-15,CEUTA,,,sense_resultats,,,,,,,,,,Trail,
321,III CARRERA - MARCHA SOLIDARIA HERMANDAD DE LA MISERICORDIA,2020-02-09,SAN FERNANDO,GENERAL,general,ok,,223,0,0,223,,,,,Carrera,223
337,IV CARRERA PILAR MARIANISTAS JEREZ,2020-01-19,JEREZ DE LA FRONTERA,5K,5k,ok,,223,0,0,223,,,,,Carrera,223
337,IV CARRERA PILAR MARIANISTAS JEREZ,2020-01-19,JEREZ DE LA FRONTERA,10K,10k,ok,,340,0,0,340,,,,,Carrera,340
,I 100 X 100 SOLIDARIO GO FIT  SEVILLA,2020-01-04,SEVILLA,,,sense_resultats,,,,,,,,,,Travesía,
,CARRERA DE HUESA,2019-12-30,HUESA,,,sense_resultats,,,,,,,,,,Carrera,
,II CARRERA SAN SILVESTRE TARIFA,2019-12-29,TARIFA,,,sense_resultats,,,,,,,,,,Carrera,
335,IX CARRERA POPULAR TORREPEROGIL 2019,2019-12-28,TORREPEROGIL,BENJAMIN ALEVIN,benjaminalevin,ok,,95,0,0,95,,,,,Carrera,95
335,IX CARRERA POPULAR TORREPEROGIL 2019,2019-12-28,TORREPEROGIL,INFANTIL CADETE,infantilcadete,ok,,43,0,0,43,,,,,Carrera,43
335,IX CARRERA POPULAR TORREPEROGIL 2019,2019-12-28,TORREPEROGIL,ADULTOS,adultos,ok,,314,0,0,314,,,,,Carrera,314
310,III SAN SILVESTRE GADITANA,2019-12-28,CADIZ,GENERAL,general,ok,,1583,1139,444,1583,,,,,Carrera,0
,XX MARCHA FIN DE AÑO,2019-12-28,CEUTA,,,sense_resultats,,,,,,,,,,Carrera,
315,VI CARRERA URBANA UPACESUR,2019-11-23,JEREZ DE LA FRONTERA,URBANA,urbana,ok,,157,0,0,157,,,,,Carrera,157
315,VI CARRERA URBANA UPACESUR,2019-11-23,JEREZ DE LA FRONTERA,FAMILY,family,ok,,105,0,0,105,,,,,Carrera,105
276,I MEDIA MARATON BTT CAZALLA DE LA SIERRA,2019-11-17,CAZALLA DE LA SIERRA,GENERAL,general,ok,,197,0,0,197,,,,,Ciclismo,197
276,I MEDIA MARATON BTT CAZALLA DE LA SIERRA,2019-11-17,CAZALLA DE LA SIERRA,PUNTO INTERMEDIO,puntointermedio,ok,,190,0,0,190,,,,,Ciclismo,190
,"II TRAIL CADEBA DE CXM JAÉN ""LA CRESTITA""",2019-11-10,TORREDELCAMPO,,,sense_resultats,,,,,,,,,,Trail,
320,I NORDIC WALKING ANYERA 2019,2019-11-09,CEUTA,7.700 KM,7700km,ok,,5,0,0,5,,,,,Carrera por montaña,5
320,I NORDIC WALKING ANYERA 2019,2019-11-09,CEUTA,15.400 KM,15400km,ok,,86,0,0,86,,,,,Carrera por montaña,86
320,I NORDIC WALKING ANYERA 2019,2019-11-09,CEUTA,"PUNTOS INTERMEDIOS 15,400 KM .PDF",puntosintermedios15400kmpdf,ok,,89,0,0,89,,,,,Carrera por montaña,89
320,I NORDIC WALKING ANYERA 2019,2019-11-09,CEUTA,PUNTOS INTERMEDIOS 7.700 KM,puntosintermedios7700km,ok,,12,0,0,12,,,,,Carrera por montaña,12
,CRESTA DEL DIABLO - DORSAL SOLIDARIO CONTRA EL CANCER INFANTIL,2019-10-27,TORREDELCAMPO,,,sense_resultats,,,,,,,,,,Carrera por montaña,
,"II SENDERISMO SOLIDARIO NINA ""LA GUERRERA""",2019-10-27,ALCALA LA REAL,,,sense_resultats,,,,,,,,,,Senderismo,
277,IV TRAIL LA CRESTA DEL DIABLO,2019-10-27,TORREDELCAMPO,CRESTA DEL DIABLO,crestadeldiablo,ok,,136,0,0,136,,,,,Carrera por montaña,136
277,IV TRAIL LA CRESTA DEL DIABLO,2019-10-27,TORREDELCAMPO,CRESTA DEL DIABLO CON PUNTO INTERMEDIO,crestadeldiabloconpuntointerme,ok,,140,0,0,140,,,,,Carrera por montaña,140
277,IV TRAIL LA CRESTA DEL DIABLO,2019-10-27,TORREDELCAMPO,CAMPEONATO PROVINCIAL,campeonatoprovincial,ok,,50,0,0,50,,,,,Carrera por montaña,50
277,IV TRAIL LA CRESTA DEL DIABLO,2019-10-27,TORREDELCAMPO,DIABLITO TRAIL,diablitotrail,ok,,192,0,0,192,,,,,Carrera por montaña,192
277,IV TRAIL LA CRESTA DEL DIABLO,2019-10-27,TORREDELCAMPO,CADETES MINITRAIL,cadetesminitrail,ok,,11,0,0,11,,,,,Carrera por montaña,11
277,IV TRAIL LA CRESTA DEL DIABLO,2019-10-27,TORREDELCAMPO,MODALIDAD NO COMPETITIVA MINITRAIL,modalidadnocompetitivaminitrai,ok,,21,0,0,21,,,,,Carrera por montaña,21
327,IV CARRERA POPULAR AGRUPACION DE MOGON,2019-10-26,AGRUPACION DE MOGON,GENERAL,general,ok,,63,0,0,63,,,,,Carrera,63
,I MEDIA MARATON BTT LA CAMPANA,2019-10-20,LA CAMPANA,,,sense_resultats,,,,,,,,,,Ciclismo,
322,"XV CARRERA POPULAR NOCTURNA “DÍA MUNDIAL DE ENFERMOS DE ALZHEIMER 2019""",2019-10-19,SAN FERNANDO,GENERAL,general,ok,,592,0,0,592,,,,,Carrera,592
,II CAMPUS TECNIFICACIÓN EN TRIATLÓN,2019-10-19,Arcos de la Frontera,,,sense_resultats,,,,,,,,,,Triatlón,
284,IV SIERRA DE CAZORLA TRAILS,2019-10-12,QUESADA,13K,13k,ok,,124,0,0,124,,,,,Carrera por montaña,124
284,IV SIERRA DE CAZORLA TRAILS,2019-10-12,QUESADA,33K,33k,ok,,117,0,0,117,,,,,Carrera por montaña,117
284,IV SIERRA DE CAZORLA TRAILS,2019-10-12,QUESADA,33K CON PUNTOS INTERMEDIOS,33kconpuntosintermedios,ok,,123,0,0,123,,,,,Carrera por montaña,123
284,IV SIERRA DE CAZORLA TRAILS,2019-10-12,QUESADA,65K,65k,ok,,35,0,0,35,,,,,Carrera por montaña,35
284,IV SIERRA DE CAZORLA TRAILS,2019-10-12,QUESADA,65K CON PUNTOS INTERMEDIOS,65kconpuntosintermedios,ok,,43,0,0,43,,,,,Carrera por montaña,43
299,VII BTT PALMA DEL RIO,2019-10-06,PALMA DEL RIO,TODOS,todos,ok,,229,0,0,229,,,,,Ciclismo,229
299,VII BTT PALMA DEL RIO,2019-10-06,PALMA DEL RIO,LOCAL,local,ok,,69,0,0,69,,,,,Ciclismo,69
303,VI INTEGRAL SIERRA BULLONES,2019-10-06,CEUTA,30 KM,30km,ok,,255,52,6,255,,,,,Carrera por montaña,197
303,VI INTEGRAL SIERRA BULLONES,2019-10-06,CEUTA,FEDERADOS 30KM,federados30km,ok,,79,0,0,79,,,,,Carrera por montaña,79
303,VI INTEGRAL SIERRA BULLONES,2019-10-06,CEUTA,14 KM,14km,ok,,357,13,8,357,,,,,Carrera por montaña,336
303,VI INTEGRAL SIERRA BULLONES,2019-10-06,CEUTA,EQUIPOS,equipos,ok,,74,64,10,74,,,,,Carrera por montaña,0
303,VI INTEGRAL SIERRA BULLONES,2019-10-06,CEUTA,EQUIPOS MIXTOS,equiposmixtos,ok,,9,0,0,9,,,,,Carrera por montaña,9
303,VI INTEGRAL SIERRA BULLONES,2019-10-06,CEUTA,CAMPEONATO AUTONOMICO,campeonatoautonomico,ok,,55,0,0,55,,,,,Carrera por montaña,55
298,BENEMÉRITA TRAIL SEAT VIGILSA 2019,2019-10-06,ALFACAR,OPEN,open,ok,,235,1,1,235,,,,,Carrera por montaña,233
298,BENEMÉRITA TRAIL SEAT VIGILSA 2019,2019-10-06,ALFACAR,TRAIL,trail,ok,,449,69,7,449,,,,,Carrera por montaña,373
328,III TRAVESIA RIO GUADALQUIVIR - CLUB NAUTICO SEVILLA - BRAZADAS SOLIDARIAS,2019-10-05,SEVILLA,500 M,500m,ok,,16,0,0,16,,,,,Travesía,16
328,III TRAVESIA RIO GUADALQUIVIR - CLUB NAUTICO SEVILLA - BRAZADAS SOLIDARIAS,2019-10-05,SEVILLA,500 M PREMIACION,500mpremiacion,ok,,8,0,0,8,,,,,Travesía,8
328,III TRAVESIA RIO GUADALQUIVIR - CLUB NAUTICO SEVILLA - BRAZADAS SOLIDARIAS,2019-10-05,SEVILLA,1500 M,1500m,ok,,66,0,0,66,,,,,Travesía,66
328,III TRAVESIA RIO GUADALQUIVIR - CLUB NAUTICO SEVILLA - BRAZADAS SOLIDARIAS,2019-10-05,SEVILLA,1500 M. PREMIACION,1500mpremiacion,ok,,11,0,0,11,,,,,Travesía,11
328,III TRAVESIA RIO GUADALQUIVIR - CLUB NAUTICO SEVILLA - BRAZADAS SOLIDARIAS,2019-10-05,SEVILLA,3000 M,3000m,ok,,67,0,0,67,,,,,Travesía,67
328,III TRAVESIA RIO GUADALQUIVIR - CLUB NAUTICO SEVILLA - BRAZADAS SOLIDARIAS,2019-10-05,SEVILLA,3000 M PREMIACION,3000mpremiacion,ok,,49,0,0,49,,,,,Travesía,49
328,III TRAVESIA RIO GUADALQUIVIR - CLUB NAUTICO SEVILLA - BRAZADAS SOLIDARIAS,2019-10-05,SEVILLA,1500 M ALETAS,1500maletas,ok,,10,0,0,10,,,,,Travesía,10
328,III TRAVESIA RIO GUADALQUIVIR - CLUB NAUTICO SEVILLA - BRAZADAS SOLIDARIAS,2019-10-05,SEVILLA,1500 M ALETAS PREMIACION,1500maletaspremiacion,ok,,11,0,0,11,,,,,Travesía,11
328,III TRAVESIA RIO GUADALQUIVIR - CLUB NAUTICO SEVILLA - BRAZADAS SOLIDARIAS,2019-10-05,SEVILLA,3000 M ALETAS,3000maletas,ok,,7,0,0,7,,,,,Travesía,7
324,XII DESSAFIO SIERRA SUR DE JAEN,2019-10-05,FRAILES,INDIVIDUAL CON PARCIALES,individualconparciales,ok,,640,0,0,640,,,,,Ciclismo,640
324,XII DESSAFIO SIERRA SUR DE JAEN,2019-10-05,FRAILES,PAREJAS CON PARCIALES,parejasconparciales,ok,,59,59,0,59,,,,,Ciclismo,0
324,XII DESSAFIO SIERRA SUR DE JAEN,2019-10-05,FRAILES,PAREJAS,parejas,ok,,102,102,0,102,,,,,Ciclismo,0
324,XII DESSAFIO SIERRA SUR DE JAEN,2019-10-05,FRAILES,PAREJAS MIXTAS CON PARCIALES,parejasmixtasconparciales,ok,,11,0,0,11,,,,,Ciclismo,11
324,XII DESSAFIO SIERRA SUR DE JAEN,2019-10-05,FRAILES,PAREJAS MIXTAS,parejasmixtas,ok,,6,0,0,6,,,,,Ciclismo,6
309,III CARRERA SOLIDARIA “CRUCERA ALTAFIT”,2019-09-22,CADIZ,GENERAL,general,ok,,233,0,1,233,,,,,Carrera,232
283,VI CXM SIERRA DE SEGURA - III TRAIL WEEKEND (SANTIAGO PONTONES),2019-09-21,SANTIAGO PONTONES,UTSS CON PUNTOS INTERMEDIOS,utssconpuntosintermedios,ok,,89,0,0,89,,,,,Carrera por montaña,89
283,VI CXM SIERRA DE SEGURA - III TRAIL WEEKEND (SANTIAGO PONTONES),2019-09-21,SANTIAGO PONTONES,UTSS EQUIPOS - CON PUNTOS INTERMEDIOS,utssequiposconpuntosintermedio,ok,,14,0,0,14,,,,,Carrera por montaña,14
283,VI CXM SIERRA DE SEGURA - III TRAIL WEEKEND (SANTIAGO PONTONES),2019-09-21,SANTIAGO PONTONES,LTSS CON PUNTO INTERMEDIO,ltssconpuntointermedio,ok,,226,0,0,226,,,,,Carrera por montaña,226
283,VI CXM SIERRA DE SEGURA - III TRAIL WEEKEND (SANTIAGO PONTONES),2019-09-21,SANTIAGO PONTONES,CXM,cxm,ok,,119,0,0,119,,,,,Carrera por montaña,119
283,VI CXM SIERRA DE SEGURA - III TRAIL WEEKEND (SANTIAGO PONTONES),2019-09-21,SANTIAGO PONTONES,MINITRAIL ADULTOS,minitrailadultos,ok,,131,6,10,131,,,,,Carrera por montaña,115
283,VI CXM SIERRA DE SEGURA - III TRAIL WEEKEND (SANTIAGO PONTONES),2019-09-21,SANTIAGO PONTONES,MINITRAIL CADETE JUNIOR,minitrailcadetejunior,ok,,16,0,0,16,,,,,Carrera por montaña,16
296,I RUNNING NIGHT ZAHARA DE LA SIERRA “LA LUNA ES NUESTRA”,2019-09-13,ZAHARA DE LA SIERRA,GENERAL,general,ok,,152,0,0,152,,,,,Carrera,152
296,I RUNNING NIGHT ZAHARA DE LA SIERRA “LA LUNA ES NUESTRA”,2019-09-13,ZAHARA DE LA SIERRA,LOCAL,local,ok,,17,0,0,17,,,,,Carrera,17
314,VI TRAVESÍA DISCOVERY AVENTURA – ZAHARA DE LA SIERRA,2019-08-25,ZAHARA DE LA SIERRA,8000,8000,ok,,22,0,0,22,,,,,Travesía,22
314,VI TRAVESÍA DISCOVERY AVENTURA – ZAHARA DE LA SIERRA,2019-08-25,ZAHARA DE LA SIERRA,4000,4000,ok,,71,0,0,71,,,,,Travesía,71
314,VI TRAVESÍA DISCOVERY AVENTURA – ZAHARA DE LA SIERRA,2019-08-25,ZAHARA DE LA SIERRA,1500,1500,ok,,63,0,0,63,,,,,Travesía,63
314,VI TRAVESÍA DISCOVERY AVENTURA – ZAHARA DE LA SIERRA,2019-08-25,ZAHARA DE LA SIERRA,500,500,ok,,14,0,0,14,,,,,Travesía,14
316,XVII TRAVESIA SOLIDARIA PUNTA UMBRIA - BRAZADAS SOLIDARIAS,2019-08-24,PUNTA UMBRIA,1500,1500,ok,,162,0,0,162,,,,,Travesía,162
316,XVII TRAVESIA SOLIDARIA PUNTA UMBRIA - BRAZADAS SOLIDARIAS,2019-08-24,PUNTA UMBRIA,1500 LOCALES,1500locales,ok,,9,0,0,9,,,,,Travesía,9
316,XVII TRAVESIA SOLIDARIA PUNTA UMBRIA - BRAZADAS SOLIDARIAS,2019-08-24,PUNTA UMBRIA,500,500,ok,,25,0,0,25,,,,,Travesía,25
308,"II CROSS URBANO ""CIUDAD DE QUESADA""",2019-08-17,QUESADA,CHUPETINES,chupetines,ok,,15,0,0,15,,,,,Carrera,15
308,"II CROSS URBANO ""CIUDAD DE QUESADA""",2019-08-17,QUESADA,BENJAMIN ALEVIN,benjaminalevin,ok,,22,10,5,22,,,,,Carrera,7
308,"II CROSS URBANO ""CIUDAD DE QUESADA""",2019-08-17,QUESADA,INFANTIL CADETE,infantilcadete,ok,,15,0,0,15,,,,,Carrera,15
308,"II CROSS URBANO ""CIUDAD DE QUESADA""",2019-08-17,QUESADA,ADULTOS,adultos,ok,,64,0,0,64,,,,,Carrera,64
307,XXIV CRONOESCALADA JABALCÓN 2019,2019-08-15,ZUJAR,GENERAL,general,ok,,76,0,0,76,,,,,Ciclismo,76
307,XXIV CRONOESCALADA JABALCÓN 2019,2019-08-15,ZUJAR,LOCALES,locales,ok,,22,0,0,22,,,,,Ciclismo,22
295,V RUNNING NIGHT-TORUÑOS,2019-08-14,EL PUERTO DE SANTA MARIA,GENERAL,general,ok,,640,0,0,640,,,,,Carrera,640
313,VIII TRAVESÍA BRAZADAS SOLIDARIAS RINCÓN DE LA VICTORIA,2019-08-11,RICON DE LA VICTORIA,RECORRIDO VIRGEN,recorridovirgen,ok,,70,0,0,70,,,,,Travesía,70
313,VIII TRAVESÍA BRAZADAS SOLIDARIAS RINCÓN DE LA VICTORIA,2019-08-11,RICON DE LA VICTORIA,RECORRIDO ESTACIONES,recorridoestaciones,ok,,249,0,0,249,,,,,Travesía,249
,VI CRUCE A NADO BAHIA DE CADIZ,2019-08-10,CADIZ,,,sense_resultats,,,,,,,,,,Travesía,
317,III CARRERA POPULAR VILLA DE JIMENA 2019,2019-08-10,JIMENA,GENERAL,general,ok,,102,0,0,102,,,,,Carrera,102
273,XTREME TESORILLO,2019-07-28,SAN MARTIN DEL TESORILLO,ELITE,elite,ok,,25,0,0,25,,,,,Carrera,25
273,XTREME TESORILLO,2019-07-28,SAN MARTIN DEL TESORILLO,GRUPO EDAD,grupoedad,ok,,17,0,0,17,,,,,Carrera,17
273,XTREME TESORILLO,2019-07-28,SAN MARTIN DEL TESORILLO,ELITE AMATEUR,eliteamateur,ok,,11,0,0,11,,,,,Carrera,11
273,XTREME TESORILLO,2019-07-28,SAN MARTIN DEL TESORILLO,POPULAR,popular,ok,,136,0,0,136,,,,,Carrera,136
312,V TRAVESIA CHICLANA - BRAZADAS SOLIDARIAS,2019-07-14,CHICLANA DE LA FRONTERA,1000,1000,ok,,108,0,0,108,,,,,Travesía,108
312,V TRAVESIA CHICLANA - BRAZADAS SOLIDARIAS,2019-07-14,CHICLANA DE LA FRONTERA,2500,2500,ok,,119,0,0,119,,,,,Travesía,119
302,"XVII CARRERA ARROYO OJANCO NOCTURNA ""PARQUE DE SAN FRANCISCO""",2019-07-07,ARROYO OJANCO,ADULTOS,adultos,ok,,64,3,2,64,,,,,Carrera,59
302,"XVII CARRERA ARROYO OJANCO NOCTURNA ""PARQUE DE SAN FRANCISCO""",2019-07-07,ARROYO OJANCO,ADULTOS CON PUNTO INTERMEDIO,adultosconpuntointermedio,ok,,63,0,0,63,,,,,Carrera,63
275,XII RUTA DEL CALOR Y DEL LAGARTO - III GRAN PREMIO AYTOS-BERGER LEVRAULT,2019-06-23,ECIJA,CORTA - PUNTOS INTERMEDIOS,cortapuntosintermedios,ok,,65,0,0,65,,,,,Ciclismo,65
275,XII RUTA DEL CALOR Y DEL LAGARTO - III GRAN PREMIO AYTOS-BERGER LEVRAULT,2019-06-23,ECIJA,CORTA- LOCALES,cortalocales,ok,,15,0,0,15,,,,,Ciclismo,15
275,XII RUTA DEL CALOR Y DEL LAGARTO - III GRAN PREMIO AYTOS-BERGER LEVRAULT,2019-06-23,ECIJA,LARGAS - PUNTOS INTERMEDIOS,largaspuntosintermedios,ok,,171,0,0,171,,,,,Ciclismo,171
275,XII RUTA DEL CALOR Y DEL LAGARTO - III GRAN PREMIO AYTOS-BERGER LEVRAULT,2019-06-23,ECIJA,LARGA - LOCALES,largalocales,ok,,14,0,0,14,,,,,Ciclismo,14
274,IV CARRERA POPULAR NOCHE DE SAN JUAN,2019-06-22,TARIFA,GENERAL,general,ok,,113,3,2,113,,,,,Carrera,108
,XI MARCHA FAMILIAR NOCTURNA,2019-06-22,CEUTA,,,sense_resultats,,,,,,,,,,Carrera por montaña,
289,IV CXM NOCTURNA AG MONTES DE CEUTA,2019-06-15,CEUTA,MARCHADORES -,marchadores,ok,,510,0,0,510,,,,,Carrera por montaña,510
289,IV CXM NOCTURNA AG MONTES DE CEUTA,2019-06-15,CEUTA,MARCHADORES CON PUNTOS INTERMEDIOS,marchadoresconpuntosintermedio,ok,,496,0,0,496,,,,,Carrera por montaña,496
289,IV CXM NOCTURNA AG MONTES DE CEUTA,2019-06-15,CEUTA,POLICIAS CON PUNTOS INTERMEDIOS,policiasconpuntosintermedios,ok,,24,0,0,24,,,,,Carrera por montaña,24
291,VI CXM SIERRA MAGINA,2019-06-15,MANCHA REAL,LARGA-,larga,ok,,91,27,11,91,,,,,Carrera por montaña,53
291,VI CXM SIERRA MAGINA,2019-06-15,MANCHA REAL,CORTA -,corta,ok,,104,15,1,104,,,,,Carrera por montaña,88
292,IV PRIMAVERA RUN  VILLACARRILLO,2019-06-09,VILLACARRILLO,7 KM -,7km,ok,,312,0,0,312,,,,,Carrera,312
292,IV PRIMAVERA RUN  VILLACARRILLO,2019-06-09,VILLACARRILLO,1 KM -,1km,ok,,58,0,0,58,,,,,Carrera,58
301,"XXXII MEMORIAL SARGENTO DE INFANTERIA DE MARINA ""CARMONA PÁEZ""",2019-06-08,SAN FERNANDO,GENERAL,general,ok,,1099,0,0,1099,,,,,Carrera,1099
301,"XXXII MEMORIAL SARGENTO DE INFANTERIA DE MARINA ""CARMONA PÁEZ""",2019-06-08,SAN FERNANDO,CON PUNTOS INTERMEDIOS,conpuntosintermedios,ok,,1071,0,0,1071,,,,,Carrera,1071
250,VII MARATON BTT CARMONA-LA CAMPANA DESERT,2019-06-02,CARMONA,LARGA - CON PUNTOS INTERMEDIOS,largaconpuntosintermedios,ok,,263,0,0,263,,,,,Ciclismo,263
250,VII MARATON BTT CARMONA-LA CAMPANA DESERT,2019-06-02,CARMONA,CORTA - CON PUNTOS INTERMEDIOS,cortaconpuntosintermedios,ok,,27,0,0,27,,,,,Ciclismo,27
300,XXVIII CARRERA SAN FELIPE NERI,2019-06-01,CADIZ,PITUFO 2015,pitufo2015,ok,,48,0,0,48,,,,,Carrera,48
300,XXVIII CARRERA SAN FELIPE NERI,2019-06-01,CADIZ,PITUFO 2014,pitufo2014,ok,,58,0,0,58,,,,,Carrera,58
300,XXVIII CARRERA SAN FELIPE NERI,2019-06-01,CADIZ,PITUFOS 2013,pitufos2013,ok,,58,0,0,58,,,,,Carrera,58
300,XXVIII CARRERA SAN FELIPE NERI,2019-06-01,CADIZ,PREBENJAMIN,prebenjamin,ok,,115,68,47,115,,,,,Carrera,0
300,XXVIII CARRERA SAN FELIPE NERI,2019-06-01,CADIZ,BENJAMIN,benjamin,ok,,98,0,0,98,,,,,Carrera,98
300,XXVIII CARRERA SAN FELIPE NERI,2019-06-01,CADIZ,ALEVIN,alevin,ok,,77,0,0,77,,,,,Carrera,77
300,XXVIII CARRERA SAN FELIPE NERI,2019-06-01,CADIZ,INFANTIL - VETERANO,infantilveterano,ok,,171,0,0,171,,,,,Carrera,171
281,ULTRA TRAIL BOSQUES DEL SUR,2019-05-25,CAZORLA,MINITRAIL,minitrail,ok,,139,0,0,139,,,,,Carrera por montaña,139
281,ULTRA TRAIL BOSQUES DEL SUR,2019-05-25,CAZORLA,MINITRAIL LOCAL,minitraillocal,ok,,17,10,7,17,,,,,Carrera por montaña,0
281,ULTRA TRAIL BOSQUES DEL SUR,2019-05-25,CAZORLA,MEDIA MARATON,mediamaraton,ok,,287,0,0,287,,,,,Carrera por montaña,287
281,ULTRA TRAIL BOSQUES DEL SUR,2019-05-25,CAZORLA,MEDIA MARATON LOCAL,mediamaratonlocal,llista_error,fitxer d: no s'ha trobat cap taula al PDF (format no reconegut per pdfplumber),,,,,,,,,Carrera por montaña,
281,ULTRA TRAIL BOSQUES DEL SUR,2019-05-25,CAZORLA,MARATON PUNTOS INTERMEDIOS,maratonpuntosintermedios,ok,,336,0,0,336,,,,,Carrera por montaña,336
281,ULTRA TRAIL BOSQUES DEL SUR,2019-05-25,CAZORLA,MARATON EQUIPOS,maratonequipos,ok,,25,0,0,25,,,,,Carrera por montaña,25
281,ULTRA TRAIL BOSQUES DEL SUR,2019-05-25,CAZORLA,MARATON LOCAL,maratonlocal,ok,,24,21,3,24,,,,,Carrera por montaña,0
281,ULTRA TRAIL BOSQUES DEL SUR,2019-05-25,CAZORLA,ULTRA CON PUNTOS INTERMEDIOS,ultraconpuntosintermedios,ok,,294,0,0,294,,,,,Carrera por montaña,294
281,ULTRA TRAIL BOSQUES DEL SUR,2019-05-25,CAZORLA,ULTRA EQUIPOS,ultraequipos,ok,,18,0,0,18,,,,,Carrera por montaña,18
281,ULTRA TRAIL BOSQUES DEL SUR,2019-05-25,CAZORLA,ULTRA LOCAL,ultralocal,ok,,7,7,0,7,,,,,Carrera por montaña,0
278,"XVIII MILLA URBANA ""CIUDAD DE ALGECIRAS"" MEMORIAL MANUEL ALARCON",2019-05-19,ALGECIRAS,BENJAMIN,benjamin,ok,,38,0,0,38,,,,,Carrera,38
278,"XVIII MILLA URBANA ""CIUDAD DE ALGECIRAS"" MEMORIAL MANUEL ALARCON",2019-05-19,ALGECIRAS,ALEVIN,alevin,ok,,30,0,0,30,,,,,Carrera,30
278,"XVIII MILLA URBANA ""CIUDAD DE ALGECIRAS"" MEMORIAL MANUEL ALARCON",2019-05-19,ALGECIRAS,INFANTIL CADETE,infantilcadete,ok,,41,18,23,41,,,,,Carrera,0
278,"XVIII MILLA URBANA ""CIUDAD DE ALGECIRAS"" MEMORIAL MANUEL ALARCON",2019-05-19,ALGECIRAS,JUV VET,juvvet,ok,,84,67,17,84,,,,,Carrera,0
290,DUATLON CROS CIUDAD DE PRIEGO DE CORDOBA,2019-05-12,PRIEGO DE CORDOBA,CON PARCIALES,conparciales,ok,,95,82,13,95,,,,,Duatlón cros,0
290,DUATLON CROS CIUDAD DE PRIEGO DE CORDOBA,2019-05-12,PRIEGO DE CORDOBA,LOCAL,local,ok,,16,0,0,16,,,,,Duatlón cros,16
,I DESAFÍO BTT SIERRA DEL ACERO “ARQUILLOS 2019”,2019-05-12,ARQUILLOS,,,sense_resultats,,,,,,,,,,Ciclismo,
,VI CXM CIRCUITO 2019 DIPUTACION JAEN,2019-05-08,JAEN,,,sense_resultats,,,,,,,,,,Carrera por montaña,
251,VII TRIHERCULES CADIZ,2019-04-27,CADIZ,CON PARCIALES,conparciales,ok,,414,414,0,414,,,,,Triatlón,0
251,VII TRIHERCULES CADIZ,2019-04-27,CADIZ,CON PARCIALES FEMINAS,conparcialesfeminas,ok,,63,0,0,63,,,9,,Triatlón,63
251,VII TRIHERCULES CADIZ,2019-04-27,CADIZ,LOCAL,local,ok,,102,93,9,102,,,,,Triatlón,0
251,VII TRIHERCULES CADIZ,2019-04-27,CADIZ,POR EQUIPOS,porequipos,ok,,143,0,0,143,,,,,Triatlón,143
,XIII VUELTA ANDANDO A CEUTA,2019-04-27,CEUTA,,,sense_resultats,,,,,,,,,,Carrera por montaña,
,VII RUN FOR PARKINSON CADIZ,2019-04-20,CADIZ,,,sense_resultats,,,,,,,,,,Carrera,
279,VI CXM MONTIZÓN - CONDADO DE JAÉN,2019-03-31,ALDEHERMOSA DE MONTIZÓN,CXM MONTIZÓN,cxmmontizon,ok,,37,18,3,37,,,,,Carrera por montaña,16
279,VI CXM MONTIZÓN - CONDADO DE JAÉN,2019-03-31,ALDEHERMOSA DE MONTIZÓN,CARRERA CORTA,carreracorta,ok,,35,0,0,35,,,,,Carrera por montaña,35
279,VI CXM MONTIZÓN - CONDADO DE JAÉN,2019-03-31,ALDEHERMOSA DE MONTIZÓN,CADETE / JUNIOR,cadetejunior,ok,,11,0,0,11,,,,,Carrera por montaña,11
243,MAGINA BIKE 2019,2019-03-30,MANCHA REAL,SABADO - ORDEN DE ENTRADA A META,sabadoordendeentradaameta,ok,,166,0,0,166,,,,,Ciclismo,166
243,MAGINA BIKE 2019,2019-03-30,MANCHA REAL,FULL INDIVIDUAL 2 ETAPAS,fullindividual2etapas,ok,,83,0,0,83,,,,,Ciclismo,83
243,MAGINA BIKE 2019,2019-03-30,MANCHA REAL,DOMINGO - INDIVIDUAL,domingoindividual,ok,,25,0,0,25,,,,,Ciclismo,25
286,XXXIII MEDIA MARATÓN BAHÍA DE CÁDIZ,2019-03-24,CADIZ,GENERAL,general,ok,,877,0,0,877,,,,,Carrera,877
286,XXXIII MEDIA MARATÓN BAHÍA DE CÁDIZ,2019-03-24,CADIZ,CON PARCIALES,conparciales,ok,,880,0,0,880,,,,,Carrera,880
265,XI CARRERA POPULAR DE TARIFA,2019-03-03,TARIFA,ADULTOS -,adultos,ok,,171,0,0,171,,,,,Carrera,171
265,XI CARRERA POPULAR DE TARIFA,2019-03-03,TARIFA,INFANTIL - CADETE -,infantilcadete,ok,,42,0,0,42,,,,,Carrera,42
265,XI CARRERA POPULAR DE TARIFA,2019-03-03,TARIFA,ALEVIN -,alevin,ok,,29,0,0,29,,,,,Carrera,29
249,VIII 100  MILLAS SIERRAS DE BANDOLERO,2019-03-01,PRADO DEL REY,BANDOLEROS CON INTERMEDIOS,bandolerosconintermedios,ok,,269,0,0,269,,,,,Carrera por montaña,269
249,VIII 100  MILLAS SIERRAS DE BANDOLERO,2019-03-01,PRADO DEL REY,BANDELORITA CON INTERMEDIOS,bandeloritaconintermedios,ok,,753,0,0,753,,,,,Carrera por montaña,753
262,IV MARATÓN BTT MONCLOVA DESERT GRAN PREMIO MICHELIN EXELAGRI,2019-02-17,LA LUISIANA,RUTA CORTA -,rutacorta,ok,,50,0,0,50,,,,,Ciclismo,50
262,IV MARATÓN BTT MONCLOVA DESERT GRAN PREMIO MICHELIN EXELAGRI,2019-02-17,LA LUISIANA,RUTA CORTA - PARCIALES,rutacortaparciales,ok,,51,0,0,51,,,,,Ciclismo,51
262,IV MARATÓN BTT MONCLOVA DESERT GRAN PREMIO MICHELIN EXELAGRI,2019-02-17,LA LUISIANA,RUTA LARGA-,rutalarga,ok,,410,0,0,410,,,,,Ciclismo,410
262,IV MARATÓN BTT MONCLOVA DESERT GRAN PREMIO MICHELIN EXELAGRI,2019-02-17,LA LUISIANA,RUTA LARGA- PARCIALES,rutalargaparciales,ok,,427,0,0,427,,,,,Ciclismo,427
,TRAVESIA NOCTURNA - SIERRA CIMERA,2019-01-26,CEUTA,,,sense_resultats,,,,,,,,,,Trail,
256,III CARRERA PILAR MARIANISTAS JEREZ,2019-01-13,JEREZ DE LA FRONTERA,5K,5k,ok,,144,17,13,144,,,,,Carrera,114
256,III CARRERA PILAR MARIANISTAS JEREZ,2019-01-13,JEREZ DE LA FRONTERA,10K,10k,ok,,239,79,11,239,,,,,Carrera,149
,V CROSS SOLIDARIO 2019 TRIATLETAS ROTEÑOS,2019-01-13,ROTA,,,sense_resultats,,,,,,,,,,Carrera,
252,VIII CARRERA POPULAR TORREPEROGIL 2018,2018-12-29,TORREPEROGIL,PREBENJAMIN,prebenjamin,ok,,42,0,0,42,,,,,Carrera,42
252,VIII CARRERA POPULAR TORREPEROGIL 2018,2018-12-29,TORREPEROGIL,BENJAMIN ALEVIN,benjaminalevin,ok,,82,0,0,82,,,,,Carrera,82
252,VIII CARRERA POPULAR TORREPEROGIL 2018,2018-12-29,TORREPEROGIL,INFANTIL CADETE,infantilcadete,ok,,37,0,0,37,,,,,Carrera,37
252,VIII CARRERA POPULAR TORREPEROGIL 2018,2018-12-29,TORREPEROGIL,ADULTOS,adultos,ok,,352,0,0,352,,,,,Carrera,352
239,II SAN SILVESTRE GADITANA,2018-12-29,CADIZ,(INCLUYENDO RITMO DE CARRERA),incluyendoritmodecarrera,ok,,1286,0,0,1286,,,,,Carrera,1286
,XIX MARCHA SENDERISTA FIN DE AÑO,2018-12-29,CEUTA,,,sense_resultats,,,,,,,,,,Carrera por montaña,
,CARRERA SOLIDARIA POR LOS DERECHOS HUMANOS,2018-12-16,CADIZ,,,sense_resultats,,,,,,,,,,Carrera,
248,VI DUATLÓN CROSS ARAHAL,2018-12-01,ARAHAL,GENERAL,general,ok,,98,0,0,98,,,,,Duatlón cros,98
248,VI DUATLÓN CROSS ARAHAL,2018-12-01,ARAHAL,CON TRANSICIONES,contransiciones,ok,,115,115,0,115,,,,,Duatlón cros,0
248,VI DUATLÓN CROSS ARAHAL,2018-12-01,ARAHAL,FEMINAS CON TRANSICIONES,feminascontransiciones,ok,,14,0,0,14,,,,,Duatlón cros,14
,ASCENSION JBEL MUSA,2018-12-01,CEUTA,,,sense_resultats,,,,,,,,,,Trail,
193,"IV CARRERA POR MONTAÑA ""SIERRA SUR DE JAEN""- ALCALA LA REAL",2018-11-18,ALCALA LA REAL,CXM SIERRA MARTINA -,cxmsierramartina,ok,,66,0,0,66,,,,,Carrera por montaña,66
193,"IV CARRERA POR MONTAÑA ""SIERRA SUR DE JAEN""- ALCALA LA REAL",2018-11-18,ALCALA LA REAL,MINITRAIL ADULTOS -,minitrailadultos,ok,,71,0,0,71,,,,,Carrera por montaña,71
193,"IV CARRERA POR MONTAÑA ""SIERRA SUR DE JAEN""- ALCALA LA REAL",2018-11-18,ALCALA LA REAL,MINITRAIL CADETE JUNIOR -,minitrailcadetejunior,ok,,15,0,0,15,,,,,Carrera por montaña,15
238,VI BTT PALMA DEL RIO,2018-11-18,PALMA DEL RIO,GENERAL,general,ok,,73,0,0,73,,,,,Ciclismo,73
238,VI BTT PALMA DEL RIO,2018-11-18,PALMA DEL RIO,LOCAL,local,ok,,30,0,0,30,,,,,Ciclismo,30
229,II CARRERA - MARCHA SOLIDARIA HERMANDAD DE LA MISERICORDIA,2018-11-11,SAN FERNANDO,GENERAL,general,ok,,326,257,69,326,,,,,Carrera,0
244,I CANI CROSS LOS PEDROCHES,2018-10-28,EL GUIJO,- CANICROS A PIE,canicrosapie,ok,,17,0,0,17,,,,,Canicross,17
244,I CANI CROSS LOS PEDROCHES,2018-10-28,EL GUIJO,- BIKEJORING,bikejoring,ok,,6,0,0,6,,,,,Canicross,6
194,III TRAIL LA CRESTA DEL DIABLO,2018-10-28,TORREDELCAMPO,TRAIL CRESTA DEL DIABLO,trailcrestadeldiablo,ok,,148,0,0,148,,,,,Carrera por montaña,148
194,III TRAIL LA CRESTA DEL DIABLO,2018-10-28,TORREDELCAMPO,CAMPEONATO PROVINCIAL DE JAÉN CXM,campeonatoprovincialdejaencxm,ok,,41,0,0,41,,,,,Carrera por montaña,41
194,III TRAIL LA CRESTA DEL DIABLO,2018-10-28,TORREDELCAMPO,DIABLITO TRAIL,diablitotrail,ok,,215,0,0,215,,,,,Carrera por montaña,215
194,III TRAIL LA CRESTA DEL DIABLO,2018-10-28,TORREDELCAMPO,DIABLITO MINITRAIL,diablitominitrail,ok,,10,0,0,10,,,,,Carrera por montaña,10
228,III CARRERA POPULAR AGRUPACIÓN DE MOGÓN,2018-10-27,AGRUPACION MOGON,GENERAL,general,ok,,97,14,11,97,,,,,Carrera,72
,"I TRAIL CADEBA DE CXM JAÉN ""LA CRESTITA""",2018-10-21,TORREDELCAMPO,,,sense_resultats,,,,,,,,,,Trail,
205,VI MARATON BTT CARMONA-LA CAMPANA DESERT,2018-10-21,LA CAMPANA,LARGA -,larga,ok,,79,0,0,79,,,,,Ciclismo,79
205,VI MARATON BTT CARMONA-LA CAMPANA DESERT,2018-10-21,LA CAMPANA,LARGA - - PUNTO INTERMEDIO,largapuntointermedio,ok,,79,0,0,79,,,,,Ciclismo,79
205,VI MARATON BTT CARMONA-LA CAMPANA DESERT,2018-10-21,LA CAMPANA,CORTA -,corta,ok,,22,0,0,22,,,,,Ciclismo,22
205,VI MARATON BTT CARMONA-LA CAMPANA DESERT,2018-10-21,LA CAMPANA,CORTA - - PUNTO INTERMEDIO,cortapuntointermedio,ok,,24,0,0,24,,,,,Ciclismo,24
,CAMPUS DE TECNIFICACIÓN EN TRIATLÓN,2018-10-20,Arcos de la Frontera,,,sense_resultats,,,,,,,,,,Triatlón,
202,III FESTIVAL DE MONTAÑA - SIERRA DE CAZORLA,2018-10-13,QUESADA,CADETE JUNIOR -,cadetejunior,ok,,11,0,0,11,,,,,Carrera por montaña,11
202,III FESTIVAL DE MONTAÑA - SIERRA DE CAZORLA,2018-10-13,QUESADA,TRAIL OPEN -,trailopen,ok,,108,0,0,108,,,,,Carrera por montaña,108
202,III FESTIVAL DE MONTAÑA - SIERRA DE CAZORLA,2018-10-13,QUESADA,TRAIL -,trail,ok,,202,0,0,202,,,,,Carrera por montaña,202
202,III FESTIVAL DE MONTAÑA - SIERRA DE CAZORLA,2018-10-13,QUESADA,TRAIL - CON PARCIAL,trailconparcial,ok,,221,0,0,221,,,,,Carrera por montaña,221
202,III FESTIVAL DE MONTAÑA - SIERRA DE CAZORLA,2018-10-13,QUESADA,MARATON -,maraton,ok,,72,0,0,72,,,,,Carrera por montaña,72
202,III FESTIVAL DE MONTAÑA - SIERRA DE CAZORLA,2018-10-13,QUESADA,MARATON - CON PARCIAL,maratonconparcial,ok,,82,0,0,82,,,,,Carrera por montaña,82
241,"CARRERA POPULAR NOCTURNA “DÍA MUNDIAL DE ENFERMOS DE ALZHEIMER 2018""",2018-10-06,SAN FERNANDO,GENERAL,general,ok,,745,585,160,745,,,,,Carrera,0
,I HOMENAJE SIERRA BULLONES,2018-10-06,CEUTA,,,sense_resultats,,,,,,,,,,Trail,
237,II CARRERA SOLIDARIA “CRUCERA ALTAFIT”,2018-09-23,CADIZ,GENERAL,general,ok,,309,205,104,309,,,,,Carrera,0
234,III CARRERA POPULAR VILLA DE RUS,2018-09-22,RUS,ALEVIN,alevin,ok,,21,0,0,21,,,,,Carrera,21
234,III CARRERA POPULAR VILLA DE RUS,2018-09-22,RUS,INFANTIL - CADETE,infantilcadete,ok,,23,0,0,23,,,,,Carrera,23
234,III CARRERA POPULAR VILLA DE RUS,2018-09-22,RUS,PRUEBA A,pruebaa,ok,,126,0,0,126,,,,,Carrera,126
234,III CARRERA POPULAR VILLA DE RUS,2018-09-22,RUS,LOCAL PRUEBA A,localpruebaa,ok,,26,0,0,26,,,,,Carrera,26
211,VI TRIATLON SAN ROQUE,2018-09-22,SAN ROQUE,GENERAL,general,ok,,170,150,20,170,,,,,Triatlón,0
211,VI TRIATLON SAN ROQUE,2018-09-22,SAN ROQUE,CON PARCIALES,conparciales,ok,,199,3,1,199,,,,,Triatlón,195
191,TRAIL WEEKEND SANTIAGO-PONTONES,2018-09-22,SANTIAGO DE LA ESPADA- PONTONES,ULTRA CON PUNTOS INTERMEDIOS,ultraconpuntosintermedios,ok,,86,0,0,86,,,,,Carrera por montaña,86
191,TRAIL WEEKEND SANTIAGO-PONTONES,2018-09-22,SANTIAGO DE LA ESPADA- PONTONES,ULTRA EQUIPOS,ultraequipos,ok,,10,0,0,10,,,,,Carrera por montaña,10
191,TRAIL WEEKEND SANTIAGO-PONTONES,2018-09-22,SANTIAGO DE LA ESPADA- PONTONES,ULTRA RELEVOS,ultrarelevos,ok,,6,0,0,6,,,,,Carrera por montaña,6
191,TRAIL WEEKEND SANTIAGO-PONTONES,2018-09-22,SANTIAGO DE LA ESPADA- PONTONES,LONG,long,ok,,156,0,0,156,,,,,Carrera por montaña,156
191,TRAIL WEEKEND SANTIAGO-PONTONES,2018-09-22,SANTIAGO DE LA ESPADA- PONTONES,MINI,mini,ok,,85,0,0,85,,,,,Carrera por montaña,85
191,TRAIL WEEKEND SANTIAGO-PONTONES,2018-09-22,SANTIAGO DE LA ESPADA- PONTONES,CXM,cxm,ok,,99,0,0,99,,,,,Carrera por montaña,99
191,TRAIL WEEKEND SANTIAGO-PONTONES,2018-09-22,SANTIAGO DE LA ESPADA- PONTONES,ULTRA CON INTERMEDIO,ultraconintermedio,ok,,58,0,0,58,,,,,Carrera por montaña,58
191,TRAIL WEEKEND SANTIAGO-PONTONES,2018-09-22,SANTIAGO DE LA ESPADA- PONTONES,MARATON CON INTERMEDIO,maratonconintermedio,ok,,172,0,0,172,,,,,Carrera por montaña,172
236,IV XCM TARIFA E2P,2018-09-16,TARIFA,LARGA CON INTERMEDIOS,largaconintermedios,ok,,256,0,0,256,,,,,Ciclismo,256
236,IV XCM TARIFA E2P,2018-09-16,TARIFA,LOCAL,local,ok,,15,0,0,15,,,,,Ciclismo,15
236,IV XCM TARIFA E2P,2018-09-16,TARIFA,GENERAL,general,ok,,11,0,11,11,,,,,Ciclismo,0
236,IV XCM TARIFA E2P,2018-09-16,TARIFA,CORTA CON INTERMEDIOS,cortaconintermedios,ok,,38,0,0,38,,,,,Ciclismo,38
207,IV EXTREME NATURAL TESORILLO,2018-08-26,SAN MARTIN DEL TESORILLO,ELITE,elite,ok,,74,0,0,74,,,,,Carrera,74
207,IV EXTREME NATURAL TESORILLO,2018-08-26,SAN MARTIN DEL TESORILLO,POPULAR,popular,ok,,216,0,0,216,,,,,Carrera,216
235,XVIII CARRERA NOCTURNA PUENTE GENAVE,2018-08-19,PUENTE GENAVE,CHUPETE,chupete,ok,,57,0,0,57,,,,,Carrera,57
235,XVIII CARRERA NOCTURNA PUENTE GENAVE,2018-08-19,PUENTE GENAVE,ALEVIN,alevin,ok,,33,0,0,33,,,,,Carrera,33
235,XVIII CARRERA NOCTURNA PUENTE GENAVE,2018-08-19,PUENTE GENAVE,BENJAMIN,benjamin,ok,,31,0,0,31,,,,,Carrera,31
235,XVIII CARRERA NOCTURNA PUENTE GENAVE,2018-08-19,PUENTE GENAVE,INFANTIL,infantil,ok,,15,0,0,15,,,,,Carrera,15
235,XVIII CARRERA NOCTURNA PUENTE GENAVE,2018-08-19,PUENTE GENAVE,CADETE JUVENIL,cadetejuvenil,ok,,23,0,0,23,,,,,Carrera,23
235,XVIII CARRERA NOCTURNA PUENTE GENAVE,2018-08-19,PUENTE GENAVE,ABSOLUTA,absoluta,ok,,44,0,0,44,,,,,Carrera,44
235,XVIII CARRERA NOCTURNA PUENTE GENAVE,2018-08-19,PUENTE GENAVE,LOCALES CADETE JUVENIL,localescadetejuvenil,ok,,17,0,0,17,,,,,Carrera,17
230,"XIII CARRERA POPULAR ""CIUDAD DE QUESADA""",2018-08-19,QUESADA,CHUPETE,chupete,ok,,16,0,0,16,,,,,Carrera,16
230,"XIII CARRERA POPULAR ""CIUDAD DE QUESADA""",2018-08-19,QUESADA,BENJAMIN ALEVIN,benjaminalevin,ok,,35,0,0,35,,,,,Carrera,35
230,"XIII CARRERA POPULAR ""CIUDAD DE QUESADA""",2018-08-19,QUESADA,INFANTIL CADETE,infantilcadete,ok,,17,0,0,17,,,,,Carrera,17
230,"XIII CARRERA POPULAR ""CIUDAD DE QUESADA""",2018-08-19,QUESADA,ADULTOS,adultos,ok,,61,0,0,61,,,,,Carrera,61
212,XXIII CRONOESCALADA JABALCÓN 2018,2018-08-15,ZUJAR,GENERAL,general,ok,,50,0,0,50,,,,,Ciclismo,50
212,XXIII CRONOESCALADA JABALCÓN 2018,2018-08-15,ZUJAR,LOCAL,local,ok,,11,0,0,11,,,,,Ciclismo,11
222,II TRAVESIA A NADO EMBALSE DEL TRANCO,2018-07-29,HORNOS DE SEGURA,400 M.,400m,ok,,16,5,6,16,,,,,Travesía,5
222,II TRAVESIA A NADO EMBALSE DEL TRANCO,2018-07-29,HORNOS DE SEGURA,1.200 M.,1200m,ok,,57,0,0,57,,,,,Travesía,57
226,XV ACUATLON COSTA DE LA LUZ,2018-07-22,ROTA,CON PARCIALES,conparciales,ok,,157,123,34,157,,,,,Acuatlón,0
226,XV ACUATLON COSTA DE LA LUZ,2018-07-22,ROTA,LOCAL,local,ok,,40,0,0,40,,,,,Acuatlón,40
221,II TRAVESIA A NADO SIERRA DE CAZORLA - POZO ALCÓN,2018-07-15,POZO ALCÓN,1200,1200,ok,,42,3,7,42,,,,,Travesía,32
220,IV TRAVESIA A NADO VILLA DE MARMOLEJO,2018-07-01,MARMOLEJO,400,400,ok,,16,0,0,16,,,,,Travesía,16
220,IV TRAVESIA A NADO VILLA DE MARMOLEJO,2018-07-01,MARMOLEJO,1200,1200,ok,,76,0,0,76,,,,,Travesía,76
189,V CXM MANCHA REAL - NOCTURNA,2018-06-30,MANCHA REAL,RUTA CORTA,rutacorta,ok,,81,0,0,81,,,,,Carrera por montaña,81
189,V CXM MANCHA REAL - NOCTURNA,2018-06-30,MANCHA REAL,RUTA LARGA,rutalarga,ok,,86,37,8,86,,,,,Carrera por montaña,41
206,XI RUTA DEL CALOR,2018-06-24,ECIJA,RUTA LAGARTO,rutalagarto,ok,,41,0,0,41,,,,,Ciclismo,41
206,XI RUTA DEL CALOR,2018-06-24,ECIJA,RUTA CALOR,rutacalor,ok,,217,0,0,217,,,,,Ciclismo,217
206,XI RUTA DEL CALOR,2018-06-24,ECIJA,RUTA CALOR - PARCIALES,rutacalorparciales,ok,,221,0,0,221,,,,,Ciclismo,221
206,XI RUTA DEL CALOR,2018-06-24,ECIJA,LOCAL RUTA CALOR,localrutacalor,ok,,32,0,0,32,,,,,Ciclismo,32
224,III CARRERA POPULAR NOCHE DE SAN JUAN,2018-06-23,TARIFA,ADULTOS,adultos,ok,,125,0,0,125,,,,,Carrera,125
210,IV URBAN RACE - CROSS DE LAS CUESTAS,2018-06-09,SAN ROQUE,GENERAL,general,ok,,228,0,0,228,,,,,Carrera,228
,X MARCHA NOCTURNA 2018 - CEUTA,2018-06-09,CEUTA,,,sense_resultats,,,,,,,,,,Travesía,
223,"XXXI MEMORIAL SARGENTO DE INFANTERIA DE MARINA ""CARMONA PÁEZ""",2018-06-09,SAN FERNANDO,GENERAL,general,ok,,1253,0,0,1253,,,,,Carrera,1253
190,MEDIA MARATON BOSQUES DEL SUR,2018-06-03,CAZORLA,MEDIA MARATON,mediamaraton,ok,,233,113,24,233,,,,,Carrera por montaña,96
190,MEDIA MARATON BOSQUES DEL SUR,2018-06-03,CAZORLA,LOCAL MEDIA MARATON,localmediamaraton,ok,,24,15,0,24,,,,,Carrera por montaña,9
217,MINITRAIL - BOSQUES DEL SUR 2018,2018-06-03,CAZORLA,MINITRAIL,minitrail,ok,,89,0,0,89,,,,,Carrera por montaña,89
225,XXVII CARRERA SAN FELIPE NERI,2018-06-02,CADIZ,PITUFOS,pitufos,ok,,129,0,0,129,,,,,Carrera,129
225,XXVII CARRERA SAN FELIPE NERI,2018-06-02,CADIZ,PREBENJAMIN,prebenjamin,ok,,111,0,0,111,,,,,Carrera,111
225,XXVII CARRERA SAN FELIPE NERI,2018-06-02,CADIZ,BENJAMIN ALEVN,benjaminalevn,ok,,140,0,0,140,,,,,Carrera,140
225,XXVII CARRERA SAN FELIPE NERI,2018-06-02,CADIZ,INFANTIL- VETERANO,infantilveterano,ok,,169,0,0,169,,,,,Carrera,169
200,MARATÓN TRAIL BOSQUES DEL SUR 2018,2018-06-02,CAZORLA,MARATON CON INTERMEDIOS,maratonconintermedios,ok,,278,0,0,278,,,,,Carrera por montaña,278
200,MARATÓN TRAIL BOSQUES DEL SUR 2018,2018-06-02,CAZORLA,EQUIPOS MARATON,equiposmaraton,ok,,21,0,0,21,,,,,Carrera por montaña,21
195,IV ULTRA TRAIL BOSQUES DEL SUR,2018-06-02,CAZORLA,ULTRA CON PUNTOS,ultraconpuntos,ok,,200,0,0,200,,,,,Carrera por montaña,200
195,IV ULTRA TRAIL BOSQUES DEL SUR,2018-06-02,CAZORLA,ULTRA,ultra,ok,,183,0,0,183,,,,,Carrera por montaña,183
195,IV ULTRA TRAIL BOSQUES DEL SUR,2018-06-02,CAZORLA,EQUIPOS ULTRA,equiposultra,ok,,15,0,0,15,,,,,Carrera por montaña,15
195,IV ULTRA TRAIL BOSQUES DEL SUR,2018-06-02,CAZORLA,LOCAL ULTRA,localultra,ok,,8,0,0,8,,,,,Carrera por montaña,8
218,"XVII MILLA URBANA ""CIUDAD DE ALGECIRAS"" MEMORIAL MANUEL ALARCON",2018-05-27,ALGECIRAS,BENJAMIN,benjamin,ok,,44,0,0,44,,,,,Carrera,44
218,"XVII MILLA URBANA ""CIUDAD DE ALGECIRAS"" MEMORIAL MANUEL ALARCON",2018-05-27,ALGECIRAS,ALEVIN,alevin,ok,,16,0,0,16,,,,,Carrera,16
218,"XVII MILLA URBANA ""CIUDAD DE ALGECIRAS"" MEMORIAL MANUEL ALARCON",2018-05-27,ALGECIRAS,INF - CAD,infcad,ok,,28,10,18,28,,,,,Carrera,0
218,"XVII MILLA URBANA ""CIUDAD DE ALGECIRAS"" MEMORIAL MANUEL ALARCON",2018-05-27,ALGECIRAS,JUV - VET,juvvet,ok,,71,53,18,71,,,,,Carrera,0
201,I TRIATLON SANLUCAR,2018-05-20,SANLUCAR DE BARRAMEDA,CON PARCIALES,conparciales,ok,,205,179,26,205,,,,,Triatlón,0
201,I TRIATLON SANLUCAR,2018-05-20,SANLUCAR DE BARRAMEDA,TODOS CON PARCIALES,todosconparciales,ok,,193,0,0,193,,,,,Triatlón,193
201,I TRIATLON SANLUCAR,2018-05-20,SANLUCAR DE BARRAMEDA,EQUIPOS,equipos,ok,,48,0,0,48,,,,,Triatlón,48
,V CXM CIRCUITO 2018  DIPUTACION JAEN,2018-05-09,JAEN,,,sense_resultats,,,,,,,,,,Carrera por montaña,
208,WARRIORS RACE TARIFA,2018-04-29,TARIFA,- OCRA SPRINT 6 KM,ocrasprint6km,ok,,78,0,0,78,,,,,Carrera,78
208,WARRIORS RACE TARIFA,2018-04-29,TARIFA,EQUIPOS - OCRA SPRINT 6 KM,equiposocrasprint6km,ok,,37,0,0,37,,,,,Carrera,37
208,WARRIORS RACE TARIFA,2018-04-29,TARIFA,SUPER 13 KM,super13km,ok,,109,0,0,109,,,,,Carrera,109
208,WARRIORS RACE TARIFA,2018-04-29,TARIFA,EQUIPOS - SUPER 13 KM,equipossuper13km,ok,,16,0,0,16,,,,,Carrera,16
208,WARRIORS RACE TARIFA,2018-04-29,TARIFA,POPULAR 6 KM,popular6km,ok,,299,0,0,299,,,,,Carrera,299
197,VI TRIHERCULES CADIZ,2018-04-21,CADIZ,CON PUNTOS INTERMEDIOS,conpuntosintermedios,ok,,420,0,0,420,,,,,Triatlón,420
197,VI TRIHERCULES CADIZ,2018-04-21,CADIZ,PUNTOS INTERMEDIOS - FEMINAS,puntosintermediosfeminas,ok,,41,0,0,41,,,,,Triatlón,41
197,VI TRIHERCULES CADIZ,2018-04-21,CADIZ,PUNTOS INTERMEDIOS -,puntosintermedios,ok,,389,389,0,389,,,,,Triatlón,0
197,VI TRIHERCULES CADIZ,2018-04-21,CADIZ,LOCAL,local,ok,,80,73,7,80,,,,,Triatlón,0
197,VI TRIHERCULES CADIZ,2018-04-21,CADIZ,POR EQUIPOS,porequipos,ok,,467,409,58,467,,,,,Triatlón,0
,VUELTA ANDANDO A CEUTA - 2018,2018-04-21,CEUTA,,,sense_resultats,,,,,,,,,,Carrera,
203,III PRIMAVERA RUN CIUDAD DE VILLACARRILLO,2018-04-15,VILLACARRILLO,1 KM,1km,ok,,48,12,10,48,,,,,Carrera,26
203,III PRIMAVERA RUN CIUDAD DE VILLACARRILLO,2018-04-15,VILLACARRILLO,5 KM,5km,ok,,514,41,89,514,,,,,Carrera,384
203,III PRIMAVERA RUN CIUDAD DE VILLACARRILLO,2018-04-15,VILLACARRILLO,10 KM CON PUNTO INTERMEDIO,10kmconpuntointermedio,ok,,113,0,0,113,,,,,Carrera,113
187,V CXM MONTIZÓN - CONDADO DE JAÉN,2018-04-15,ALDEHERMOSA DE MONTIZÓN,CADETE /JUNIOR,cadetejunior,ok,,12,0,0,12,,,,,Carrera por montaña,12
187,V CXM MONTIZÓN - CONDADO DE JAÉN,2018-04-15,ALDEHERMOSA DE MONTIZÓN,MINITRAIL,minitrail,ok,,17,0,0,17,,,,,Carrera por montaña,17
187,V CXM MONTIZÓN - CONDADO DE JAÉN,2018-04-15,ALDEHERMOSA DE MONTIZÓN,TRAIL,trail,ok,,53,23,5,53,,,,,Carrera por montaña,25
,V DUATLON CIUDAD DE LA PALMA,2018-04-08,PALMA DEL CONDADO,,,sense_resultats,,,,,,,,,,Duatlón cros,
199,V DUATLON CROS CAPA,2018-04-08,ALCALA DE GUADAIRA,GENERAL,general,ok,,127,115,12,127,,,,,Duatlón cros,0
199,V DUATLON CROS CAPA,2018-04-08,ALCALA DE GUADAIRA,LOCAL,local,ok,,23,21,2,23,,,,,Duatlón cros,0
196,II CARRERA PILAR MARIANISTAS JEREZ,2018-01-14,JEREZ DE LA FRONTERA,5K,5k,ok,,139,0,0,139,,,,,Carrera,139
196,II CARRERA PILAR MARIANISTAS JEREZ,2018-01-14,JEREZ DE LA FRONTERA,10K,10k,ok,,208,0,0,208,,,,,Carrera,208
186,VII CARRERA POPULAR TORREPEROGIL 2017,2017-12-30,TORREPEROGIL,PREBENJAMIN BENJAMIN ALEVIN,prebenjaminbenjaminalevin,ok,,85,0,0,85,,,,,Carrera,85
186,VII CARRERA POPULAR TORREPEROGIL 2017,2017-12-30,TORREPEROGIL,CADETE INFANTIL,cadeteinfantil,ok,,25,0,0,25,,,,,Carrera,25
186,VII CARRERA POPULAR TORREPEROGIL 2017,2017-12-30,TORREPEROGIL,ABSOLUTA,absoluta,ok,,336,0,0,336,,,,,Carrera,336
,VI DUATLON CROSS LA RODA DE ANDALUCIA,2017-12-10,LA RODA DE ANDALUCIA,,,sense_resultats,,,,,,,,,,Duatlón cros,
144,II TRAIL LA CRESTA DEL DIABLO,2017-10-29,TORREDELCAMPO,CADETE,cadete,ok,,10,0,0,10,,,,,Trail,10
144,II TRAIL LA CRESTA DEL DIABLO,2017-10-29,TORREDELCAMPO,CRESTA LOCAL,crestalocal,ok,,10,0,0,10,,,,,Trail,10
144,II TRAIL LA CRESTA DEL DIABLO,2017-10-29,TORREDELCAMPO,DIABLITO,diablito,ok,,205,0,0,205,,,,,Trail,205
144,II TRAIL LA CRESTA DEL DIABLO,2017-10-29,TORREDELCAMPO,CRESTA,cresta,ok,,173,0,0,173,,,,,Trail,173
185,XIII CARRERA POPULAR NOCTURNA “DÍA MUNDIAL DE ENFERMOS DE ALZHEIMER 2017”,2017-10-21,SAN FERNANDO,GENERAL,general,ok,,563,434,129,563,,,,,Carrera,0
185,XIII CARRERA POPULAR NOCTURNA “DÍA MUNDIAL DE ENFERMOS DE ALZHEIMER 2017”,2017-10-21,SAN FERNANDO,CIRCUITO,circuito,ok,,230,180,50,230,,,,,Carrera,0
150,II EURAFRICA TRAIL - ALCORNOCALES  30 - 50,2017-10-12,ALGECIRAS,ALCORNOCALES 30,alcornocales30,ok,,177,0,0,177,,,,,Trail,177
150,II EURAFRICA TRAIL - ALCORNOCALES  30 - 50,2017-10-12,ALGECIRAS,ALCORNOCALES 50,alcornocales50,ok,,85,0,0,85,,,,,Trail,85
182,"XX CARRERA POPULAR ""VIRGEN DEL PILAR""",2017-10-08,ALGECIRAS,GENERAL,general,ok,,184,0,0,184,,,,,Carrera,184
182,"XX CARRERA POPULAR ""VIRGEN DEL PILAR""",2017-10-08,ALGECIRAS,ESPECIAL,especial,ok,,22,0,0,22,,,,,Carrera,22
173,"XXIII MEDIA MARATON ""CIUDAD DE JAEN"" MEMORIAL ""PACO MANZANEDA"" Y  CARRERA POPULAR 10 KM. I MEMORIAL CLUB ZEUS 77/90",2017-10-08,JAEN,10K,10k,ok,,481,0,0,481,,,,,Carrera,481
173,"XXIII MEDIA MARATON ""CIUDAD DE JAEN"" MEMORIAL ""PACO MANZANEDA"" Y  CARRERA POPULAR 10 KM. I MEMORIAL CLUB ZEUS 77/90",2017-10-08,JAEN,MEDIA MARATON TODOS,mediamaratontodos,ok,,613,0,0,613,,,,,Carrera,613
173,"XXIII MEDIA MARATON ""CIUDAD DE JAEN"" MEMORIAL ""PACO MANZANEDA"" Y  CARRERA POPULAR 10 KM. I MEMORIAL CLUB ZEUS 77/90",2017-10-08,JAEN,MEDIA MARATON,mediamaraton,ok,,616,550,66,616,,,,,Carrera,0
173,"XXIII MEDIA MARATON ""CIUDAD DE JAEN"" MEMORIAL ""PACO MANZANEDA"" Y  CARRERA POPULAR 10 KM. I MEMORIAL CLUB ZEUS 77/90",2017-10-08,JAEN,MEDIA MARATON CON PUNTO INTERMEDIO,mediamaratonconpuntointermedio,ok,,628,0,0,628,,,,,Carrera,628
159,II MARATON TRAIL SIERRA CAZORLA,2017-10-08,QUESADA,CORTA,corta,ok,,105,0,0,105,,,,,Carrera por montaña,105
159,II MARATON TRAIL SIERRA CAZORLA,2017-10-08,QUESADA,LARGA,larga,ok,,88,0,0,88,,,,,Carrera por montaña,88
176,II CARRERA POPULAR AGRUPACIÓN DE MOGÓN,2017-10-01,Agrupación de Mogón (Villacarrillo),TODOS,todos,ok,,125,0,0,125,,,,,Carrera,125
176,II CARRERA POPULAR AGRUPACIÓN DE MOGÓN,2017-10-01,Agrupación de Mogón (Villacarrillo),GENERAL,general,ok,,125,105,20,125,,,,,Carrera,0
176,II CARRERA POPULAR AGRUPACIÓN DE MOGÓN,2017-10-01,Agrupación de Mogón (Villacarrillo),LOCAL,local,ok,,57,0,0,57,,,,,Carrera,57
178,I CARRERA - MARCHA SOLIDARIA HERMANDAD DE LA MISERICORDIA,2017-09-30,SAN FERNANDO,400 M.,400m,ok,,238,0,0,238,,,,,Carrera,238
178,I CARRERA - MARCHA SOLIDARIA HERMANDAD DE LA MISERICORDIA,2017-09-30,SAN FERNANDO,GENERAL,general,ok,,238,206,32,238,,,,,Carrera,0
135,IV CXM SIERRA DE SEGURA SANTIAGO- PONTONES,2017-09-24,SANTIAGO DELA ESPADA,TRAIL,trail,ok,,129,0,0,129,,,,,Carrera,129
135,IV CXM SIERRA DE SEGURA SANTIAGO- PONTONES,2017-09-24,SANTIAGO DELA ESPADA,MINI TRAIL,minitrail,ok,,53,0,0,53,,,,,Carrera,53
184,V MARATON BTT CARMONA-LA CAMPANA DESERT,2017-09-24,CARMONA,LARGA,larga,ok,,236,21,0,236,,,,,Ciclismo,215
184,V MARATON BTT CARMONA-LA CAMPANA DESERT,2017-09-24,CARMONA,CORTA,corta,ok,,26,2,0,26,,,,,Ciclismo,24
184,V MARATON BTT CARMONA-LA CAMPANA DESERT,2017-09-24,CARMONA,LARGA CON PUNTOS,largaconpuntos,ok,,247,0,0,247,,,,,Ciclismo,247
184,V MARATON BTT CARMONA-LA CAMPANA DESERT,2017-09-24,CARMONA,CORTA CON PUNTOS,cortaconpuntos,ok,,33,0,0,33,,,,,Ciclismo,33
133,ULTRA TRAIL SIERRA DE SEGURA,2017-09-23,SANTIAGO DE LA ESPADA,CON PUNTOS INTERMEDIOS,conpuntosintermedios,ok,,58,0,0,58,,,,,Carrera,58
133,ULTRA TRAIL SIERRA DE SEGURA,2017-09-23,SANTIAGO DE LA ESPADA,ULTRA PODIIUM,ultrapodiium,ok,,23,0,0,23,,,,,Carrera,23
133,ULTRA TRAIL SIERRA DE SEGURA,2017-09-23,SANTIAGO DE LA ESPADA,LONG CON PUNTOS INTERMEDIOS,longconpuntosintermedios,ok,,133,0,0,133,,,,,Carrera,133
133,ULTRA TRAIL SIERRA DE SEGURA,2017-09-23,SANTIAGO DE LA ESPADA,RELEVOS,relevos,llista_error,no s'ha trobat cap taula al PDF (format no reconegut per pdfplumber),,,,,,,,,Carrera,
166,XIV SUBIDA AL PANTANO DEL QUIEBRAJANO,2017-09-17,JAEN,GENERAL,general,ok,,637,562,75,637,,,,,Carrera,0
166,XIV SUBIDA AL PANTANO DEL QUIEBRAJANO,2017-09-17,JAEN,LOCAL,local,ok,,330,289,41,330,,,,,Carrera,0
174,II CARRERA POPULAR VILLA DE RUS,2017-09-16,RUS,INFANTIL CADETE,infantilcadete,ok,,16,0,0,16,,,,,Carrera,16
174,II CARRERA POPULAR VILLA DE RUS,2017-09-16,RUS,ABSOLUTA,absoluta,ok,,123,102,21,123,,,,,Carrera,0
149,IV CXM SIERRA DE CAZORLA,2017-09-10,CAZORLA,JUNIOR CADETES,juniorcadetes,ok,,14,0,0,14,,,,,Carrera por montaña,14
149,IV CXM SIERRA DE CAZORLA,2017-09-10,CAZORLA,ABSOLUTA,absoluta,ok,,119,0,0,119,,,,,Carrera por montaña,119
138,V TRIATLON SAN ROQUE,2017-09-09,SAN ROQUE,GENERAL,general,ok,,213,174,39,213,,,,,Triatlón,0
,"I FESTIVAL BENÉFICO ""YO ME UNO AL RETTO""",2017-09-03,PUERTO REAL,,,sense_resultats,,,,,,,,,,Carrera,
177,III CARRERA POPULAR POR EL SINDROME DE RETT # YO ME UNO AL RETTO,2017-09-03,PUERTO REAL,ADULTOS 10 K,adultos10k,ok,,198,19,21,198,,,,,Carrera,158
177,III CARRERA POPULAR POR EL SINDROME DE RETT # YO ME UNO AL RETTO,2017-09-03,PUERTO REAL,ADULTOS 5K,adultos5k,ok,,66,0,0,66,,,,,Carrera,66
177,III CARRERA POPULAR POR EL SINDROME DE RETT # YO ME UNO AL RETTO,2017-09-03,PUERTO REAL,BENJAMIN CADETE,benjamincadete,ok,,46,0,0,46,,,,,Carrera,46
158,III EXTREME NATURAL TESORILLO,2017-08-27,SAN MARTIN DEL TESORILLO,ELITE,elite,ok,,53,40,13,53,,,,,Carrera,0
158,III EXTREME NATURAL TESORILLO,2017-08-27,SAN MARTIN DEL TESORILLO,POPULAR,popular,ok,,209,158,51,209,,,,,Carrera,0
172,XXIII TRAVESÍA A NADO DE LA PLAYA CHICA,2017-08-15,TARIFA,ALEVIN,alevin,ok,,14,0,0,14,,,,,Travesía,14
172,XXIII TRAVESÍA A NADO DE LA PLAYA CHICA,2017-08-15,TARIFA,BENJAMIN,benjamin,ok,,16,0,0,16,,,,,Travesía,16
172,XXIII TRAVESÍA A NADO DE LA PLAYA CHICA,2017-08-15,TARIFA,ABSOLUTA,absoluta,ok,,78,0,0,78,,,,,Travesía,78
175,XXII CRONOESCALADA JABALCÓN 2017,2017-08-15,ZUJAR,GENERAL,general,ok,,73,66,7,73,,,,,Ciclismo,0
175,XXII CRONOESCALADA JABALCÓN 2017,2017-08-15,ZUJAR,LOCAL,local,ok,,9,0,0,9,,,,,Ciclismo,9
168,V CARRERA POPULAR DE FACINAS - CAMPO A TRAVES,2017-08-06,FACINAS,GENERAL,general,ok,,116,0,0,116,,,,,Carrera,116
129,XVI CARRERA POPULAR PLAYA LA BARROSA,2017-07-23,CHICLANA DE LA FRONTERA,GENERAL,general,ok,,597,38,40,597,,,,,Carrera,519
129,XVI CARRERA POPULAR PLAYA LA BARROSA,2017-07-23,CHICLANA DE LA FRONTERA,TODOS LOS PASOS,todoslospasos,ok,,740,0,0,740,,,,,Carrera,740
165,I TRAVESIA A NADO SIERRA DE CAZORLA - POZO ALCÓN,2017-07-23,POZO ALCÓN,400 M,400m,ok,,6,0,0,6,,,,,Travesía,6
165,I TRAVESIA A NADO SIERRA DE CAZORLA - POZO ALCÓN,2017-07-23,POZO ALCÓN,1200 M,1200m,ok,,36,0,0,36,,,,,Travesía,36
164,I TRAVESIA A NADO EMBALSE EL TRANCO,2017-07-16,HORNOS DE SEGURA,400 M.,400m,ok,,11,0,0,11,,,,,Travesía,11
164,I TRAVESIA A NADO EMBALSE EL TRANCO,2017-07-16,HORNOS DE SEGURA,1200 M.,1200m,ok,,59,0,0,59,,,,,Travesía,59
163,III TRAVESÍA A NADO VILLA DE MARMOLEJO,2017-07-09,MARMOLEJO,400 M.,400m,ok,,14,0,0,14,,,,,Travesía,14
163,III TRAVESÍA A NADO VILLA DE MARMOLEJO,2017-07-09,MARMOLEJO,1.200 M.,1200m,ok,,64,0,0,64,,,,,Travesía,64
134,IV CXM MANCHA REAL,2017-07-08,MANCHA REAL,RUTA CORTA,rutacorta,ok,,48,0,0,48,,,,,Carrera,48
134,IV CXM MANCHA REAL,2017-07-08,MANCHA REAL,LOCALES RUTA CORTA,localesrutacorta,ok,,16,0,0,16,,,,,Carrera,16
134,IV CXM MANCHA REAL,2017-07-08,MANCHA REAL,RUTA LARGA,rutalarga,ok,,82,0,0,82,,,,,Carrera,82
134,IV CXM MANCHA REAL,2017-07-08,MANCHA REAL,RUTA LARGA CON PARCIAL,rutalargaconparcial,ok,,87,0,0,87,,,,,Carrera,87
134,IV CXM MANCHA REAL,2017-07-08,MANCHA REAL,LOCALES RUTA LARGA,localesrutalarga,ok,,20,0,0,20,,,,,Carrera,20
134,IV CXM MANCHA REAL,2017-07-08,MANCHA REAL,JUNIOR CADETE,juniorcadete,ok,,14,0,0,14,,,,,Carrera,14
167,"XV CARRERA ARROYO OJANCO NOCTURNA ""PARQUE DE SAN FRANCISCO""",2017-07-08,ARROYO OJANCO,JUVENIL - VETERANOS,juvenilveteranos,ok,,46,0,0,46,,,,,Carrera,46
167,"XV CARRERA ARROYO OJANCO NOCTURNA ""PARQUE DE SAN FRANCISCO""",2017-07-08,ARROYO OJANCO,PREBENJAMINES,prebenjamines,ok,,33,0,0,33,,,,,Carrera,33
167,"XV CARRERA ARROYO OJANCO NOCTURNA ""PARQUE DE SAN FRANCISCO""",2017-07-08,ARROYO OJANCO,BENJAMINES,benjamines,ok,,22,0,0,22,,,,,Carrera,22
167,"XV CARRERA ARROYO OJANCO NOCTURNA ""PARQUE DE SAN FRANCISCO""",2017-07-08,ARROYO OJANCO,ALEVIN,alevin,ok,,11,0,0,11,,,,,Carrera,11
167,"XV CARRERA ARROYO OJANCO NOCTURNA ""PARQUE DE SAN FRANCISCO""",2017-07-08,ARROYO OJANCO,INFANTIL CADETE,infantilcadete,ok,,19,0,0,19,,,,,Carrera,19
162,MARATÓN BTT X RUTA DEL CALOR,2017-07-08,ECIJA,CORTA,corta,ok,,40,0,0,40,,,,,Ciclismo,40
162,MARATÓN BTT X RUTA DEL CALOR,2017-07-08,ECIJA,LARGA,larga,ok,,218,0,0,218,,,,,Ciclismo,218
162,MARATÓN BTT X RUTA DEL CALOR,2017-07-08,ECIJA,LOCAL,local,ok,,24,0,0,24,,,,,Ciclismo,24
162,MARATÓN BTT X RUTA DEL CALOR,2017-07-08,ECIJA,CON PUNTOS INTERMEDIOS,conpuntosintermedios,ok,,259,0,0,259,,,,,Ciclismo,259
148,"III CARRERA POR MONTAÑA ""SIERRA SUR DE JAEN""",2017-06-11,ALCALA LA REAL,CADETE-JUNIOR,cadetejunior,ok,,14,0,0,14,,,,,Carrera por montaña,14
148,"III CARRERA POR MONTAÑA ""SIERRA SUR DE JAEN""",2017-06-11,ALCALA LA REAL,MINITRAIL,minitrail,ok,,44,0,0,44,,,,,Carrera por montaña,44
148,"III CARRERA POR MONTAÑA ""SIERRA SUR DE JAEN""",2017-06-11,ALCALA LA REAL,ABSOLUTA,absoluta,ok,,135,0,0,135,,,,,Carrera por montaña,135
139,III URBAN RACE - CROSS DE LAS CUESTAS,2017-06-09,SAN ROQUE,GENERAL,general,ok,,273,222,51,273,,,,,Carrera,0
155,X CARRERA POPULAR CORPUS TESORILLO,2017-06-03,TESORILLO,ALEVIN -,alevin,ok,,25,0,0,25,,,,,Carrera,25
155,X CARRERA POPULAR CORPUS TESORILLO,2017-06-03,TESORILLO,INFANTIL-CADETE -,infantilcadete,ok,,23,0,0,23,,,,,Carrera,23
155,X CARRERA POPULAR CORPUS TESORILLO,2017-06-03,TESORILLO,JUVENIL-VETERANOS,juvenilveteranos,ok,,223,75,50,223,,,,,Carrera,98
155,X CARRERA POPULAR CORPUS TESORILLO,2017-06-03,TESORILLO,JUVENIL-VETERANOS LOCAL,juvenilveteranoslocal,ok,,42,30,12,42,,,,,Carrera,0
160,"XXX MEMORIAL SARGENTO DE INFANTERIA DE MARINA ""CARMONA PÁEZ""",2017-05-27,SAN FERNANDO,CON PUNTO INTERMEDIO,conpuntointermedio,ok,,1239,0,0,1239,,,,,Carrera,1239
146,I DUATLON SANLUCAR,2017-05-14,SANLUCAR DE BARRAMEDA,GENERAL,general,ok,,169,147,22,169,,,,,Duatlón,0
142,I CARRERA POPULAR POR LA FIBROMIALGIA Y MARCHA SOLIDARIA,2017-05-13,SAN FERNANDO,GENERAL,general,ok,,470,182,52,470,,,,,Carrera,236
128,XI CARRERA POPULAR RUTA DE LOS ESTEROS,2017-04-23,CHICLANA DE LA FRONTERA,GENERAL,general,ok,,532,0,8,532,,,,,Carrera,524
128,XI CARRERA POPULAR RUTA DE LOS ESTEROS,2017-04-23,CHICLANA DE LA FRONTERA,MILLA,milla,ok,,553,0,0,553,,,,,Carrera,553
128,XI CARRERA POPULAR RUTA DE LOS ESTEROS,2017-04-23,CHICLANA DE LA FRONTERA,LOCALES,locales,ok,,329,255,74,329,,,,,Carrera,0
128,XI CARRERA POPULAR RUTA DE LOS ESTEROS,2017-04-23,CHICLANA DE LA FRONTERA,TODOS LOS PASOS,todoslospasos,ok,,607,0,0,607,,,,,Carrera,607
132,IV CXM MONTIZÓN - CONDADO DE JAÉN,2017-04-23,ALDEAHERMOSA DE MONTIZON,GENERAL,general,ok,,79,0,0,79,,,,,Carrera,79
132,IV CXM MONTIZÓN - CONDADO DE JAÉN,2017-04-23,ALDEAHERMOSA DE MONTIZON,CADETE,cadete,ok,,4,0,0,4,,,,,Carrera,4
151,V RUN FOR PARKINSON´S CÁDIZ 2017,2017-04-15,CADIZ,- NO HEMOS CRONOMETRADO,nohemoscronometrado,ok,,205,0,0,205,,,,,Carrera,205
145,III MEDIA MARATÓN & 10 KM INTERNACIONAL NOVO SANCTI PETRI,2017-04-09,CHICLANA DE LA FRONTERA,MEDIA,media,ok,,195,0,0,195,,,,,Carrera,195
145,III MEDIA MARATÓN & 10 KM INTERNACIONAL NOVO SANCTI PETRI,2017-04-09,CHICLANA DE LA FRONTERA,10K,10k,ok,,359,0,0,359,,,,,Carrera,359
141,II PRIMAVERA RUN CIUDAD DE VILLACARRILLO,2017-04-02,VILLACARRILLO,10 KM CON PARCIAL,10kmconparcial,ok,,193,37,12,193,,,,,Carrera,144
141,II PRIMAVERA RUN CIUDAD DE VILLACARRILLO,2017-04-02,VILLACARRILLO,5 KM,5km,ok,,545,0,0,545,,,,,Carrera,545
131,XXXI MEDIA MARATON BAHIA DE CADIZ,2017-03-26,CADIZ,CON PARCIALES,conparciales,ok,,923,0,0,923,,,,,Carrera,923
131,XXXI MEDIA MARATON BAHIA DE CADIZ,2017-03-26,CADIZ,GENERAL,general,ok,,956,843,113,956,,,,,Carrera,0
131,XXXI MEDIA MARATON BAHIA DE CADIZ,2017-03-26,CADIZ,PUNTUACION CIRCUITO,puntuacioncircuito,ok,,167,144,23,167,,,,,Carrera,0
126,XV CARRERA ATLETICA CHICLANA SANCTI-PETRI,2017-03-12,CHICLANA DE LA FRONTERA,CON PARCIAL,conparcial,ok,,694,0,0,694,,,,,Carrera,694
,IV DUATLON CROS SAN ROQUE,2017-03-05,SAN ROQUE,,,sense_resultats,,,,,,,,,,Duatlón cros,
125,III DUATLÓN CROS CAPA,2017-03-04,ALCALA DE GUADAIRA,,,sense_resultats,,,,,,,,,,Duatlón cros,
124,II CARRERA VVA. DEL ARZOBISPO-VILLACARRILLO “ENTRE OLIVOS”,2017-02-26,VILLANUEVA DEL ARZOBISPO,GENERAL,general,ok,,255,0,0,255,,,,,Carrera,255
136,X CARRERA POPULAR DE TARIFA,2017-02-26,TARIFA,ADULTOS CON TIEMPO REAL,adultoscontiemporeal,ok,,201,0,0,201,,,,,Carrera,201
,IV DUATLÓN CROS CIUDAD DE LA PALMA,2017-02-19,La Palma del Condado,,,sense_resultats,,,,,,,,,,Duatlón cros,
123,XXV CROSS PINAR PÚBLICO LA BARROSA,2017-01-22,CHICLANA DE LA FRONTERA,VETERANOS A - F,veteranosaf,ok,,225,0,0,225,,,,,Carrera,225
123,XXV CROSS PINAR PÚBLICO LA BARROSA,2017-01-22,CHICLANA DE LA FRONTERA,SENIOR,senior,ok,,130,0,0,130,,,,,Carrera,130
123,XXV CROSS PINAR PÚBLICO LA BARROSA,2017-01-22,CHICLANA DE LA FRONTERA,JUVENIL-JUNIOR Y,juveniljuniory,ok,,140,0,140,140,,,,,Carrera,0
122,I CARRERA PILAR MARIANISTAS JEREZ,2017-01-15,Jerez de la Frontera,5 KM,5km,ok,,119,0,0,119,,,,,Carrera,119
121,V SAN SILVESTRE CHICLANERA,2016-12-30,CHICLANA DE LA FRONTERA,GENERAL,general,ok,,972,739,233,972,,,,,Carrera,0
121,V SAN SILVESTRE CHICLANERA,2016-12-30,CHICLANA DE LA FRONTERA,LOCAL,local,ok,,647,489,158,647,,,,,Carrera,0
116,VI CARRERA POPULAR TORREPEROGIL,2016-12-17,Torreperogil,ADULTOS CON PUNTO INTERMEDIO,adultosconpuntointermedio,ok,,299,22,2,299,,,,,Carrera,275
116,VI CARRERA POPULAR TORREPEROGIL,2016-12-17,Torreperogil,PREBENJAMIN- BENJAMIN - ALEVIN,prebenjaminbenjaminalevin,ok,,83,0,0,83,,,,,Carrera,83
116,VI CARRERA POPULAR TORREPEROGIL,2016-12-17,Torreperogil,INFANTIL- CADETE,infantilcadete,ok,,83,0,0,83,,,,,Carrera,83
86,"II CARRERA POR MONTAÑA ""SIERRA SUR DE JAEN""",2016-11-13,ALCALA LA REAL,"UNICA, CADETE Y JUNIOR",unicacadeteyjunior,ok,,39,0,0,39,,,,138,Trail,39
86,"II CARRERA POR MONTAÑA ""SIERRA SUR DE JAEN""",2016-11-13,ALCALA LA REAL,LARGA,larga,ok,,107,0,0,107,,,,105,Trail,107
86,"II CARRERA POR MONTAÑA ""SIERRA SUR DE JAEN""",2016-11-13,ALCALA LA REAL,PREMIOS ABSOLUTA LARGA,premiosabsolutalarga,ok,,13,0,0,13,,,,,Trail,13
120,XXXVI CARRERA URBANA CIUDAD DE CHICLANA,2016-11-06,CHICLANA DE LA FRONTERA,TIEMPO REAL Y OFICIAL,tiemporealyoficial,ok,,563,4,4,563,,,,,Carrera,555
120,XXXVI CARRERA URBANA CIUDAD DE CHICLANA,2016-11-06,CHICLANA DE LA FRONTERA,CON PUNTOS Y MILLA,conpuntosymilla,ok,,574,0,0,574,,,,,Carrera,574
120,XXXVI CARRERA URBANA CIUDAD DE CHICLANA,2016-11-06,CHICLANA DE LA FRONTERA,LOCALES POR SEXO,localesporsexo,ok,,544,0,0,544,,,,,Carrera,544
119,I CARRERA POPULAR AGRUPACIÓN DE MOGÓN,2016-10-30,Agrupación de Mogón (Villacarrillo),CLASIFICACION_GENERAL_MOGON_2016,clasificaciongeneralmogon2016,ok,,128,0,0,128,,,,,Carrera,128
107,XII CARRERA POPULAR NOCTURNA DIA MUNDIAL ENFERMOS DE ALZHEIMER,2016-10-08,SAN FERNANDO,GENERAL,general,ok,,777,593,184,777,,,,,Carrera,0
114,IV MARATON BTT CARMONA,2016-10-08,CARMONA,RUTA CORTA,rutacorta,llista_error,no s'ha trobat cap taula al PDF (format no reconegut per pdfplumber),,,,,,,,,Ciclismo,
114,IV MARATON BTT CARMONA,2016-10-08,CARMONA,RUTA LARGA,rutalarga,llista_error,no s'ha trobat cap taula al PDF (format no reconegut per pdfplumber),,,,,,,,,Ciclismo,
85,III CXM MANCHA REAL,2016-10-02,MANCHA REAL,- CORTA,corta,ok,,47,0,0,47,,,,190,Trail,47
85,III CXM MANCHA REAL,2016-10-02,MANCHA REAL,- CORTA - LOCAL,cortalocal,ok,,17,0,0,17,,,,,Trail,17
85,III CXM MANCHA REAL,2016-10-02,MANCHA REAL,- FEDE Y NO FEDE- LARGA,fedeynofedelarga,ok,,150,0,0,150,,,,123,Trail,150
85,III CXM MANCHA REAL,2016-10-02,MANCHA REAL,- LARGA - LOCAL,largalocal,ok,,17,0,0,17,,,,10,Trail,17
115,IV TRIATLÓN SAN ROQUE,2016-09-25,SAN ROQUE,GENERAL,general,ok,,220,190,30,220,,,,,Triatlón,0
115,IV TRIATLÓN SAN ROQUE,2016-09-25,SAN ROQUE,ABSOLUTA CON PARCIALES,absolutaconparciales,ok,,252,219,33,252,,,,,Triatlón,0
108,XIII SUBIDA AL PANTANO DEL QUIEBRAJANO,2016-09-18,JAEN,GENERAL,general,ok,,737,607,130,737,,,,,Carrera,0
108,XIII SUBIDA AL PANTANO DEL QUIEBRAJANO,2016-09-18,JAEN,LOCAL,local,ok,,57,25,0,57,,,,,Carrera,32
,II CICLODEPORTIVA JAROTA - BELLOTA DE ORO,2016-09-18,VILLANUEVA DE CORDOBA,,,sense_resultats,,,,,,,,,,Ciclismo,
,V CARRERA POPULAR FACINAS,2016-09-17,FACINAS,,,sense_resultats,,,,,,,,,,Carrera,
84,III CXM SIERRA CAZORLA,2016-09-11,CAZORLA,CADETE Y JUNIOR,cadeteyjunior,ok,,10,0,0,10,,,,,Trail,10
84,III CXM SIERRA CAZORLA,2016-09-11,CAZORLA,ADULTOS FEDERADOS Y NO FEDERADOS,adultosfederadosynofederados,ok,,206,0,0,206,,,,437,Trail,206
84,III CXM SIERRA CAZORLA,2016-09-11,CAZORLA,ADULTOS SOLO FEDERADOS,adultossolofederados,ok,,127,0,0,127,,,,437,Trail,127
84,III CXM SIERRA CAZORLA,2016-09-11,CAZORLA,LOCAL CAZORLA,localcazorla,ok,,16,9,1,16,,,,,Trail,6
117,I CARRERA POPULAR SAN PEDRO Y SAN PABLO,2016-09-10,SAN PABLO DE BUCEITE,ADULTOS,adultos,ok,,64,0,0,64,,,,110,Carrera,64
117,I CARRERA POPULAR SAN PEDRO Y SAN PABLO,2016-09-10,SAN PABLO DE BUCEITE,LOCAL ADULTOS,localadultos,ok,,33,0,0,33,,,,,Carrera,33
117,I CARRERA POPULAR SAN PEDRO Y SAN PABLO,2016-09-10,SAN PABLO DE BUCEITE,BENJAMIN,benjamin,ok,,19,0,0,19,,,,94,Carrera,19
117,I CARRERA POPULAR SAN PEDRO Y SAN PABLO,2016-09-10,SAN PABLO DE BUCEITE,PREBENJAMIN,prebenjamin,ok,,14,0,0,14,,,,43,Carrera,14
117,I CARRERA POPULAR SAN PEDRO Y SAN PABLO,2016-09-10,SAN PABLO DE BUCEITE,FIGURITAS,figuritas,ok,,20,0,0,20,,,,131,Carrera,20
112,I TRAVESÍA A NADO SOLIDARIA CIUDAD DE PEÑARROYA PUEBLONUEVO,2016-09-04,PEÑARROYA,800 M.,800m,ok,,40,0,0,40,,,,2,Travesía,40
112,I TRAVESÍA A NADO SOLIDARIA CIUDAD DE PEÑARROYA PUEBLONUEVO,2016-09-04,PEÑARROYA,LOCAL 800 M.,local800m,ok,,11,0,0,11,,,,,Travesía,11
112,I TRAVESÍA A NADO SOLIDARIA CIUDAD DE PEÑARROYA PUEBLONUEVO,2016-09-04,PEÑARROYA,4000 M.,4000m,ok,,64,0,0,64,,,,22,Travesía,64
112,I TRAVESÍA A NADO SOLIDARIA CIUDAD DE PEÑARROYA PUEBLONUEVO,2016-09-04,PEÑARROYA,LOCAL 4000 M.,local4000m,ok,,3,0,0,3,,,,,Travesía,3
112,I TRAVESÍA A NADO SOLIDARIA CIUDAD DE PEÑARROYA PUEBLONUEVO,2016-09-04,PEÑARROYA,DESAFIO FULL,desafiofull,ok,,6,0,0,6,,,,,Travesía,6
109,I CARRERA BLANES TORREDONJIMENO TESORO VISIGODO,2016-09-03,Torredonjimeno,CARRERA A - PREBENJAMIN - BENJAMIN,carreraaprebenjaminbenjamin,ok,,27,5,7,27,,,,,Carrera,15
109,I CARRERA BLANES TORREDONJIMENO TESORO VISIGODO,2016-09-03,Torredonjimeno,GENERAL,general,ok,,310,0,0,310,,,,94,Carrera,310
95,I CARRERA POPULAR VILLA DE RUS,2016-08-20,RUS,INFANTIL-CADETE,infantilcadete,ok,,16,0,0,16,,,,315,Carrera,16
95,I CARRERA POPULAR VILLA DE RUS,2016-08-20,RUS,ADULTOS,adultos,ok,,182,0,0,182,,,,189,Carrera,182
95,I CARRERA POPULAR VILLA DE RUS,2016-08-20,RUS,LOCAL,local,ok,,47,0,0,47,,,,,Carrera,47
102,"I TRAVESÍA A NADO POR LOS PANTANOS DE JAÉN, “EMBALSE DEL GUADALMENA”",2016-07-10,CHICLANA DE SEGURA,GENERAL,general,ok,,66,0,1,66,,,,56,Travesía,65
102,"I TRAVESÍA A NADO POR LOS PANTANOS DE JAÉN, “EMBALSE DEL GUADALMENA”",2016-07-10,CHICLANA DE SEGURA,INFANTIL Y PROMOCION,infantilypromocion,ok,,12,2,0,12,,,,17,Travesía,10
110,CARRERA ARROYO OJANCO,2016-07-09,ARROYO OJANCO,INFANTIL Y CADETE,infantilycadete,ok,,18,0,0,18,,,,65,Carrera,18
110,CARRERA ARROYO OJANCO,2016-07-09,ARROYO OJANCO,PREBENJAMIN,prebenjamin,ok,,28,0,0,28,,,,139,Carrera,28
110,CARRERA ARROYO OJANCO,2016-07-09,ARROYO OJANCO,BENJAMIN,benjamin,ok,,21,0,0,21,,,,95,Carrera,21
110,CARRERA ARROYO OJANCO,2016-07-09,ARROYO OJANCO,ALEVIN,alevin,ok,,15,0,0,15,,,,88,Carrera,15
110,CARRERA ARROYO OJANCO,2016-07-09,ARROYO OJANCO,JUVENIL SENIOR Y VETERANO,juvenilsenioryveterano,ok,,62,15,7,62,,,,59,Carrera,40
96,I RUTA CICLOTURISTA CUEVAS DEL CAMPO,2016-06-12,CUEVAS DEL CAMPO,RUTA CORTA,rutacorta,ok,,33,0,0,33,,,,100,Ciclismo,33
96,I RUTA CICLOTURISTA CUEVAS DEL CAMPO,2016-06-12,CUEVAS DEL CAMPO,RUTA LARGA,rutalarga,ok,,26,0,0,26,,,,,Ciclismo,26
97,II URBAN RACE - CROSS DE LAS CUESTAS,2016-06-11,SAN ROQUE,PREBENJAMIN,prebenjamin,ok,,15,0,0,15,,,,,Carrera,15
97,II URBAN RACE - CROSS DE LAS CUESTAS,2016-06-11,SAN ROQUE,BENJAMIN,benjamin,ok,,36,0,0,36,,,,324,Carrera,36
97,II URBAN RACE - CROSS DE LAS CUESTAS,2016-06-11,SAN ROQUE,INFANTIL-CADETE,infantilcadete,ok,,23,0,0,23,,,,378,Carrera,23
97,II URBAN RACE - CROSS DE LAS CUESTAS,2016-06-11,SAN ROQUE,ALEVIN,alevin,ok,,32,0,0,32,,,,304,Carrera,32
97,II URBAN RACE - CROSS DE LAS CUESTAS,2016-06-11,SAN ROQUE,ADULTOS,adultos,ok,,277,16,5,277,,,,217,Carrera,256
78,I TRIATLON DE LOS PEDROCHES,2016-06-05,POZOBLANCO,GENERAL,general,ok,,116,0,0,116,104,41,,,Triatlón,116
78,I TRIATLON DE LOS PEDROCHES,2016-06-05,POZOBLANCO,CON PARCIALES,conparciales,ok,,126,0,0,126,104,8,8,,Triatlón,126
98,3ª CARRERA URBANA CASTILLO DE SABIOTE,2016-06-04,SABIOTE,INFANTIL-CADETE,infantilcadete,ok,,45,0,0,45,,,,177,Carrera,45
98,3ª CARRERA URBANA CASTILLO DE SABIOTE,2016-06-04,SABIOTE,ADULTOS,adultos,ok,,286,1,0,286,,,,275,Carrera,285
98,3ª CARRERA URBANA CASTILLO DE SABIOTE,2016-06-04,SABIOTE,BENJAMIN Y ALEVIN,benjaminyalevin,ok,,66,0,0,66,,,,118,Carrera,66
,XXV CARRERA URBANA - SAN FELIPE NERI,2016-06-04,CADIZ,,,sense_resultats,,,,,,,,,,Carrera,
99,"XXIX MEMORIAL SARGENTO DE INFANTERÍA DE MARINA ""CARMONA PÁEZ""",2016-05-28,SAN FERNANDO,GENERAL,general,ok,,1305,0,0,1305,,62,,621,Carrera,1305
81,MARATON TRAIL SIERRA CAZORLA,2016-05-21,QUESADA,TRAIL FEDERADOS Y NO FEDERADOS,trailfederadosynofederados,ok,,70,0,0,70,,,,203,Trail,70
81,MARATON TRAIL SIERRA CAZORLA,2016-05-21,QUESADA,TRAIL FEDERADOS,trailfederados,ok,,40,0,0,40,,,,209,Trail,40
81,MARATON TRAIL SIERRA CAZORLA,2016-05-21,QUESADA,MARATON TODOS,maratontodos,ok,,102,0,0,102,,,,104,Trail,102
81,MARATON TRAIL SIERRA CAZORLA,2016-05-21,QUESADA,MARATON SOLO FEDERADOS,maratonsolofederados,ok,,74,0,0,74,,,,103,Trail,74
,CARRERA SOLIDARIA Y POPULAR IV RUN FOR PARKINSON-S CADIZ,2016-05-14,CADIZ,,,sense_resultats,,,,,,,,,,Carrera,
83,III CXM SIERRA DE SEGURA SANTIAGO- PONTONES,2016-05-08,PONTONES,GENERAL,general,llista_error,no s'ha trobat cap taula al PDF (format no reconegut per pdfplumber),,,,,,,,,Trail,
77,V TRIATLON TRIHERCULES CADIZ,2016-04-30,CADIZ,CON PARCIALES Y,conparcialesy,ok,,488,0,488,488,,,,,Triatlón,0
77,V TRIATLON TRIHERCULES CADIZ,2016-04-30,CADIZ,CON PARCIALES,conparciales,ok,,221,102,119,221,,,,,Triatlón,0
77,V TRIATLON TRIHERCULES CADIZ,2016-04-30,CADIZ,LOCALES,locales,ok,,124,102,22,124,,,,,Triatlón,0
,CYCLING DAY - TRIHERCULES,2016-04-30,CADIZ,,,sense_resultats,,,,,,,,,,Ciclismo,
82,III CXM MONTIZÓN - CONDADO DE JAÉN,2016-04-17,ALDEAHERMOSA DE MONTIZÓN,ADULTOS,adultos,llista_error,no s'ha trobat cap taula al PDF (format no reconegut per pdfplumber),,,,,,,,,Trail,
94,XXIX CARRERA POPULAR NOCTURNA CARRIÓN DE LOS CÉSPEDES,2016-04-15,CARRIÓN DE LOS CÉSPEDES,JUVENIL,juvenil,ok,,18,0,0,18,,,,403,Carrera,18
94,XXIX CARRERA POPULAR NOCTURNA CARRIÓN DE LOS CÉSPEDES,2016-04-15,CARRIÓN DE LOS CÉSPEDES,GENERAL,general,ok,,566,384,182,566,,,,,Carrera,0
87,I PRIMAVERA RUN CIUDAD DE VILLACARRILLO,2016-04-03,VILLACARRILLO,10000,10000,ok,,247,0,0,247,,,,238,Carrera,247
87,I PRIMAVERA RUN CIUDAD DE VILLACARRILLO,2016-04-03,VILLACARRILLO,5000,5000,ok,,229,0,0,229,,,,186,Carrera,229
79,II DUATLÓN CROS CAPA,2016-03-19,ALCALA DE GUADAIRA,LOCAL,local,ok,,53,0,0,53,199,,,,Duatlón cros,53
79,II DUATLÓN CROS CAPA,2016-03-19,ALCALA DE GUADAIRA,CON PARCIALES,conparciales,ok,,224,0,0,224,199,187,187,,Duatlón cros,224
75,XXX MEDIA MARATÓN BAHÍA DE CÁDIZ,2016-03-13,CADIZ,GENERAL,general,ok,,1157,0,55,1157,,,,588,Carrera,1102
75,XXX MEDIA MARATÓN BAHÍA DE CÁDIZ,2016-03-13,CADIZ,PREMIOS,premios,ok,,10,0,0,10,,,,,Carrera,10
88,II CARRERA POPULAR POR EL SINDROME DE RETT # YO ME UNO AL RETTO,2016-02-29,CADIZ,GENERAL,general,ok,,379,241,138,379,,,,,Carrera,0
89,I CARRERA VILLACARRILLO- VVA. DEL ARZOBISPO “ENTRE OLIVOS”,2016-02-28,VILLACARRILLO,GENERAL,general,ok,,224,0,0,224,,,,214,Carrera,224
80,IX CARRERA POPULAR DE TARIFA,2016-02-21,TARIFA,JUNIOR-VETERANOS,juniorveteranos,ok,,276,0,0,276,,,,34,Carrera,276
80,IX CARRERA POPULAR DE TARIFA,2016-02-21,TARIFA,CLASFICACION CADETES,clasficacioncadetes,ok,,25,0,0,25,,,,272,Carrera,25
80,IX CARRERA POPULAR DE TARIFA,2016-02-21,TARIFA,CLASFICACION INFANTIL,clasficacioninfantil,ok,,53,0,0,53,,,,499,Carrera,53
80,IX CARRERA POPULAR DE TARIFA,2016-02-21,TARIFA,CLASFICACION ALEVIN,clasficacionalevin,ok,,89,0,0,89,,,,376,Carrera,89
76,III DUATLON CROS CIUDAD DE LA PALMA,2016-02-14,LA PALMA DEL CONDADO,GENERAL,general,ok,,182,162,20,182,,,,,Duatlón cros,0
,I DUATLON CROS GUILLENA GREEN,2016-02-07,GUILLENA,,,sense_resultats,,,,,,,,,,Duatlón cros,
71,V CARRERA POPULAR TORREPEROGIL,2015-12-26,TORREPEROGIL,PREBENJAMIN-BENJAMIN-ALEVIN,prebenjaminbenjaminalevin,ok,,68,20,11,68,,,,413,Carrera,37
71,V CARRERA POPULAR TORREPEROGIL,2015-12-26,TORREPEROGIL,INFANTIL-CADETE,infantilcadete,ok,,38,0,0,38,,,,368,Carrera,38
71,V CARRERA POPULAR TORREPEROGIL,2015-12-26,TORREPEROGIL,ABSOLUTA,absoluta,ok,,326,0,0,326,,,,122,Carrera,326
46,"1ª CARRERA POR MONTAÑA ""SIERRA SUR DE JAEN""",2015-11-15,Alcala la Real,ORDEN ENTRADA META ADULTOS,ordenentradametaadultos,ok,,181,0,0,181,,,,42,Trail,181
46,"1ª CARRERA POR MONTAÑA ""SIERRA SUR DE JAEN""",2015-11-15,Alcala la Real,ORDEN ENTRADA META CADETES Y JUNIOR,ordenentradametacadetesyjunior,ok,,19,0,0,19,,,,,Trail,19
45,CXM MANCHA REAL,2015-10-25,Mancha Real,CADETE JUNIOR,cadetejunior,llista_error,no s'ha trobat cap taula al PDF (format no reconegut per pdfplumber),,,,,,,,,Trail,
45,CXM MANCHA REAL,2015-10-25,Mancha Real,ADULTOS,adultos,llista_error,no s'ha trobat cap taula al PDF (format no reconegut per pdfplumber),,,,,,,,,Trail,
45,CXM MANCHA REAL,2015-10-25,Mancha Real,LOCAL,local,ok,,21,0,0,21,,,,,Trail,21
70,XI CARRERA POPULAR NOCTURNA DIA MUNDIAL ENFERMOS DE ALZHEIMER,2015-10-24,SAN FERNANDO,GENERAL,general,ok,,792,0,0,792,,,,653,Carrera,792
,MARATÓN BBT IX ''RUTA DEL GUADALETE'',2015-10-24,BORNOS,,,sense_resultats,,,,,,,,,,Ciclismo,
68,III CARRERA CONTRA EL CANCER,2015-10-18,MELILLA,MAYORES,mayores,ok,,737,0,0,737,,,,541,Carrera,737
68,III CARRERA CONTRA EL CANCER,2015-10-18,MELILLA,MENORES,menores,ok,,174,11,35,174,,,,857,Carrera,128
59,I DUATLON CROS CLUB DE CAMPO 50 ANIVERSARIO JAEN,2015-10-04,JAEN,GENERAL_ABSOLUTA,generalabsoluta,ok,,95,0,0,95,80,54,,,Duatlón,95
59,I DUATLON CROS CLUB DE CAMPO 50 ANIVERSARIO JAEN,2015-10-04,JAEN,CON TRANSICIONES,contransiciones,ok,,101,0,0,101,80,54,54,,Duatlón,101
61,CXM SIERRA CAZORLA,2015-09-13,CAZORLA,CADETES Y JUNIOR,cadetesyjunior,ok,,13,0,0,13,,,,,Carrera,13
61,CXM SIERRA CAZORLA,2015-09-13,CAZORLA,ADULTOS,adultos,ok,,178,0,0,178,,,,28,Carrera,178
61,CXM SIERRA CAZORLA,2015-09-13,CAZORLA,ADULTOS SOLO FEDERADOS,adultossolofederados,ok,,106,0,0,106,,,,28,Carrera,106
61,CXM SIERRA CAZORLA,2015-09-13,CAZORLA,PUNTUACIÓN 3ª CXM SIERRA CAZORLA Y ADULTOS,puntuacion3acxmsierracazorlaya,ok,,308,0,0,308,,,,,Carrera,308
61,CXM SIERRA CAZORLA,2015-09-13,CAZORLA,PUNTUACIÓN 3ª CXM SIERRA CAZORLA Y CADETES,puntuacion3acxmsierracazorlayc,ok,,22,0,0,22,,,,,Carrera,22
65,IV TRIATLON DEL SOL,2015-08-30,ROQUETAS DE MAR,GENERAL,general,ok,,446,349,97,446,,,,,Triatlón,0
63,IV CARRERA SOLIDARIA DE LA DEHESA DE ROCHE,2015-08-09,CONIL DE LA FRONTERA,6 KM,6km,ok,,339,221,118,339,,,,,Carrera,0
63,IV CARRERA SOLIDARIA DE LA DEHESA DE ROCHE,2015-08-09,CONIL DE LA FRONTERA,12 KM,12km,ok,,258,212,46,258,,,,,Carrera,0
63,IV CARRERA SOLIDARIA DE LA DEHESA DE ROCHE,2015-08-09,CONIL DE LA FRONTERA,1500 M,1500m,ok,,258,138,120,258,,,,,Carrera,0
43,III TRIATLON CIUDAD DE CORDOBA,2015-06-21,Córdoba,CON PARCIALES,conparciales,ok,,446,0,0,446,417,85,85,,Triatlón,446
57,II CARRERA URBANA CASTILLO DE SABIOTE,2015-06-13,SABIOTE,ALEVIN,alevin,ok,,116,0,0,116,,,,29,Carrera,116
57,II CARRERA URBANA CASTILLO DE SABIOTE,2015-06-13,SABIOTE,INFANTIL,infantil,ok,,37,0,0,37,,,,132,Carrera,37
57,II CARRERA URBANA CASTILLO DE SABIOTE,2015-06-13,SABIOTE,CADETE,cadete,ok,,51,0,0,51,,,,148,Carrera,51
57,II CARRERA URBANA CASTILLO DE SABIOTE,2015-06-13,SABIOTE,ADULTOS CON PASO INTERMEDIO,adultosconpasointermedio,ok,,219,0,0,219,,284,,307,Carrera,219
56,"II MARCHA MTB ""DONDE NACE EL RÍO SEGURA""",2015-05-31,PONTONES - SANTIAGO DE LA ESPADA,GENERAL,general,ok,,139,0,0,139,,,,97,Ciclismo,139
56,"II MARCHA MTB ""DONDE NACE EL RÍO SEGURA""",2015-05-31,PONTONES - SANTIAGO DE LA ESPADA,LOCAL,local,ok,,9,0,0,9,,,,,Ciclismo,9
,"RUTA SENDERISMO ""DONDE NACE EL RÍO SEGURA""",2015-05-31,PONTONES,,,sense_resultats,,,,,,,,,,Carrera,
50,XTRAIL ALMERIMAR 2015 TRIATLON,2015-05-10,El Ejido,ABSOLUTA CON PARCIALES,absolutaconparciales,ok,,157,0,0,157,132,40,40,,Triatlón,157
51,XTRAIL ALMERIMAR 2015  TRAIL,2015-05-10,El Ejido,GENERAL,general,ok,,86,0,0,86,,,,185,Trail,86
,I MARCHA DE LA MUJER,2015-05-10,SAN FERNANDO,,,sense_resultats,,,,,,,,,,Carrera,
,I CARRERA TRAIL LAS ALDEAS PERDIDAS,2015-04-26,FUENTE SEGURA,,,sense_resultats,,,,,,,,,,Trail,
38,IV TRIATLON TRIHERCULES CADIZ,2015-04-25,Cadiz,GENERAL,general,ok,,466,0,0,466,450,387,,,Triatlón,466
38,IV TRIATLON TRIHERCULES CADIZ,2015-04-25,Cadiz,CON PASOS INTERMEDIOS,conpasosintermedios,ok,,486,2,2,486,450,123,123,,Triatlón,482
38,IV TRIATLON TRIHERCULES CADIZ,2015-04-25,Cadiz,SOLO FEDERADOS,solofederados,ok,,267,219,48,267,,,,,Triatlón,0
41,XXIX MEDIA MARATÓN BAHÍA DE CÁDIZ,2015-04-19,Cádiz,CON PUNTO INTERMEDIO,conpuntointermedio,ok,,1138,0,0,1138,,1053,800,366,Carrera,1138
41,XXIX MEDIA MARATÓN BAHÍA DE CÁDIZ,2015-04-19,Cádiz,GENERAL,general,ok,,1231,990,241,1231,,,,,Carrera,0
41,XXIX MEDIA MARATÓN BAHÍA DE CÁDIZ,2015-04-19,Cádiz,LOCAL CADIZ,localcadiz,ok,,172,71,11,172,,,,,Carrera,90
41,XXIX MEDIA MARATÓN BAHÍA DE CÁDIZ,2015-04-19,Cádiz,LOCAL SAN FERNANDO,localsanfernando,ok,,303,137,12,303,,,,,Carrera,154
42,II CXM MONTIZÓN - CONDADO DE JAÉN,2015-04-19,Aldeahermosa de Montizón,GENERAL,general,ok,,68,0,0,68,,,,279,Trail,68
42,II CXM MONTIZÓN - CONDADO DE JAÉN,2015-04-19,Aldeahermosa de Montizón,CADETE Y JUNIOR,cadeteyjunior,llista_error,no s'ha trobat cap taula al PDF (format no reconegut per pdfplumber),,,,,,,,,Trail,
36,IX DESAFÍO BTT SIERRA DE AZNALCÓLLAR,2015-04-18,Aznalcollar,ORDEN DE ENTRADA. RUTA LARGA Y CORTA,ordendeentradarutalargaycorta,ok,,505,0,0,505,,,,238,Ciclismo,505
36,IX DESAFÍO BTT SIERRA DE AZNALCÓLLAR,2015-04-18,Aznalcollar,ORDEN ENTRADA EN META RUTA LARGA,ordenentradaenmetarutalarga,ok,,442,0,0,442,,,,238,Ciclismo,442
36,IX DESAFÍO BTT SIERRA DE AZNALCÓLLAR,2015-04-18,Aznalcollar,ABSOLUTA,absoluta,ok,,10,0,0,10,,,,,Ciclismo,10
36,IX DESAFÍO BTT SIERRA DE AZNALCÓLLAR,2015-04-18,Aznalcollar,LOCAL,local,ok,,4,0,0,4,,,,,Ciclismo,4
49,VI CARRERA POPULAR ARCOS DE LA FRONTERA,2015-04-12,ARCOS DE LA FRONTERA,ADULTOS,adultos,ok,,192,15,4,192,,,,107,Carrera,173
35,V CARRERA POR MONTAÑA SUBBÉTICA TRAIL,2015-04-12,ZUHEROS,CADETE Y JUNIOR,cadeteyjunior,ok,,26,0,0,26,,,,511,Trail,26
35,V CARRERA POR MONTAÑA SUBBÉTICA TRAIL,2015-04-12,ZUHEROS,TRAIL 28 KM,trail28km,ok,,317,0,0,317,,,,,Trail,317
35,V CARRERA POR MONTAÑA SUBBÉTICA TRAIL,2015-04-12,ZUHEROS,CLASIFICACIONGENERAL TRAIL 28 KM SOLO FEDERADOS,clasificaciongeneraltrail28kms,ok,,204,0,0,204,,,,,Trail,204
35,V CARRERA POR MONTAÑA SUBBÉTICA TRAIL,2015-04-12,ZUHEROS,FEDE Y NO FEDE CON PASOS INTERMEDIOS,fedeynofedeconpasosintermedios,ok,,413,0,0,413,,100,236,174,Trail,413
39,II DUATLÓN CROS VEJER DE LA FRONTERA,2015-03-29,Vejer de la Frontera,ABSOLUTA,absoluta,ok,,155,133,22,155,,,,,Duatlón,0
39,II DUATLÓN CROS VEJER DE LA FRONTERA,2015-03-29,Vejer de la Frontera,ABSOLUTA LOCALES,absolutalocales,ok,,37,24,13,37,,,,,Duatlón,0
39,II DUATLÓN CROS VEJER DE LA FRONTERA,2015-03-29,Vejer de la Frontera,ABSOLUTA RELEVOS,absolutarelevos,ok,,16,0,0,16,3,,1,,Duatlón,16
40,I DUATLÓN CROS CAPA,2015-03-14,Alcala de Guadaira,GENERAL,general,ok,,166,0,0,166,153,57,,,Duatlón,166
40,I DUATLÓN CROS CAPA,2015-03-14,Alcala de Guadaira,CON PARCIALES,conparciales,ok,,179,0,0,179,153,57,57,,Duatlón,179
40,I DUATLÓN CROS CAPA,2015-03-14,Alcala de Guadaira,LOCAL,local,ok,,67,49,18,67,,,,,Duatlón,0
28,II CARRERA POR MONTAÑA SIERRA DE SEGURA,2015-03-08,Pontones,GENERAL,general,llista_error,no s'ha trobat cap taula al PDF (format no reconegut per pdfplumber),,,,,,,,,Trail,
28,II CARRERA POR MONTAÑA SIERRA DE SEGURA,2015-03-08,Pontones,PUNTUACIÓN DEL CIRCUITO,puntuaciondelcircuito,ok,,171,0,0,171,,,,,Trail,171
37,I CARRERA POPULAR BENEFICA LA MAGA POR EL SÍNDROME DE RETT,2015-02-28,Cádiz,GENERAL,general,ok,,209,135,74,209,,,,,Carrera,0
24,MEDIA MARATÓN CALETERA,2015-01-11,Cádiz,MEDIA CALETERA,mediacaletera,ok,,155,0,0,155,,,,,Carrera,155
727,XXVII MILLA URBANA SAN MIGUEL,2026-09-03,LLERENA,SUB14-SUB16,sub14sub16,ok,,20,6,14,20,,,,,Carrera,0
727,XXVII MILLA URBANA SAN MIGUEL,2026-09-03,LLERENA,ABSOLUTA,absoluta,ok,,43,26,17,43,,,,,Carrera,0
727,XXVII MILLA URBANA SAN MIGUEL,2026-09-03,LLERENA,SUB 12 Y,sub12y,ok,,9,0,9,9,,,,,Carrera,0
727,XXVII MILLA URBANA SAN MIGUEL,2026-09-03,LLERENA,SUB 10 Y,sub10y,ok,,17,0,17,17,,,,,Carrera,0
727,XXVII MILLA URBANA SAN MIGUEL,2026-09-03,LLERENA,SUB 8 Y,sub8y,ok,,14,0,14,14,,,,,Carrera,0
727,XXVII MILLA URBANA SAN MIGUEL,2026-09-03,LLERENA,MILLA-MARCHA,millamarcha,ok,,14,0,0,14,,,,,Carrera,14
,24 H. FUTBOL SALA BAZA 2026,2026-08-29,BAZA,,,sense_resultats,,,,,,,,,,Fútbol sala,
739,XXVII CARRERA POPULAR DENTIA BAZA,2026-08-28,BAZA,GENERAL,general,ok,,167,124,41,167,,,,,Carrera,2
726,XXVIII MILLA URBANA DE BERLANGA,2026-08-20,BERLANGA,SUB10,sub10,ok,,10,2,6,10,,,,,Carrera,2
726,XXVIII MILLA URBANA DE BERLANGA,2026-08-20,BERLANGA,SUB 12,sub12,ok,,9,4,3,9,,,,,Carrera,2
726,XXVIII MILLA URBANA DE BERLANGA,2026-08-20,BERLANGA,SUB8,sub8,ok,,17,6,9,17,,,,,Carrera,2
726,XXVIII MILLA URBANA DE BERLANGA,2026-08-20,BERLANGA,SUB 14 Y SUB 16,sub14ysub16,ok,,26,11,15,26,,,,,Carrera,0
726,XXVIII MILLA URBANA DE BERLANGA,2026-08-20,BERLANGA,ABSOLUTA,absoluta,ok,,54,34,20,54,,,,,Carrera,0
729,III CARRERA POPULAR PLAYAS DE CADIZ 2026,2026-08-16,CADIZ,SUB16,sub16,ok,,6,0,0,6,,,,,Carrera,6
729,III CARRERA POPULAR PLAYAS DE CADIZ 2026,2026-08-16,CADIZ,SUB14,sub14,ok,,17,0,0,17,,,,,Carrera,17
729,III CARRERA POPULAR PLAYAS DE CADIZ 2026,2026-08-16,CADIZ,ABSOLUTA,absoluta,ok,,171,22,14,171,,,,,Carrera,135
729,III CARRERA POPULAR PLAYAS DE CADIZ 2026,2026-08-16,CADIZ,SUB12,sub12,ok,,16,0,0,16,,,,,Carrera,16
729,III CARRERA POPULAR PLAYAS DE CADIZ 2026,2026-08-16,CADIZ,SUB10,sub10,ok,,12,0,0,12,,,,,Carrera,12
729,III CARRERA POPULAR PLAYAS DE CADIZ 2026,2026-08-16,CADIZ,SUB8,sub8,ok,,16,9,5,16,,,,,Carrera,2
,HEART FIT CHALLENGE NIGHT EDITION,2026-08-08,CARTAYA,,,sense_resultats,,,,,,,,,,Carrera Híbrida,
