nombre_carrera,fecha,categoria,n_masculino,n_femenino,n_desconocido,n_total,categoria_genero
"""200 CRESTAS"" DESAFÍO COUREL 2016",2016-03-19,92 KM (Desnivel positivo: 3.702 metros - Desnivel negativo: 3.704 metros),201,2,0,203,mixto
"""I TRAIL 175º ANIVERSARIO GUARDIA CIVIL"" A BENEFICIO DE LA FUNDACIÓN PADRE RUBINOS",2019-05-12,TRAIL,159,33,0,192,mixto
#MarzoSaudeSolidario 2015,2015-05-10,CARRERA CATEGORIA A (2006-2008),8,4,0,12,mixto
#MarzoSaudeSolidario 2015,2015-05-10,CARRERA CATEGORIA B (2003-2005),4,10,0,14,mixto
#MarzoSaudeSolidario 2015,2015-05-10,CARRERA CATEGORIA C (2000-2002),7,5,0,12,mixto
#MarzoSaudeSolidario 2015,2015-05-10,CARRERA POPULAR,49,22,0,71,mixto
#MarzoSaudeSolidario 2015,2015-05-10,TRAIL,37,6,0,43,mixto
'CLÁSICA' DESAFÍO COUREL 2016,2016-09-24,98 KM (Desnivel positivo: 4.101 metros - Desnivel negativo: 4.103 metros),115,4,0,119,mixto
+10 MARIN MANOLO ROSALES. GRAN PREMIO ENCE 2012,2012-08-03,Adultos. Distancia: 10000 m,0,0,0,0,mixto
+10MARIN MANUEL ROSALES - GRAN PREMIO ENCE 2014,2014-08-01,PROBA ABSOLUTA. DISTANCIA: 10000 M,0,0,0,0,mixto
+8K SAN XOAN POIO - GRAN PREMIO C. C. A BARCA 2014,2014-06-21,PROBA ABSOLUTA. DISTANCIA: 8000 M,0,0,0,0,mixto
10 KILÓMETROS SOLIDARIOS CIUDAD DE PONFERRADA,2014-10-25,10 KILÓMETROS SOLIDARIOS PROYECTO HOMBRE. DISTANCIA: 10000 M,0,0,0,0,mixto
10 KM CIDADE UNIVERSITARIA 2014. VIGO (CUVI),2014-04-27,PROBA ABSOLUTA. DISTANCIA: 10000 M,0,0,0,0,mixto
10 KM LEON CUNA DEL PARLAMENTARISMO,2019-10-20,10 KM (2000 Y ANTERIORES),600,178,0,778,mixto
10 KM LEÓN CUNA DEL PARLAMENTARISMO 2022,2022-10-16,10KM (2004 y anteriores),544,126,0,670,mixto
10 KM LEÓN CUNA DEL PARLAMENTARISMO 2022,2022-10-16,2KM PROMOCION (2005-2010),20,13,0,33,mixto
10 KM LEÓN CUNA DEL PARLAMENTARISMO 2023,2023-10-22,10Km (2005 y anteriores),484,128,0,612,mixto
10 KM LEÓN CUNA DEL PARLAMENTARISMO 2023,2023-10-22,PEQUE LEON (2006-2013),29,31,0,60,mixto
10 KM LEÓN CUNA DEL PARLAMENTARISMO 2024,2024-10-20,10Km (2006 y anteriores),648,215,0,863,mixto
10 KM LEÓN CUNA DEL PARLAMENTARISMO 2024,2024-10-20,PEQUE LEON (2007-2014),38,29,0,67,mixto
10 KM LEÓN CUNA DEL PARLAMENTARISMO 2025,2025-10-19,10Km (2007 y anteriores),767,308,0,1075,mixto
10 KM LEÓN CUNA DEL PARLAMENTARISMO 2025,2025-10-19,PEQUE LEON (2008-2015),31,38,0,69,mixto
10 MARIN MANUEL ROSALES 2013,2013-08-02,ADULTOS. DISTANCIA: 10000 M,0,0,0,0,mixto
10K CARBALLO. IX Carreira Popular 10Km Concello de Carballo 2019,2019-06-16,BENXAMIN/SUB10 (2010-2011),65,45,0,110,mixto
10K CARBALLO. IX Carreira Popular 10Km Concello de Carballo 2019,2019-06-16,CARREIRA ABSOLUTA (2001 E ANOS ANTERIORES),442,98,0,540,mixto
10K CARBALLO. IX Carreira Popular 10Km Concello de Carballo 2019,2019-06-16,CARREIRA ADAPTADA (CADEIRA DE RODAS OU HANDBIKE),1,0,0,1,mixto
10K CARBALLO. IX Carreira Popular 10Km Concello de Carballo 2019,2019-06-16,"INFANTIL/SUB14, ALEVIN/SUB12 (2006 A 2009)",51,50,0,101,mixto
10K CARBALLO. IX Carreira Popular 10Km Concello de Carballo 2019,2019-06-16,"XUVENIL/SUB18, CADETE/SUB16 (2002 A 2005)",13,8,0,21,mixto
10K CARBALLO. VI Carreira Popular Concello de Carballo,2016-06-19,ABSOLUTA EN VEHICULO ADAPATADO,3,0,0,3,mixto
10K CARBALLO. VI Carreira Popular Concello de Carballo,2016-06-19,CARREIRA ABSOLUTA (1998 E ANOS ANTERIORES),743,167,0,910,mixto
10K CARBALLO. VI Carreira Popular Concello de Carballo,2016-06-19,"CARREIRA INFANTIL,ALEVIN (2003 ATA O 2006)",47,42,0,89,mixto
10K CARBALLO. VI Carreira Popular Concello de Carballo,2016-06-19,"CARREIRA XUVENIL, CADETE (1999 ATA 2002)",26,5,0,31,mixto
10K CARBALLO. VI Carreira Popular Concello de Carballo,2016-06-19,EQUIPOS 10K CARBALLO (MÍNIMO 5 COMPOÑENTES),0,0,0,0,mixto
10K CARBALLO. VII Carreira Popular 10Km Concello de Carballo 2017,2017-06-18,ABSOLUTA (1999 E ANOS ANTERIORES),583,105,0,688,mixto
10K CARBALLO. VII Carreira Popular 10Km Concello de Carballo 2017,2017-06-18,ABSOLUTA ADAPTADA EN HANDBIKE OU CADEIRA DE RODAS,1,0,0,1,mixto
10K CARBALLO. VII Carreira Popular 10Km Concello de Carballo 2017,2017-06-18,"BENXAMIN (2008,2009)",42,35,0,77,mixto
10K CARBALLO. VII Carreira Popular 10Km Concello de Carballo 2017,2017-06-18,"INFANTIL (2004,2005), ALEVIN (2006,2007)",47,40,0,87,mixto
10K CARBALLO. VII Carreira Popular 10Km Concello de Carballo 2017,2017-06-18,"XUVENIL (2000,2001), CADETE (2002,2003)",29,4,0,33,mixto
10K CARBALLO. VIII Carreira Popular 10Km Concello de Carballo 2018,2018-06-17,BENXAMIN/SUB10 (2009-2010),38,34,0,72,mixto
10K CARBALLO. VIII Carreira Popular 10Km Concello de Carballo 2018,2018-06-17,CARREIRA ABSOLUTA (2000 E ANOS ANTERIORES),497,83,0,580,mixto
10K CARBALLO. VIII Carreira Popular 10Km Concello de Carballo 2018,2018-06-17,"INFANTIL/SUB14, ALEVIN/SUB12 (2005 A 2008)",49,55,0,104,mixto
10K CARBALLO. VIII Carreira Popular 10Km Concello de Carballo 2018,2018-06-17,"XUVENIL/SUB18, CADETE/SUB16 (2001 A 2004)",13,7,0,20,mixto
10K DE FENE,2014-10-11,PROBA ABSOLUTA. DISTANCIA: 10000 M,0,0,0,0,mixto
10K NOCTURNOS SOLIDARIOS PROYECTO HOMBRE “Ciudad de Ponferrada”,2019-10-12,CARRERA ABSOLUTA (A PARTIR DE 16 AÑOS),98,16,0,114,mixto
10K PARQUE A CANUDA SALVATERRA DE MIÑO E ANDAINA DO RÍO,2015-02-15,10 k,487,84,0,571,mixto
10K SOLIDARIOS PROYECTO HOMBRE CIUDAD DE PONFERRADA 2018,2018-10-27,CARRERA ABSOLUTA (A PARTIR DE 16 AÑOS),137,36,0,173,mixto
10K UNICEF LISBOA,2014-07-06,10000 M,0,0,0,0,mixto
10KM CARBALLO,2015-06-21,ADULTOS 10 KM,706,120,0,826,mixto
10KM CARBALLO,2015-06-21,EQUIPOS 10K CARBALLO,0,0,0,0,mixto
10KM CARBALLO,2015-06-21,INFANTIL - ALEVIN (2002 - 2005),40,42,0,82,mixto
10KM CARBALLO,2015-06-21,XUVENIL -CADETE (1998 - 2001),27,8,0,35,mixto
10KM RUTA DE LA CONSTRUCCION NAVAL FERROL 2013,2013-06-23,ADULTOS. DISTANCIA: 10000 M,0,0,0,0,mixto
10KM VIRGEN DEL CAMINO;Homenaje a Antonino Baños,2013-03-03,ADULTOS. DISTANCIA: 10000 M,0,0,0,0,mixto
10k NO CORAZON CHANTADA,2024-05-18,10Km (2008 e anteriores),66,14,0,80,mixto
10k NO CORAZON CHANTADA,2024-05-18,5Km (2008 e anteriores),26,29,0,55,mixto
10k NO CORAZON CHANTADA,2024-05-18,SUB14 (2011-2012)-SUB16 (2009-2010),11,8,0,19,mixto
10ª TRAVESÍA A NADO VILA DE BAIONA,2019-07-06,ADULTOS E VETERANOS (2002 E ANT.),139,34,0,173,mixto
10ª TRAVESÍA A NADO VILA DE BAIONA,2019-07-06,SUB 12 (2007-2011),25,29,0,54,mixto
10ª TRAVESÍA A NADO VILA DE BAIONA,2019-07-06,SUB 16 (2003-2006),10,11,0,21,mixto
10ª VIGO + 11 CARREIRA POPULAR “Trofeo El Corte Inglés”,2016-10-16,ABSOLUTA (1998 E ANT.),537,103,0,640,mixto
113 SWIM RIDE RUN. TRIATLON MEDIA DISTANCIA SANXENXO 2016,2016-05-08,ABSOLUTA,79,7,0,86,mixto
113 SWIM RIDE RUN. TRIATLON MEDIA DISTANCIA Y OLÍMPICO NO DRAFT SANXENXO 2017,2017-05-21,MEDIA DISTANCIA,91,3,0,94,mixto
113 SWIM RIDE RUN. TRIATLON MEDIA DISTANCIA Y OLÍMPICO NO DRAFT SANXENXO 2017,2017-05-21,OLÍMPICO NO DRAFT,75,10,0,85,mixto
11º TRAIL TERRAS DO MANDEO,2025-01-12,TRAIL CORTO,169,69,0,238,mixto
11º TRAIL TERRAS DO MANDEO,2025-01-12,TRAIL LARGO,80,14,0,94,mixto
12 CARREIRA POPULAR VIGO + 11,2018-11-11,ABSOLUTA (2001 Y AÑOS ANT.),477,93,0,570,mixto
12 CARREIRA POPULAR VIGO + 11,2018-11-11,ABSOLUTA (RUNRUNVIGO),474,92,0,566,mixto
12 HORAS BTT CARBALLO 2018,2018-07-21,EQUIPOS DE 2 MASCULINOS,0,0,0,0,mixto
12 HORAS BTT CARBALLO 2018,2018-07-21,EQUIPOS DE 2 MIXTOS (1 HOMBRE Y 1 MUJER),0,0,0,0,mixto
12 HORAS BTT CARBALLO 2018,2018-07-21,EQUIPOS DE 3 MASCULINOS,0,0,0,0,mixto
12 HORAS BTT CARBALLO 2018,2018-07-21,EQUIPOS DE 4 FEMENINOS,0,0,0,0,mixto
12 HORAS BTT CARBALLO 2018,2018-07-21,EQUIPOS DE 4 MASCULINOS,0,0,0,0,mixto
12 HORAS BTT CARBALLO 2018,2018-07-21,EQUIPOS DE 4 MIXTOS (2 HOMBRES Y 2 MUJERES),0,0,0,0,mixto
12 HORAS BTT CARBALLO 2018,2018-07-21,INDIVIDUAL (18 A 75 AÑOS),0,0,0,0,mixto
12 HORAS BTT CARBALLO 2019,2019-07-20,EQUIPOS DE 2 FEMENINOS,0,0,0,0,mixto
12 HORAS BTT CARBALLO 2019,2019-07-20,EQUIPOS DE 2 MASCULINOS,0,0,0,0,mixto
12 HORAS BTT CARBALLO 2019,2019-07-20,EQUIPOS DE 2 MIXTOS (1 HOMBRE Y 1 MUJER),0,0,0,0,mixto
12 HORAS BTT CARBALLO 2019,2019-07-20,EQUIPOS DE 3 MASCULINOS,0,0,0,0,mixto
12 HORAS BTT CARBALLO 2019,2019-07-20,EQUIPOS DE 4 FEMENINOS,0,0,0,0,mixto
12 HORAS BTT CARBALLO 2019,2019-07-20,EQUIPOS DE 4 MASCULINOS,0,0,0,0,mixto
12 HORAS BTT CARBALLO 2019,2019-07-20,EQUIPOS DE 4 MIXTOS (2 HOMBRES Y 2 MUJERES),0,0,0,0,mixto
12 HORAS BTT CARBALLO 2019,2019-07-20,INDIVIDUAL (18 A 75 AÑOS),0,0,0,0,mixto
12ª SUBIDA AO CASTRO 2018,2018-01-14,ABSOLUTA (RUNRUNVIGO),242,67,0,309,mixto
12ª SUBIDA AO CASTRO 2018,2018-01-14,ABSOLUTA (RUNRUNVIGO) [Compensada],242,67,0,309,mixto
12ª SUBIDA AO CASTRO 2018,2018-01-14,SUBIDA,265,77,0,342,mixto
13 CARREIRA POPULAR VIGO + 11,2019-11-03,Absoluta (2001 e anteriores),298,73,0,371,mixto
13 CARREIRA POPULAR VIGO + 11,2019-11-03,RunRunVigo,296,72,0,368,mixto
13 CROSS POPULAR/CANICROSS CONCELLO BOBORAS,2013-01-20,ALEVÍN E INFANTIL. DISTANCIA: 1500 M,0,0,0,0,mixto
13 CROSS POPULAR/CANICROSS CONCELLO BOBORAS,2013-01-20,BENXAMÍN E PREBENXAMÍN. DISTANCIA: 500 M,0,0,0,0,mixto
13 CROSS POPULAR/CANICROSS CONCELLO BOBORAS,2013-01-20,CADETE E XUVENIL. DISTANCIA: 4500 M,0,0,0,0,mixto
13 CROSS POPULAR/CANICROSS CONCELLO BOBORAS,2013-01-20,CANICROSS CONCELLO DE BOBORÁS. DISTANCIA: 7700 M,0,0,0,0,mixto
13 CROSS POPULAR/CANICROSS CONCELLO BOBORAS,2013-01-20,"XUNIOR, PROMESA, SENIOR E VETERÁNS. DISTANCIA: 7700 M",0,0,0,0,mixto
13º SUBIDA AO CASTRO,2019-01-27,RUNRUNVIGO,312,92,0,404,mixto
13º SUBIDA AO CASTRO,2019-01-27,SUBIDA AO CASTRO,348,106,0,454,mixto
14 TRAVESIA DE NATACION SAN PEDRO,2013-06-29,PLAYA DE PONIENTE A PLAYA L'ARBEYAL. DISTANCIA: 1600 M,0,0,0,0,mixto
14º SUBIDA AO CASTRO,2020-01-26,CARRERA DE 3 KM,387,136,0,523,mixto
14º SUBIDA AO CASTRO,2020-01-26,RUNRUNVIGO 10KM,354,120,0,474,mixto
14º TREITOIR@DA 2017,2017-07-02,MARCHA BTT (Desnivel positivo: 1403 m y negativo: 1370 m),111,8,0,119,mixto
15K A MARIÑA BANCO MEDIOLANUM,2019-06-16,CARREIRA 15 KM (2003 E ANOS ANT.),101,34,0,135,mixto
15K A MARIÑA BANCO MEDIOLANUM (BURELA-FOZ),2018-06-10,CARREIRA 15 KM,137,21,0,158,mixto
15K A MARIÑA BANCO MEDIOLANUM (FOZ - BURELA),2017-10-29,CARREIRA,113,21,0,134,mixto
15K Arousa Norte Banco Mediolanum,2017-06-11,15 K,154,27,0,181,mixto
15K DEL ATLANTICO BANCO MEDIOLANUM,2013-10-06,ADULTOS. DISTANCIA: 15000 M,0,0,0,0,mixto
15K DEL ATLÁNTICO BANCO MEDIOLANUM,2015-10-04,CARREIRA,571,64,0,635,mixto
15K DEL ATLÁNTICO BANCO MEDIOLANUM,2019-09-29,CARREIRA 15K,414,82,0,496,mixto
15K DEL ATLÁNTICO BANCO MEDIOLANUM 2016,2016-10-02,CARREIRA,511,89,0,600,mixto
15K DEL ATLÁNTICO BANCO MEDIOLANUM 2017,2017-10-01,CARREIRA,530,98,0,628,mixto
15K DEL ATLÁNTICO BANCO MEDIOLANUM 2018,2018-10-07,CARREIRA,435,74,0,509,mixto
15K NOCTURNA DE O BARCO (V D3SAFÍO42 OURENSE),2018-05-19,INDIVIDUAL 2,55,7,0,62,mixto
15K NOCTURNA DE OURENSE BANCO MEDIOLANUM 2018,2018-05-05,CARREIRA ABSOLUTA (2002 E ANOS ANT.),196,35,0,231,mixto
15K Ourense Termal Banco Mediolanum (IV D3SAFIO42),2017-05-21,PROBA ABSOLUTA (2001 E ANOS ANTERIORES),173,25,0,198,mixto
15ª TRAVESÍA DE SAN PEDRO - GIJÓN,2014-06-29,15ª TRAVESÍA DE SAN PEDRO. DISTANCIA: 1600 M,0,0,0,0,mixto
15º TREITOIR@DA 2018,2018-07-01,BTT (18 A 75 AÑOS),72,2,0,74,mixto
15º TREITOIR@DA 2018,2018-07-01,BTT EN BICICLETA ELÉCTRICA (18 A 75 AÑOS),1,0,0,1,mixto
15º TREITOIR@DA 2018,2018-07-01,EQUIPOS TREITOIR@DA 2018,0,0,0,0,mixto
16ª TRAVESÍA DE SAN PEDRO (GIJÓN),2015-06-29,TRAVESÍA,93,29,0,122,mixto
17ª TRAVESÍA DE SAN PEDRO (GIJÓN),2016-06-29,TRAVESIA,106,28,0,134,mixto
18 MEDIA MARATON DE VIGO,2015-05-10,MEDIA MARATON INDIVIDUAL,630,65,0,695,mixto
18 MEDIA MARATON DE VIGO,2015-05-10,MEDIA MARATON POR RELEVOS DE 2,58,7,0,65,mixto
18 MEDIA MARATON DE VIGO,2015-05-10,MEDIA MARATON POR RELEVOS DE 4,30,10,0,40,mixto
18 MEDIA MARATON DE VIGO,2015-05-10,"Masculinos, Femeninos y Mixtos",0,0,0,0,mixto
18ª TRAVESÍA DE SAN PEDRO (GIJÓN),2017-07-02,TRAVESÍA,88,30,0,118,mixto
19 MEDIA MARATON DE VIGO,2016-12-04,EQUIPOS 19 MEDIA MARATON DE VIGO,0,0,0,0,mixto
19 MEDIA MARATON DE VIGO,2016-12-04,MEDIA MARATON INDIVIDUAL,344,31,0,375,mixto
19 MEDIA MARATON DE VIGO,2016-12-04,MEDIA MARATON POR RELEVOS DE 2,51,9,0,60,mixto
19 MEDIA MARATON DE VIGO,2016-12-04,MEDIA MARATON POR RELEVOS DE 4,22,3,0,25,mixto
1ª CARREIRA POPULAR CONCELLO DE FISTERRA 2014 10K,2014-10-25,CARREIRA ABSOLUTA (10K). DISTANCIA: 9150 M,0,0,0,0,mixto
1ª CARREIRA POPULAR CONCELLO DE FISTERRA 2014 5K,2014-10-25,CARREIRA ABSOLUTA (5K). DISTANCIA: 5000 M,0,0,0,0,mixto
1ª CARREIRA POPULAR CONCELLO DE FISTERRA 2014 5K,2014-10-25,CARREIRA XUVENIL. DISTANCIA: 5000 M,0,0,0,0,mixto
1ª CARREIRA POPULAR CONCELLO DE FISTERRA 2014 MENORES,2014-10-25,CARREIRA BENXAMIN E ALEVIN. DISTANCIA: 1330 M,0,0,0,0,mixto
1ª CARREIRA POPULAR CONCELLO DE FISTERRA 2014 MENORES,2014-10-25,CARREIRA INFANTIL E CADETE. DISTANCIA: 2670 M,0,0,0,0,mixto
1ª CARRERA POPULAR VIA VERDE DO EO (HOMENAXE TITO MARGARIDE),2018-06-23,10 Km (2004 e anteriores),124,47,0,171,mixto
1ª Carrera Nocturna Gijón 10K,2017-09-23,NOCTURNA GIJON,992,321,0,1313,mixto
"1ª PROBA DA COPA XUNTA DE GALICIA - OPEN ""TROFEO CONCELLO DE LUGO"" MARCHA NÓRDICA",2023-03-12,COPA (Solo federados),27,28,0,55,mixto
"1ª PROBA DA COPA XUNTA DE GALICIA - OPEN ""TROFEO CONCELLO DE LUGO"" MARCHA NÓRDICA",2023-03-12,OPEN (Sin necesidad de estar federados),25,54,0,79,mixto
"1ª PROBA DA COPA XUNTA DE GALICIA - OPEN ""TROFEO CONCELLO DE LUGO"" MARCHA NÓRDICA",2023-03-12,OPEN MENORES,1,3,0,4,mixto
1ª TRAVESIA DEL ESTE. GIJÓN,2014-08-23,PRUEBA DE 1800 M. DISTANCIA: 1800 M,95,25,0,120,mixto
1ª TRAVESIA NOCTURNA DE BEGOÑA,2014-08-16,PRUEBA DE 700 M. DISTANCIA: 700 M,0,0,0,0,mixto
1ª TRAVESIA PLAYAS DE GIJON PLAYA L'ARBEYAL A PLAYA SAN LORENZO,2014-08-03,PRUEBA DE 4.000 M. DISTANCIA: 4000 M,0,0,0,0,mixto
1ª TRAVESÍA LARGA (GIJÓN),2015-09-05,TRAVESÍA,57,10,0,67,mixto
2 EDICION 15K DEL ATLANTICO,2014-10-05,ADULTOS. DISTANCIA: 15000 M,0,0,0,0,mixto
20ª SAN SILVESTRE CLUB FLUVIAL DE LUGO,2014-12-31,SAN SILVESTRE CLUB FLUVIAL. DISTANCIA: 6500 M,0,0,0,0,mixto
21K COSTA DA VELA (CANGAS),2014-09-21,PROBA ABSOLUTA. DISTANCIA: 21080 M,0,0,0,0,mixto
21K COSTA DA VELA 2017,2017-09-17,21KM,435,69,0,504,mixto
21K DE LA COSTA DE SOAVELA,2023-09-17,21Km,198,40,0,238,mixto
21K DE LA COSTA DE SOAVELA,2024-09-22,21Km,198,40,0,238,mixto
21K DE LA COSTA DE SOAVELA,2025-09-21,21Km,198,40,0,238,mixto
21K DE LA COSTA DE SOAVELA,2024-09-22,EQUIPOS 21K COSTA SOAVELA 24,0,0,0,0,mixto
21K DE LA COSTA DE SOAVELA,2025-09-21,EQUIPOS 21K COSTA SOAVELA 25,0,0,0,0,mixto
21k Costa da Vela 2015,2015-09-13,21 KM,299,36,0,335,mixto
21º SAN SILVESTRE CLUB FLUVIAL 2015 (LUGO),2015-12-31,RESTO DE CATEGORÍAS (2000 Y AÑOS ANTERIORES),373,87,0,460,mixto
22º SAN SILVESTRE CLUB FLUVIAL 2016 (LUGO),2016-12-31,ABSOLUTA (2001 E ANTERIORES),405,128,0,533,mixto
22º SAN SILVESTRE CLUB FLUVIAL 2016 (LUGO),2016-12-31,BENJAMIN-ALEVIN (2006-2009),42,27,0,69,mixto
22º SAN SILVESTRE CLUB FLUVIAL 2016 (LUGO),2016-12-31,INFANTIL-CADETE (2002-2005),27,11,0,38,mixto
23º SAN SILVESTRE CLUB FLUVIAL 2017 (LUGO),2017-12-31,ABSOLUTA (2002 E ANTERIORES),388,106,0,494,mixto
23º SAN SILVESTRE CLUB FLUVIAL 2017 (LUGO),2017-12-31,BENJAMIN-ALEVIN (2007-2010),30,26,0,56,mixto
23º SAN SILVESTRE CLUB FLUVIAL 2017 (LUGO),2017-12-31,INFANTIL-CADETE (2003-2006),30,9,0,39,mixto
24 HORAS DE VIGO 2014. EQUIPOS,2014-08-30,EQUIPOS FEMENINOS,0,0,0,0,mixto
24 HORAS DE VIGO 2014. EQUIPOS,2014-08-30,EQUIPOS MASCULINOS,0,0,0,0,mixto
24 HORAS DE VIGO 2014. EQUIPOS,2014-08-30,EQUIPOS MIXTOS,0,0,0,0,mixto
24 HORAS DE VIGO 2014. INDIVIDUAL,2014-08-30,INDIVIDUAL,0,0,0,0,mixto
24º SAN SILVESTRE CLUB FLUVIAL 2018 (LUGO),2018-12-31,ABSOLUTA (2003 Y AÑOS ANTERIORES),418,136,0,554,mixto
24º SAN SILVESTRE CLUB FLUVIAL 2018 (LUGO),2018-12-31,BENJAMIN (2010-2011) Y ALEVIN (2008-2009),22,32,0,54,mixto
24º SAN SILVESTRE CLUB FLUVIAL 2018 (LUGO),2018-12-31,INFANTIL (2006-2007) Y CADETE (2004-2005),29,13,0,42,mixto
25º SAN SILVESTRE CLUB FLUVIAL 2019 (LUGO),2019-12-31,ABSOLUTA (2004 Y AÑOS ANTERIORES),449,136,0,585,mixto
25º SAN SILVESTRE CLUB FLUVIAL 2019 (LUGO),2019-12-31,BENJAMIN (2011-2012) Y ALEVIN (2009-2010),26,16,0,42,mixto
25º SAN SILVESTRE CLUB FLUVIAL 2019 (LUGO),2019-12-31,INFANTIL (2007-2008) Y CADETE (2005-2006),24,21,0,45,mixto
27 KANGAS MOUNTAIN,2014-03-01,PRUEBA ABSOLUTA. DISTANCIA: 29000 M,0,0,0,0,mixto
27 Kangas Mountain - II EDICIÓN,2015-02-28,DISTANCIA 30KM,322,24,0,346,mixto
27º SAN SILVESTRE CLUB FLUVIAL 2021,2021-12-31,Absoluta (2006 y anteriores),211,86,0,297,mixto
27º SAN SILVESTRE CLUB FLUVIAL 2021,2021-12-31,Benjamin (2013-2014)-Alevin (2011-2012),18,16,0,34,mixto
27º SAN SILVESTRE CLUB FLUVIAL 2021,2021-12-31,Infantil (2009-2010) - Cadete (2007-2008),20,19,0,39,mixto
28º SAN SILVESTRE CLUB FLUVIAL 2022,2022-12-31,ABSOLUTA (2006 Y ANTERIORES),382,137,0,519,mixto
28º SAN SILVESTRE CLUB FLUVIAL 2022,2022-12-31,BENJAMIIN - ALEVIN (2011 a 2014),17,33,0,50,mixto
28º SAN SILVESTRE CLUB FLUVIAL 2022,2022-12-31,INFANTIL - CADETE (2007 a 2010),26,23,0,49,mixto
29º SAN SILVESTRE CLUB FLUVIAL 2023,2023-12-31,ABSOLUTA (2007 y anteriores),505,168,0,673,mixto
29º SAN SILVESTRE CLUB FLUVIAL 2023,2023-12-31,BENJAMINN - ALEVIN (2012-2015),30,35,0,65,mixto
29º SAN SILVESTRE CLUB FLUVIAL 2023,2023-12-31,INFANTIL - CADETE (2008-2011),25,22,0,47,mixto
2ª CARREIRA PEDESTRE CONCELLO DE CEE 2015,2015-06-27,10K (1997 E ANTERIORES),117,12,0,129,mixto
2ª CARREIRA PEDESTRE CONCELLO DE CEE 2015,2015-06-27,5K CONTRA O CANCRO (1997 E ANTERIORES),24,12,0,36,mixto
2ª CARREIRA PEDESTRE CONCELLO DE CEE 2015,2015-06-27,BENXAMÍN E ALEVÍN (2004 A 2007),25,29,0,54,mixto
2ª CARREIRA PEDESTRE CONCELLO DE CEE 2015,2015-06-27,INFANTIL E CADETE (2000 A 2003),18,20,0,38,mixto
2ª CARREIRA PEDESTRE CONCELLO DE CEE 2015,2015-06-27,XUVENIL (1998 E 1999),4,4,0,8,mixto
2ª CARRERA POPULAR 10KM OVIEDO - LAS CALDAS VILLA TERMAL,2014-04-27,ADULTOS. DISTANCIA: 10000 M,0,0,0,0,mixto
2ª CARRERA POPULAR GALIEXPO RUNNING. 5K - 10K,2019-02-03,RECORRIDO DE 10 KM,196,46,0,242,mixto
2ª CARRERA POPULAR GALIEXPO RUNNING. 5K - 10K,2019-02-03,RECORRIDO DE 5 KM,46,37,0,83,mixto
2ª CARRERA POR LA DISCAPACIDAD DE ASTURIAS GIJÓN 2016,2016-05-08,CARRERA 5K,236,218,0,454,mixto
2ª EDICION 3 HORAS MONUMENTALES POR RELEVOS DE LUGO 2014,2014-11-09,CLASIFICACION POR VUELTAS 3HORAS DE CARRERA,0,0,0,0,mixto
2ª TRAVESÍA DEL ESTE (GIJÓN),2015-08-23,TRAVESÍA,111,34,0,145,mixto
2ª TRAVESÍA LARGA (GIJON),2016-09-10,TRAVESIA,36,11,0,47,mixto
2ª TRAVESÍA NOCTURNA DE BEGOÑA (GIJÓN),2015-08-15,TRAVESÍA,85,27,0,112,mixto
2ª TRAVESÍA PLAYAS DE GIJÓN,2015-07-18,TRAVESÍA,104,26,0,130,mixto
2º TRIATLÓN POPULAR DE CEDEIRA,2016-07-17,ABSOLUTA,101,17,0,118,mixto
3 HORAS MONUMENTALES POR RELEVOS DE LUGO 2015,2015-09-19,EQUIPO 3 MIXTO,0,0,0,0,mixto
3 HORAS MONUMENTALES POR RELEVOS DE LUGO 2015,2015-09-19,EQUIPOS 3 HOMBRES,0,0,0,0,mixto
3 HORAS MONUMENTALES POR RELEVOS DE LUGO 2015,2015-09-19,EQUIPOS 3 MUJERES,0,0,0,0,mixto
30 CARRERA POPULAR DE NOCHEBUENA (GIJÓN),2017-12-24,CATEGORÍAS MAYORES (2004 Y AÑOS ANTERIORES),1250,682,0,1932,mixto
30 CARRERA POPULAR DE NOCHEBUENA (GIJÓN),2017-12-24,MINI-BENJAMIN (2011 Y POSTERIORES),124,100,0,224,mixto
30 CARRERA POPULAR DE NOCHEBUENA (GIJÓN),2017-12-24,SUB 10 (2009 Y 2010),97,76,0,173,mixto
30 CARRERA POPULAR DE NOCHEBUENA (GIJÓN),2017-12-24,SUB 12 (2007 Y 2008),66,87,0,153,mixto
30 CARRERA POPULAR DE NOCHEBUENA (GIJÓN),2017-12-24,SUB 14 (2005 Y 2006),49,54,0,103,mixto
30ª CARREIRA PEDESTRE POPULAR 'ANDAR E CORRER' 2014,2014-08-17,PROBA ABSOLUTA. DISTANCIA: 10000 M,0,0,0,0,mixto
30ª CARREIRA PEDESTRE POPULAR 'ANDAR E CORRER' 2014. MENORES,2014-08-17,PROBA ALEVIN . DISTANCIA: 1500 M,0,0,0,0,mixto
30ª CARREIRA PEDESTRE POPULAR 'ANDAR E CORRER' 2014. MENORES,2014-08-17,PROBA BENXAMIN . DISTANCIA: 750 M,0,0,0,0,mixto
30ª CARREIRA PEDESTRE POPULAR 'ANDAR E CORRER' 2014. MENORES,2014-08-17,PROBA CHUPETE . DISTANCIA: 80 M,0,0,0,0,mixto
30ª CARREIRA PEDESTRE POPULAR 'ANDAR E CORRER' 2014. MENORES,2014-08-17,PROBA PRE-BENXAMIN . DISTANCIA: 400 M,0,0,0,0,mixto
30º SAN SILVESTRE CLUB FLUVIAL 2024,2024-12-31,ABSOLUTA (2008 y anteriores),486,183,0,669,mixto
30º SAN SILVESTRE CLUB FLUVIAL 2024,2024-12-31,BENJAMIIN - ALEVIN (2013-2016),30,24,0,54,mixto
30º SAN SILVESTRE CLUB FLUVIAL 2024,2024-12-31,INFANTIL - CADETE (2009-2012),19,27,0,46,mixto
31 CARREIRA PEDESTRE POPULAR ANDAR E CORRER'15 - GRAN PREMIO COCA-COLA,2015-08-23,ADULTOS (NACIDOS/AS EN 2002 Y AÑOS ANTERIORES),1030,383,0,1413,mixto
31 CARREIRA PEDESTRE POPULAR ANDAR E CORRER'15 - GRAN PREMIO COCA-COLA,2015-08-23,ALEVIN ( NACIDOS ENTRE 2003 Y 2005),91,0,0,91,mixto
31 CARREIRA PEDESTRE POPULAR ANDAR E CORRER'15 - GRAN PREMIO COCA-COLA,2015-08-23,ALEVIN (NACIDAS ENTRE 2003 Y 2005),0,32,0,32,mixto
31 CARREIRA PEDESTRE POPULAR ANDAR E CORRER'15 - GRAN PREMIO COCA-COLA,2015-08-23,BENJAMIN (NACIDAS ENTRE 2006 Y 2008),0,75,0,75,mixto
31 CARREIRA PEDESTRE POPULAR ANDAR E CORRER'15 - GRAN PREMIO COCA-COLA,2015-08-23,BENJAMIN (NACIDOS ENTRE 2006 Y 2008),100,0,0,100,mixto
31 CARREIRA PEDESTRE POPULAR ANDAR E CORRER'15 - GRAN PREMIO COCA-COLA,2015-08-23,CHUPETE (NACIDAS ENTRE 2011 Y 2012),0,43,0,43,mixto
31 CARREIRA PEDESTRE POPULAR ANDAR E CORRER'15 - GRAN PREMIO COCA-COLA,2015-08-23,CHUPETE (NACIDOS ENTRE 2011 Y 2012),55,0,0,55,mixto
31 CARREIRA PEDESTRE POPULAR ANDAR E CORRER'15 - GRAN PREMIO COCA-COLA,2015-08-23,PRE-BENJAMIN ( NACIDOS ENTRE 2009 Y 2010),63,0,0,63,mixto
31 CARREIRA PEDESTRE POPULAR ANDAR E CORRER'15 - GRAN PREMIO COCA-COLA,2015-08-23,PRE-BENJAMIN (NACIDAS ENTRE 2009 Y 2010),0,38,0,38,mixto
31 CARRERA POPULAR DE NOCHEBUENA (GIJON),2018-12-24,MAYORES (2005 Y AÑOS ANTERIORES),1295,646,0,1941,mixto
31 CARRERA POPULAR DE NOCHEBUENA (GIJON),2018-12-24,MINI BENJAMIN (2012 Y POSTERIORES),138,99,0,237,mixto
31 CARRERA POPULAR DE NOCHEBUENA (GIJON),2018-12-24,SUB 10 (2010 Y 2011),91,80,0,171,mixto
31 CARRERA POPULAR DE NOCHEBUENA (GIJON),2018-12-24,SUB 12 (2008 Y 2009),90,83,0,173,mixto
31 CARRERA POPULAR DE NOCHEBUENA (GIJON),2018-12-24,SUB 14 (2006 Y 2007),55,61,0,116,mixto
31º SAN SILVESTRE CLUB FLUVIAL 2025,2025-12-31,ABSOLUTA (2009 y anteriores),624,236,0,860,mixto
31º SAN SILVESTRE CLUB FLUVIAL 2025,2025-12-31,BENJAMIN (2016-2017) - ALEVIN (2014-2015),33,41,0,74,mixto
31º SAN SILVESTRE CLUB FLUVIAL 2025,2025-12-31,INFANTIL (2012-2013) - CADETE (2010-2011),31,22,0,53,mixto
32 CARRERA POPULAR DE NOCHEBUENA (GIJON),2019-12-24,MAYORES (2005 Y AÑOS ANTERIORES),1329,664,0,1993,mixto
32 CARRERA POPULAR DE NOCHEBUENA (GIJON),2019-12-24,MINI (2012 Y AÑOS POSTERIORES),151,133,0,284,mixto
32 CARRERA POPULAR DE NOCHEBUENA (GIJON),2019-12-24,SUB 10 (2010 Y 2011),90,88,0,178,mixto
32 CARRERA POPULAR DE NOCHEBUENA (GIJON),2019-12-24,SUB 12 (2008 Y 2009),79,79,0,158,mixto
32 CARRERA POPULAR DE NOCHEBUENA (GIJON),2019-12-24,SUB 14 (2006 Y 2007),51,41,0,92,mixto
33 C.P. POPULAR DE SAN MARTIÑO. ADULTOS. LIGA09,2009-11-15,ABSOLUTA,2556,0,0,2556,mixto
34 Carrera Popular de Nochebuena Gijón,2021-12-24,MAYORES (2007 y anteriores),876,424,0,1300,mixto
34 Carrera Popular de Nochebuena Gijón,2021-12-24,MINI (2014 Y POSTERIORES),98,98,0,196,mixto
34 Carrera Popular de Nochebuena Gijón,2021-12-24,SUB 10 (2012 Y 2013),58,73,0,131,mixto
34 Carrera Popular de Nochebuena Gijón,2021-12-24,SUB 12 (2010 Y 2011),60,72,0,132,mixto
34 Carrera Popular de Nochebuena Gijón,2021-12-24,SUB 14 (2008 Y 2009),49,51,0,100,mixto
35 CROSS POPULAR VILLA DE GIJON,2013-11-17,PRUEBA ABSOLUTA. DISTANCIA: 12000 M,0,0,0,0,mixto
36 CROSS POPULAR VILLA DE GIJON,2014-11-23,PRUEBA ABSOLUTA. DISTANCIA: 11500 M,0,0,0,0,mixto
37 CROSS POPULAR VILLA DE GIJÓN,2015-11-29,CARRERA DE MAYORES (1998 Y AÑOS ANTERIORES),1182,274,0,1456,mixto
37 CROSS POPULAR VILLA DE GIJÓN,2015-11-29,Prueba en vehículo adaptado,1,0,0,1,mixto
38 CARREIRA PEDESTRE POPULAR DE SANTIAGO,2015-10-25,ADULTOS (NACIDOS/AS EN 1997 Y AÑOS ANTERIORES),2970,579,0,3549,mixto
38 CARREIRA PEDESTRE POPULAR DE SANTIAGO,2015-10-25,ESCOLARES (NACIDOS/AS ENTRE 1998 Y 2005),825,686,0,1511,mixto
38 Cross Popular Villa de Gijón,2016-11-27,CARRERA DE MAYORES (1999 Y ANTERIORES),1016,229,0,1245,mixto
38 Cross Popular Villa de Gijón,2016-11-27,PRUEBA EN VEHÍCULO ADAPTADO,3,0,0,3,mixto
39 CARREIRA PEDESTRE POPULAR DE SANTIAGO,2016-10-30,ADULTOS (NACIDOS/AS EN 1998 Y AÑOS ANT.),2909,552,0,3461,mixto
39 CARREIRA PEDESTRE POPULAR DE SANTIAGO,2016-10-30,CUADRO DE HONOR,0,0,0,0,mixto
39 CARREIRA PEDESTRE POPULAR DE SANTIAGO,2016-10-30,ESCOLARES ( NACIDOS ENTRE 1999 Y 2006),755,642,0,1397,mixto
39 Cross Popular Villa de Gijón,2017-11-26,CARRERA DE MAYORES (2000 Y ANTERIORES),805,182,0,987,mixto
39 Cross Popular Villa de Gijón,2017-11-26,MINI-BENJAMIN (2011 Y POSTERIORES),50,42,0,92,mixto
39 Cross Popular Villa de Gijón,2017-11-26,SUB 10 (2009 Y 2010),40,37,0,77,mixto
39 Cross Popular Villa de Gijón,2017-11-26,SUB 12 (2007 Y 2008),31,49,0,80,mixto
39 Cross Popular Villa de Gijón,2017-11-26,SUB 14 (2005 Y 2006),29,26,0,55,mixto
39 Cross Popular Villa de Gijón,2017-11-26,SUB16 (2003-2004) Y SUB18 (2001-2002),22,12,0,34,mixto
39 Cross Popular Villa de Gijón,2017-11-26,VEHÍCULO ADAPTADO (2000 Y AÑOS ANTERIORES),3,0,0,3,mixto
3HORAS POR RELEVOS MONUMENTALES DE LUGO,2013-09-29,CLASIFICACION POR VUELTAS 3HORAS DE CARRERA,0,0,0,0,mixto
3ª CARREIRA PEDESTRE CONCELLO DE CEE 2016,2016-06-25,ABSOLUTA 10K (1998 E ANT.),148,15,0,163,mixto
3ª CARREIRA PEDESTRE CONCELLO DE CEE 2016,2016-06-25,ABSOLUTA 3K CONTRA O CANCRO (1998 E ANOS ANTERIORES),32,32,0,64,mixto
3ª CARREIRA PEDESTRE CONCELLO DE CEE 2016,2016-06-25,ALEVÍN (2005-2006),14,19,0,33,mixto
3ª CARREIRA PEDESTRE CONCELLO DE CEE 2016,2016-06-25,BENXAMÍN (2007-2008),14,17,0,31,mixto
3ª CARREIRA PEDESTRE CONCELLO DE CEE 2016,2016-06-25,INFANTIL (2003-2004) CADETE (2001-2002) E XUVENIL (1999-2000),18,23,0,41,mixto
3ª CARREIRA PEDESTRE CONCELLO DE FISTERRA 2016,2016-10-16,10K (1998 E ANTERIORES),127,17,0,144,mixto
3ª CARREIRA PEDESTRE CONCELLO DE FISTERRA 2016,2016-10-16,3K (1998 E ANTERIORES),31,28,0,59,mixto
3ª CARREIRA PEDESTRE CONCELLO DE FISTERRA 2016,2016-10-16,BENXAMIN-ALEVIN (2005-2008),22,30,0,52,mixto
3ª CARREIRA PEDESTRE CONCELLO DE FISTERRA 2016,2016-10-16,INFANTIL-CADETE-XUVENIL (1999-2004),28,36,0,64,mixto
3ª CARREIRA RURAL DE A MEZQUITA,2016-08-13,CARREIRA ADULTOS 10 KM (2000 E ANOS ANTERIORES),37,4,0,41,mixto
3ª CARREIRA RURAL DE A MEZQUITA,2016-08-13,CARREIRA XUVENIL (2001 A 2004),4,4,0,8,mixto
3ª CARRERA POPULAR 10KM OVIEDO - LAS CALDAS VILLA TERMAL,2015-01-25,PRUEBA ABSOLUTA,510,140,0,650,mixto
3ª TRAVESÍA DEL ESTE (GIJÓN),2016-08-06,TRAVESIA,94,25,0,119,mixto
3ª TRAVESÍA LARGA (GIJÓN),2017-09-02,TRAVESÍA,60,20,0,80,mixto
3ª TRAVESÍA NOCTURNA DE BEGOÑA (GIJÓN),2016-08-12,TRAVESIA,78,28,0,106,mixto
3ª TRAVESÍA PLAYAS DE GIJÓN,2016-07-10,TRAVESIA,71,19,0,90,mixto
3º CAMPEONATO NACIONAL OCR - ALLARIZ 2018,2018-11-04,COMPETITIVE AMATEUR,1,0,0,1,mixto
3º CAMPEONATO NACIONAL OCR - ALLARIZ 2018,2018-11-04,COMPETITIVE ELITE,9,0,0,9,mixto
3º CAMPEONATO NACIONAL OCR - ALLARIZ 2018,2018-11-04,COMPETITIVE G. EDAD,5,0,0,5,mixto
3º CAMPEONATO NACIONAL OCR - ALLARIZ 2018,2018-11-04,INTERNACIONAL,47,8,0,55,mixto
3º CAMPEONATO NACIONAL OCR - ALLARIZ 2018,2018-11-04,POPULAR 13 KM,42,12,0,54,mixto
3º CAMPEONATO NACIONAL OCR - ALLARIZ 2018,2018-11-04,POPULAR 6 KM,57,30,0,87,mixto
3º CAMPEONATO NACIONAL OCR - ALLARIZ 2018,2018-11-04,STARTER,5,1,0,6,mixto
40 CARREIRA PEDESTRE POPULAR DE SANTIAGO,2017-10-29,ADULTOS (1999 Y AÑOS ANTERIORES),2542,446,0,2988,mixto
40 CARREIRA PEDESTRE POPULAR DE SANTIAGO,2017-10-29,CUADRO DE HONOR,0,0,0,0,mixto
40 CARREIRA PEDESTRE POPULAR DE SANTIAGO,2017-10-29,Clubes,0,0,0,0,mixto
40 CARREIRA PEDESTRE POPULAR DE SANTIAGO,2017-10-29,Colexios,0,0,0,0,mixto
40 CARREIRA PEDESTRE POPULAR DE SANTIAGO,2017-10-29,ESCOLARES (2000 HASTA 2007),686,534,0,1220,mixto
41 CARREIRA PEDESTRE POPULAR DE SANTIAGO,2018-10-28,ADULTOS (2000 Y AÑOS ANTERIORES),2292,357,0,2649,mixto
41 CARREIRA PEDESTRE POPULAR DE SANTIAGO,2018-10-28,CUADRO DE HONOR,0,0,0,0,mixto
41 CARREIRA PEDESTRE POPULAR DE SANTIAGO,2018-10-28,EQUIPOS CLUBES,0,0,0,0,mixto
41 CARREIRA PEDESTRE POPULAR DE SANTIAGO,2018-10-28,EQUIPOS COLEGIOS,0,0,0,0,mixto
41 CARREIRA PEDESTRE POPULAR DE SANTIAGO,2018-10-28,ESCOLARES (2001 HASTA 2008),610,449,0,1059,mixto
41 Cross Popular Villa de Gijón,2019-11-17,CARRERA DE MAYORES (2001 Y ANTERIORES),572,145,0,717,mixto
41 Cross Popular Villa de Gijón,2019-11-17,MINI,29,26,0,55,mixto
41 Cross Popular Villa de Gijón,2019-11-17,SUB 10,40,27,0,67,mixto
41 Cross Popular Villa de Gijón,2019-11-17,SUB 12,20,39,0,59,mixto
41 Cross Popular Villa de Gijón,2019-11-17,SUB 14,24,22,0,46,mixto
41 Cross Popular Villa de Gijón,2019-11-17,SUB16 Y SUB18,13,7,0,20,mixto
42 CARREIRA PEDESTRE POPULAR DE SANTIAGO,2019-10-27,ADULTOS (2001 Y AÑOS ANTERIORES),1946,348,0,2294,mixto
42 CARREIRA PEDESTRE POPULAR DE SANTIAGO,2019-10-27,CUADRO DE HONOR,0,0,0,0,mixto
42 CARREIRA PEDESTRE POPULAR DE SANTIAGO,2019-10-27,EQUIPOS CLUBES,0,0,0,0,mixto
42 CARREIRA PEDESTRE POPULAR DE SANTIAGO,2019-10-27,EQUIPOS COLEGIOS,0,0,0,0,mixto
42 CARREIRA PEDESTRE POPULAR DE SANTIAGO,2019-10-27,ESCOLARES (2002 HASTA 2009),549,444,0,993,mixto
44 SAN SILVESTRE GIJÓN 2013,2013-12-31,RECORRIDO B. DISTANCIA: 6000 M,0,0,0,0,mixto
45 SAN SILVESTRE GIJON 2014,2014-12-31,RECORRIDO B. DISTANCIA: 6000 M,0,0,0,0,mixto
46 SAN SILVESTRE GIJÓN,2015-12-31,RECORRIDO B (2000 Y AÑOS ANTERIORES),2847,1323,0,4170,mixto
47 SAN SILVESTRE GIJON,2016-12-31,RECORRIDO B (2001 Y AÑOS ANTERIORES),2767,1278,0,4045,mixto
48 SAN SILVESTRE GIJON,2017-12-31,Categoría especial,2,2,0,4,mixto
48 SAN SILVESTRE GIJON,2017-12-31,MINIS (2011 Y POSTERIORES),77,56,0,133,mixto
48 SAN SILVESTRE GIJON,2017-12-31,RECORRIDO B (2002 Y AÑOS ANTERIORES),2484,1150,0,3634,mixto
48 SAN SILVESTRE GIJON,2017-12-31,SUB 10 (2009-2010),118,88,0,206,mixto
48 SAN SILVESTRE GIJON,2017-12-31,SUB 12 (2007-2008),105,96,0,201,mixto
48 SAN SILVESTRE GIJON,2017-12-31,"SUB 14 (2005-2006), SUB 16 (2003-2004)",161,165,0,326,mixto
49 EDP SAN SILVESTRE GIJÓN,2018-12-31,CATEGORÍA ESPECIAL,2,1,0,3,mixto
49 EDP SAN SILVESTRE GIJÓN,2018-12-31,MINIS (2012 Y POSTERIORES),165,128,0,293,mixto
49 EDP SAN SILVESTRE GIJÓN,2018-12-31,RECORRIDO B (2003 Y AÑOS ANTERIORES),2933,1353,0,4286,mixto
49 EDP SAN SILVESTRE GIJÓN,2018-12-31,SUB 10 (2010 Y 2011),151,130,0,281,mixto
49 EDP SAN SILVESTRE GIJÓN,2018-12-31,SUB 12 (2008 Y 2009),137,124,0,261,mixto
49 EDP SAN SILVESTRE GIJÓN,2018-12-31,SUB 14 (2006 Y 2007) Y SUB 16 (2004 Y 2005),225,203,0,428,mixto
4ª CARREIRA RURAL DE A MEZQUITA,2018-08-11,"14,3 KM TRAIL",9,0,0,9,mixto
4ª CARREIRA RURAL DE A MEZQUITA,2018-08-11,"8,5 KM TRAIL",25,3,0,28,mixto
4ª TRAVESÍA NOCTURNA DE BEGOÑA,2017-08-11,TRAVESÍA,72,27,0,99,mixto
4ª TRAVESÍA PLAYAS DE GIJÓN,2017-07-15,TRAVESÍA,102,23,0,125,mixto
4º TRAVESÍA DEL ESTE (GIJÓN),2017-08-26,TRAVESÍA,79,38,0,117,mixto
5+5 CALVARIO (VIGO),2018-01-28,10KM (2002 Y ANTERIORES),380,75,0,455,mixto
5+5 CALVARIO (VIGO),2018-01-28,5 KM,64,42,0,106,mixto
5+5 CALVARIO (VIGO) 2019,2019-02-10,10KM (2003 Y ANTERIORES),367,79,0,446,mixto
5+5 CALVARIO (VIGO) 2019,2019-02-10,5 KM (2003 Y ANTERIORES),66,48,0,114,mixto
5+5 CALVARIO (VIGO) 2020,2020-02-09,10 KM (A PARTIR DE 16 ANOS),528,110,0,638,mixto
5+5 CALVARIO (VIGO) 2020,2020-02-09,5 KM (A PARTIR DE 16 ANOS),120,113,0,233,mixto
5+5 CALVARIO (VIGO) 2020,2020-02-09,RUNRUNVIGO 10KM,523,109,0,632,mixto
5+5 CALVARIO (VIGO) 2020,2020-02-09,RUNRUNVIGO 5KM,117,111,0,228,mixto
50 EDP SAN SILVESTRE GIJÓN,2019-12-31,CATEGORÍA ESPECIAL,3,1,0,4,mixto
50 EDP SAN SILVESTRE GIJÓN,2019-12-31,MINIS (2012 Y POSTERIORES),262,185,0,447,mixto
50 EDP SAN SILVESTRE GIJÓN,2019-12-31,RECORRIDO B (2003 Y AÑOS ANTERIORES),2925,1461,0,4386,mixto
50 EDP SAN SILVESTRE GIJÓN,2019-12-31,SUB 10 (2010 Y 2011),189,166,0,355,mixto
50 EDP SAN SILVESTRE GIJÓN,2019-12-31,SUB 12 (2008 Y 2009),168,156,0,324,mixto
50 EDP SAN SILVESTRE GIJÓN,2019-12-31,SUB 14 (2006 Y 2007) Y SUB 16 (2004 Y 2005),214,198,0,412,mixto
5K BURELA BONITA 2021,2021-07-31,ABSOLUTA (2005 e anteriores),128,49,0,177,mixto
5K BURELA BONITA 2021,2021-07-31,SUB10 (2012-2013),7,7,0,14,mixto
5K BURELA BONITA 2021,2021-07-31,SUB12 (2010-2011),9,6,0,15,mixto
5K BURELA BONITA 2021,2021-07-31,SUB14 (2008-2009),10,4,0,14,mixto
5K BURELA BONITA 2021,2021-07-31,SUB16 (2006-2007),6,4,0,10,mixto
5K LEYMA CORUÑA – ABÓNATE!!,2017-11-12,CARRERA ABSOLUTA (2003 Y AÑOS ANT.),365,126,0,491,mixto
5K LEYMA CORUÑA – ABÓNATE!!,2017-11-12,PANDILLAS 5K LEYMA CORUÑA,0,0,0,0,mixto
5K LEYMA CORUÑA – ABÓNATE!! 2018,2018-10-12,ABSOLUTA,322,134,0,456,mixto
5K LEYMA CORUÑA – ABÓNATE!! 2018,2018-10-12,PANDILLAS 5K LEYMA CORUÑA 2018,0,0,0,0,mixto
5K-10K 1ª CARRERA POPULAR GALIEXPO RUNNING,2018-02-04,RECORRIDO DE 10K,204,41,0,245,mixto
5K-10K 1ª CARRERA POPULAR GALIEXPO RUNNING,2018-02-04,RECORRIDO DE 5K,40,47,0,87,mixto
5KM CAMPO DA CABANA FOZ 2022,2022-07-09,ABSOLUTA,77,27,0,104,mixto
5KM CAMPO DA CABANA FOZ 2022,2022-07-09,ALEVIN (2011-2012),11,8,0,19,mixto
5KM CAMPO DA CABANA FOZ 2022,2022-07-09,BENXAMIN (2013-2014),6,2,0,8,mixto
5KM CAMPO DA CABANA FOZ 2022,2022-07-09,INFANTIL (2009-2010) - CADETE (2007-2008),12,10,0,22,mixto
5ª Carreira Pedestre Concello de Cee,2018-06-23,3K CONTRA O CANCRO (2002 E ANT.),57,58,0,115,mixto
5ª Carreira Pedestre Concello de Cee,2018-06-23,ABSOLUTA 10K (2002 E ANT.),130,28,0,158,mixto
5ª Carreira Pedestre Concello de Cee,2018-06-23,ALEVIN (2007-2008),12,15,0,27,mixto
5ª Carreira Pedestre Concello de Cee,2018-06-23,BENXAMIN (2009-2010),14,11,0,25,mixto
5ª Carreira Pedestre Concello de Cee,2018-06-23,"INFANTIL (05-06), CADETE (03-04) E XUVENIL (01-02)",20,26,0,46,mixto
5º TRAIL TERRAS DO MANDEO,2017-06-10,TRAIL CORTO (DESNIVEL ACUMULADO: 860 M APROX.),227,52,0,279,mixto
5º TRAIL TERRAS DO MANDEO,2017-06-10,TRAIL LARGO (DESNIVEL ACUMULADO: 2000 M APROX.),53,6,0,59,mixto
6 Horas Vila do Corpus 2022 – “Sen Límites” #KmpolaInclusión,2022-07-09,EQUIPOS FEMENINOS,0,0,0,0,mixto
6 Horas Vila do Corpus 2022 – “Sen Límites” #KmpolaInclusión,2022-07-09,EQUIPOS MASCULINOS,0,0,0,0,mixto
6 Horas Vila do Corpus 2022 – “Sen Límites” #KmpolaInclusión,2022-07-09,EQUIPOS MIXTOS,0,0,0,0,mixto
6 Horas Vila do Corpus 2022 – “Sen Límites” #KmpolaInclusión,2022-07-09,INDIVIDUAL,0,0,0,0,mixto
6K CONCELLO DE A VEIGA (V D3SAFÍO42 OURENSE),2018-05-19,INDIVIDUAL,35,7,0,42,mixto
6K SunSet Encoro de Cachamuíña (IV D3SAFIO42),2017-05-20,PROBA ABSOLUTA (2001 E ANOS ANTERIORES),90,24,0,114,mixto
6º TRAIL TERRAS DO MANDEO,2018-09-09,MINI TRAIL,45,35,0,80,mixto
6º TRAIL TERRAS DO MANDEO,2018-09-09,TRAIL CORTO (Desnivel acumulado: 700 m),155,41,0,196,mixto
6º TRAIL TERRAS DO MANDEO,2018-09-09,TRAIL LARGO (Desnivel acumulado: 2500 m),77,12,0,89,mixto
7 TEBAIDA BERCIANA,2014-04-27,ADULTOS. DISTANCIA: 22260 M,0,0,0,0,mixto
7ª SÚBIDA CICLOTURISTA A GROBA 2015,2015-08-22,EQUIPOS SUBIDA CICLOTURISTA A GROBA,0,0,0,0,mixto
7ª SÚBIDA CICLOTURISTA A GROBA 2015,2015-08-22,MARCHA 11KM,142,5,0,147,mixto
7ª TRAVESÍA A NADO VILA DE BAIONA,2016-07-09,ADULTOS (1976 A 1999) Y VETERANOS ( 1975 Y ANTERIORES),179,39,0,218,mixto
7ª TRAVESÍA A NADO VILA DE BAIONA,2016-07-09,EQUIPOS TRAVESÍA VILA DE BAIONA 2016 (MÁXIMO 5 INTEGRANTES),0,0,0,0,mixto
7ª TRAVESÍA A NADO VILA DE BAIONA,2016-07-09,SUB 12 (2004 A 2008),13,9,0,22,mixto
7ª TRAVESÍA A NADO VILA DE BAIONA,2016-07-09,SUB 16 (2000 A 2003),12,5,0,17,mixto
8 KM DE CASTRILLON,2014-12-20,PRUEBA ABSOLUTA. DISTANCIA: 8484 M,0,0,0,0,mixto
8 KM DE CASTRILLON 2013,2013-12-21,PROBA ABSOLUTA. DISTANCIA: 8484 M,0,0,0,0,mixto
8 KM. DE CASTRILLON 2012 (20 CARRERA POPULAR),2012-12-22,Prueba Absoluta. Distancia: 8484 m,0,0,0,0,mixto
80 TRAVESIA A NADO Á ENSEADA DE SAN AMARO,2021-08-29,Travesía 1200m,121,58,0,179,mixto
81 TRAVESIA A NADO Á ENSEADA DE SAN AMARO,2022-08-28,Travesía 1200m,160,79,0,239,mixto
82 TRAVESIA A NADO Á ENSEADA DE SAN AMARO,2023-08-27,TRAVESIA 1200m,205,97,0,302,mixto
84 TRAVESIA A NADO Á ENSEADA DE SAN AMARO,2025-09-21,TRAVESIA 1200m,100,53,0,153,mixto
8K DO LÉREZ 2017 (PONTEVEDRA),2017-02-19,CARREIRA ABSOLUTA (2001 E ANT),251,51,0,302,mixto
8K DO LÉREZ 2017 (PONTEVEDRA),2017-02-19,CATEGORÍA A (PREBENXAMIN) 2010-2012,30,19,0,49,mixto
8K DO LÉREZ 2017 (PONTEVEDRA),2017-02-19,CATEGORÍA B (BENXAMIN) 2008-2009 e C (ALEVIN) 2006-2007,19,8,0,27,mixto
8K DO LÉREZ 2017 (PONTEVEDRA),2017-02-19,CATEGORÍA D (INFANTIL) 2004-2005 e E (CADETE) 2002-2003,16,13,0,29,mixto
8K DO LÉREZ 2017 (PONTEVEDRA),2017-02-19,PANDILLAS 8K LEREZ 2017,0,0,0,0,mixto
8K DO LÉREZ 2018 (PONTEVEDRA),2018-02-04,CARREIRA A (NADOS ENTRE 2009-2012),10,14,0,24,mixto
8K DO LÉREZ 2018 (PONTEVEDRA),2018-02-04,CARREIRA ABSOLUTA 4K (2002 E ANT),13,19,0,32,mixto
8K DO LÉREZ 2018 (PONTEVEDRA),2018-02-04,CARREIRA ABSOLUTA 8K (2002 E ANT),228,37,0,265,mixto
8K DO LÉREZ 2018 (PONTEVEDRA),2018-02-04,CARREIRA B (NADOS ENTRE 2007-2008),5,5,0,10,mixto
8K DO LÉREZ 2018 (PONTEVEDRA),2018-02-04,CARREIRA C (NADOS ENTRE 2003-2006),7,5,0,12,mixto
8KM CASTRILLÓN 2016 (ASTURIAS),2016-12-17,8KM Castrillón,973,358,0,1331,mixto
8KM CASTRILLÓN 2016 (ASTURIAS),2016-12-17,ALEVIN (9 a 10 años),27,25,0,52,mixto
8KM CASTRILLÓN 2016 (ASTURIAS),2016-12-17,BENJAMIN (7 a 8 años),45,51,0,96,mixto
8KM CASTRILLÓN 2016 (ASTURIAS),2016-12-17,INFANTIL (11 a 12 años),23,20,0,43,mixto
8KM CASTRILLÓN 2016 (ASTURIAS),2016-12-17,MINIBENJAMIN (5 a 6 años),56,59,0,115,mixto
8KM CASTRILLÓN 2017 (ASTURIAS),2017-12-16,8KM Castrillón,967,345,0,1312,mixto
8KM CASTRILLÓN 2017 (ASTURIAS),2017-12-16,ALEVIN (9 a 10 años),29,40,0,69,mixto
8KM CASTRILLÓN 2017 (ASTURIAS),2017-12-16,BENJAMIN (7 a 8 años),36,50,0,86,mixto
8KM CASTRILLÓN 2017 (ASTURIAS),2017-12-16,INFANTIL (11 a 12 años),19,23,0,42,mixto
8KM CASTRILLÓN 2017 (ASTURIAS),2017-12-16,MINIBENJAMIN (5 a 6 años),56,43,0,99,mixto
8KM CASTRILLÓN 2018 (ASTURIAS),2018-12-22,8KM CASTRILLÓN,831,334,0,1165,mixto
8KM CASTRILLÓN 2018 (ASTURIAS),2018-12-22,ALEVIN (9 a 10 años),40,55,0,95,mixto
8KM CASTRILLÓN 2018 (ASTURIAS),2018-12-22,BENJAMIN (7 a 8 años),62,62,0,124,mixto
8KM CASTRILLÓN 2018 (ASTURIAS),2018-12-22,INFANTIL (11 a 12 años),24,32,0,56,mixto
8KM CASTRILLÓN 2018 (ASTURIAS),2018-12-22,MINIBENJAMIN (5 a 6 años),59,59,0,118,mixto
8KM CASTRILLÓN 2019 (ASTURIAS),2019-12-21,8KM CASTRILLÓN,829,279,0,1108,mixto
8KM CASTRILLÓN 2019 (ASTURIAS),2019-12-21,ALEVIN (9 a 10 años),40,44,0,84,mixto
8KM CASTRILLÓN 2019 (ASTURIAS),2019-12-21,BENJAMIN (7 a 8 años),52,66,0,118,mixto
8KM CASTRILLÓN 2019 (ASTURIAS),2019-12-21,INFANTIL (11 a 12 años),24,59,0,83,mixto
8KM CASTRILLÓN 2019 (ASTURIAS),2019-12-21,MINIBENJAMIN (5 a 6 años),44,28,0,72,mixto
8KM CASTRILLÓN 2022 (ASTURIAS),2022-12-17,8KM (2009 y anteriores),447,176,0,623,mixto
8KM CASTRILLÓN 2022 (ASTURIAS),2022-12-17,ALEVIN,30,41,0,71,mixto
8KM CASTRILLÓN 2022 (ASTURIAS),2022-12-17,BENJAMIN,46,46,0,92,mixto
8KM CASTRILLÓN 2022 (ASTURIAS),2022-12-17,INFANTIL,23,24,0,47,mixto
8KM CASTRILLÓN 2022 (ASTURIAS),2022-12-17,MINIBENJAMIN,39,33,0,72,mixto
8KM CASTRILLÓN 2023 (ASTURIAS),2023-12-23,8KM (2010 y anteriores),581,218,0,799,mixto
8KM CASTRILLÓN 2023 (ASTURIAS),2023-12-23,ALEVIN,53,41,0,94,mixto
8KM CASTRILLÓN 2023 (ASTURIAS),2023-12-23,BENJAMIN,56,43,0,99,mixto
8KM CASTRILLÓN 2023 (ASTURIAS),2023-12-23,INFANTIL,26,39,0,65,mixto
8KM CASTRILLÓN 2023 (ASTURIAS),2023-12-23,MINIBENJAMIN,38,32,0,70,mixto
8KM CASTRILLÓN 2024 (ASTURIAS),2024-12-21,8KM (2010 y anteriores),647,263,0,910,mixto
8KM CASTRILLÓN 2024 (ASTURIAS),2024-12-21,SUB10,45,38,0,83,mixto
8KM CASTRILLÓN 2024 (ASTURIAS),2024-12-21,SUB12,40,45,0,85,mixto
8KM CASTRILLÓN 2024 (ASTURIAS),2024-12-21,SUB14,10,31,0,41,mixto
8KM CASTRILLÓN 2024 (ASTURIAS),2024-12-21,SUB8,45,41,0,86,mixto
8KM CASTRILLÓN 2025 (ASTURIAS),2025-12-27,8Km (2011 y anteriores),599,274,0,873,mixto
8KM CASTRILLÓN 2025 (ASTURIAS),2025-12-27,SUB10,36,48,0,84,mixto
8KM CASTRILLÓN 2025 (ASTURIAS),2025-12-27,SUB12,35,31,0,66,mixto
8KM CASTRILLÓN 2025 (ASTURIAS),2025-12-27,SUB14,20,13,0,33,mixto
8KM CASTRILLÓN 2025 (ASTURIAS),2025-12-27,SUB8,24,16,0,40,mixto
8km DE CASTRILLÓN 2015 (ASTURIAS),2015-12-19,8km de Castrillón,1066,397,0,1463,mixto
8km DE CASTRILLÓN 2015 (ASTURIAS),2015-12-19,ALEVIN,40,41,0,81,mixto
8km DE CASTRILLÓN 2015 (ASTURIAS),2015-12-19,BENJAMIN,36,31,0,67,mixto
8km DE CASTRILLÓN 2015 (ASTURIAS),2015-12-19,INFANTIL,18,21,0,39,mixto
8km DE CASTRILLÓN 2015 (ASTURIAS),2015-12-19,MINIBENJAMIN,48,40,0,88,mixto
8ª CARREIRA PEDESTRE POPULAR DA COSTA DA MORTE EL CORREO GALLEGO,2014-05-24,PROBA ABSOLUTA. DISTANCIA: 10000 M,0,0,0,0,mixto
8ª CARREIRA PEDESTRE POPULAR DA COSTA DA MORTE EL CORREO GALLEGO,2014-05-24,PROBA XUVENIL - CADETE E INFANTÍS. DISTANCIA: 4000 M,0,0,0,0,mixto
8ª TRAVESÍA A NADO VILA DE BAIONA,2017-07-08,ADULTOS Y VETERANOS (2000 Y ANT.),177,49,0,226,mixto
8ª TRAVESÍA A NADO VILA DE BAIONA,2017-07-08,EQUIPOS TRAVESÍA A NADO BAIONA 2017 (MÁXIMO 5 INTEGRANTES),0,0,0,0,mixto
8ª TRAVESÍA A NADO VILA DE BAIONA,2017-07-08,SUB 12 (2005 A 2009),18,27,0,45,mixto
8ª TRAVESÍA A NADO VILA DE BAIONA,2017-07-08,SUB 16 (2001 A 2004),9,16,0,25,mixto
9 KM POPULARES OVIEDO - LAS CALDAS VILLA TERMAL 2013,2013-04-14,PRUEBA ABSOLUTA. DISTANCIA: 9000 M,0,0,0,0,mixto
9ª CARREIRA PEDESTRE POPULAR COSTA DA MORTE EL CORREO GALLEGO – CONCELLO DA LARACHA,2015-05-10,CATEGORÍAS ALEVIN E BENXAMIN (2004 A 2007),85,62,0,147,mixto
9ª CARREIRA PEDESTRE POPULAR COSTA DA MORTE EL CORREO GALLEGO – CONCELLO DA LARACHA,2015-05-10,"CATEGORÍAS JUNIOR, PROMESA, SENIOR E VETERANOS (1997 E ANTERIORES)",314,77,0,391,mixto
9ª CARREIRA PEDESTRE POPULAR COSTA DA MORTE EL CORREO GALLEGO – CONCELLO DA LARACHA,2015-05-10,"CATEGORÍAS XUVENIL, CADETE E INFANTIL (1998 A 2003)",39,57,0,96,mixto
9ª CORRIDA DO BENFICA - ANTÓNIO LEITÃO 2014,2014-03-30,CORRIDA - 10KM. DISTANCIA: 10000 M,0,0,0,0,mixto
9ª TRAVESÍA A NADO VILA DE BAIONA,2018-07-07,ADULTOS Y VETERANOS (2001 Y ANT.),96,37,0,133,mixto
9ª TRAVESÍA A NADO VILA DE BAIONA,2018-07-07,SUB 12 (2006 - 2010),11,9,0,20,mixto
9ª TRAVESÍA A NADO VILA DE BAIONA,2018-07-07,SUB 16 (2002 - 2005),5,6,0,11,mixto
AGUAS ABIERTAS (AF) CASTRELO DE MIÑO,2024-09-21,General,104,63,0,167,mixto
AMAZONIA RACE NARÓN 2019,2019-09-08,COPA OCRA GALICIA ELITE,39,10,0,49,mixto
AMAZONIA RACE NARÓN 2019,2019-09-08,COPA OCRA GALICIA POPULAR,172,71,0,243,mixto
AMAZONIA RACE NARÓN 2019,2019-09-08,ELITE (NORMATIVA O.S.O),39,10,0,49,mixto
AMAZONIA RACE NARÓN 2019,2019-09-08,EQUIPOS POPULAR,0,0,0,0,mixto
AMAZONIA RACE NARÓN 2019,2019-09-08,LIGA OCRA GALICIA ELITE,39,9,0,48,mixto
AMAZONIA RACE NARÓN 2019,2019-09-08,LIGA OCRA GALICIA POPULAR,169,70,0,239,mixto
AMAZONIA RACE NARÓN 2019,2019-09-08,POPULAR,173,74,0,247,mixto
ANDAINA 25KM INTERNACIONAL FRIOL,2026-06-14,ANDAINA 25KM,0,0,165,165,mixto
ANDAINA 25KM INTERNACIONAL FRIOL,2026-06-14,ANDAINA 8K-16K,27,46,22,95,mixto
ANDAINA 25KM INTERNACIONAL FRIOL,2026-06-14,NORDIC WALKING MOUNTAIN 16K,3,13,6,22,mixto
ANDAINA 25KM INTERNACIONAL FRIOL,2026-06-14,NORDIC WALKING MOUNTAIN 25K,0,0,16,16,mixto
ANDAINA NOIA 2026,2026-02-22,ANDAINA,201,135,0,336,mixto
ANDAINA NOIA 2026,2026-02-22,REGULARIDAD,0,0,0,0,mixto
"BAIONA 14 - 30 CARREIRA PEDESTRE POPULAR ""ANDAR E CORRER""",2014-08-17,"CATEGORIAS INFANTIL, CADETE, JUNIOR Y ADULTOS AÑOS 2001 Y ANTERIORES HOMBRES Y MUJERES",1017,286,0,1303,mixto
BOAMORTE DESAFÍO COUREL: MARATÓN MTB,2015-09-26,MARATÓN MTB,99,1,0,100,mixto
BOMBEROS RACE VIGO 2018,2018-04-15,ELITE,70,6,0,76,mixto
BOMBEROS RACE VIGO 2018,2018-04-15,POPULAR,229,130,0,359,mixto
BOMBEROS RACE VIGO 2019,2019-05-05,COPA OCRA GALICIA ELITE,40,6,0,46,mixto
BOMBEROS RACE VIGO 2019,2019-05-05,COPA OCRA GALICIA POPULAR,315,131,0,446,mixto
BOMBEROS RACE VIGO 2019,2019-05-05,"ELITE (NORMATIVA O.S.O, 2 TANDAS)",40,6,0,46,mixto
BOMBEROS RACE VIGO 2019,2019-05-05,EQUIPOS POPULAR,0,0,0,0,mixto
BOMBEROS RACE VIGO 2019,2019-05-05,LIGA OCRA GALICIA ELITE,40,6,0,46,mixto
BOMBEROS RACE VIGO 2019,2019-05-05,LIGA OCRA GALICIA POPULAR,305,130,0,435,mixto
BOMBEROS RACE VIGO 2019,2019-05-05,POPULAR (TANDAS 11:00 a 13:00),318,131,0,449,mixto
C-TRAIL BOMBEIROS CORUÑA 2022,2022-04-09,TRAIL (DESNIVEL: 750 m+),130,25,0,155,mixto
C-TRAIL BOMBEIROS CORUÑA 2023,2023-04-15,TRAIL (Desnivel 710 m+),122,33,0,155,mixto
C-TRAIL BOMBEIROS CORUÑA 2024,2024-04-13,TRAIL (Desnivel 750 m+),91,21,0,112,mixto
C.C. AS TERMAS,2016-03-13,ADULTOS (2000 Y AÑOS ANTERIORES),447,141,0,588,mixto
C.C. AS TERMAS,2016-03-13,"CATEGORIA ""C"" : 2001 – 2002 - 2003",23,10,0,33,mixto
C.C. AS TERMAS,2016-03-13,CATEGORIA “A” : 2007 – 2008 – 2009,81,95,0,176,mixto
C.C. AS TERMAS,2016-03-13,CATEGORIA “B” : 2004 – 2005 – 2006,40,42,0,82,mixto
CAMPEONATO DE ESPAÑA ABSOLUTO DE MARATON 2013,2013-04-21,CAMPEONATO DE ESPAÑA ABSOLUTO DE MARATON. DISTANCIA: 42195 M,0,0,0,0,mixto
CAMPEONATO DE ESPAÑA CICLISMO ADAPTADO CONTRARRELOJ,2023-05-20,HANDBIKE Y TRICICLES 10 KM,4,2,0,6,mixto
CAMPEONATO DE ESPAÑA CICLISMO ADAPTADO CONTRARRELOJ,2023-05-20,HANDBIKE Y TRICICLES 15 KM,23,0,0,23,mixto
CAMPEONATO DE ESPAÑA CICLISMO ADAPTADO CONTRARRELOJ,2023-05-20,HANDBIKE Y TRICICLES 5 KM,0,3,0,3,mixto
CAMPEONATO DE ESPAÑA CICLISMO ADAPTADO CONTRARRELOJ,2023-05-20,TANDEM Y BICICLETA 10 KM,10,2,0,12,mixto
CAMPEONATO DE ESPAÑA CICLISMO ADAPTADO CONTRARRELOJ,2023-05-20,TANDEM Y BICICLETA 15 KM,7,0,0,7,mixto
CAMPEONATO DE ESPAÑA CICLISMO ADAPTADO CONTRARRELOJ,2023-05-20,TANDEM Y BICICLETA 20 KM,32,0,0,32,mixto
CAMPEONATO DE ESPAÑA CICLISMO ADAPTADO RUTA,2023-05-21,HANDBIKE Y TRICICLES 20 KM,3,4,0,7,mixto
CAMPEONATO DE ESPAÑA CICLISMO ADAPTADO RUTA,2023-05-21,HANDBIKE Y TRICICLES 40 KM,18,0,0,18,mixto
CAMPEONATO DE ESPAÑA CICLISMO ADAPTADO RUTA,2023-05-21,TANDEM Y BICICLETA 20 KM,10,2,0,12,mixto
CAMPEONATO DE ESPAÑA CICLISMO ADAPTADO RUTA,2023-05-21,TANDEM Y BICICLETA 40 KM,9,0,0,9,mixto
CAMPEONATO DE ESPAÑA CICLISMO ADAPTADO RUTA,2023-05-21,TANDEM Y BICICLETA 60 KM,27,0,0,27,mixto
CAMPEONATO DE ESPAÑA VETERANO DE MARATON 2013,2013-04-21,CAMPEONATO DE ESPAÑA VETERANO DE MARATON. DISTANCIA: 42195 M,0,0,0,0,mixto
"CAMPEONATO GALLEGO JUNIOR, PROMESA, ABSOLUTO Y VETERANO DE MARATON 2013",2013-04-21,"CAMPEONATO GALLEGO JUNIOR, PROMESA, ABSOLUTO Y VETERANOS DE MARATON. DISTANCIA: 42195 M",0,0,0,0,mixto
CAMPIONATO GALEGO - CAMPO A TRAVÉS,2019-02-16,ALEVIN (2008-2009),56,0,0,56,mixto
CAMPIONATO GALEGO - CAMPO A TRAVÉS,2019-02-16,ALEVIN FEMININO (2008-2009),0,63,0,63,mixto
CAMPIONATO GALEGO - CAMPO A TRAVÉS,2019-02-16,CADETE (2004-2005),43,0,0,43,mixto
CAMPIONATO GALEGO - CAMPO A TRAVÉS,2019-02-16,CADETE FEMININO (2004-2005),0,50,0,50,mixto
CAMPIONATO GALEGO - CAMPO A TRAVÉS,2019-02-16,EQUIPOS ALEVIN,0,0,0,0,mixto
CAMPIONATO GALEGO - CAMPO A TRAVÉS,2019-02-16,EQUIPOS ALEVIN FEMININO,0,0,0,0,mixto
CAMPIONATO GALEGO - CAMPO A TRAVÉS,2019-02-16,EQUIPOS CADETE,0,0,0,0,mixto
CAMPIONATO GALEGO - CAMPO A TRAVÉS,2019-02-16,EQUIPOS CADETE FEMININO,0,0,0,0,mixto
CAMPIONATO GALEGO - CAMPO A TRAVÉS,2019-02-16,EQUIPOS INFANTIL,0,0,0,0,mixto
CAMPIONATO GALEGO - CAMPO A TRAVÉS,2019-02-16,EQUIPOS INFANTIL FEMININO,0,0,0,0,mixto
CAMPIONATO GALEGO - CAMPO A TRAVÉS,2019-02-16,INFANTIL (2006-2007),53,0,0,53,mixto
CAMPIONATO GALEGO - CAMPO A TRAVÉS,2019-02-16,INFANTIL FEMININO (2006-2007),0,61,0,61,mixto
CAMPIONATO GALEGO 10KM EN RUTA. PADRON (SOLO INSCRITOS POR FEDERACION),2013-03-02,"CAMPIONATO GALEGO ABSOLUTO, JUNIOR, PROMESA E VETERANOS, DE 10 KM EN RUTA . DISTANCIA: 10000 M",0,0,0,0,mixto
CARREIRA 5+5 PONTENOITE 2013. 10 KM,2013-06-15,PROBA DE 10 KM. DISTANCIA: 10000 M,0,0,0,0,mixto
CARREIRA 5+5 PONTENOITE 2013. 5 KM,2013-06-15,PROBA DE 5 KM. DISTANCIA: 5000 M,0,0,0,0,mixto
CARREIRA CARNEIRO O ESPETO 2014 4KM,2014-07-20,INFANTÍS - CADETES. DISTANCIA: 4000 M,0,0,0,0,mixto
CARREIRA CARNEIRO O ESPETO 2014 8KM,2014-07-20,ADULTOS. DISTANCIA: 8000 M,0,0,0,0,mixto
CARREIRA CARNEIRO Ó ESPETO 2013,2013-07-21,XUVENÍS / ABSOLUTA. DISTANCIA: 8000 M,0,0,0,0,mixto
CARREIRA CARNEIRO Ó ESPETO.INFANTÍS E CADETES 2013,2013-07-21,INFANTÍS / CADETES. DISTANCIA: 4000 M,0,0,0,0,mixto
CARREIRA DA CARBALLEIRA (CxOU 2016),2016-10-23,ABSOLUTA ( 2000 E ANT.),226,50,0,276,mixto
CARREIRA DA CARBALLEIRA (CxOU 2016),2016-10-23,BENXAMÍN (2007/2008/2009) E ALEVÍN (2005/2006),30,29,0,59,mixto
CARREIRA DA CARBALLEIRA (CxOU 2016),2016-10-23,INFANTIL (2003/2004) E CADETE (2001/2002),17,9,0,26,mixto
CARREIRA DA CARBALLEIRA (CxOU 2017),2017-10-22,BENXAMIN (2008 / 2009 / 2010) E ALEVÍN (2006 / 2007),35,28,0,63,mixto
CARREIRA DA CARBALLEIRA (CxOU 2017),2017-10-22,INFANTIL (2004 / 2005) E CADETE (2002 / 2003),14,8,0,22,mixto
CARREIRA DA CARBALLEIRA (CxOU 2017),2017-10-22,"XUVENIL,JUNIOR, PROMESA, SENIOR E VETERANOS (2001 E ANOS ANTERIORES)",213,46,0,259,mixto
CARREIRA DA CARBALLEIRA (CxOU 2018),2018-10-21,BENXAMIN-SUB10 (09/10) E ALEVÍN-SUB12 (07/08),27,24,0,51,mixto
CARREIRA DA CARBALLEIRA (CxOU 2018),2018-10-21,CARREIRA ABSOLUTA (2002 E ANOS ANTERIORES),202,40,0,242,mixto
CARREIRA DA CARBALLEIRA (CxOU 2018),2018-10-21,INFANTIL-SUB14 (05/06) E CADETE-SUB16 (03/04),10,12,0,22,mixto
CARREIRA DA CARBALLEIRA (CxOU 2019),2019-10-20,ABSOLUTA (2003 E ANOS ANTERIORES),166,40,0,206,mixto
CARREIRA DA CARBALLEIRA (CxOU 2019),2019-10-20,BENXAMIN-SUB10 (10/11) E ALEVÍN-SUB12 (08/09),24,18,0,42,mixto
CARREIRA DA CARBALLEIRA (CxOU 2019),2019-10-20,INFANTIL-SUB14 (06/07) E CADETE-SUB16 (04/05),10,6,0,16,mixto
CARREIRA DA CARBALLEIRA (CxOU 2023),2023-10-22,ABSOLUTA (2005 e anteriores),193,60,0,253,mixto
CARREIRA DA CARBALLEIRA (CxOU 2023),2023-10-22,SUB10 (2014-2015)-SUB12 (2012-2013),26,17,0,43,mixto
CARREIRA DA CARBALLEIRA (CxOU 2023),2023-10-22,SUB14 (2010-2011)-SUB16 (2008-2009),15,9,0,24,mixto
CARREIRA DA CARBALLEIRA 2013 ADULTOS,2013-10-27,PROBA ABSOLUTA. DISTANCIA: 5700 M,0,0,0,0,mixto
CARREIRA DA CARBALLEIRA 2013 MENORES,2013-10-27,BENXAMIN E ALEVIN. DISTANCIA: 1050 M,0,0,0,0,mixto
CARREIRA DA CARBALLEIRA 2013 MENORES,2013-10-27,INFANTIL E CADETE. DISTANCIA: 1900 M,0,0,0,0,mixto
CARREIRA DA CARBALLEIRA 2015,2015-10-25,BENXAMIIN E ALEVIN (nados dende 2004 ata 2008),31,35,0,66,mixto
CARREIRA DA CARBALLEIRA 2015,2015-10-25,"CARRERA ADULTOS: Xuvenil, Junior, Promesa, Senior e Veteran (1997 e anteriores)",237,52,0,289,mixto
CARREIRA DA CARBALLEIRA 2015,2015-10-25,INFANTIL E CADETE (nados dende 2000 ata 2003),22,8,0,30,mixto
CARREIRA DA PONTE (CxOU 2016),2016-09-24,ABSOLUTA (2000 E ANT.),268,70,0,338,mixto
CARREIRA DA PONTE (CxOU 2016),2016-09-24,BENXAMÍN (2007/2008/2009) E ALEVÍN (2005/2006),22,40,0,62,mixto
CARREIRA DA PONTE (CxOU 2016),2016-09-24,INFANTIL (2003/2004) E CADETE (2001/2002),19,11,0,30,mixto
CARREIRA DA PONTE (CxOU 2017),2017-09-24,BENXAMIN (2008 / 2009 / 2010) E ALEVÍN (2006 / 2007),48,36,0,84,mixto
CARREIRA DA PONTE (CxOU 2017),2017-09-24,INFANTIL (2004 / 2005) E CADETE (2002 / 2003),14,8,0,22,mixto
CARREIRA DA PONTE (CxOU 2017),2017-09-24,"XUVENIL,JUNIOR, PROMESA, SENIOR E VETERANOS (1999 E ANOS ANTERIORES)",275,65,0,340,mixto
CARREIRA DA PONTE (CxOU 2018),2018-09-30,BENXAMIN-SUB10 (09/10) E ALEVÍN-SUB12 (07/08),25,29,0,54,mixto
CARREIRA DA PONTE (CxOU 2018),2018-09-30,CARREIRA ABSOLUTA (2002 E ANOS ANT.),236,57,0,293,mixto
CARREIRA DA PONTE (CxOU 2018),2018-09-30,INFANTIL-SUB14 (05/06) E CADETE-SUB16 (03/04),7,15,0,22,mixto
CARREIRA DA PONTE (CxOU 2019),2019-09-29,ABSOLUTA (2003 E ANOS ANTERIORES),231,65,0,296,mixto
CARREIRA DA PONTE (CxOU 2019),2019-09-29,BENXAMIN-SUB10 (10/11) E ALEVÍN-SUB12 (08/09),30,22,0,52,mixto
CARREIRA DA PONTE (CxOU 2019),2019-09-29,INFANTIL-SUB14 (06/07) E CADETE-SUB16 (04/05),11,7,0,18,mixto
CARREIRA DA PONTE 2015,2015-09-06,BENXAMIIN E ALEVIN (nados dende 2004 ata 2008),39,33,0,72,mixto
CARREIRA DA PONTE 2015,2015-09-06,"CARRERA ADULTOS: Xuvenil, Junior, Promesa, Senior e Veteran (1999 e anteriores)",280,67,0,347,mixto
CARREIRA DA PONTE 2015,2015-09-06,INFANTIL E CADETE (nados dende 2000 ata 2003),19,3,0,22,mixto
CARREIRA DA ZONA UNIVERSITARIA (CxOU 2016),2016-09-04,BENXAMÍN (2007/2008/2009) E ALEVÍN (2005/2006),27,27,0,54,mixto
CARREIRA DA ZONA UNIVERSITARIA (CxOU 2016),2016-09-04,INFANTIL (2003/2004) E CADETE (2001/2002),16,7,0,23,mixto
CARREIRA DA ZONA UNIVERSITARIA (CxOU 2016),2016-09-04,"JUNIOR, PROMESA, SENIOR E VETERANOS (1998 E ANOS ANTERIORES)",231,53,0,284,mixto
CARREIRA DA ZONA UNIVERSITARIA (CxOU 2017),2017-09-03,BENXAMIN (2008 / 2009 / 2010) E ALEVÍN (2006 / 2007),35,26,0,61,mixto
CARREIRA DA ZONA UNIVERSITARIA (CxOU 2017),2017-09-03,INFANTIL (2004 / 2005) E CADETE (2002 / 2003),14,4,0,18,mixto
CARREIRA DA ZONA UNIVERSITARIA (CxOU 2017),2017-09-03,"XUVENIL,JUNIOR, PROMESA, SENIOR E VETERANOS (2001 E ANOS ANTERIORES)",209,55,0,264,mixto
CARREIRA DA ZONA UNIVERSITARIA (CxOU 2018),2018-09-09,BENXAMIN-SUB10 (09/10) E ALEVÍN-SUB12 (07/08),24,24,0,48,mixto
CARREIRA DA ZONA UNIVERSITARIA (CxOU 2018),2018-09-09,INFANTIL-SUB14 (05/06) E CADETE-SUB16 (03/04),9,13,0,22,mixto
CARREIRA DA ZONA UNIVERSITARIA (CxOU 2018),2018-09-09,"JUNIOR-SUB20, PROMESA-SUB23, SENIOR E MASTERS (2000 E ANOS ANTERIORES)",188,37,0,225,mixto
CARREIRA DA ZONA UNIVERSITARIA (CxOU 2019),2019-09-08,ABSOLUTA (2003 E ANOS ANTERIORES),192,52,0,244,mixto
CARREIRA DA ZONA UNIVERSITARIA (CxOU 2019),2019-09-08,BENXAMIN-SUB10 (10/11) E ALEVÍN-SUB12 (08/09),29,18,0,47,mixto
CARREIRA DA ZONA UNIVERSITARIA (CxOU 2019),2019-09-08,INFANTIL-SUB14 (06/07) E CADETE-SUB16 (04/05),7,5,0,12,mixto
CARREIRA DA ZONA UNIVERSITARIA 2015,2015-09-27,BENXAMIIN E ALEVIN (nados dende 2004 ata 2008),31,29,0,60,mixto
CARREIRA DA ZONA UNIVERSITARIA 2015,2015-09-27,"CARRERA ADULTOS:Xuvenil, Junior, Promesa, Senior e Veteran (1999 e anteriores)",268,58,0,326,mixto
CARREIRA DA ZONA UNIVERSITARIA 2015,2015-09-27,INFANTIL E CADETE (nados dende 2000 ata 2003),21,4,0,25,mixto
CARREIRA DE CORPUS 2015,2015-06-28,BENXAMIIN E ALEVIN (nados dende 2004 ata 2008),28,32,0,60,mixto
CARREIRA DE CORPUS 2015,2015-06-28,"CARRERA ADULTOS: Junior, Promesa, Senior e Veteran (1997 e anteriores)",295,67,0,362,mixto
CARREIRA DE CORPUS 2015,2015-06-28,INFANTIL E CADETE (nados dende 2000 ata 2003),22,7,0,29,mixto
CARREIRA DO CENTRO (CxOU 2017),2017-06-25,BENXAMIN (2008 / 2009 / 2010) E ALEVÍN (2006 / 2007),33,29,0,62,mixto
CARREIRA DO CENTRO (CxOU 2017),2017-06-25,INFANTIL (2004 / 2005) E CADETE (2002 / 2003),8,10,0,18,mixto
CARREIRA DO CENTRO (CxOU 2017),2017-06-25,"JUNIOR, PROMESA, SENIOR E VETERANOS (1999 E ANOS ANTERIORES)",265,73,0,338,mixto
CARREIRA DO CENTRO (CxOU 2018),2018-06-24,BENXAMIN-SUB10 (09/10) E ALEVÍN-SUB12 (07/08),20,20,0,40,mixto
CARREIRA DO CENTRO (CxOU 2018),2018-06-24,CARREIRA ABSOLUTA (2002 E ANOS ANTERIORES),267,48,0,315,mixto
CARREIRA DO CENTRO (CxOU 2018),2018-06-24,INFANTIL-SUB14 (05/06) E CADETE-SUB16 (03/04),13,15,0,28,mixto
CARREIRA DO CENTRO (CxOU 2019),2019-06-30,ABSOLUTA (2003 E ANOS ANTERIORES),245,60,0,305,mixto
CARREIRA DO CENTRO (CxOU 2019),2019-06-30,BENXAMIN-SUB10 (10/11) E ALEVÍN-SUB12 (08/09),19,19,0,38,mixto
CARREIRA DO CENTRO (CxOU 2019),2019-06-30,INFANTIL-SUB14 (06/07) E CADETE-SUB16 (04/05),9,6,0,15,mixto
CARREIRA DO CENTRO OU CORPUS (CxOU 2016),2016-06-26,ABSOLUTA (2000 E ANOS ANTERIORES),281,86,0,367,mixto
CARREIRA DO CENTRO OU CORPUS (CxOU 2016),2016-06-26,BENXAMÍN (2007/2008/2009) E ALEVÍN (2005/2006),25,29,0,54,mixto
CARREIRA DO CENTRO OU CORPUS (CxOU 2016),2016-06-26,INFANTIL (2003/2004) E CADETE (2001/2002),27,11,0,38,mixto
CARREIRA DO COUTO (CxOU 2016),2016-05-21,BENXAMÍN (2007/2008/2009) E ALEVÍN (2005/2006),36,34,0,70,mixto
CARREIRA DO COUTO (CxOU 2016),2016-05-21,INFANTIL (2003/2004) E CADETE (2001/2002),24,11,0,35,mixto
CARREIRA DO COUTO (CxOU 2016),2016-05-21,"JUNIOR, PROMESA, SENIOR E VETERANOS (1998 E ANOS ANTERIORES)",314,100,0,414,mixto
CARREIRA DO COUTO (CxOU 2017),2017-05-27,BENXAMIN (2008 / 2009 / 2010) E ALEVÍN (2006 / 2007),46,43,0,89,mixto
CARREIRA DO COUTO (CxOU 2017),2017-05-27,INFANTIL (2004 / 2005) E CADETE (2002 / 2003),17,10,0,27,mixto
CARREIRA DO COUTO (CxOU 2017),2017-05-27,"XUVENIL,JUNIOR, PROMESA, SENIOR E VETERANOS (2001 E ANOS ANTERIORES)",326,113,0,439,mixto
CARREIRA DO COUTO (CxOU 2018),2018-05-26,ABSOLUTA (2002 E ANOS ANTERIORES),269,84,0,353,mixto
CARREIRA DO COUTO (CxOU 2018),2018-05-26,BENXAMIN-SUB10 (09/10) E ALEVÍN-SUB12 (07/08),32,31,0,63,mixto
CARREIRA DO COUTO (CxOU 2018),2018-05-26,INFANTIL-SUB14 (05/06) E CADETE-SUB16 (03/04),14,15,0,29,mixto
CARREIRA DO COUTO (CxOU 2019),2019-05-25,ABSOLUTA (2003 E ANOS ANTERIORES),303,93,0,396,mixto
CARREIRA DO COUTO (CxOU 2019),2019-05-25,BENXAMIN-SUB10 (10/11) E ALEVÍN-SUB12 (08/09),30,28,0,58,mixto
CARREIRA DO COUTO (CxOU 2019),2019-05-25,INFANTIL-SUB14 (06/07) E CADETE-SUB16 (04/05),21,8,0,29,mixto
CARREIRA DO COUTO 2015,2015-05-30,BENXAMIIN E ALEVIN (nados dende 2004 ata 2008),48,43,0,91,mixto
CARREIRA DO COUTO 2015,2015-05-30,"CARRERA ADULTOS: Xuvenil, Junior, Promesa, Senior e Veteran (1999 e anteriores)",332,94,0,426,mixto
CARREIRA DO COUTO 2015,2015-05-30,INFANTIL E CADETE (nados dende 2000 ata 2003),25,8,0,33,mixto
CARREIRA DO VINTEUN (CxOU 2016),2016-04-24,ABSOLUTA (2000 E ANT.),377,116,0,493,mixto
CARREIRA DO VINTEUN (CxOU 2016),2016-04-24,BENXAMÍN (2007/2008/2009) E ALEVÍN (2005/2006),61,74,0,135,mixto
CARREIRA DO VINTEUN (CxOU 2016),2016-04-24,INFANTIL (2003/2004) E CADETE (2001/2002),31,19,0,50,mixto
CARREIRA DO VINTEUN (CxOU 2017),2017-04-23,ABSOLUTA (2000 E ANTERIORES),332,120,0,452,mixto
CARREIRA DO VINTEUN (CxOU 2017),2017-04-23,BENXAMIN (2008 / 2009 / 2010) E ALEVÍN (2006 / 2007),69,51,0,120,mixto
CARREIRA DO VINTEUN (CxOU 2017),2017-04-23,INFANTIL (2004 / 2005) E CADETE (2002 / 2003),21,16,0,37,mixto
CARREIRA DO VINTEUN (CxOU 2018),2018-04-22,ABSOLUTA (2002 E ANOS ANTERIORES),371,93,0,464,mixto
CARREIRA DO VINTEUN (CxOU 2018),2018-04-22,BENXAMIN-SUB10 (09/10) E ALEVÍN-SUB12 (07/08),56,48,0,104,mixto
CARREIRA DO VINTEUN (CxOU 2018),2018-04-22,INFANTIL-SUB14 (05/06) E CADETE-SUB16 (03/04),21,27,0,48,mixto
CARREIRA DO VINTEUN (CxOU 2019),2019-05-05,ABSOLUTA (2003 E ANOS ANTERIORES),274,88,0,362,mixto
CARREIRA DO VINTEUN (CxOU 2019),2019-05-05,BENXAMIN-SUB10 (10/11) E ALEVÍN-SUB12 (08/09),42,26,0,68,mixto
CARREIRA DO VINTEUN (CxOU 2019),2019-05-05,INFANTIL-SUB14 (06/07) E CADETE-SUB16 (04/05),21,11,0,32,mixto
CARREIRA DO VINTEÚN 2015,2015-04-26,BENXAMIIN E ALEVIN (nados dende 2004 ata 2008),67,70,0,137,mixto
CARREIRA DO VINTEÚN 2015,2015-04-26,"CARRERA ADULTOS: Xuvenil, Junior, Promesa, Senior e Veteran (1999 e anteriores)",420,101,0,521,mixto
CARREIRA DO VINTEÚN 2015,2015-04-26,INFANTIL E CADETE (nados dende 2000 ata 2003),22,17,0,39,mixto
CARREIRA NOCTURNA URBANA CONCELLO DE PONTEDEUME,2021-09-06,ABSOLUTA (2005 e anteriores),80,22,0,102,mixto
CARREIRA NOCTURNA URBANA CONCELLO DE PONTEDEUME,2021-09-06,MENORES (2006 E Posteriores),12,5,0,17,mixto
CARREIRA O SAVIÑAO 2012. CIRC LEADER RIB SACRA,2012-08-04,Adultos. Distancia: 8000 m,0,0,0,0,mixto
CARREIRA PEDESTRE BATALLA DE CACHEIRAS 2013,2013-04-14,PROBA ABSOLUTA. DISTANCIA: 11000 M,0,0,0,0,mixto
CARREIRA PEDESTRE COSTA DA MORTE - ECG - MUXÍA,2016-11-27,ALEVIN-BENXAMIN (DENDE 2006 ATA 2009),20,15,0,35,mixto
CARREIRA PEDESTRE COSTA DA MORTE - ECG - MUXÍA,2016-11-27,PROBA ABSOLUTA (1999 E ANTERIORES),104,25,0,129,mixto
CARREIRA PEDESTRE COSTA DA MORTE - ECG - MUXÍA,2016-11-27,"XUVENIL,CADETE,INFANTIL (DENDE 2000 ATA 2005)",13,21,0,34,mixto
CARREIRA PEDESTRE “DEPORTE E VIDA ACTIVA EN SANTA COMBA”,2015-09-19,ABSOLUTA 10K (NADOS/AS EN 1999 E ANOS ANTERIORES),124,18,0,142,mixto
CARREIRA PEDESTRE “DEPORTE E VIDA ACTIVA EN SANTA COMBA”,2015-09-19,ABSOLUTA 5K (NADOS/AS EN 1999 E ANTERIORES),36,19,0,55,mixto
CARREIRA POLA RÍA DO BURGO,2013-06-02,ADULTOS. DISTANCIA: 13720 M,0,0,0,0,mixto
CARREIRA PONLLE FREO PONTEVEDRA 2017,2017-07-01,ABSOLUTA CCCP,191,39,0,230,mixto
CARREIRA PONLLE FREO PONTEVEDRA 2017,2017-07-01,ABSOLUTA CCCP [Compensada],191,39,0,230,mixto
CARREIRA PONLLE FREO PONTEVEDRA 2017,2017-07-01,Absoluta 10K,509,96,0,605,mixto
CARREIRA PONLLE FREO PONTEVEDRA 2017,2017-07-01,Absoluta 5K,112,101,0,213,mixto
CARREIRA PONLLE FREO PONTEVEDRA 2018,2018-06-30,Absoluta 10K,379,66,0,445,mixto
CARREIRA PONLLE FREO PONTEVEDRA 2018,2018-06-30,Absoluta 5K,146,95,0,241,mixto
CARREIRA PONLLE FREO PONTEVEDRA 2019,2019-06-29,Absoluta 10K,458,73,0,531,mixto
CARREIRA PONLLE FREO PONTEVEDRA 2019,2019-06-29,Absoluta 5K,181,130,0,311,mixto
CARREIRA PONLLE FREO PONTEVEDRA 2022,2022-06-18,ABSOLUTA 10K,254,44,0,298,mixto
CARREIRA PONLLE FREO PONTEVEDRA 2022,2022-06-18,ABSOLUTA 5K,116,75,0,191,mixto
CARREIRA POPULAR 30 ANIVERSARIO CONDES DE ALBAREI – PAZO BAIÓN,2018-07-15,ABSOLUTA (2000 E ANTERIORES),148,25,0,173,mixto
CARREIRA POPULAR CONCELLO DE A PASTORIZA,2025-07-13,ABSOLUTA (2009 e anteriores),75,16,0,91,mixto
CARREIRA POPULAR CONCELLO DE A PASTORIZA,2025-07-13,SUB10 (2016-2017)-SUB12 (2014-2015),6,12,0,18,mixto
CARREIRA POPULAR CONCELLO DE A PASTORIZA,2025-07-13,SUB14 (2012-2013)-SUB16 (2010-2011),10,10,0,20,mixto
CARREIRA POPULAR CONCELLO DE BOIMORTO 2012,2012-09-16,PROBA ABSOLUTA. Distancia: 6334 m,0,0,0,0,mixto
CARREIRA POPULAR CONCELLO DE COSPEITO,2025-10-26,ABSOLUTA (2009 e anteriores),65,18,0,83,mixto
CARREIRA POPULAR CONCELLO DE COSPEITO,2025-10-26,SUB10 (2016-2017) - SUB12 (2014-2015),17,15,0,32,mixto
CARREIRA POPULAR CONCELLO DE COSPEITO,2025-10-26,SUB14 (2012-2013) - SUB16 (2010-2011),12,9,0,21,mixto
CARREIRA POPULAR DA FUNDACION CELTA DE VIGO | INVASIÓN CELESTE 2014. PERCORRIDO DE 1K,2014-12-08,PERCORRIDO DE 1K. DISTANCIA: 1000 M,0,0,0,0,mixto
CARREIRA POPULAR DA FUNDACION CELTA DE VIGO | INVASIÓN CELESTE 2014. PERCORRIDO DE 6K,2014-12-08,PERCORRIDO DE 6K. DISTANCIA: 6000 M,0,0,0,0,mixto
CARREIRA POPULAR DE A MERCA 2013,2013-03-03,CARREIRA ABSOLUTA. DISTANCIA: 10000 M,0,0,0,0,mixto
CARREIRA POPULAR DE A MERCA 2013,2013-03-03,CARREIRA DE MENORES. DISTANCIA: 3000 M,0,0,0,0,mixto
CARREIRA POPULAR DE A MERCA 2014 ABSOLUTA,2014-03-09,CARREIRA ABSOLUTA. DISTANCIA: 10000 M,0,0,0,0,mixto
CARREIRA POPULAR DE A MERCA 2014 MENORES,2014-03-09,CARREIRA DE MENORES. DISTANCIA: 3000 M,0,0,0,0,mixto
CARREIRA POPULAR DE A MERCA 2015,2015-05-03,ABSOLUTA,174,17,0,191,mixto
CARREIRA POPULAR DE A MERCA 2015,2015-05-03,MENORES (3000 M),8,5,0,13,mixto
CARREIRA POPULAR DE A MERCA 2016,2016-04-17,ABSOLUTA (2000 E ANTERIORES),118,18,0,136,mixto
CARREIRA POPULAR DE A MERCA 2016,2016-04-17,MENORES (2001 A 2008),8,6,0,14,mixto
CARREIRA POPULAR MONDOÑEDO MONUMENTAL,2018-09-30,ABSOLUTA,84,22,0,106,mixto
CARREIRA POPULAR MONDOÑEDO MONUMENTAL,2018-09-30,SUB-10 MIXTO (2009-2010),13,9,0,22,mixto
CARREIRA POPULAR MONDOÑEDO MONUMENTAL,2018-09-30,SUB-12 MIXTO (2007-2008),7,10,0,17,mixto
CARREIRA POPULAR MONDOÑEDO MONUMENTAL,2018-09-30,SUB-14 y SUB-16 MIXTO (desde 2003 a 2006),11,9,0,20,mixto
CARREIRA POPULAR POLA LINGUA - RAXÓ,2019-05-17,ABSOLUTA (2003 e anteriores),67,18,0,85,mixto
CARREIRA POPULAR POLA LINGUA - RAXÓ,2019-05-17,BENXAMIN/ALEVIN (2008-2011),20,18,0,38,mixto
CARREIRA POPULAR POLA LINGUA - RAXÓ,2019-05-17,INFANTIL/CADETE (2004-2007),13,8,0,21,mixto
CARREIRA POPULAR SAN ROQUE DE LARIN 2023 - ARTEIXO,2023-06-11,CARREIRA (2007 e anteriores),49,13,0,62,mixto
CARREIRA POPULAR SOLIDARIA DE REIS CONCELLO DE BARREIROS 2020,2020-01-05,ALEVÍN (2008 A 2009),6,4,0,10,mixto
CARREIRA POPULAR SOLIDARIA DE REIS CONCELLO DE BARREIROS 2020,2020-01-05,BENXAMÍN (2010 A 2011),11,6,0,17,mixto
CARREIRA POPULAR SOLIDARIA DE REIS CONCELLO DE BARREIROS 2020,2020-01-05,CADETE (2004 A 2005),4,1,0,5,mixto
CARREIRA POPULAR SOLIDARIA DE REIS CONCELLO DE BARREIROS 2020,2020-01-05,CARREIRA ABSOLUTA (2003 E ANTERIORES),98,28,0,126,mixto
CARREIRA POPULAR SOLIDARIA DE REIS CONCELLO DE BARREIROS 2020,2020-01-05,INFANTIL (2006 A 2007),5,6,0,11,mixto
CARREIRA POPULAR TOFFE CONCELLO DE RIANXO,2013-11-01,PROBA ABSOLUTA. DISTANCIA: 10000 M,0,0,0,0,mixto
CARREIRA POPULAR UN MOIO,2015-05-23,ABSOLUTA 12 KM,115,22,0,137,mixto
CARREIRA POPULAR XINZO DE LIMIA 2015,2015-03-01,ADULTOS 10 KM,238,49,0,287,mixto
CARREIRA POPULAR XINZO DE LIMIA 2015,2015-03-01,"BENXAMIN (2006-2007) E ALEVIN (2004-2005) 1,5 KM",17,14,0,31,mixto
CARREIRA POPULAR XINZO DE LIMIA 2015,2015-03-01,"INFANTIL (2002-2003) E CADETE (2000-2001) 2,5 KM",16,8,0,24,mixto
CARREIRA POPULAR XINZO DE LIMIA 2016,2016-04-03,CARREIRA ABSOLUTA (2000 E ANOS ANTERIORES),196,35,0,231,mixto
CARREIRA POPULAR XINZO DE LIMIA 2016,2016-04-03,CARREIRA BENXAMÍN-ALEVÍN (2005 ATA 2008),15,11,0,26,mixto
CARREIRA POPULAR XINZO DE LIMIA 2016,2016-04-03,CARREIRA INFANTIL-CADETE (2001 ATA 2004),16,5,0,21,mixto
CARREIRA POPULAR XINZO DE LIMIA 2016,2016-04-03,CARREIRA POR RELEVOS MULLER-HOME-MULLER (2000 E ANOS ANTERIORES),3,0,0,3,mixto
CARREIRA POPULAR XINZO DE LIMIA 2017,2017-05-14,ABSOLUTA (2001 E ANTERIORES),164,27,0,191,mixto
CARREIRA POPULAR XINZO DE LIMIA 2017,2017-05-14,CARREIRA BENXAMÍN-ALEVÍN (2006 ATA 2009),19,13,0,32,mixto
CARREIRA POPULAR XINZO DE LIMIA 2017,2017-05-14,CARREIRA INFANTIL-CADETE (2002 ATA 2005),13,10,0,23,mixto
CARREIRA POPULAR XINZO DE LIMIA 2018,2018-05-13,ABSOLUTA (2002 E ANTERIORES),157,26,0,183,mixto
CARREIRA POPULAR XINZO DE LIMIA 2018,2018-05-13,CARREIRA BENXAMÍN-ALEVÍN (2007 ATA 2010),19,25,0,44,mixto
CARREIRA POPULAR XINZO DE LIMIA 2018,2018-05-13,CARREIRA INFANTIL-CADETE (2003 ATA 2006),15,7,0,22,mixto
CARREIRA POPULAR “XXX MEMORIAL ADOLFO ROS – VOLTA Á RÍA”,2015-12-13,MEDIA MARATON EN CADEIRA DE RODAS E HANDBIKE,3,0,0,3,mixto
CARREIRA POPULAR “XXX MEMORIAL ADOLFO ROS – VOLTA Á RÍA”,2015-12-13,MEDIO MARATON (MAYORES DE 16 AÑOS),883,79,0,962,mixto
CARREIRA SANTA CRUZ - MONDIGO (RIBADEO) 2016,2016-08-27,ALVEVIN-INFANTIL (2003-2006),9,9,0,18,mixto
CARREIRA SANTA CRUZ - MONDIGO (RIBADEO) 2016,2016-08-27,PITUFOS (2011 Y SIGUIENTES),4,4,0,8,mixto
CARREIRA SANTA CRUZ - MONDIGO (RIBADEO) 2016,2016-08-27,PRE-BENXAMIN E BENXAMIN (2007-2010),12,1,0,13,mixto
CARREIRA SANTA CRUZ - MONDIGO (RIBADEO) 2016,2016-08-27,"RECORRIDO DE 21,5 KM (MAYORES DE 18 AÑOS)",45,6,0,51,mixto
CARREIRA SANTA CRUZ - MONDIGO (RIBADEO) 2016,2016-08-27,"RECORRIDO DE 4,5 KM (2002 Y AÑOS ANTERIORES)",36,14,0,50,mixto
"CARREIRA SOLIDARIA VIRTUAL ""SOMOS UNIDOS POR EL CANCER"" 2021",2021-04-04,Andar,8,18,0,26,mixto
"CARREIRA SOLIDARIA VIRTUAL ""SOMOS UNIDOS POR EL CANCER"" 2021",2021-04-04,Bici,3,1,0,4,mixto
"CARREIRA SOLIDARIA VIRTUAL ""SOMOS UNIDOS POR EL CANCER"" 2021",2021-04-04,Correr,19,9,0,28,mixto
"CARREIRA SOLIDARIA VIRTUAL ""SOMOS UNIDOS POR EL CANCER"" 2021",2021-04-04,HandBike/SillaDeRuedas,1,0,0,1,mixto
CARREIRA “50 ANIVERSARIO A MERCED-AS ACEAS” (SARRIA),2018-05-05,CARREIRA 10K (2002 E ANOS ANTERIORES),68,7,0,75,mixto
CARREIRA “50 ANIVERSARIO A MERCED-AS ACEAS” (SARRIA),2018-05-05,CARREIRA A (2007 A 2010),21,11,0,32,mixto
CARREIRA “50 ANIVERSARIO A MERCED-AS ACEAS” (SARRIA),2018-05-05,CARREIRA B (2003 A 2006),13,13,0,26,mixto
CARREIRA-ANDAINA SOLIDARIA RUTA DO ROMANICO,2018-07-22,"8,4 KM ( a partir de 16 anos)",31,2,0,33,mixto
CARRERA 10 KM PEÑACORADA 2012,2012-11-04,Prueba Absoluta,0,0,0,0,mixto
CARRERA CARREFOUR FERROL,2013-11-17,ADULTOS. DISTANCIA: 10000 M,0,0,0,0,mixto
CARRERA CLUB FLUVIAL DE LUGO,2015-12-06,CARRERA DE MONTAÑA,199,29,0,228,mixto
CARRERA DE EMPRESAS GALICIA 2023 PORRIÑO,2023-10-08,10K INDIVIDUAL,143,29,0,172,mixto
CARRERA DE EMPRESAS GALICIA 2023 PORRIÑO,2023-10-08,10K TODOS,239,43,0,282,mixto
CARRERA DE EMPRESAS GALICIA 2023 PORRIÑO,2023-10-08,5K INDIVIDUAL,65,64,0,129,mixto
CARRERA DE EMPRESAS GALICIA 2023 PORRIÑO,2023-10-08,5K TODOS,161,121,0,282,mixto
CARRERA DE EMPRESAS GALICIA 2023 PORRIÑO,2023-10-08,PORRIÑO 10K CUARTETOS,0,0,0,0,mixto
CARRERA DE EMPRESAS GALICIA 2023 PORRIÑO,2023-10-08,PORRIÑO 10K CUARTETOS MIXTO,0,0,0,0,mixto
CARRERA DE EMPRESAS GALICIA 2023 PORRIÑO,2023-10-08,PORRIÑO 10K PAREJAS,0,0,0,0,mixto
CARRERA DE EMPRESAS GALICIA 2023 PORRIÑO,2023-10-08,PORRIÑO 10K PAREJAS MIXTO,0,0,0,0,mixto
CARRERA DE EMPRESAS GALICIA 2023 PORRIÑO,2023-10-08,PORRIÑO 10K TRIOS,0,0,0,0,mixto
CARRERA DE EMPRESAS GALICIA 2023 PORRIÑO,2023-10-08,PORRIÑO 10K TRIOS MIXTO,0,0,0,0,mixto
CARRERA DE EMPRESAS GALICIA 2023 PORRIÑO,2023-10-08,PORRIÑO 5K CUARTETO,0,0,0,0,mixto
CARRERA DE EMPRESAS GALICIA 2023 PORRIÑO,2023-10-08,PORRIÑO 5K CUARTETO MIXTO,0,0,0,0,mixto
CARRERA DE EMPRESAS GALICIA 2023 PORRIÑO,2023-10-08,PORRIÑO 5K PAREJAS,0,0,0,0,mixto
CARRERA DE EMPRESAS GALICIA 2023 PORRIÑO,2023-10-08,PORRIÑO 5K PAREJAS MIXTO,0,0,0,0,mixto
CARRERA DE EMPRESAS GALICIA 2023 PORRIÑO,2023-10-08,PORRIÑO 5K TRIO,0,0,0,0,mixto
CARRERA DE EMPRESAS GALICIA 2023 PORRIÑO,2023-10-08,PORRIÑO 5K TRIO MIXTO,0,0,0,0,mixto
CARRERA DE MENORES MINI ATLÁNTICA,2015-04-18,ALEVIN (2004/2005),33,78,0,111,mixto
CARRERA DE MENORES MINI ATLÁNTICA,2015-04-18,BENJAMIN (2006/2007),72,81,0,153,mixto
CARRERA DE MENORES MINI ATLÁNTICA,2015-04-18,INFANTIL (2002/2003),26,21,0,47,mixto
CARRERA DE MENORES MINI ATLÁNTICA,2015-04-18,JUVENIL Y CADETE (1998-2001),14,29,0,43,mixto
CARRERA DE VIGO CONTRA EL CÁNCER,2014-10-26,10 KM,442,121,0,563,mixto
CARRERA DE VIGO CONTRA EL CÁNCER,2014-10-26,5 KM,283,589,0,872,mixto
CARRERA DE VIGO CONTRA EL CÁNCER 2016,2016-11-06,RECORRIDO DE 10 KM (MAYORES DE 16 AÑOS),572,168,0,740,mixto
CARRERA DE VIGO CONTRA EL CÁNCER 2016,2016-11-06,VEHICULO ESPECIAL,3,4,0,7,mixto
CARRERA DE VIGO CONTRA EL CÁNCER 2017,2017-10-22,10 KM,620,183,0,803,mixto
CARRERA DE VIGO CONTRA EL CÁNCER 2017,2017-10-22,10 KM EN VEHÍCULO ADAPTADO,9,2,0,11,mixto
CARRERA DE VIGO CONTRA EL CÁNCER 2017,2017-10-22,ABSOLUTA (RUNRUNVIGO),610,183,0,793,mixto
CARRERA DE VIGO CONTRA EL CÁNCER 2018,2018-10-21,10 KM,651,207,0,858,mixto
CARRERA DE VIGO CONTRA EL CÁNCER 2018,2018-10-21,10 KM (RUNRUNVIGO),642,204,0,846,mixto
CARRERA DE VIGO CONTRA EL CÁNCER 2018,2018-10-21,10 KM EN VEHÍCULO ADAPTADO,9,3,0,12,mixto
CARRERA POPULAR DRAGOMAN 2013,2013-11-24,PRUEBA ABSOLUTA. DISTANCIA: 8400 M,0,0,0,0,mixto
CARRERA POPULAR MEDIA MARATON ANCARES 2014,2014-09-07,PRUEBA DE 21.097 M. DISTANCIA: 21097 M,0,0,0,0,mixto
CARRERA POPULAR SIN-SON 10 KM 2012,2012-12-23,Prueba Absoluta. Distancia: 10000 m,0,0,0,0,mixto
CARRERA SOLIDARIA CONTRA EL HAMBRE,2015-04-19,SOLIDARIA,194,141,0,335,mixto
CATOUTE VERTICAL 2014,2014-07-13,PROBA ABSOLUTA. DISTANCIA: 6000 M,0,0,0,0,mixto
CCCP 2014. VII CARREIRA PEDESTRE DE CAMPAÑÓ - GRAN PREMIO HOTEL CAMPANIOLA 2014,2014-09-20,PROBA ABSOLUTA. DISTANCIA: 9650 M,0,0,0,0,mixto
CCCP 2014. VII CARREIRA PEDESTRE DE CAMPAÑÓ - GRAN PREMIO HOTEL CAMPANIOLA 2014,2014-09-20,XUVENIL. DISTANCIA: 3200 M,0,0,0,0,mixto
CCCP 2014. VII CARREIRA PEDESTRE DE CAMPAÑÓ - GRAN PREMIO HOTEL CAMPANIOLA 2014. CCCP,2014-09-20,CCCP 2014. DISTANCIA: 9650 M,0,0,0,0,mixto
CCCP 2014. VII CARREIRA PEDESTRE DE CAMPAÑÓ - GRAN PREMIO HOTEL CAMPANIOLA 2014. COMPENSADA FEMENINA,2014-09-20,CCCP 2014. DISTANCIA: 9650 M,0,0,0,0,mixto
CCCP 2014. VII CARREIRA PEDESTRE DE CAMPAÑÓ - GRAN PREMIO HOTEL CAMPANIOLA 2014. COMPENSADA MASCULINA,2014-09-20,CCCP 2014. DISTANCIA: 9650 M,0,0,0,0,mixto
CHANDREXA TRAIL 2017,2017-06-25,ChT 18 (Desnivel acumulado de unos 1920 m),44,12,0,56,mixto
CHANDREXA TRAIL 2017,2017-06-25,ChT 18 - COPA JUNIOR,1,0,0,1,mixto
CHANDREXA TRAIL 2017,2017-06-25,ChT 34 ( Desnivel Acumulado de unos 4699 m),52,4,0,56,mixto
CHANDREXA TRAIL 2017,2017-06-25,ChT 34 COPA,37,4,0,41,mixto
CHANDREXA TRAIL 2017,2017-06-25,ChT 7.3 (Desnivel Acumulado de unos 906 m),9,4,0,13,mixto
CHANDREXA TRAIL 2017,2017-06-25,ChT 7.3 COPA CADETE,5,1,0,6,mixto
CHANDREXA TRAIL 2018,2018-06-24,COPA GALEGA,46,2,0,48,mixto
CHANDREXA TRAIL 2018,2018-06-24,ChT 18 (Desnivel acumulado de unos 1920 m),49,8,0,57,mixto
CHANDREXA TRAIL 2018,2018-06-24,ChT 34 ( Desnivel Acumulado de unos 4699 m),59,4,0,63,mixto
CHANDREXA TRAIL 2018,2018-06-24,ChT 7.3 (Desnivel Acumulado de unos 906 m),4,1,0,5,mixto
CHANDREXA TRAIL 2019,2019-06-23,CAMPIONATO GALEGO,42,5,0,47,mixto
CHANDREXA TRAIL 2019,2019-06-23,CAMPIONATO GALEGO JUNIOR,3,0,0,3,mixto
CHANDREXA TRAIL 2019,2019-06-23,ChT 18 (Desnivel acumulado de unos 1920 m),61,10,0,71,mixto
CHANDREXA TRAIL 2019,2019-06-23,ChT 34 ( Desnivel Acumulado de unos 4699 m),56,5,0,61,mixto
CHANDREXA TRAIL 2019,2019-06-23,ChT 7.3 (Desnivel Acumulado de unos 906 m),1,0,0,1,mixto
"CIRCUITO DECATHLON, 10600M",2012-12-15,CIRCUITO DECATHLON. Distancia: 10600 m,0,0,0,0,mixto
CLASICA ALVARO PINO 2013,2013-07-07,MARCHA CICLOTURISTA 101 KM. DISTANCIA: 101 KM,0,0,0,0,mixto
CLASICA ALVARO PINO 2013,2013-07-07,MARCHA CICLOTURISTA 132 KM. DISTANCIA: 132 KM,0,0,0,0,mixto
"COESES, CORRENDO POLO RURAL",2023-04-15,ADULTOS (2007 y anteriores),47,34,0,81,mixto
"COESES, CORRENDO POLO RURAL",2023-04-15,SUB12 (2012-2013)-SUB10 (2014-2015),10,5,0,15,mixto
"COESES, CORRENDO POLO RURAL",2023-04-15,SUB16 (2008-2009)-SUB14 (2010-2011),3,5,0,8,mixto
CONTRARRELOXO TRAIL-BTT PENEDwOMAN VIVEIRO,2017-10-07,CONTRARRELOXO BTT INDIVIDUAL,19,1,0,20,mixto
CONTRARRELOXO TRAIL-BTT PENEDwOMAN VIVEIRO,2017-10-07,CONTRARRELOXO TRAIL INDIVIDUAL,22,7,0,29,mixto
CONTRARRELOXO TRAIL-BTT PENEDwOMAN VIVEIRO,2017-10-07,CONTRARRELOXO TRAIL-BTT PENEDwOMAN VIVEIRO - DUO,0,0,0,0,mixto
CONTRARRELOXO TRAIL-BTT PENEDwOMAN VIVEIRO,2017-10-07,CONTRARRELOXO TRAIL-BTT PENEDwOMAN VIVEIRO - DUO MIXTO,0,0,0,0,mixto
COPA GALLEGA DE MONTAÑA (SOLO FEDERADOS): MONTES DE VIVEIRO 2012,2012-09-30,COPA GALLEGA DE MONTAÑA (SOLO FEDERADOS): MONTES DE VIVEIRO 2012,0,0,0,0,mixto
CORRE CON NOS - GRAN PREMIO LARSA 2022,2022-06-26,ABSOLUTA (2006 e anteriores),113,41,0,154,mixto
CORRE CON NOS - GRAN PREMIO LARSA 2022,2022-06-26,SUB10/SUB12 (2011-2014),16,20,0,36,mixto
CORRE CON NOS - GRAN PREMIO LARSA 2022,2022-06-26,SUB14/SUB16 (2007-2010),6,5,0,11,mixto
"CORRE CON NOS FEIRA EXPOSICIONS, ADULTOS",2014-05-10,ADULTOS. DISTANCIA: 5850 M,0,0,0,0,mixto
"CORRE CON NOS FEIRA EXPOSICIONS, NENOS",2014-05-10,CATEGORIA A. DISTANCIA: 800 M,0,0,0,0,mixto
"CORRE CON NOS FEIRA EXPOSICIONS, NENOS",2014-05-10,CATEGORIA B. DISTANCIA: 1600 M,0,0,0,0,mixto
"CORRE CON NOS FEIRA EXPOSICIONS, NENOS",2014-05-10,CATEGORIA C. DISTANCIA: 1850 M,0,0,0,0,mixto
CORRE CON NOS PISTAS ADULTOS,2013-11-24,ADULTOS. DISTANCIA: 4900 M,0,0,0,0,mixto
"CORRE CON NOS PISTAS CATEGORIAS A,B Y C",2013-11-24,CATEGORIA A. DISTANCIA: 800 M,0,0,0,0,mixto
"CORRE CON NOS PISTAS CATEGORIAS A,B Y C",2013-11-24,CATEGORIA B. DISTANCIA: 1700 M,0,0,0,0,mixto
"CORRE CON NOS PISTAS CATEGORIAS A,B Y C",2013-11-24,CATEGORIA C. DISTANCIA: 2600 M,0,0,0,0,mixto
CORRE CON NOS XII+I - AS TERMAS,2013-04-14,AS TERMAS. DISTANCIA: 5650 M,0,0,0,0,mixto
CORRE CON NOS XII+I - Montirón San Fiz,2013-03-10,SAN FIZ. DISTANCIA: 5100 M,0,0,0,0,mixto
CORRE CON NOS XII+I - PARADAI,2013-02-17,PARQUE PARADAI. DISTANCIA: 4200 M,0,0,0,0,mixto
CORRE CON NOS XII+I - RECINTO FEIRAL,2013-05-11,RECINTO FEIRAL. DISTANCIA: 5850 M,0,0,0,0,mixto
CORRE CON NOS XII+I AS GANDARAS 5300M,2012-12-15,ADULTOS - CCNOS AS GANDARAS. Distancia: 5300 m,0,0,0,0,mixto
CORRE CON NOS XII+I NOCTURNA MONUMENTAL,2013-02-02,ADULTOS NOCTURNA MONUMENTAL. DISTANCIA: 4000 M,0,0,0,0,mixto
CORRE CON NOS XII+I PISTAS G. PÉREZ RIVERA 4900M,2012-11-25,ADULTOS,0,0,0,0,mixto
CORRE CON NOS. BARRIO SANFIZ,2015-02-01,ADULTOS (1999 Y ANTERIORES),479,166,0,645,mixto
CORRE CON NOS. BARRIO SANFIZ,2015-02-01,CATEGORIA B (2003-2004-2005),42,26,0,68,mixto
CORRE CON NOS. BARRIO SANFIZ,2015-02-01,CATEGORÍA A (2006-2007-2008),63,59,0,122,mixto
CORRE CON NOS. BARRIO SANFIZ,2015-02-01,CATEGORÍA C (2000-2001-2002),15,7,0,22,mixto
CORRE CON NOS. C.C. AS TERMAS,2015-03-08,ADULTOS (1999 Y ANTERIORES),472,185,0,657,mixto
CORRE CON NOS. C.C. AS TERMAS,2015-03-08,CATEGORIA B (2003-2004-2005),60,46,0,106,mixto
CORRE CON NOS. C.C. AS TERMAS,2015-03-08,CATEGORÍA A (2006-2007-2008),105,106,0,211,mixto
CORRE CON NOS. C.C. AS TERMAS,2015-03-08,CATEGORÍA C (2000-2001-2002),34,20,0,54,mixto
CORRE CON NOS. NOCTURNA MONUMENTAL,2015-01-17,ADULTOS (1999 Y ANTERIORES),676,253,0,929,mixto
CORRE CON NOS. NOCTURNA MONUMENTAL,2015-01-17,CATEGORIA B (2003-2004-2005),60,42,0,102,mixto
CORRE CON NOS. NOCTURNA MONUMENTAL,2015-01-17,CATEGORÍA A (2006-2007-2008),94,99,0,193,mixto
CORRE CON NOS. NOCTURNA MONUMENTAL,2015-01-17,CATEGORÍA C (2000-2001-2002),25,12,0,37,mixto
CORRE CON NOS. PARQUE DE FRIGSA (FINAL ADULTOS),2015-06-07,ADULTOS (1999 Y ANTERIORES),431,149,0,580,mixto
CORRE CON NOS. PASEO OMBREIRO (SAAMASAS-ANXO CARRO),2015-04-12,ADULTOS (1999 Y ANTERIORES),469,174,0,643,mixto
CORRE CON NOS. PASEO OMBREIRO (SAAMASAS-ANXO CARRO),2015-04-12,CATEGORIA B (2003-2004-2005),57,42,0,99,mixto
CORRE CON NOS. PASEO OMBREIRO (SAAMASAS-ANXO CARRO),2015-04-12,CATEGORÍA A (2006-2007-2008),98,108,0,206,mixto
CORRE CON NOS. PASEO OMBREIRO (SAAMASAS-ANXO CARRO),2015-04-12,CATEGORÍA C (2000-2001-2002),26,15,0,41,mixto
CORRE CON NOS. RECINTO FEIRAL,2015-05-16,ADULTOS (1999 Y ANTERIORES),412,129,0,541,mixto
CORRE CON NOS. RECINTO FEIRAL,2015-05-16,CATEGORIA B (2003-2004-2005),29,29,0,58,mixto
CORRE CON NOS. RECINTO FEIRAL,2015-05-16,CATEGORÍA A (2006-2007-2008),70,60,0,130,mixto
CORRE CON NOS. RECINTO FEIRAL,2015-05-16,CATEGORÍA C (2000-2001-2002),16,7,0,23,mixto
CORRE CON NÓS CC AS TERMAS,2026-02-22,ADULTOS (2010 e anteriores),454,235,0,689,mixto
CORRE CON NÓS CC AS TERMAS,2026-02-22,SUB10 (2017-2018)-SUB12 (2015-2016),79,104,0,183,mixto
CORRE CON NÓS CC AS TERMAS,2026-02-22,SUB14 (2013-2014)-SUB16 (2011-2012),31,31,0,62,mixto
CORRE CON NÓS Corre con Elas,2026-03-22,ADULTOS (2010 e anteriores),338,184,0,522,mixto
CORRE CON NÓS Corre con Elas,2026-03-22,SUB10 (2017-2018)-SUB12 (2015-2016),39,30,0,69,mixto
CORRE CON NÓS Corre con Elas,2026-03-22,SUB14 (2013-2014)-SUB16 (2011-2012),11,22,0,33,mixto
CORRENDO POLA VIA KÜNIG,2023-07-09,CARRERA (18 anos cumplidos),66,19,0,85,mixto
CORRESAN CENTRO COMERCIAL COMPOSTELA,2012-09-29,CORRESAN CENTRO COMERCIAL COMPOSTELA,0,0,0,0,mixto
CORRIDA ATLANTICA COMPORTA - TROIA,2014-07-27,CORRIDA ATLANTICA COMPORTA - TROIA. DISTANCIA: 15000 M,0,0,0,0,mixto
CORUÑA CORRE 2014-2015. III CARRERA POPULAR LOS ROSALES 2014,2014-10-19,PRUEBA ABSOLUTA. DISTANCIA: 6465 M,0,0,0,0,mixto
CORUÑA CORRE 2014-2015. III CARRERA POPULAR LOS ROSALES 2014. MENORES,2014-10-19,ALEVIN . DISTANCIA: 620 M,0,0,0,0,mixto
CORUÑA CORRE 2014-2015. III CARRERA POPULAR LOS ROSALES 2014. MENORES,2014-10-19,BENJAMIN . DISTANCIA: 620 M,0,0,0,0,mixto
CORUÑA CORRE 2014-2015. III CARRERA POPULAR LOS ROSALES 2014. MENORES,2014-10-19,CADETE. DISTANCIA: 2490 M,0,0,0,0,mixto
CORUÑA CORRE 2014-2015. III CARRERA POPULAR LOS ROSALES 2014. MENORES,2014-10-19,INFANTIL . DISTANCIA: 1245 M,0,0,0,0,mixto
CORUÑA CORRE 2014-2015. III CARRERA POPULAR LOS ROSALES 2014. MENORES,2014-10-19,JUVENIL. DISTANCIA: 2490 M,0,0,0,0,mixto
CORUÑA CORRE 2014-2015. IV CARRERA POPULAR NOVO MESOIRO - MEMORIAL IVAN ROCHA FREIRE 2014. MENORES,2014-11-02,ALEVIN . DISTANCIA: 800 M,0,0,0,0,mixto
CORUÑA CORRE 2014-2015. IV CARRERA POPULAR NOVO MESOIRO - MEMORIAL IVAN ROCHA FREIRE 2014. MENORES,2014-11-02,BENJAMIN . DISTANCIA: 800 M,0,0,0,0,mixto
CORUÑA CORRE 2014-2015. IV CARRERA POPULAR NOVO MESOIRO - MEMORIAL IVAN ROCHA FREIRE 2014. MENORES,2014-11-02,INFANTIL . DISTANCIA: 1600 M,0,0,0,0,mixto
CORUÑA CORRE 2014-2015. IV CARRERA POPULAR NOVO MESOIRO - MEMORIAL IVAN ROCHA FREIRE 2014. MENORES,2014-11-02,JUVENIL Y CADETE. DISTANCIA: 2325 M,0,0,0,0,mixto
CRONO ESCALADA MONTE CASTELO,2024-12-22,BICICLETAS (500+ 8% pendiente media),19,3,0,22,mixto
CRONO ESCALADA MONTE CASTELO,2025-12-21,BICICLETAS ASCENSO,16,1,0,17,mixto
CRONO ESCALADA MONTE CASTELO,2025-12-21,BICICLETAS DESCENSO,0,0,0,0,mixto
CRONO ESCALADA MONTE CASTELO,2024-12-22,CORREDORES (500+ 20% pendiente media),42,18,0,60,mixto
CRONO ESCALADA MONTE CASTELO,2025-12-21,CORREDORES (500+ 20% pendiente media),42,18,0,60,mixto
CROSS POSEIDON RACE ACEM,2025-05-31,CROSS,1,4,0,5,mixto
CTO. GALEGO DE AUGAS ABERTAS - ETAPA FINAL PONTEAREAS 2022,2022-09-17,ALEVIN,5,11,0,16,mixto
CTO. GALEGO DE AUGAS ABERTAS - ETAPA FINAL PONTEAREAS 2022,2022-09-17,CLASIFICACIÓN EQUIPOS DEPORTISTAS,0,0,0,0,mixto
CTO. GALEGO DE AUGAS ABERTAS - ETAPA FINAL PONTEAREAS 2022,2022-09-17,CLASIFICACIÓN EQUIPOS MASTER,0,0,0,0,mixto
CTO. GALEGO DE AUGAS ABERTAS - ETAPA FINAL PONTEAREAS 2022,2022-09-17,DEPORTISTA 2500M,20,23,0,43,mixto
CTO. GALEGO DE AUGAS ABERTAS - ETAPA FINAL PONTEAREAS 2022,2022-09-17,MASTER 2500M,24,16,0,40,mixto
CTO. GALEGO DE AUGAS ABERTAS - PONTEAREAS 2022,2022-06-04,1250M ALEVIN,12,16,0,28,mixto
CTO. GALEGO DE AUGAS ABERTAS - PONTEAREAS 2022,2022-06-04,2500M MASTER,66,31,0,97,mixto
CTO. GALEGO DE AUGAS ABERTAS - PONTEAREAS 2022,2022-06-04,"5000M DEPORTISTA (INF,JUN1,JUN2,SEN)",40,28,0,68,mixto
CXOU CARREIRA DA CARBALLEIRA,2014-10-26,PROBA ABSOLUTA. DISTANCIA: 5700 M,0,0,0,0,mixto
CXOU CARREIRA DA CARBALLEIRA MENORES,2014-10-26,BENXAMIN E ALEVIN. DISTANCIA: 1050 M,0,0,0,0,mixto
CXOU CARREIRA DA CARBALLEIRA MENORES,2014-10-26,INFANTIL E CADETE. DISTANCIA: 1900 M,0,0,0,0,mixto
CXOU CARREIRA DA ZONA UNIVERSITARIA,2014-09-28,PROBA ABSOLUTA. DISTANCIA: 6400 M,0,0,0,0,mixto
CXOU CARREIRA DA ZONA UNIVERSITARIA MENORES,2014-09-28,BENXAMIN E ALEVIN. DISTANCIA: 1000 M,0,0,0,0,mixto
CXOU CARREIRA DA ZONA UNIVERSITARIA MENORES,2014-09-28,INFANTIL E CADETE. DISTANCIA: 3200 M,0,0,0,0,mixto
Campionato Galego de Dúatlón - Naron,2020-12-20,Feminino,0,0,0,0,mixto
Campionato Galego de Dúatlón - Naron,2020-12-20,General,0,0,0,0,mixto
Campionato Galego de Tríatlon Contra o reloxo - Vilagarcía,2017-05-14,Absoluta,96,33,0,129,mixto
Campionato Galego de Tríatlon Contra o reloxo - Vilagarcía,2017-05-14,Absoluta Open,88,0,0,88,mixto
Campionato Galego de Tríatlon Contra o reloxo - Vilagarcía,2017-05-14,Escolar,48,14,0,62,mixto
Campionato Galego de Tríatlon Contra o reloxo - Vilagarcía 2018,2018-05-13,Equipos Absoluta,0,0,0,0,mixto
Campionato Galego de Tríatlon Contra o reloxo - Vilagarcía 2018,2018-05-13,Escolar,0,0,0,0,mixto
Campionato Galego de Tríatlon Contra o reloxo - Vilagarcía 2018,2018-05-13,Open,0,0,0,0,mixto
Campionato Galego de Tríatlon Contra o reloxo - Vilagarcía 2019,2019-05-12,Absoluta,0,0,0,0,mixto
Campionato Galego de Tríatlon Contra o reloxo - Vilagarcía 2019,2019-05-12,Open,0,0,0,0,mixto
Campionato Galego de Tríatlon Contra o reloxo - Vilagarcía 2022,2022-09-25,Cto Galego,19,6,0,25,mixto
Campionato Galego de Tríatlon Contra o reloxo - Vilagarcía 2022,2022-09-25,Escolar,7,3,0,10,mixto
Campionato Galego de Tríatlon Contra o reloxo - Vilagarcía 2022,2022-09-25,Open,19,2,0,21,mixto
Campionato Galego de Tríatlon Contra o reloxo - Vilagarcía 2023,2023-05-07,Cto Galego,19,6,0,25,mixto
Campionato Galego de Tríatlon Contra o reloxo - Vilagarcía 2023,2023-05-07,Escolar,11,9,0,20,mixto
Campionato Galego de Tríatlon Contra o reloxo - Vilagarcía 2024,2024-09-29,Cto Galego,11,1,0,12,mixto
Campionato Galego de Tríatlon Contra o reloxo - Vilagarcía 2024,2024-09-29,Escolar,8,8,0,16,mixto
Campionato Galego de Tríatlon Contra o reloxo - Vilagarcía 2024,2024-09-29,Open,9,2,0,11,mixto
Carreira Contra o Cancro 5km Monforte,2022-10-02,ABSOLUTA,44,34,0,78,mixto
Carreira Pedestre Santiaguiño do Burgo,2015-07-25,ABSOLUTA CCCP,216,40,0,256,mixto
Carreira Pedestre Santiaguiño do Burgo,2015-07-25,ABSOLUTA CCCP [Compensada],216,40,0,256,mixto
Carreira Pedestre Santiaguiño do Burgo,2015-07-25,PROBA ABSOLUTA,389,103,0,492,mixto
Carreira Pedestre Santiaguiño do Burgo 2016,2016-07-25,ABSOLUTA,287,70,0,357,mixto
Carreira Pedestre Santiaguiño do Burgo 2016,2016-07-25,ABSOLUTA CCCP,179,38,0,217,mixto
Carreira Pedestre Santiaguiño do Burgo 2016,2016-07-25,ABSOLUTA CCCP [Compensada],179,38,0,217,mixto
Carreira Pedestre Santiaguiño do Burgo 2017,2017-07-25,ABSOLUTA CCCP,197,42,0,239,mixto
Carreira Pedestre Santiaguiño do Burgo 2017,2017-07-25,ABSOLUTA CCCP [Compensada],197,42,0,239,mixto
Carreira Pedestre Santiaguiño do Burgo 2017,2017-07-25,PROBA ASBOLUTA,354,94,0,448,mixto
Carreira Pedestre Santiaguiño do Burgo 2018,2018-07-25,PROBA ASBOLUTA,204,56,0,260,mixto
Carreira Popular 50 anos do CHUAC,2022-12-18,ABSOLUTA,391,195,0,586,mixto
Carreira Popular 50 anos do CHUAC,2022-12-18,Sub10 (nados 2013/2014),29,0,0,29,mixto
Carreira Popular 50 anos do CHUAC,2022-12-18,Sub10 feminino (nadas 2013/2014),0,23,0,23,mixto
Carreira Popular 50 anos do CHUAC,2022-12-18,Sub12 (nados 2011/2012),19,0,0,19,mixto
Carreira Popular 50 anos do CHUAC,2022-12-18,Sub12 feminino (nadas 2011/2012),0,19,0,19,mixto
Carreira Popular 50 anos do CHUAC,2022-12-18,Sub14 (nados 2009/2010),11,0,0,11,mixto
Carreira Popular 50 anos do CHUAC,2022-12-18,Sub14 feminin (nadas 2009/2010),0,18,0,18,mixto
Carreira Popular 50 anos do CHUAC,2022-12-18,Sub16 (nadas/os 2007/2008),6,2,0,8,mixto
Carreira Popular 50 anos do CHUAC,2022-12-18,Sub18 (nadas/os 2005/2006),2,2,0,4,mixto
Carreira Popular de San Roque de Larín 2019 - Arteixo,2019-06-08,"CARREIRA 9,5KM",72,23,0,95,mixto
DESAFIO BOOT CAMP RACE VIGO 2015,2015-10-03,D.BOOT CAMP RACE DAREDEVIL (individual por tiempo neto),86,55,0,141,mixto
DESAFIO BOOT CAMP RACE VIGO 2015,2015-10-03,D.BOOT CAMP RACE EQUIPOS (equipos por tiempo oficial),0,0,0,0,mixto
DESAFIO BOOT CAMP RACE VIGO 2015,2015-10-03,D.BOOT CAMP RACE EQUIPOS (individual por tiempo neto),245,144,0,389,mixto
DESAFIO BOOT CAMP RACE VIGO 2015,2015-10-03,D.BOOT CAMP RACE ÉLITE (individual por tiempo neto),197,37,0,234,mixto
DESAFIO BOOT CAMP VIGO 2016,2016-10-01,EQUIPOS BOOT CAMP VIGO - RACE,0,0,0,0,mixto
DESAFIO BOOT CAMP VIGO 2016,2016-10-01,RACE,206,99,0,305,mixto
DESAFIO BOOT CAMP VIGO 2016,2016-10-01,XTREME,47,4,0,51,mixto
DESAFIO BOOT CAMP VIGO 2017,2017-10-08,AMATEUR,25,3,0,28,mixto
DESAFIO BOOT CAMP VIGO 2017,2017-10-08,ELITE,26,3,0,29,mixto
DESAFIO BOOT CAMP VIGO 2017,2017-10-08,EQUIPOS BOOT CAMP VIGO 2017,0,0,0,0,mixto
DESAFIO BOOT CAMP VIGO 2017,2017-10-08,OPEN,409,182,0,591,mixto
DESAFIO BOOT CAMP VIGO 2018,2018-10-14,COMPETITIVE,66,10,0,76,mixto
DESAFIO BOOT CAMP VIGO 2018,2018-10-14,EQUIPOS POPULAR,0,0,0,0,mixto
DESAFIO BOOT CAMP VIGO 2018,2018-10-14,POPULAR,350,165,0,515,mixto
DESAFIO BOOT CAMP VIGO 2018,2018-10-14,STARTER,51,6,0,57,mixto
DESAFIO BOOT CAMP VIGO 2019,2019-10-06,COPA OCRA GALICIA ELITE,108,25,0,133,mixto
DESAFIO BOOT CAMP VIGO 2019,2019-10-06,COPA OCRA GALICIA POPULAR,341,141,0,482,mixto
DESAFIO BOOT CAMP VIGO 2019,2019-10-06,ELITE,54,16,0,70,mixto
DESAFIO BOOT CAMP VIGO 2019,2019-10-06,ELITE (OCRA),0,0,0,0,mixto
DESAFIO BOOT CAMP VIGO 2019,2019-10-06,EQUIPOS POPULAR,0,0,0,0,mixto
DESAFIO BOOT CAMP VIGO 2019,2019-10-06,GRUPOS DE EDAD (OCRA),0,0,0,0,mixto
DESAFIO BOOT CAMP VIGO 2019,2019-10-06,LIGA OCRA GALICIA ELITE,95,24,0,119,mixto
DESAFIO BOOT CAMP VIGO 2019,2019-10-06,LIGA OCRA GALICIA POPULAR,334,133,0,467,mixto
DESAFIO BOOT CAMP VIGO 2019,2019-10-06,POPULAR,345,142,0,487,mixto
DESAFIO BOOT CAMP VIGO 2021,2021-10-03,ELITE,64,13,0,77,mixto
DESAFIO BOOT CAMP VIGO 2021,2021-10-03,Liga Open Grupos de Edad,52,9,0,61,mixto
DESAFIO BOOT CAMP VIGO 2021,2021-10-03,Liga Open Popular,147,56,0,203,mixto
DESAFIO BOOT CAMP VIGO 2021,2021-10-03,Liga Open Élite,52,9,0,61,mixto
DESAFIO BOOT CAMP VIGO 2021,2021-10-03,Liga Orixe Grupos de Edad,50,6,0,56,mixto
DESAFIO BOOT CAMP VIGO 2021,2021-10-03,Liga Orixe Popular,124,39,0,163,mixto
DESAFIO BOOT CAMP VIGO 2021,2021-10-03,Liga Orixe Élite,50,6,0,56,mixto
DESAFIO BOOT CAMP VIGO 2021,2021-10-03,POPULAR,342,193,0,535,mixto
DESAFIO BOOT CAMP VIGO 2021,2021-10-03,POPULAR POR EQUIPOS,0,0,0,0,mixto
DESAFIO BOOT CAMP VIGO 2022,2022-10-01,ELITE,72,16,0,88,mixto
DESAFIO BOOT CAMP VIGO 2022,2022-10-01,EQUIPOS BOOT CAMP 2022,0,0,0,0,mixto
DESAFIO BOOT CAMP VIGO 2022,2022-10-01,Liga Open Grupos de Edad,62,16,0,78,mixto
DESAFIO BOOT CAMP VIGO 2022,2022-10-01,Liga Open Popular,339,219,0,558,mixto
DESAFIO BOOT CAMP VIGO 2022,2022-10-01,Liga Open Élite,62,16,0,78,mixto
DESAFIO BOOT CAMP VIGO 2022,2022-10-01,Liga Orixe Grupos de Edad,42,10,0,52,mixto
DESAFIO BOOT CAMP VIGO 2022,2022-10-01,Liga Orixe Popular,74,39,0,113,mixto
DESAFIO BOOT CAMP VIGO 2022,2022-10-01,Liga Orixe Élite,42,10,0,52,mixto
DESAFIO BOOT CAMP VIGO 2022,2022-10-01,POPULAR,429,283,0,712,mixto
DESAFIO BOOT CAMP VIGO 2023,2023-10-01,ELITE,12,5,0,17,mixto
DESAFIO BOOT CAMP VIGO 2023,2023-10-01,GRUPOS DE EDAD,27,2,0,29,mixto
DESAFIO BOOT CAMP VIGO 2023,2023-10-01,POPULAR,544,386,0,930,mixto
DESAFIO BOOT CAMP VIGO 2024,2024-10-06,ELITE,30,5,0,35,mixto
DESAFIO BOOT CAMP VIGO 2024,2024-10-06,EQUIPOS,0,0,0,0,mixto
DESAFIO BOOT CAMP VIGO 2024,2024-10-06,GRUPOS DE EDAD,25,5,0,30,mixto
DESAFIO BOOT CAMP VIGO 2024,2024-10-06,POPULAR COMPETITIVA (STARTED),90,45,0,135,mixto
DESAFIO BOOT CAMP VIGO 2024,2024-10-06,POPULAR PARTY,499,353,0,852,mixto
DESAFIO BOOT CAMP VIGO 2025,2025-05-24,EQUIPOS,0,0,0,0,mixto
DESAFIO BOOT CAMP VIGO 2025,2025-05-24,EQUIPOS BOOT CAMP VIGO 2025 POPULAR,0,0,0,0,mixto
DESAFIO BOOT CAMP VIGO 2025,2025-05-24,POPULAR COMPETITIVA (STARTED),62,17,0,79,mixto
DESAFIO BOOT CAMP VIGO 2025,2025-05-24,POPULAR PARTY,376,311,0,687,mixto
DESAFIO BOOT CAMP VIGO 2025,2025-05-24,ÉLITE,31,5,0,36,mixto
DESAFIO COUREL 2017 CRONO SEMIURBANA,2017-06-16,CRONO,71,1,0,72,mixto
DESAFIO COUREL 2017 JABALI - LOBO - OSO,2017-06-18,JABALI DOMINGO 50KM,3,0,0,3,mixto
DESAFIO COUREL 2017 JABALI - LOBO - OSO,2017-06-18,JABALI SABADO 38KM,2,0,0,2,mixto
DESAFIO COUREL 2017 JABALI - LOBO - OSO,2017-06-18,JABALI SABADO 50KM,1,0,0,1,mixto
DESAFIO COUREL 2017 JABALI - LOBO - OSO,2017-06-18,JABALI SABADO 70KM,34,0,0,34,mixto
DESAFIO COUREL 2017 JABALI - LOBO - OSO,2017-06-18,LOBO CRONO+SABADO 50KM,1,0,0,1,mixto
DESAFIO COUREL 2017 JABALI - LOBO - OSO,2017-06-18,LOBO CRONO+SABADO 70KM,7,0,0,7,mixto
DESAFIO COUREL 2017 JABALI - LOBO - OSO,2017-06-18,LOBO SABADO 38KM+DOMINGO 38KM,11,1,0,12,mixto
DESAFIO COUREL 2017 JABALI - LOBO - OSO,2017-06-18,LOBO SABADO 50KM+DOMINGO 50KM,8,0,0,8,mixto
DESAFIO COUREL 2017 JABALI - LOBO - OSO,2017-06-18,LOBO SABADO 70KM+DOMINGO 50KM,18,0,0,18,mixto
DESAFIO COUREL 2017 JABALI - LOBO - OSO,2017-06-18,OSO CRONO+SABADO 38KM+DOMINGO 38KM,3,0,0,3,mixto
DESAFIO COUREL 2017 JABALI - LOBO - OSO,2017-06-18,OSO CRONO+SABADO 50KM+DOMINGO 50KM,3,0,0,3,mixto
DESAFIO COUREL 2017 JABALI - LOBO - OSO,2017-06-18,OSO CRONO+SABADO 70KM+DOMINGO 50KM,45,1,0,46,mixto
DESAFIO COUREL 2017 MONTAÑA DEL LOR,2017-06-17,38 KM,17,1,0,18,mixto
DESAFIO COUREL 2017 MONTAÑA DEL LOR,2017-06-17,50 KM,16,0,0,16,mixto
DESAFIO COUREL 2017 MONTAÑA DEL LOR,2017-06-17,70 KM,111,1,0,112,mixto
DESAFIO COUREL 2017 VALLE DEL SOLDÓN,2017-06-18,38 KM,24,1,0,25,mixto
DESAFIO COUREL 2017 VALLE DEL SOLDÓN,2017-06-18,50 KM,71,1,0,72,mixto
DESAFIO MONTE TREGA 2016,2016-10-01,ABSOLUTA,21,4,0,25,mixto
DESAFIO VIA ROMANA,2017-03-26,CLASICO (1ª MANGA CLASIFICATORIA),29,11,0,40,mixto
DESAFIO VIA ROMANA,2017-03-26,CLASICO (2ª MANGA),27,11,0,38,mixto
DESAFIO VIA ROMANA,2017-03-26,CLASICO (CLASIFICACIÓN FINAL),29,11,0,40,mixto
DESAFIO VIA ROMANA,2017-03-26,NOCTURNO (1ª MANGA NOCTURNA),17,3,0,20,mixto
DESAFIO VIA ROMANA,2017-03-26,NOCTURNO (2ª MANGA MENCER),17,3,0,20,mixto
DESAFIO VIA ROMANA,2017-03-26,NOCTURNO (CLASIFICACIÓN FINAL),17,3,0,20,mixto
DESAFIO VIA ROMANA 2018,2018-11-11,Desafío Clásico,27,9,0,36,mixto
DESAFIO VIA ROMANA 2018,2018-11-11,Desafío Heroico,42,13,0,55,mixto
DESAFIO42 OURENSE - MEDIO MARATON DO RIBEIRO 2014,2014-09-20,PROBA ABSOLUTA. DISTANCIA: 21097 M,0,0,0,0,mixto
DESAFIO42 OURENSE - NOGUEIRA DE RAMUIN 2014,2014-09-20,PROBA ABSOLUTA. DISTANCIA: 11097 M,0,0,0,0,mixto
DESAFIO42 OURENSE - OURENSE CIDADE 2014,2014-09-21,PROBA ABSOLUTA. DISTANCIA: 10000 M,0,0,0,0,mixto
DESAFÍO BOMBEROS A CORUÑA 2016,2016-08-28,EQUIPOS DESAFÍO BOMBEROS A CORUÑA 2016,0,0,0,0,mixto
DESAFÍO BOMBEROS A CORUÑA 2016,2016-08-28,INDIVIDUAL,0,0,0,0,mixto
DESAFÍO BOMBEROS A CORUÑA 2019,2019-06-15,COPA OCRA GALICIA ELITE,46,5,0,51,mixto
DESAFÍO BOMBEROS A CORUÑA 2019,2019-06-15,COPA OCRA GALICIA POPULAR,275,138,0,413,mixto
DESAFÍO BOMBEROS A CORUÑA 2019,2019-06-15,ELITE (TANDA 1),46,5,0,51,mixto
DESAFÍO BOMBEROS A CORUÑA 2019,2019-06-15,LIGA OCRA GALICIA ELITE,46,5,0,51,mixto
DESAFÍO BOMBEROS A CORUÑA 2019,2019-06-15,LIGA OCRA GALICIA POPULAR,269,135,0,404,mixto
DESAFÍO BOMBEROS A CORUÑA 2019,2019-06-15,POPULAR (TANDAS 2 a 8),275,138,0,413,mixto
DESAFÍO SAN MAMEDE 2016,2016-05-22,CARREIRA,110,14,0,124,mixto
DESAFÍO SAN MAMEDE 2017,2017-05-21,CARREIRA,104,13,0,117,mixto
DESAFÍO SAN MAMEDE SOLIDARIO 2018,2018-05-20,CARREIRA,135,22,0,157,mixto
DESAFÍO SAN MAMEDE SOLIDARIO 2019,2019-05-19,CARREIRA,142,19,0,161,mixto
DESAFÍO SAN MAMEDE SOLIDARIO 2019,2019-05-19,COPA GALEGA,94,15,0,109,mixto
DIEZ KILOMETROS CUIDAD DE LEON 2012,2012-10-14,DIEZ KILOMETROS CUIDAD DE LEON 2012,0,0,0,0,mixto
DIEZ KILÓMETROS CIUDAD DE LEÓN 2013,2013-10-13,CLASIFICACIÓN COMPLETA. DISTANCIA: 10000 M,0,0,0,0,mixto
DIEZ KILÓMETROS CIUDAD DE LEÓN 2014,2014-10-12,CLASIFICACIÓN COMPLETA. DISTANCIA: 10000 M,0,0,0,0,mixto
DIEZ KILÓMETROS CIUDAD DE LEÓN 2015,2015-10-11,10 Km,805,194,0,999,mixto
DIEZ KILÓMETROS CIUDAD DE LEÓN 2016,2016-10-09,10 KM (1998 Y ANTERIORES),630,130,0,760,mixto
DIEZ KILÓMETROS CIUDAD DE LEÓN 2016,2016-10-09,VEHÍCULO ADAPTADO,2,0,0,2,mixto
DIEZ KILÓMETROS LEÓN CAPITAL ESPAÑOLA DE LA GASTRONOMÍA 2018,2018-10-21,10 KM (2000 Y ANTERIORES),634,182,0,816,mixto
DIEZ KILÓMETROS LEÓN CUNA DEL PARLAMENTARISMO 2017,2017-10-15,10 KM (1999 Y ANTERIORES),551,156,0,707,mixto
DIEZ KILÓMETROS LEÓN CUNA DEL PARLAMENTARISMO 2017,2017-10-15,10 KM EN VEHÍCULO ADAPTADO,1,0,0,1,mixto
DIEZ KM UNIVERSITARIOS CIUDAD DE LEON 2013,2013-04-28,PRUEBA ABSOLUTA. DISTANCIA: 10000 M,0,0,0,0,mixto
DIEZ KM UNIVERSITARIOS CIUDAD DE LEON 2014,2014-05-11,PRUEBA ABSOLUTA. DISTANCIA: 10000 M,0,0,0,0,mixto
DIEZ KM. UNIVERSITARIOS CIUDAD DE LEÓN 2015,2015-05-31,10KM (1997 O ANTERIORES),604,233,0,837,mixto
DIEZ KM. UNIVERSITARIOS CIUDAD DE LEÓN 2016,2016-06-05,10KM (1998 Y ANTERIORES),459,149,0,608,mixto
DOBLE MILLA SAN BARTOLO XOVE,2018-07-29,DOBLE MILLA ABSOLUTA (2002 Y ANTERIORES),58,20,0,78,mixto
DOBLE MILLA SAN BARTOLO XOVE,2018-07-29,SUB-10 (2009-2010),6,4,0,10,mixto
DOBLE MILLA SAN BARTOLO XOVE,2018-07-29,SUB-12 (2007-2008),3,7,0,10,mixto
DOBLE MILLA SAN BARTOLO XOVE,2018-07-29,SUB-14 (2005-2006) / SUB-16 (2003-2004),11,10,0,21,mixto
DONA VIDA GIJÓN 2014,2014-06-29,PRUEBA ABSOLUTA. DISTANCIA: 7500 M,0,0,0,0,mixto
DUATLON CROSS RIBADUMIA 2014,2014-12-28,INDIVIDUAL,0,0,0,0,mixto
DUATLON CROSS RIBADUMIA 2014,2014-12-28,INDIVIDUAL FEMININA,0,0,0,0,mixto
Desafío Bomberos Coruña,2018-06-16,ELITE,55,5,0,60,mixto
Desafío Bomberos Coruña,2018-06-16,Popular,310,138,0,448,mixto
DÚATLON CONCELLO DE PONTEVEDRA 2022,2022-04-16,General,0,45,0,45,mixto
DÚATLON CONCELLO DE PONTEVEDRA 2022,2022-04-16,MASCULNA,67,0,0,67,mixto
DÚATLON X DE NADAL CONCELLO DE CARBALLO,2019-12-15,General,69,8,0,77,mixto
E.ON NIGHT RACE LUGO 2013,2013-11-02,PRUEBA POPULAR. DISTANCIA: 5000 M,0,0,0,0,mixto
E.ON NIGHT RACE LUGO 2014,2014-11-22,RECORRIDO ADULTOS. DISTANCIA: 5000 M,0,0,0,0,mixto
EDP IX MEIA MARATONA DO DOURO VINHATEIRO,2014-05-18,MEIA MARATONA. DISTANCIA: 21097 M,0,0,0,0,mixto
EDP IX MEIA MARATONA DO DOURO VINHATEIRO EM CADEIRA DE RODAS,2014-05-18,MEIA MARATONA EM CADEIRA DE RODAS. DISTANCIA: 21097 M,0,0,0,0,mixto
ESTRADA RIO RATO,2016-04-02,ADULTOS (2000 Y AÑOS ANTERIORES),419,171,0,590,mixto
ESTRADA RIO RATO,2016-04-02,"CATEGORIA ""C"" : 2001 – 2002 - 2003",22,9,0,31,mixto
ESTRADA RIO RATO,2016-04-02,CATEGORIA “A” : 2007 – 2008 – 2009,65,78,0,143,mixto
ESTRADA RIO RATO,2016-04-02,CATEGORIA “B” : 2004 – 2005 – 2006,33,39,0,72,mixto
ETAPA DE LA VUELTA CICLOTURISTA: GIJÓN - VALGRANDE - PAJARES,2012-08-25,CICLOTURISTA. Distancia: 183.5 Km,0,0,0,0,mixto
ETAPA FINAL CIRCUITO GALEGO ARZUA ULLOA AUGAS ABERTAS-CAMPIONATO GALEGO CONTRA O RELOXO POR EQUIPOS,2024-09-28,General,44,21,0,65,mixto
ETAPA FINAL CIRCUITO GALEGO ARZUA ULLOA AUGAS ABERTAS-CAMPIONATO GALEGO CONTRA O RELOXO POR EQUIPOS,2024-09-28,PROMOCION/POPULAR 1250m (2012 y anteriores),13,7,0,20,mixto
ETAPA FINAL CIRCUITO GALLEGO AA ARZUA ULLOA OPEN 2025- CAMPEONATO GALLEGO CONTRARRELOJ EQUIPOS,2025-09-20,CRONO POR EQUIPOS MASTER,0,0,0,0,mixto
ETAPA FINAL CIRCUITO GALLEGO AA ARZUA ULLOA OPEN 2025- CAMPEONATO GALLEGO CONTRARRELOJ EQUIPOS,2025-09-20,ELITE,14,13,0,27,mixto
ETAPA FINAL CIRCUITO GALLEGO AA ARZUA ULLOA OPEN 2025- CAMPEONATO GALLEGO CONTRARRELOJ EQUIPOS,2025-09-20,MASTER,30,24,0,54,mixto
ETAPA FINAL CIRCUITO GALLEGO AA ARZUA ULLOA OPEN 2025- CAMPEONATO GALLEGO CONTRARRELOJ EQUIPOS,2025-09-20,PROMOCION/POPULAR,9,6,0,15,mixto
FARINATO RACE CIUDAD RODRIGO 2016,2016-07-16,ELITE Y PRE-ELITE,24,5,0,29,mixto
FARINATO RACE CIUDAD RODRIGO 2016,2016-07-16,TODOS (SIN ELITE Y PRE-ELITE),67,27,0,94,mixto
FARINATO RACE GIJÓN 2016,2016-01-31,TODOS,1261,530,0,1791,mixto
FARINATO RACE LEÓN 2016,2016-05-07,RECORRIDO 13K (SIN ELITE),184,37,0,221,mixto
FARINATO RACE LEÓN 2016,2016-05-07,RECORRIDO 5K (SIN ELITE),434,240,0,674,mixto
FARINATO RACE LUGO,2015-05-23,TODOS,418,148,0,566,mixto
FARINATO RACE MÉRIDA 2016,2016-02-20,TODOS,1098,331,0,1429,mixto
FARINATO RACE PAMPLONA 2016,2016-06-19,ELITE Y PRE-ELITE,40,11,0,51,mixto
FARINATO RACE PAMPLONA 2016,2016-06-19,TODOS (SIN ELITE Y PRE-ELITE),409,181,0,590,mixto
FINAL ADULTOS PARQUE DE FRIGSA,2013-06-09,FINAL FRIGSA. DISTANCIA: 5500 M,0,0,0,0,mixto
FINAL PARQUE DE FRIGSA,2016-06-05,ADULTOS (2000 Y AÑOS ANTERIORES),389,140,0,529,mixto
GLADIATOR RACE,2015-06-27,GRUPO MIXTO (MÍNIMO 5 PERSOAS),0,0,0,0,mixto
GLADIATOR RACE,2015-06-27,PRUEBA DE OBSTÁCULOS (9 KM / 26 OBSTÁCULOS),1202,376,0,1578,mixto
GLADIATOR RACE 2022,2022-06-04,ELITE,29,3,0,32,mixto
GLADIATOR RACE 2022,2022-06-04,Liga Open Grupos de Edad,16,3,0,19,mixto
GLADIATOR RACE 2022,2022-06-04,Liga Open Popular,30,2,0,32,mixto
GLADIATOR RACE 2022,2022-06-04,Liga Open Élite,16,3,0,19,mixto
GLADIATOR RACE 2022,2022-06-04,Liga Orixe Grupos de Edad,13,3,0,16,mixto
GLADIATOR RACE 2022,2022-06-04,Liga Orixe Popular,11,1,0,12,mixto
GLADIATOR RACE 2022,2022-06-04,Liga Orixe Élite,16,3,0,19,mixto
GLADIATOR RACE 2022,2022-06-04,POPULAR,93,7,0,100,mixto
GLADIATOR RACE ASTURIAS 2019,2019-06-22,EQUIPOS,0,0,0,0,mixto
GLADIATOR RACE ASTURIAS 2019,2019-06-22,POPULAR,220,139,0,359,mixto
GLADIATOR RACE ASTURIAS 2019,2019-06-22,ÉLITE,18,1,0,19,mixto
GLADIATOR RACE PONTEVEDRA,2015-10-24,Equipos Gladiator Race Pontevedra,0,0,0,0,mixto
GLADIATOR RACE PONTEVEDRA,2015-10-24,INDIVIDUAL,1293,487,0,1780,mixto
GLADIATOR RACE PONTEVEDRA 2018,2018-06-02,Gladiator Race Pontevedra 2018 Rocket,0,0,0,0,mixto
GLADIATOR RACE PONTEVEDRA 2018,2018-06-02,Gladiator Race Pontevedra 2018 Warrior,0,0,0,0,mixto
GLADIATOR RACE PONTEVEDRA 2018,2018-06-02,TANDA ELITE ROCKET,27,7,0,34,mixto
GLADIATOR RACE PONTEVEDRA 2018,2018-06-02,TANDA ELITE WARRIORS,58,1,0,59,mixto
GLADIATOR RACE PONTEVEDRA 2018,2018-06-02,TANDAS ROCKET,369,261,0,630,mixto
GLADIATOR RACE PONTEVEDRA 2018,2018-06-02,TANDAS WARRIORS,609,199,0,808,mixto
GLADIATOR RACE PONTEVEDRA 2019,2019-06-01,COPA OCRA GALICIA ELITE,50,6,0,56,mixto
GLADIATOR RACE PONTEVEDRA 2019,2019-06-01,COPA OCRA GALICIA POPULAR,484,172,0,656,mixto
GLADIATOR RACE PONTEVEDRA 2019,2019-06-01,EQUIPOS ROCKET,0,0,0,0,mixto
GLADIATOR RACE PONTEVEDRA 2019,2019-06-01,EQUIPOS WARRIORS,0,0,0,0,mixto
GLADIATOR RACE PONTEVEDRA 2019,2019-06-01,LIGA OCRA GALICIA ELITE,50,6,0,56,mixto
GLADIATOR RACE PONTEVEDRA 2019,2019-06-01,LIGA OCRA GALICIA POPULAR,482,171,0,653,mixto
GLADIATOR RACE PONTEVEDRA 2019,2019-06-01,TANDA ELITE ROCKET,18,4,0,22,mixto
GLADIATOR RACE PONTEVEDRA 2019,2019-06-01,TANDA ELITE WARRIORS,50,6,0,56,mixto
GLADIATOR RACE PONTEVEDRA 2019,2019-06-01,TANDAS ROCKET (2 a 6),292,205,0,497,mixto
GLADIATOR RACE PONTEVEDRA 2019,2019-06-01,TANDAS WARRIORS (2 a 8),484,172,0,656,mixto
GLADIATOR RACE PONTEVEDRA 2023,2023-06-03,ELITE,26,2,0,28,mixto
GLADIATOR RACE PONTEVEDRA 2023,2023-06-03,POPULAR,476,214,0,690,mixto
GLADIATOR RACE PONTEVEDRA 2024,2024-06-03,ELITE,7,2,0,9,mixto
GLADIATOR RACE PONTEVEDRA 2024,2024-06-03,GRUPOS DE EDAD,30,7,0,37,mixto
GLADIATOR RACE PONTEVEDRA 2025,2025-05-24,ELITE,2,2,0,4,mixto
GLADIATOR RACE PONTEVEDRA 2025,2025-05-24,GRUPOS DE EDAD,3,0,0,3,mixto
GLADIATOR RACE PONTEVEDRA 2025,2025-05-24,ÉLITE,45,10,0,55,mixto
GLADIATOR RACE VIA NOVA,2018-09-29,ELITE,18,4,0,22,mixto
GLADIATOR RACE VIA NOVA,2018-09-29,GLADIATOR RACE VIA NOVA,0,0,0,0,mixto
GLADIATOR RACE VIA NOVA,2018-09-29,GLADIATORS VIA NOVA,189,128,0,317,mixto
GLADIATOR ROCKET ASTURIAS,2016-07-02,Equipos Gladiator Rocket Asturias,0,0,0,0,mixto
GLADIATOR ROCKET ASTURIAS,2016-07-02,INDIVIDUAL,249,144,0,393,mixto
GLADIATOR ROCKET ASTURIAS 2017,2017-07-01,GLADIATOR ROCKET ASTURIAS 2017,0,0,0,0,mixto
GLADIATOR ROCKET ASTURIAS 2017,2017-07-01,ROCKET,62,59,0,121,mixto
GLADIATOR ROCKET PONTEVEDRA,2016-06-04,Equipos Rocket Pontevedra,0,0,0,0,mixto
GLADIATOR ROCKET PONTEVEDRA,2016-06-04,INDIVIDUAL,407,322,0,729,mixto
GLADIATOR ROCKET PONTEVEDRA 2017,2017-06-03,Equipos Rocket Pontevedra 2017,0,0,0,0,mixto
GLADIATOR ROCKET PONTEVEDRA 2017,2017-06-03,ROCKET,198,116,0,314,mixto
GLADIATOR WARRIOR ASTURIAS,2016-07-02,Equipos Gladiator Warrior Asturias,0,0,0,0,mixto
GLADIATOR WARRIOR ASTURIAS,2016-07-02,INDIVIDUAL,259,66,0,325,mixto
GLADIATOR WARRIOR ASTURIAS 2017,2017-07-01,ELITE AMATEUR,17,0,0,17,mixto
GLADIATOR WARRIOR ASTURIAS 2017,2017-07-01,ELITE PRO,24,2,0,26,mixto
GLADIATOR WARRIOR ASTURIAS 2017,2017-07-01,WARRIOR,142,56,0,198,mixto
GLADIATOR WARRIOR PONTEVEDRA,2016-06-04,Equipos Warrior Pontevedra,0,0,0,0,mixto
GLADIATOR WARRIOR PONTEVEDRA,2016-06-04,INDIVIDUAL,908,285,0,1193,mixto
GLADIATOR WARRIOR PONTEVEDRA 2017,2017-06-03,ELITE AMATEUR,22,0,0,22,mixto
GLADIATOR WARRIOR PONTEVEDRA 2017,2017-06-03,ELITE PRO,26,3,0,29,mixto
GLADIATOR WARRIOR PONTEVEDRA 2017,2017-06-03,Equipos Warrior Pontevedra 2017,0,0,0,0,mixto
GLADIATOR WARRIOR PONTEVEDRA 2017,2017-06-03,WARRIOR,466,122,0,588,mixto
Grand Prix Race-Edition (a Veiga-Ourense) ADULTOS,2016-06-25,GRAND PRIX ADULTOS,87,47,0,134,mixto
HALF TRIATLON RIBADEO 2021,2021-05-15,HALF,0,0,0,0,mixto
HALF TRIATLON RIBADEO 2021,2021-05-15,SHORT,0,0,0,0,mixto
HERCULES XTRM 2014. INDIVIDUAL FEMENINA,2014-05-24,INDIVIDUAL FEMININA,0,0,0,0,mixto
HERCULES XTRM 2014. INDIVIDUAL MASCULINA,2014-05-24,INDIVIDUAL,0,0,0,0,mixto
HERCULES XTRM 2014. RELEVOS DE 2,2014-05-24,RELEVOS DE 2,0,0,0,0,mixto
HERCULES XTRM 2014. RELEVOS DE 3,2014-05-24,RELEVOS DE 3,0,0,0,0,mixto
HEROICAN RACE (ALLARIZ),2015-03-14,PROBA DE OBSTÁCULOS,152,38,0,190,mixto
HEROICAN RACE 11K 2018,2018-05-13,COMPETITIVA,94,18,0,112,mixto
HEROICAN RACE 11K 2018,2018-05-13,POPULAR,322,117,0,439,mixto
HEROICAN RACE 11K 2018,2018-05-13,STARTER,10,0,0,10,mixto
HEROICAN RACE 5K 2018,2018-05-13,COMPETITIVA,11,2,0,13,mixto
HEROICAN RACE 5K 2018,2018-05-13,POPULAR,105,92,0,197,mixto
HEROICAN RACE OCR WORLD TEAM CHAMPIONSHIP 2018,2018-05-12,ELITE,48,13,0,61,mixto
HEROICAN RACE OCR WORLD TEAM CHAMPIONSHIP 2018,2018-05-12,POPULAR,44,18,0,62,mixto
HEROICAN RACE RIBADEO 2016,2016-09-03,EQUIPOS HEROICAN RACE RIBADEO ELITE,0,0,0,0,mixto
HEROICAN RACE RIBADEO 2016,2016-09-03,HEROICAN RACE RIBADEO 2016 POPULARES,0,0,0,0,mixto
HEROICAN RACE RIBADEO 2016,2016-09-03,TANDA ELITE,90,15,0,105,mixto
HEROICAN RACE RIBADEO 2016,2016-09-03,TANDAS POPULARES,423,182,0,605,mixto
HEROICAN RACE RIBADEO 2017,2017-05-07,COMPETICIÓN AMATEUR,16,3,0,19,mixto
HEROICAN RACE RIBADEO 2017,2017-05-07,COMPETICIÓN ELITE Y PRE-ELITE,62,6,0,68,mixto
HEROICAN RACE RIBADEO 2017,2017-05-07,COMPETICIÓN POPULARES,540,316,0,856,mixto
HEROICAN RACE RIBADEO 2017,2017-05-07,Equipos Populares,0,0,0,0,mixto
HEROICAN RACE RIBADEO 2024,2024-09-29,ELITE,21,5,0,26,mixto
HEROICAN RACE RIBADEO 2024,2024-09-29,POPULAR,154,116,0,270,mixto
HEROICAN RACE RIBADEO 2024,2024-09-29,POPULAR COMPETITIVA,23,10,0,33,mixto
HEROICAN RACE RIBADEO 2025,2025-09-28,ELITE,18,3,0,21,mixto
HEROICAN RACE RIBADEO 2025,2025-09-28,EQUIPOS,0,0,0,0,mixto
HEROICAN RACE RIBADEO 2025,2025-09-28,POPULAR,127,117,0,244,mixto
HEROICAN RACE RIBADEO 2025,2025-09-28,POPULAR COMPETITIVA (STARTED),23,10,0,33,mixto
HEROICAN RACE RIBADEO 2026,2026-06-28,ELITE,22,2,0,24,mixto
HEROICAN RACE RIBADEO 2026,2026-06-28,POPULAR,176,145,0,321,mixto
HEROICAN RACE RIBADEO 2026,2026-06-28,STARTER 1,32,15,0,47,mixto
HappyGoRunning - Cidade Universitaria (Vigo),2015-04-26,CARREIRA 10 KM,406,81,0,487,mixto
HappyGoRunning - Cidade Universitaria (Vigo),2015-04-26,CARREIRA 10 KM (CATEGORIA UNIVERSITARIA),71,14,0,85,mixto
HappyGoRunning - Cidade Universitaria (Vigo),2015-04-26,CARREIRA 5 KM,38,47,0,85,mixto
HappyGoRunning - Cidade Universitaria 2016,2016-04-24,CARREIRA 10 KM,409,85,0,494,mixto
HappyGoRunning - Cidade Universitaria 2016,2016-04-24,CARREIRA 6´6 KM,29,38,0,67,mixto
HappyGoRunning - Cidade Universitaria 2016,2016-04-24,UNIVERSITARIOS,112,23,0,135,mixto
HappyGoRunning - Cidade Universitaria 2017,2017-04-23,CARREIRA 10 KM,330,84,0,414,mixto
HappyGoRunning - Cidade Universitaria 2017,2017-04-23,CARREIRA 10 KM (RUNRUNVIGO),330,84,0,414,mixto
HappyGoRunning - Cidade Universitaria 2017,2017-04-23,CARREIRA 10 KM (RUNRUNVIGO) [Compensada],330,84,0,414,mixto
HappyGoRunning - Cidade Universitaria 2017,2017-04-23,CARREIRA 10 KM (UNIVERSITARIA),86,31,0,117,mixto
HappyGoRunning - Cidade Universitaria 2017,2017-04-23,CARREIRA 6´6 KM,13,39,0,52,mixto
HappyGoRunning - Cidade Universitaria 2018,2018-04-22,10 KM,314,94,0,408,mixto
HappyGoRunning - Cidade Universitaria 2018,2018-04-22,"6,6KM",26,27,0,53,mixto
HappyGoRunning - Cidade Universitaria 2018,2018-04-22,CARREIRA 10KM (RUNRUNVIGO),314,94,0,408,mixto
HappyGoRunning - Cidade Universitaria 2018,2018-04-22,CLASIFICACION UNIVERSITARIA (10KM),64,16,0,80,mixto
HappyGoRunning - Cidade Universitaria 2019,2019-04-27,10 KM,208,53,0,261,mixto
HappyGoRunning - Cidade Universitaria 2019,2019-04-27,6.6 KM,21,32,0,53,mixto
HappyGoRunning - Cidade Universitaria 2019,2019-04-27,CARREIRA 10KM (RUNRUNVIGO),201,53,0,254,mixto
HappyGoRunning - Cidade Universitaria 2019,2019-04-27,CLASIFICACION UNIVERSITARIA (10KM),33,7,0,40,mixto
I 10K CONCELLO DE CASELAS 2013. PROBA ABSOLUTA,2013-05-05,PROBA ABSOLUTA. DISTANCIA: 10000 M,0,0,0,0,mixto
I 10K CONCELLO DE CASELAS 2013. PROBA ESCOLARES-MENORES,2013-05-05,CATEGORÍA A. DISTANCIA: 2500 M,0,0,0,0,mixto
I 10K CONCELLO DE CASELAS 2013. PROBA ESCOLARES-MENORES,2013-05-05,CATEGORÍA B. DISTANCIA: 1000 M,0,0,0,0,mixto
I 10K CONCELLO DE CASELAS 2013. PROBA ESCOLARES-MENORES,2013-05-05,CATEGORÍA C. DISTANCIA: 500 M,0,0,0,0,mixto
"I 10K O ROSAL ""FEIRA DO VIÑO"" 2014",2014-07-20,PRUEBA ABSOLUTA. DISTANCIA: 10000 M,0,0,0,0,mixto
I BALEIRA CASTROVERDE SOLIDARIA #MARZOSAUDESOLIDARIO. RECORRIDO CORTO,2014-03-23,RECORRIDO A. DISTANCIA: 11700 M,0,0,0,0,mixto
I BALEIRA CASTROVERDE SOLIDARIA #MARZOSAUDESOLIDARIO. RECORRIDO LARGO,2014-03-23,RECORRIDO B. DISTANCIA: 22400 M,0,0,0,0,mixto
I BRIGANTIA-TRAIL CONCELLO DE A CORUÑA,2015-07-19,TRAIL CORTO,107,47,0,154,mixto
I BRIGANTIA-TRAIL CONCELLO DE A CORUÑA,2015-07-19,TRAIL LARGO,148,14,0,162,mixto
I BTT CARREIRA SOLIDARIA A FAVOR DA LOITA DO CANCRO CONCELLO DE BOBORÁS (OURENSE),2017-06-18,"BTT 39,86 KM",63,1,0,64,mixto
I CANICROSS POPULAR IFEVI,2019-02-03,CANICROSS,16,2,0,18,mixto
I CARREIRA BENEFICA IES DE CARRAL,2016-11-26,ABSOLUTA 5K (1998 E ANTERIORES),67,42,0,109,mixto
I CARREIRA BENEFICA IES DE CARRAL,2016-11-26,ALEVIN (2005-2006),5,4,0,9,mixto
I CARREIRA BENEFICA IES DE CARRAL,2016-11-26,BENXAMIN (2007-2008),14,12,0,26,mixto
I CARREIRA BENEFICA IES DE CARRAL,2016-11-26,CADETE (2001-2002),3,4,0,7,mixto
I CARREIRA BENEFICA IES DE CARRAL,2016-11-26,INFANTIL (2003-2004),7,21,0,28,mixto
I CARREIRA BENEFICA IES DE CARRAL,2016-11-26,PITUFO,18,10,0,28,mixto
I CARREIRA BENEFICA IES DE CARRAL,2016-11-26,PREBENXAMIN,14,8,0,22,mixto
I CARREIRA DA MULLER VIVAS E VISIBLES,2018-03-10,CARREIRA 5K (A partir de 12 anos),116,100,0,216,mixto
I CARREIRA DO ENTROIDO CONCELLO DE VIGO,2015-02-15,ABSOLUTA (1999 E ANTERIORES),274,111,0,385,mixto
I CARREIRA DÍA DO TRABALLADOR DE TOMIÑO,2018-05-01,RECORRIDO DE 10 KM,101,15,0,116,mixto
I CARREIRA DÍA DO TRABALLADOR DE TOMIÑO,2018-05-01,RECORRIDO DE 5 KM,42,33,0,75,mixto
I CARREIRA E ANDAINA POPULAR CONTRA A VIOLENCIA DE XÉNERO (MEIS),2016-11-27,CARREIRA E ANDAINA,53,59,0,112,mixto
I CARREIRA NOCTURNA CASTIÑEIRAS,2013-06-29,ADULTOS. DISTANCIA: 7500 M,0,0,0,0,mixto
I CARREIRA NOCTURNA MÓVETE POR SAN SALVADOR,2019-04-06,ABSOLUTA (2003 E ANTERIORES),65,20,0,85,mixto
I CARREIRA NOCTURNA MÓVETE POR SAN SALVADOR,2019-04-06,BENXAMIN (2010-2011) e ALEVIN (2008-2009),17,6,0,23,mixto
I CARREIRA NOCTURNA MÓVETE POR SAN SALVADOR,2019-04-06,INFANTIL (2006-2007) e CADETE (2004-2005),7,4,0,11,mixto
I CARREIRA NOCTURNA RINLO-RIBADEO,2017-09-02,ABSOLUTA (2001 E ANT.),171,38,0,209,mixto
I CARREIRA NOCTURNA RINLO-RIBADEO,2017-09-02,ALEVIN (2006/2007),3,2,0,5,mixto
I CARREIRA NOCTURNA RINLO-RIBADEO,2017-09-02,BENXAMIN FEM (2008/2009),0,8,0,8,mixto
I CARREIRA NOCTURNA RINLO-RIBADEO,2017-09-02,BENXAMIN MASC (2008/2009),4,0,0,4,mixto
I CARREIRA NOCTURNA RINLO-RIBADEO,2017-09-02,HANDBIKE,1,0,0,1,mixto
I CARREIRA NOCTURNA RINLO-RIBADEO,2017-09-02,INFANTIL (2004/2005) E CADETE (2002/2003),11,10,0,21,mixto
I CARREIRA NOCTURNA RINLO-RIBADEO,2017-09-02,PREBENXAMIN FEM (2010/2011),0,9,0,9,mixto
I CARREIRA NOCTURNA RINLO-RIBADEO,2017-09-02,PREBENXAMIN MASC (2010/2011),10,0,0,10,mixto
I CARREIRA PEDESTRE CONCELLO DE DUMBRÍA,2015-05-23,ABSOLUTA 10K (1997 E ANTERIORES),137,19,0,156,mixto
I CARREIRA PEDESTRE CONCELLO DE DUMBRÍA,2015-05-23,ABSOLUTA 5K CONTRA O CANCRO (1997 E ANTERIORES),33,19,0,52,mixto
I CARREIRA PEDESTRE CONCELLO DE DUMBRÍA,2015-05-23,BENXAMÍN (2006-2007) - ALEVIN (2004-2005),21,31,0,52,mixto
I CARREIRA PEDESTRE CONCELLO DE DUMBRÍA,2015-05-23,INFANTIL (2002-2003) E CADETE (2000-2001),10,13,0,23,mixto
I CARREIRA PEDESTRE CONCELLO DE DUMBRÍA,2015-05-23,XUVENIL (1998-1999),4,1,0,5,mixto
I CARREIRA PEDESTRE CONCELLO DE MAZARICOS,2016-07-30,ABSOLUTA 10K (1998 E ANTERIORES),144,11,0,155,mixto
I CARREIRA PEDESTRE CONCELLO DE MAZARICOS,2016-07-30,ABSOLUTA 3K CONTRA O CANCRO (1998 E ANOS ANTERIORES),34,34,0,68,mixto
I CARREIRA PEDESTRE CONCELLO DE MAZARICOS,2016-07-30,BENXAMÍN (2008-2007) E ALEVÍN (2006-2005),18,19,0,37,mixto
I CARREIRA PEDESTRE CONCELLO DE MAZARICOS,2016-07-30,"INFANTIL (2004-2003), CADETE (2002-2001) E XUVENIL (2000-1999)",13,15,0,28,mixto
I CARREIRA PEDESTRE CONCELLO DE VIMIANZO 2012,2012-08-05,Adultos. Distancia: 10000 m,0,0,0,0,mixto
I CARREIRA PEDESTRE DE MUXIA 10K,2014-11-16,CARREIRA ABSOLUTA (10K). DISTANCIA: 10000 M,0,0,0,0,mixto
I CARREIRA PEDESTRE DE MUXIA 5K,2014-11-16,CARREIRA ABSOLUTA (5K). DISTANCIA: 5000 M,0,0,0,0,mixto
I CARREIRA PEDESTRE DE MUXIA 5K,2014-11-16,CARREIRA XUVENIL. DISTANCIA: 5000 M,0,0,0,0,mixto
I CARREIRA PEDESTRE DE MUXIA MENORES,2014-11-16,CARREIRA BENXAMIN E ALEVIN. DISTANCIA: 740 M,0,0,0,0,mixto
I CARREIRA PEDESTRE DE MUXIA MENORES,2014-11-16,CARREIRA INFANTIL E CADETE. DISTANCIA: 2390 M,0,0,0,0,mixto
I CARREIRA PEDESTRE DO CONCELLO DE MALPICA,2016-09-10,PROBA ABSOLUTA,105,23,0,128,mixto
I CARREIRA PEDESTRE MONTE PORREIRO 2013 - GRAN PREMIO U.N.E.D,2013-04-07,PROBA ABSOLUTA. DISTANCIA: 8000 M,0,0,0,0,mixto
I CARREIRA PEDESTRE POPULAR CONCELLO DE TOURO,2013-06-30,PROBA ABSOLUTA. DISTANCIA: 10000 M,0,0,0,0,mixto
I CARREIRA POPULAR ALTOS DE TORONA,2014-09-13,PROBA ABSOLUTA. DISTANCIA: 6700 M,0,0,0,0,mixto
I CARREIRA POPULAR CARBALLEDO,2015-05-09,ABSOLUTA (9800M),128,31,0,159,mixto
I CARREIRA POPULAR CONCELLO DE FORCAREI.2013,2013-12-01,PRUEBA ABSOLUTA. DISTANCIA: 7700 M,0,0,0,0,mixto
I CARREIRA POPULAR CONCELLO DE FRIOL 2013,2013-05-19,PROBA ABSOLUTA. DISTANCIA: 5000 M,0,0,0,0,mixto
I CARREIRA POPULAR CONCELLO DE GUNTÍN 2024,2024-09-29,ABSOLUTA (2009 e anteriores),66,17,0,83,mixto
I CARREIRA POPULAR CONCELLO DE GUNTÍN 2024,2024-09-29,CARREIRA 3 (2010-2013),11,8,0,19,mixto
I CARREIRA POPULAR DOLMEN DE DOMBATE - CABANA DE BERGANTIÑOS,2014-09-27,ABSOLUTOS 10K (1996 E ANTERIORES),130,15,0,145,mixto
I CARREIRA POPULAR DOLMEN DE DOMBATE - CABANA DE BERGANTIÑOS,2014-09-27,ABSOLUTOS 6K (1996 E ANTERIORES),32,19,0,51,mixto
I CARREIRA POPULAR DOLMEN DE DOMBATE 10K,2014-09-27,Carrera,145,0,0,145,mixto
I CARREIRA POPULAR FESTA DA AUGARDENTE DE PORTOMARIN,2015-04-05,ABSOLUTA,156,41,0,197,mixto
I CARREIRA POPULAR MARUXAINA CONCELLO DE CERVO,2023-11-01,ABSOLUTA (2007 e anteriores),41,11,0,52,mixto
I CARREIRA POPULAR MARUXAINA CONCELLO DE CERVO,2023-11-01,ALEVIN (2012-2013),12,7,0,19,mixto
I CARREIRA POPULAR MARUXAINA CONCELLO DE CERVO,2023-11-01,BENXAMIN (2014-2015),14,9,0,23,mixto
I CARREIRA POPULAR MARUXAINA CONCELLO DE CERVO,2023-11-01,CADETE (2008-2009),3,1,0,4,mixto
I CARREIRA POPULAR MARUXAINA CONCELLO DE CERVO,2023-11-01,INFANTIL (2010-2011),7,7,0,14,mixto
I CARREIRA POPULAR SOLIDARIA CPR LA MILAGROSA LUGO,2024-02-24,ABSOLUTA (2008 e anteriores),68,14,0,82,mixto
I CARREIRA POPULAR SOLIDARIA CPR LA MILAGROSA LUGO,2024-02-24,SUB10 (2015-2016),11,9,0,20,mixto
I CARREIRA POPULAR SOLIDARIA CPR LA MILAGROSA LUGO,2024-02-24,SUB12 (2013-2014),14,10,0,24,mixto
I CARREIRA POPULAR SOLIDARIA CPR LA MILAGROSA LUGO,2024-02-24,SUB14-SUB16 (2009-2012),10,17,0,27,mixto
I CARREIRA POPULAR VILA DE MEIRA,2018-08-11,CARREIRA ABSOLUTA (2002 E ANOS ANTERIORES),69,26,0,95,mixto
I CARREIRA POPULAR VÍA NOVA 'CONCELLO DE BANDE' 2014,2014-01-04,CARREIRA ABSOLUTA. DISTANCIA: 7500 M,0,0,0,0,mixto
I CARREIRA SOLIDARIA DO CONCELLO DE OUTEIRO DE REI,2015-07-04,ABSOLUTA (1999 Y ANTERIORES),114,33,0,147,mixto
I CARREIRA TRAIL DO BRANCO LEXITIMO (PADERNE),2017-07-02,"TRAIL CORTO (11 KM , 280 M DESNIVEL POSITIVO)",42,21,0,63,mixto
I CARREIRA TRAIL DO BRANCO LEXITIMO (PADERNE),2017-07-02,"TRAIL LARGO (21KM, 780 M DESNIVEL POSITIVO)",36,14,0,50,mixto
I CARREIRA VIA VERDE,2024-06-02,ABSOLUTA (50 primeras),65,12,0,77,mixto
I CARREIRA “POPULAR” - VIGO,2016-09-24,7KM (2000 E ANTERIORES),107,54,0,161,mixto
I CARRERA ATMOSFERA SPORT,2015-03-08,PRUEBA ABSOLUTA,196,25,0,221,mixto
I CARRERA BECERREA CONTRA EL CANCER. 10KM,2013-05-04,10KM. DISTANCIA: 10000 M,0,0,0,0,mixto
I CARRERA BECERREA CONTRA EL CANCER. 5KM,2013-05-04,5KM. DISTANCIA: 5000 M,0,0,0,0,mixto
I CARRERA COFEDAS FERRETERIAS SOLIDARIA DE 10KM Y I CARRERA OPTIMUS SOLIDARIA DE 5KM,2015-06-07,I CARRERA COFEDAS FERRETERIAS SOLIDARIA DE 10KM,134,58,0,192,mixto
I CARRERA COFEDAS FERRETERIAS SOLIDARIA DE 10KM Y I CARRERA OPTIMUS SOLIDARIA DE 5KM,2015-06-07,I CARRERA OPTIMUS SOLIDARIA DE 5KM,110,134,0,244,mixto
I CARRERA DE LAS EMPRESAS (OURENSE),2015-03-15,EQUIPOS DE 2,0,0,0,0,mixto
I CARRERA DE LAS EMPRESAS (OURENSE),2015-03-15,EQUIPOS DE 3,0,0,0,0,mixto
I CARRERA DE LAS EMPRESAS (OURENSE),2015-03-15,EQUIPOS DE 4,0,0,0,0,mixto
I CARRERA DE LAS EMPRESAS (OURENSE),2015-03-15,EQUIPOS DE 5,0,0,0,0,mixto
I CARRERA DE LAS EMPRESAS (OURENSE),2015-03-15,Individual,228,55,0,283,mixto
I CARRERA DE MONTAÑA GIJÓN TRAIL 2015,2015-03-01,TRAIL (22 KM Y DESNIVEL ACUMULADO DE 2000 M),345,39,0,384,mixto
I CARRERA EMPRESAS GALICIA,2018-11-04,CLASIFICACIÓN INDIVIDUAL,143,37,0,180,mixto
I CARRERA NOCTURNA CONCELLO DE FERROL 2012,2012-09-15,Absoluta. Distancia: 8000 m,0,0,0,0,mixto
"I CARRERA NOCTURNA DE NIGRÁN “PLAZAH2K""",2016-06-18,ABSOLUTA (1999 Y ANTERIORES),226,54,0,280,mixto
I CARRERA PEDESTRE CONCELLO DE CEE 10K,2014-06-21,CARREIRA ABSOLUTA (10K). DISTANCIA: 9840 M,0,0,0,0,mixto
I CARRERA PEDESTRE CONCELLO DE CEE 5K,2014-06-21,CARREIRA ABSOLUTA (5K). DISTANCIA: 4720 M,0,0,0,0,mixto
I CARRERA PEDESTRE CONCELLO DE CEE 5K,2014-06-21,CARREIRA XUVENIL. DISTANCIA: 4720 M,0,0,0,0,mixto
I CARRERA PEDESTRE CONCELLO DE CEE BENXAMIN-ALEVIN,2014-06-21,CARREIRA ALEVIN. DISTANCIA: 720 M,0,0,0,0,mixto
I CARRERA PEDESTRE CONCELLO DE CEE BENXAMIN-ALEVIN,2014-06-21,CARREIRA BENXAMIN. DISTANCIA: 720 M,0,0,0,0,mixto
I CARRERA PEDESTRE CONCELLO DE CEE INFANTIL-CADETE,2014-06-21,CARREIRA INFANTIL E CADETE. DISTANCIA: 2880 M,0,0,0,0,mixto
I CARRERA PEDESTRE CONCELLO DE ZAS 10K,2014-06-01,CARREIRA ABSOLUTA (10K). DISTANCIA: 10000 M,0,0,0,0,mixto
I CARRERA PEDESTRE CONCELLO DE ZAS 5K,2014-06-01,CARREIRA ABSOLUTA (5K). DISTANCIA: 5000 M,0,0,0,0,mixto
I CARRERA PEDESTRE CONCELLO DE ZAS MENORES,2014-06-01,CARREIRA ALEVIN. DISTANCIA: 1000 M,0,0,0,0,mixto
I CARRERA PEDESTRE CONCELLO DE ZAS MENORES,2014-06-01,CARREIRA BENXAMIN. DISTANCIA: 1000 M,0,0,0,0,mixto
I CARRERA PEDESTRE CONCELLO DE ZAS MENORES,2014-06-01,CARREIRA INFANTIL E CADETE. DISTANCIA: 3000 M,0,0,0,0,mixto
I CARRERA PEDESTRE CONCELLO DE ZAS MENORES,2014-06-01,CARREIRA XUVENIL. DISTANCIA: 5000 M,0,0,0,0,mixto
"I CARRERA POPULAR ""CULTIVANDO DEPORTE""",2016-09-10,CARRERA POPULAR,83,38,0,121,mixto
I CARRERA POPULAR 8KM AGONES 2014,2014-04-12,PRUEBA ABSOLUTA. DISTANCIA: 8000 M,0,0,0,0,mixto
I CARRERA POPULAR CENTRO RICARDO BARO,2014-11-01,PROBA ABSOLUTA. DISTANCIA: 5400 M,0,0,0,0,mixto
I CARRERA POPULAR CONTRA EL CANCER CORRE POR FERROL,2013-11-03,PROBA ABSOLUTA. DISTANCIA: 5000 M,0,0,0,0,mixto
I CARRERA POPULAR DE LA GUARDIA CIVIL DE OURENSE “PILAR 2024”,2024-10-06,ABSOLUTA (13 en adelante),294,141,0,435,mixto
I CARRERA POPULAR DOLMEN DE DOMBATE 10K,2014-09-27,CARREIRA ABSOLUTA (10K). DISTANCIA: 10000 M,130,15,0,145,mixto
I CARRERA POPULAR DOLMEN DE DOMBATE 6K,2014-09-27,CARREIRA ABSOLUTA (6K). DISTANCIA: 6000 M,0,0,0,0,mixto
I CARRERA POPULAR DOLMEN DE DOMBATE 6K,2014-09-27,CARREIRA XUVENIL. DISTANCIA: 6000 M,0,0,0,0,mixto
I CARRERA POPULAR DOLMEN DE DOMBATE MENORES,2014-09-27,CARREIRA ALEVIN. DISTANCIA: 1000 M,0,0,0,0,mixto
I CARRERA POPULAR DOLMEN DE DOMBATE MENORES,2014-09-27,CARREIRA BENXAMIN. DISTANCIA: 1000 M,0,0,0,0,mixto
I CARRERA POPULAR DOLMEN DE DOMBATE MENORES,2014-09-27,CARREIRA INFANTIL E CADETE. DISTANCIA: 3000 M,0,0,0,0,mixto
I CARRERA POPULAR NOCTURNA CORRENDO POR VIGO,2013-05-25,PRUEBA ABSOLUTA. DISTANCIA: 10000 M,0,0,0,0,mixto
I CARRERA POPULAR SALUDABLE 3K & 10K HUCA “Muévete por la Salud”,2015-09-27,10K HUCA,348,103,0,451,mixto
I CARRERA POPULAR VENTORRILLO 2013,2013-07-14,PRUEBA ABSOLUTA. DISTANCIA: 4760 M,0,0,0,0,mixto
I CARRERA POPULAR VENTORRILLO. MENORES 2013,2013-07-14,BENJAMIN Y ALEVIN. DISTANCIA: 845 M,0,0,0,0,mixto
I CARRERA POPULAR VENTORRILLO. MENORES 2013,2013-07-14,CADETE Y JUVENIL . DISTANCIA: 2090 M,0,0,0,0,mixto
I CARRERA POPULAR VENTORRILLO. MENORES 2013,2013-07-14,INFANTIL. DISTANCIA: 1400 M,0,0,0,0,mixto
I CARRERA POPULAR VILLA DE SARRIA 10 KM 2013,2013-06-02,PRUEBA ABSOLUTA. DISTANCIA: 10000 M,0,0,0,0,mixto
I CARRERA SOLIDARIA 'KILOMETROS QUE AYUDAN',2016-06-12,CARRERA DE 6 KM,57,19,0,76,mixto
I CARRERA SOLIDARIA A FAVOR DE AFECTADOS POR CÁNCER HEMATOLÓGICO Y TRASPLANTADOS DE MÉDULA ÓSEA 2013,2013-09-22,PRUEBA ABSOLUTA. DISTANCIA: 5000 M,0,0,0,0,mixto
"I CARRERA SOLIDARIA DE LUGO “LA VIDA ES UNA CARRERA ,VEN A GANARLA”",2015-06-14,CARRERA POPULAR,72,48,0,120,mixto
I CARRERA SOLIDARIA DULCES LESSONS (GIJÓN),2016-02-07,CATEGORÍAS SUPERIORES ( 2000 Y AÑOS ANTERIORES),379,337,0,716,mixto
I CARRERA SOLIDARIA FUNDACIÓN REAL MADRID OURENSE,2016-10-02,ADULTOS,197,47,0,244,mixto
I CARRERA SOLIDARIA FUNDACIÓN REAL MADRID OURENSE,2016-10-02,BENJAMINES Y ALEVINES,34,24,0,58,mixto
I CARRERA SOLIDARIA FUNDACIÓN REAL MADRID OURENSE,2016-10-02,INFANTILES Y CADETES,24,13,0,37,mixto
I CARRERA SOLIDARIA GT MOTIVE. PRUEBA ABSOLUTA,2014-09-27,PRUEBA ABSOLUTA. DISTANCIA: 5000 M,0,0,0,0,mixto
I CARRERA SOLIDARIA GT MOTIVE. PRUEBAS BENJAMIN E INFANTIL,2014-09-27,PRUEBA BENJAMIN. DISTANCIA: 40 M,0,0,0,0,mixto
I CARRERA SOLIDARIA GT MOTIVE. PRUEBAS BENJAMIN E INFANTIL,2014-09-27,PRUEBA INFANTIL. DISTANCIA: 200 M,0,0,0,0,mixto
I CIRCUITO CORUÑA CORRE. I CARRERA POPULAR LOS ROSALES. ABSOLUTA,2012-10-20,I CIRCUITO CORUÑA CORRE. I CARRERA POPULAR LOS ROSALES. ABSOLUTA,0,0,0,0,mixto
I CIRCUITO CORUÑA CORRE. I CARRERA POPULAR LOS ROSALES. ALEVINES,2012-10-20,I CIRCUITO CORUÑA CORRE. I CARRERA POPULAR LOS ROSALES. ALEVINES,0,0,0,0,mixto
I CIRCUITO CORUÑA CORRE. I CARRERA POPULAR LOS ROSALES. BENJAMINES,2012-10-20,I CIRCUITO CORUÑA CORRE. I CARRERA POPULAR LOS ROSALES. BENJAMINES,0,0,0,0,mixto
I CIRCUITO CORUÑA CORRE. I CARRERA POPULAR LOS ROSALES. INFANTILES CADETES Y JUVENILES MUJERES,2012-10-20,I CIRCUITO CORUÑA CORRE. I CARRERA POPULAR LOS ROSALES. INFANTILES CADETES Y JUVENILES MUJERES,0,0,0,0,mixto
I CIRCUITO CORUÑA CORRE. I CARRERA POPULAR LOS ROSALES. INFANTILES Y CADETES HOMBRES,2012-10-20,I CIRCUITO CORUÑA CORRE. I CARRERA POPULAR LOS ROSALES. INFANTILES Y CADETES HOMBRES,0,0,0,0,mixto
I CIRCUITO CORUÑA CORRE. II CARRERA POPULAR NOVO MESOIRO. ABSOLUTA,2012-11-04,I CIRCUITO CORUÑA CORRE. II CARRERA POPULAR NOVO MESOIRO. ABSOLUTA,0,0,0,0,mixto
I CIRCUITO CORUÑA CORRE. II CARRERA POPULAR NOVO MESOIRO. ALEVIN,2012-11-04,I CIRCUITO CORUÑA CORRE. II CARRERA POPULAR NOVO MESOIRO. ALEVIN,0,0,0,0,mixto
I CIRCUITO CORUÑA CORRE. II CARRERA POPULAR NOVO MESOIRO. BENXAMIN,2012-11-04,I CIRCUITO CORUÑA CORRE. II CARRERA POPULAR NOVO MESOIRO. BENXAMIN,0,0,0,0,mixto
I CIRCUITO CORUÑA CORRE. II CARRERA POPULAR NOVO MESOIRO. INFANTIL Y CADETE,2012-11-04,I CIRCUITO CORUÑA CORRE. II CARRERA POPULAR NOVO MESOIRO. INFANTIL Y CADETE,0,0,0,0,mixto
I CIRCUITO CORUÑA CORRE. II CARRERA POPULAR NOVO MESOIRO. XUVENIL,2012-11-04,I CIRCUITO CORUÑA CORRE. II CARRERA POPULAR NOVO MESOIRO. XUVENIL,0,0,0,0,mixto
I CIRCUITO CP SAUDABLES CorreSAN. Cidade Da Cultura,2012-10-14,I CIRCUITO CP SAUDABLES CorreSAN. Cidade Da Cultura,0,0,0,0,mixto
"I CIRCUITO DE TRAVESÍAS DE OBSTÁCULOS ENKIPRO ""As Pontes""",2017-07-08,KIDS,13,9,0,22,mixto
"I CIRCUITO DE TRAVESÍAS DE OBSTÁCULOS ENKIPRO ""As Pontes""",2017-07-08,TRAVESIA PRO (GORRO BLANCO),16,1,0,17,mixto
"I CIRCUITO DE TRAVESÍAS DE OBSTÁCULOS ENKIPRO ""As Pontes""",2017-07-08,TRAVESIA PRO CORTA (GORRO AZUL),16,20,0,36,mixto
"I CIRCUITO DE TRAVESÍAS DE OBSTÁCULOS ENKIPRO ""LAXE""",2017-07-29,KIDS,23,24,0,47,mixto
"I CIRCUITO DE TRAVESÍAS DE OBSTÁCULOS ENKIPRO ""LAXE""",2017-07-29,TRAVESIA PRO (GORRO BLANCO),34,7,0,41,mixto
"I CIRCUITO DE TRAVESÍAS DE OBSTÁCULOS ENKIPRO ""LAXE""",2017-07-29,TRAVESIA PRO CORTA (GORRO AZUL),27,11,0,38,mixto
I CIRCUITO DE TRAVESÍAS DE OBSTÁCULOS ENKIPRO A POBRA,2017-08-15,KIDS,19,11,0,30,mixto
I CIRCUITO DE TRAVESÍAS DE OBSTÁCULOS ENKIPRO A POBRA,2017-08-15,TRAVESIA PRO (GORRO BLANCO),28,14,0,42,mixto
I CIRCUITO DE TRAVESÍAS DE OBSTÁCULOS ENKIPRO A POBRA,2017-08-15,TRAVESIA PRO CORTA (GORRO AZUL),23,20,0,43,mixto
I CIRCUITO DE TRAVESÍAS DE OBSTÁCULOS ENKIPRO ARTEIXO,2017-09-09,KIDS,8,11,0,19,mixto
I CIRCUITO DE TRAVESÍAS DE OBSTÁCULOS ENKIPRO ARTEIXO,2017-09-09,TRAVESIA PRO (GORRO ROJO),10,3,0,13,mixto
I CIRCUITO DE TRAVESÍAS DE OBSTÁCULOS ENKIPRO ARTEIXO,2017-09-09,TRAVESIA PRO CORTA (GORRO BLANCO),15,14,0,29,mixto
I COMPETICION CIUDAD DE A CORUÑA MARCHA NORDICA,2017-03-05,MARCHA NORDICA,28,44,0,72,mixto
I CORRENDO POR VIGO 2012,2012-01-08,Proba Absoluta. Distancia: 8000 m,0,0,0,0,mixto
I CROSS COUNTRY CABANAS 2014,2014-03-09,PRUEBA ABSOLUTA. DISTANCIA: 3700 M,0,0,0,0,mixto
I CROSS COUNTRY LUGO,2014-03-02,PRUEBA ABSOLUTA. DISTANCIA: 3900 M,0,0,0,0,mixto
I CROSS COUNTRY PONTEVEDRA,2014-02-23,PRUEBA ABSOLUTA. DISTANCIA: 4000 M,0,0,0,0,mixto
I CROSS COUNTRY VILALBA 2014,2014-02-02,PRUEBA ABSOLUTA. DISTANCIA: 3800 M,0,0,0,0,mixto
"I CROSS PONTE ROMANA. ""HOMENAXE A PALELAS""",2017-03-05,ABSOLUTA POPULAR (1999 Y ANTERIORES),140,33,0,173,mixto
"I CROSS PONTE ROMANA. ""HOMENAXE A PALELAS""",2017-03-05,ALEVIN (2006 Y 2007),13,12,0,25,mixto
"I CROSS PONTE ROMANA. ""HOMENAXE A PALELAS""",2017-03-05,BENJAMIN (2008 Y 2009),18,9,0,27,mixto
"I CROSS PONTE ROMANA. ""HOMENAXE A PALELAS""",2017-03-05,CADETE (2002 Y 2003) / JUVENIL (2000 Y 2001),9,6,0,15,mixto
"I CROSS PONTE ROMANA. ""HOMENAXE A PALELAS""",2017-03-05,INFANTIL (2004 Y 2005),7,16,0,23,mixto
I CTO. GALEGO DE AUGAS ABERTAS,2017-09-16,CATEGORÍA ALEVÍN,11,14,0,25,mixto
I CTO. GALEGO DE AUGAS ABERTAS,2017-09-16,CATEGORÍA INFANTIL,19,14,0,33,mixto
I CTO. GALEGO DE AUGAS ABERTAS,2017-09-16,"CATEGORÍAS JUNIOR-1, JUNIOR-2 Y SENIOR",32,12,0,44,mixto
I CTO. GALEGO DE AUGAS ABERTAS,2017-09-16,CATEGORÍAS MÁSTER,40,15,0,55,mixto
I Carreira 10 km Nocturna BurelaBonita,2016-07-23,CARREIRA 10K,130,21,0,151,mixto
I Carreira da Ostra ARCADE - SOUTOMAIOR 2014,2014-07-27,PROBA ABSOLUTA. DISTANCIA: 5000 M,0,0,0,0,mixto
I Carrera Popular Matogrande,2016-01-10,Adultos (1998 y anteriores),657,224,0,881,mixto
I Carrera Popular Matogrande,2016-01-10,Alevín (2005-2006),40,28,0,68,mixto
I Carrera Popular Matogrande,2016-01-10,Benjamín (2007-2008),27,36,0,63,mixto
I Carrera Popular Matogrande,2016-01-10,Infantil (2003-2004),17,20,0,37,mixto
I Carrera Popular Matogrande,2016-01-10,Juvenil-Cadete (1999-2002),27,12,0,39,mixto
I Carrera Solidaria Cafés Toscaf,2015-09-27,ABSOLUTA (5700M),104,42,0,146,mixto
I DESAFÍO B/R BALMORI 2014,2014-06-29,ADULTOS. DISTANCIA: 31500 M,0,0,0,0,mixto
I DESCENSO A NADO CONCELLO DE SALVATERRA DE MIÑO,2025-08-23,1K (ALEVIN-BENXAMIN),10,8,0,18,mixto
I DESCENSO A NADO CONCELLO DE SALVATERRA DE MIÑO,2025-08-23,1K POPULAR,6,2,0,8,mixto
I DESCENSO A NADO CONCELLO DE SALVATERRA DE MIÑO,2025-08-23,"2,5K (INF, SUB23, SUB-45, +45)",9,4,0,13,mixto
I DESCENSO A NADO CONCELLO DE SALVATERRA DE MIÑO,2025-08-23,ELITE 4Km (Puntuable Circuito Galego AA Open),17,11,0,28,mixto
I DESCENSO A NADO CONCELLO DE SALVATERRA DE MIÑO,2025-08-23,MASTER 4K(Puntuable Circuito Galego AA Máster Open),23,22,0,45,mixto
I DUATLON CONCELLO DE COSPEITO VILA DE MUIMENTA,2025-04-26,General,85,29,0,114,mixto
I DUATLON CONCELLO DE COSPEITO VILA DE MUIMENTA,2025-04-26,PROMOCION,6,2,0,8,mixto
I DÚATLON CROS CONCELLO DE SADA,2019-02-24,Femeninia,0,0,0,0,mixto
I DÚATLON CROS CONCELLO DE SADA,2019-02-24,General,97,0,0,97,mixto
I DÚATLON DE MORAÑA,2020-03-08,A,62,0,0,62,mixto
I DÚATLON DE MORAÑA,2020-03-08,B,36,0,0,36,mixto
I DÚATLON DE MORAÑA,2020-03-08,General,0,0,0,0,mixto
I DÚATLON DE MORAÑA,2020-03-08,POPULAR,14,5,0,19,mixto
I Dúatlon Concello de Poio,2019-02-03,General,97,23,0,120,mixto
I Dúatlon Concello de Riveira - Memorial Jesús e Vicente,2016-03-13,Popular,61,0,0,61,mixto
I Dúatlon Concello de Riveira - Memorial Jesús e Vicente,2016-03-13,Élite,75,14,0,89,mixto
I Dúatlon Cros Cerdedo-Cotobade,2019-12-08,General,61,8,0,69,mixto
I Dúatlon Torre dos Andrade Concello de Vilalba,2026-04-19,General,61,21,0,82,mixto
I Dúatlon Torre dos Andrade Concello de Vilalba Remudas,2026-04-19,REMUDAS CTO,0,0,7,7,mixto
I Dúatlon Torre dos Andrade Concello de Vilalba Remudas,2026-04-19,REMUDAS OPEN,0,0,5,5,mixto
I Dúatlon de estrada San Cibrao das Viñas,2019-04-07,Absoluta,0,0,0,0,mixto
I Dúatlon de estrada San Cibrao das Viñas,2019-04-07,Popular,0,0,0,0,mixto
I EDICIÓN DA CARREIRA POPULAR DE TERNERA GALLEGA. ADULTOS,2014-09-13,ADULTOS. DISTANCIA: 5500 M,0,0,0,0,mixto
I EDICIÓN DA CARREIRA POPULAR DE TERNERA GALLEGA. NENOS,2014-09-13,BENXAMIN ALEVIN. DISTANCIA: 600 M,0,0,0,0,mixto
I EDICIÓN DA CARREIRA POPULAR DE TERNERA GALLEGA. NENOS,2014-09-13,INFANTIL CADETE. DISTANCIA: 1200 M,0,0,0,0,mixto
I GRAN FONDO BTT RUTAS DE OURENSE,2016-05-07,BRONCE – 62 km – 1.400 metros de desnivel +,90,3,0,93,mixto
I GRAN FONDO BTT RUTAS DE OURENSE,2016-05-07,EQUIPOS - GRAN FONDO BTT RUTAS DE OURENSE - ORO - 2 Integrantes,0,0,0,0,mixto
I GRAN FONDO BTT RUTAS DE OURENSE,2016-05-07,ORO EQUIPOS DE 2– 160 Km- 4.200 metros de desnivel +,12,0,0,12,mixto
I GRAN FONDO BTT RUTAS DE OURENSE,2016-05-07,ORO INDIVIDUAL– 160 Km- 4.200 metros de desnivel +,20,0,0,20,mixto
I GRAN FONDO BTT RUTAS DE OURENSE,2016-05-07,PLATA – 125 Km – 3.100 metros de desnivel +,31,0,0,31,mixto
I GRAN FONDO BTT RUTAS DE OURENSE,2016-05-07,POPULAR – 33 km – 750 metros de desnivel +,29,5,0,34,mixto
I LEGUA CIUDAD DE VALLADOLID 2013,2013-09-15,LEGUA. DISTANCIA: 5500 M,0,0,0,0,mixto
I LEGUA IRMANDIÑA (VIMIANZO),2015-06-26,CATEGORÍAS ABSOLUTAS ( 1997 E ANTERIORES),88,30,0,118,mixto
I LEGUA IRMANDIÑA (VIMIANZO),2015-06-26,CATEGORÍAS BENXAMÍN E ALEVIN (2004 A 2007),4,5,0,9,mixto
I LEGUA IRMANDIÑA (VIMIANZO),2015-06-26,"CATEGORÍAS INFANTIL, CADETE E XUVENIL (1998 A 2003)",11,2,0,13,mixto
I MARCHA-CARRERA POR LA IGUALDAD CIUDAD DE PONTEVEDRA,2020-03-08,MARCHA-CARRERA,115,244,0,359,mixto
I MARCHA-CARRERA POR LA IGUALDAD CIUDAD DE PONTEVEDRA,2020-03-08,Marcha para personas con discapacidad,0,1,0,1,mixto
I MEDIA MARATON CIUDAD DE OVIEDO 2014,2014-06-15,ADULTOS. DISTANCIA: 21097 M,0,0,0,0,mixto
I MEDIA MARATON SOLIDARIA ZONA ABERTA VILAGARCIA DE AROUSA 2012,2012-11-25,I MEDIA MARATON SOLIDARIA ZONA ABERTA VILAGARCIA DE AROUSA 2012,0,0,0,0,mixto
I MEDIO MARATÓN CIDADE DE LUGO – DIARIO EL PROGRESO,2017-05-14,MEDIO MARATON (MAYORES DE 18 AÑOS),533,55,0,588,mixto
I MILLA POPULAR URBANA CONCELLO DE LOURENZÁ,2017-07-29,CADETE (2002-2003) XUVENIL-PROMESA (1998-2001),0,4,0,4,mixto
I MILLA POPULAR URBANA CONCELLO DE LOURENZÁ,2017-07-29,CADETE (2002-2003) XUVENIL-PROMESA (1998-2001) MASC,13,0,0,13,mixto
I MILLA POPULAR URBANA CONCELLO DE LOURENZÁ,2017-07-29,SENIOR (DESDE 1997 ATA 34 ANOS E VETERANOS B (45-54 ANOS),29,0,0,29,mixto
I MILLA POPULAR URBANA CONCELLO DE LOURENZÁ,2017-07-29,SENIOR E VETERANS (1997 E ANTERIORES),0,7,0,7,mixto
I MILLA POPULAR URBANA CONCELLO DE LOURENZÁ,2017-07-29,"VETERANOS A (35-44 ANOS), VETERANOS C (55-64 ANOS) e VETERANOS D (65 EN ADIANTE)",28,0,0,28,mixto
I MILLA URBANA 40 ANIVERSARIO LUCUS,2024-10-12,MILLA,12,0,0,12,mixto
I MILLA URBANA 40 ANIVERSARIO LUCUS,2024-10-12,MILLA FEMININA,0,12,0,12,mixto
I MIÑO RADIKAL (PROBA CON OBSTÁCULOS EN OURENSE),2015-02-22,Equipos Mixtos,0,0,0,0,mixto
I MIÑO RADIKAL (PROBA CON OBSTÁCULOS EN OURENSE),2015-02-22,PROBA DE OBSTÁCULOS,308,121,0,429,mixto
I Marcha Cicloturista Concello de Lourenzá,2017-09-10,Cronoescalada á Cadeira por Tovar,58,1,0,59,mixto
I Media Maratón de Ferrol La Departamental,2014-09-28,MEDIA MARATÓN DE FERROL. DISTANCIA: 21097 M,0,0,0,0,mixto
I NIGHT TRAIL QUIROGA,2016-07-30,TRAIL 16 KM,59,19,0,78,mixto
I NIGHT TRAIL QUIROGA,2016-07-30,TRAIL 8 KM,56,50,0,106,mixto
I OCR CHANTADA WOLF SURVIVAL RACE,2018-09-23,COMPETITIVA,76,15,0,91,mixto
I OCR CHANTADA WOLF SURVIVAL RACE,2018-09-23,EQUIPOS OCR CHANTADA WOLF SURVIVAL RACE,0,0,0,0,mixto
I OCR CHANTADA WOLF SURVIVAL RACE,2018-09-23,POPULAR,191,87,0,278,mixto
I OCR CHANTADA WOLF SURVIVAL RACE,2018-09-23,STARTER,32,1,0,33,mixto
I OKTOBERBIKE CAMPELO 2017,2017-03-19,BTT-MTB,133,4,0,137,mixto
I RETO SUBE E BAIXA EXPOGRELO ABADIN,2025-03-01,ABSOLUTA (2009 e anteriores),63,18,0,81,mixto
I RETO SUBE E BAIXA EXPOGRELO ABADIN,2025-03-01,SUB10 (2016-2017) - SUB12 (2014-2015),5,7,0,12,mixto
I RETO SUBE E BAIXA EXPOGRELO ABADIN,2025-03-01,SUB14 (2012-2013) - SUB16 (2010-2011),4,3,0,7,mixto
I RUTA BTT CAMPASPERO – CIRCUITO SPRINTERCHIP BTT SERIES – 1ª ETAPA.,2016-04-10,RUTA ORO,180,5,0,185,mixto
I RUTA BTT CAMPASPERO – CIRCUITO SPRINTERCHIP BTT SERIES – 1ª ETAPA.,2016-04-10,RUTA PLATA,103,12,0,115,mixto
"I SAN SILVESTRE DE MOS ""PET FRIENDLY""",2023-12-31,"3,5 KM",25,33,0,58,mixto
"I SAN SILVESTRE DE MOS ""PET FRIENDLY""",2023-12-31,7 KM,32,8,0,40,mixto
I SANITAS MARCA RUNNING SERIES DE VIGO,2015-10-04,10 km,60,11,0,71,mixto
I SANITAS MARCA RUNNING SERIES DE VIGO,2015-10-04,5 KM,25,5,0,30,mixto
I SUBIDA A LAGOS DE COVADONGA,2014-06-29,SUBIDA LAGOS. DISTANCIA: 13500 M,0,0,0,0,mixto
I SUBIDA A MONTEALEGRE,2015-03-22,EQUIPOS MIXTOS,0,0,0,0,mixto
I SUBIDA A MONTEALEGRE,2015-03-22,"SUBIDA (PENDENTE MAXIMA DUN 24,9% E MEDIA DUN 9,4%))",54,14,0,68,mixto
I TRAIL A FUME DE CAROZO 2023,2023-09-02,TRAIL 16K (Desnivel +600),41,10,0,51,mixto
I TRAIL A FUME DE CAROZO 2023,2023-09-02,TRAIL 25K (Desnivel +900),23,5,0,28,mixto
I TRAIL CONCELLO DE MAÑÓN,2023-11-26,TRAIL (1514m acumulado),91,16,0,107,mixto
I TRAIL DE MONTAÑA LUCUS MOUNTAIN,2016-11-06,"ALEVINES (2005, 2006)",8,3,0,11,mixto
I TRAIL DE MONTAÑA LUCUS MOUNTAIN,2016-11-06,"BENJAMINES (2007,2008)",11,17,0,28,mixto
I TRAIL DE MONTAÑA LUCUS MOUNTAIN,2016-11-06,"CADETES (2001, 2002), JUVENILES (1999, 2000) Y PROMESAS (1998 HASTA 17 AÑOS)",2,3,0,5,mixto
I TRAIL DE MONTAÑA LUCUS MOUNTAIN,2016-11-06,"INFANTILES (2003, 2004)",5,8,0,13,mixto
I TRAIL DE MONTAÑA LUCUS MOUNTAIN,2016-11-06,"PREBENJAMINES (2009, 2010)",5,3,0,8,mixto
I TRAIL DE MONTAÑA LUCUS MOUNTAIN,2016-11-06,"TRAIL CORTO 15,9 KM (MAYORES DE 18 AÑOS)",79,26,0,105,mixto
I TRAIL DE MONTAÑA LUCUS MOUNTAIN,2016-11-06,"TRAIL LARGO 24,8 KM (MAYORES DE 18 AÑOS)",63,4,0,67,mixto
I TRAIL DE PADERNE,2018-05-13,EQUIPOS I TRAIL DE PADERNE,0,0,0,0,mixto
I TRAIL DE PADERNE,2018-05-13,TRAIL 21 km,78,22,0,100,mixto
I TRAIL DO NOCEDO,2022-03-27,TRAIL 25KM (1.200 m desnivel),48,6,0,54,mixto
I TRAIL DO NOCEDO,2022-03-27,TRAILIÑO 15KM (600 m desnivel),87,18,0,105,mixto
I TRAIL DO ROMANICO,2019-07-21,ABSOLUTA (16 ANOS EN DIANTE),163,59,0,222,mixto
I TRAIL DO XURÉS,2020-11-29,GRAN FONDO 25k,95,8,0,103,mixto
I TRAIL DO XURÉS,2020-11-29,MINI FONDO 15K,89,27,0,116,mixto
I TRAIL ENCONTRO MONTE PINDO,2015-07-11,ADULTOS 14 KM (18 EN ADELANTE),71,5,0,76,mixto
I TRAIL ENCONTRO MONTE PINDO,2015-07-11,BENJAMIN (8 Y 9 AÑOS) Y ALEVINES (10 Y 11 AÑOS),7,6,0,13,mixto
I TRAIL ENCONTRO MONTE PINDO,2015-07-11,INFANTIL (12 Y 13 AÑOS) Y CADETE (14 Y 15 AÑOS),5,3,0,8,mixto
I TRAIL ENCONTRO MONTE PINDO,2015-07-11,PAREJAS (18 EN ADELANTE),2,6,0,8,mixto
I TRAIL ENCONTRO MONTE PINDO,2015-07-11,PREBENXAMIN (6 Y 7 AÑOS),1,2,0,3,mixto
I TRAIL MOSTEIRO DE SOANDRES CONCELLO DA LARACHA,2021-12-19,16KM ( 500m desnivel +),181,34,0,215,mixto
I TRAIL RIBEIRA SACRA (NOGUEIRA DE RAMUÍN),2016-10-02,TRAIL 50 KM (DESNIVEL POSITIVO DE 2900 MTS APROX),59,5,0,64,mixto
I TRAIL RIBEIRA SACRA (NOGUEIRA DE RAMUÍN),2016-10-02,TRAIL CORTO 24 KM (DESNIVEL POSITIVO DE 1300 MTS APROX.),158,32,0,190,mixto
I TRAIL TRANS SERRA DA GROBA,2013-11-02,PROBA ABSOLUTA. DISTANCIA: 45000 M,0,0,0,0,mixto
I TRAIL Y ANDAINA DE CELANOVA,2016-09-18,RELEVOS DE PAREJAS (MAYORES DE 18 AÑOS),27,2,0,29,mixto
I TRAIL Y ANDAINA DE CELANOVA,2016-09-18,TRAIL (MAYORES DE 18 AÑOS),116,18,0,134,mixto
I TRAIL “RUTA DOS MUIÑOS” RIOTORTO 2023,2023-05-27,ENDURO,10,2,0,12,mixto
I TRAIL “RUTA DOS MUIÑOS” RIOTORTO 2023,2023-05-27,ENDURO EBIKE,1,1,0,2,mixto
I TRAIL “RUTA DOS MUIÑOS” RIOTORTO 2023,2023-05-27,TRAIL,57,15,0,72,mixto
I TRAVESIA A NADO PLAYA DE MIÑO,2025-09-13,TRAVESIA A (2010-2013),13,9,0,22,mixto
I TRAVESIA A NADO PLAYA DE MIÑO,2025-09-13,TRAVESIA B (2005 y anteriores),41,23,0,64,mixto
I TRAVESIA A NADO PLAYA DE MIÑO,2025-09-13,TRAVESIA C (2011 y anteriores),13,10,0,23,mixto
I TRAVESIA A NADO RIO LEREZ,2023-09-16,1250M,26,27,0,53,mixto
I TRAVESIA A NADO RIO LEREZ,2023-09-16,BENXAMIN (2012-2013),12,13,0,25,mixto
I TRAVESIA A NADO RIO LEREZ,2023-09-16,ELITE (2009 e anteriores),21,12,0,33,mixto
I TRAVESIA A NADO RIO LEREZ,2023-09-16,MASTER/POPULAR (2003 e anteriores),38,25,0,63,mixto
I TRAVESIA A NADO RIO LEREZ,2023-09-16,PREBENXAMIN (2014 e posteriores),15,5,0,20,mixto
I TRAVESÍA A NADO BALARÉS,2017-07-23,TRAVESIA,74,14,0,88,mixto
I TRAVESÍA A NADO DO MIÑO CIDADE DE LUGO. 1500m,2013-07-20,DISTANCIA 1500M. DISTANCIA: 1500 M,0,0,0,0,mixto
I TRAVESÍA A NADO DO MIÑO CIDADE DE LUGO. 4000m,2013-07-20,DISTANCIA 4000M. DISTANCIA: 4000 M,0,0,0,0,mixto
I TRAVESÍA A NADO ENTRE CAMARIÑAS E MUXÍA POLOS ESQUECIDOS EN LESBOS,2016-07-02,TRAVESÍA 2500 M APROX,67,13,0,80,mixto
I TRAVESÍA DO CANEIRO - CLUB FLUVIAL DE LUGO,2017-09-02,TRAVESÍA CORTA CON NEOPRENO,2,0,0,2,mixto
I TRAVESÍA DO CANEIRO - CLUB FLUVIAL DE LUGO,2017-09-02,TRAVESÍA CORTA SIN NEOPRENO,10,15,0,25,mixto
I TRAVESÍA DO CANEIRO - CLUB FLUVIAL DE LUGO,2017-09-02,TRAVESÍA LARGA CON NEOPRENO,3,0,0,3,mixto
I TRAVESÍA DO CANEIRO - CLUB FLUVIAL DE LUGO,2017-09-02,TRAVESÍA LARGA SIN NEOPRENO,31,14,0,45,mixto
I TRIATLON SPRINT SOLIDARIO CONCELLO DE BOIRO,2017-06-18,EQUIPOS,48,0,0,48,mixto
I TRIATLON SPRINT SOLIDARIO CONCELLO DE BOIRO,2017-06-18,INDIVIDUAL (2002 Y AÑOS ANTERIORES),93,9,0,102,mixto
I TRITEA-ACUATLÓN POPULAR E INCLUSIVO -PONTEAREAS,2023-08-20,ACUATLÓN,33,12,0,45,mixto
I TRITEA-TRÍATLON DE MENORES “A FREIXA”-PONTEAREAS,2023-08-20,ALEVIN,20,11,0,31,mixto
I TRITEA-TRÍATLON DE MENORES “A FREIXA”-PONTEAREAS,2023-08-20,BENXAMIN,10,5,0,15,mixto
I TRITEA-TRÍATLON DE MENORES “A FREIXA”-PONTEAREAS,2023-08-20,CADETE,15,12,0,27,mixto
I TRITEA-TRÍATLON DE MENORES “A FREIXA”-PONTEAREAS,2023-08-20,INFANTIL,16,18,0,34,mixto
I TRITEA-TRÍATLON DE MENORES “A FREIXA”-PONTEAREAS,2023-08-20,PREBENXAMIN,3,4,0,7,mixto
I Trail Monte Aloia,2016-05-01,15KM,87,23,0,110,mixto
I Trail Monte Aloia,2016-05-01,25KM,62,2,0,64,mixto
I Triatlón Boamorte Bikes Sanxenxo,2016-09-04,ABSOLUTA,259,23,0,282,mixto
I Trivolta a Galicia,2017-04-29,Etapa 1: Popular,14,4,0,18,mixto
I Trivolta a Galicia,2017-04-29,Etapa 1: Trivolta,28,7,0,35,mixto
I Trivolta a Galicia,2017-04-29,Etapa 2: Popular,7,4,0,11,mixto
I Trivolta a Galicia,2017-04-29,Etapa 2: Trivolta,33,7,0,40,mixto
I Trivolta a Galicia,2017-04-29,Etapa 3: Popular,16,3,0,19,mixto
I Trivolta a Galicia,2017-04-29,Etapa 3: Trivolta,38,10,0,48,mixto
I Trivolta a Galicia,2017-04-29,Xeral,23,7,0,30,mixto
I Tríatlon Concello de Redondela,2017-07-23,ABSOLUTA,117,25,0,142,mixto
I Tríatlon Concello de Rianxo,2017-09-02,ABSOLUTA,101,9,0,110,mixto
I URBANCROSS GIJÓN 2013,2013-07-20,PRUEBA OPEN. DISTANCIA: 9000 M,0,0,0,0,mixto
I Urban Trail Night Pontevedra 2017,2017-03-11,ABSOLUTA CCCP,194,50,0,244,mixto
I Urban Trail Night Pontevedra 2017,2017-03-11,ABSOLUTA CCCP [Compensada],194,50,0,244,mixto
I Urban Trail Night Pontevedra 2017,2017-03-11,PROBA ABSOLUTA,408,92,0,500,mixto
I VOLTA A NADO ILLA DE TAMBO-CONCELLO DE POIO,2022-08-21,4500,34,9,0,43,mixto
I VOLTA A NADO ILLA DE TAMBO-CONCELLO DE POIO,2022-08-21,6000,78,13,0,91,mixto
I Vertiatlón Solidario de Baiona,2015-09-12,ABSOLUTA,169,13,0,182,mixto
I Vertiatlón Solidario de Baiona,2015-09-12,PARATRIATLON,0,1,0,1,mixto
I Ácuatlon Concello de Poio,2017-07-01,ABSOLUTA,61,30,0,91,mixto
II 10 KM SAN ANDRES DEL RABANEDO 2012,2012-09-16,Prueba Absoluta. Distancia: 10000 m,0,0,0,0,mixto
II 10KM CIDADE UNIVERSITARIA - CUVI 2008,2008-03-30,ABSOLUTA. DISTANCIA: 10000 M,0,0,0,0,mixto
II BARBANTIA RODA 2013,2013-09-07,ULTRAMARATON BTT (DESNIVEL ACUMULADO DE 3750 M). DISTANCIA: 103 KM,0,0,0,0,mixto
II BTT CARREIRA SOLIDARIA A FAVOR DA LOITA DO CANCRO CONCELLO DE BOBORÁS (OURENSE),2018-09-23,BTT 40 KM,75,3,0,78,mixto
II BTT CONCELLO DE O PINO 2013,2013-06-16,MARCHA CICLOTURISTA. DISTANCIA: 43 KM,0,0,0,0,mixto
II BTT MONTE CASTELO,2021-11-14,Ruta curta (36km),214,9,0,223,mixto
II BTT MONTE CASTELO,2021-11-14,Ruta curta eBike (36km),6,0,0,6,mixto
II BTT MONTE CASTELO,2021-11-14,Ruta longa (55kms),190,6,0,196,mixto
II BTT MONTE CASTELO,2021-11-14,Ruta longa eBike (55kms),2,0,0,2,mixto
II C-TRAIL BRIGANTIA AVENTURA,2016-05-15,CURTO 10KM,134,59,0,193,mixto
II C-TRAIL BRIGANTIA AVENTURA,2016-05-15,LONGO 23KM,146,14,0,160,mixto
II CAMPEONATO DE GALICIA POR EQUIPOS- II COPA XUNTA DE GALICIA MARCHA NORDICA,2024-04-28,ANDAINA NORDICA( prueba no arbitrada),1,3,0,4,mixto
II CAMPEONATO DE GALICIA POR EQUIPOS- II COPA XUNTA DE GALICIA MARCHA NORDICA,2024-04-28,COPA (Solo federados),23,32,0,55,mixto
II CAMPEONATO DE GALICIA POR EQUIPOS- II COPA XUNTA DE GALICIA MARCHA NORDICA,2024-04-28,COPA VETERANOS D,3,3,0,6,mixto
II CAMPEONATO DE GALICIA POR EQUIPOS- II COPA XUNTA DE GALICIA MARCHA NORDICA,2024-04-28,OPEN (Sin necesidad de estar federados),16,50,0,66,mixto
II CAMPEONATO DE GALICIA POR EQUIPOS- II COPA XUNTA DE GALICIA MARCHA NORDICA,2024-04-28,OPEN MENORES,2,4,0,6,mixto
II CARREIRA 10K SALCEDA,2014-05-04,PROBA ABSOLUTA. DISTANCIA: 10000 M,0,0,0,0,mixto
II CARREIRA 10K SALCEDA 1000m,2014-05-04,CATEGORÍA B. DISTANCIA: 1000 M,0,0,0,0,mixto
II CARREIRA 10K SALCEDA 2500m Y 500m,2014-05-04,CATEGORÍA A. DISTANCIA: 2500 M,0,0,0,0,mixto
II CARREIRA 10K SALCEDA 2500m Y 500m,2014-05-04,CATEGORÍA C. DISTANCIA: 500 M,0,0,0,0,mixto
II CARREIRA DA MULLER VIVAS E VISIBLES (SARRIA),2019-03-09,CARREIRA 5K (A partir de 12 anos),76,75,0,151,mixto
II CARREIRA DE MONTAÑA MONTES DE VIVEIRO 2012 OPEN,2012-09-30,II CARREIRA DE MONTAÑA MONTES DE VIVEIRO 2012 OPEN,0,0,0,0,mixto
II CARREIRA DESAFÍO SANTANDER- ISLAS CÍES,2017-09-24,CARREIRA POPULAR (2001 Y ANT.),168,81,0,249,mixto
II CARREIRA DO CAMIÑO A MERCED-AS ACEAS” (SARRIA),2019-06-02,CARREIRA 10K (2003 E ANOS ANTERIORES),58,7,0,65,mixto
II CARREIRA DO CAMIÑO A MERCED-AS ACEAS” (SARRIA),2019-06-02,CARREIRA A (2008 A 2011),9,8,0,17,mixto
II CARREIRA DO CAMIÑO A MERCED-AS ACEAS” (SARRIA),2019-06-02,CARREIRA B (2004 A 2007),5,5,0,10,mixto
II CARREIRA DO COCIDO - LALIN 2012,2012-02-05,PROBA ABSOLUTA. DISTANCIA: 10000 M,0,0,0,0,mixto
II CARREIRA DO COCIDO - LALIN 2012,2012-02-05,PROBA ALEVIN. DISTANCIA: 1100 M,0,0,0,0,mixto
II CARREIRA DO COCIDO - LALIN 2012,2012-02-05,PROBA BENXAMIN. DISTANCIA: 800 M,0,0,0,0,mixto
II CARREIRA DO COCIDO - LALIN 2012,2012-02-05,PROBA CADETE. DISTANCIA: 2200 M,0,0,0,0,mixto
II CARREIRA DO COCIDO - LALIN 2012,2012-02-05,PROBA INFANTIL. DISTANCIA: 2200 M,0,0,0,0,mixto
II CARREIRA DÍA DO TRABALLADOR DE TOMIÑO,2019-05-01,RECORRIDO DE 10 KM,74,19,0,93,mixto
II CARREIRA DÍA DO TRABALLADOR DE TOMIÑO,2019-05-01,RECORRIDO DE 5 KM,38,25,0,63,mixto
II CARREIRA INTERNACIONAL DE CALVOS 2014,2014-06-28,PROBA ABSOLUTA. DISTANCIA: 4200 M,0,0,0,0,mixto
II CARREIRA NOCTURNA ESTRADENSE 2013,2013-06-21,PROBA ABSOLUTA. DISTANCIA: 6800 M,0,0,0,0,mixto
II CARREIRA NOCTURNA MURUS LUCIS,2018-06-15,CASTREX@S (A PARTIR DE 16 ANOS),23,17,0,40,mixto
II CARREIRA NOCTURNA MURUS LUCIS,2018-06-15,ROMAN@S (A PARTIR DE 16 ANOS),17,13,0,30,mixto
II CARREIRA NOCTURNA RINLO-RIBADEO,2018-08-18,ABSOLUTA (2002 E ANOS ANTERIORES),186,44,0,230,mixto
II CARREIRA NOCTURNA RINLO-RIBADEO,2018-08-18,ALEVIN,6,12,0,18,mixto
II CARREIRA NOCTURNA RINLO-RIBADEO,2018-08-18,BENXAMIN,13,14,0,27,mixto
II CARREIRA NOCTURNA RINLO-RIBADEO,2018-08-18,INFANTIL (2005/2006) E CADETE (2003/2004),12,10,0,22,mixto
II CARREIRA NOCTURNA RINLO-RIBADEO,2018-08-18,PREBENXAMIN,18,4,0,22,mixto
II CARREIRA NOCTURNA URBANA CONCELLO DE PONTEDEUME,2022-09-16,ABSOLUTA (2006 e anteriores),89,13,0,102,mixto
II CARREIRA NOCTURNA URBANA CONCELLO DE PONTEDEUME,2022-09-16,MENORES (2007 e posteriores),9,11,0,20,mixto
II CARREIRA NOCTURNA “CONCELLO DE VIVEIRO” HOMENAXE ADRIAN BEN,2016-08-12,ABSOLUTA (1999 E ANTERIORES),108,42,0,150,mixto
II CARREIRA PEDESTRE CONCELLO DE VIMIANZO 2013 - 10KM,2013-05-26,PROBA ABSOLUTA. DISTANCIA: 10000 M,0,0,0,0,mixto
II CARREIRA PEDESTRE CONCELLO DE VIMIANZO 2013 - XUVENIL-CADETE,2013-05-26,CADETE-XUVENIL. DISTANCIA: 2200 M,0,0,0,0,mixto
II CARREIRA PEDESTRE CONCELLO DE ZAS,2015-06-06,10K (1997 E ANTERIORES),132,14,0,146,mixto
II CARREIRA PEDESTRE CONCELLO DE ZAS,2015-06-06,5K CONTRA O CANCRO (1997 E ANTERIORES),38,39,0,77,mixto
II CARREIRA PEDESTRE CONCELLO DE ZAS,2015-06-06,BENXAMIN E ALEVIN (2004-2007),30,28,0,58,mixto
II CARREIRA PEDESTRE CONCELLO DE ZAS,2015-06-06,INFANTIL E CADETE (2000-2003),20,11,0,31,mixto
II CARREIRA PEDESTRE CONCELLO DE ZAS,2015-06-06,XUVENIL (1998-1999),5,0,0,5,mixto
II CARREIRA PEDESTRE DE DUMBRÍA,2016-05-28,ABSOLUTA 10K (1998 E ANTERIORES),120,15,0,135,mixto
II CARREIRA PEDESTRE DE DUMBRÍA,2016-05-28,ABSOLUTA 3K CONTRA O CANCRO (1998 E ANOS ANTERIORES),23,22,0,45,mixto
II CARREIRA PEDESTRE DE DUMBRÍA,2016-05-28,BENXAMIN (2008-2007)-ALEVIN (2006-2005),18,30,0,48,mixto
II CARREIRA PEDESTRE DE DUMBRÍA,2016-05-28,"INFANTIL (2004-2003), CADETE (2002-2001) E XUVENIL (2000-1999)",9,14,0,23,mixto
II CARREIRA PEDESTRE DE MUXÍA,2015-11-22,ABSOLUTA 10K (1997 E ANTERIORES),117,14,0,131,mixto
II CARREIRA PEDESTRE DE MUXÍA,2015-11-22,ABSOLUTA 5K CONTRA O CANCRO (1997 E ANTERIORES),25,21,0,46,mixto
II CARREIRA PEDESTRE DE MUXÍA,2015-11-22,BENXAMÍN E ALEVIN (2004 A 2007),19,19,0,38,mixto
II CARREIRA PEDESTRE DE MUXÍA,2015-11-22,INFANTIL E CADETE ( 2000 A 2003),7,6,0,13,mixto
II CARREIRA PEDESTRE DE MUXÍA,2015-11-22,XUVENIL (1998 E 1999),4,2,0,6,mixto
II CARREIRA PEDESTRE DO CONCELLO DE MALPICA,2017-09-10,BENXAMIN (2008 A 2011),10,8,0,18,mixto
II CARREIRA PEDESTRE DO CONCELLO DE MALPICA,2017-09-10,INFANTIL (2004-2005) E ALEVIN (2006-2007),5,3,0,8,mixto
II CARREIRA PEDESTRE DO CONCELLO DE MALPICA,2017-09-10,PROBA DE 10K (2001 E ANT.),73,15,0,88,mixto
II CARREIRA PEDESTRE DO CONCELLO DE MALPICA,2017-09-10,PROBA DE 5K (2003 E ANT.),9,7,0,16,mixto
II CARREIRA PEDESTRE MONTE PORREIRO 2014 - GRAN PREMIO U.N.E.D,2014-04-13,PROBA ABSOLUTA. DISTANCIA: 8000 M,0,0,0,0,mixto
II CARREIRA PEDESTRE MONTE PORREIRO 2014 - GRAN PREMIO U.N.E.D. CCCP,2014-04-13,CCCP 2014. DISTANCIA: 8000 M,0,0,0,0,mixto
II CARREIRA PEDESTRE MONTE PORREIRO 2014 - GRAN PREMIO U.N.E.D. COMPENSADA FEMENINA,2014-04-13,CCCP 2014. DISTANCIA: 8000 M,0,0,0,0,mixto
II CARREIRA PEDESTRE MONTE PORREIRO 2014 - GRAN PREMIO U.N.E.D. COMPENSADA MASCULINA,2014-04-13,CCCP 2014. DISTANCIA: 8000 M,0,0,0,0,mixto
II CARREIRA PEDESTRE MONTE PORREIRO 2014 - RESULTADO NO OFICIAL,2014-04-13,PROBA ABSOLUTA. DISTANCIA: 8000 M,0,0,0,0,mixto
II CARREIRA PONTENOITE 5+5 2014 10K,2014-06-14,PROBA DE 10 KM. DISTANCIA: 10000 M,0,0,0,0,mixto
II CARREIRA PONTENOITE 5+5 2014 5K,2014-06-14,PROBA DE 5 KM. DISTANCIA: 5000 M,0,0,0,0,mixto
II CARREIRA PONTENOITE 5+5 2014. CCCP,2014-06-14,CCCP 2014. DISTANCIA: 10000 M,0,0,0,0,mixto
II CARREIRA PONTENOITE 5+5 2014. COMPENSADA FEMENINA,2014-06-14,CCCP 2014. DISTANCIA: 10000 M,0,0,0,0,mixto
II CARREIRA PONTENOITE 5+5 2014. COMPENSADA MASCULINA,2014-06-14,CCCP 2014. DISTANCIA: 10000 M,0,0,0,0,mixto
"II CARREIRA POPULAR CARBALLEDO ""ENTRE CARBALLOS CENTENARIOS""",2016-06-12,ABSOLUTA (2000 E ANTERIORES),89,11,0,100,mixto
II CARREIRA POPULAR CONCELLO DE FISTERRA,2015-10-18,10K (1997 E ANTERIORES),91,10,0,101,mixto
II CARREIRA POPULAR CONCELLO DE FISTERRA,2015-10-18,5K CONTRA O CANCRO (1997 E ANTERIORES),20,17,0,37,mixto
II CARREIRA POPULAR CONCELLO DE FISTERRA,2015-10-18,BENXAMÍN E ALEVÍN (2004 A 2007),12,13,0,25,mixto
II CARREIRA POPULAR CONCELLO DE FISTERRA,2015-10-18,INFANTIL E CADETE (2000 A 2003),6,5,0,11,mixto
II CARREIRA POPULAR CONCELLO DE FISTERRA,2015-10-18,XUVENIL (1998 E 1999),4,1,0,5,mixto
II CARREIRA POPULAR CONCELLO DE FRIOL,2014-05-18,PROBA ABSOLUTA. DISTANCIA: 5000 M,0,0,0,0,mixto
II CARREIRA POPULAR CONCELLO DE GUNTÍN 2025,2025-09-28,ABSOLUTA (2009 e anteriores),40,22,0,62,mixto
II CARREIRA POPULAR CONCELLO DE GUNTÍN 2025,2025-09-28,CARRERA 3 (2010-2013),7,7,0,14,mixto
II CARREIRA POPULAR CONCELLO DE MONTERROSO,2019-03-10,PROBA ABSOLUTA (2003 E ANOS ANTERIORES),122,28,0,150,mixto
II CARREIRA POPULAR CONCELLO DE MONTERROSO,2019-03-10,PROMOCIÓN (2010 A 2012),17,9,0,26,mixto
II CARREIRA POPULAR CONCELLO DE MONTERROSO,2019-03-10,"SUB 12 (08-09), SUB 14 (06-07) Y SUB 16 (04-05)",10,14,0,24,mixto
II CARREIRA POPULAR CONCELLO DE PARADELA 2023,2023-10-28,ABSOLUTA (2007 e anteriores),20,10,0,30,mixto
II CARREIRA POPULAR CONDES DE ALBAREI – PAZO BAIÓN,2019-07-14,ABSOLUTA (2001 E ANTERIORES),152,23,0,175,mixto
II CARREIRA POPULAR DE COMBARRO,2016-10-29,ABSOLUTA (2000 E ANT.),109,25,0,134,mixto
II CARREIRA POPULAR DE TABOADA,2013-10-13,ADULTOS. DISTANCIA: 6500 M,0,0,0,0,mixto
II CARREIRA POPULAR DOLMEN DE DOMBATE - CABANA DE BERGANTIÑOS,2015-09-26,ABSOLUTOS 10K (1997 E ANTERIORES),180,42,0,222,mixto
II CARREIRA POPULAR DOLMEN DE DOMBATE - CABANA DE BERGANTIÑOS,2015-09-26,ALEVIN (2004-2005),14,17,0,31,mixto
II CARREIRA POPULAR DOLMEN DE DOMBATE - CABANA DE BERGANTIÑOS,2015-09-26,BENXAMIN (2006-2007),26,17,0,43,mixto
II CARREIRA POPULAR DOLMEN DE DOMBATE - CABANA DE BERGANTIÑOS,2015-09-26,INFANTIL - CADETE - XUVENIL E SENIOR 3K,83,97,0,180,mixto
II CARREIRA POPULAR FESTA DA AUGARDENTE DE PORTOMARIN,2016-03-27,ABSOLUTA,133,27,0,160,mixto
II CARREIRA POPULAR SOLIDARIA CPR LA MILAGROSA LUGO,2025-02-23,ABSOLUTA (2009 e anteriores),71,26,0,97,mixto
II CARREIRA POPULAR SOLIDARIA CPR LA MILAGROSA LUGO,2025-02-23,SUB10 (2016-2017),22,9,0,31,mixto
II CARREIRA POPULAR SOLIDARIA CPR LA MILAGROSA LUGO,2025-02-23,SUB12 (2014-2015),11,5,0,16,mixto
II CARREIRA POPULAR SOLIDARIA CPR LA MILAGROSA LUGO,2025-02-23,SUB14-SUB16 (2010-2013),2,3,0,5,mixto
II CARREIRA POPULAR VILA DE MEIRA,2019-08-10,ABSOLUTA (2003 E ANTERIORES),65,20,0,85,mixto
II CARREIRA POPULAR VÍA NOVA ``CONCELLO DE BANDE´´,2015-07-18,ABSOLUTA (1999 E ANTERIORES),110,24,0,134,mixto
II CARREIRA SOLIDARIA ABANCA NOCTURNA DAS FESTAS DE LALIN,2017-09-22,ADULTOS (2001 E ANTERIORES),123,48,0,171,mixto
II CARREIRA SOLIDARIA ABANCA NOCTURNA DAS FESTAS DE LALIN,2017-09-22,HANDBIKE,2,0,0,2,mixto
II CARREIRA SOLIDARIA DECIMAS NARON 2012,2012-09-30,II CARREIRA SOLIDARIA DECIMAS NARON 2012,0,0,0,0,mixto
II CARREIRA SOLIDARIA DO CONCELLO DE OUTEIRO DE REI,2016-07-02,ABSOLUTA (2000 Y ANTERIORES),90,16,0,106,mixto
II CARREIRA do ENTROIDO Concello de Vigo,2016-02-07,ABSOLUTA 10 KM (2000 E ANTERIORES),212,45,0,257,mixto
II CARREIRA do ENTROIDO Concello de Vigo,2016-02-07,ABSOLUTA 5 KM (2000 E ANTERIORES),85,89,0,174,mixto
II CARRERA ATMOSFERA SPORT,2016-03-06,ABSOLUTA,253,36,0,289,mixto
"II CARRERA BECERREÁ CONTRA EL CANCER, 10K",2014-07-05,ADULTOS 10K. DISTANCIA: 10000 M,0,0,0,0,mixto
"II CARRERA BECERREÁ CONTRA EL CANCER, 5K",2014-07-05,ADULTOS 5K. DISTANCIA: 5000 M,0,0,0,0,mixto
II CARRERA COFEDAS FERRETERIAS SOLIDARIA DE 10KM Y II CARRERA COFEDAS SOLIDARIA DE 5KM,2016-05-29,ALEVIN,9,8,0,17,mixto
II CARRERA COFEDAS FERRETERIAS SOLIDARIA DE 10KM Y II CARRERA COFEDAS SOLIDARIA DE 5KM,2016-05-29,BENJAMIN,14,15,0,29,mixto
II CARRERA COFEDAS FERRETERIAS SOLIDARIA DE 10KM Y II CARRERA COFEDAS SOLIDARIA DE 5KM,2016-05-29,CARRERA 10K,104,28,0,132,mixto
II CARRERA COFEDAS FERRETERIAS SOLIDARIA DE 10KM Y II CARRERA COFEDAS SOLIDARIA DE 5KM,2016-05-29,CARRERA 5K,130,92,0,222,mixto
II CARRERA COFEDAS FERRETERIAS SOLIDARIA DE 10KM Y II CARRERA COFEDAS SOLIDARIA DE 5KM,2016-05-29,CHUPETIN,26,25,0,51,mixto
II CARRERA COFEDAS FERRETERIAS SOLIDARIA DE 10KM Y II CARRERA COFEDAS SOLIDARIA DE 5KM,2016-05-29,INFANTIL,3,4,0,7,mixto
II CARRERA COFEDAS FERRETERIAS SOLIDARIA DE 10KM Y II CARRERA COFEDAS SOLIDARIA DE 5KM,2016-05-29,MINIBENJAMIN,20,11,0,31,mixto
II CARRERA DE LAS EMPRESAS (OURENSE),2017-10-08,CLASIFICACION POR TIEMPO NETO,64,19,0,83,mixto
II CARRERA DE LAS EMPRESAS (OURENSE),2017-10-08,II CARRERA DE LAS EMPRESAS - EQUIPOS DE 2,0,0,0,0,mixto
II CARRERA DE LAS EMPRESAS (OURENSE),2017-10-08,II CARRERA DE LAS EMPRESAS - EQUIPOS DE 3,0,0,0,0,mixto
II CARRERA DE LAS EMPRESAS (OURENSE),2017-10-08,II CARRERA DE LAS EMPRESAS - EQUIPOS DE 4,0,0,0,0,mixto
II CARRERA DE LAS EMPRESAS (OURENSE),2017-10-08,II CARRERA DE LAS EMPRESAS - EQUIPOS DE 5,0,0,0,0,mixto
II CARRERA DEL AGUA UNICEF SADA,2012-10-14,ADULTOS,0,0,0,0,mixto
II CARRERA DEL AGUA UNICEF SADA,2012-10-14,CADETES Y JUNIOR,0,0,0,0,mixto
II CARRERA NOCTURNA CORRE POR FERROL. MEMORIAL LOLETE. LIGA13,2013-09-14,ADULTOS. DISTANCIA: 8000 M,0,0,0,0,mixto
"II CARRERA NOCTURNA DE NIGRÁN “PLAZAH2K""",2017-06-17,ABSOLUTA 10K (2000 Y ANTERIORES),184,47,0,231,mixto
II CARRERA POPULAR - CULTIVANDO DEPORTE,2017-09-09,CARRERA POPULAR,118,62,0,180,mixto
II CARRERA POPULAR 10K DE TEIS,2020-03-01,10K (A PARTIR DE 14 AÑOS),337,91,0,428,mixto
II CARRERA POPULAR 10K DE TEIS,2020-03-01,10K (RUNRUNVIGO),334,91,0,425,mixto
II CARRERA POPULAR 10K DE TEIS,2020-03-01,5K (A PARTIR DE 14 AÑOS),47,49,0,96,mixto
II CARRERA POPULAR 10K DE TEIS,2020-03-01,5K (RUNRUNVIGO),42,47,0,89,mixto
II CARRERA POPULAR ANA AMELIA MENENDEZ 2009,2009-01-18,ABSOLUTA. DISTANCIA: 10000 M,0,0,0,0,mixto
II CARRERA POPULAR CENTRO “RICARDO BARÓ” ASPRONAGA,2015-11-01,CARRERA ABSOLUTA,158,90,0,248,mixto
II CARRERA POPULAR DE GUITIRIZ TERMAL 2007,2007-09-29,Carrera,153,0,0,153,mixto
II CARRERA POPULAR DONA VIDA,2015-06-28,ABSOLUTA (7.500m),385,192,0,577,mixto
II CARRERA POPULAR LOS ROSALES,2013-10-20,PRUEBA ABSOLUTA. DISTANCIA: 6450 M,0,0,0,0,mixto
II CARRERA POPULAR LOS ROSALES MENORES,2013-10-20,BENJAMIN Y ALEVIN . DISTANCIA: 775 M,0,0,0,0,mixto
II CARRERA POPULAR LOS ROSALES MENORES,2013-10-20,CADETE Y JUVENIL . DISTANCIA: 2485 M,0,0,0,0,mixto
II CARRERA POPULAR LOS ROSALES MENORES,2013-10-20,INFANTIL. DISTANCIA: 1395 M,0,0,0,0,mixto
II CARRERA POPULAR VENTORRILLO 2014,2014-07-13,PRUEBA ABSOLUTA. DISTANCIA: 5065 M,0,0,0,0,mixto
II CARRERA POPULAR VENTORRILLO 2014. MENORES,2014-07-13,ALEVIN . DISTANCIA: 750 M,0,0,0,0,mixto
II CARRERA POPULAR VENTORRILLO 2014. MENORES,2014-07-13,BENJAMIN . DISTANCIA: 750 M,0,0,0,0,mixto
II CARRERA POPULAR VENTORRILLO 2014. MENORES,2014-07-13,CADETE Y JUVENIL. DISTANCIA: 2075 M,0,0,0,0,mixto
II CARRERA POPULAR VENTORRILLO 2014. MENORES,2014-07-13,INFANTIL. DISTANCIA: 1350 M,0,0,0,0,mixto
II CARRERA POPULAR VILLA DE SARRIA 10 KM,2014-06-01,PRUEBA ABSOLUTA. DISTANCIA: 10000 M,0,0,0,0,mixto
II CARRERA POPULAR VOLTA A OZA ADULTOS,2013-08-11,PRUEBA ABSOLUTA. DISTANCIA: 7552 M,0,0,0,0,mixto
II CARRERA POPULAR VOLTA A OZA MENORES,2013-08-11,BENJAMIN Y ALEVIN. DISTANCIA: 810 M,0,0,0,0,mixto
II CARRERA POPULAR VOLTA A OZA MENORES,2013-08-11,CADETE Y JUVENIL . DISTANCIA: 2430 M,0,0,0,0,mixto
II CARRERA POPULAR VOLTA A OZA MENORES,2013-08-11,INFANTIL. DISTANCIA: 1620 M,0,0,0,0,mixto
II CARRERA SOLIDARIA CPR CERVANTES LUGO,2012-05-17,Carrera,148,0,0,148,mixto
II CARRERA VIA VERDE FERROCARRIL SAN DE TIRSO ABRES - TRABADA - A PONTENOVA,2025-09-20,ABSOLUTA (Resto de plazas),60,14,0,74,mixto
II CARRERA VIA VERDE FERROCARRIL SAN DE TIRSO ABRES - TRABADA - A PONTENOVA,2025-09-20,CATEGORIA A (2010-2013),4,8,0,12,mixto
II CARRERA VIA VERDE FERROCARRIL SAN DE TIRSO ABRES - TRABADA - A PONTENOVA,2025-09-20,CATEGORIA B (2014-2017),6,8,0,14,mixto
II CARRERA VIA VERDE FERROCARRIL SAN DE TIRSO ABRES - TRABADA - A PONTENOVA,2025-09-20,CATEGORIA C (2018 y posteriores),5,7,0,12,mixto
II CASTRO TRAIL (Barbadás),2017-05-07,TRAIL INDIVIDUAL (DESNIVEL:700m+),93,19,0,112,mixto
II CASTRO TRAIL (Barbadás),2017-05-07,TRAIL RELEVOS,17,1,0,18,mixto
II CIRCUITO CORRENDO POR OURENSE 2012 - A PONTE,2012-07-27,BENXAMIN E ALEVIN. Distancia: 1000 m,0,0,0,0,mixto
II CIRCUITO CORRENDO POR OURENSE 2012 - A PONTE,2012-07-27,INFANTIL E CADETE. Distancia: 1750 m,0,0,0,0,mixto
II CIRCUITO CORRENDO POR OURENSE 2012 - A PONTE,2012-07-27,PROBA ABSOLUTA. Distancia: 5250 m,0,0,0,0,mixto
II CIRCUITO CORRENDO POR OURENSE 2012. C. UNIVERSITARIA 1000M,2012-09-30,II CIRCUITO CORRENDO POR OURENSE 2012. C. UNIVERSITARIA 1000M,0,0,0,0,mixto
II CIRCUITO CORRENDO POR OURENSE 2012. C. UNIVERSITARIA 3200M,2012-09-30,II CIRCUITO CORRENDO POR OURENSE 2012. C. UNIVERSITARIA 3200M,0,0,0,0,mixto
II CIRCUITO CORRENDO POR OURENSE 2012. C. UNIVERSITARIA ADULTOS,2012-09-30,II CIRCUITO CORRENDO POR OURENSE 2012. C. UNIVERSITARIA ADULTOS,0,0,0,0,mixto
II CIRCUITO CORRENDO POR OURENSE. A CARBALLEIRA 1050M,2012-10-28,II CIRCUITO CORRENDO POR OURENSE. A CARBALLEIRA 1050M,0,0,0,0,mixto
II CIRCUITO CORRENDO POR OURENSE. A CARBALLEIRA 1900M,2012-10-28,II CIRCUITO CORRENDO POR OURENSE. A CARBALLEIRA 1900M,0,0,0,0,mixto
II CIRCUITO CORRENDO POR OURENSE. A CARBALLEIRA ADULTOS,2012-10-28,II CIRCUITO CORRENDO POR OURENSE. A CARBALLEIRA ADULTOS,0,0,0,0,mixto
II CP 10 KM CONCELLO DE CARBALLO,2012-06-17,II CP 10 KM CONCELLO DE CARBALLO,0,0,0,0,mixto
II CP CONCELLO DE O SAVIÑAO.LIGA RIBEIRA SACRA 2013,2013-08-03,ADULTOS. DISTANCIA: 8000 M,0,0,0,0,mixto
II CP CONCELLO DE RIBAS DO SIL.LIGA RIBEIRA SACRA,2013-04-28,PROBA ABSOLUTA. DISTANCIA: 6400 M,0,0,0,0,mixto
II CP RUTA DE LA CONSTRUCCION NAVAL FERROL,2014-06-22,ADULTOS. DISTANCIA: 10000 M,0,0,0,0,mixto
II CROSS PONTE ROMANA. HOMENAJE A MARÍA ABEL,2018-01-14,ABSOLUTA FEM,0,8,0,8,mixto
II CROSS PONTE ROMANA. HOMENAJE A MARÍA ABEL,2018-01-14,ABSOLUTA MASC,27,0,0,27,mixto
II CROSS PONTE ROMANA. HOMENAJE A MARÍA ABEL,2018-01-14,POPULAR MIXTA (2000 y anteriores),83,31,0,114,mixto
II CROSS PONTE ROMANA. HOMENAJE A MARÍA ABEL,2018-01-14,SUB-10 FEM 2009-10-11-12 (benjamín y prebenjamín),0,36,0,36,mixto
II CROSS PONTE ROMANA. HOMENAJE A MARÍA ABEL,2018-01-14,SUB-10 MASC 2009-10-11-12 (benjamín y prebenjamín),23,0,0,23,mixto
II CROSS PONTE ROMANA. HOMENAJE A MARÍA ABEL,2018-01-14,SUB-12 FEM (AÑOS 2007-2008),0,32,0,32,mixto
II CROSS PONTE ROMANA. HOMENAJE A MARÍA ABEL,2018-01-14,SUB-12 MASC (AÑOS 2007-2008),33,0,0,33,mixto
II CROSS PONTE ROMANA. HOMENAJE A MARÍA ABEL,2018-01-14,SUB-14 FEM (AÑOS 2005-2006),0,23,0,23,mixto
II CROSS PONTE ROMANA. HOMENAJE A MARÍA ABEL,2018-01-14,SUB-14 MASC (AÑOS 2005-2006),22,0,0,22,mixto
II CROSS PONTE ROMANA. HOMENAJE A MARÍA ABEL,2018-01-14,SUB-16 FEM Y SUB-18 FEM,0,25,0,25,mixto
II CROSS PONTE ROMANA. HOMENAJE A MARÍA ABEL,2018-01-14,SUB-16 MASC Y SUB-18 MASC,31,0,0,31,mixto
II CROSS PONTE ROMANA. HOMENAJE A MARÍA ABEL,2018-01-14,SUB-20 FEM Y MASTER FEM,0,4,0,4,mixto
II CROSS PONTE ROMANA. HOMENAJE A MARÍA ABEL,2018-01-14,SUB-20 MASC Y MÁSTER MASC,43,0,0,43,mixto
II CROSS RIO LIÑARES - A ESTRADA 2013,2013-03-24,PROBA ABSOLUTA. DISTANCIA: 8400 M,0,0,0,0,mixto
II Carreira 5K/10k Nocturna Burela Bonita,2017-07-22,CARREIRA 10K (A PARTIR DE 18 ANOS),95,12,0,107,mixto
II Carreira 5K/10k Nocturna Burela Bonita,2017-07-22,CARREIRA 5K (A PARTIR DE 18 ANOS),35,13,0,48,mixto
II Carreira Pedestre Concello de Mazaricos,2017-05-14,ABSOLUTA 10K,157,36,0,193,mixto
II Carreira Pedestre Concello de Mazaricos,2017-05-14,ABSOLUTA 3K CONTRA O CANCRO (1999 E ANOS ANTERIORES),45,53,0,98,mixto
II Carreira Pedestre Concello de Mazaricos,2017-05-14,"BENXAMIN: (08-09), ALEVIN: (06-07)",19,20,0,39,mixto
II Carreira Pedestre Concello de Mazaricos,2017-05-14,HANDBIKE 10K (2001 E ANTERIORES),1,0,0,1,mixto
II Carreira Pedestre Concello de Mazaricos,2017-05-14,"INFANTIL: (04-05),CADETE: (02-03), XUVENIL: (00-01)",12,29,0,41,mixto
II Carreira Popular A Valenza,2017-05-20,ABSOLUTA (2001 E ANTERIORES),184,33,0,217,mixto
II Carreira Popular A Valenza,2017-05-20,CADETE (2002-2003),4,1,0,5,mixto
II Carreira Popular A Valenza,2017-05-20,EQUIPOS II Carreira Popular A Valenza,0,0,0,0,mixto
II Carrera Popular 8KM AGONES 2015,2015-04-18,PRUEBA ABSOLUTA ( MAYORES DE 16 AÑOS EL DÍA DE LA PRUEBA),127,40,0,167,mixto
II Carrera Popular Matogrande,2017-01-15,ALEVIN (2006/2007),28,30,0,58,mixto
II Carrera Popular Matogrande,2017-01-15,Adultos,627,226,0,853,mixto
II Carrera Popular Matogrande,2017-01-15,BENJAMIN (2008/2009),42,31,0,73,mixto
II Carrera Popular Matogrande,2017-01-15,INFANTIL (2004/2005),20,35,0,55,mixto
II Carrera Popular Matogrande,2017-01-15,JUVENIL (2000/2001) - CADETE (2002/2003),32,11,0,43,mixto
II Copa Deputación Acuatlón,2024-09-21,ABSOLUTA,10,6,0,16,mixto
II Copa Deputación Acuatlón,2024-09-21,ALEVIN,11,6,0,17,mixto
II Copa Deputación Acuatlón,2024-09-21,BENXAMIN,5,3,0,8,mixto
II Copa Deputación Acuatlón,2024-09-21,CADETE,10,9,0,19,mixto
II Copa Deputación Acuatlón,2024-09-21,INFANTIL,15,16,0,31,mixto
II D3SAFIO42 OURENSE. CARBALLIÑO,2015-04-11,PROBA ABSOLUTA (1995 E ANTERIORES),111,23,0,134,mixto
II D3SAFIO42 OURENSE. CELANOVA,2015-04-12,PROBA ABSOLUTA (1995 E ANTERIORES),134,27,0,161,mixto
II D3SAFIO42 OURENSE. XINZO DE LIMIA,2015-04-11,PROBA ABSOLUTA (1995 E ANTERIORES),117,13,0,130,mixto
II DESAFÍO B/R BALMORI Y CAMPEONATO NACIONAL DE FFCCSS Y BOMBEROS,2015-06-28,CLASIFICACIONES CAMPEONATO NACIONAL DE FFCCSS Y BOMBEROS,43,4,0,47,mixto
II DESAFÍO B/R BALMORI Y CAMPEONATO NACIONAL DE FFCCSS Y BOMBEROS,2015-06-28,II DESAFÍO BR - I CTO. NACIONAL DE FFCCSS Y BOMBEROS 32.000m,138,21,0,159,mixto
II DESAFÍO B/R BALMORI Y CAMPEONATO NACIONAL DE FFCCSS Y BOMBEROS,2015-06-28,MINI DESAFIO 12000 m,112,82,0,194,mixto
II DESAFÍO TOVAR - CADEIRA,2018-09-09,ABSOLUTA CARREIRA POPULAR (2004 E ANTERIORES),19,9,0,28,mixto
II DESAFÍO TOVAR - CADEIRA,2018-09-09,MARCHA CICLOTURISTA (2003 E ANTERIORES),33,2,0,35,mixto
II DUATLON CROS DAS LETRAS (BAIO),2021-05-17,General,0,0,0,0,mixto
II DÚATLON CONCELLO DE POIO,2020-02-23,General,59,11,0,70,mixto
II DÚATLON CONCELLO DE POIO,2020-02-23,POPULAR,93,17,0,110,mixto
II DÚATLON CROS CONCELLO DE CERDEDO-COTOBADE,2021-12-06,General,0,0,0,0,mixto
II DÚATLON CROS CONCELLO DE CERDEDO-COTOBADE,2021-12-06,MASCULNA,0,0,0,0,mixto
II DÚATLON CROS CONCELLO DE SADA,2020-03-01,General,86,9,0,95,mixto
II Dúatlon Concello de Arteixo,2017-03-26,Absoluta,116,15,0,131,mixto
II Dúatlon Concello de Arteixo,2017-03-26,Popular,19,2,0,21,mixto
II EDICION 24 HORAS DE VIGO,2015-08-29,EQUIPOS FEMENINOS,0,0,0,0,mixto
II EDICION 24 HORAS DE VIGO,2015-08-29,EQUIPOS MASCULINOS,0,0,0,0,mixto
II EDICION 24 HORAS DE VIGO,2015-08-29,EQUIPOS MIXTOS,0,0,0,0,mixto
II EDICION 24 HORAS DE VIGO,2015-08-29,INDIVIDUAL,0,0,0,0,mixto
II EDICIÓN “SAN RAMÓN 2016” CARREIRA POPULAR NOCTURNA –VILALBA,2016-08-20,CARRERA ABSOLUTA (2001 Y ANT),144,47,0,191,mixto
II EUROCIDADE10 TUI 2013,2013-06-09,ABSOLUTA. DISTANCIA: 10000 M,0,0,0,0,mixto
"II Edición 10k O ROSAL “FEIRA DO VIÑO""",2015-07-19,CARREIRA,229,20,0,249,mixto
II GIJÓN TRAIL 2016,2016-02-28,TRAIL (23 KM Y 2200 M DE DESNIVEL ACUMULADO),356,45,0,401,mixto
II LEGUA CIUDAD DE VALLADOLID 2014,2014-09-14,LEGUA. DISTANCIA: 5500 M,0,0,0,0,mixto
II LEGUA IRMANDIÑA (VIMIANZO),2016-06-18,IRMANDIÑA BENXAMÍN (2007-2008) E ALEVÍN (2005-2006),21,12,0,33,mixto
II LEGUA IRMANDIÑA (VIMIANZO),2016-06-18,IRMANDIÑA INFANTIL (2003-2004) CADETE (2001-2002) E XUVENIL (1999-2000),11,10,0,21,mixto
II LEGUA IRMANDIÑA (VIMIANZO),2016-06-18,LEGUA IRMANDIÑA (1998 E ANTERIORES),68,19,0,87,mixto
II LEGUA SOLIDARIA HIPICA MALAWI 2012. PRUEBA ALEVIN INFANTIL Y CADETE. 1500 m,2012-11-25,II LEGUA SOLIDARIA HIPICA MALAWI 2012. PRUEBA ALEVIN INFANTIL Y CADETE. 1500 m,0,0,0,0,mixto
II LEGUA SOLIDARIA HIPICA MALAWI 2012.PRUEBA BENJAMIN. 600 m,2012-11-25,II LEGUA SOLIDARIA HIPICA MALAWI 2012.PRUEBA BENJAMIN. 600 m,0,0,0,0,mixto
II LEGUA SOLIDARIA HIPICA MALAWI 2012: PRUEBA ABSOLUTA. 7400 m,2012-11-25,II LEGUA SOLIDARIA HIPICA MALAWI 2012: PRUEBA ABSOLUTA. 7400 m,0,0,0,0,mixto
II MARATON CORUÑA42. CLASIFICACION MARATON COMPLETA,2013-04-21,CLASIFICACIÓN COMPLETA. DISTANCIA: 42195 M,0,0,0,0,mixto
II MARATON CORUÑA42. MARATON POPULAR,2013-04-21,MARATON POPULAR. DISTANCIA: 42195 M,0,0,0,0,mixto
II MARATON CORUÑA42. PRUEBA DE 10 KM,2013-04-21,CARRERA 10 KM. DISTANCIA: 10000 M,0,0,0,0,mixto
II MEDIA MARATON CIUDAD DE OVIEDO Y I 8 MILLAS ALBERTO SUAREZ LASO,2015-06-14,8 MILLAS,75,27,0,102,mixto
II MEDIA MARATON CIUDAD DE OVIEDO Y I 8 MILLAS ALBERTO SUAREZ LASO,2015-06-14,MEDIO MARATON,386,29,0,415,mixto
II MEDIA MARATON CIUDAD DE OVIEDO Y I 8 MILLAS ALBERTO SUAREZ LASO,2015-06-14,MEDIO MARATON EN VEHÍCULO ADAPTADO,3,0,0,3,mixto
II MEDIA MARATON CORAZON DE ASTURIAS 2009,2009-04-19,MEDIA MARATON. DISTANCIA: 21097 M,0,0,0,0,mixto
II MEDIA MARATON RIBADEO - AS CATEDRAIS,2015-09-12,MEDIO MARATON,522,99,0,621,mixto
II MEDIA MARATON SOLIDARIA ZONA ABERTA. VILAGARCÍA DE AROUSA,2013-11-24,ADULTOS. DISTANCIA: 21097 M,0,0,0,0,mixto
II MEDIO MARATON CORUÑA21 2010,2010-05-16,MEDIO MARATÓN. DISTANCIA: 21097 M,0,0,0,0,mixto
II MEDIO MARATÓN CIDADE DE LUGO – DIARIO EL PROGRESO,2018-05-13,MEDIO MARATON (MAYORES DE 18 AÑOS),512,78,0,590,mixto
II MEMORIAL MANUEL BERGUEIRO CONCELLO DA ESTRADA 2012,2012-09-02,Adultos. Distancia: 10500 m,0,0,0,0,mixto
II MILLA POPULAR URBANA CONCELLO DE LOURENZÁ,2018-08-26,ALEVIN (2007/2008),7,9,0,16,mixto
II MILLA POPULAR URBANA CONCELLO DE LOURENZÁ,2018-08-26,BENXAMIN (2009/2010),10,12,0,22,mixto
II MILLA POPULAR URBANA CONCELLO DE LOURENZÁ,2018-08-26,CADETE-XUVENIL-PROMESA (1999-2004),10,8,0,18,mixto
II MILLA POPULAR URBANA CONCELLO DE LOURENZÁ,2018-08-26,INFANTIL (2005-2006),8,5,0,13,mixto
II MILLA POPULAR URBANA CONCELLO DE LOURENZÁ,2018-08-26,PREBENXAMIN (2011/2012),11,7,0,18,mixto
II MILLA POPULAR URBANA CONCELLO DE LOURENZÁ,2018-08-26,SENIOR E VETERAN@S (1998 E ANTERIORES),0,23,0,23,mixto
II MILLA POPULAR URBANA CONCELLO DE LOURENZÁ,2018-08-26,SENIOR E VETERANOS (1998 E ANTERIORES),56,0,0,56,mixto
II MILLA URBANA LUCUS,2025-10-11,ELITE MASC A,14,0,0,14,mixto
II MILLA URBANA LUCUS,2025-10-11,ELITE MASC B,10,0,0,10,mixto
II MILLA URBANA LUCUS,2025-10-11,MILLA ELITE FEMININA (invitación da organización),0,12,0,12,mixto
II MILLA URBANA LUCUS,2025-10-11,MILLA POPULAR,17,6,0,23,mixto
II MILLA URBANA LUCUS,2025-10-11,SUB10,15,19,0,34,mixto
II MILLA URBANA LUCUS,2025-10-11,SUB12 (2014-2015),10,13,0,23,mixto
II MILLA URBANA LUCUS,2025-10-11,SUB16 (2010-2011)-SUB14 (2012-2013),9,11,0,20,mixto
II MILLA URBANA “CAMPO DA CABANA” (FOZ),2018-07-15,ALEVIN (2007/2008),10,12,0,22,mixto
II MILLA URBANA “CAMPO DA CABANA” (FOZ),2018-07-15,BENJAMIN (2009/2010),10,14,0,24,mixto
II MILLA URBANA “CAMPO DA CABANA” (FOZ),2018-07-15,CADETE (2003/2004),3,4,0,7,mixto
II MILLA URBANA “CAMPO DA CABANA” (FOZ),2018-07-15,INFANTIL (2005/2006),16,8,0,24,mixto
II MILLA URBANA “CAMPO DA CABANA” (FOZ),2018-07-15,MILLA (SERIE ),0,14,0,14,mixto
II MILLA URBANA “CAMPO DA CABANA” (FOZ),2018-07-15,MILLA (SERIE B),25,0,0,25,mixto
II MILLA URBANA “CAMPO DA CABANA” (FOZ),2018-07-15,MILLA (SERIE C),30,0,0,30,mixto
II MILLA URBANA “CAMPO DA CABANA” (FOZ),2018-07-15,MILLA (SERIE ELITE),8,0,0,8,mixto
II MILLA URBANA “CAMPO DA CABANA” (FOZ),2018-07-15,MILLA (TODAS LAS SERIES),63,14,0,77,mixto
II MIÑO RADIKAL (PROBA DE OBSTÁCULOS EN OURENSE),2016-03-13,EQUIPOS MIXTOS MIÑO RADIKAL 2016 ( 4 INTEGRANTES),0,0,0,0,mixto
II MIÑO RADIKAL (PROBA DE OBSTÁCULOS EN OURENSE),2016-03-13,TODOS,228,76,0,304,mixto
II NIGHT TRAIL QUIROGA,2017-07-08,NIGHT TRAIL 10km (ANDAINA y TRAIL),66,81,0,147,mixto
II NIGHT TRAIL QUIROGA,2017-07-08,NIGHT TRAIL 17 Km(ANDAINA y TRAIL),72,26,0,98,mixto
II NIGHT TRAIL QUIROGA,2017-07-08,NIGHT TRAIL 26 Km (solo TRAIL),25,4,0,29,mixto
II OCR CHANTADA WOLF SURVIVAL RACE,2019-09-22,COPA OCRA GALICIA ELITE,105,18,0,123,mixto
II OCR CHANTADA WOLF SURVIVAL RACE,2019-09-22,COPA OCRA GALICIA POPULAR,181,76,0,257,mixto
II OCR CHANTADA WOLF SURVIVAL RACE,2019-09-22,ELITE NO OCRA ESPAÑA,28,5,0,33,mixto
II OCR CHANTADA WOLF SURVIVAL RACE,2019-09-22,ELITE OCRA ESPAÑA,38,8,0,46,mixto
II OCR CHANTADA WOLF SURVIVAL RACE,2019-09-22,EQUIPOS 11KM,0,0,0,0,mixto
II OCR CHANTADA WOLF SURVIVAL RACE,2019-09-22,EQUIPOS 6 KM,0,0,0,0,mixto
II OCR CHANTADA WOLF SURVIVAL RACE,2019-09-22,GRUPOS DE EDAD OCRA ESPAÑA,39,5,0,44,mixto
II OCR CHANTADA WOLF SURVIVAL RACE,2019-09-22,LIGA OCRA GALICIA ELITE,70,11,0,81,mixto
II OCR CHANTADA WOLF SURVIVAL RACE,2019-09-22,LIGA OCRA GALICIA POPULAR,159,67,0,226,mixto
II OCR CHANTADA WOLF SURVIVAL RACE,2019-09-22,POPULAR 11KM (tandas del 1 al 4),181,77,0,258,mixto
II OCR CHANTADA WOLF SURVIVAL RACE,2019-09-22,POPULAR 6KM (tandas del 5 al 7),51,28,0,79,mixto
II OCR CHANTADA WOLF SURVIVAL RACE (COMPETICIÓN POR RELEVOS),2019-09-21,RELEVOS MIXTOS (obligatorio un hombre y una mujer),0,0,0,0,mixto
II OKTOBERBIKE CAMPELO 2018,2018-05-20,BTT-MTB,101,2,0,103,mixto
II OKTOBERBIKE CAMPELO 2018,2018-05-20,BTT-MTB (BICICLETA ELÉCTRICA),11,0,0,11,mixto
II SAN SILVESTRE CONCELLO DE CERCEDA,2026-01-04,ABSOLUTA (2010 e anteriores),184,176,0,360,mixto
II SAN SILVESTRE LA CORUÑA 2.011,2011-12-31,Carrera,895,0,0,895,mixto
II TRAIL A FUME DE CAROZO 2024,2024-06-15,TRAIL 16K (Desnivel +600),57,15,0,72,mixto
II TRAIL A FUME DE CAROZO 2024,2024-06-15,TRAIL 25K (Desnivel +900),18,1,0,19,mixto
II TRAIL CONCELLO DE ARTEIXO. CURTO: 14KM,2013-10-13,TRAIL CURTO. DISTANCIA: 14000 M,0,0,0,0,mixto
II TRAIL CONCELLO DE ARTEIXO. LONGO: 26KM,2013-10-13,TRAIL LONGO. DISTANCIA: 26000 M,0,0,0,0,mixto
II TRAIL COSTA DOCE 2017,2017-01-29,RELEVOS,67,12,0,79,mixto
II TRAIL COSTA DOCE 2017,2017-01-29,"TRAIL 26,6 KM (2000m de desnivel acumulado)",217,20,0,237,mixto
II TRAIL DE MONTAÑA LUCUS MOUNTAIN,2018-02-25,15k TRAIL,125,27,0,152,mixto
II TRAIL DE MONTAÑA LUCUS MOUNTAIN,2018-02-25,25k TRAIL,35,6,0,41,mixto
II TRAIL DE SARGADELOS 2022,2022-07-24,TRAIL,62,18,0,80,mixto
II TRAIL DO NOCEDO,2023-03-26,TRAIL (1400m D+),84,12,0,96,mixto
II TRAIL DO NOCEDO,2023-03-26,TRAILIÑO (600m D+),96,27,0,123,mixto
II TRAIL HEROICA SACRA,2023-06-25,TRAIL 11+12K Relevos,37,9,0,46,mixto
II TRAIL HEROICA SACRA,2023-06-25,TRAIL 23K,84,24,0,108,mixto
II TRAIL HEROICA SACRA,2023-06-25,TRAIL 33K,23,3,0,26,mixto
II TRAIL HEROICA SACRA,2023-06-25,TRAIL CADETE,7,0,0,7,mixto
II TRAIL MOSTEIRO DE CAAVEIRO,2017-11-19,CUADRO DE HONOR,0,0,0,0,mixto
II TRAIL MOSTEIRO DE CAAVEIRO,2017-11-19,TRAIL LARGO,198,20,0,218,mixto
II TRAIL MOSTEIRO DE CAAVEIRO,2017-11-19,TRAIL MINI,231,103,0,334,mixto
II TRAIL RIBEIRA SACRA,2017-10-01,24KM (desnivel positivo de unos 1300 mts),173,51,0,224,mixto
II TRAIL RIBEIRA SACRA,2017-10-01,50KM (desnivel positivo de unos 2400 mts.),77,6,0,83,mixto
II TRAIL RUTA DOS MUÍÑOS DE SAMIEIRA,2015-10-04,TRAIL,126,18,0,144,mixto
II TRAIL TRANS SERRA DA GROBA-BAIONA. MINI TRAIL,2014-11-08,MINI TRAIL. DISTANCIA: 25000 M,0,0,0,0,mixto
II TRAIL TRANS SERRA DA GROBA-BAIONA. TRAIL,2014-11-08,TRAIL. DISTANCIA: 55000 M,0,0,0,0,mixto
II TRAIL Y ANDAINA DE CELANOVA,2017-09-10,RELEVOS DE PAREJAS (MAYORES DE 18 AÑOS),32,4,0,36,mixto
II TRAIL Y ANDAINA DE CELANOVA,2017-09-10,TRAIL (MAYORES DE 18 AÑOS),122,36,0,158,mixto
II TRAIL dos PENDELLOS (AGOLADA),2017-09-10,"TRAIL INDIVIDUAL: 34,5 km aprox. 2.000 metros de desnivel acumulado",28,2,0,30,mixto
II TRAIL dos PENDELLOS (AGOLADA),2017-09-10,TRAIL POR RELEVOS,21,2,0,23,mixto
II TRAVESIA A NADO RIO LEREZ,2024-07-27,BENXAMIN (2013-2014),14,6,0,20,mixto
II TRAVESIA A NADO RIO LEREZ,2024-07-27,ELITE (2010 e anteriores),18,9,0,27,mixto
II TRAVESIA A NADO RIO LEREZ,2024-07-27,MASTER (2004 e anteriores),22,14,0,36,mixto
II TRAVESIA A NADO RIO LEREZ,2024-07-27,POPULAR (2006 e anteriores),11,2,0,13,mixto
II TRAVESIA A NADO RIO LEREZ,2024-07-27,PREBENXAMIN (2015-2020),7,6,0,13,mixto
II TRAVESIA A NADO RIO LEREZ,2024-07-27,PROM_INF_ALEVIN,0,0,0,0,mixto
II TRAVESÍA A NADO BALARÉS,2018-07-22,Distancia Corta: 1.600 metros,17,17,0,34,mixto
II TRAVESÍA A NADO BALARÉS,2018-07-22,Distancia Larga: 3.200 metros,80,16,0,96,mixto
II TRAVESÍA A NADO DE VALDEORRAS,2016-08-20,TRAVESÍA DE 2525 M CON NEOPRENO (2003 Y AÑOS ANTERIORES),4,1,0,5,mixto
II TRAVESÍA A NADO DE VALDEORRAS,2016-08-20,TRAVESÍA DE 2525 M SIN NEOPRENO (2003 Y AÑOS ANTERIORES),16,7,0,23,mixto
II TRAVESÍA A NADO DE VALDEORRAS,2016-08-20,TRAVESÍA DE 5050 M CON NEOPRENO (2003 Y AÑOS ANTERIORES),5,0,0,5,mixto
II TRAVESÍA A NADO DE VALDEORRAS,2016-08-20,TRAVESÍA DE 5050 M SIN NEOPRENO (2003 Y AÑOS ANTERIORES),16,9,0,25,mixto
II TRAVESÍA A NADO DE VALDEORRAS,2016-08-20,XIII Circuito Gallego de Aguas Abiertas (FEGAN),13,8,0,21,mixto
II TRAVESÍA A NADO DO MIÑO CIDADE DE LUGO; 1500 METROS,2014-07-26,DISTANCIA 1500M. DISTANCIA: 1500 M,0,0,0,0,mixto
II TRAVESÍA A NADO DO MIÑO CIDADE DE LUGO; 4000 METROS,2014-07-26,DISTANCIA 4000M. DISTANCIA: 4000 M,0,0,0,0,mixto
II TRAVESÍA A NADO ENTRE CAMARIÑAS E MUXÍA “ A FAVOR DOS E DAS REFUXIADOS E REFUXIADAS”,2017-07-01,TRAVESÍA,77,18,0,95,mixto
II TRAVESÍA DO CANEIRO - CLUB FLUVIAL DE LUGO,2018-08-25,TRAVESÍA CORTA (2008 Y AÑOS ANT.),15,13,0,28,mixto
II TRAVESÍA DO CANEIRO - CLUB FLUVIAL DE LUGO,2018-08-25,TRAVESÍA LARGA (2004 Y AÑOS ANT.),33,12,0,45,mixto
II TRIATLON RIAS BAIXAS,2015-06-14,General,0,0,0,0,mixto
II TRIATLON SPRINT SOLIDARIO CONCELLO DE BOIRO,2018-06-10,EQUIPOS FEMENINOS,4,0,0,4,mixto
II TRIATLON SPRINT SOLIDARIO CONCELLO DE BOIRO,2018-06-10,EQUIPOS MASCULINOS,16,0,0,16,mixto
II TRIATLON SPRINT SOLIDARIO CONCELLO DE BOIRO,2018-06-10,EQUIPOS MIXTOS,25,0,0,25,mixto
II TRIATLON SPRINT SOLIDARIO CONCELLO DE BOIRO,2018-06-10,INDIVIDUAL (2003 Y AÑOS ANTERIORES),83,8,0,91,mixto
II TRITEA-TRÍATLON DE MENORES “A FREIXA”-PONTEAREAS,2025-06-21,ALEVIN,31,15,0,46,mixto
II TRITEA-TRÍATLON DE MENORES “A FREIXA”-PONTEAREAS,2025-06-21,BENJAMIN,20,16,0,36,mixto
II TRITEA-TRÍATLON DE MENORES “A FREIXA”-PONTEAREAS,2025-06-21,CADETE,33,33,0,66,mixto
II TRITEA-TRÍATLON DE MENORES “A FREIXA”-PONTEAREAS,2025-06-21,INFANTIL,33,22,0,55,mixto
II TRITEA-TRÍATLON DE MENORES “A FREIXA”-PONTEAREAS,2025-06-21,JUNIOR,13,10,0,23,mixto
II TRITEA-TRÍATLON DE MENORES “A FREIXA”-PONTEAREAS,2025-06-21,JUVENIL,22,11,0,33,mixto
II TRITEA-TRÍATLON DE MENORES “A FREIXA”-PONTEAREAS,2025-06-21,POPULAR,18,6,0,24,mixto
II TRITEA-TRÍATLON DE MENORES “A FREIXA”-PONTEAREAS,2025-06-21,PREBENJAMIN,4,5,0,9,mixto
II Trail Monte Aloia,2017-04-30,15KM,117,21,0,138,mixto
II Trail Monte Aloia,2017-04-30,25KM,82,7,0,89,mixto
II Tríatlon Boamorte Bikes Sanxenxo,2017-10-01,ABSOLUTA,131,19,0,150,mixto
II Tríatlon Concello de Cambados,2017-06-24,ABSOLUTA,158,11,0,169,mixto
II Tríatlon Concello de Redondela,2018-07-22,General,0,0,0,0,mixto
II Tríatlon Concello de Rianxo,2018-08-04,Feminina,0,0,0,0,mixto
II Tríatlon Concello de Rianxo,2018-08-04,General,0,0,0,0,mixto
II Tríatlon Desafío Illas Estelas Nigrán,2018-05-06,A,61,0,0,61,mixto
II Tríatlon Desafío Illas Estelas Nigrán,2018-05-06,B,65,0,0,65,mixto
II Tríatlon Desafío Illas Estelas Nigrán,2018-05-06,General,0,19,0,19,mixto
II Tríatlon Desafío Illas Estelas Nigrán,2018-05-06,Popular,37,19,0,56,mixto
II URBAN TRAIL NIGHT EUROCIDADE,2017-11-11,14 KM,251,66,0,317,mixto
II URBAN TRAIL NIGHT PONTEVEDRA,2018-02-24,URBAN TRAIL NIGHT,341,74,0,415,mixto
II VOLTA A NADO ILLA DE TAMBO-CONCELLO DE POIO,2023-07-30,1.000,31,35,0,66,mixto
II VOLTA A NADO ILLA DE TAMBO-CONCELLO DE POIO,2023-07-30,4.500,55,26,0,81,mixto
II VOLTA A NADO ILLA DE TAMBO-CONCELLO DE POIO,2023-07-30,6.000,79,21,0,100,mixto
II Vertiatlón Solidario Concello de Baiona,2016-10-08,General,0,13,0,13,mixto
II Vertiatlón Solidario Concello de Baiona,2016-10-08,Para-triatlón,1,0,0,1,mixto
II XOVE COSTA TRAIL 2021,2021-08-22,XCT15K,136,40,0,176,mixto
II XOVE COSTA TRAIL 2021,2021-08-22,XCT25K,146,22,0,168,mixto
II triatlon castrelo do miño,2019-07-07,General,0,0,0,0,mixto
II Ácuatlon Concello de Poio,2018-09-08,General,0,68,0,68,mixto
III ANDANDO E CORRENDO POLA VIA KÜNIG,2024-07-14,CARREIRA (18 anos cumplidos),64,15,0,79,mixto
III C-TRAIL BRIGANTIA AVENTURA,2017-05-21,TRAIL CORTO (DESNIVEL: 600 m+),143,60,0,203,mixto
III C-TRAIL BRIGANTIA AVENTURA,2017-05-21,TRAIL LARGO (DESNIVEL: 970 m+),126,13,0,139,mixto
III CAMPEONATO GALLEGO OPEN DE AGUAS ABIERTAS,2019-09-14,ALEVÍN,3,11,0,14,mixto
III CAMPEONATO GALLEGO OPEN DE AGUAS ABIERTAS,2019-09-14,EQUIPOS DEPORTISTAS FEMENINOS,0,0,0,0,mixto
III CAMPEONATO GALLEGO OPEN DE AGUAS ABIERTAS,2019-09-14,EQUIPOS DEPORTISTAS MASCULINOS,0,0,0,0,mixto
III CAMPEONATO GALLEGO OPEN DE AGUAS ABIERTAS,2019-09-14,EQUIPOS MÁSTER FEMENINOS,0,0,0,0,mixto
III CAMPEONATO GALLEGO OPEN DE AGUAS ABIERTAS,2019-09-14,EQUIPOS MÁSTER MASCULINOS,0,0,0,0,mixto
III CAMPEONATO GALLEGO OPEN DE AGUAS ABIERTAS,2019-09-14,"INFANTIL, JUNIOR-1, JUNIOR-2 Y SENIOR",28,20,0,48,mixto
III CAMPEONATO GALLEGO OPEN DE AGUAS ABIERTAS,2019-09-14,MÁSTER,77,36,0,113,mixto
III CARREIRA 10K SALCEDA,2015-05-03,ADULTOS 10 KM,229,42,0,271,mixto
III CARREIRA 10K SALCEDA,2015-05-03,CATEGORIA A (2000-2002) 2500m,18,14,0,32,mixto
III CARREIRA 10K SALCEDA,2015-05-03,CATEGORIA B (2003-2005) 1000m,39,30,0,69,mixto
III CARREIRA 10K SALCEDA,2015-05-03,CATEGORIA C (2006-2008) 500m,66,39,0,105,mixto
III CARREIRA DESAFÍO SANTANDER - ISLAS CÍES,2018-09-23,CARREIRA POPULAR (2002 E ANTERIORES),118,53,0,171,mixto
III CARREIRA DO COCIDO - LALIN 2013,2013-02-10,PROBA ABSOLUTA. DISTANCIA: 10000 M,0,0,0,0,mixto
III CARREIRA DO COCIDO - LALIN 2013,2013-02-10,PROBA CADETE. DISTANCIA: 2200 M,0,0,0,0,mixto
"III CARREIRA E ANDAINA SOLIDARIA ""CAMIÑANDO POLO DANO CEREBRAL""",2024-06-30,ABSOLUTA 10K (Idade minima 16 anos),23,4,0,27,mixto
"III CARREIRA E ANDAINA SOLIDARIA ""CAMIÑANDO POLO DANO CEREBRAL""",2024-06-30,ABSOLUTA 5K (2010 e anteriores),25,22,0,47,mixto
III CARREIRA MONTAÑA MONTES DE VIVEIRO,2013-04-07,MONTES DE VIVEIRO:OPEN. DISTANCIA: 40000 M,0,0,0,0,mixto
III CARREIRA NOCTURNA MURUS LUCIS,2019-06-14,ABSOLUTA,56,36,0,92,mixto
III CARREIRA NOCTURNA MURUS LUCIS,2019-06-14,CASTREX@S (A PARTIR DE 16 ANOS),29,17,0,46,mixto
III CARREIRA NOCTURNA MURUS LUCIS,2019-06-14,ROMAN@S (A PARTIR DE 16 ANOS),26,20,0,46,mixto
III CARREIRA NOCTURNA URBANA CONCELLO DE PONTEDEUME,2024-06-21,ABSOLUTA (2008 e anteriores),114,41,0,155,mixto
III CARREIRA NOCTURNA URBANA CONCELLO DE PONTEDEUME,2024-06-21,SUB10,4,5,0,9,mixto
III CARREIRA NOCTURNA URBANA CONCELLO DE PONTEDEUME,2024-06-21,SUB12SUB14SUB16,12,2,0,14,mixto
III CARREIRA NOCTURNA “CONCELLO DE VIVEIRO” HOMENAXE ADRIAN BEN,2017-08-10,ABSOLUTA (2001 E ANTERIORES),137,49,0,186,mixto
III CARREIRA NOCTURNA “CONCELLO DE VIVEIRO” HOMENAXE ADRIAN BEN,2017-08-10,ALEVIN (2006-2007),17,12,0,29,mixto
III CARREIRA NOCTURNA “CONCELLO DE VIVEIRO” HOMENAXE ADRIAN BEN,2017-08-10,BENXAMINES (2008-2009),15,9,0,24,mixto
III CARREIRA NOCTURNA “CONCELLO DE VIVEIRO” HOMENAXE ADRIAN BEN,2017-08-10,INFANTIL (04-05) / CADETE (02-03),9,7,0,16,mixto
III CARREIRA PEDESTRE CONCELLO DE CAMARIÑAS 10K,2014-03-09,10K. DISTANCIA: 10000 M,0,0,0,0,mixto
III CARREIRA PEDESTRE CONCELLO DE CAMARIÑAS 5K,2014-03-09,5K. DISTANCIA: 5000 M,0,0,0,0,mixto
III CARREIRA PEDESTRE CONCELLO DE CAMARIÑAS MENORES,2014-03-09,ALEVIN. DISTANCIA: 1000 M,0,0,0,0,mixto
III CARREIRA PEDESTRE CONCELLO DE CAMARIÑAS MENORES,2014-03-09,BENXAMIN. DISTANCIA: 1000 M,0,0,0,0,mixto
III CARREIRA PEDESTRE CONCELLO DE CAMARIÑAS MENORES,2014-03-09,INFANTIL-CADETE. DISTANCIA: 3000 M,0,0,0,0,mixto
III CARREIRA PEDESTRE CONCELLO DE MAZARICOS,2018-05-13,3K CONTRA O CANCRO (2002 E ANT.),54,70,0,124,mixto
III CARREIRA PEDESTRE CONCELLO DE MAZARICOS,2018-05-13,ABSOLUTA 10K (2002 E ANT.),160,30,0,190,mixto
III CARREIRA PEDESTRE CONCELLO DE MAZARICOS,2018-05-13,BENXAMIN (09-10) E ALEVÍN (07-08),17,18,0,35,mixto
III CARREIRA PEDESTRE CONCELLO DE MAZARICOS,2018-05-13,"INFANTIL (05-06), CADETE (03-04) E XUVENIL (01-02)",19,27,0,46,mixto
III CARREIRA PEDESTRE CONCELLO DE VIMIANZO. 10K,2014-05-04,CARREIRA ABSOLUTA (10K). DISTANCIA: 10000 M,0,0,0,0,mixto
III CARREIRA PEDESTRE CONCELLO DE VIMIANZO. 5K,2014-05-04,CARREIRA ABSOLUTA (5K). DISTANCIA: 5400 M,0,0,0,0,mixto
III CARREIRA PEDESTRE CONCELLO DE VIMIANZO. 5K,2014-05-04,CARREIRA XUVENIL. DISTANCIA: 5400 M,0,0,0,0,mixto
III CARREIRA PEDESTRE CONCELLO DE VIMIANZO. MENORES,2014-05-04,CARREIRA ALEVIN. DISTANCIA: 1000 M,0,0,0,0,mixto
III CARREIRA PEDESTRE CONCELLO DE VIMIANZO. MENORES,2014-05-04,CARREIRA BENXAMIN. DISTANCIA: 1000 M,0,0,0,0,mixto
III CARREIRA PEDESTRE CONCELLO DE VIMIANZO. MENORES,2014-05-04,CARREIRA INFANTIL E CADETE. DISTANCIA: 3000 M,0,0,0,0,mixto
III CARREIRA PEDESTRE DE DUMBRÍA,2017-05-27,ABSOLUTA 10K (1999 E ANTERIORES),145,35,0,180,mixto
III CARREIRA PEDESTRE DE DUMBRÍA,2017-05-27,ABSOLUTA 3K CONTRA O CANCRO (1999 E ANOS ANTERIORES),44,59,0,103,mixto
III CARREIRA PEDESTRE DE DUMBRÍA,2017-05-27,"BENXAMIN: (08-09), ALEVIN: (06-07)",24,29,0,53,mixto
III CARREIRA PEDESTRE DE DUMBRÍA,2017-05-27,"INFANTIL: (04-05),CADETE: (02-03), XUVENIL: (00-01)",27,29,0,56,mixto
III CARREIRA PEDESTRE DO CONCELLO DE MALPICA,2018-09-08,ALEVIN (2007-2008),8,1,0,9,mixto
III CARREIRA PEDESTRE DO CONCELLO DE MALPICA,2018-09-08,BENXAMIN (2009 A 2012),11,9,0,20,mixto
III CARREIRA PEDESTRE DO CONCELLO DE MALPICA,2018-09-08,INFANTIL (2005-2006) E CADETE (2003-2004),3,3,0,6,mixto
III CARREIRA PEDESTRE DO CONCELLO DE MALPICA,2018-09-08,PROBA DE 10K (2002 E ANT.),80,13,0,93,mixto
III CARREIRA PINGA-PINGA 2012,2012-10-13,III CARREIRA PINGA-PINGA 2012,0,0,0,0,mixto
III CARREIRA PONTENOITE 5+5 “RUN FOR PARKINSON´S”,2015-06-13,ABSOLUTA 10K,446,108,0,554,mixto
III CARREIRA PONTENOITE 5+5 “RUN FOR PARKINSON´S”,2015-06-13,ABSOLUTA CCCP,231,48,0,279,mixto
III CARREIRA PONTENOITE 5+5 “RUN FOR PARKINSON´S”,2015-06-13,ABSOLUTA CCCP [Compensada],231,48,0,279,mixto
III CARREIRA PONTENOITE 5+5 “RUN FOR PARKINSON´S”,2015-06-13,PERCORRIDO DE 5.000 METROS,73,67,0,140,mixto
III CARREIRA POPULAR ALFOZ-VALADOURO,2024-10-05,ABSOLUTA (ata 2008),55,12,0,67,mixto
III CARREIRA POPULAR ALFOZ-VALADOURO,2024-10-05,ALEVÍN SUB12 (2013-2014),5,6,0,11,mixto
III CARREIRA POPULAR ALFOZ-VALADOURO,2024-10-05,BENXAMIN SUB10 (2015-2016),6,6,0,12,mixto
III CARREIRA POPULAR ALFOZ-VALADOURO,2024-10-05,INFANTIL SUB14 (2011-2012) e CADETE SUB16 (2009-2010),9,13,0,22,mixto
"III CARREIRA POPULAR CARBALLEDO ""ENTRE CARBALLOS CENTENARIOS""",2017-05-13,ABSOLUTA (2001 E ANTERIORES),90,21,0,111,mixto
III CARREIRA POPULAR CONCELLO DE BEGONTE,2018-06-23,ABSOLUTA (1999 E ANTERIORES),142,24,0,166,mixto
III CARREIRA POPULAR CONCELLO DE BEGONTE,2018-06-23,CATEGORIA A (2009-2010),5,1,0,6,mixto
III CARREIRA POPULAR CONCELLO DE BEGONTE,2018-06-23,CATEGORIA B (2006-2008),13,9,0,22,mixto
III CARREIRA POPULAR CONCELLO DE BEGONTE,2018-06-23,CATEGORIA C (2003-2005),6,3,0,9,mixto
III CARREIRA POPULAR CONCELLO DE BEGONTE,2018-06-23,CATEGORIA D (2000-2002),8,2,0,10,mixto
III CARREIRA POPULAR CONCELLO DE FRIOL,2015-05-02,ABSOLUTA (1999 E ANTERIORES),169,50,0,219,mixto
III CARREIRA POPULAR CONCELLO DE MONTERREI. MONTERREI é 10,2016-11-06,ABSOLUTA (2001 E ANTERIORES),169,50,0,219,mixto
III CARREIRA POPULAR CONCELLO DE MONTERREI. MONTERREI é 10,2016-11-06,BENXAMIN-ALEVIN (2006-2009),19,22,0,41,mixto
III CARREIRA POPULAR CONCELLO DE MONTERREI. MONTERREI é 10,2016-11-06,EQUIPOS III 10K CONCELLO DE MONTERREI,0,0,0,0,mixto
III CARREIRA POPULAR CONCELLO DE MONTERREI. MONTERREI é 10,2016-11-06,INFANTIL-CADETE (2002-2005),8,11,0,19,mixto
III CARREIRA POPULAR CONCELLO DE O SAVIÑAO,2014-08-02,ADULTOS. DISTANCIA: 8000 M,0,0,0,0,mixto
III CARREIRA POPULAR CONCELLO DE PARADELA 2024,2024-06-01,ABSOLUTA (2008 e anteriores),27,9,0,36,mixto
III CARREIRA POPULAR CONCELLO DE PARADELA 2024,2024-06-01,SUB12 (2013-2014) SUB10 (2015-2016),4,10,0,14,mixto
III CARREIRA POPULAR CONCELLO DE PARADELA 2024,2024-06-01,SUB16 (2009-2010) SUB14 (2011-2012),3,0,0,3,mixto
III CARREIRA POPULAR DE COMBARRO,2017-10-28,PROBA ABSOLUTA (2001 E ANTERIORES),114,34,0,148,mixto
III CARREIRA POPULAR DO CONCELLO DE RIBAS E SIL 2014,2014-03-23,PROBA ABSOLUTA. DISTANCIA: 6900 M,0,0,0,0,mixto
III CARREIRA POPULAR DOLMEN DE DOMBATE,2016-09-24,ABSOLUTOS 10K (1998 E ANTERIORES),163,30,0,193,mixto
III CARREIRA POPULAR DOLMEN DE DOMBATE,2016-09-24,ALEVIN (2005-2006),11,12,0,23,mixto
III CARREIRA POPULAR DOLMEN DE DOMBATE,2016-09-24,BENXAMIN (2007-2008),21,7,0,28,mixto
III CARREIRA POPULAR DOLMEN DE DOMBATE,2016-09-24,INFANTIL - CADETE - XUVENIL E SENIOR 3K,80,105,0,185,mixto
III CARREIRA POPULAR E ANDAINA “CENTRO XEOGRÁFICO DE GALICIA-ANTAS DE ULLA”,2026-06-27,ABSOLUTA (2008 e anteriores),60,21,0,81,mixto
III CARREIRA POPULAR E ANDAINA “CENTRO XEOGRÁFICO DE GALICIA-ANTAS DE ULLA”,2026-06-27,SUB 10 (2017-2018),6,6,0,12,mixto
III CARREIRA POPULAR E ANDAINA “CENTRO XEOGRÁFICO DE GALICIA-ANTAS DE ULLA”,2026-06-27,SUB 12 (2015-2016),10,5,0,15,mixto
III CARREIRA POPULAR E ANDAINA “CENTRO XEOGRÁFICO DE GALICIA-ANTAS DE ULLA”,2026-06-27,SUB 14 (2013-2014),4,4,0,8,mixto
III CARREIRA POPULAR E ANDAINA “CENTRO XEOGRÁFICO DE GALICIA-ANTAS DE ULLA”,2026-06-27,SUB 16 (2011-2012)-SUB 18 (2009-2010),3,2,0,5,mixto
III CARREIRA POPULAR E ANDAINA “CENTRO XEOGRÁFICO DE GALICIA-ANTAS DE ULLA”,2026-06-27,SUB 8 (2019-2020),15,12,0,27,mixto
III CARREIRA POPULAR FESTA DA AUGARDENTE DE PORTOMARÍN,2017-04-16,CARREIRA ABSOLUTA (2000 E ANOS ANTERIORES),133,28,0,161,mixto
III CARREIRA POPULAR GUITIRIZ TERMAL 2008,2008-09-27,Carrera,152,0,0,152,mixto
III CARREIRA POPULAR NOVO MESOIRO - MEMORIAL IVAN ROCHA FREIRE 2013,2013-11-03,PRUEBA ABSOLUTA. DISTANCIA: 7000 M,0,0,0,0,mixto
III CARREIRA POPULAR NOVO MESOIRO - MEMORIAL IVAN ROCHA FREIRE 2013. MENORES,2013-11-03,ALEVIN . DISTANCIA: 800 M,0,0,0,0,mixto
III CARREIRA POPULAR NOVO MESOIRO - MEMORIAL IVAN ROCHA FREIRE 2013. MENORES,2013-11-03,BENJAMIN . DISTANCIA: 800 M,0,0,0,0,mixto
III CARREIRA POPULAR NOVO MESOIRO - MEMORIAL IVAN ROCHA FREIRE 2013. MENORES,2013-11-03,CADETE Y JUVENIL. DISTANCIA: 2350 M,0,0,0,0,mixto
III CARREIRA POPULAR NOVO MESOIRO - MEMORIAL IVAN ROCHA FREIRE 2013. MENORES,2013-11-03,INFANTIL. DISTANCIA: 1600 M,0,0,0,0,mixto
III CARREIRA POPULAR PEDESTRE DE MORAÑA 2012,2012-09-23,III CARREIRA POPULAR PEDESTRE DE MORAÑA 2012,0,0,0,0,mixto
III CARREIRA POPULAR SOLIDARIA CPR LA MILAGROSA LUGO,2026-03-01,ABSOLUTA (2010 e anteriores),83,38,0,121,mixto
III CARREIRA POPULAR SOLIDARIA CPR LA MILAGROSA LUGO,2026-03-01,SUB10 (2017-2018),20,12,0,32,mixto
III CARREIRA POPULAR SOLIDARIA CPR LA MILAGROSA LUGO,2026-03-01,SUB12 (2015-2016),14,15,0,29,mixto
III CARREIRA POPULAR SOLIDARIA CPR LA MILAGROSA LUGO,2026-03-01,SUB14-SUB16 (2011-2014),13,9,0,22,mixto
III CARREIRA POPULAR VILA DE MEIRA,2022-08-13,4K (2006 e anteriores),21,13,0,34,mixto
III CARREIRA POPULAR VILA DE MEIRA,2022-08-13,8 K (2006 e anteriores),56,14,0,70,mixto
III CARREIRA POPULAR VILA DE MEIRA,2022-08-13,ALEVIN (2011-2012),6,4,0,10,mixto
III CARREIRA POPULAR VILA DE MEIRA,2022-08-13,BENXAMIN (2013-2014),13,8,0,21,mixto
III CARREIRA POPULAR VILA DE MEIRA,2022-08-13,INFANTIL (2009-2010),3,3,0,6,mixto
III CARREIRA POPULAR VILA DE MEIRA,2022-08-13,PREBENXAMIN (2015-2017),11,11,0,22,mixto
"III CARREIRA POPULAR VÍA NOVA ""CONCELLO DE BANDE""",2016-06-04,ABSOLUTA (2000 E ANTERIORES),87,13,0,100,mixto
III CARREIRA SOLIDARIA DO CONCELLO DE OUTEIRO DE REI,2017-07-01,ABSOLUTA (2001 Y ANTERIORES),138,40,0,178,mixto
III CARREIRA do ENTROIDO Concello de Vigo,2017-02-26,ABSOLUTA 10 KM (2001 E ANTERIORES),159,48,0,207,mixto
III CARREIRA do ENTROIDO Concello de Vigo,2017-02-26,ABSOLUTA 5 KM (2001 E ANTERIORES),90,88,0,178,mixto
III CARRERA ATMOSFERA SPORT,2017-05-14,10 KM (2002 Y ANTERIORES),140,25,0,165,mixto
III CARRERA ATMOSFERA SPORT,2017-05-14,5 KM (2002 Y ANTERIORES),23,26,0,49,mixto
"III CARRERA DE MONTAÑA EL ESPINO, Vega de la Espinareda",2014-09-14,PRUEBA ABSOLUTA. DISTANCIA: 14000 M,0,0,0,0,mixto
III CARRERA DE MONTAÑA FERRADILLO F8,2014-08-23,PROBA ABSOLUTA. DISTANCIA: 13000 M,0,0,0,0,mixto
III CARRERA DE RELEVOS CAMINO DE SANTIAGO. ETAPA 1,2012-09-30,III CARRERA DE RELEVOS CAMINO DE SANTIAGO. ETAPA 1,0,0,0,0,mixto
III CARRERA DE RELEVOS CAMINO DE SANTIAGO. ETAPA 2,2012-09-30,III CARRERA DE RELEVOS CAMINO DE SANTIAGO. ETAPA 2,0,0,0,0,mixto
III CARRERA DE RELEVOS CAMINO DE SANTIAGO. ETAPA 3,2012-09-30,III CARRERA DE RELEVOS CAMINO DE SANTIAGO. ETAPA 3,0,0,0,0,mixto
"III CARRERA DEL AGUA UNICEF SADA, ADULTOS",2013-10-13,ADULTOS. DISTANCIA: 10000 M,0,0,0,0,mixto
"III CARRERA DEL AGUA UNICEF SADA, CADETES Y JUNIOR",2013-10-13,CADETES Y JUNIOR. DISTANCIA: 2800 M,0,0,0,0,mixto
III CARRERA DONA VIDA,2016-06-12,ABSOLUTA (7.500m),490,233,0,723,mixto
III CARRERA HUCA 'MUÉVETE POR LA SALUD' 3K CarrerHUCA 'Corre o Camina' y 10K HUCA,2017-09-24,10K HUCA,388,101,0,489,mixto
III CARRERA HUCA 'MUÉVETE POR LA SALUD' 3K CarrerHUCA 'Corre o Camina' y 10K HUCA,2017-09-24,HANDBIKE,2,0,0,2,mixto
III CARRERA NOCTURNA COFC 5K,2022-07-09,ABSOLUTA (Mayores de 12 años),88,37,0,125,mixto
"III CARRERA POPULAR ""RUTA DE LA CONSTRUCCION NAVAL""",2015-06-28,ABSOLUTA (1999 E ANTERIORES),420,89,0,509,mixto
III CARRERA POPULAR - CULTIVANDO DEPORTE,2018-09-08,CARRERA POPULAR,140,84,0,224,mixto
III CARRERA POPULAR ANA AMELIA MENENDEZ 2010,2010-01-17,ABSOLUTA. DISTANCIA: 10000 M,0,0,0,0,mixto
III CARRERA POPULAR CENTRO “RICARDO BARÓ” ASPRONAGA,2016-11-20,ABSOLUTA (1999 E ANTERIORES),112,58,0,170,mixto
III CARRERA POPULAR DE LOS ROSALES,2014-10-19,ADULTOS (NACIDOS EN 1997 Y ANTERIORES),789,239,0,1028,mixto
III CARRERA POPULAR DE LOS ROSALES,2014-10-19,ALEVÍN (NACIDOS EN 2004 y 2005),78,69,0,147,mixto
III CARRERA POPULAR DE LOS ROSALES,2014-10-19,BENJAMIN (NACIDOS EN 2006 Y 2007),89,67,0,156,mixto
III CARRERA POPULAR DE LOS ROSALES,2014-10-19,CADETES (NACIDOS EN 2000 y 2001),29,27,0,56,mixto
III CARRERA POPULAR DE LOS ROSALES,2014-10-19,INFANTILES (NACIDOS EN 2002 Y 2003),58,47,0,105,mixto
III CARRERA POPULAR DE LOS ROSALES,2014-10-19,JUVENILES (NACIDOS EN 1998 Y 1999),32,37,0,69,mixto
III CARRERA POPULAR DE MONTAÑA CLUB FLUVIAL LUGO,2017-10-01,TRAIL 16KM,112,18,0,130,mixto
III CARRERA POPULAR MATOGRANDE,2018-01-14,ABSOLUTA,637,208,0,845,mixto
III CARRERA POPULAR MATOGRANDE,2018-01-14,PRE-BENXAMÍN (No competitiva),0,0,0,0,mixto
III CARRERA POPULAR MATOGRANDE,2018-01-14,SUB10,38,23,0,61,mixto
III CARRERA POPULAR MATOGRANDE,2018-01-14,SUB12,49,42,0,91,mixto
III CARRERA POPULAR MATOGRANDE,2018-01-14,SUB14,30,52,0,82,mixto
III CARRERA POPULAR MATOGRANDE,2018-01-14,SUB16 y SUB18,54,90,0,144,mixto
III CARRERA POPULAR VENTORRILLO,2015-07-12,ADULTOS (NACIDOS EN 1997 Y ANTERIORES),500,138,0,638,mixto
III CARRERA POPULAR VENTORRILLO,2015-07-12,ALEVÍN (NACIDOS EN 2004 y 2005),16,17,0,33,mixto
III CARRERA POPULAR VENTORRILLO,2015-07-12,BENJAMIN (NACIDOS EN 2006 Y 2007),18,13,0,31,mixto
III CARRERA POPULAR VENTORRILLO,2015-07-12,INFANTILES (NACIDOS EN 2002 Y 2003),12,9,0,21,mixto
III CARRERA POPULAR VENTORRILLO,2015-07-12,JUVENIL-CADETE (NACIDOS ENTRE 1998 Y 2001),22,13,0,35,mixto
III CARRERA POPULAR VILLA DE SARRIA 10 KM,2015-06-14,ABSOLUTA 10KM,130,16,0,146,mixto
III CARRERA POPULAR VOLTA A OZA ADULTOS,2014-08-10,PRUEBA ABSOLUTA. DISTANCIA: 7575 M,0,0,0,0,mixto
III CARRERA POPULAR VOLTA A OZA BENXAMIN_ALEVIN,2014-08-10,ALEVIN . DISTANCIA: 810 M,0,0,0,0,mixto
III CARRERA POPULAR VOLTA A OZA BENXAMIN_ALEVIN,2014-08-10,BENJAMIN . DISTANCIA: 810 M,0,0,0,0,mixto
III CARRERA POPULAR VOLTA A OZA CADETE_XUVENIL,2014-08-10,2430 M,0,0,0,0,mixto
III CARRERA POPULAR VOLTA A OZA INFANTIL,2014-08-10,1620 M,0,0,0,0,mixto
III CARRERA SOLIDARIA CPR CERVANTES LUGO,2013-05-17,Carrera,180,0,0,180,mixto
III CASTRO TRAIL (Barbadás),2018-05-06,TRAIL CORTO (15 km),70,28,0,98,mixto
III CASTRO TRAIL (Barbadás),2018-05-06,TRAIL LARGO (24 km),80,13,0,93,mixto
III CIRCUITO CORRENDO POR OURENSE - O COUTO ADULTOS,2013-05-25,PROBA ABSOLUTA. DISTANCIA: 5700 M,0,0,0,0,mixto
III CIRCUITO CORRENDO POR OURENSE - O COUTO MENORES,2013-05-25,BENXAMIN E ALEVIN. DISTANCIA: 1400 M,0,0,0,0,mixto
III CIRCUITO CORRENDO POR OURENSE - O COUTO MENORES,2013-05-25,INFANTIL E CADETE. DISTANCIA: 1900 M,0,0,0,0,mixto
"III CIRCUITO DE CARREIRAS POPULARES ""CORUÑA CORRE""",2014-01-01,"III CIRCUITO DE CARREIRAS POPULARES ""CORUÑA CORRE""",272,66,0,338,mixto
III CORRENDO POR OURENSE 2013 - CARREIRA DO VINTEUN,2013-04-28,PROBA ABSOLUTA. DISTANCIA: 6000 M,0,0,0,0,mixto
III CORRENDO POR OURENSE 2013- CARREIRA DO VINTEUN. MENORES,2013-04-28,BENXAMIN E ALEVIN. DISTANCIA: 1500 M,0,0,0,0,mixto
III CORRENDO POR OURENSE 2013- CARREIRA DO VINTEUN. MENORES,2013-04-28,INFANTIL E CADETE. DISTANCIA: 2400 M,0,0,0,0,mixto
III CORRENDO POR OURENSE. CARREIRA DA PONTE 2013,2013-07-20,PROBA ABSOLUTA. DISTANCIA: 5250 M,0,0,0,0,mixto
III CORRENDO POR OURENSE. CARREIRA DA PONTE. MENORES 2013,2013-07-20,BENXAMIN E ALEVIN. DISTANCIA: 1000 M,0,0,0,0,mixto
III CORRENDO POR OURENSE. CARREIRA DA PONTE. MENORES 2013,2013-07-20,INFANTIL E CADETE. DISTANCIA: 1750 M,0,0,0,0,mixto
III CORRENDO POR OURENSE. CARREIRA DA ZONA UNIVERSITARIA 2013,2013-09-29,PROBA ABSOLUTA. DISTANCIA: 6400 M,0,0,0,0,mixto
III CORRENDO POR OURENSE. CARREIRA DA ZONA UNIVERSITARIA 2013. BENXAMIN E ALEVIN,2013-09-29,BENXAMIN E ALEVIN. DISTANCIA: 1000 M,0,0,0,0,mixto
III CORRENDO POR OURENSE. CARREIRA DA ZONA UNIVERSITARIA 2013. INFANTIL E CADETE,2013-09-29,INFANTIL E CADETE. DISTANCIA: 3200 M,0,0,0,0,mixto
III CORRENDO POR OURENSE. NOCTURNA DE CORPUS 2013,2013-06-29,PROBA ABSOLUTA. DISTANCIA: 6500 M,0,0,0,0,mixto
III CORRENDO POR OURENSE. NOCTURNA DE CORPUS 2013. MENORES,2013-06-29,BENXAMIN E ALEVIN. DISTANCIA: 1000 M,0,0,0,0,mixto
III CORRENDO POR OURENSE. NOCTURNA DE CORPUS 2013. MENORES,2013-06-29,INFANTIL E CADETE. DISTANCIA: 1900 M,0,0,0,0,mixto
III CORRENDO POR VIGO,2014-01-12,PRUEBA ABSOLUTA. DISTANCIA: 9900 M,0,0,0,0,mixto
III CP 10KM CONCELLO DE CARBALLO,2013-06-16,ADULTOS. DISTANCIA: 10000 M,0,0,0,0,mixto
III CP TORRE DE HERCULES. I TROFEO JOSE ANTONIO VARELA CALVIÑO,2013-02-03,BENJAMIN Y ALEVIN . DISTANCIA: 700 M,0,0,0,0,mixto
III CP TORRE DE HERCULES. I TROFEO JOSE ANTONIO VARELA CALVIÑO,2013-02-03,"INFANTIL, CADETE Y JUVENIL . DISTANCIA: 1500 M",0,0,0,0,mixto
III CP TORRE DE HERCULES. I TROFEO JOSE ANTONIO VARELA CALVIÑO,2013-02-03,"INFANTIL, CADETE Y JUVENIL . DISTANCIA: 3000 M",0,0,0,0,mixto
III CP TORRE DE HERCULES. I TROFEO JOSE ANTONIO VARELA CALVIÑO,2013-02-03,PRUEBA ABSOLUTA. DISTANCIA: 7000 M,0,0,0,0,mixto
III CROSS OS CASTROS (CANGAS DE FOZ),2022-11-06,ABSOLUTA (2006 e anteriores),69,19,0,88,mixto
III CROSS OS CASTROS (CANGAS DE FOZ),2022-11-06,ALEVIN (2011-2012),17,14,0,31,mixto
III CROSS OS CASTROS (CANGAS DE FOZ),2022-11-06,BENXAMIN (2013-2014),23,15,0,38,mixto
III CROSS OS CASTROS (CANGAS DE FOZ),2022-11-06,CADETE (2007-2008),3,5,0,8,mixto
III CROSS OS CASTROS (CANGAS DE FOZ),2022-11-06,INFANTIL (2009-2010),14,22,0,36,mixto
III CROSS PONTE ROMANA. HOMENAJE A TITO MARGARIDE,2018-11-25,ABSOLUTA Y SUB23 FEM,0,18,0,18,mixto
III CROSS PONTE ROMANA. HOMENAJE A TITO MARGARIDE,2018-11-25,ABSOLUTA Y SUB23 MASC,45,0,0,45,mixto
III CROSS PONTE ROMANA. HOMENAJE A TITO MARGARIDE,2018-11-25,CUADRO DE HONOR,0,0,0,0,mixto
III CROSS PONTE ROMANA. HOMENAJE A TITO MARGARIDE,2018-11-25,POPULAR MIXTA,63,33,0,96,mixto
III CROSS PONTE ROMANA. HOMENAJE A TITO MARGARIDE,2018-11-25,SUB-10 MIXTA 2010-11-12-13 (benjamín y prebenjamín),36,36,0,72,mixto
III CROSS PONTE ROMANA. HOMENAJE A TITO MARGARIDE,2018-11-25,SUB-12 FEM 2008-09 (alevín),0,46,0,46,mixto
III CROSS PONTE ROMANA. HOMENAJE A TITO MARGARIDE,2018-11-25,SUB-12 MASC 2008-09 (alevín),30,0,0,30,mixto
III CROSS PONTE ROMANA. HOMENAJE A TITO MARGARIDE,2018-11-25,SUB-14 FEM 2006-07 (infantil),0,41,0,41,mixto
III CROSS PONTE ROMANA. HOMENAJE A TITO MARGARIDE,2018-11-25,SUB-14 MASC 2006-07 (infantil),38,0,0,38,mixto
III CROSS PONTE ROMANA. HOMENAJE A TITO MARGARIDE,2018-11-25,SUB-16 FEM 2004-05 (cadete),0,30,0,30,mixto
III CROSS PONTE ROMANA. HOMENAJE A TITO MARGARIDE,2018-11-25,SUB-16 MASC y SUB-18 MASC,42,0,0,42,mixto
III CROSS PONTE ROMANA. HOMENAJE A TITO MARGARIDE,2018-11-25,"SUB-18 FEM, SUB-20 FEM y MÁSTER FEM",0,27,0,27,mixto
III CROSS PONTE ROMANA. HOMENAJE A TITO MARGARIDE,2018-11-25,SUB-20 MASC y MÁSTER MASC,52,0,0,52,mixto
III Carreira 5K/10k Nocturna Burela Bonita,2018-07-21,CARREIRA 10K,110,23,0,133,mixto
III Carreira 5K/10k Nocturna Burela Bonita,2018-07-21,CARREIRA 5K,39,22,0,61,mixto
III Carreira 5K/10k Nocturna Burela Bonita,2018-07-21,SUB 10 (2009-2010),11,4,0,15,mixto
III Carreira 5K/10k Nocturna Burela Bonita,2018-07-21,SUB 12 (2007-2008),1,4,0,5,mixto
III Carreira 5K/10k Nocturna Burela Bonita,2018-07-21,SUB 14 (2005-2006)/ SUB 16 (2003-2004),8,7,0,15,mixto
III Carreira ABANCA Nocturna solidaria das Festas de Lalín,2018-09-21,ADULTOS (2002 E ANTERIORES),125,38,0,163,mixto
III Carreira Pedestre Concello de Muxía,2016-07-10,ABSOLUTA 10K (1998 E ANTERIORES),125,22,0,147,mixto
III Carreira Pedestre Concello de Muxía,2016-07-10,ABSOLUTA 3K CONTRA O CANCRO (1998 E ANOS ANTERIORES),32,23,0,55,mixto
III Carreira Pedestre Concello de Muxía,2016-07-10,BENXAMIN - ALEVIN (2005-2008),24,20,0,44,mixto
III Carreira Pedestre Concello de Muxía,2016-07-10,INFANTIL - CADETE - XUVENIL (1999-2004),18,11,0,29,mixto
III Carreira Pedestre Concello de Zas,2016-06-04,ABSOLUTA 10K (1998 E ANTERIORES),152,18,0,170,mixto
III Carreira Pedestre Concello de Zas,2016-06-04,ABSOLUTA 3K CONTRA O CANCRO (1998 E ANOS ANTERIORES),26,35,0,61,mixto
III Carreira Pedestre Concello de Zas,2016-06-04,BENXAMÍN (2007-2008) - ALEVIN (2005-2006),28,31,0,59,mixto
III Carreira Pedestre Concello de Zas,2016-06-04,"INFANTIL (2004-2003), CADETE (2002-2001) E XUVENIL (2000-1999)",20,23,0,43,mixto
III Carreira Pedestre Monte Porreiro - Gran Premio U.N.E.D.,2015-04-12,Absoluta solo CCCP (8000 M),240,46,0,286,mixto
III Carreira Pedestre Monte Porreiro - Gran Premio U.N.E.D.,2015-04-12,Absoluta solo CCCP (8000 M) [Compensada],240,46,0,286,mixto
III Carreira Pedestre Monte Porreiro - Gran Premio U.N.E.D.,2015-04-12,Absoluta todos (8000 M),348,74,0,422,mixto
III Carreira Pedestre Monte Porreiro - Gran Premio U.N.E.D.,2015-04-12,Parexas Monte Porreiro,0,0,0,0,mixto
III Carreira Popular de Taboada Entre pazos e carballos,2014-09-20,PRUEBA DE 7.500 M. DISTANCIA: 7500 M,0,0,0,0,mixto
III Cross Comarcal “A Mariña Lucense”,2019-01-20,ABSOLUTA,37,8,0,45,mixto
III D3SAFIO42 15k NOCTURNA DE OURENSE BANCO MEDIOLANUM,2016-05-14,PROBA ABSOLUTA (2000 E ANOS ANTERIORES),228,45,0,273,mixto
III D3SAFIO42 6K CASTELO DE MACEDA,2016-05-14,PROBA ABSOLUTA (2000 E ANOS ANTERIORES),141,30,0,171,mixto
III D3SAFIO42 MEDIA MARATON DE ALLARIZ,2016-05-15,PROBA ABSOLUTA (2000 E ANOS ANTERIORES),167,13,0,180,mixto
III DESAFÍO TOVAR - CADEIRA,2019-09-08,ABSOLUTA CARREIRA POPULAR (2005 E ANTERIORES),22,11,0,33,mixto
III DESAFÍO TOVAR - CADEIRA,2019-09-08,MARCHA CICLOTURISTA (2004 E ANTERIORES),27,1,0,28,mixto
III DÚATLON MOVÉNDONOS POR POIO,2021-04-18,General,0,0,0,0,mixto
III Dúatlon Concello de Riveira - Memorial Jesús e Vicente,2017-03-05,A,79,0,0,79,mixto
III Dúatlon Concello de Riveira - Memorial Jesús e Vicente,2017-03-05,B,81,0,0,81,mixto
III Dúatlon Concello de Riveira - Memorial Jesús e Vicente,2017-03-05,General,0,26,0,26,mixto
III EDICION 24 HORAS DE VIGO,2016-08-27,EQUIPOS FEMENINOS,0,0,0,0,mixto
III EDICION 24 HORAS DE VIGO,2016-08-27,EQUIPOS MASCULINOS,0,0,0,0,mixto
III EDICION 24 HORAS DE VIGO,2016-08-27,EQUIPOS MIXTOS,0,0,0,0,mixto
III EDICION 24 HORAS DE VIGO,2016-08-27,INDIVIDUAL,0,0,0,0,mixto
III EDICION DE LA CARRERA POPULAR DE LAS BARRANCAS DE SANTALLA,2014-10-12,PROBA ABSOLUTA. DISTANCIA: 15000 M,0,0,0,0,mixto
III EDICIÓN VOLTA A NADO ILLA DE TAMBO-CONCELLO DE POIO,2024-07-28,1.000,43,32,0,75,mixto
III EDICIÓN VOLTA A NADO ILLA DE TAMBO-CONCELLO DE POIO,2024-07-28,4.500,57,23,0,80,mixto
III EDICIÓN VOLTA A NADO ILLA DE TAMBO-CONCELLO DE POIO,2024-07-28,6.000,73,19,0,92,mixto
III EDICIÓN “ NOCTURNA SAN RAMÓN” CARREIRA POPULAR VILALBA 2017,2017-08-19,ABSOLUTA (2001 E ANTERIORES),114,43,0,157,mixto
III ESCALADA MONTE DE A CARBALLEIRA,2016-07-09,BICI DE CARRETERA 4570m,24,4,0,28,mixto
III ESCALADA MONTE DE A CARBALLEIRA,2016-07-09,BTT 3400m,17,2,0,19,mixto
III ESCALADA MONTE DE A CARBALLEIRA,2016-07-09,CARRERA A PIE 3400m,11,2,0,13,mixto
III ESCALADA MONTE DE A CARBALLEIRA,2016-07-09,EQUIPOS III ESCALADA CICLOTURISTA MONTE DE A CARBALLEIRA,0,0,0,0,mixto
III EUROCIDADE10 - 2014,2014-06-08,ADULTOS. DISTANCIA: 10000 M,0,0,0,0,mixto
"III Edición 10k O ROSAL “FEIRA DO VIÑO""",2016-07-17,CARREIRA,179,27,0,206,mixto
III GIJÓN TRAIL 2017,2017-02-26,TRAIL (23 KM Y 2200 M DE DESNIVEL ACUMULADO),375,51,0,426,mixto
III LEGUA MARÍTIMA SOLIDARIA R.S.D. HÍPICA - MALAWI 2013. ABSOLUTA,2013-11-24,PRUEBA ABSOLUTA. DISTANCIA: 7300 M,0,0,0,0,mixto
III LEGUA MARÍTIMA SOLIDARIA R.S.D. HÍPICA - MALAWI 2013. MENORES,2013-11-24,PRUEBA BENJAMIN Y ALEVIN. DISTANCIA: 600 M,0,0,0,0,mixto
III LEGUA MARÍTIMA SOLIDARIA R.S.D. HÍPICA - MALAWI 2013. MENORES,2013-11-24,PRUEBA INFANTIL Y CADETE. DISTANCIA: 1500 M,0,0,0,0,mixto
III LEGUA Y MEDIA NOCTURNA DE BENAVIDES 2012,2012-09-08,Prueba Absoluta. Distancia: 8350 m,0,0,0,0,mixto
III MARATON ATLÁNTICA CORUÑA42. 10 KM,2014-04-27,CARRERA 10 KM. DISTANCIA: 10000 M,0,0,0,0,mixto
III MARATON ATLÁNTICA CORUÑA42. MARATON,2014-04-27,MARATON POPULAR Y CAMPEONATO. DISTANCIA: 42195 M,0,0,0,0,mixto
III MEDIA MARATON GIJON 2013,2013-05-04,PRUEBA ABSOLUTA. DISTANCIA: 21097 M,0,0,0,0,mixto
III MEDIA MARATON GIJON 2013,2013-05-04,PRUEBA EN VEHICULO ADAPTADO. DISTANCIA: 21097 M,0,0,0,0,mixto
III MEDIA MARATON RIBADEO – AS CATEDRAIS,2016-09-10,MEDIO MARATON,625,106,0,731,mixto
III MEDIO MARATON CORUÑA21 2011,2011-05-15,PROBA POPULAR. DISTANCIA: 21097 M,0,0,0,0,mixto
III MEDIO MARATON PETIN 2012,2012-09-01,"CTO. GALEGO JUNIOR, PROMESA, ABSOLUTO E VETERANO DE MEDIO MARATON. Distancia: 21097 m",0,0,0,0,mixto
III MEDIO MARATON PETIN 2012,2012-09-01,PROBA POPULAR. Distancia: 21097 m,0,0,0,0,mixto
III MEMORIAL MANUEL BERGUEIRO A ESTRADA 2013,2013-09-08,ADULTOS. DISTANCIA: 10000 M,0,0,0,0,mixto
III NIGHT TRAIL QUIROGA,2018-07-07,NIGHT TRAIL 10km (ANDAINA y TRAIL),80,83,0,163,mixto
III NIGHT TRAIL QUIROGA,2018-07-07,NIGHT TRAIL 21 Km (solo TRAIL),36,8,0,44,mixto
III OKTOBERBIKE CAMPELO 2019,2019-06-09,Ruta corta 30 Km,57,4,0,61,mixto
III OKTOBERBIKE CAMPELO 2019,2019-06-09,Ruta corta 30 km (bici eléctrica),4,0,0,4,mixto
III OKTOBERBIKE CAMPELO 2019,2019-06-09,Ruta longa (bici eléctrica),10,0,0,10,mixto
III OKTOBERBIKE CAMPELO 2019,2019-06-09,Ruta longa 55 Km,73,3,0,76,mixto
III SAN SILVESTRE RIALTO A CORUÑA 2012,2012-12-31,Adultos. Distancia: 7700 m,0,0,0,0,mixto
III SAN SILVESTRE RIALTO A CORUÑA 2012,2012-12-31,Carrera,1120,0,0,1120,mixto
III SANCI 5K POPULAR,2025-08-30,ABSOLUTA (2009 e anteriores),51,18,0,69,mixto
III SANCI 5K POPULAR,2025-08-30,SUB10 (2016-2017),7,0,0,7,mixto
III SANCI 5K POPULAR,2025-08-30,SUB10 FEMININO (2016-2017),0,5,0,5,mixto
III SANCI 5K POPULAR,2025-08-30,SUB12 (2014-2015),9,0,0,9,mixto
III SANCI 5K POPULAR,2025-08-30,SUB12 FEMININO (2014-2015),0,7,0,7,mixto
III SANCI 5K POPULAR,2025-08-30,SUB14 (2012-2013),6,0,0,6,mixto
III SANCI 5K POPULAR,2025-08-30,SUB14 FEMININA (2012-2013),0,6,0,6,mixto
III SANCI 5K POPULAR,2025-08-30,SUB16 (2010-2011),3,6,0,9,mixto
III SANITAS MARCA RUNNING SERIES DE GIJÓN. COMPLETA,2014-10-19,CLASIFICACIÓN COMPLETA. DISTANCIA: 10000 M,0,0,0,0,mixto
III TRAIL A FUME DE CAROZO 2025,2025-06-08,TRAIL 16K (Desnivel +600),73,23,0,96,mixto
III TRAIL A FUME DE CAROZO 2025,2025-06-08,TRAIL 25K (Desnivel +1000),20,6,0,26,mixto
III TRAIL AS MINAS DA PONTENOVA,2024-03-24,TRAIL,78,17,0,95,mixto
III TRAIL CONCELLO DE MAÑÓN,2025-10-18,TRAIL 15K,40,13,0,53,mixto
III TRAIL CONCELLO DE MAÑÓN,2025-10-18,TRAIL 21K,54,6,0,60,mixto
III TRAIL COSTA DOCE 2018,2018-01-28,TRAIL INDIVIDUAL,227,26,0,253,mixto
III TRAIL COSTA DOCE 2018,2018-01-28,TRAIL RELEVOS,58,12,0,70,mixto
III TRAIL DA CARIXA,2022-09-11,TRAIL CADETE,3,0,0,3,mixto
III TRAIL DA CARIXA,2022-09-11,TRAIL INDIVIDUAL (2004 e anteriores),98,18,0,116,mixto
III TRAIL DA CARIXA,2022-09-11,TRAIL POR RELEVOS (2004 e anteriores),25,6,0,31,mixto
III TRAIL DO NOCEDO,2024-03-10,EQUIPOS TRAIL DO NOCEDO 2024,0,0,0,0,mixto
III TRAIL DO NOCEDO,2024-03-10,TRAIL (1500m D+),88,15,0,103,mixto
III TRAIL DO NOCEDO,2024-03-10,TRAILIÑO (600m D+),145,80,0,225,mixto
III TRAIL DOS FOUCELLAS,2021-12-12,CURTO (300m desnivel),110,40,0,150,mixto
III TRAIL DOS FOUCELLAS,2021-12-12,LONGO (900m desnivel),49,5,0,54,mixto
III TRAIL E ANDAINA POLAS CABECEIRAS DO ANLLÓNS,2016-03-06,MINI TRAIL 17 KM,214,65,0,279,mixto
III TRAIL E ANDAINA POLAS CABECEIRAS DO ANLLÓNS,2016-03-06,TRAIL 25 KM,181,10,0,191,mixto
III TRAIL MOSTEIRO DE CAAVEIRO,2018-11-18,TRAIL LONGO,183,28,0,211,mixto
III TRAIL MOSTEIRO DE CAAVEIRO,2018-11-18,TRAIL MINI,188,75,0,263,mixto
III TRAIL ORIXES DE MONDARIZ,2019-11-09,MARATON 46KM,46,3,0,49,mixto
III TRAIL ORIXES DE MONDARIZ,2019-11-09,MINITRAIL 14KM,147,54,0,201,mixto
III TRAIL ORIXES DE MONDARIZ,2019-11-09,TRAIL 26KM,96,12,0,108,mixto
III TRAIL RIBEIRA SACRA 2018,2018-10-14,24KM (desnivel positivo de unos 1400 mts),181,52,0,233,mixto
III TRAIL RIBEIRA SACRA 2018,2018-10-14,47KM (desnivel positivo de unos 3000 mts.),94,7,0,101,mixto
III TRAIL RUTA DOS MUÍÑOS DE SAMIEIRA,2016-10-02,ABSOLUTA (1998 ANT.),103,20,0,123,mixto
III TRAIL TRANS SERRA DA GROBA-BAIONA 2015,2015-11-07,EQUIPOS MINI TRAIL SERRA DA GROBA,0,0,0,0,mixto
III TRAIL TRANS SERRA DA GROBA-BAIONA 2015,2015-11-07,EQUIPOS TRAIL SERRA DA GROBA,0,0,0,0,mixto
III TRAIL TRANS SERRA DA GROBA-BAIONA 2015,2015-11-07,MINI TRAIL,170,16,0,186,mixto
III TRAIL TRANS SERRA DA GROBA-BAIONA 2015,2015-11-07,TRAIL,103,5,0,108,mixto
III TRAIL Y ANDAINA DE CELANOVA,2018-09-09,RELEVOS DE PAREJAS (MAYORES DE 18 AÑOS),0,0,0,0,mixto
III TRAIL Y ANDAINA DE CELANOVA,2018-09-09,TRAIL (MAYORES DE 18 AÑOS),105,21,0,126,mixto
III TRAIL “RUTA DOS MUIÑOS” RIOTORTO 2025,2025-05-24,MINITRAIL,39,16,0,55,mixto
III TRAIL “RUTA DOS MUIÑOS” RIOTORTO 2025,2025-05-24,TRAIL,32,7,0,39,mixto
III TRAVESIA A NADO BALARES,2019-07-28,Distancia Corta: 1.600 metros,45,9,0,54,mixto
III TRAVESIA A NADO BALARES,2019-07-28,Distancia Larga: 3.200 metros,73,11,0,84,mixto
III TRAVESIA COSTA SERENA NIGRAN 2012,2012-07-29,TRAVESÍA 3800M. Distancia: 3800 m,0,0,0,0,mixto
III TRAVESIA DO LEREZ CIDADE DE PONTEVEDRA,2025-07-26,BENJAMIN (2014-2015),13,9,0,22,mixto
III TRAVESIA DO LEREZ CIDADE DE PONTEVEDRA,2025-07-26,ELITE (2011 e anteriores),24,21,0,45,mixto
III TRAVESIA DO LEREZ CIDADE DE PONTEVEDRA,2025-07-26,ELITE COPA ESPAÑA,20,15,0,35,mixto
III TRAVESIA DO LEREZ CIDADE DE PONTEVEDRA,2025-07-26,ELITE CTO. GALEGO AUGAS ABERTAS,15,13,0,28,mixto
III TRAVESIA DO LEREZ CIDADE DE PONTEVEDRA,2025-07-26,MASTER (2005 e anteriores),56,31,0,87,mixto
III TRAVESIA DO LEREZ CIDADE DE PONTEVEDRA,2025-07-26,MASTER COPA ESPAÑA,42,25,0,67,mixto
III TRAVESIA DO LEREZ CIDADE DE PONTEVEDRA,2025-07-26,MASTER CTO. GALEGO AUGAS ABERTAS,18,15,0,33,mixto
III TRAVESIA DO LEREZ CIDADE DE PONTEVEDRA,2025-07-26,POPULAR (2007 e anteriores),25,9,0,34,mixto
III TRAVESIA DO LEREZ CIDADE DE PONTEVEDRA,2025-07-26,PREBENXAMIN (2016-2021),6,3,0,9,mixto
III TRAVESIA DO LEREZ CIDADE DE PONTEVEDRA,2025-07-26,PROMOCION INFANTIL ALEVIN,25,18,0,43,mixto
III TRAVESÍA A NADO CIDADE DE LUGO,2015-07-26,MINIUS DE 4000 METROS (NACIDOS/AS EN 2001 Y AÑOS ANTERIORES),35,21,0,56,mixto
III TRAVESÍA A NADO CIDADE DE LUGO,2015-07-26,TRAVESÍA DE 1500 METROS (NACIDOS/AS EN 2004 Y AÑOS ANTERIORES),46,27,0,73,mixto
III TRAVESÍA A NADO CONCELLO DE POIO,2018-08-05,MENORES A,11,4,0,15,mixto
III TRAVESÍA A NADO CONCELLO DE POIO,2018-08-05,MENORES B,3,4,0,7,mixto
III TRAVESÍA A NADO CONCELLO DE POIO,2018-08-05,PROBA ABSOLUTA (2000 E ANTERIORES),65,14,0,79,mixto
III TRAVESÍA A NADO ENTRE CAMARIÑAS E MUXÍA “A FAVOR DOS E DAS REFUXIADOS E REFUXIADAS”,2018-07-07,TRAVESÍA,83,17,0,100,mixto
III TRAVESÍA DE AGUAS ABIERTAS EMBALSE DE RIAÑO,2025-07-20,1500m,52,45,0,97,mixto
III TRAVESÍA DE AGUAS ABIERTAS EMBALSE DE RIAÑO,2025-07-20,3500m,45,30,0,75,mixto
III TRAVESÍA DE AGUAS ABIERTAS EMBALSE DE RIAÑO,2025-07-20,400m,22,14,0,36,mixto
III TRAVESÍA DE AGUAS ABIERTAS EMBALSE DE RIAÑO,2025-07-20,7000m,17,9,0,26,mixto
III TRAVESÍA DE AGUAS ABIERTAS EMBALSE DE RIAÑO,2025-07-20,800m,21,22,0,43,mixto
III TRAVESÍA DE AGUAS ABIERTAS EMBALSE DE RIAÑO,2025-07-20,RELEVO (2X3500m),8,2,0,10,mixto
III TRAVESÍA DO CANEIRO - CLUB FLUVIAL DE LUGO,2019-08-31,TRAVESÍA CIRCUITO GALLEGO DE AGUAS ABIERTAS,22,15,0,37,mixto
III TRAVESÍA DO CANEIRO - CLUB FLUVIAL DE LUGO,2019-08-31,TRAVESÍA CORTA (2009 Y AÑOS ANT.),22,14,0,36,mixto
III TRAVESÍA DO CANEIRO - CLUB FLUVIAL DE LUGO,2019-08-31,TRAVESÍA LARGA (2005 Y AÑOS ANT.),26,21,0,47,mixto
III Trail Monte Aloia,2018-04-29,15 km con 800m de desnivel positivo,104,30,0,134,mixto
III Trail Monte Aloia,2018-04-29,25 km con 1400m de desnivel positivo,79,5,0,84,mixto
III Tríatlon Boamorte Bikes Sanxenxo 2018,2018-09-16,General,0,0,0,0,mixto
III Tríatlon Concello de Cambados,2018-06-16,General,159,18,0,177,mixto
III Tríatlon Concello de Negreira,2018-06-09,General,0,0,0,0,mixto
III Tríatlon Concello de Negreira,2018-06-09,Relevos,0,0,0,0,mixto
III Tríatlon Concello de Rianxo,2019-09-07,General,0,0,0,0,mixto
III Tríatlon Desafío Islas Cíes,2015-09-27,Triatlón,376,29,0,405,mixto
III URBAN TRAIL NIGHT EUROCIDADE (Valença de Minho - Tui),2018-11-03,URBAN TRAIL NIGHT,218,62,0,280,mixto
III URBAN TRAIL NIGHT PONTEVEDRA,2019-03-16,URBAN TRAIL NIGHT,264,50,0,314,mixto
III Vertiatlon Solidario Baiona,2017-09-16,ABSOLUTA,0,136,0,136,mixto
III XOVE COSTA TRAIL 2022,2022-03-20,XCT18K,149,44,0,193,mixto
III XOVE COSTA TRAIL 2022,2022-03-20,XCT35K (desnivel + acumulado de 1300m aprox),38,4,0,42,mixto
III Ácuatlon Concello de Poio,2019-09-08,General,0,0,0,0,mixto
III Ácuatlon Concello de Poio,2019-09-08,PTS4,0,0,0,0,mixto
INTERRUNNING - CONCELLO DE PORRIÑO 2015,2015-03-15,ALEVIN (2004 - 2005),32,18,0,50,mixto
INTERRUNNING - CONCELLO DE PORRIÑO 2015,2015-03-15,BENJAMINES (2006-2007),27,20,0,47,mixto
INTERRUNNING - CONCELLO DE PORRIÑO 2015,2015-03-15,CARRERA ABSOLUTA (AÑO 1999 Y ANTERIORES),1021,206,0,1227,mixto
INTERRUNNING - CONCELLO DE PORRIÑO 2015,2015-03-15,INFANTIL - CADETE (2000 -2003),25,21,0,46,mixto
INVASIÓN CELESTE | II CARREIRA FUNDACIÓN CELTA DE VIGO 2015,2015-12-08,ABSOLUTA (2000 Y ANTERIORES),608,188,0,796,mixto
INVASIÓN CELESTE | II CARREIRA FUNDACIÓN CELTA DE VIGO 2015,2015-12-08,MENORES (2001 HASTA 2008),142,81,0,223,mixto
IV 10KM CIDADE UNIVERSITARIA - CUVI 2010,2010-03-21,PRUEBA ABIERTA. DISTANCIA: 10000 M,0,0,0,0,mixto
IV 15K NOCTURNA DE OURENSE BANCO MEDIOLANUM 2019,2019-03-23,CARREIRA ABSOLUTA (2003 E ANOS ANT.),352,80,0,432,mixto
IV ACUATLON CONCELLO DE POIO,2021-09-11,General,0,0,0,0,mixto
IV C-TRAIL BRIGANTIA AVENTURA,2018-05-27,TRAIL CORTO (DESNIVEL: 650 m+),185,55,0,240,mixto
IV C-TRAIL BRIGANTIA AVENTURA,2018-05-27,TRAIL LARGO (DESNIVEL: 1100 m+),136,14,0,150,mixto
IV C.P.“MAR DE BOIRO”MEMORIAL PEPE BUCETA 2008,2008-12-21,2º MEMORIAL PEPE BUCETA. Distancia: 8246 m,0,0,0,0,mixto
IV CAMOVI 2014,2014-04-06,MONTES DE VIVEIRO 15K:OPEN. DISTANCIA: 15000 M,0,0,0,0,mixto
IV CAMOVI 2014,2014-04-06,MONTES DE VIVEIRO 40K:OPEN. DISTANCIA: 40000 M,87,4,0,91,mixto
IV CAMOVI 2014 40 KM,2014-04-06,Carrera,91,0,0,91,mixto
IV CAMOVI 2014 COPA GALEGA,2014-04-06,MONTES DE VIVEIRO.PROBA DA COPA GALEGA - FEDERADOS. DISTANCIA: 40000 M,40,2,0,42,mixto
IV CAMPEONATO GALLEGO DE AGUAS ABIERTAS,2020-09-13,1000 METROS ALEVIN,25,16,0,41,mixto
IV CAMPEONATO GALLEGO DE AGUAS ABIERTAS,2020-09-13,"2000 METROS INFANTIL, JUNIOR-1, JUNIOR-2 Y SENIOR",92,71,0,163,mixto
IV CAMPEONATO GALLEGO DE AGUAS ABIERTAS,2020-09-13,2000 METROS MÁSTER,74,31,0,105,mixto
IV CAMPEONATO GALLEGO DE AGUAS ABIERTAS,2020-09-13,EQUIPOS DEPORTISTAS,0,0,0,0,mixto
IV CAMPEONATO GALLEGO DE AGUAS ABIERTAS,2020-09-13,EQUIPOS MASTER,0,0,0,0,mixto
IV CARREIRA DESAFÍO SANTANDER - ISLAS CÍES,2019-09-22,CARREIRA POPULAR (2003 E ANTERIORES),69,30,0,99,mixto
IV CARREIRA DO COCIDO - LALÍN 2014. ABSOLUTA,2014-02-16,PROBA ABSOLUTA. DISTANCIA: 10000 M,0,0,0,0,mixto
IV CARREIRA DO COCIDO - LALÍN 2014. MENORES,2014-02-16,ALEVIN. DISTANCIA: 1000 M,0,0,0,0,mixto
IV CARREIRA DO COCIDO - LALÍN 2014. MENORES,2014-02-16,BENXAMIN. DISTANCIA: 650 M,0,0,0,0,mixto
IV CARREIRA DO COCIDO - LALÍN 2014. MENORES,2014-02-16,INFANTIL E CADETE. DISTANCIA: 1800 M,0,0,0,0,mixto
IV CARREIRA NOCTURNA URBANA CONCELLO DE PONTEDEUME,2025-06-27,ABSOLUTA (2009 e anteriores),123,46,0,169,mixto
IV CARREIRA NOCTURNA URBANA CONCELLO DE PONTEDEUME,2025-06-27,SUB10 (2016-2017),7,3,0,10,mixto
IV CARREIRA NOCTURNA URBANA CONCELLO DE PONTEDEUME,2025-06-27,SUB12 (2014-2015) SUB14 (2012-2013) SUB16 (2010-2011),6,3,0,9,mixto
IV CARREIRA NOCTURNA “CONCELLO DE VIVEIRO” #todosconAdry,2018-08-10,ABSOLUTA (2002 Y ANTERIORES),117,41,0,158,mixto
IV CARREIRA NOCTURNA “CONCELLO DE VIVEIRO” #todosconAdry,2018-08-10,SUB 10 (2009-2010),21,16,0,37,mixto
IV CARREIRA NOCTURNA “CONCELLO DE VIVEIRO” #todosconAdry,2018-08-10,SUB 12 (2007-2008),13,11,0,24,mixto
IV CARREIRA NOCTURNA “CONCELLO DE VIVEIRO” #todosconAdry,2018-08-10,SUB 14 (2005-2006)/ SUB 16 (2003-2004),16,8,0,24,mixto
IV CARREIRA PEDESTRE CONCELLO DE MAZARICOS,2019-05-12,3K CONTRA O CANCRO (2003 E ANT.),66,70,0,136,mixto
IV CARREIRA PEDESTRE CONCELLO DE MAZARICOS,2019-05-12,ABSOLUTA 10K (2003 E ANT.),188,55,0,243,mixto
IV CARREIRA PEDESTRE CONCELLO DE MAZARICOS,2019-05-12,BENXAMIN (10-11) E ALEVÍN (08-09),22,15,0,37,mixto
IV CARREIRA PEDESTRE CONCELLO DE MAZARICOS,2019-05-12,"INFANTIL (06-07), CADETE (04-05) E XUVENIL (02-03)",25,33,0,58,mixto
IV CARREIRA PEDESTRE CONCELLO DE VIMIANZO,2015-04-26,ABSOLUTA 10K (1997 E ANTERIORES),181,28,0,209,mixto
IV CARREIRA PEDESTRE CONCELLO DE VIMIANZO,2015-04-26,ABSOLUTA 5K CONTRA O CANCRO (1997 E ANTERIORES),45,37,0,82,mixto
IV CARREIRA PEDESTRE CONCELLO DE VIMIANZO,2015-04-26,ALEVIN,8,19,0,27,mixto
IV CARREIRA PEDESTRE CONCELLO DE VIMIANZO,2015-04-26,BENXAMIN,13,12,0,25,mixto
IV CARREIRA PEDESTRE CONCELLO DE VIMIANZO,2015-04-26,INFANTIL (2002-2003) E CADETE (2000-2001),20,17,0,37,mixto
IV CARREIRA PEDESTRE CONCELLO DE VIMIANZO,2015-04-26,XUVENIL (1998-1999),5,3,0,8,mixto
IV CARREIRA PEDESTRE DE CAMARIÑAS,2015-03-08,ABSOLUTA 10K (1997 E ANTERIORES),168,24,0,192,mixto
IV CARREIRA PEDESTRE DE CAMARIÑAS,2015-03-08,ABSOLUTA 5K CONTRA O CANCRO (1997 E ANTERIORES),36,21,0,57,mixto
IV CARREIRA PEDESTRE DE CAMARIÑAS,2015-03-08,ALEVÍN (2004-2005),11,14,0,25,mixto
IV CARREIRA PEDESTRE DE CAMARIÑAS,2015-03-08,BENXAMÍN (2006-2007),5,9,0,14,mixto
IV CARREIRA PEDESTRE DE CAMARIÑAS,2015-03-08,INFANTIL (2002-2003) E CADETE (2000-2001),22,11,0,33,mixto
IV CARREIRA PEDESTRE DE CAMARIÑAS,2015-03-08,XUVENIL (1998-1999),4,2,0,6,mixto
IV CARREIRA PEDESTRE DO CONCELLO DE MALPICA,2019-09-07,ALEVIN-SUB12 (2008-2009),3,4,0,7,mixto
IV CARREIRA PEDESTRE DO CONCELLO DE MALPICA,2019-09-07,BENXAMIN-SUB10 (2010 A 2013),18,11,0,29,mixto
IV CARREIRA PEDESTRE DO CONCELLO DE MALPICA,2019-09-07,INFANTIL-SUB14 (2006-2007) E CADETE-SUB16 (2004-2005),6,5,0,11,mixto
IV CARREIRA PEDESTRE DO CONCELLO DE MALPICA,2019-09-07,PROBA DE 9K (2003 E ANT.),80,15,0,95,mixto
IV CARREIRA PEDRESTE CONCELLO DE DUMBRÍA,2018-05-26,3K CONTRA O CANCRO (2002 E ANT.),61,71,0,132,mixto
IV CARREIRA PEDRESTE CONCELLO DE DUMBRÍA,2018-05-26,ABSOLUTA 10K (2002 E ANT.),152,32,0,184,mixto
IV CARREIRA PEDRESTE CONCELLO DE DUMBRÍA,2018-05-26,ALEVIN (2007-2008),15,15,0,30,mixto
IV CARREIRA PEDRESTE CONCELLO DE DUMBRÍA,2018-05-26,BENXAMIN (2009-2010),22,11,0,33,mixto
IV CARREIRA PEDRESTE CONCELLO DE DUMBRÍA,2018-05-26,INFANTIL (05-06)-CADETE (03-04)-XUVENIL (01-02),25,31,0,56,mixto
IV CARREIRA PONTENOITE 5+5,2016-06-18,ABSOLUTA 10K,342,70,0,412,mixto
IV CARREIRA PONTENOITE 5+5,2016-06-18,ABSOLUTA CCCP,208,43,0,251,mixto
IV CARREIRA PONTENOITE 5+5,2016-06-18,ABSOLUTA CCCP [Compensada],208,43,0,251,mixto
IV CARREIRA PONTENOITE 5+5,2016-06-18,Absoluta 5K,58,46,0,104,mixto
IV CARREIRA POPULAR 10 KM CONCELLO DE CARBALLO,2014-06-15,ADULTOS. DISTANCIA: 10000 M,0,0,0,0,mixto
"IV CARREIRA POPULAR CARBALLEDO ""ENTRE CARBALLOS CENTENARIOS""",2018-06-09,ABSOLUTA (2002 E ANTERIORES),96,23,0,119,mixto
IV CARREIRA POPULAR CONCELLO DE BEGONTE,2019-06-22,ABSOLUTA (2000 E ANTERIORES),142,37,0,179,mixto
IV CARREIRA POPULAR CONCELLO DE BEGONTE,2019-06-22,CATEGORIA A (2010-2011),8,5,0,13,mixto
IV CARREIRA POPULAR CONCELLO DE BEGONTE,2019-06-22,CATEGORIA B (2007-2009),15,10,0,25,mixto
IV CARREIRA POPULAR CONCELLO DE BEGONTE,2019-06-22,CATEGORIA C (2004-2006),7,2,0,9,mixto
IV CARREIRA POPULAR CONCELLO DE BEGONTE,2019-06-22,CATEGORIA D (2001-2003),7,2,0,9,mixto
IV CARREIRA POPULAR CONCELLO DE MONTERREI,2017-11-05,ABSOLUTA (2002 E ANTERIORES),96,24,0,120,mixto
IV CARREIRA POPULAR CONCELLO DE MONTERREI,2017-11-05,BENJAMIN- ALEVIN (2007-2010),13,17,0,30,mixto
IV CARREIRA POPULAR CONCELLO DE MONTERREI,2017-11-05,EQUIPOS MONTERREI,0,0,0,0,mixto
IV CARREIRA POPULAR CONCELLO DE MONTERREI,2017-11-05,INFANTIL-CADETE (2003-2006),10,13,0,23,mixto
IV CARREIRA POPULAR CONCELLO DE O SAVIÑAO,2015-08-01,ABSOLUTA (1999 E ANTERIORES),83,14,0,97,mixto
IV CARREIRA POPULAR CONCELLO DE PARADELA,2025-06-14,ABSOLUTA (2009 e anteriores),24,4,0,28,mixto
IV CARREIRA POPULAR CONCELLO DE PARADELA,2025-06-14,SUB12 (2014-2015) SUB10 (2016-2017),7,3,0,10,mixto
IV CARREIRA POPULAR CONCELLO DE PARADELA,2025-06-14,SUB16 (2010-2011) SUB14 (2012-2013),2,5,0,7,mixto
IV CARREIRA POPULAR Concello de Friol,2016-05-29,CARREIRA ABSOLUTA (2000 E ANOS ANTERIORES),174,49,0,223,mixto
IV CARREIRA POPULAR DAS LETRAS GALEGAS VILALBA 2013,2013-05-18,8235 M,0,0,0,0,mixto
IV CARREIRA POPULAR DE CHANTADA,2013-04-20,PROBA ABSOLUTA. DISTANCIA: 8000 M,0,0,0,0,mixto
IV CARREIRA POPULAR DE COMBARRO,2018-10-27,PROBA ABSOLUTA (2002 E ANTERIORES),101,30,0,131,mixto
IV CARREIRA POPULAR DOLMEN DE DOMBATE,2017-09-23,ABSOLUTOS 10K (1999 E ANTERIORES),177,47,0,224,mixto
IV CARREIRA POPULAR DOLMEN DE DOMBATE,2017-09-23,ABSOLUTOS 3K (1999 E ANTERIORES),71,95,0,166,mixto
IV CARREIRA POPULAR DOLMEN DE DOMBATE,2017-09-23,ALEVIN (2006-2007),22,11,0,33,mixto
IV CARREIRA POPULAR DOLMEN DE DOMBATE,2017-09-23,BENXAMIN (2008-2009),18,21,0,39,mixto
IV CARREIRA POPULAR DOLMEN DE DOMBATE,2017-09-23,HANDBIKE,1,0,0,1,mixto
IV CARREIRA POPULAR DOLMEN DE DOMBATE,2017-09-23,INFANTIL (04-05) CADETE (02-03) E XUVENIL (00-01),25,23,0,48,mixto
IV CARREIRA POPULAR FESTA DA AUGARDENTE DE PORTOMARÍN,2018-04-01,CARREIRA ABSOLUTA (2001 E ANOS ANTERIORES),95,28,0,123,mixto
IV CARREIRA POPULAR GUITIRIZ TERMAL 2009,2009-09-12,Carrera,184,0,0,184,mixto
IV CARREIRA POPULAR PEDESTRE DE MORAÑA,2013-09-28,ABSOLUTA. DISTANCIA: 10500 M,0,0,0,0,mixto
IV CARREIRA POPULAR VAL DAS FABAS,2013-10-05,PROBA ABSOLUTA. DISTANCIA: 6330 M,0,0,0,0,mixto
IV CARREIRA POPULAR VILA DE MEIRA,2023-08-12,ABSOLUTA (2007 y anteriores),75,13,0,88,mixto
IV CARREIRA POPULAR VILA DE MEIRA,2023-08-12,ALEVIN (2012-2013),10,7,0,17,mixto
IV CARREIRA POPULAR VILA DE MEIRA,2023-08-12,BENXAMIN (2014-2015),12,13,0,25,mixto
IV CARREIRA POPULAR VILA DE MEIRA,2023-08-12,CADETE (2008-2009),2,2,0,4,mixto
IV CARREIRA POPULAR VILA DE MEIRA,2023-08-12,INFANTIL (2010-2011),9,10,0,19,mixto
IV CARREIRA POPULAR VILA DE MEIRA,2023-08-12,PREBENXAMIN (2016-2018),13,11,0,24,mixto
IV CARREIRA POPULAR VÍA NOVA ``CONCELLO DE BANDE´´,2017-07-15,ABSOLUTA (2001 E ANTERIORES),95,29,0,124,mixto
IV CARREIRA SOLIDARIA DO CONCELLO DE OUTEIRO DE REI,2018-07-07,ABSOLUTA (2002 Y ANTERIORES),114,19,0,133,mixto
IV CARREIRA SOLIDARIA DO CONCELLO DE OUTEIRO DE REI,2018-07-07,INFANTIL-CADETE (2003 A 2006),4,7,0,11,mixto
IV CARREIRA SOLIDARIA DO CONCELLO DE OUTEIRO DE REI,2018-07-07,PREBENJAMIN-BENJAMIN (2007 A 2012),27,25,0,52,mixto
IV CARREIRA do ENTROIDO Concello de Vigo,2018-02-11,10 KM (2002 E ANTERIORES),164,49,0,213,mixto
IV CARREIRA do ENTROIDO Concello de Vigo,2018-02-11,5 KM (2002 E ANTERIORES),63,65,0,128,mixto
IV CARRERA 'CONTRA EL CANCER CORRE' 2014,2014-06-01,CARRERA DE MAYORES. DISTANCIA: 5000 M,0,0,0,0,mixto
IV CARRERA 10 KM VILLA DE TINEO 2013,2013-07-06,PRUEBA ABSOLUTA. DISTANCIA: 10000 M,0,0,0,0,mixto
IV CARRERA ATMOSFERA SPORT,2018-05-13,10 KM (20001 Y ANTERIORES),126,11,0,137,mixto
IV CARRERA ATMOSFERA SPORT,2018-05-13,5 KM (2001 Y ANTERIORES),30,35,0,65,mixto
IV CARRERA DEL AGUA UNICEF SADA 10K,2014-10-12,ADULTOS. DISTANCIA: 10000 M,0,0,0,0,mixto
IV CARRERA DEL AGUA UNICEF SADA MENORES,2014-10-12,ALEVIN . DISTANCIA: 700 M,0,0,0,0,mixto
IV CARRERA DEL AGUA UNICEF SADA MENORES,2014-10-12,BENXAMIN . DISTANCIA: 350 M,0,0,0,0,mixto
IV CARRERA DEL AGUA UNICEF SADA MENORES,2014-10-12,CADETES Y JUVENIL. DISTANCIA: 2800 M,0,0,0,0,mixto
IV CARRERA DEL AGUA UNICEF SADA MENORES,2014-10-12,INFANTIL . DISTANCIA: 700 M,0,0,0,0,mixto
IV CARRERA DEL AGUA UNICEF SADA MENORES,2014-10-12,PREBENXAMIN . DISTANCIA: 350 M,0,0,0,0,mixto
IV CARRERA DONA VIDA. GIJÓN,2017-06-11,PRUEBA ABSOLUTA (MAYORES DE 16 AÑOS),437,215,0,652,mixto
IV CARRERA HUCA 'MUÉVETE POR LA SALUD' 3K CarrerHUCA 'Corre o Camina' y 10K HUCA,2018-09-30,10K HUCA,412,127,0,539,mixto
IV CARRERA POPULAR - CULTIVANDO DEPORTE,2019-09-07,CARRERA POPULAR,142,76,0,218,mixto
IV CARRERA POPULAR CENTRO “RICARDO BARÓ” ASPRONAGA,2017-11-01,CARRERA ABSOLUTA (2000 Y AÑOS ANTERIORES),202,87,0,289,mixto
IV CARRERA POPULAR CNSO - RGCC,2014-09-28,PRUEBAA. DISTANCIA: 6000 M,0,0,0,0,mixto
IV CARRERA POPULAR CNSO - RGCC,2014-09-28,PRUEBAB. DISTANCIA: 3000 M,0,0,0,0,mixto
IV CARRERA POPULAR DE MONTAÑA CLUB FLUVIAL LUGO,2018-09-30,TRAIL 16KM,112,32,0,144,mixto
IV CARRERA POPULAR MATOGRANDE,2019-01-13,ABSOLUTA,598,226,0,824,mixto
IV CARRERA POPULAR MATOGRANDE,2019-01-13,PRE-BENXAMIN (Non Competitiva),0,0,0,0,mixto
IV CARRERA POPULAR MATOGRANDE,2019-01-13,SUB 10,34,0,0,34,mixto
IV CARRERA POPULAR MATOGRANDE,2019-01-13,SUB 10 FEMENINIO,0,23,0,23,mixto
IV CARRERA POPULAR MATOGRANDE,2019-01-13,SUB 12,25,0,0,25,mixto
IV CARRERA POPULAR MATOGRANDE,2019-01-13,SUB12,0,22,0,22,mixto
IV CARRERA POPULAR MATOGRANDE,2019-01-13,SUB14,16,18,0,34,mixto
IV CARRERA POPULAR MATOGRANDE,2019-01-13,SUB16 y SUB18,14,12,0,26,mixto
IV CARRERA POPULAR NOVO MESOIRO - Memorial Ivan Rocha,2014-11-02,ADULTOS (NACIDOS EN 1997 Y ANTERIORES),836,239,0,1075,mixto
IV CARRERA POPULAR TORRE DE HERCULES ADULTOS,2014-03-29,PRUEBA ABSOLUTA. DISTANCIA: 6515 M,0,0,0,0,mixto
IV CARRERA POPULAR TORRE DE HERCULES MENORES,2014-03-29,ALEVIN . DISTANCIA: 800 M,0,0,0,0,mixto
IV CARRERA POPULAR TORRE DE HERCULES MENORES,2014-03-29,BENJAMIN . DISTANCIA: 800 M,0,0,0,0,mixto
IV CARRERA POPULAR TORRE DE HERCULES MENORES,2014-03-29,CADETE Y JUVENIL. DISTANCIA: 2300 M,0,0,0,0,mixto
IV CARRERA POPULAR TORRE DE HERCULES MENORES,2014-03-29,INFANTIL. DISTANCIA: 1600 M,0,0,0,0,mixto
IV CARRERA POPULAR VILLA DE SARRIA 10 KM NOCTURNA,2016-07-09,ABSOLUTA 10KM,100,20,0,120,mixto
IV CARRERA POPULAR VOLTA A OZA,2015-08-09,ADULTOS (NACIDOS EN 1997 Y ANTERIORES),540,129,0,669,mixto
IV CARRERA POPULAR VOLTA A OZA,2015-08-09,ALEVÍN (NACIDOS EN 2004 y 2005),22,16,0,38,mixto
IV CARRERA POPULAR VOLTA A OZA,2015-08-09,BENJAMIN (NACIDOS EN 2006 Y 2007),22,16,0,38,mixto
IV CARRERA POPULAR VOLTA A OZA,2015-08-09,INFANTILES (NACIDOS EN 2002 Y 2003),17,9,0,26,mixto
IV CARRERA POPULAR VOLTA A OZA,2015-08-09,JUVENIL-CADETE (NACIDOS ENTRE 1998 Y 2001),25,19,0,44,mixto
IV CARRERA SOLIDARIA CPR CERVANTES LUGO. ADULTOS,2014-05-18,ADULTOS. DISTANCIA: 4100 M,0,0,0,0,mixto
IV CARRERA SOLIDARIA CPR CERVANTES LUGO. NENOS,2014-05-18,CATEGORIA A. DISTANCIA: 700 M,0,0,0,0,mixto
IV CARRERA SOLIDARIA CPR CERVANTES LUGO. NENOS,2014-05-18,CATEGORIA B. DISTANCIA: 1000 M,0,0,0,0,mixto
IV CARRERA SOLIDARIA CPR CERVANTES LUGO. NENOS,2014-05-18,CATEGORIA CD. DISTANCIA: 1700 M,0,0,0,0,mixto
IV CASTRO TRAIL (Barbadás),2019-05-05,TRAIL CORTO (DESNIVEl:510+),54,28,0,82,mixto
IV CASTRO TRAIL (Barbadás),2019-05-05,TRAIL LARGO (DESNIVEL: 925+),85,12,0,97,mixto
IV CIRCUITO CORRENDO POR OURENSE 2014 - CARREIRA DA PONTE,2014-09-07,PROBA ABSOLUTA. DISTANCIA: 5700 M,0,0,0,0,mixto
IV CIRCUITO CORRENDO POR OURENSE 2014 - CARREIRA DA PONTE. MENORES,2014-09-07,BENXAMIN E ALEVIN. DISTANCIA: 1000 M,0,0,0,0,mixto
IV CIRCUITO CORRENDO POR OURENSE 2014 - CARREIRA DA PONTE. MENORES,2014-09-07,INFANTIL E CADETE. DISTANCIA: 1900 M,0,0,0,0,mixto
IV CIRCUITO CORRENDO POR OURENSE 2014 - CARREIRA DE CORPUS ADULTOS,2014-06-29,PROBA ABSOLUTA. DISTANCIA: 5600 M,0,0,0,0,mixto
IV CIRCUITO CORRENDO POR OURENSE 2014 - CARREIRA DE CORPUS MENORES,2014-06-29,BENXAMIN E ALEVIN. DISTANCIA: 1000 M,0,0,0,0,mixto
IV CIRCUITO CORRENDO POR OURENSE 2014 - CARREIRA DE CORPUS MENORES,2014-06-29,INFANTIL E CADETE. DISTANCIA: 2800 M,0,0,0,0,mixto
IV CIRCUITO CORRENDO POR OURENSE 2014 - CARREIRA DO COUTO ADULTOS,2014-05-31,PROBA ABSOLUTA. DISTANCIA: 6100 M,0,0,0,0,mixto
IV CIRCUITO CORRENDO POR OURENSE 2014 - CARREIRA DO COUTO MENORES,2014-05-31,BENXAMIN E ALEVIN. DISTANCIA: 1200 M,0,0,0,0,mixto
IV CIRCUITO CORRENDO POR OURENSE 2014 - CARREIRA DO COUTO MENORES,2014-05-31,INFANTIL E CADETE. DISTANCIA: 2400 M,0,0,0,0,mixto
IV CIRCUITO CORRENDO POR OURENSE 2014 - CARREIRA DO VINTEUN ADULTOS,2014-04-27,PROBA ABSOLUTA. DISTANCIA: 6000 M,0,0,0,0,mixto
IV CIRCUITO CORRENDO POR OURENSE 2014 - CARREIRA DO VINTEUN MENORES,2014-04-27,BENXAMIN E ALEVIN. DISTANCIA: 1500 M,0,0,0,0,mixto
IV CIRCUITO CORRENDO POR OURENSE 2014 - CARREIRA DO VINTEUN MENORES,2014-04-27,INFANTIL E CADETE. DISTANCIA: 2400 M,0,0,0,0,mixto
IV CP DO CONCELLO DE RIBAS DE SIL,2015-05-03,ABSOLUTA (1999 E ANTERIORES),85,31,0,116,mixto
IV CROSS POPULAR – CABO UDRA,2019-06-16,ABSOLUTA (2002 E ANTERIORES),203,32,0,235,mixto
IV CROSS POPULAR – CABO UDRA,2019-06-16,POPULAR (2004 E ANTERIORES),38,31,0,69,mixto
IV Carreira Pedestre Concello de Cee,2017-06-24,"ABSOLUTA 10K (1999 E ANTERIORES), CADEIRA DE RODAS (2001 E ANTERIORES)",158,30,0,188,mixto
IV Carreira Pedestre Concello de Cee,2017-06-24,ABSOLUTA 3K CONTRA O CANCRO (1999 E ANOS ANTERIORES),43,50,0,93,mixto
IV Carreira Pedestre Concello de Cee,2017-06-24,ALEVÍN: 2006-2007,8,12,0,20,mixto
IV Carreira Pedestre Concello de Cee,2017-06-24,BENXAMÍNS: 2008-2009,14,16,0,30,mixto
IV Carreira Pedestre Concello de Cee,2017-06-24,HANDBIKE 10K (2001 E ANTERIORES),1,0,0,1,mixto
IV Carreira Pedestre Concello de Cee,2017-06-24,INFANTIL:(04-05) CADETE (02-03) E XUVENIL (00-01),19,21,0,40,mixto
IV Carreira Pedestre Concello de Fisterra,2017-11-26,ABSOLUTA 10K (1999 E ANTERIORES),153,40,0,193,mixto
IV Carreira Pedestre Concello de Fisterra,2017-11-26,ABSOLUTA 3K CONTRA O CANCRO (1999 E ANOS ANTERIORES),32,35,0,67,mixto
IV Carreira Pedestre Concello de Fisterra,2017-11-26,BENXAMIN - ALEVIN (2006-2009),17,28,0,45,mixto
IV Carreira Pedestre Concello de Fisterra,2017-11-26,HANDBIKE,1,0,0,1,mixto
IV Carreira Pedestre Concello de Fisterra,2017-11-26,INFANTIL:(04-05) CADETE (02-03) E XUVENIL (00-01),14,23,0,37,mixto
IV Carreira Pedestre Concello de Muxía,2017-07-09,ABSOLUTA 10K (1999 E ANTERIORES),163,44,0,207,mixto
IV Carreira Pedestre Concello de Muxía,2017-07-09,ABSOLUTA 3K CONTRA O CANCRO (1999 E ANOS ANTERIORES),48,49,0,97,mixto
IV Carreira Pedestre Concello de Muxía,2017-07-09,BENXAMIN - ALEVIN (2006-2009),24,22,0,46,mixto
IV Carreira Pedestre Concello de Muxía,2017-07-09,HANDBIKE,1,0,0,1,mixto
IV Carreira Pedestre Concello de Muxía,2017-07-09,INFANTIL:(04-05) CADETE (02-03) E XUVENIL (00-01),23,24,0,47,mixto
IV Carreira Pedestre Concello de Zas,2017-06-03,"ABSOLUTA 10K (1999 E ANTERIORES), CADEIRA DE RODAS (2001 E ANTERIORES)",179,40,0,219,mixto
IV Carreira Pedestre Concello de Zas,2017-06-03,ABSOLUTA 3K CONTRA O CANCRO (1999 E ANOS ANTERIORES),48,52,0,100,mixto
IV Carreira Pedestre Concello de Zas,2017-06-03,"BENXAMIN: (08-09), ALEVIN: (06-07)",31,30,0,61,mixto
IV Carreira Pedestre Concello de Zas,2017-06-03,HANDBIKE 10K (2001 E ANTERIORES),1,0,0,1,mixto
IV Carreira Pedestre Concello de Zas,2017-06-03,"INFANTIL: (04-05),CADETE: (02-03), XUVENIL: (00-01)",29,32,0,61,mixto
IV Carreira Pedestre Monte Porreiro - Gran Premio U.N.E.D,2016-04-03,ABSOLUTA CCCP,218,51,0,269,mixto
IV Carreira Pedestre Monte Porreiro - Gran Premio U.N.E.D,2016-04-03,ABSOLUTA CCCP [Compensada],218,51,0,269,mixto
IV Carreira Pedestre Monte Porreiro - Gran Premio U.N.E.D,2016-04-03,PROBA ABSOLUTA,297,69,0,366,mixto
IV Carreira Pedestre Monte Porreiro - Gran Premio U.N.E.D,2016-04-03,Parexas Monte Porreiro 2016,0,0,0,0,mixto
IV Carreira Popular de Taboada “Entre pazos e carballos”,2015-09-19,ABSOLUTA (1999 E ANTERIORES),152,47,0,199,mixto
IV Carreira Solidaria Nocturna das Festas de Lalín,2019-09-20,ALEVÍN (Sub12) (2009-2010),11,5,0,16,mixto
IV Carreira Solidaria Nocturna das Festas de Lalín,2019-09-20,BENXAMÍN (Sub10) (2011-2012),14,13,0,27,mixto
IV Carreira Solidaria Nocturna das Festas de Lalín,2019-09-20,CARRERA ABSOLUTA (2004 E ANTERIORES),103,26,0,129,mixto
IV Carreira Solidaria Nocturna das Festas de Lalín,2019-09-20,INFANTIL/CADETE (Sub14/16) (2005-2008),5,5,0,10,mixto
IV Carrera Popular Ventorrillo,2016-09-04,Adultos (1998 y anteriores),416,100,0,516,mixto
IV Carrera Popular Ventorrillo,2016-09-04,Alevín (2005/2006),17,10,0,27,mixto
IV Carrera Popular Ventorrillo,2016-09-04,Benjamin (2007/2008),22,17,0,39,mixto
IV Carrera Popular Ventorrillo,2016-09-04,Infantil (2003/2004),11,2,0,13,mixto
IV Carrera Popular Ventorrillo,2016-09-04,Juvenil (1999/2000) y Cadete (2001/2002),12,6,0,18,mixto
IV Carrera Popular de Los Rosales,2015-11-29,Adultos (1998 y anteriores),697,205,0,902,mixto
IV Carrera Popular de Los Rosales,2015-11-29,Alevín (2005-2006),36,33,0,69,mixto
IV Carrera Popular de Los Rosales,2015-11-29,Benjamín (2007-2008),53,55,0,108,mixto
IV Carrera Popular de Los Rosales,2015-11-29,Infantil (2003-2004),17,25,0,42,mixto
IV Carrera Popular de Los Rosales,2015-11-29,Juvenil-Cadete (1999-2002),27,16,0,43,mixto
IV Carrera popular “Nocturna Correndo por Vigo-Pizza móvil”,2016-07-02,ABSOLUTA 10K,641,139,0,780,mixto
IV Carrera popular “Nocturna Correndo por Vigo-Pizza móvil”,2016-07-02,ABSOLUTA 5K,82,102,0,184,mixto
IV DESAFIO BTT CLUB CICLISTA DE BURELA 2013,2013-07-13,MARCHA CICLOTURISTA. DISTANCIA: 70 KM,0,0,0,0,mixto
IV DON SILVESTRE RABADENSE,2016-12-31,ABSOLUTA (2000 Y ANTERIORES),106,30,0,136,mixto
IV DON SILVESTRE RABADENSE,2016-12-31,CATEGORIA A (DEL 2008 HASTA 2011),15,15,0,30,mixto
IV DON SILVESTRE RABADENSE,2016-12-31,CATEGORIA B (DEL 2004 HASTA 2007),12,11,0,23,mixto
IV DON SILVESTRE RABADENSE,2016-12-31,CATEGORIA C (DEL 2001 HASTA 2003),7,0,0,7,mixto
IV DON SILVESTRE RABADENSE,2016-12-31,FAMILIAS IV DON SILVESTRE RABADENSE GRAN PREMIO FINSA,0,0,0,0,mixto
IV DUATLON DE ESTRADA MOVENDONOS POR POIO,2022-02-12,CON CORTE,0,0,0,0,mixto
IV DUATLON DE ESTRADA MOVENDONOS POR POIO,2022-02-12,CONJUNTA,0,0,0,0,mixto
IV DUATLON DE ESTRADA MOVENDONOS POR POIO,2022-02-12,FEMININA,0,0,0,0,mixto
IV DUATLON DE ESTRADA MOVENDONOS POR POIO,2022-02-12,SEN CORTE,0,0,0,0,mixto
IV Dúatlon Concello de Riveira - Memorial Jesús e Vicente,2018-03-18,A,67,0,0,67,mixto
IV Dúatlon Concello de Riveira - Memorial Jesús e Vicente,2018-03-18,B,102,0,0,102,mixto
IV Dúatlon Concello de Riveira - Memorial Jesús e Vicente,2018-03-18,Femeninia,0,32,0,32,mixto
IV Dúatlon Concello de Riveira - Memorial Jesús e Vicente,2018-03-18,ParaTriatlón,1,1,0,2,mixto
IV EDICION 24 HORAS DE VIGO,2017-08-26,EQUIPOS FEMENINOS,0,0,0,0,mixto
IV EDICION 24 HORAS DE VIGO,2017-08-26,EQUIPOS MASCULINOS,0,0,0,0,mixto
IV EDICION 24 HORAS DE VIGO,2017-08-26,EQUIPOS MIXTOS,0,0,0,0,mixto
IV EDICION 24 HORAS DE VIGO,2017-08-26,INDIVIDUAL,0,0,0,0,mixto
IV EDICION DE LA MEDIA MARATON ALAS DE VIDA,2017-09-23,7 KM,78,19,0,97,mixto
IV EDICIÓN CORREXSALCEDA,2016-04-30,ABSOLUTA (2000 E ANTERIORES),228,26,0,254,mixto
IV EDICIÓN CORREXSALCEDA,2016-04-30,CAT A (2001 A 2003),19,17,0,36,mixto
IV EDICIÓN CORREXSALCEDA,2016-04-30,CAT B (2004 A 2006),23,9,0,32,mixto
IV EDICIÓN CORREXSALCEDA,2016-04-30,CAT C (2007-2009),52,45,0,97,mixto
IV EDICIÓN VOLTA A NADO ILLA DE TAMBO-CONCELLO DE POIO,2025-08-17,1000,37,29,0,66,mixto
IV EDICIÓN VOLTA A NADO ILLA DE TAMBO-CONCELLO DE POIO,2025-08-17,4500,45,18,0,63,mixto
IV EDICIÓN VOLTA A NADO ILLA DE TAMBO-CONCELLO DE POIO,2025-08-17,6000,73,10,0,83,mixto
IV EDICIÓN “ NOCTURNA SAN RAMÓN” CARREIRA POPULAR VILALBA 2018,2018-08-18,ABSOLUTA (2002 E ANTERIORES),97,37,0,134,mixto
IV EDICIÓN “ NOCTURNA SAN RAMÓN” CARREIRA POPULAR VILALBA 2018,2018-08-18,CATEGORÍA +10 (2006 - 2008),13,13,0,26,mixto
IV EDICIÓN “ NOCTURNA SAN RAMÓN” CARREIRA POPULAR VILALBA 2018,2018-08-18,CATEGORÍA +13 (2003 - 2005),6,3,0,9,mixto
IV EDICIÓN “ NOCTURNA SAN RAMÓN” CARREIRA POPULAR VILALBA 2018,2018-08-18,CATEGORÍA +5 (2012-2013),12,10,0,22,mixto
IV EDICIÓN “ NOCTURNA SAN RAMÓN” CARREIRA POPULAR VILALBA 2018,2018-08-18,CATEGORÍA +7 (2009 - 2011),15,9,0,24,mixto
IV EDICIÓN. 10 KM VILLA DE RIBADESELLA 2012,2012-09-22,IV EDICIÓN. 10 KM VILLA DE RIBADESELLA 2012,0,0,0,0,mixto
IV ESCALADA MONTE DE A CARBALLEIRA,2017-07-08,BICI DE CARRETERA 4580m,20,3,0,23,mixto
IV ESCALADA MONTE DE A CARBALLEIRA,2017-07-08,BTT 3500m,14,2,0,16,mixto
IV ESCALADA MONTE DE A CARBALLEIRA,2017-07-08,CARRERA A PIE 3500m,14,2,0,16,mixto
IV ESCALADA MONTE DE A CARBALLEIRA,2017-07-08,EQUIPOS,0,0,0,0,mixto
IV EUROCIDADE 10 - 2015,2015-06-14,10 KM,281,47,0,328,mixto
"IV Edición 10k O ROSAL “FEIRA DO VIÑO""",2017-07-16,10 K,135,21,0,156,mixto
IV LEGUA IRMANDIÑA (VIMIANZO),2018-06-30,BENXAMIN (2009-2010) E ALEVIN (2007-2008),9,12,0,21,mixto
IV LEGUA IRMANDIÑA (VIMIANZO),2018-06-30,"INFANTIL (2005-2006), CADETE (2003-2004) E XUVENIL (2001-2002)",9,15,0,24,mixto
IV LEGUA IRMANDIÑA (VIMIANZO),2018-06-30,LEGUA IRMANDIÑA (2000 E ANOS ANTERIORES),77,28,0,105,mixto
IV LEGUA MARÍTIMA R.S.D. HÍPICA - MALAWI 2014,2014-11-23,PRUEBA ABSOLUTA. DISTANCIA: 7300 M,0,0,0,0,mixto
IV LEGUA MARÍTIMA R.S.D. HÍPICA - MALAWI 2014. MENORES,2014-11-23,PRUEBA BENJAMIN Y ALEVIN. DISTANCIA: 600 M,0,0,0,0,mixto
IV LEGUA MARÍTIMA R.S.D. HÍPICA - MALAWI 2014. MENORES,2014-11-23,PRUEBA INFANTIL Y CADETE. DISTANCIA: 1500 M,0,0,0,0,mixto
IV LEGUA Y MEDIA NOCTURNA DE BENAVIDES,2013-08-31,ADULTOS. DISTANCIA: 8350 M,0,0,0,0,mixto
IV MARATÓN CORUÑA 42,2015-04-19,10 KM,1189,551,0,1740,mixto
IV MARATÓN CORUÑA 42,2015-04-19,MARATON,1015,58,0,1073,mixto
IV MEDIA MARATON CORAZON DE ASTURIAS 2011,2011-02-20,MEDIA MARATON . DISTANCIA: 21097 M,0,0,0,0,mixto
IV MEDIA MARATON GIJÓN 'VILLA DE JOVELLANOS',2014-05-03,PRUEBA ABSOLUTA. DISTANCIA: 21097 M,0,0,0,0,mixto
IV MEDIA MARATON GIJÓN 'VILLA DE JOVELLANOS',2014-05-03,PRUEBA EN VEHICULO ADAPTADO. DISTANCIA: 21097 M,0,0,0,0,mixto
"IV MEDIA MARATÓN SOLIDARIA ZONA ABERTA, a favor da Fundación AROUSA SOLIDARIA",2015-11-22,MEDIO MARATON,506,45,0,551,mixto
IV MEDIO MARATON CORUÑA21 2012,2012-05-27,ABSOLUTA. DISTANCIA: 21097 M,0,0,0,0,mixto
IV MEDIO MARATON VILA DE PETIN 2013,2013-09-07,ADULTOS. DISTANCIA: 21097 M,0,0,0,0,mixto
IV Media Maratón Ribadeo – As Catedrais,2017-09-16,MEDIO MARATON,560,79,0,639,mixto
IV Milla Lourenzá Fin de Etapa Camiño Norte,2021-12-26,MILLA,30,9,0,39,mixto
IV Murus Lucis,2022-06-11,ABSOLUTA,23,20,0,43,mixto
IV Murus Lucis,2022-06-11,CASTREX@S,14,12,0,26,mixto
IV Murus Lucis,2022-06-11,ROMAN@S,9,8,0,17,mixto
IV NIGHT TRAIL QUIROGA,2019-07-06,10kms (andaina y trail),88,102,0,190,mixto
IV NIGHT TRAIL QUIROGA,2019-07-06,17kms (solo trail),42,18,0,60,mixto
IV SAN SILVESTRE SOLIDARIA MONTERROSO (VIRTUAL),2020-12-24,OBXETIVO COLECTIVO,0,0,0,0,mixto
IV SANITAS MARCA RUNNING SERIES DE GIJÓN,2015-10-18,PRUEBA ABSOLUTA ( 16 AÑOS O MÁS ),1375,334,0,1709,mixto
IV TRAIL AS MINAS DA PONTENOVA,2025-03-30,TRAIL,56,11,0,67,mixto
IV TRAIL CONCELLO DE ARTEIXO,2015-10-25,CURTO 18KM,172,35,0,207,mixto
IV TRAIL CONCELLO DE ARTEIXO,2015-10-25,LONGO 28KM,91,4,0,95,mixto
IV TRAIL COSTA DOCE 2019,2019-01-27,TRAIL INDIVIDUAL,286,26,0,312,mixto
IV TRAIL COSTA DOCE 2019,2019-01-27,TRAIL MENORES CADETES,2,0,0,2,mixto
IV TRAIL COSTA DOCE 2019,2019-01-27,TRAIL MENORES INFANTILES,4,0,0,4,mixto
IV TRAIL COSTA DOCE 2019,2019-01-27,TRAIL RELEVOS 2 PERSONAS,0,0,0,0,mixto
IV TRAIL DA CARIXA,2023-09-10,TRAIL CADETE,2,1,0,3,mixto
IV TRAIL DA CARIXA,2023-09-10,TRAIL EQUIPOS 20K,3,3,0,6,mixto
IV TRAIL DA CARIXA,2023-09-10,TRAIL INDIVIDUAL 20K,92,16,0,108,mixto
IV TRAIL DA CARIXA,2023-09-10,TRAIL POR RELEVOS,33,3,0,36,mixto
IV TRAIL DO NOCEDO,2025-03-09,TRAIL (1500m D+),96,18,0,114,mixto
IV TRAIL DO NOCEDO,2025-03-09,TRAILIÑO (600m D+),170,71,0,241,mixto
IV TRAIL E ANDAINA POLAS CABECEIRAS DO ANLLÓNS,2018-03-04,CRONOESCALADA,229,53,0,282,mixto
IV TRAIL E ANDAINA POLAS CABECEIRAS DO ANLLÓNS,2018-03-04,MINITRAIL,163,42,0,205,mixto
IV TRAIL E ANDAINA POLAS CABECEIRAS DO ANLLÓNS,2018-03-04,TRAIL,63,11,0,74,mixto
IV TRAIL MOSTEIRO DE CAAVEIRO,2019-11-24,TRAIL CORTO 16KM (desnivel acumulado de 1576 m),236,78,0,314,mixto
IV TRAIL MOSTEIRO DE CAAVEIRO,2019-11-24,TRAIL LONGO 28K (desnivel acumulado de 2400 mtrs),81,6,0,87,mixto
IV TRAIL RUTA DOS MUÍÑOS DE SAMIEIRA,2019-03-30,ABSOLUTA 17 KM (2003 E ANTERIORES),70,10,0,80,mixto
IV TRAIL RUTA DOS MUÍÑOS DE SAMIEIRA,2019-03-30,BENXAMIN (2010-2011) e ALEVIN (2008-2009),7,1,0,8,mixto
IV TRAIL RUTA DOS MUÍÑOS DE SAMIEIRA,2019-03-30,INFANTIL (2006-2007) e CADETE (2004-2005),2,2,0,4,mixto
IV TRAIL TRANS SERRA DA GROBA-BAIONA,2016-11-05,EQUIPOS MINI TRAIL SERRA DA GROBA 2016,0,0,0,0,mixto
IV TRAIL TRANS SERRA DA GROBA-BAIONA,2016-11-05,EQUIPOS TRAIL SERRA DA GROBA 2016,0,0,0,0,mixto
IV TRAIL TRANS SERRA DA GROBA-BAIONA,2016-11-05,MINI TRAIL (25 KMS APROX.),134,17,0,151,mixto
IV TRAIL TRANS SERRA DA GROBA-BAIONA,2016-11-05,TRAIL (55 KMS APROX.),77,2,0,79,mixto
IV TRAIL Y ANDAINA DE CELANOVA,2019-03-31,CLASIFICACIÓN POR EQUIPOS,0,0,0,0,mixto
IV TRAIL Y ANDAINA DE CELANOVA,2019-03-31,RELEVOS DE PAREJAS (MAYORES DE 18 AÑOS),41,9,0,50,mixto
IV TRAIL Y ANDAINA DE CELANOVA,2019-03-31,TRAIL (MAYORES DE 18 AÑOS),141,16,0,157,mixto
IV TRAIL “RUTA DOS MUIÑOS” RIOTORTO 2026,2026-05-23,MINITRAIL,48,31,0,79,mixto
IV TRAIL “RUTA DOS MUIÑOS” RIOTORTO 2026,2026-05-23,TRAIL,28,6,0,34,mixto
IV TRAVESÍA A NADO CONCELLO DE POIO,2019-08-04,ABSOLUTA (2001 E ANTERIORES),74,16,0,90,mixto
IV TRAVESÍA A NADO CONCELLO DE POIO,2019-08-04,MENORES A (2007-2010),13,13,0,26,mixto
IV TRAVESÍA A NADO CONCELLO DE POIO,2019-08-04,MENORES B (2002-2006),6,10,0,16,mixto
IV TRAVESÍA A NADO COSTA SERENA - NIGRÁN. 4000M,2014-07-13,RECORRIDO DE 4000 METROS. DISTANCIA: 4000 M,0,0,0,0,mixto
IV TRAVESÍA A NADO COSTA SERENA - NIGRÁN. 800M,2014-07-13,RECORRIDO DE 800 METROS. DISTANCIA: 800 M,0,0,0,0,mixto
IV TRAVESÍA DE AGUAS ABIERTAS EMBALSE DE RIAÑO,2026-07-19,1500m,32,45,0,77,mixto
IV TRAVESÍA DE AGUAS ABIERTAS EMBALSE DE RIAÑO,2026-07-19,3500m,50,22,0,72,mixto
IV TRAVESÍA DE AGUAS ABIERTAS EMBALSE DE RIAÑO,2026-07-19,400m,9,22,0,31,mixto
IV TRAVESÍA DE AGUAS ABIERTAS EMBALSE DE RIAÑO,2026-07-19,7000m,17,3,0,20,mixto
IV TRAVESÍA DE AGUAS ABIERTAS EMBALSE DE RIAÑO,2026-07-19,800m,26,19,0,45,mixto
IV TRAVESÍA DE AGUAS ABIERTAS EMBALSE DE RIAÑO,2026-07-19,RELEVO (2X3500m),0,0,9,9,mixto
IV TRAVESÍA VILA DO TEA -2019-,2019-08-18,"ALEVIN, INFANTIL Y POPULAR 1.200 METROS (HOMBRES DEL 2006 Y ANT - MUJERES DEL 2007 Y ANT.)",24,32,0,56,mixto
IV TRAVESÍA VILA DO TEA -2019-,2019-08-18,ELITE 3.600 METROS (2005 E ANTERIORES),18,12,0,30,mixto
IV TRAVESÍA VILA DO TEA -2019-,2019-08-18,MASTER/POPULAR 3.600 METROS (1999 E ANOS ANTERIORES),34,11,0,45,mixto
IV TRAVESÍA VILA DO TEA -2019-,2019-08-18,MENORES 200 METROS (HOMBRES DEL 2007 Y POST. - MUJERES DEL 2008 Y POST.),14,15,0,29,mixto
IV TRAVESÍA VILA DO TEA -2019-,2019-08-18,"REMUDAS MIXTAS 4x400 METROS (2 masculinos, 2 femininos)",11,13,0,24,mixto
IV TRIATLON DESAFÍO PASTOR ISLAS CÍES 2016,2016-09-24,GRUPOS DE EDAD,0,10,0,10,mixto
IV TRIATLON DESAFÍO PASTOR ISLAS CÍES 2016,2016-09-24,PARATRIATLON PT5,0,0,0,0,mixto
IV TRIATLON DESAFÍO PASTOR ISLAS CÍES 2016,2016-09-24,PRO,43,5,0,48,mixto
IV TRIATLON POPULAR VILA DE BAIONA 2015,2015-07-26,TRIATLON POPULAR,104,25,0,129,mixto
IV Tríatlon Atlántico Baiona,2018-06-03,General,303,37,0,340,mixto
IV Tríatlon Boamorte Bikes Sanxenxo 2019,2019-09-15,General,0,0,0,0,mixto
IV Tríatlon Concello de Cambados,2019-06-15,General,140,21,0,161,mixto
IV Tríatlon Concello de Riveira,2016-07-10,Élite,167,22,0,189,mixto
IV URBAN TRAIL NIGHT EUROCIDADE (Valença de Minho - Tui),2019-10-26,URBAN TRAIL NIGHT,231,50,0,281,mixto
IV VOLTA CICLOTURISTA VAL DO TAMEGA,2013-07-14,CICLOTURISTA. DISTANCIA: 125 KM,0,0,0,0,mixto
IV Vertiatlon Solidario Baiona,2018-09-15,General,0,0,0,0,mixto
IX 10KM DEL BERBÉS,2018-09-16,10 KM (2002 Y ANTERIORES),342,67,0,409,mixto
IX 10KM DEL BERBÉS,2018-09-16,10 KM (RUNRUNVIGO),336,67,0,403,mixto
IX BTT “OS PICOS DE MAZARICOS”,2026-05-31,RUTA CURTA,24,0,0,24,mixto
IX BTT “OS PICOS DE MAZARICOS”,2026-05-31,RUTA LONGA,73,4,0,77,mixto
IX Baixada Popular de Cross San Pedro de Visma,2016-07-03,ALEVIN,14,10,0,24,mixto
IX Baixada Popular de Cross San Pedro de Visma,2016-07-03,Adultos (1998 y anteriores),413,113,0,526,mixto
IX Baixada Popular de Cross San Pedro de Visma,2016-07-03,BENJAMIN,13,16,0,29,mixto
IX Baixada Popular de Cross San Pedro de Visma,2016-07-03,CADETE - JUVENIL,13,6,0,19,mixto
IX Baixada Popular de Cross San Pedro de Visma,2016-07-03,INFANTIL,12,3,0,15,mixto
IX CAMOVI (CARREIRA POR MONTAÑA MONTES DE VIVEIRO) 2019,2019-04-27,CAMOVI 10K,64,45,0,109,mixto
IX CAMOVI (CARREIRA POR MONTAÑA MONTES DE VIVEIRO) 2019,2019-04-27,CAMOVI 21K,129,40,0,169,mixto
IX CAMOVI (CARREIRA POR MONTAÑA MONTES DE VIVEIRO) 2019,2019-04-27,CAMOVI 42K,98,6,0,104,mixto
IX CAMOVI (CARREIRA POR MONTAÑA MONTES DE VIVEIRO) 2019,2019-04-27,CAMOVI RELEVOS 42K,12,3,0,15,mixto
IX CAMPEONATO GALLEGO DE AGUAS ABIERTAS,2025-06-01,1250M ALEVIN,6,10,0,16,mixto
IX CAMPEONATO GALLEGO DE AGUAS ABIERTAS,2025-06-01,2500M MASTER,66,44,0,110,mixto
IX CAMPEONATO GALLEGO DE AGUAS ABIERTAS,2025-06-01,"5000M DEPORTISTA (INF,JUN1,JUN2,SEN)",20,0,0,20,mixto
IX CAMPEONATO GALLEGO DE AGUAS ABIERTAS,2025-06-01,"5000M DEPORTISTA (INF,JUN1,JUN2,SEN) FEMINA",0,20,0,20,mixto
IX CARREIRA GUITIRIZ TERMAL,2014-06-21,ADULTOS. DISTANCIA: 7200 M,0,0,0,0,mixto
IX CARREIRA GUITIRIZ TERMAL,2014-06-21,INFANTIL E CADETE. DISTANCIA: 3200 M,0,0,0,0,mixto
IX CARREIRA NOCTURNA CELANOVA. LIGA12,2012-06-23,Carrera,263,0,0,263,mixto
IX CARREIRA NOCTURNA CONCELLO DE VILAGARCIA 2012,2012-07-28,Adultos. Distancia: 7800 m,0,0,0,0,mixto
IX CARREIRA PEDESTRE CONCELLO DE CAMARIÑAS,2020-03-08,3K CONTRA O CANCRO (2004 E ANT.),80,92,0,172,mixto
IX CARREIRA PEDESTRE CONCELLO DE CAMARIÑAS,2020-03-08,ABSOLUTA 10K (2004 E ANT.),244,69,0,313,mixto
IX CARREIRA PEDESTRE CONCELLO DE CAMARIÑAS,2020-03-08,ALEVIN (2009-2010),21,23,0,44,mixto
IX CARREIRA PEDESTRE CONCELLO DE CAMARIÑAS,2020-03-08,BENXAMIN (2011-2012),9,12,0,21,mixto
IX CARREIRA PEDESTRE CONCELLO DE CAMARIÑAS,2020-03-08,"INFANTIL (07-08), CADETE (05-06) E XUVENIL (03-04)",42,37,0,79,mixto
IX CARREIRA PEDESTRE CONCELLO DE OUTES,2016-05-17,CARREIRA ABSOLUTA (1998 E ANOS ANTERIORES),166,33,0,199,mixto
IX CARREIRA PEDESTRE CONCELLO DE OUTES,2016-05-17,CARREIRA DE ALEVÍNS (2005-2006) E INFANTIS (2003-2004),28,13,0,41,mixto
IX CARREIRA PEDESTRE CONCELLO DE OUTES,2016-05-17,CARREIRA DE CADETES (2001-2002) E XUVENÍS (1999-2000),12,5,0,17,mixto
IX CARREIRA PEDESTRE CONCELLO DE VIMIANZO,2019-03-31,3K CONTRA O CANCRO (2003 E ANT.),81,88,0,169,mixto
IX CARREIRA PEDESTRE CONCELLO DE VIMIANZO,2019-03-31,ABSOLUTA 10K (2003 E ANT.),226,65,0,291,mixto
IX CARREIRA PEDESTRE CONCELLO DE VIMIANZO,2019-03-31,ALEVIN (2008-2009),18,34,0,52,mixto
IX CARREIRA PEDESTRE CONCELLO DE VIMIANZO,2019-03-31,BENXAMIN (2010-2011),20,24,0,44,mixto
IX CARREIRA PEDESTRE CONCELLO DE VIMIANZO,2019-03-31,"INFANTIL (06-07), CADETE (04-05) E XUVENIL (02-03)",30,35,0,65,mixto
IX CARREIRA PEDESTRE CONCELLO DE VIMIANZO,2019-03-31,VEHICULO ADAPTADO,1,0,0,1,mixto
IX CARREIRA PEDESTRE DO NADAL SAN CIBRAO 2010,2010-12-19,Adultos. Distancia: 8500 m,0,0,0,0,mixto
IX CARREIRA PEDESTRE DO NADAL SAN CIBRAO 2010,2010-12-19,Menores. Distancia: 3000 m,0,0,0,0,mixto
IX CARREIRA POPULAR CONCELLO DE CAMBADOS,2019-07-07,PROBA DE 10 KM,250,32,0,282,mixto
IX CARREIRA POPULAR CONCELLO DE MONFORTE 2017,2017-04-23,Carreira Absoluta (2001 e ant.),270,76,0,346,mixto
IX CARREIRA POPULAR CORUÑA10,2015-10-11,ABSOLUTA (1997 Y ANTERIORES),1949,523,0,2472,mixto
IX CARREIRA POPULAR CORUÑA10,2015-10-11,ALEVIN (2004/2005),68,62,0,130,mixto
IX CARREIRA POPULAR CORUÑA10,2015-10-11,BENJAMIN (2006/2007),58,67,0,125,mixto
IX CARREIRA POPULAR CORUÑA10,2015-10-11,CADETE (2000/2001),60,33,0,93,mixto
IX CARREIRA POPULAR CORUÑA10,2015-10-11,INFANTIL (2002/2003),39,46,0,85,mixto
IX CARREIRA POPULAR CORUÑA10,2015-10-11,JUVENIL (1998/1999),36,14,0,50,mixto
IX CARREIRA POPULAR DE CHANTADA,2018-04-14,10K (2002 E ANOS ANT.),157,46,0,203,mixto
IX CARREIRA POPULAR DE CHANTADA,2018-04-14,10K EN VEHÍCULO ADAPTADO (2002 E ANOS ANT.),1,0,0,1,mixto
IX CARREIRA POPULAR DE CHANTADA,2018-04-14,5K (2002 E ANOS ANT.),24,26,0,50,mixto
IX CARREIRA POPULAR DE CHANTADA,2018-04-14,INFANTIL E CADETE (2003 ATA 2006),14,6,0,20,mixto
IX CARREIRA POPULAR DE FRIOL,2023-04-22,ABSOLUTA (2007 e anteriores),84,35,0,119,mixto
IX CARREIRA POPULAR DE FRIOL,2023-04-22,ALEVIN (2012-2013),11,13,0,24,mixto
IX CARREIRA POPULAR DE FRIOL,2023-04-22,BENXAMIN (2014-2015),19,11,0,30,mixto
IX CARREIRA POPULAR DE FRIOL,2023-04-22,INFANTIL (2010-2011) - CADETE (2008-2009),16,18,0,34,mixto
IX CARREIRA POPULAR DE FRIOL,2023-04-22,PEQUENINAS (2016-2017),0,20,0,20,mixto
IX CARREIRA POPULAR DE FRIOL,2023-04-22,PEQUENIÑOS (2016-2017),13,0,0,13,mixto
IX CARREIRA POPULAR DE RABADE 2012,2012-01-21,CARREIRA ABSOLUTA. DISTANCIA: 6733 M,0,0,0,0,mixto
IX CARREIRA POPULAR DO SAN SALVADOR CONCELLO DE BAÑOS DE MOLGAS,2016-07-30,ABSOLUTA (2000 E ANTERIORES),174,51,0,225,mixto
IX CARREIRA POPULAR DO SAN SALVADOR CONCELLO DE BAÑOS DE MOLGAS,2016-07-30,BENXAMIN-ALEVIN (2005-2010),11,19,0,30,mixto
IX CARREIRA POPULAR DO SAN SALVADOR CONCELLO DE BAÑOS DE MOLGAS,2016-07-30,INFANTIL-CADETE (2001-2004),7,4,0,11,mixto
IX CARREIRA POPULAR E VIII ANDAINA MASIDE,2015-08-30,ABSOLUTA,100,13,0,113,mixto
IX CARREIRA POPULAR FESTA DA AUGARDENTE DE PORTOMARÍN,2025-04-19,ABSOLUTA (2009 e anteriores),69,22,0,91,mixto
IX CARREIRA POPULAR FESTA DA AUGARDENTE DE PORTOMARÍN,2025-04-19,CATEGORIA A (2017-2020),4,6,0,10,mixto
IX CARREIRA POPULAR FESTA DA AUGARDENTE DE PORTOMARÍN,2025-04-19,CATEGORIA B (2013-2016),5,7,0,12,mixto
IX CARREIRA POPULAR FESTA DA AUGARDENTE DE PORTOMARÍN,2025-04-19,CATEGORIA C (2010-2012),6,1,0,7,mixto
IX CARREIRA POPULAR GUITIRIZ TERMAL 2014,2014-06-21,Carrera,76,0,0,76,mixto
IX CARREIRA POPULAR NOVO MESOIRO,2019-11-03,ABSOLUTA,344,94,0,438,mixto
IX CARREIRA POPULAR NOVO MESOIRO,2019-11-03,SUB10,31,0,0,31,mixto
IX CARREIRA POPULAR NOVO MESOIRO,2019-11-03,SUB10 FEMININO,0,25,0,25,mixto
IX CARREIRA POPULAR NOVO MESOIRO,2019-11-03,SUB12,21,0,0,21,mixto
IX CARREIRA POPULAR NOVO MESOIRO,2019-11-03,SUB12 FEMININO,0,15,0,15,mixto
IX CARREIRA POPULAR NOVO MESOIRO,2019-11-03,SUB14,11,9,0,20,mixto
IX CARREIRA POPULAR NOVO MESOIRO,2019-11-03,SUB16 y SUB18,6,5,0,11,mixto
IX CARREIRA POPULAR TORRE DE HÉRCULES - I CARREIRA SOLIDARIA #QUERÉMONOSVIVAS E MARCHA SOLIDARIA,2019-03-23,ABSOLUTA,852,484,0,1336,mixto
IX CARREIRA POPULAR TORRE DE HÉRCULES - I CARREIRA SOLIDARIA #QUERÉMONOSVIVAS E MARCHA SOLIDARIA,2019-03-23,PRE-BENXAMIN (Non Competitiva),0,0,0,0,mixto
IX CARREIRA POPULAR TORRE DE HÉRCULES - I CARREIRA SOLIDARIA #QUERÉMONOSVIVAS E MARCHA SOLIDARIA,2019-03-23,SUB 10,43,0,0,43,mixto
IX CARREIRA POPULAR TORRE DE HÉRCULES - I CARREIRA SOLIDARIA #QUERÉMONOSVIVAS E MARCHA SOLIDARIA,2019-03-23,SUB 10 FEMENINIO,0,17,0,17,mixto
IX CARREIRA POPULAR TORRE DE HÉRCULES - I CARREIRA SOLIDARIA #QUERÉMONOSVIVAS E MARCHA SOLIDARIA,2019-03-23,SUB 14,14,15,0,29,mixto
IX CARREIRA POPULAR TORRE DE HÉRCULES - I CARREIRA SOLIDARIA #QUERÉMONOSVIVAS E MARCHA SOLIDARIA,2019-03-23,SUB 16,13,9,0,22,mixto
IX CARREIRA POPULAR TORRE DE HÉRCULES - I CARREIRA SOLIDARIA #QUERÉMONOSVIVAS E MARCHA SOLIDARIA,2019-03-23,SUB 18,7,5,0,12,mixto
IX CARREIRA POPULAR TORRE DE HÉRCULES - I CARREIRA SOLIDARIA #QUERÉMONOSVIVAS E MARCHA SOLIDARIA,2019-03-23,SUB12,30,21,0,51,mixto
IX CARREIRA POPULAR VAL DAS FABAS LOURENZÁ 2018,2018-10-07,ABSOLUTA (2004 E ANTERIORES),118,45,0,163,mixto
IX CARREIRA POPULAR VAL DAS FABAS LOURENZÁ 2018,2018-10-07,ALEVIN FEM,0,13,0,13,mixto
IX CARREIRA POPULAR VAL DAS FABAS LOURENZÁ 2018,2018-10-07,ALEVIN MASC,10,0,0,10,mixto
IX CARREIRA POPULAR VAL DAS FABAS LOURENZÁ 2018,2018-10-07,BENXAMIN FEM,0,14,0,14,mixto
IX CARREIRA POPULAR VAL DAS FABAS LOURENZÁ 2018,2018-10-07,BENXAMIN MASC,12,0,0,12,mixto
IX CARREIRA POPULAR VAL DAS FABAS LOURENZÁ 2018,2018-10-07,INFANTIL FEM,0,5,0,5,mixto
IX CARREIRA POPULAR VAL DAS FABAS LOURENZÁ 2018,2018-10-07,INFANTIL MASC,10,0,0,10,mixto
IX CARREIRA POPULAR ´MAR DE BOIRO' - 7º MEMORIAL PEPE BUCETA,2013-12-15,CARREIRA LONGA (CAT. XERAL). DISTANCIA: 8451 M,0,0,0,0,mixto
IX CARREIRA SOLIDARIA DO ARENTEIRO (O CARBALLIÑO),2018-01-07,ALEVÍN (2005 A 2007) e INFANTIL-CADETE (2001 A 2004),29,16,0,45,mixto
IX CARREIRA SOLIDARIA DO ARENTEIRO (O CARBALLIÑO),2018-01-07,CARREIRA ABSOLUTA (2000 E ANOS ANTERIORES),347,80,0,427,mixto
IX CARREIRA SOLIDARIA DO ARENTEIRO (O CARBALLIÑO),2018-01-07,EQUIPOS CARREIRA SOLIDARIA DO ARENTEIRO,0,0,0,0,mixto
IX CARREIRA SOLIDARIA RIO MAO 2016 BOVEDA,2016-05-22,PROBA ABSOLUTA (2000 E ANOS ANTERIORES),106,23,0,129,mixto
IX CARREIRA do COCIDO – LALÍN 2019,2019-02-17,10KM (2003 E ANT),256,60,0,316,mixto
IX CARREIRA do COCIDO – LALÍN 2019,2019-02-17,5KM (2003 E ANT),59,66,0,125,mixto
IX CARREIRA do COCIDO – LALÍN 2019,2019-02-17,ALEVIN (2008-2009),37,31,0,68,mixto
IX CARREIRA do COCIDO – LALÍN 2019,2019-02-17,BENXAMIN (2010-2011),39,31,0,70,mixto
IX CARREIRA do COCIDO – LALÍN 2019,2019-02-17,"INFANTIL (2006-2007), CADETE (2004-2005)",24,17,0,41,mixto
IX CARREIRA-ANDAINA “SAN SILVESTRE VILALBESA”,2024-12-29,ABSOLUTA (2010 e anteriores) Cronometrada,113,40,0,153,mixto
IX CARRERA DE ATLETISMO DE LOSADA 2012,2012-08-11,Prueba Absoluta. Distancia: 10000 m,0,0,0,0,mixto
IX CARRERA DEL AGUA UNICEF SADA,2019-09-29,"10KM PROMESA, SENIORS E MASTER (1999 E ANOS ANTERIORES)",329,90,0,419,mixto
IX CARRERA DEL AGUA UNICEF SADA,2019-09-29,CUADRO DE HONOR,0,0,0,0,mixto
IX CARRERA DEL AGUA UNICEF SADA,2019-09-29,PREBENXAMIN (2012/2013),32,0,0,32,mixto
IX CARRERA DEL AGUA UNICEF SADA,2019-09-29,PREBENXAMIN FEMININO (2012/2013),0,37,0,37,mixto
IX CARRERA DEL AGUA UNICEF SADA,2019-09-29,SUB10 (2010-2011),41,32,0,73,mixto
IX CARRERA DEL AGUA UNICEF SADA,2019-09-29,SUB12 (2008-2009),27,52,0,79,mixto
IX CARRERA DEL AGUA UNICEF SADA,2019-09-29,SUB14 (2006-2007),20,19,0,39,mixto
IX CARRERA DEL AGUA UNICEF SADA,2019-09-29,SUB16 MIXTO (2004-2005),6,7,0,13,mixto
IX CARRERA DEL AGUA UNICEF SADA,2019-09-29,"Sub18/20, Sub23, Sénior e Master 5 km",36,39,0,75,mixto
IX CARRERA POPULAR DE MONTAÑA -TRAIL NACIONAL- CLUB FLUVIAL DE LUGO,2025-11-16,CORTA,61,17,0,78,mixto
IX CARRERA POPULAR DE MONTAÑA -TRAIL NACIONAL- CLUB FLUVIAL DE LUGO,2025-11-16,LARGA,94,22,0,116,mixto
IX CARRERA SOLIDARIA COLEGIO PLURILINGÜE CERVANTES,2019-05-17,ADULTOS (2001 Y ANTERIORES),108,33,0,141,mixto
IX CARRERA SOLIDARIA COLEGIO PLURILINGÜE CERVANTES,2019-05-17,CATEGORÍA A (2010 A 2012),27,22,0,49,mixto
IX CARRERA SOLIDARIA COLEGIO PLURILINGÜE CERVANTES,2019-05-17,CATEGORÍA B (2007 A 2009),12,17,0,29,mixto
IX CARRERA SOLIDARIA COLEGIO PLURILINGÜE CERVANTES,2019-05-17,CATEGORÍA C Y D (2002 A 2006),8,0,0,8,mixto
IX CP FEIRA DO VIÑO QUIROGA 2013,2013-03-24,PROBA ABSOLUTA. DISTANCIA: 9400 M,0,0,0,0,mixto
IX CP NOCTURNA DE XINZO DE LIMIA - ADULTOS,2013-06-15,PROBA ABSOLUTA. DISTANCIA: 6250 M,0,0,0,0,mixto
IX CP NOCTURNA DE XINZO DE LIMIA - MENORES,2013-06-15,BENXAMÍN - ALEVÍN. DISTANCIA: 1060 M,0,0,0,0,mixto
IX CP NOCTURNA DE XINZO DE LIMIA - MENORES,2013-06-15,INFANTIL - CADETE. DISTANCIA: 1590 M,0,0,0,0,mixto
IX CROSS JOSE MANUEL GARCIA - LA ROBLA 2012,2012-08-04,ABSOLUTA. Distancia: 6000 m,0,0,0,0,mixto
IX Carreira Nocturna de Sada “Ninguén sen Nadal”,2024-12-20,ABSOLUTA e INCLUSIVA (2008 e anteriores),172,119,0,291,mixto
IX Carreira Nocturna de Sada “Ninguén sen Nadal”,2024-12-20,EQUIPOS NOCTURNA SADA 2024,0,0,0,0,mixto
IX Carreira Nocturna de Sada “Ninguén sen Nadal”,2024-12-20,SUB10/BENXAMINS (2015-2016),11,3,0,14,mixto
IX Carreira Nocturna de Sada “Ninguén sen Nadal”,2024-12-20,SUB12/ALEVIN (2013-2014),11,9,0,20,mixto
IX Carreira Nocturna de Sada “Ninguén sen Nadal”,2024-12-20,SUB14/INFANTIS (2011-2012),4,5,0,9,mixto
IX Carreira Nocturna de Sada “Ninguén sen Nadal”,2024-12-20,SUB16/CADETE (2009-2010),1,4,0,5,mixto
IX Carreira Pedestre San Brais,2017-01-29,ABSOLUTA CCCP,206,43,0,249,mixto
IX Carreira Pedestre San Brais,2017-01-29,PROBA ABSOLUTA,304,64,0,368,mixto
IX Carreira Pedestre de Campañó,2016-05-28,ABSOLUTA CCCP,191,44,0,235,mixto
IX Carreira Pedestre de Campañó,2016-05-28,ABSOLUTA CCCP [Compensada],191,44,0,235,mixto
IX Carreira Pedestre de Campañó,2016-05-28,PROBA ABSOLUTA,301,62,0,363,mixto
IX Carreira Pedestre de Campañó,2016-05-28,XUVENIL,9,2,0,11,mixto
IX Carreira Popular Concello de Redondela,2016-07-03,ABSOLUTA (16 ANOS E MÁIS),238,45,0,283,mixto
IX Carreira do Espíritu Santo,2018-05-06,"Absoluta, a partir de 16 anos",106,16,0,122,mixto
IX Carrera Popular RGCC-CNSO,2022-09-25,RECORRIDO A (2008 y anteriores),288,139,0,427,mixto
IX Carrera Popular RGCC-CNSO,2022-09-25,RECORRIDO B (2009-2012),23,23,0,46,mixto
IX DRAGOMAN 2012,2012-11-25,IX DRAGOMAN 2012,0,0,0,0,mixto
IX DUATLÓN CROS DE REIS - CONCELLO DE VIMIANZO,2018-01-07,General,0,0,0,0,mixto
IX EDICION SAMURAI XTREME RACE 2026,2026-07-04,EQUIPOS POPULAR SAMURAI RACE 2026,0,0,0,0,mixto
IX EDICION SAMURAI XTREME RACE 2026,2026-07-04,POPULAR,401,254,0,655,mixto
IX EDICION SAMURAI XTREME RACE 2026,2026-07-04,TANDA 1 ELITE,49,11,0,60,mixto
IX EDICION SAMURAI XTREME RACE 2026,2026-07-04,TANDA 2 STARTER,59,27,0,86,mixto
IX EDICION TRAIL E ANDAINA DE CELA 2023,2023-01-22,TRAIL,118,23,0,141,mixto
IX EDICIÓN CORREXSALCEDA 2022,2022-05-08,ABSOLUTA 10K (2006 e anteriores),152,25,0,177,mixto
IX EDICIÓN CORREXSALCEDA 2022,2022-05-08,ABSOLUTA 5K (2006 e anteriores),46,60,0,106,mixto
IX EDICIÓN CORREXSALCEDA 2022,2022-05-08,CATEGORIA B (2010-2012),35,31,0,66,mixto
IX EDICIÓN CORREXSALCEDA 2022,2022-05-08,CATEGORIA C (2013-2015),46,58,0,104,mixto
IX EDICIÓN CORREXSALCEDA 2022,2022-05-08,CATEGORÍA A (2007-2009),32,25,0,57,mixto
IX KDD BTT DOS CALLOS LARACHA,2024-01-28,RUTA,212,8,0,220,mixto
IX KDD BTT DOS CALLOS LARACHA,2024-01-28,RUTA eBIKE,45,0,0,45,mixto
IX LEGUA NOCTURNA POPULAR DE STA. Mª DEL PARAMO 2012,2012-08-18,Prueba Absoluta. Distancia: 5572 m,0,0,0,0,mixto
IX MEDIA MARATON CIUDAD DE LEÓN AUTO PALACIOS,2017-03-26,5 KM,98,133,0,231,mixto
IX MEDIA MARATON CIUDAD DE LEÓN AUTO PALACIOS,2017-03-26,MEDIO MARATON,1149,173,0,1322,mixto
IX MEDIA MARATON CIUDAD DE LEÓN AUTO PALACIOS,2017-03-26,MEDIO MARATON EN VEHÍCULO ADAPTADO,4,0,0,4,mixto
IX MEDIA MARATON “Corazón de Asturias” Y II 7 MILLAS DE LLANERA 2016 (Posada de Llanera),2016-02-14,7 MILLAS,178,65,0,243,mixto
IX MEDIA MARATON “Corazón de Asturias” Y II 7 MILLAS DE LLANERA 2016 (Posada de Llanera),2016-02-14,MEDIO MARATÓN,411,36,0,447,mixto
IX MEDIA MARATON “Corazón de Asturias” Y II 7 MILLAS DE LLANERA 2016 (Posada de Llanera),2016-02-14,PAREJAS SENTIMENTALES 7 MILLAS,0,0,0,0,mixto
IX MEDIA MARATON “Corazón de Asturias” Y II 7 MILLAS DE LLANERA 2016 (Posada de Llanera),2016-02-14,PAREJAS SENTIMENTALES MEDIO MARATON,0,0,0,0,mixto
IX MEMORIAL EDUARDO FERNÁNDEZ VILLAMARÍN 2012,2012-01-21,Carrera,373,0,0,373,mixto
IX MOUNTEMPLARIA,2016-06-25,"RECORRIDO ""A"" (80 KM Y DESNIVELES ACUMULADOS DE +2884 M Y -2885 M)",80,1,0,81,mixto
IX MOUNTEMPLARIA,2016-06-25,"RECORRIDO ""B"" (57 KM Y DESNIVELES ACUMULADOS DE +1742 M Y -1742 M)",59,3,0,62,mixto
IX Media Maratón Ribadeo – As Catedrais,2023-09-16,Medio Maratón,432,91,0,523,mixto
IX Milla San Roque Sada,2019-08-18,Master A (35 a 44 anos),28,12,0,40,mixto
IX Milla San Roque Sada,2019-08-18,Master B e Master C (45 anos en adiante),38,15,0,53,mixto
IX Milla San Roque Sada,2019-08-18,Prebenxamis (2012-2013),10,0,0,10,mixto
IX Milla San Roque Sada,2019-08-18,Prebenxamis Feminino (2012-2013),0,10,0,10,mixto
IX Milla San Roque Sada,2019-08-18,Senior/Sub23 (1999 ata 34 anos),12,6,0,18,mixto
IX Milla San Roque Sada,2019-08-18,Sub-10 (2010-2011),20,0,0,20,mixto
IX Milla San Roque Sada,2019-08-18,Sub-10 Feminino (2010-2011),0,10,0,10,mixto
IX Milla San Roque Sada,2019-08-18,Sub-12 (2008 -2009),13,0,0,13,mixto
IX Milla San Roque Sada,2019-08-18,Sub-12 Feminino (2008 -2009),0,10,0,10,mixto
IX Milla San Roque Sada,2019-08-18,Sub-14 (2006 -2007),9,0,0,9,mixto
IX Milla San Roque Sada,2019-08-18,Sub-14 Feminino (2006 -2007),0,5,0,5,mixto
IX Milla San Roque Sada,2019-08-18,Sub-16 (2004-2005),2,3,0,5,mixto
IX Milla San Roque Sada,2019-08-18,Sub-18/20 (2000-2003),6,3,0,9,mixto
IX RUTA BTT TERRA CHA DO QUEIXO SAN SIMON DA COSTA,2025-04-05,Corta 40km de distancia 700m de desnivel positivo,56,9,0,65,mixto
IX RUTA BTT TERRA CHA DO QUEIXO SAN SIMON DA COSTA,2025-04-05,Larga 72km de distancia 2000m de desnivel positivo,57,1,0,58,mixto
IX RUTA BTT TERRA CHA DO QUEIXO SAN SIMON DA COSTA,2025-04-05,Media 55km de distancia 1400m de desnivel positivo,105,4,0,109,mixto
IX SUBIDA CICLOTURISTA A GROBA,2017-07-22,EQUIPOS SUBIDA CICLOTURISTA A GROBA 2017,0,0,0,0,mixto
IX SUBIDA CICLOTURISTA A GROBA,2017-07-22,"SUBIDA A GROBA (11 km, desnivel 620m y porcentaje 5.6%)",154,6,0,160,mixto
IX TRAIL CMP CONCELLO DE ARTEIXO,2022-10-30,CURTA (Desnivel + 900m),153,27,0,180,mixto
IX TRAIL CMP CONCELLO DE ARTEIXO,2022-10-30,LONGA (Desnivel +1900m),47,8,0,55,mixto
IX TRAIL MONTE COMADO,2025-10-11,TRAIL17Kms,64,16,0,80,mixto
IX TRAVESÍA A NADO COSTA SERENA-NIGRÁN 2019,2019-07-07,PRUEBA DE 2.700 M,64,28,0,92,mixto
IX TRAVESÍA A NADO COSTA SERENA-NIGRÁN 2019,2019-07-07,PRUEBA DE 4.000 M,166,32,0,198,mixto
IX TRAVESÍA A NADO COSTA SERENA-NIGRÁN 2019,2019-07-07,PRUEBA DE 800 M,40,38,0,78,mixto
IX TRAVESÍA SISARGAS - MALPICA,2018-08-05,TRAVESIA SISARGAS,123,17,0,140,mixto
IX TRAVESÍA VILA DO TEA 2025,2025-08-02,BENXAMIN (2014-2015),9,9,0,18,mixto
IX TRAVESÍA VILA DO TEA 2025,2025-08-02,ELITE. Puntuable Copa España e Circuito Galego Augas Abertas,32,23,0,55,mixto
IX TRAVESÍA VILA DO TEA 2025,2025-08-02,MASTER/POPULAR Puntuable Copa España e Circuito Galego Augas Aberta,51,33,0,84,mixto
IX TRAVESÍA VILA DO TEA 2025,2025-08-02,POPULAR (2011 y anteriores)/ALEVIN (2012-2013),13,11,0,24,mixto
IX TRAVESÍA VILA DO TEA 2025,2025-08-02,"POPULAR (sub23, sub45 e +45)/ INFANTIL (2010-2011)",20,10,0,30,mixto
IX TRAVESÍA VILA DO TEA 2025,2025-08-02,PREBENXAMIN (2016 e posteriores),4,1,0,5,mixto
IX TRAVESÍA VILA DO TEA 2025,2025-08-02,REMUDAS MIXTAS ELITE,0,0,0,0,mixto
IX TRAVESÍA VILA DO TEA 2025,2025-08-02,REMUDAS MIXTAS MASTER/POPULAR,0,0,0,0,mixto
IX TRIATLÓN DESAFÍO SANTANDER ISLAS CÍES 2022,2022-09-18,GRUPOS DE EDAD,163,9,0,172,mixto
IX TRIATLÓN DESAFÍO SANTANDER ISLAS CÍES 2022,2022-09-18,PRO,37,12,0,49,mixto
IX TRÍATLON CONCELLO DE PORRIÑO-TUI,2024-06-08,CIRCUITO,67,25,0,92,mixto
IX TRÍATLON CONCELLO DE PORRIÑO-TUI,2024-06-08,POPULAR,41,5,0,46,mixto
IX Travesia a Nado de Larga Distancia A Coruña 10000 y I Coruña 5000 - 2016,2016-09-25,TRAVESIA 10000M,79,13,0,92,mixto
IX Travesia a Nado de Larga Distancia A Coruña 10000 y I Coruña 5000 - 2016,2016-09-25,TRAVESIA 5000,28,6,0,34,mixto
IX Tríatlon Concello de Arteixo,2019-07-28,A SIN CORTE,0,0,0,0,mixto
IX Tríatlon Concello de Arteixo,2019-07-28,B CON CORTE,0,0,0,0,mixto
IX Tríatlon Concello de Arteixo,2019-07-28,General,0,0,0,0,mixto
IX Tríatlon Concello de Arteixo,2019-07-28,POPULAR,0,0,0,0,mixto
IX Tríatlon Concello de Poio e Porto de campelo,2019-06-30,A sin Corte,0,0,0,0,mixto
IX Tríatlon Concello de Poio e Porto de campelo,2019-06-30,B con Corte,0,0,0,0,mixto
IX Tríatlon Concello de Poio e Porto de campelo,2019-06-30,General,0,0,0,0,mixto
IX Tríatlon Concello de Poio e Porto de campelo,2019-06-30,Popular,0,0,0,0,mixto
IX VOLTA/ANDAINA Á ILLA DE ONS 2025,2025-04-27,CARREIRA,184,62,0,246,mixto
Iº triatlon castrelo do miño,2018-07-08,POPULAR,0,0,0,0,mixto
L TROFEO PEDESTRISMO CONCELLO DE CANGAS Memorial Pepe Cordeiro,2025-11-30,ABSOLUTA (2009 e anteriores),114,51,0,165,mixto
L TROFEO PEDESTRISMO CONCELLO DE CANGAS Memorial Pepe Cordeiro,2025-11-30,SUB10 FEM,0,25,0,25,mixto
L TROFEO PEDESTRISMO CONCELLO DE CANGAS Memorial Pepe Cordeiro,2025-11-30,SUB10 MASC,22,0,0,22,mixto
L TROFEO PEDESTRISMO CONCELLO DE CANGAS Memorial Pepe Cordeiro,2025-11-30,SUB12 FEM,1,32,0,33,mixto
L TROFEO PEDESTRISMO CONCELLO DE CANGAS Memorial Pepe Cordeiro,2025-11-30,SUB12 MASC,9,0,0,9,mixto
L TROFEO PEDESTRISMO CONCELLO DE CANGAS Memorial Pepe Cordeiro,2025-11-30,SUB14 FEM,0,17,0,17,mixto
L TROFEO PEDESTRISMO CONCELLO DE CANGAS Memorial Pepe Cordeiro,2025-11-30,SUB14 MASC,8,0,0,8,mixto
L TROFEO PEDESTRISMO CONCELLO DE CANGAS Memorial Pepe Cordeiro,2025-11-30,SUB16 HOMES (2010-2011),11,0,0,11,mixto
L TROFEO PEDESTRISMO CONCELLO DE CANGAS Memorial Pepe Cordeiro,2025-11-30,SUB16 MULLERES (2010-2011),0,10,0,10,mixto
LA HEROICA-GRAN PREMIO TURISMO DEPUTACIÓN DE LUGO-9º ETAPA IV COPA DE ESPAÑA DE AGUAS ABIERTAS RFEN,2018-08-04,LH10000m - LA HEROICA (2003 y anteriores),107,33,0,140,mixto
LA HEROICA-GRAN PREMIO TURISMO DEPUTACIÓN DE LUGO-9º ETAPA IV COPA DE ESPAÑA DE AGUAS ABIERTAS RFEN,2018-08-04,LH10000m - LA HEROICA (CON NEOPRENO),17,3,0,20,mixto
LA HEROICA-GRAN PREMIO TURISMO DEPUTACIÓN DE LUGO-9º ETAPA IV COPA DE ESPAÑA DE AGUAS ABIERTAS RFEN,2018-08-04,TRAVESIA 2500m (2006 y anteriores),79,71,0,150,mixto
LA HEROICA-GRAN PREMIO TURISMO DEPUTACIÓN DE LUGO-9º ETAPA IV COPA DE ESPAÑA DE AGUAS ABIERTAS RFEN,2018-08-04,TRAVESIA 5000m (2004 y anteriores),153,62,0,215,mixto
LA HEROICA-GRAN PREMIO TURISMO DEPUTACIÓN DE LUGO-9º ETAPA IV COPA DE ESPAÑA DE AGUAS ABIERTAS RFEN,2018-08-04,TRAVESIA POPULAR (600M),34,32,0,66,mixto
LA VIRGINIANA MTB 2022,2022-06-04,RUTA CORTA 54Km,186,4,0,190,mixto
LA VIRGINIANA MTB 2022,2022-06-04,RUTA CORTA 54Km EBIKE,27,0,0,27,mixto
LA VIRGINIANA MTB 2022,2022-06-04,RUTA LARGA 103Km,198,10,0,208,mixto
LA VIRGINIANA MTB 2022,2022-06-04,RUTA LARGA 103Km EBIKE,5,0,0,5,mixto
LARSA CORRE CON NOS AS TERMAS 2014. ADULTOS,2014-04-06,ADULTOS. DISTANCIA: 5650 M,0,0,0,0,mixto
LARSA CORRE CON NOS AS TERMAS 2014. MENORES,2014-04-06,CATEGORIA A. DISTANCIA: 500 M,0,0,0,0,mixto
LARSA CORRE CON NOS AS TERMAS 2014. MENORES,2014-04-06,CATEGORIA B. DISTANCIA: 1750 M,0,0,0,0,mixto
LARSA CORRE CON NOS AS TERMAS 2014. MENORES,2014-04-06,CATEGORIA C. DISTANCIA: 2650 M,0,0,0,0,mixto
LARSA CORRE CON NOS OMBREIRO. ADULTOS,2014-02-16,ADULTOS. DISTANCIA: 6000 M,0,0,0,0,mixto
LARSA CORRE CON NOS OMBREIRO. NENOS,2014-02-16,CATEGORIA A. DISTANCIA: 650 M,0,0,0,0,mixto
LARSA CORRE CON NOS OMBREIRO. NENOS,2014-02-16,CATEGORIA B. DISTANCIA: 1000 M,0,0,0,0,mixto
LARSA CORRE CON NOS OMBREIRO. NENOS,2014-02-16,CATEGORIA C. DISTANCIA: 2000 M,0,0,0,0,mixto
LARSA CORRE CON NOS SANFIZ. ADULTOS,2014-03-16,ADULTOS. DISTANCIA: 5100 M,0,0,0,0,mixto
LARSA CORRE CON NOS SANFIZ. NENOS,2014-03-16,CATEGORIA A. DISTANCIA: 700 M,0,0,0,0,mixto
LARSA CORRE CON NOS SANFIZ. NENOS,2014-03-16,CATEGORIA B. DISTANCIA: 1400 M,0,0,0,0,mixto
LARSA CORRE CON NOS SANFIZ. NENOS,2014-03-16,CATEGORIA C. DISTANCIA: 2500 M,0,0,0,0,mixto
LI TRAVESIA AL DIQUE,2023-07-25,1200m (2003 y anteriores),22,20,0,42,mixto
LI TRAVESIA AL DIQUE,2023-07-25,3500,91,36,0,127,mixto
LII TRAVESIA AL DIQUE,2024-07-25,1200 MAYORES,30,22,0,52,mixto
LII TRAVESIA AL DIQUE,2024-07-25,1200 MENORES,14,18,0,32,mixto
LII TRAVESIA AL DIQUE,2024-07-25,3500,95,68,0,163,mixto
LIII TRAVESIA AL DIQUE,2025-07-25,1200m (2005 y anteriores),26,11,0,37,mixto
LIII TRAVESIA AL DIQUE,2025-07-25,1200m (2010 y posteriores),10,13,0,23,mixto
LIII TRAVESIA AL DIQUE,2025-07-25,3500,103,68,0,171,mixto
LIII TRAVESÍA A NADO AO PORTO DE VILAXOÁN (VILAGARCÍA DE AROUSA),2016-09-04,PERCORRIDO A: 2000 METROS (2002 E ANTERIORES),46,7,0,53,mixto
LIII TRAVESÍA A NADO AO PORTO DE VILAXOÁN (VILAGARCÍA DE AROUSA),2016-09-04,PERCORRIDO B: 900 METROS (2006 E ANTERIORES),15,14,0,29,mixto
LIII TRAVESÍA A NADO AO PORTO DE VILAXOÁN (VILAGARCÍA DE AROUSA),2016-09-04,PERCORRIDO C: 250 METROS (2004 E POSTERIORES),5,8,0,13,mixto
LIV TRAVESIA AL DIQUE,2026-07-25,1200m (Todas las edades),29,23,0,52,mixto
LIV TRAVESIA AL DIQUE,2026-07-25,3500m,95,40,0,135,mixto
LIV TRAVESÍA A NADO AO PORTO DE VILAXOÁN (VILAGARCÍA DE AROUSA),2017-09-03,PERCORRIDO A: 2000 METROS (2003 E ANTERIORES),71,19,0,90,mixto
LIV TRAVESÍA A NADO AO PORTO DE VILAXOÁN (VILAGARCÍA DE AROUSA),2017-09-03,PERCORRIDO B: 900 METROS (2007 E ANTERIORES),19,12,0,31,mixto
LIV TRAVESÍA A NADO AO PORTO DE VILAXOÁN (VILAGARCÍA DE AROUSA),2017-09-03,PERCORRIDO C: 250 METROS (2005 E POSTERIORES),6,2,0,8,mixto
LIX DESCENSO A NADO DE LA RIA DE NAVIA,2016-08-07,RECORRIDO DE 1100 METROS,85,79,0,164,mixto
LIX DESCENSO A NADO DE LA RIA DE NAVIA,2016-08-07,RECORRIDO DE 2400 METROS,126,69,0,195,mixto
LIX DESCENSO A NADO DE LA RIA DE NAVIA,2016-08-07,RECORRIDO DE 5000 METROS HOMBRES,240,0,0,240,mixto
LIX DESCENSO A NADO DE LA RIA DE NAVIA,2016-08-07,RECORRIDO DE 5000 METROS MUJERES,0,81,0,81,mixto
LOS 10 KM DEL GRUPO (GIJÓN),2015-03-15,10 KM (NACIDOS/AS EN 1997 Y AÑOS ANTERIORES),973,326,0,1299,mixto
LOS 10 KM DEL GRUPO (GIJÓN),2016-03-13,10 KM (NACIDOS/AS EN 1998 Y AÑOS ANTERIORES),1100,391,0,1491,mixto
LOS 10 KM DEL GRUPO (GIJÓN),2017-03-26,10 KM (NACIDOS/AS EN 1999 Y AÑOS ANTERIORES),991,366,0,1357,mixto
LOS 10 KM DEL GRUPO (GIJÓN),2018-03-18,10 KM (NACIDOS/AS EN 2000 Y AÑOS ANTERIORES),678,212,0,890,mixto
LOS 10 KM DEL GRUPO (GIJÓN) 2019,2019-03-31,10 KM (NACIDOS/AS EN 2001 Y AÑOS ANTERIORES) RECORRIDO B,712,262,0,974,mixto
LOS 10 KM DEL GRUPO (GIJÓN) 2019,2019-03-31,10KM (SOLO PERSONAS CON DIVERSIDAD FUNCIONAL),9,2,0,11,mixto
LOS 10 KM DEL GRUPO (GIJÓN) 2019,2019-03-31,"RECORRIDO ""A"" 600M (NACIDOS/AS ENTRE LOS AÑOS 2002 Y 2012)",71,52,0,123,mixto
LV DESCENSO A NADO DE LA RÍA DE NAVIA 2012,2012-08-05,COMPETICION DE 1.100 METROS ( DE MENORES B). Distancia: 1100 m,0,0,0,0,mixto
LV DESCENSO A NADO DE LA RÍA DE NAVIA 2012,2012-08-05,COMPETICION DE 1.700 METROS ( DE MENORES A). Distancia: 1700 m,0,0,0,0,mixto
LV DESCENSO A NADO DE LA RÍA DE NAVIA 2012,2012-08-05,COMPETICION DE 3.000 METROS ( ABSOLUTAS). Distancia: 3000 m,0,0,0,0,mixto
LV DESCENSO A NADO DE LA RÍA DE NAVIA 2012,2012-08-05,COMPETICION DE 5.000 METROS (ABSOLUTOS). Distancia: 5000 m,0,0,0,0,mixto
LV TRAVESÍA A NADO AO PORTO DE VILAXOÁN (VILAGARCÍA DE AROUSA),2018-09-02,PERCORRIDO A: 2000 METROS (2004 E ANTERIORES),69,16,0,85,mixto
LV TRAVESÍA A NADO AO PORTO DE VILAXOÁN (VILAGARCÍA DE AROUSA),2018-09-02,PERCORRIDO B: 900 METROS (2008 E ANTERIORES),16,8,0,24,mixto
LV TRAVESÍA A NADO AO PORTO DE VILAXOÁN (VILAGARCÍA DE AROUSA),2018-09-02,PERCORRIDO C: 250 METROS (2006 E POSTERIORES),7,6,0,13,mixto
LVI DESCENSO A NADO DE LA RIA DE NAVIA 2013,2013-08-11,COMPETICION DE 1.100 METROS ( DE MENORES B ). DISTANCIA: 1100 M,0,0,0,0,mixto
LVI DESCENSO A NADO DE LA RIA DE NAVIA 2013,2013-08-11,COMPETICION DE 1.700 METROS ( DE MENORES A ). DISTANCIA: 1700 M,0,0,0,0,mixto
LVI DESCENSO A NADO DE LA RIA DE NAVIA 2013,2013-08-11,COMPETICION DE 3.000 METROS ( ABSOLUTAS ). DISTANCIA: 3000 M,0,0,0,0,mixto
LVI DESCENSO A NADO DE LA RIA DE NAVIA 2013,2013-08-11,COMPETICION DE 5.000 METROS ( ABSOLUTOS ). DISTANCIA: 5000 M,0,0,0,0,mixto
LVI TRAVESÍA A NADO AO PORTO DE VILAXOÁN (VILAGARCÍA DE AROUSA),2019-09-01,PERCORRIDO A: 2000 METROS (2005 E ANTERIORES),67,24,0,91,mixto
LVI TRAVESÍA A NADO AO PORTO DE VILAXOÁN (VILAGARCÍA DE AROUSA),2019-09-01,PERCORRIDO B: 900 METROS (2009 E ANTERIORES),15,12,0,27,mixto
LVI TRAVESÍA A NADO AO PORTO DE VILAXOÁN (VILAGARCÍA DE AROUSA),2019-09-01,PERCORRIDO C: 250 METROS (2007 E POSTERIORES),4,4,0,8,mixto
LVII DESCENSO A NADO DE LA RIA DE NAVIA. 1100 METROS,2014-08-10,COMPETICION DE 1.100 METROS ( DE MENORES B ). DISTANCIA: 1100 M,0,0,0,0,mixto
LVII DESCENSO A NADO DE LA RIA DE NAVIA. 1700 METROS,2014-08-10,COMPETICION DE 1.700 METROS ( DE MENORES A ). DISTANCIA: 1700 M,0,0,0,0,mixto
LVII DESCENSO A NADO DE LA RIA DE NAVIA. 3000 METROS,2014-08-10,COMPETICION DE 3.000 METROS ( ABSOLUTAS ). DISTANCIA: 3000 M,0,0,0,0,mixto
LVII DESCENSO A NADO DE LA RIA DE NAVIA. 5000 METROS,2014-08-10,COMPETICION DE 5.000 METROS ( ABSOLUTOS ). DISTANCIA: 5000 M,0,0,0,0,mixto
LVIII DESCENSO A NADO DE LA RIA DE NAVIA,2015-08-02,RECORRIDO DE 1100 M,22,29,0,51,mixto
LVIII DESCENSO A NADO DE LA RIA DE NAVIA,2015-08-02,RECORRIDO DE 1700 M,135,83,0,218,mixto
LVIII DESCENSO A NADO DE LA RIA DE NAVIA,2015-08-02,RECORRIDO DE 5000 M (HOMBRES),268,0,0,268,mixto
LVIII DESCENSO A NADO DE LA RIA DE NAVIA,2015-08-02,RECORRIDO DE 5000 M (MUJERES),0,102,0,102,mixto
LX DESCENSO A NADO DE LA RIA DE NAVIA,2017-08-06,RECORRIDO DE 1100 METROS,109,86,0,195,mixto
LX DESCENSO A NADO DE LA RIA DE NAVIA,2017-08-06,RECORRIDO DE 2400 METROS,158,85,0,243,mixto
LX DESCENSO A NADO DE LA RIA DE NAVIA,2017-08-06,RECORRIDO DE 5000 METROS HOMBRES,315,0,0,315,mixto
LX DESCENSO A NADO DE LA RIA DE NAVIA,2017-08-06,RECORRIDO DE 5000 METROS MUJERES,0,94,0,94,mixto
LXI Descenso a Nado de la Ría de Navia/ 8ª Etapa Copa España Aguas Abiertas,2018-07-29,RECORRIDO DE 1100 METROS,78,70,0,148,mixto
LXI Descenso a Nado de la Ría de Navia/ 8ª Etapa Copa España Aguas Abiertas,2018-07-29,RECORRIDO DE 2400 METROS,121,72,0,193,mixto
LXI Descenso a Nado de la Ría de Navia/ 8ª Etapa Copa España Aguas Abiertas,2018-07-29,RECORRIDO DE 5000 METROS,323,106,0,429,mixto
LXII Descenso a Nado de la Ría de Navia/ Circuito de Aguas Abiertas FDNA,2019-08-04,RECORRIDO DE 1100 METROS,133,95,0,228,mixto
LXII Descenso a Nado de la Ría de Navia/ Circuito de Aguas Abiertas FDNA,2019-08-04,RECORRIDO DE 2400 METROS / CIRCUITO FDNA,142,92,0,234,mixto
LXII Descenso a Nado de la Ría de Navia/ Circuito de Aguas Abiertas FDNA,2019-08-04,RECORRIDO DE 5000 METROS / CIRCUITO FDNA,266,87,0,353,mixto
LXIII DESCENSO A NADO DE LA RÍA DE NAVIA,2021-08-22,2400m,20,24,0,44,mixto
LXIII DESCENSO A NADO DE LA RÍA DE NAVIA,2021-08-22,5000m,167,60,0,227,mixto
LXIV DESCENSO A NADO DE LA RIA DE NAVIA,2022-08-14,Recorrido 1100m (Todas las edades),59,59,0,118,mixto
LXIV DESCENSO A NADO DE LA RIA DE NAVIA,2022-08-14,Recorrido 2400m (2008 y anteriores),112,73,0,185,mixto
LXIV DESCENSO A NADO DE LA RIA DE NAVIA,2022-08-14,Recorrido 5000m (2008 y anteriores),242,108,0,350,mixto
LXV DESCENSO A NADO DE LA RIA DE NAVIA,2023-08-06,Recorrido 1100m (Todas las edades),86,73,0,159,mixto
LXV DESCENSO A NADO DE LA RIA DE NAVIA,2023-08-06,Recorrido 2400m (2009 y anteriores),143,93,0,236,mixto
LXV DESCENSO A NADO DE LA RIA DE NAVIA,2023-08-06,Recorrido 5000m (2009 y anteriores),280,107,0,387,mixto
LXVI DESCENSO A NADO DE LA RIA DE NAVIA,2024-08-04,Recorrido 1100m (Todas las edades),131,112,0,243,mixto
LXVI DESCENSO A NADO DE LA RIA DE NAVIA,2024-08-04,Recorrido 2400m (2010 y anteriores),128,89,0,217,mixto
LXVI DESCENSO A NADO DE LA RIA DE NAVIA,2024-08-04,Recorrido 5000m (2010 y anteriores),298,145,0,443,mixto
LXVII DESCENSO A NADO DE LA RIA DE NAVIA,2025-08-10,Recorrido 1100m (Todas las edades),135,144,0,279,mixto
LXVII DESCENSO A NADO DE LA RIA DE NAVIA,2025-08-10,Recorrido 2400m (2011 y anteriores),170,124,0,294,mixto
LXVII DESCENSO A NADO DE LA RIA DE NAVIA,2025-08-10,Recorrido 5000m (2011 y anteriores),310,167,0,477,mixto
LXVIII DESCENSO A NADO DE LA RIA DE NAVIA,2026-08-02,Recorrido 1100m (Todas las edades),129,119,0,248,mixto
LXVIII DESCENSO A NADO DE LA RIA DE NAVIA,2026-08-02,Recorrido 2400m (2012 y anteriores),164,135,0,299,mixto
LXVIII DESCENSO A NADO DE LA RIA DE NAVIA,2026-08-02,Recorrido 5000m (2012 y anteriores),291,139,0,430,mixto
LXXIX TRAVESIA A NADO ENSENADA DE SAN AMARO,2019-08-25,TRAVESIA,182,90,0,272,mixto
LXXV TRAVESIA A NADO ENSENADA DE SAN AMARO,2015-08-30,PRUEBA CIRCUITO : 2500 M,64,24,0,88,mixto
LXXV TRAVESIA A NADO ENSENADA DE SAN AMARO,2015-08-30,PRUEBA CLÁSICA : 1500 M,164,70,0,234,mixto
MARALBA Running Fest014,2014-09-28,MEDIO MARATON DO SALNÉS O GROVE-CAMBADOS. DISTANCIA: 21097 M,0,0,0,0,mixto
MARATON DO NORTE,2015-08-16,MARATÓN 42 KM,38,8,0,46,mixto
MARATON DO NORTE,2015-08-16,TRAIL 17 KM,45,14,0,59,mixto
MARATON DO NORTE,2015-08-16,TRAIL 28 KM,23,2,0,25,mixto
MARATON DO NORTE 2016,2016-08-14,MARATON,24,3,0,27,mixto
MARATON DO NORTE 2016,2016-08-14,TRAIL (24KM),39,8,0,47,mixto
MARATÓN PATINAJE DE VELOCIDAD SCD RABADEIRA,2024-07-07,10Km,39,68,0,107,mixto
MARATÓN PATINAJE DE VELOCIDAD SCD RABADEIRA,2024-07-07,MARATON (2009 y anteriores),18,10,0,28,mixto
MARATÓN XTREM LAGOS K42. Distancia: 42 Km,2013-09-21,MARATÓN XTREM LAGOS K42. DISTANCIA: 42000 M,0,0,0,0,mixto
MARATÓN Y XX MEDIO MARATÓN GRAN BAHÍA VIG-BAY edp,2019-04-07,EQUIPOS FEMENINOS,0,0,0,0,mixto
MARATÓN Y XX MEDIO MARATÓN GRAN BAHÍA VIG-BAY edp,2019-04-07,EQUIPOS MASCULINOS / MIXTOS,0,0,0,0,mixto
MARATÓN Y XX MEDIO MARATÓN GRAN BAHÍA VIG-BAY edp,2019-04-07,MARATÓN,1000,82,0,1082,mixto
MARATÓN Y XX MEDIO MARATÓN GRAN BAHÍA VIG-BAY edp,2019-04-07,MARATÓN (RUNRUNVIGO),999,82,0,1081,mixto
MARATÓN Y XX MEDIO MARATÓN GRAN BAHÍA VIG-BAY edp,2019-04-07,MARATÓN (TIEMPO NETO),1000,82,0,1082,mixto
MARATÓN Y XX MEDIO MARATÓN GRAN BAHÍA VIG-BAY edp,2019-04-07,"MARATÓN TRICICLO, HANDBIKE Y JOELETTE",1,0,0,1,mixto
MARATÓN Y XX MEDIO MARATÓN GRAN BAHÍA VIG-BAY edp,2019-04-07,"MEDIO MARATON TRICICLO, HANDBIKE Y JOELETTE",19,14,0,33,mixto
MARATÓN Y XX MEDIO MARATÓN GRAN BAHÍA VIG-BAY edp,2019-04-07,MEDIO MARATÓN,2811,743,0,3554,mixto
MARATÓN Y XX MEDIO MARATÓN GRAN BAHÍA VIG-BAY edp,2019-04-07,MEDIO MARATÓN (RUNRUNVIGO),2793,740,0,3533,mixto
MARATÓN Y XX MEDIO MARATÓN GRAN BAHÍA VIG-BAY edp,2019-04-07,MEDIO MARATÓN (TIEMPO NETO),2811,743,0,3554,mixto
MARCHA CICLOTURISTA BTT MINERA,2014-04-06,RUTA BTT. DISTANCIA: 50.1 KM,0,0,0,0,mixto
MARGINAL A NOITE,2014-06-14,8000 M,0,0,0,0,mixto
MEDIA MARATHON RIBADEO - AS CATEDRAIS 2014,2014-09-06,PROBA ABSOLUTA. DISTANCIA: 21097 M,0,0,0,0,mixto
MEDIA MARATON DE A RÚA (V D3SAFÍO42 OURENSE),2018-05-20,INDIVIDUAL,38,5,0,43,mixto
MEDIA MARATON DE ANCARES (EN RUTA),2013-06-15,ADULTOS. DISTANCIA: 21097 M,0,0,0,0,mixto
MEDIA MARATON DE VIGO-LOS 10K ALEJANDRO GOMEZ,2022-11-06,10k “Los 10.000 de Alejandro Gómez”,90,36,0,126,mixto
MEDIA MARATON DE VIGO-LOS 10K ALEJANDRO GOMEZ,2022-11-06,Media Maratón “La21”,375,54,0,429,mixto
MEDIA MARATON DE VIGO-LOS 10K ALEJANDRO GOMEZ,2022-11-06,Relevos 2 corredores,12,7,0,19,mixto
MEDIA MARATON DE VIGO-LOS 10K ALEJANDRO GOMEZ,2022-11-06,Relevos 4 corredores,19,8,0,27,mixto
"MEDIA MARATON PALAS - MELIDE ""OS 21 DO CAMIÑO""",2015-06-27,"ABSOLUTA (21,097M)",498,52,0,550,mixto
"MEDIA MARATON PALAS - MELIDE ""OS 21 DO CAMIÑO"" 2016",2016-06-25,"ABSOLUTA (21,097M)",451,56,0,507,mixto
"MEDIA MARATON PALAS - MELIDE ""OS 21 DO CAMIÑO"" 2017",2017-06-17,MEDIO MARATON,538,62,0,600,mixto
"MEDIA MARATON PALAS - MELIDE ""OS 21 DO CAMIÑO"" 2018",2018-06-16,CALSIFICACIÓN CRONOESCALADA,596,75,0,671,mixto
"MEDIA MARATON PALAS - MELIDE ""OS 21 DO CAMIÑO"" 2018",2018-06-16,MEDIO MARATON,601,76,0,677,mixto
MEDIA MARATON PALAS-MELIDE 'OS 21 DO CAMIÑO' 2013,2013-09-28,PROBA ABSOLUTA. DISTANCIA: 21097 M,0,0,0,0,mixto
MEDIA MARATÓN CARBALLIÑO 2018,2018-03-04,EQUIPOS MM CARBALLIÑO 2018,0,0,0,0,mixto
MEDIA MARATÓN CARBALLIÑO 2018,2018-03-04,Media Maratón,128,12,0,140,mixto
MEDIA MARATÓN CARBALLIÑO 2018,2018-03-04,Proba de 7 km,61,29,0,90,mixto
MEDIA MARATÓN XTREM LAGOS K21. Distancia: 21 Km,2013-09-21,MEDIA MARATÓN XTREM LAGOS K21. DISTANCIA: 21000 M,0,0,0,0,mixto
MEDIO MARATON DE PONTEVEDRA 2004,2004-10-03,Medio maraton,129,0,0,129,mixto
MEDIO MARATON DE PONTEVEDRA 2005,2005-10-02,Carrera,252,0,0,252,mixto
MEDIO MARATON DE PONTEVEDRA 2006,2006-10-01,Medio maraton,298,0,0,298,mixto
MEDIO MARATON DE PONTEVEDRA 2007,2007-10-07,Carrera,400,0,0,400,mixto
MEDIO MARATON DE PONTEVEDRA 2009,2009-11-29,Medio maraton,526,0,0,526,mixto
MEDIO MARATON DE PONTEVEDRA 2010,2010-10-24,Medio maraton,745,0,0,745,mixto
MEDIO MARATON DE PONTEVEDRA 2011,2011-10-23,Medio maraton,1083,0,0,1083,mixto
MEDIO MARATON DE PONTEVEDRA 2012,2012-10-21,Medio Maraton. Distancia: 21097 m,0,0,0,0,mixto
MEDIO MARATON DE PONTEVEDRA 2013,2013-10-20,MEDIO MARATON. DISTANCIA: 21097 M,0,0,0,0,mixto
MEDIO MARATON DE PONTEVEDRA 2013,2013-10-20,VEHÍCULO ADAPTADO. DISTANCIA: 21097 M,0,0,0,0,mixto
MEDIO MARATON DE PONTEVEDRA 2014,2014-10-19,MEDIO MARATON,1253,102,0,1355,mixto
MEMORIAL EULOGIO GONZALEZ PEREZ - LAVADORES ADULTOS,2014-03-16,PRUEBA ABSOLUTA. DISTANCIA: 10000 M,0,0,0,0,mixto
MEMORIAL EULOGIO GONZALEZ PEREZ - LAVADORES MENORES,2014-03-16,ALEVIN. DISTANCIA: 1500 M,0,0,0,0,mixto
MEMORIAL EULOGIO GONZALEZ PEREZ - LAVADORES MENORES,2014-03-16,BENXAMÍN. DISTANCIA: 1000 M,0,0,0,0,mixto
MEMORIAL EULOGIO GONZALEZ PEREZ - LAVADORES MENORES,2014-03-16,CADETE. DISTANCIA: 3000 M,0,0,0,0,mixto
MEMORIAL EULOGIO GONZALEZ PEREZ - LAVADORES MENORES,2014-03-16,INFANTIL. DISTANCIA: 2000 M,0,0,0,0,mixto
MEMORIAL EULOGIO GONZALEZ PEREZ - LAVADORES MENORES,2014-03-16,PRE-BENXAMÍN. DISTANCIA: 500 M,0,0,0,0,mixto
MILLA SAN ROQUE SADA,2023-08-20,MASTER A (35 a 44 anos),12,2,0,14,mixto
MILLA SAN ROQUE SADA,2023-08-20,MASTER B,21,10,0,31,mixto
MILLA SAN ROQUE SADA,2023-08-20,MASTER C,10,5,0,15,mixto
MILLA SAN ROQUE SADA,2023-08-20,SUB 10,10,3,0,13,mixto
MILLA SAN ROQUE SADA,2023-08-20,SUB 12,4,4,0,8,mixto
MILLA SAN ROQUE SADA,2023-08-20,SUB 14,7,4,0,11,mixto
MILLA SAN ROQUE SADA,2023-08-20,SUB16-SUB18/20-SUB23-SENIOR,14,7,0,21,mixto
MILLA URBANA SARRIA 2013,2013-12-31,SALIDA CONJUNTA. DISTANCIA: 1609 M,0,0,0,0,mixto
MILLA URBANA SARRIA 2014,2014-12-31,PROBA ABSOLUTA. DISTANCIA: 1609 M,0,0,0,0,mixto
MILLA URBANA SARRIA 2015,2015-12-31,MILLA,154,58,0,212,mixto
MILLA URBANA SARRIA 2016,2016-12-31,MILLA URBANA (2012 Y AÑOS ANTERIORES),125,42,0,167,mixto
MILLA URBANA SARRIA 2017,2017-12-31,MILLA URBANA (2013 Y AÑOS ANTERIORES),123,56,0,179,mixto
MILLA URBANA SARRIA 2018,2018-12-31,MILLA URBANA (2014 Y AÑOS ANTERIORES),128,48,0,176,mixto
MILLA URBANA SARRIA 2019,2019-12-31,MILLA URBANA (2015 Y AÑOS ANT.),127,59,0,186,mixto
MINI ATLÁNTICA CORUÑA42,2022-10-01,SUB 12 (2011-2012),0,39,0,39,mixto
MINI ATLÁNTICA CORUÑA42,2022-10-01,SUB10 (2013-2014),82,53,0,135,mixto
MINI ATLÁNTICA CORUÑA42,2022-10-01,SUB12 (2011-2012),45,0,0,45,mixto
MINI ATLÁNTICA CORUÑA42,2022-10-01,SUB14 (2009-2010),13,17,0,30,mixto
MINI ATLÁNTICA CORUÑA42,2022-10-01,SUB16_SUB18,10,2,0,12,mixto
MINIUS 2016,2016-07-23,MINIUS 5000 MTS CON NEOPRENO (2001 Y AÑOS ANT.),1,0,0,1,mixto
MINIUS 2016,2016-07-23,MINIUS 5000 MTS SIN NEOPRENO (2001 Y AÑOS ANT.),24,16,0,40,mixto
MINIUS 2016,2016-07-23,TRAVESÍA 1500 MTS CON NEOPRENO (2006 Y AÑOS ANT.),8,4,0,12,mixto
MINIUS 2016,2016-07-23,TRAVESÍA 1500 MTS SIN NEOPRENO (2006 Y AÑOS ANT.),40,31,0,71,mixto
MINIUS 2017,2017-07-22,MINIUS 4000 MTS CON NEOPRENO (2003 Y AÑOS ANT.),3,0,0,3,mixto
MINIUS 2017,2017-07-22,MINIUS 4000 MTS SIN NEOPRENO (2003 Y AÑOS ANT.),40,20,0,60,mixto
MINIUS 2017,2017-07-22,TRAVESÍA 1500 MTS CON NEOPRENO (2007 Y AÑOS ANT.),2,2,0,4,mixto
MINIUS 2017,2017-07-22,TRAVESÍA 1500 MTS SIN NEOPRENO (2007 Y AÑOS ANT.),42,37,0,79,mixto
MINIUS 2018,2018-07-28,1500M CON NEOPRENO,1,0,0,1,mixto
MINIUS 2018,2018-07-28,1500M SIN NOEPRENO,36,27,0,63,mixto
MINIUS 2018,2018-07-28,4000M CON NEOPRENO,2,0,0,2,mixto
MINIUS 2018,2018-07-28,4000M SIN NEOPRENO,33,13,0,46,mixto
MINIUS 2019,2019-07-20,TRAVESIA MINIUS 4000m (CON NEOPRENO),1,0,0,1,mixto
MINIUS 2019,2019-07-20,TRAVESIA MINIUS 4000m (SIN NEOPRENO),36,18,0,54,mixto
MINIUS 2019,2019-07-20,TRAVESÍA 1500 (CON NEOPRENO),4,1,0,5,mixto
MINIUS 2019,2019-07-20,TRAVESÍA 1500 (SIN NEOPRENO),32,37,0,69,mixto
MONFORTE EN MARCHA CONTRA O CANCRO,2023-11-26,ABSOLUTA,138,208,0,346,mixto
MONFORTE EN MARCHA CONTRA O CANCRO 2024,2024-09-15,ABSOLUTA,55,37,0,92,mixto
Media maratón De Coles 21k (IV D3SAFIO42),2017-05-20,PROBA ABSOLUTA (2001 E ANOS ANTERIORES),87,10,0,97,mixto
NALON BEASTS RACE (OBSTÁCULOS),2016-05-01,ELITE INDIVIDUAL (16:00) (9 KM Y 22 OBSTÁCULOS),31,2,0,33,mixto
NALON BEASTS RACE (OBSTÁCULOS),2016-05-01,ELITE POR EQUIPOS (9 KM Y 22 OBSTÁCULOS),30,2,0,32,mixto
NALON BEASTS RACE (OBSTÁCULOS),2016-05-01,POPULAR INDIVIDUAL (9 KM Y 22 OBSTÁCULOS),67,17,0,84,mixto
NALON BEASTS RACE (OBSTÁCULOS),2016-05-01,POPULAR POR EQUIPOS (9 KM Y 22 OBSTÁCULOS),30,14,0,44,mixto
NALON BEASTS RACE (OBSTÁCULOS),2016-05-01,POR LA IGUALDAD (A PARTIR DE 16 AÑOS) (4 KM Y 12 OBSTÁCULOS),40,52,0,92,mixto
NALON BEASTS RACE SAN JUAN DE LA ARENA 2018 (OBSTÁCULOS),2018-10-06,COMPETITIVE,14,0,0,14,mixto
NALON BEASTS RACE SAN JUAN DE LA ARENA 2018 (OBSTÁCULOS),2018-10-06,POPULAR 12KM INDIVIDUAL,121,50,0,171,mixto
NALON BEASTS RACE SAN JUAN DE LA ARENA 2018 (OBSTÁCULOS),2018-10-06,POPULAR 12KM POR EQUIPOS,21,7,0,28,mixto
NALON BEASTS RACE SAN JUAN DE LA ARENA 2018 (OBSTÁCULOS),2018-10-06,POPULAR 5KM INDIVIDUAL,25,20,0,45,mixto
NALON BEASTS RACE SAN JUAN DE LA ARENA 2018 (OBSTÁCULOS),2018-10-06,POPULAR 5KM POR EQUIPOS,3,2,0,5,mixto
NALON BEASTS RACE SAN JUAN DE LA ARENA 2018 (OBSTÁCULOS),2018-10-06,STARTER,4,0,0,4,mixto
NALÓN BEASTS RACE SAN JUAN DE LA ARENA (OBSTÁCULOS),2016-09-10,ELITE Y ELITE POR EQUIPOS (11 KM),46,3,0,49,mixto
NALÓN BEASTS RACE SAN JUAN DE LA ARENA (OBSTÁCULOS),2016-09-10,EQUIPOS: 11K,0,0,0,0,mixto
NALÓN BEASTS RACE SAN JUAN DE LA ARENA (OBSTÁCULOS),2016-09-10,EQUIPOS: 5K,0,0,0,0,mixto
NALÓN BEASTS RACE SAN JUAN DE LA ARENA (OBSTÁCULOS),2016-09-10,EQUIPOS: ELITE,0,0,0,0,mixto
NALÓN BEASTS RACE SAN JUAN DE LA ARENA (OBSTÁCULOS),2016-09-10,POPULAR EQUIPOS (11KM),16,9,0,25,mixto
NALÓN BEASTS RACE SAN JUAN DE LA ARENA (OBSTÁCULOS),2016-09-10,POPULAR EQUIPOS (5KM),8,5,0,13,mixto
NALÓN BEASTS RACE SAN JUAN DE LA ARENA (OBSTÁCULOS),2016-09-10,POPULAR INDIVIDUAL (11KM),61,13,0,74,mixto
NALÓN BEASTS RACE SAN JUAN DE LA ARENA (OBSTÁCULOS),2016-09-10,POPULAR INDIVIDUAL (5KM),25,21,0,46,mixto
NALÓN BEASTS RACE SAN JUAN DE LA ARENA 2017 (OBSTÁCULOS),2017-10-07,AMATEUR,23,5,0,28,mixto
NALÓN BEASTS RACE SAN JUAN DE LA ARENA 2017 (OBSTÁCULOS),2017-10-07,ELITE,50,3,0,53,mixto
NALÓN BEASTS RACE SAN JUAN DE LA ARENA 2017 (OBSTÁCULOS),2017-10-07,EQUIPOS NALON BEASTS RACE SAN JUAN DE LA ARENA 2017,0,0,0,0,mixto
NALÓN BEASTS RACE SAN JUAN DE LA ARENA 2017 (OBSTÁCULOS),2017-10-07,OPEN,115,73,0,188,mixto
NOCTURNA CORRENDO POR VIGO MAIAQUEAUGA,2014-05-17,PROBA ABSOLUTA. DISTANCIA: 10000 M,0,0,0,0,mixto
NOCTURNA DE NIGRÁN H2K PLAZA 2019,2019-03-30,ABSOLUTA 10K (2004 Y ANTERIORES),146,42,0,188,mixto
NOCTURNA DE NIGRÁN H2K PLAZA 2019,2019-03-30,ABSOLUTA 5K (2004 Y ANTERIORES),62,47,0,109,mixto
NOCTURNA MONUMENTAL,2016-01-16,ADULTOS (2000 Y AÑOS ANTERIORES),669,261,0,930,mixto
NOCTURNA MONUMENTAL,2016-01-16,"CATEGORIA ""C"" : 2001 – 2002 - 2003",31,6,0,37,mixto
NOCTURNA MONUMENTAL,2016-01-16,CATEGORIA “A” : 2007 – 2008 – 2009,108,123,0,231,mixto
NOCTURNA MONUMENTAL,2016-01-16,CATEGORIA “B” : 2004 – 2005 – 2006,46,40,0,86,mixto
NOCTURNA MONUMENTAL ADULTOS,2014-01-18,ADULTOS. DISTANCIA: 3900 M,0,0,0,0,mixto
NOCTURNA MONUMENTAL MENORES,2014-01-18,CATEGORIA A. DISTANCIA: 850 M,0,0,0,0,mixto
NOCTURNA MONUMENTAL MENORES,2014-01-18,CATEGORIA B. DISTANCIA: 1230 M,0,0,0,0,mixto
NOCTURNA MONUMENTAL MENORES,2014-01-18,CATEGORIA C. DISTANCIA: 2000 M,0,0,0,0,mixto
NOR3XTREM 2017,2017-05-07,ASCENSION PUERTO DE HONDURAS (GRANFONDO),472,14,0,486,mixto
NOR3XTREM 2017,2017-05-07,ASCENSION PUERTO DE HONDURAS (MEDIOFONDO),218,14,0,232,mixto
NOR3XTREM 2017,2017-05-07,GRANFONDO EN BICI ELÉCTRICA (163 KM),1,0,0,1,mixto
NOR3XTREM 2017,2017-05-07,MEDIOFONDO (91 KM),220,15,0,235,mixto
NOR3XTREM 2017,2017-05-07,PREMIO VEHINCA GRANFONDO,460,14,0,474,mixto
NORDIC WALKING MOUNTAIN FRIOL 2026,2026-03-07,ANDAINA OPEN (Mayores de 18 años),38,78,0,116,mixto
NORDIC WALKING MOUNTAIN FRIOL 2026,2026-03-07,ANDAINA OPEN (Menores de 18 años),4,4,0,8,mixto
NORDIC WALKING MOUNTAIN FRIOL 2026,2026-03-07,NORDIC WALKING MOUNTAIN (Mayores de 18 años),22,47,0,69,mixto
NORTHWEST TRIMAN 2014. INDIVIDUAL FEMENINA,2014-06-15,ABSOLUTA FEMININA,0,0,0,0,mixto
NORTHWEST TRIMAN 2014. INDIVIDUAL MASCULINA,2014-06-15,ABSOLUTA,0,0,0,0,mixto
NORTHWEST TRIMAN 2015,2015-06-28,DISTANCIA CORTA,186,30,0,216,mixto
NORTHWEST TRIMAN 2015,2015-06-28,LARGA DISTANCIA,265,8,0,273,mixto
NORTHWEST TRIMAN 2016,2016-06-25,TRIATLON LARGA DISTANCIA,192,5,0,197,mixto
NORTHWEST TRIMAN 2016,2016-06-25,TRIATLON MEDIA DISTANCIA,253,22,0,275,mixto
NORTHWEST TRIMAN 2017,2017-06-25,LARGA DISTANCIA,241,11,0,252,mixto
NORTHWEST TRIMAN 2017,2017-06-25,MEDIA DISTANCIA,220,34,0,254,mixto
NORTHWEST TRIMAN 2018,2018-06-17,LARGA DISTANCIA,222,11,0,233,mixto
NORTHWEST TRIMAN 2018,2018-06-17,MEDIA DISTANCIA,247,24,0,271,mixto
NORTHWEST TRIMAN 2019,2019-06-16,LARGA DISTANCIA,0,0,0,0,mixto
NORTHWEST TRIMAN 2019,2019-06-16,MEDIA DISTANCIA,0,0,0,0,mixto
NORTHWEST TRIMAN 2021,2021-06-27,LARGA DISTANCIA,0,0,0,0,mixto
NORTHWEST TRIMAN 2021,2021-06-27,MEDIA DISTANCIA,274,0,0,274,mixto
O CAMIÑO RACE 2023 (COPA OCRA GALICIA),2023-04-16,ELITE/GE,50,6,0,56,mixto
O CAMIÑO RACE 2023 (COPA OCRA GALICIA),2023-04-16,EQUIPOS,0,0,0,0,mixto
O CAMIÑO RACE 2023 (COPA OCRA GALICIA),2023-04-16,POPULAR,149,86,0,235,mixto
O CAMIÑO RACE 2024,2024-04-21,ELITE,17,7,0,24,mixto
O CAMIÑO RACE 2024,2024-04-21,ELITE (TODOS),54,15,0,69,mixto
O CAMIÑO RACE 2024,2024-04-21,GRUPOS DE EDAD,38,8,0,46,mixto
O CAMIÑO RACE 2024,2024-04-21,POPULAR,228,128,0,356,mixto
O TRAIL DO BRIGANTIA. TERRAS DE PONDAL,2016-08-21,CORTO (15KM 600+),78,27,0,105,mixto
O TRAIL DO BRIGANTIA. TERRAS DE PONDAL,2016-08-21,LARGO (24KM 1000+),100,17,0,117,mixto
OCR ALLARIZ 2016 EXTREMA,2016-03-05,TODOS,113,15,0,128,mixto
OCR CIDADE DE NARON,2021-09-05,ELITE,51,7,0,58,mixto
OCR CIDADE DE NARON,2021-09-05,EQUIPOS NARON 2021,0,0,0,0,mixto
OCR CIDADE DE NARON,2021-09-05,Liga Open Grupos de Edad,46,6,0,52,mixto
OCR CIDADE DE NARON,2021-09-05,Liga Open Popular,42,21,0,63,mixto
OCR CIDADE DE NARON,2021-09-05,Liga Open Élite,46,6,0,52,mixto
OCR CIDADE DE NARON,2021-09-05,Liga Orixe Grupos de Edad,40,6,0,46,mixto
OCR CIDADE DE NARON,2021-09-05,Liga Orixe Popular,39,19,0,58,mixto
OCR CIDADE DE NARON,2021-09-05,Liga Orixe Élite,40,6,0,46,mixto
OCR CIDADE DE NARON,2021-09-05,POPULAR,91,51,0,142,mixto
OCR NALON BEASTS SAN JUAN DE LA ARENA (OBSTÁCULOS),2019-09-21,ELITE (No afiliados OCRA España),14,0,0,14,mixto
OCR NALON BEASTS SAN JUAN DE LA ARENA (OBSTÁCULOS),2019-09-21,ELITE GRUPOS DE EDAD OCRA (Afiliados OCRA España ),13,0,0,13,mixto
OCR NALON BEASTS SAN JUAN DE LA ARENA (OBSTÁCULOS),2019-09-21,ELITE OCRA (Afiliados OCRA España),23,1,0,24,mixto
OCR NALON BEASTS SAN JUAN DE LA ARENA (OBSTÁCULOS),2019-09-21,POPULAR - TANDAS 12:00 A 12:15 (no competitiva),73,19,0,92,mixto
OCR VILA DE ALLARIZ,2019-09-28,COMPETITIVA GRUPOS DE EDAD,22,1,0,23,mixto
OCR VILA DE ALLARIZ,2019-09-28,COMPETITIVA NO OCRA,40,1,0,41,mixto
OCR VILA DE ALLARIZ,2019-09-28,COMPETITIVA OCRA,15,2,0,17,mixto
OCR VILA DE ALLARIZ,2019-09-28,EQUIPOS FEMENINOS,0,0,0,0,mixto
OCR VILA DE ALLARIZ,2019-09-28,EQUIPOS MASCULINOS,0,0,0,0,mixto
OCR VILA DE ALLARIZ,2019-09-28,PAREJAS MIXTAS,0,0,0,0,mixto
OCR VILA DE ALLARIZ,2019-09-28,TANDA POPULAR EQUIPOS FEMENINOS,0,11,0,11,mixto
OCR VILA DE ALLARIZ,2019-09-28,TANDA POPULAR EQUIPOS MASCULINOS,25,0,0,25,mixto
OCR VILA DE ALLARIZ,2019-09-28,TANDA POPULAR PAREJAS MIXTAS,16,16,0,32,mixto
OCR VILA DE ALLARIZ,2019-09-28,TANDAS POPULARES INDIVIDUALES,67,44,0,111,mixto
OCR VILA DE ALLARIZ 2017,2017-05-20,AMATEUR,10,0,0,10,mixto
OCR VILA DE ALLARIZ 2017,2017-05-20,ELITES Y PRE-ELITES,34,2,0,36,mixto
OCR VILA DE ALLARIZ 2017,2017-05-20,POPULARES,129,58,0,187,mixto
OPTIMILK PRO CROSS PONTE ROMANA 8.0 RELEVOS,2025-11-01,RELEVOS MIXTOS SUB10 2016-2017,0,0,1,1,mixto
OPTIMILK PRO CROSS PONTE ROMANA 8.0 RELEVOS,2025-11-01,RELEVOS MIXTOS SUB12 2014-2015,0,0,0,0,mixto
OPTIMILK PRO CROSS PONTE ROMANA 8.0 RELEVOS,2025-11-01,RELEVOS MIXTOS SUB14 2012-2013,0,0,1,1,mixto
OPTIMILK PRO CROSS PONTE ROMANA 8.0 RELEVOS,2025-11-01,RELEVOS MIXTOS SUB16 2010-2011,0,0,0,0,mixto
OPTIMiLK CROSS PONTE ROMANA #7 EDICIÓN RELEVOS,2024-11-02,RELEVOS MIXTOS SUB10 2015-2016,0,2,0,2,mixto
OPTIMiLK CROSS PONTE ROMANA #7 EDICIÓN RELEVOS,2024-11-02,RELEVOS MIXTOS SUB12 2013-2014,0,0,0,0,mixto
OPTIMiLK CROSS PONTE ROMANA #7 EDICIÓN RELEVOS,2024-11-02,RELEVOS MIXTOS SUB14 2011-2012,0,2,0,2,mixto
OPTIMiLK CROSS PONTE ROMANA #7 EDICIÓN RELEVOS,2024-11-02,RELEVOS MIXTOS SUB16 2009-2010,0,4,0,4,mixto
"OS 21 DO CAMIÑO, MEDIA MARATON JIM SPORTS 2014",2014-06-28,PROBA ABSOLUTA. DISTANCIA: 21097 M,0,0,0,0,mixto
"OS 21 DO CAMIÑO, MEDIA MARATON JIM SPORTS 2014. PROBA BENXAMIN E ALEVIN",2014-06-28,PROBA BENXAMIN E ALEVIN. DISTANCIA: 1000 M,0,0,0,0,mixto
"OS 21 DO CAMIÑO, MEDIA MARATON JIM SPORTS 2014. PROBA INFANTIL CADETE E XUVENIL",2014-06-28,"PROBA INFANTIL, CADETE E XUVENIL. DISTANCIA: 2000 M",0,0,0,0,mixto
PASEO OMBREIRO,2016-04-17,ADULTOS (2000 Y AÑOS ANTERIORES),437,153,0,590,mixto
PASEO OMBREIRO,2016-04-17,"CATEGORIA ""C"" : 2001 – 2002 - 2003",12,1,0,13,mixto
PASEO OMBREIRO,2016-04-17,CATEGORIA “A” : 2007 – 2008 – 2009,66,73,0,139,mixto
PASEO OMBREIRO,2016-04-17,CATEGORIA “B” : 2004 – 2005 – 2006,27,27,0,54,mixto
POLICE CHALLENGE,2022-07-03,ELITE,99,18,0,117,mixto
PONTEVEDRA NON STOP EQUIPOS,2014-10-04,EQUIPOS-2,0,0,0,0,mixto
PONTEVEDRA NON STOP EQUIPOS,2014-10-04,EQUIPOS-3,0,0,0,0,mixto
PONTEVEDRA NON STOP EQUIPOS,2014-10-04,EQUIPOS-4,0,0,0,0,mixto
PONTEVEDRA NON STOP INDIVIDUAL,2014-10-04,INDIVIDUAL,0,0,0,0,mixto
PONTEVEDRA NON-STOP 6-12 HORAS BTT,2015-10-03,EQUIPOS - 1 12 HORAS,0,0,0,0,mixto
PONTEVEDRA NON-STOP 6-12 HORAS BTT,2015-10-03,EQUIPOS - 1 6 HORAS,0,0,0,0,mixto
PONTEVEDRA NON-STOP 6-12 HORAS BTT,2015-10-03,EQUIPOS - 2 12 HORAS,0,0,0,0,mixto
PONTEVEDRA NON-STOP 6-12 HORAS BTT,2015-10-03,EQUIPOS - 2 6 HORAS,0,0,0,0,mixto
PONTEVEDRA NON-STOP 6-12 HORAS BTT,2015-10-03,EQUIPOS - 3 12 HORAS,0,0,0,0,mixto
PONTEVEDRA NON-STOP 6-12 HORAS BTT,2015-10-03,EQUIPOS - 3 6 HORAS,0,0,0,0,mixto
PONTEVEDRA NON-STOP 6-12 HORAS BTT,2015-10-03,EQUIPOS - 4 12 HORAS,0,0,0,0,mixto
POSEIDON RACE CERCEDA,2022-05-29,ELITE OCRA (Inscritos en OCRA España),21,8,0,29,mixto
POSEIDON RACE CERCEDA,2022-05-29,ELITE POSEIDON (No Ocra),18,3,0,21,mixto
POSEIDON RACE CERCEDA,2022-05-29,EQUIPOS POSEIDON,0,0,0,0,mixto
POSEIDON RACE CERCEDA,2022-05-29,GRUPOS DE EDAD OCRA,23,5,0,28,mixto
POSEIDON RACE CERCEDA,2022-05-29,Liga Open Grupos de Edad,24,0,0,24,mixto
POSEIDON RACE CERCEDA,2022-05-29,Liga Open Popular,234,155,0,389,mixto
POSEIDON RACE CERCEDA,2022-05-29,Liga Open Élite,34,10,0,44,mixto
POSEIDON RACE CERCEDA,2022-05-29,Liga Orixe Grupos de Edad,15,0,0,15,mixto
POSEIDON RACE CERCEDA,2022-05-29,Liga Orixe Popular,28,12,0,40,mixto
POSEIDON RACE CERCEDA,2022-05-29,Liga Orixe Élite,19,3,0,22,mixto
POSEIDON RACE CERCEDA,2022-05-29,POPULAR,238,157,0,395,mixto
POSEIDON RACE CERCEDA 2023,2023-05-27,ELITE,20,5,0,25,mixto
POSEIDON RACE CERCEDA 2023,2023-05-27,GRUPOS DE EDAD,13,0,0,13,mixto
POSEIDON RACE CERCEDA 2023,2023-05-27,POPULAR,316,192,0,508,mixto
POSEIDON RACE CERCEDA 2024,2024-05-25,EQUIPOS,0,0,0,0,mixto
POSEIDON RACE CERCEDA 2024,2024-05-25,POPULAR (PARTY),280,206,0,486,mixto
POSEIDON RACE CERCEDA 2024,2024-05-25,POPULAR COMPETITIVA (STARTED),115,41,0,156,mixto
POSEIDON RACE CERCEDA 2024,2024-05-25,ÉLITE,34,7,0,41,mixto
POSEIDON RACE CERCEDA 2025,2025-05-31,EQUIPOS,0,0,0,0,mixto
POSEIDON RACE CERCEDA 2025,2025-05-31,PAREJAS,0,0,0,0,mixto
POSEIDON RACE CERCEDA 2025,2025-05-31,POPULAR COMPETITIVA (STARTED),127,49,0,176,mixto
POSEIDON RACE CERCEDA 2025,2025-05-31,POPULAR PARTY,293,210,0,503,mixto
POSEIDON RACE CERCEDA 2025,2025-05-31,ÉLITE,75,12,0,87,mixto
POSEIDON RACE CERCEDA 2026,2026-05-16,ELITE,58,14,0,72,mixto
POSEIDON RACE CERCEDA 2026,2026-05-16,PAREJAS,28,22,0,50,mixto
POSEIDON RACE CERCEDA 2026,2026-05-16,POPULAR PARTY,191,119,0,310,mixto
POSEIDON RACE CERCEDA 2026,2026-05-16,STARTER,112,57,0,169,mixto
POWER RACE LEON 2018,2018-04-08,RUTA CORTA (52 KM Y 800 M DE DESNIVEL POSITIVO),221,7,0,228,mixto
POWER RACE LEON 2018,2018-04-08,RUTA LARGA (88 KM Y 1700 M DE DESNIVEL POSITIVO),435,12,0,447,mixto
POWER RACE LEON 2018,2018-04-08,RUTA LARGA CUERPOS DEL ESTADO 88KM,20,0,0,20,mixto
POWERADE RACE ALTO DE VEIGA 2016 - ASTORGA,2016-06-05,CORTA (52KM),79,4,0,83,mixto
POWERADE RACE ALTO DE VEIGA 2016 - ASTORGA,2016-06-05,LARGA (77KM),176,11,0,187,mixto
POWERADE RACE BIKE DE LEON,2015-04-12,Equipos Ruta Larga,0,0,0,0,mixto
POWERADE RACE BIKE DE LEON,2015-04-12,RUTA CORTA 54 KM,186,14,0,200,mixto
POWERADE RACE BIKE DE LEON,2015-04-12,RUTA LARGA 77 KM,676,16,0,692,mixto
POWERADE RACE BIKE DE LEON,2015-04-12,RUTA LARGA CUERPOS DE SEGURIDAD DEL ESTADO,78,1,0,79,mixto
POWERADE RACE BIKE DE LEON 2016,2016-04-10,CORTA (50KM),355,19,0,374,mixto
POWERADE RACE BIKE DE LEON 2016,2016-04-10,LARGA (80KM),749,21,0,770,mixto
POWERADE RACE BIKE DE LEON 2016,2016-04-10,RUTA LARGA CUERPOS DE SEGURIDAD DEL ESTADO (80 KM),58,1,0,59,mixto
POWERADE RACE LEÓN 2017,2017-04-02,EQUIPOS POWERADE RACE 2017 LARGA,0,0,0,0,mixto
POWERADE RACE LEÓN 2017,2017-04-02,RUTA CORTA (56 KM Y DESNIVEL POSITIVO DE 600 M),186,15,0,201,mixto
POWERADE RACE LEÓN 2017,2017-04-02,RUTA LARGA (80 KM Y DESNIVEL POSITIVO DE 1300 M),615,23,0,638,mixto
POWERADE RACE LEÓN 2017,2017-04-02,RUTA LARGA CUERPOS DEL ESTADO 80KM,37,0,0,37,mixto
"POWERADE RACE, ALTO VEIGA 2017",2017-07-16,CORTA (53KM),61,2,0,63,mixto
"POWERADE RACE, ALTO VEIGA 2017",2017-07-16,LARGA (78KM),134,9,0,143,mixto
PRETORIAN RACE 2023,2023-10-15,ELITE,21,8,0,29,mixto
PRETORIAN RACE 2023,2023-10-15,GRUPOS DE EDAD,31,6,0,37,mixto
PRETORIAN RACE 2023,2023-10-15,POPULAR,266,176,0,442,mixto
PRETORIAN RACE 2024,2024-05-04,FUN RACE 3.5Km (20-25 obstaculos),2,2,0,4,mixto
PRETORIAN RACE 2024,2024-05-04,POPULAR,182,115,0,297,mixto
PRETORIAN RACE 2024,2024-05-04,POPULAR COMPETITIVA (STARTED),34,17,0,51,mixto
PRETORIAN RACE 2024,2024-05-04,ÉLITE,29,4,0,33,mixto
PRETORIAN RACE 2025,2025-05-03,EQUIPOS,0,0,0,0,mixto
PRETORIAN RACE 2025,2025-05-03,POPULAR,181,124,0,305,mixto
PRETORIAN RACE 2025,2025-05-03,POPULAR COMPETITIVA (STARTED),48,19,0,67,mixto
PRETORIAN RACE 2025,2025-05-03,ÉLITE,20,6,0,26,mixto
PRETORIAN RACE 2026,2026-04-25,ELITE,15,4,0,19,mixto
PRETORIAN RACE 2026,2026-04-25,POPULAR,163,131,0,294,mixto
PRETORIAN RACE 2026,2026-04-25,STARTER,40,18,0,58,mixto
PRETORIAN RACE LUGO 2021,2021-07-24,ELITE OCRA,21,6,0,27,mixto
PRETORIAN RACE LUGO 2021,2021-07-24,ELITE PRETORIAN (NO OCRA),29,5,0,34,mixto
PRETORIAN RACE LUGO 2021,2021-07-24,EQUIPOS PRETORIAN RACE LUGO 2021,0,0,0,0,mixto
PRETORIAN RACE LUGO 2021,2021-07-24,GRUPOS DE EDAD OCRA,21,2,0,23,mixto
PRETORIAN RACE LUGO 2021,2021-07-24,Liga Open Grupos de Edad,17,2,0,19,mixto
PRETORIAN RACE LUGO 2021,2021-07-24,Liga Open Popular,55,18,0,73,mixto
PRETORIAN RACE LUGO 2021,2021-07-24,Liga Open Élite,36,4,0,40,mixto
PRETORIAN RACE LUGO 2021,2021-07-24,Liga Orixe Grupos de Edad,15,1,0,16,mixto
PRETORIAN RACE LUGO 2021,2021-07-24,Liga Orixe Popular,53,17,0,70,mixto
PRETORIAN RACE LUGO 2021,2021-07-24,Liga Orixe Élite,34,2,0,36,mixto
PRETORIAN RACE LUGO 2021,2021-07-24,POPULAR,188,90,0,278,mixto
PRETORIAN RACE LUGO 2022,2022-05-13,ELITE OCRA,20,10,0,30,mixto
PRETORIAN RACE LUGO 2022,2022-05-13,ELITE PRETORIAN,13,3,0,16,mixto
PRETORIAN RACE LUGO 2022,2022-05-13,GRUPOS DE EDAD,42,3,0,45,mixto
PRETORIAN RACE LUGO 2022,2022-05-13,Liga Open Grupos de Edad,39,0,0,39,mixto
PRETORIAN RACE LUGO 2022,2022-05-13,Liga Open Popular,21,8,0,29,mixto
PRETORIAN RACE LUGO 2022,2022-05-13,Liga Open Élite,19,10,0,29,mixto
PRETORIAN RACE LUGO 2022,2022-05-13,Liga Orixe Grupos de Edad,22,0,0,22,mixto
PRETORIAN RACE LUGO 2022,2022-05-13,Liga Orixe Popular,21,7,0,28,mixto
PRETORIAN RACE LUGO 2022,2022-05-13,Liga Orixe Élite,6,4,0,10,mixto
PRETORIAN RACE LUGO 2022,2022-05-13,POPULAR,241,176,0,417,mixto
QUIROGA TRAIL CHALLENGE POWERADE (TRAIL CASTELO + TRAIL DO LOR),2017-05-06,MARATON,14,0,0,14,mixto
QUIROGA TRAIL CHALLENGE POWERADE (TRAIL CASTELO + TRAIL DO LOR),2017-05-06,MINITRAIL,18,5,0,23,mixto
QUIROGA TRAIL CHALLENGE POWERADE (TRAIL CASTELO + TRAIL DO LOR),2017-05-06,TRAIL,38,12,0,50,mixto
QUIROGA TRAIL CHALLENGE POWERADE (TRAIL CASTELO + TRAIL DO LOR),2017-05-06,ULTRA TRAIL,20,2,0,22,mixto
RECINTO FEIRAL,2016-05-07,ADULTOS (2000 Y AÑOS ANTERIORES),358,140,0,498,mixto
RECINTO FEIRAL,2016-05-07,"CATEGORIA ""C"" : 2001 – 2002 - 2003",21,9,0,30,mixto
RECINTO FEIRAL,2016-05-07,CATEGORIA “A” : 2007 – 2008 – 2009,50,55,0,105,mixto
RECINTO FEIRAL,2016-05-07,CATEGORIA “B” : 2004 – 2005 – 2006,27,26,0,53,mixto
RUTA BTTRAIA 2017,2017-04-29,RUTA BTT (DIFICULTAD MEDIA),71,4,0,75,mixto
Ruta BTT X Aniversario CC Terra Cha Vilalba,2023-10-07,CORTA 35km +-600m desnivel,32,3,0,35,mixto
Ruta BTT X Aniversario CC Terra Cha Vilalba,2023-10-07,LARGA 63Km +-1400m desnivel,76,1,0,77,mixto
Ruta BTT X Aniversario CC Terra Cha Vilalba,2023-10-07,MEDIA 50km +-1100m desnivel,48,1,0,49,mixto
SAMURAI XTREME RACE AS PONTES 2016,2016-07-02,EQUIPOS SAMURAI RACE 2016,0,0,0,0,mixto
SAMURAI XTREME RACE AS PONTES 2016,2016-07-02,INDIVIDUAL,455,155,0,610,mixto
SAMURAI XTREME RACE AS PONTES 2017,2017-07-01,ELITE,80,13,0,93,mixto
SAMURAI XTREME RACE AS PONTES 2017,2017-07-01,EQUIPOS SAMURAI RACE 2017,0,0,0,0,mixto
SAMURAI XTREME RACE AS PONTES 2017,2017-07-01,POPULAR,415,143,0,558,mixto
SAMURAI XTREME RACE AS PONTES 2018,2018-07-07,EQUIPOS SAMURAI RACE 2018,0,0,0,0,mixto
SAMURAI XTREME RACE AS PONTES 2018,2018-07-07,TANDA STARTER,37,10,0,47,mixto
SAMURAI XTREME RACE AS PONTES 2018,2018-07-07,TANDAS COMPETITIVAS,96,13,0,109,mixto
SAMURAI XTREME RACE AS PONTES 2018,2018-07-07,TANDAS POPULARES,330,135,0,465,mixto
SAMURAI XTREME RACE AS PONTES 2019,2019-07-07,COPA OCRA GALICIA ELITE,121,17,0,138,mixto
SAMURAI XTREME RACE AS PONTES 2019,2019-07-07,COPA OCRA GALICIA POPULAR,347,153,0,500,mixto
SAMURAI XTREME RACE AS PONTES 2019,2019-07-07,EQUIPOS ELITE,0,0,0,0,mixto
SAMURAI XTREME RACE AS PONTES 2019,2019-07-07,EQUIPOS POPULAR,0,0,0,0,mixto
SAMURAI XTREME RACE AS PONTES 2019,2019-07-07,LIGA OCRA GALICIA ELITE,91,16,0,107,mixto
SAMURAI XTREME RACE AS PONTES 2019,2019-07-07,LIGA OCRA GALICIA POPULAR,335,149,0,484,mixto
SAMURAI XTREME RACE AS PONTES 2019,2019-07-07,PRUEBA ELITE (Inscritos en OCRA España),34,3,0,37,mixto
SAMURAI XTREME RACE AS PONTES 2019,2019-07-07,PRUEBA ELITE (NO Inscritos en OCRA España),55,7,0,62,mixto
SAMURAI XTREME RACE AS PONTES 2019,2019-07-07,PRUEBA GRUPOS DE EDAD (Inscritos en OCRA España),32,7,0,39,mixto
SAMURAI XTREME RACE AS PONTES 2019,2019-07-07,PRUEBA POPULAR,350,154,0,504,mixto
SAMURAI XTREME RACE AS PONTES 2022,2022-07-10,ELITE OCRA (Inscritos en OCRA España),16,6,0,22,mixto
SAMURAI XTREME RACE AS PONTES 2022,2022-07-10,ELITE SAMURAI (NO Inscritos en OCRA España),35,7,0,42,mixto
SAMURAI XTREME RACE AS PONTES 2022,2022-07-10,EQUIPOS SAMURAI 2022,0,0,0,0,mixto
SAMURAI XTREME RACE AS PONTES 2022,2022-07-10,GRUPOS DE EDAD (Inscritos en OCRA España),48,6,0,54,mixto
SAMURAI XTREME RACE AS PONTES 2022,2022-07-10,Liga Open Grupos de Edad,45,5,0,50,mixto
SAMURAI XTREME RACE AS PONTES 2022,2022-07-10,Liga Open Popular,299,129,0,428,mixto
SAMURAI XTREME RACE AS PONTES 2022,2022-07-10,Liga Open Élite,50,13,0,63,mixto
SAMURAI XTREME RACE AS PONTES 2022,2022-07-10,Liga Orixe Grupos de Edad,28,2,0,30,mixto
SAMURAI XTREME RACE AS PONTES 2022,2022-07-10,Liga Orixe Popular,96,44,0,140,mixto
SAMURAI XTREME RACE AS PONTES 2022,2022-07-10,Liga Orixe Élite,19,6,0,25,mixto
SAMURAI XTREME RACE AS PONTES 2022,2022-07-10,"PRUEBA POPULAR (TANDAS 4, 5, 6, 7 )",309,135,0,444,mixto
SAMURAI XTREME RACE AS PONTES 2023,2023-07-02,ELITE,43,12,0,55,mixto
SAMURAI XTREME RACE AS PONTES 2023,2023-07-02,EQUIPOS SAMURAI ELITE,0,0,0,0,mixto
SAMURAI XTREME RACE AS PONTES 2023,2023-07-02,EQUIPOS SAMURAI POPULAR,0,0,0,0,mixto
SAMURAI XTREME RACE AS PONTES 2023,2023-07-02,GRUPOS DE EDAD,41,8,0,49,mixto
SAMURAI XTREME RACE AS PONTES 2023,2023-07-02,POPULAR,382,254,0,636,mixto
SAN SILVESTRE - A CORUÑA 2010,2010-12-31,Carrera,461,0,0,461,mixto
SAN SILVESTRE CAMARIÑAS,2014-12-28,PROBA ABSOLUTA. DISTANCIA: 5500 M,0,0,0,0,mixto
SAN SILVESTRE CANGAS DE ONIS 2013,2013-12-31,PRUEBA ABSOLUTA. DISTANCIA: 5300 M,0,0,0,0,mixto
SAN SILVESTRE CERCEDENSE 2024,2024-12-29,ABSOLUTA (2009 e anteriores),121,128,0,249,mixto
SAN SILVESTRE CORUÑA 2014,2014-12-31,"CARRERA 7,7KM (1998 en adelante)",1587,616,0,2203,mixto
SAN SILVESTRE DE CANGAS DE ONIS,2012-12-31,Distancia: 5300 m,0,0,0,0,mixto
SAN SILVESTRE DE SILLEDA 2024,2024-12-31,ABSOLUTA (2009 e anteriores),126,83,0,209,mixto
SAN SILVESTRE DE SILLEDA 2025,2025-12-31,ABSOLUTA (2010 e anteriores),155,90,0,245,mixto
SAN SILVESTRE FLUVIAL 2013,2013-12-31,ADULTOS. DISTANCIA: 6500 M,0,0,0,0,mixto
SAN SILVESTRE POLA DE SIERO 2012,2012-12-30,Adultos. Distancia: 5300 m,0,0,0,0,mixto
SAN SILVESTRE RIALTO A CORUÑA 2013,2013-12-31,ADULTOS. DISTANCIA: 7700 M,0,0,0,0,mixto
SAN SILVESTRE RIBADEO 2011 4938m,2011-12-31,Adultos. Distancia: 4938 m,0,0,0,0,mixto
SAN SILVESTRE RIBADEO 2012 4938m,2012-12-31,Proba Absoluta. Distancia: 4938 m,0,0,0,0,mixto
SAN SILVESTRE RIBADEO 2013,2013-12-31,ABSOLUTA. DISTANCIA: 4937 M,0,0,0,0,mixto
SAN SILVESTRE RIBADEO 2014 ADULTOS,2014-12-31,ADULTOS. DISTANCIA: 4938 M,0,0,0,0,mixto
SAN SILVESTRE RIBADEO 2014 MILLA,2014-12-31,MILLA. DISTANCIA: 1150 M,0,0,0,0,mixto
SAN SILVESTRE RIBADEO 2015,2015-12-31,MILLA (2004 AL 2007),29,24,0,53,mixto
SAN SILVESTRE RIBADEO 2015,2015-12-31,MiniSanSilvestre (2008 AL 2011),39,23,0,62,mixto
SAN SILVESTRE RIBADEO 2015,2015-12-31,SAN SILVESTRE (2003 Y ANTERIORES),263,102,0,365,mixto
SAN SILVESTRE RIBADEO 2016,2016-12-31,MILLA (2005 AL 2008),36,21,0,57,mixto
SAN SILVESTRE RIBADEO 2016,2016-12-31,MiniSanSilvestre (2009 AL 2012),41,31,0,72,mixto
SAN SILVESTRE RIBADEO 2016,2016-12-31,SAN SILVESTRE (2004 Y ANTERIORES),303,125,0,428,mixto
SAN SILVESTRE RIBADEO 2017,2017-12-31,MILLA (2006 AL 2009),24,18,0,42,mixto
SAN SILVESTRE RIBADEO 2017,2017-12-31,MINISANSILVESTRE (2010 AL 2013),41,31,0,72,mixto
SAN SILVESTRE RIBADEO 2017,2017-12-31,SAN SILVESTRE (2005 Y ANTERIORES),300,104,0,404,mixto
SAN SILVESTRE RIBADEO 2017,2017-12-31,SAN SILVESTRE EN VEHÍCULO ADAPTADO,1,0,0,1,mixto
SAN SILVESTRE RIBADEO 2018,2018-12-31,MILLA (2007 AL 2010),35,38,0,73,mixto
SAN SILVESTRE RIBADEO 2018,2018-12-31,MINISANSILVESTRE (2011 AL 2014),45,26,0,71,mixto
SAN SILVESTRE RIBADEO 2018,2018-12-31,SAN SILVESTRE (2006 Y ANTERIORES),326,94,0,420,mixto
SAN SILVESTRE RIBADEO 2019,2019-12-31,MILLA (2008 AL 2011),32,17,0,49,mixto
SAN SILVESTRE RIBADEO 2019,2019-12-31,MINISANSILVESTRE (2012 AL 2015),26,20,0,46,mixto
SAN SILVESTRE RIBADEO 2019,2019-12-31,SAN SILVESTRE (2007 Y ANTERIORES),260,99,0,359,mixto
THE WILD RACE 2019,2019-06-29,ELITE,21,1,0,22,mixto
THE WILD RACE 2019,2019-06-29,EQUIPOS,48,12,0,60,mixto
THE WILD RACE 2019,2019-06-29,POPULAR,59,26,0,85,mixto
TOXIZA CLASSIC XTREME,2015-05-03,40KM,49,1,0,50,mixto
TOXIZA CLASSIC XTREME 2016,2016-05-01,19KM,92,11,0,103,mixto
TOXIZA CLASSIC XTREME 2016,2016-05-01,40KM,37,2,0,39,mixto
TRAIL ADVENTURE MUIÑOS DO FOLÓN 2018,2018-03-04,Advance 21k,164,26,0,190,mixto
TRAIL ADVENTURE MUIÑOS DO FOLÓN 2018,2018-03-04,Adventure 12k,134,56,0,190,mixto
TRAIL ADVENTURE MUIÑOS DO FOLÓN 2019,2019-03-10,Advance 21k,160,24,0,184,mixto
TRAIL ADVENTURE MUIÑOS DO FOLÓN 2019,2019-03-10,Adventure 12k,153,70,0,223,mixto
TRAIL ADVENTURE MUIÑOS DO FOLÓN 2020,2020-03-08,Advance 21k,222,38,0,260,mixto
TRAIL ADVENTURE MUIÑOS DO FOLÓN 2020,2020-03-08,Advance 21k (Pontevedra Trail League),22,5,0,27,mixto
TRAIL ADVENTURE MUIÑOS DO FOLÓN 2020,2020-03-08,Adventure 12k,220,97,0,317,mixto
TRAIL ADVENTURE MUIÑOS DO FOLÓN 2021,2021-05-09,ADVENTURE 15KM,325,64,0,389,mixto
TRAIL CUARTO DE LA RIERA (TINEO),2015-05-17,RECORRIDO CORTO,52,26,0,78,mixto
TRAIL CUARTO DE LA RIERA (TINEO),2015-05-17,RECORRIDO LARGO,19,0,0,19,mixto
TRAIL CURTO ARTEIXO (DESNIVEL DE 800 METROS POSITIVOS),2014-11-02,TRAIL CURTO (DESNIVEL DE 800 METROS POSITIVOS). DISTANCIA: 16000 M,0,0,0,0,mixto
TRAIL DE VILATUXE 2016,2016-06-04,MINITRAIL (17.5 KM +850 M),54,25,0,79,mixto
TRAIL DE VILATUXE 2016,2016-06-04,TRAIL (34 KM +2200 M),66,2,0,68,mixto
TRAIL DE VILATUXE 2017,2017-06-04,TRAIL (34 KM +2200 M),93,8,0,101,mixto
TRAIL DE VILATUXE 2017,2017-06-04,TRAIL CURTO (17.5 KM +850 M),110,37,0,147,mixto
TRAIL DESAFIO VIA ROMANA,2019-11-24,MINI TRAIL,53,54,0,107,mixto
TRAIL DESAFIO VIA ROMANA,2019-11-24,TRAIL,78,33,0,111,mixto
TRAIL DESAFIO VIA ROMANA,2019-11-24,TRAIL LONGO,61,10,0,71,mixto
TRAIL DO CASTELO (QUIROGA TRAIL CHALLENGE POWERADE),2017-02-18,MARATON,89,11,0,100,mixto
TRAIL DO CASTELO (QUIROGA TRAIL CHALLENGE POWERADE),2017-02-18,MINITRAIL,68,46,0,114,mixto
TRAIL DO CASTELO (QUIROGA TRAIL CHALLENGE POWERADE),2017-02-18,TRAIL,148,33,0,181,mixto
TRAIL DO CASTELO (QUIROGA TRAIL CHALLENGE POWERADE),2017-02-18,ULTRA,91,7,0,98,mixto
TRAIL DO LOR (QUIROGA TRAIL CHALLENGE POWERADE),2017-05-06,MARATON,39,0,0,39,mixto
TRAIL DO LOR (QUIROGA TRAIL CHALLENGE POWERADE),2017-05-06,MINITRAIL,46,20,0,66,mixto
TRAIL DO LOR (QUIROGA TRAIL CHALLENGE POWERADE),2017-05-06,TRAIL,87,14,0,101,mixto
TRAIL DO LOR (QUIROGA TRAIL CHALLENGE POWERADE),2017-05-06,ULTRA TRAIL,39,2,0,41,mixto
TRAIL DO LOR (QUIROGA),2016-05-07,MINITRAIL,75,19,0,94,mixto
TRAIL DO LOR (QUIROGA),2016-05-07,TRAIL,59,4,0,63,mixto
TRAIL FRAGAS DO EUME 2017,2017-06-18,DE 12 A 15 ANOS,7,1,0,8,mixto
TRAIL FRAGAS DO EUME 2017,2017-06-18,DE 3 A 7 ANOS,22,6,0,28,mixto
TRAIL FRAGAS DO EUME 2017,2017-06-18,DE 8 A 11 ANOS,11,2,0,13,mixto
TRAIL FRAGAS DO EUME 2017,2017-06-18,EQUIPOS TRAIL FRAGAS DO EUME 2017,0,0,0,0,mixto
TRAIL FRAGAS DO EUME 2017,2017-06-18,TRAIL LONGO ( 3000 M DE DESNIVEL ACUMULADO),154,14,0,168,mixto
TRAIL FRAGAS DO EUME 2017,2017-06-18,TRAIL MINI ( 1500 M DE DESNIVEL ACUMULADO),271,95,0,366,mixto
TRAIL HEROICA SACRA 2022,2022-06-26,TRAIL 22K (2004 e anteriores),83,17,0,100,mixto
TRAIL HEROICA SACRA 2022,2022-06-26,"TRAIL CADETE (15,16 y 17 años)",2,0,0,2,mixto
TRAIL HEROICA SACRA 2022,2022-06-26,TRAIL RELEVOS (18 anos cumplidos),13,6,0,19,mixto
TRAIL LONGO ARTEIXO ( DESNIVEL DE 1800 METROS POSITIVOS)),2014-11-02,TRAIL LONGO ( DESNIVEL DE 1800 METROS POSITIVOS). DISTANCIA: 28000 M,0,0,0,0,mixto
TRAIL TERRAS DE PONDAL 2019,2019-08-18,TRAIL CORTO 15.4km (650m+),71,33,0,104,mixto
TRAIL TERRAS DE PONDAL 2019,2019-08-18,TRAIL LARGO 24km (1130m+),72,13,0,85,mixto
TRAIL TERRAS DO MANDEO,2023-11-12,MANDEO PAREJAS,0,0,0,0,mixto
TRAIL TERRAS DO MANDEO,2023-11-12,MANDEO PAREJAS MIXTO,0,0,0,0,mixto
TRAIL TERRAS DO MANDEO,2023-11-12,TRAIL CORTO (450m + aprox),139,38,0,177,mixto
TRAIL TERRAS DO MANDEO,2023-11-12,TRAIL LARGO (1400m + aprox),61,8,0,69,mixto
TRAIL dos PENDELLOS 2016 (AGOLADA),2016-07-17,"TRAIL (34,5 km aprox. 2.000 metros de desnivel acumulado)",39,6,0,45,mixto
TRAIL dos PENDELLOS 2016 (AGOLADA),2016-07-17,TRAIL POR RELEVOS,24,4,0,28,mixto
"TRAIL, MINITRAIL Y ANDAINA CHANDREXA DE QUEIXA 2016",2016-06-19,MINITRAIL (20 KM - DESNIVEL: +1050 MTS. APROX.),53,8,0,61,mixto
"TRAIL, MINITRAIL Y ANDAINA CHANDREXA DE QUEIXA 2016",2016-06-19,TRAIL (33 KM - DESNIVEL: +2000 MTS. APROX.),83,7,0,90,mixto
"TRAVESIA COMBARRO - ISLA DE TAMBO, POIO. 3500M",2014-07-27,RECORRIDO DE 3500 METROS. DISTANCIA: 3500 M,0,0,0,0,mixto
"TRAVESIA COMBARRO - ISLA DE TAMBO, POIO. 5000M",2014-07-27,RECORRIDO DE 5000 METROS. DISTANCIA: 5000 M,0,0,0,0,mixto
TRAVESIA CORUÑA 10000m,2013-09-29,AGUAS ABIERTAS. DISTANCIA: 10000 M,0,0,0,0,mixto
TRAVESIA DESAFÍO SANTANDER ISLAS CIES 2018,2018-08-25,TRAVESIA,121,16,0,137,mixto
TRAVESIA DESAFÍO SANTANDER ISLAS CIES 2019,2019-08-31,TRAVESIA,96,18,0,114,mixto
TRAVESIA LA HEROICA GRAN PREMIO DEPUTACION DE LUGO. 7ª et III Copa de España de Aguas Abiertas,2017-08-12,LA HEROICA CON NEOPRENO (10000 MTS),17,3,0,20,mixto
TRAVESIA LA HEROICA GRAN PREMIO DEPUTACION DE LUGO. 7ª et III Copa de España de Aguas Abiertas,2017-08-12,LA HEROICA SIN NEOPRENO (10000 MTS),105,21,0,126,mixto
TRAVESIA LA HEROICA GRAN PREMIO DEPUTACION DE LUGO. 7ª et III Copa de España de Aguas Abiertas,2017-08-12,TRAVESIA DE 2500 MTS CON NEOPRENO,5,5,0,10,mixto
TRAVESIA LA HEROICA GRAN PREMIO DEPUTACION DE LUGO. 7ª et III Copa de España de Aguas Abiertas,2017-08-12,TRAVESIA DE 2500 MTS SIN NEOPRENO,63,55,0,118,mixto
TRAVESIA LA HEROICA GRAN PREMIO DEPUTACION DE LUGO. 7ª et III Copa de España de Aguas Abiertas,2017-08-12,TRAVESIA DE 5000 MTS CON NEOPRENO,15,0,0,15,mixto
TRAVESIA LA HEROICA GRAN PREMIO DEPUTACION DE LUGO. 7ª et III Copa de España de Aguas Abiertas,2017-08-12,TRAVESIA DE 5000 MTS SIN NEOPRENO,121,42,0,163,mixto
TRAVESIA LA HEROICA GRAN PREMIO DEPUTACION DE LUGO. 7ª et III Copa de España de Aguas Abiertas,2017-08-12,TRAVESÍA POPULAR (600 MTS),23,23,0,46,mixto
TRAVESÍA AO DIQUE 50 ANOS,2022-07-25,1200m (Categoría A-B)(2007 e posteriores),17,17,0,34,mixto
TRAVESÍA AO DIQUE 50 ANOS,2022-07-25,1200m (Categorías E-F-G) (2002 e anteriores),20,12,0,32,mixto
TRAVESÍA AO DIQUE 50 ANOS,2022-07-25,2300m (Categoria C-D) (2003-2006),2,3,0,5,mixto
TRAVESÍA AO DIQUE 50 ANOS,2022-07-25,3500m (Categoria H) (2008 e anteriores),56,18,0,74,mixto
TREPAVIÑAS 2013 BTT,2013-10-06,MARCHA BTT . DISTANCIA: 45.77 KM,0,0,0,0,mixto
TREPAVIÑAS 2013 CARRERA CARRERA APIE,2013-10-06,MARATON . DISTANCIA: 45770 M,0,0,0,0,mixto
TREPAVIÑAS 2013 CARRERA CARRERA APIE,2013-10-06,MEDIA MARATON . DISTANCIA: 23710 M,0,0,0,0,mixto
TRIATLON LAGO DE AS PONTES 2026,2026-06-28,CTO GALEGO,111,23,0,134,mixto
TRIATLON LAGO DE AS PONTES 2026,2026-06-28,DISTANCIA OLIMPICA,136,35,0,171,mixto
TRIATLON LAGO DE AS PONTES 2026,2026-06-28,DISTANCIA OLIMPICA RELEVOS,4,2,5,11,mixto
TRIATLON LAGO DE AS PONTES 2026,2026-06-28,MEDIA DISTANCIA,94,3,0,97,mixto
TRIATLON LAGO DE AS PONTES 2026,2026-06-28,MEDIA DISTANCIA RELEVOS,5,2,6,13,mixto
TRICROS CONCELLO DE RIANXO 2021,2021-07-24,General,75,7,0,82,mixto
TRIPLE CORONA ILLAS ATLANTICAS- ISLA DE ONS - SANXENXO 13 KM,2015-09-05,TRAVESIA,100,7,0,107,mixto
TRIPLE CORONA ILLAS ATLÁNTICAS (CÍES - BAIONA) 2018,2018-09-08,TRAVESIA (15 Km),120,17,0,137,mixto
TRIPLE CORONA ILLAS ATLÁNTICAS CÍES-BAIONA,2016-09-17,RECORRIDO ILLAS CÍES - BAIONA,100,10,0,110,mixto
TRIPLE CORONA ILLAS ATLÁNTICAS ISLA DE ONS-COMBARRO (23Km),2021-09-04,Travesía 23Km,92,16,0,108,mixto
TRIPLE CORONA ILLAS ATLÁNTICAS ISLA DE SÁLVORA - VILAGARCÍA DE AROUSA,2017-09-02,ISLA DE SÁLVORA - VILAGARCÍA DE AROUSA,70,4,0,74,mixto
TRIPLE CORONA ILLAS ATLÁNTICAS ISLAS CÍES-BAIONA (15KM),2022-09-10,ATLETAS SIN NEOPRENO,0,0,0,0,mixto
TRIPLE CORONA ILLAS ATLÁNTICAS ISLAS CÍES-BAIONA (15KM),2022-09-10,TRAVESÍA,124,15,0,139,mixto
TRIPLE CORONA ILLAS ATLÁNTICAS ONS-COMBARRO (23Km),2024-09-07,TRAVESÍA,105,10,0,115,mixto
TRIPLE CORONA ILLAS ATLÁNTICAS SÁLVORA-RIBEIRA (19KM),2023-09-09,SIN NEOPRENO,0,0,0,0,mixto
TRIPLE CORONA ILLAS ATLÁNTICAS SÁLVORA-RIBEIRA (19KM),2023-09-09,TRAVESÍA,121,13,0,134,mixto
TRISHARK NARÓN,2017-09-16,SPRINT,53,12,0,65,mixto
TRISHARK NARÓN,2017-09-16,SUPERSPRINT,26,18,0,44,mixto
TRÍATLON CONCELLO DE FERROL (CPTO XUNTA DE GALICIA DE TRÍATLON),2022-07-02,ALEVIN,42,27,0,69,mixto
TRÍATLON CONCELLO DE FERROL (CPTO XUNTA DE GALICIA DE TRÍATLON),2022-07-02,BENXAMIN,15,15,0,30,mixto
TRÍATLON CONCELLO DE FERROL (CPTO XUNTA DE GALICIA DE TRÍATLON),2022-07-02,CADETE,45,26,0,71,mixto
TRÍATLON CONCELLO DE FERROL (CPTO XUNTA DE GALICIA DE TRÍATLON),2022-07-02,INFANTIL,36,30,0,66,mixto
TRÍATLON CONCELLO DE FERROL (CPTO XUNTA DE GALICIA DE TRÍATLON),2022-07-02,XUVENIL,26,18,0,44,mixto
TRÍATLON CONCELLO DE FERROL (CPTO XUNTA DE GALICIA DE TRÍATLON) 2023,2023-07-15,ALEVIN,38,25,0,63,mixto
TRÍATLON CONCELLO DE FERROL (CPTO XUNTA DE GALICIA DE TRÍATLON) 2023,2023-07-15,BENXAMIN,15,11,0,26,mixto
TRÍATLON CONCELLO DE FERROL (CPTO XUNTA DE GALICIA DE TRÍATLON) 2023,2023-07-15,CADETE,31,19,0,50,mixto
TRÍATLON CONCELLO DE FERROL (CPTO XUNTA DE GALICIA DE TRÍATLON) 2023,2023-07-15,CADETE INCLUSIVA,0,1,0,1,mixto
TRÍATLON CONCELLO DE FERROL (CPTO XUNTA DE GALICIA DE TRÍATLON) 2023,2023-07-15,INFANTIL,30,32,0,62,mixto
TRÍATLON CONCELLO DE FERROL (CPTO XUNTA DE GALICIA DE TRÍATLON) 2023,2023-07-15,INFANTIL INCLUSIVA,1,1,0,2,mixto
TRÍATLON CONCELLO DE FERROL (CPTO XUNTA DE GALICIA DE TRÍATLON) 2023,2023-07-15,JUNIOR,9,8,0,17,mixto
TRÍATLON CONCELLO DE FERROL (CPTO XUNTA DE GALICIA DE TRÍATLON) 2023,2023-07-15,XUVENIL,22,18,0,40,mixto
TRÍATLON DE MENORES CIDADE DE FERROL (CPTO XUNTA DE GALICIA DE TRÍATLON) 2025,2025-07-12,ALEVIN,35,15,0,50,mixto
TRÍATLON DE MENORES CIDADE DE FERROL (CPTO XUNTA DE GALICIA DE TRÍATLON) 2025,2025-07-12,BENXAMIN,22,18,0,40,mixto
TRÍATLON DE MENORES CIDADE DE FERROL (CPTO XUNTA DE GALICIA DE TRÍATLON) 2025,2025-07-12,CADETE,18,13,0,31,mixto
TRÍATLON DE MENORES CIDADE DE FERROL (CPTO XUNTA DE GALICIA DE TRÍATLON) 2025,2025-07-12,CADETE INCLUSIVO,0,2,0,2,mixto
TRÍATLON DE MENORES CIDADE DE FERROL (CPTO XUNTA DE GALICIA DE TRÍATLON) 2025,2025-07-12,INFANTIL,35,21,0,56,mixto
TRÍATLON DE MENORES CIDADE DE FERROL (CPTO XUNTA DE GALICIA DE TRÍATLON) 2025,2025-07-12,REMUDA MIXTA,0,0,0,0,mixto
TRÍATLON DE MENORES CIDADE DE FERROL (CPTO XUNTA DE GALICIA DE TRÍATLON) 2026,2026-07-18,ALEVIN,31,14,0,45,mixto
TRÍATLON DE MENORES CIDADE DE FERROL (CPTO XUNTA DE GALICIA DE TRÍATLON) 2026,2026-07-18,BENXAMIN,20,15,0,35,mixto
TRÍATLON DE MENORES CIDADE DE FERROL (CPTO XUNTA DE GALICIA DE TRÍATLON) 2026,2026-07-18,CADETE,22,11,0,33,mixto
TRÍATLON DE MENORES CIDADE DE FERROL (CPTO XUNTA DE GALICIA DE TRÍATLON) 2026,2026-07-18,CTO GALEGO REMUDA MIXTA,0,0,5,5,mixto
TRÍATLON DE MENORES CIDADE DE FERROL (CPTO XUNTA DE GALICIA DE TRÍATLON) 2026,2026-07-18,INFANTIL,23,15,0,38,mixto
TRÍATLON DE MENORES CIDADE DE FERROL (CPTO XUNTA DE GALICIA DE TRÍATLON) 2026,2026-07-18,OPEN REMUDA MIXTA,0,0,2,2,mixto
Trail do Aloia 2021,2021-11-06,PROBA ABSOLUTA (16 anos ou máis) (DOMINGO),330,76,0,406,mixto
Travesía Costa Abanca by duacode Muxía - Camariñas 2019,2019-06-30,2500,59,13,0,72,mixto
Travesía Costa Abanca by duacode Muxía - Camariñas 2019,2019-06-30,4500,49,6,0,55,mixto
Travesía a Nado LA HEROICA –REGINA VIARUM Gran Premio Deputación de Lugo,2016-08-13,LA HEROICA - CON NEOPRENO (10000 M) (MAYORES DE 18 AÑOS),8,1,0,9,mixto
Travesía a Nado LA HEROICA –REGINA VIARUM Gran Premio Deputación de Lugo,2016-08-13,LA HEROICA - SIN NEOPRENO (10000 M) (MAYORES DE 18 AÑOS),37,8,0,45,mixto
Travesía a Nado LA HEROICA –REGINA VIARUM Gran Premio Deputación de Lugo,2016-08-13,TRAVESÍA 2500 M CON NEOPRENO (MUJERES DEL 2004 Y ANTERIORES Y HOMBRES DEL 2003 Y ANTERIORES),7,1,0,8,mixto
Travesía a Nado LA HEROICA –REGINA VIARUM Gran Premio Deputación de Lugo,2016-08-13,TRAVESÍA 2500 M SIN NEOPRENO (MUJERES DEL 2004 Y ANTERIORES Y HOMBRES DEL 2003 Y ANTERIORES),26,27,0,53,mixto
Travesía a Nado LA HEROICA –REGINA VIARUM Gran Premio Deputación de Lugo,2016-08-13,TRAVESÍA DE 5000 M CON NEOPRENO (2001 Y AÑOS ANTERIORES),8,2,0,10,mixto
Travesía a Nado LA HEROICA –REGINA VIARUM Gran Premio Deputación de Lugo,2016-08-13,TRAVESÍA DE 5000 M SIN NEOPRENO (2001 Y AÑOS ANTERIORES),31,12,0,43,mixto
Triple Corona Illas Atlánticas O Grove-O Grove (12 km),2019-09-07,TRAVESIA (12 KM),123,18,0,141,mixto
ULTRA XTREM LAGOS. Distancia: 100 Km,2013-09-21,ULTRA XTREM LAGOS. DISTANCIA: 100000 M,0,0,0,0,mixto
ULTRAMARATONA MELIDES - TROIA,2014-07-27,ULTRAMARATONA. DISTANCIA: 43000 M,0,0,0,0,mixto
UPSTREAM CIUDAD DE VALLADOLID 2015,2015-07-11,2000m,53,22,0,75,mixto
UPSTREAM CIUDAD DE VALLADOLID 2015,2015-07-11,5000m,90,15,0,105,mixto
UPSTREAM CIUDAD DE VALLADOLID 2015,2015-07-11,800m,15,5,0,20,mixto
UPSTREAM CIUDAD DE VALLADOLID 2015,2015-07-11,Copa de España de Aguas Abiertas Open RFEN,10,3,0,13,mixto
UPSTREAM CIUDAD DE VALLADOLID 2015,2015-07-11,Equipos Upstream Valladolid 2015 2000m,0,0,0,0,mixto
UPSTREAM CIUDAD DE VALLADOLID 2015,2015-07-11,Equipos Upstream Valladolid 2015 5000m,0,0,0,0,mixto
UPSTREAM CIUDAD DE VALLADOLID 2016,2016-07-09,2000m,72,29,0,101,mixto
UPSTREAM CIUDAD DE VALLADOLID 2016,2016-07-09,5000m,112,29,0,141,mixto
UPSTREAM CIUDAD DE VALLADOLID 2016,2016-07-09,800m,10,12,0,22,mixto
UPSTREAM CIUDAD DE VALLADOLID 2016,2016-07-09,COPA DE ESPAÑA DE AGUAS ABIERTAS RFEN,22,10,0,32,mixto
UPSTREAM CIUDAD DE VALLADOLID 2016,2016-07-09,Equipos Upstream 2000 m,0,0,0,0,mixto
UPSTREAM CIUDAD DE VALLADOLID 2016,2016-07-09,Equipos Upstream 5000 m,0,0,0,0,mixto
UPSTREAM CUIDAD DE VALLADOLID 2014 2000M,2014-07-12,PRUEBA DE 2.000 M. DISTANCIA: 2000 M,0,0,0,0,mixto
UPSTREAM CUIDAD DE VALLADOLID 2014 5000M,2014-07-12,PRUEBA DE 5.000 M. DISTANCIA: 5000 M,0,0,0,0,mixto
UPSTREAM LAGO DE SANABRIA 2016,2016-09-03,3000m,103,49,0,152,mixto
UPSTREAM LAGO DE SANABRIA 2016,2016-09-03,6500m,112,31,0,143,mixto
UPSTREAM LAGO DE SANABRIA 2016,2016-09-03,800 m,49,46,0,95,mixto
UPSTREAM LAGO DE SANABRIA 2016,2016-09-03,COPA DE ESPAÑA,20,12,0,32,mixto
UPSTREAM LAGO DE SANABRIA 2016,2016-09-03,Equipos 3000,0,0,0,0,mixto
UPSTREAM LAGO DE SANABRIA 2016,2016-09-03,Equipos 6500,0,0,0,0,mixto
URBAN TRAIL NIGHT 2016,2016-11-26,ABSOLUTA (2000 E ANTERIORES),221,36,0,257,mixto
UROS RACE 2024,2024-09-01,EQUIPOS,0,0,0,0,mixto
UROS RACE 2024,2024-09-01,POPULAR,107,60,0,167,mixto
UROS RACE 2024,2024-09-01,POPULAR COMPETITIVA (STARTED),45,18,0,63,mixto
UROS RACE 2024,2024-09-01,ÉLITE,29,8,0,37,mixto
UROS RACE 2025,2025-09-14,EQUIPOS,0,0,0,0,mixto
UROS RACE 2025,2025-09-14,POPULAR,93,60,0,153,mixto
UROS RACE 2025,2025-09-14,POPULAR COMPETITIVA (STARTED),49,18,0,67,mixto
UROS RACE 2025,2025-09-14,ÉLITE,23,5,0,28,mixto
Upstream Lago de Sanabria 2015,2015-09-05,3.000m,90,34,0,124,mixto
Upstream Lago de Sanabria 2015,2015-09-05,6.500m,78,27,0,105,mixto
Upstream Lago de Sanabria 2015,2015-09-05,800m,34,35,0,69,mixto
Upstream Lago de Sanabria 2015,2015-09-05,Equipos 3000m,0,0,0,0,mixto
Upstream Lago de Sanabria 2015,2015-09-05,Equipos 6500m,0,0,0,0,mixto
V 10 KM VILLA DE RIBADESELLA 2013,2013-09-21,CLASIFICACIÓN COMPLETA (POPULAR Y CAMPEONATO). DISTANCIA: 10000 M,0,0,0,0,mixto
V 10KM CIDADE UNIVERSITARIA - CUVI 2011,2011-03-27,PRUEBA ABIERTA. DISTANCIA: 10000 M,0,0,0,0,mixto
V BAIXADA POPULAR CROS SAN PEDRO DE VISMA,2012-06-30,V BAIXADA POPULAR CROS SAN PEDRO DE VISMA,0,0,0,0,mixto
V C-TRAIL BRIGANTIA AVENTURA,2019-05-19,TRAIL CORTO (DESNIVEL: 500 m+),95,31,0,126,mixto
V C-TRAIL BRIGANTIA AVENTURA,2019-05-19,TRAIL LARGO (DESNIVEL: 1000 m+),99,12,0,111,mixto
V C.P. CONCELLO MONFORTE,2013-03-03,ADULTOS. DISTANCIA: 7000 M,0,0,0,0,mixto
V C.P. MONTE DE SANTA CRUZ 2012 (RIBADEO),2012-09-09,Carreira Absoluta. Distancia: 8300 m,0,0,0,0,mixto
V C.P. SAN XIÁN DE ARTES. CARREIRA DO DEMO 2012,2012-08-26,Adultos. Distancia: 6666 m,0,0,0,0,mixto
"V CAMOVI (CARREIRA DE MONTAÑA ""MONTES DE VIVEIRO"") 2015",2015-04-12,CARRERA CORTA (15 KM aprox.),67,27,0,94,mixto
"V CAMOVI (CARREIRA DE MONTAÑA ""MONTES DE VIVEIRO"") 2015",2015-04-12,CARRERA LARGA (42 KM aprox.),108,9,0,117,mixto
V CAMPEONATO GALLEGO DE AGUAS ABIERTAS,2021-09-18,ALEVIN (2008),14,20,0,34,mixto
V CAMPEONATO GALLEGO DE AGUAS ABIERTAS,2021-09-18,INFANTIL (2006-2007),22,21,0,43,mixto
V CAMPEONATO GALLEGO DE AGUAS ABIERTAS,2021-09-18,"JUNIOR 1, JUNIOR 2, SENIOR",26,17,0,43,mixto
V CAMPEONATO GALLEGO DE AGUAS ABIERTAS,2021-09-18,MASTER (2001 Y ANT.),72,24,0,96,mixto
V CARREIRA NOCTURNA RINLO-RIBADEO,2023-08-19,ABSOLUTA (2007 e anteriores),223,70,0,293,mixto
V CARREIRA NOCTURNA RINLO-RIBADEO,2023-08-19,ALEVIN (2012-2013),10,11,0,21,mixto
V CARREIRA NOCTURNA RINLO-RIBADEO,2023-08-19,BENXAMIN (2014-2015),13,14,0,27,mixto
V CARREIRA NOCTURNA RINLO-RIBADEO,2023-08-19,INFANTIL (2010-2011) CADETE (2008-2009),20,12,0,32,mixto
V CARREIRA PEDESTRE CONCELLO DE CAMARIÑAS,2016-03-13,ABSOLUTA “120 Aniversario Faro Vilán” 10K (1998 E ANTERIORES),239,44,0,283,mixto
V CARREIRA PEDESTRE CONCELLO DE CAMARIÑAS,2016-03-13,ABSOLUTOS 3K CONTRA O CANCRO (1998 E ANTERIORES),29,39,0,68,mixto
V CARREIRA PEDESTRE CONCELLO DE CAMARIÑAS,2016-03-13,ALEVÍN: 2006-2005,13,13,0,26,mixto
V CARREIRA PEDESTRE CONCELLO DE CAMARIÑAS,2016-03-13,BENXAMÍNS: 2008-2007,20,16,0,36,mixto
V CARREIRA PEDESTRE CONCELLO DE CAMARIÑAS,2016-03-13,INFANTIL: 2004-2003 e CADETE 2002-2001,25,26,0,51,mixto
V CARREIRA PEDESTRE CONCELLO DE CAMARIÑAS,2016-03-13,XUVENIL: 2000-1999,9,1,0,10,mixto
V CARREIRA PEDESTRE CONCELLO DE DUMBRÍA,2019-05-25,3K CONTRA O CANCRO (2003 E ANT.),80,75,0,155,mixto
V CARREIRA PEDESTRE CONCELLO DE DUMBRÍA,2019-05-25,ABSOLUTA 10K (2003 E ANT.),187,50,0,237,mixto
V CARREIRA PEDESTRE CONCELLO DE DUMBRÍA,2019-05-25,ALEVIN (2008-2009),11,17,0,28,mixto
V CARREIRA PEDESTRE CONCELLO DE DUMBRÍA,2019-05-25,BENXAMIN (2010-2011),24,14,0,38,mixto
V CARREIRA PEDESTRE CONCELLO DE DUMBRÍA,2019-05-25,"INFANTIL (06-07), CADETE (04-05) E XUVENIL (02-03)",24,27,0,51,mixto
V CARREIRA PEDESTRE CONCELLO DE FISTERRA 2018,2018-10-14,3K CONTRA O CANCRO (2002 E ANT.),48,52,0,100,mixto
V CARREIRA PEDESTRE CONCELLO DE FISTERRA 2018,2018-10-14,ABSOLUTA 10K (2002 E ANT.),158,36,0,194,mixto
V CARREIRA PEDESTRE CONCELLO DE FISTERRA 2018,2018-10-14,BENXAMIN/ALEVIN (2007-2010),27,26,0,53,mixto
V CARREIRA PEDESTRE CONCELLO DE FISTERRA 2018,2018-10-14,"INFANTIL (05-06), CADETE (03-04) E XUVENIL (01-02)",25,30,0,55,mixto
V CARREIRA PEDESTRE DE CAMPAÑÓ 2012,2012-09-15,Adultos. Distancia: 9650 m,0,0,0,0,mixto
V CARREIRA PEDESTRE DE CAMPAÑÓ 2012,2012-09-15,Xuvenil. Distancia: 3200 m,0,0,0,0,mixto
V CARREIRA PEDESTRE DO CONCELLO DE MALPICA,2022-09-10,ABSOLUTA (2006 e anteriores),71,14,0,85,mixto
V CARREIRA PEDESTRE DO CONCELLO DE MALPICA,2022-09-10,SUB10 (13-16),11,3,0,14,mixto
V CARREIRA PEDESTRE DO CONCELLO DE MALPICA,2022-09-10,SUB12 (11/12) SUB14 (09/10) SUB16 (07/08),10,1,0,11,mixto
V CARREIRA PEDESTRE SAN BLAS 2013,2013-02-02,PROBA ABSOLUTA. DISTANCIA: 5500 M,0,0,0,0,mixto
V CARREIRA POPULAR CARBALLEDO - ENTRE CARBALLOS CENTENARIOS,2019-05-04,ABSOLUTA (2003 E ANTERIORES),76,18,0,94,mixto
V CARREIRA POPULAR CONCELLO DE BEGONTE,2022-06-25,ABSOLUTA (2003 e anteriores),113,47,0,160,mixto
V CARREIRA POPULAR CONCELLO DE BEGONTE,2022-06-25,CATEGORIA A (2013-2014),7,11,0,18,mixto
V CARREIRA POPULAR CONCELLO DE BEGONTE,2022-06-25,CATEGORIA B (2010-2012),14,6,0,20,mixto
V CARREIRA POPULAR CONCELLO DE BEGONTE,2022-06-25,CATEGORIA C (2007-2009),3,2,0,5,mixto
V CARREIRA POPULAR CONCELLO DE BEGONTE,2022-06-25,CATEGORIA D (2004-2006),4,0,0,4,mixto
V CARREIRA POPULAR CONCELLO DE BEGONTE,2022-06-25,EQUIPOS FEMENINOS,0,0,0,0,mixto
V CARREIRA POPULAR CONCELLO DE BEGONTE,2022-06-25,EQUIPOS MASCULINOS,0,0,0,0,mixto
V CARREIRA POPULAR CONCELLO DE CAMBADOS,2013-07-07,ADULTOS. DISTANCIA: 10000 M,0,0,0,0,mixto
V CARREIRA POPULAR Concello de Friol,2017-05-28,CARREIRA ABSOLUTA (2001 E ANOS ANTERIORES),126,35,0,161,mixto
V CARREIRA POPULAR DAS LETRAS GALEGAS CONCELLO DE VILALBA,2014-05-17,PROBA ABSOLUTA. DISTANCIA: 8235 M,0,0,0,0,mixto
V CARREIRA POPULAR DE CHANTADA - 8KM NO CORAZON,2014-04-26,PROBA ABSOLUTA. DISTANCIA: 8000 M,0,0,0,0,mixto
V CARREIRA POPULAR DE COMBARRO,2019-10-26,BENXAMIN(2010-2011)ALEVIN(2008-2009),21,11,0,32,mixto
V CARREIRA POPULAR DE COMBARRO,2019-10-26,INFANTIL(2006-2007)CADETE(2004-2005),14,11,0,25,mixto
V CARREIRA POPULAR DE COMBARRO,2019-10-26,PROBA ABSOLUTA (2003 E ANTERIORES),104,42,0,146,mixto
V CARREIRA POPULAR DOLMEN DE DOMBATE,2018-09-22,3 KM,97,114,0,211,mixto
V CARREIRA POPULAR DOLMEN DE DOMBATE,2018-09-22,ABSOLUTOS 10K (2000 E ANTERIORES),150,34,0,184,mixto
V CARREIRA POPULAR DOLMEN DE DOMBATE,2018-09-22,ALEVIN (2007-2008),24,20,0,44,mixto
V CARREIRA POPULAR DOLMEN DE DOMBATE,2018-09-22,BENXAMIN (2009-2010),25,18,0,43,mixto
V CARREIRA POPULAR FESTA DA AUGARDENTE DE PORTOMARÍN,2019-04-21,CARREIRA ABSOLUTA (2003 E ANOS ANTERIORES),96,21,0,117,mixto
V CARREIRA POPULAR GUITIRIZ TERMAL 2010,2010-09-11,Carrera,115,0,0,115,mixto
V CARREIRA POPULAR VAL DAS FABAS (LOURENZÁ),2014-10-04,PROBA ABSOLUTA. DISTANCIA: 6310 M,0,0,0,0,mixto
V CARREIRA POPULAR VILA DE MEIRA,2024-08-10,ABSOLUTA (2008 e anteriores),62,12,0,74,mixto
V CARREIRA POPULAR VILA DE MEIRA,2024-08-10,ALEVIN (2013-2014),12,7,0,19,mixto
V CARREIRA POPULAR VILA DE MEIRA,2024-08-10,BENXAMIN (2015-2016),7,9,0,16,mixto
V CARREIRA POPULAR VILA DE MEIRA,2024-08-10,CADETE (2009-2010),2,5,0,7,mixto
V CARREIRA POPULAR VILA DE MEIRA,2024-08-10,INFANTIL (2011-2012),8,3,0,11,mixto
V CARREIRA POPULAR VILA DE MEIRA,2024-08-10,PITUFOS (2020-2022),2,5,0,7,mixto
V CARREIRA POPULAR VILA DE MEIRA,2024-08-10,PREBENXAMIN (2017-2019),14,7,0,21,mixto
V CARREIRA POPULAR VÍA NOVA ``CONCELLO DE BANDE´´,2018-06-09,ABSOLUTA (2002 E ANTERIORES),93,22,0,115,mixto
V CARREIRA POPULAR VÍA NOVA ``CONCELLO DE BANDE´´,2018-06-09,EQUIPOS VÍA NOVA CONCELLO DE BANDE,0,0,0,0,mixto
V CARREIRA SOLIDARIA DO COLEXIO CERVANTES,2015-05-17,ADULTOS (1997 E ANTERIORES),119,49,0,168,mixto
V CARREIRA SOLIDARIA DO COLEXIO CERVANTES,2015-05-17,CAT A (2006-2007-2008),23,22,0,45,mixto
V CARREIRA SOLIDARIA DO COLEXIO CERVANTES,2015-05-17,CAT B (2003-2004-2004),21,13,0,34,mixto
V CARREIRA SOLIDARIA DO COLEXIO CERVANTES,2015-05-17,CAT C Y D (1998 HASTA 2002),7,3,0,10,mixto
V CARREIRA SOLIDARIA DO CONCELLO DE OUTEIRO DE REI,2019-07-06,ABSOLUTA (2003 Y ANTERIORES),107,32,0,139,mixto
V CARREIRA SOLIDARIA DO CONCELLO DE OUTEIRO DE REI,2019-07-06,INFANTIL-CADETE (2004 A 2007),6,4,0,10,mixto
V CARREIRA SOLIDARIA DO CONCELLO DE OUTEIRO DE REI,2019-07-06,PREBENJAMIN-BENJAMIN (2008 A 2013),24,26,0,50,mixto
V CARRERA ATMOSFERA SPORT,2019-05-12,ABSOLUTA 10 KM (2003 Y AÑOS ANTERIORES),100,11,0,111,mixto
V CARRERA ATMOSFERA SPORT,2019-05-12,ABSOLUTA 5 KM (2003 Y AÑOS ANTERIORES),21,37,0,58,mixto
V CARRERA CONTRA EL CANCER CORUÑA – “EN MARCHA CONTRA EL CANCER”,2015-05-31,CARRERA ABSOLUTA (AÑO 1999 Y ANTERIORES),751,653,0,1404,mixto
V CARRERA DEL AGUA UNICEF SADA,2015-10-04,CARERRA ALEVINES (NACIDAS EN 2004 Y 2005),0,41,0,41,mixto
V CARRERA DEL AGUA UNICEF SADA,2015-10-04,CARRERA ALEVINES (NACIDOS EN 2004 Y 2005),45,0,0,45,mixto
V CARRERA DEL AGUA UNICEF SADA,2015-10-04,CARRERA BENJAMINES (NACIDAS EN 2006 Y 2007),0,37,0,37,mixto
V CARRERA DEL AGUA UNICEF SADA,2015-10-04,CARRERA BENJAMINES (NACIDOS EN 2006 Y 2007),41,0,0,41,mixto
V CARRERA DEL AGUA UNICEF SADA,2015-10-04,CARRERA CADETE Y JUVENIL/JUNIOR (NACIDOS/AS ENTRE 1996 Y 2001),26,27,0,53,mixto
V CARRERA DEL AGUA UNICEF SADA,2015-10-04,CARRERA INFANTILES (NACIDAS EN 2002 Y 2003),0,18,0,18,mixto
V CARRERA DEL AGUA UNICEF SADA,2015-10-04,CARRERA INFANTILES (NACIDOS EN 2002 Y 2003),22,0,0,22,mixto
V CARRERA DEL AGUA UNICEF SADA,2015-10-04,CARRERA PREBENJAMINES (NACIDAS EN 2008 Y 2009),0,48,0,48,mixto
V CARRERA DEL AGUA UNICEF SADA,2015-10-04,CARRERA PREBENJAMINES (NACIDOS EN 2008 Y 2009),48,0,0,48,mixto
V CARRERA DEL AGUA UNICEF SADA,2015-10-04,"CARRERA PROMESA, SENIOR Y VETERANOS (NACIDOS/AS EN 1995 Y AÑOS ANTERIORES)",541,125,0,666,mixto
V CARRERA DEL AGUA UNICEF SADA,2015-10-04,EQUIPOS CARRERA DEL AGUA UNICEF SADA 2015,0,0,0,0,mixto
V CARRERA FIESTA DE LA CEREZA (RUN RUN VIGO) 2016,2016-05-22,CARRERA ABSOLUTA (2000 Y AÑOS ANTERIORES),155,40,0,195,mixto
V CARRERA FIESTA DE LA CEREZA (RUN RUN VIGO) 2016,2016-05-22,CARRERA DE NIÑOS (2001 A 2006),13,16,0,29,mixto
V CARRERA HUCA 'MUÉVETE POR LA SALUD' 3K CarrerHUCA 'Corre o Camina' y 10K HUCA,2019-09-29,10K HUCA,387,128,0,515,mixto
V CARRERA POPULAR ANA AMELIA MENENDEZ 2012,2012-01-15,ADULTOS. DISTANCIA: 10000 M,0,0,0,0,mixto
V CARRERA POPULAR CENTRO “RICARDO BARÓ” ASPRONAGA,2018-11-01,CARRERA ABSOLUTA (2001 Y AÑOS ANTERIORES),172,65,0,237,mixto
V CARRERA POPULAR DE MONTAÑA CLUB FLUVIAL LUGO,2019-09-29,TRAIL 16KM,111,26,0,137,mixto
V CARRERA POPULAR MATOGRANDE,2020-01-19,ABSOLUTA,546,183,0,729,mixto
V CARRERA POPULAR MATOGRANDE,2020-01-19,PERSONAS CON DISCAPACIDAD,0,0,0,0,mixto
V CARRERA POPULAR MATOGRANDE,2020-01-19,PRE-BENXAMIN (Non Competitiva),0,0,0,0,mixto
V CARRERA POPULAR MATOGRANDE,2020-01-19,SUB 10,33,20,0,53,mixto
V CARRERA POPULAR MATOGRANDE,2020-01-19,SUB 12,25,0,0,25,mixto
V CARRERA POPULAR MATOGRANDE,2020-01-19,SUB12,0,21,0,21,mixto
V CARRERA POPULAR MATOGRANDE,2020-01-19,SUB14,16,18,0,34,mixto
V CARRERA POPULAR MATOGRANDE,2020-01-19,SUB16 y SUB18,11,9,0,20,mixto
V CARRERA POPULAR MILLA DEL CONOCIMIENTO,2014-11-02,PROBA ABSOLUTA. DISTANCIA: 6800 M,0,0,0,0,mixto
V CARRERA POPULAR TORRE DE HÉRCULES,2015-03-28,ADULTOS (NACIDOS EN 1997 Y ANTERIORES,1463,643,0,2106,mixto
V CARRERA POPULAR TORRE DE HÉRCULES,2015-03-28,ALEVIN,70,64,0,134,mixto
V CARRERA POPULAR TORRE DE HÉRCULES,2015-03-28,BENJAMIN,79,74,0,153,mixto
V CARRERA POPULAR TORRE DE HÉRCULES,2015-03-28,CADETE Y JUVENIL,53,35,0,88,mixto
V CARRERA POPULAR TORRE DE HÉRCULES,2015-03-28,INFANTIL,48,40,0,88,mixto
V CARRERA POPULAR VEGA-NAVIA 2013,2013-05-19,ADULTOS. DISTANCIA: 8500 M,0,0,0,0,mixto
V CARRERA POPULAR VILLA DE SARRIA 10 KM,2017-06-11,ABSOLUTA (16 AÑOS EN ADELANTE),135,21,0,156,mixto
"V CARRERA POPULAR “CORRENDO POR VIGO - PIZZA MOVIL""",2016-01-31,CARRERA ABSOLUTA (MAYORES DE 16 AÑOS),801,172,0,973,mixto
"V CARRERA POPULAR “CULTIVANDO DEPORTE, BOIMORTO NO CAMIÑO”",2022-08-27,CARRERA POPULAR,130,83,0,213,mixto
"V CARRERA POPULAR “NOCTURNA CORRENDO POR VIGO""",2017-06-10,DISTANCIA DE 10 KM,635,131,0,766,mixto
"V CARRERA POPULAR “NOCTURNA CORRENDO POR VIGO""",2017-06-10,DISTANCIA DE 10 KM (RUNRUNVIGO),626,131,0,757,mixto
"V CARRERA POPULAR “NOCTURNA CORRENDO POR VIGO""",2017-06-10,DISTANCIA DE 10 KM (RUNRUNVIGO) [Compensada],626,131,0,757,mixto
"V CARRERA POPULAR “NOCTURNA CORRENDO POR VIGO""",2017-06-10,DISTANCIA DE 5 KM,124,128,0,252,mixto
V CLASICA GANDEIRA SANTA COMBA,2025-04-13,10KM (2009 e anteriores),206,64,0,270,mixto
V CLASICA GANDEIRA SANTA COMBA,2025-04-13,3KM (2009 e anteriores),63,44,0,107,mixto
V CLASICA GANDEIRA SANTA COMBA,2025-04-13,SUB10 (2016-2017)/SUB12 (2014-2015),33,27,0,60,mixto
V CLASICA GANDEIRA SANTA COMBA,2025-04-13,SUB14 (2012-2013)/SUB16 (2010-2011),22,23,0,45,mixto
V CP CONCELLO DE SOBER.LIGA RIBEIRA SACRA.LIGA13,2013-06-15,PROBA ABSOLUTA. DISTANCIA: 9600 M,0,0,0,0,mixto
V CROSS POPULAR – CABO UDRA 2021,2021-10-10,ABSOLUTA (2004 e anteriores),183,49,0,232,mixto
V CROSS POPULAR – CABO UDRA 2021,2021-10-10,EQUIPOS MASCULINOS,0,0,0,0,mixto
V CROSS POPULAR – CABO UDRA 2021,2021-10-10,EQUIPOS MIXTOS,0,0,0,0,mixto
V CROSS POPULAR – CABO UDRA 2021,2021-10-10,POPULAR (2006 e anteriores),42,38,0,80,mixto
V Carreira Nocturna de Sada (Benéfica Cruz Roja/Cáritas Sada),2019-12-13,SUB10 (2010-2011),17,12,0,29,mixto
V Carreira Nocturna de Sada (Benéfica Cruz Roja/Cáritas Sada),2019-12-13,SUB12 (2008-2009),18,11,0,29,mixto
V Carreira Nocturna de Sada (Benéfica Cruz Roja/Cáritas Sada),2019-12-13,SUB14 (2006-2007),13,19,0,32,mixto
V Carreira Nocturna de Sada (Benéfica Cruz Roja/Cáritas Sada),2019-12-13,SUB16 MIXTO (2004-2005),7,2,0,9,mixto
V Carreira Nocturna de Sada (Benéfica Cruz Roja/Cáritas Sada),2019-12-13,"SUB18, SENIOR, MASTER e HANDBIKE",164,70,0,234,mixto
V Carreira Pedestre Concello de Muxía,2018-07-15,3K CONTRA O CANCRO (2002 E ANT.),43,67,0,110,mixto
V Carreira Pedestre Concello de Muxía,2018-07-15,ABSOLUTA 10K (2002 E ANT.),145,29,0,174,mixto
V Carreira Pedestre Concello de Muxía,2018-07-15,BENXAMIN (09-10) E ALEVIN (07-08),27,27,0,54,mixto
V Carreira Pedestre Concello de Muxía,2018-07-15,"INFANTIL (05-06), CADETE (03-04) E XUVENIL (01-02)",21,23,0,44,mixto
V Carreira Pedestre Concello de Zas,2018-06-02,3K CONTRA O CANCRO (2002 E ANT.),61,74,0,135,mixto
V Carreira Pedestre Concello de Zas,2018-06-02,ABSOLUTA 10K (2002 E ANT.),150,29,0,179,mixto
V Carreira Pedestre Concello de Zas,2018-06-02,"BENXAMIN: (09-10), ALEVIN: (07-08)",29,21,0,50,mixto
V Carreira Pedestre Concello de Zas,2018-06-02,"INFANTIL (05-06), CADETE (03-04) E XUVENIL (01-02)",30,33,0,63,mixto
V Carreira Pedestre Monte Porreiro - Gran Premio U.N.E.D,2017-03-26,ABSOLUTA CCCP,190,41,0,231,mixto
V Carreira Pedestre Monte Porreiro - Gran Premio U.N.E.D,2017-03-26,ABSOLUTA CCCP [Compensada],190,41,0,231,mixto
V Carreira Pedestre Monte Porreiro - Gran Premio U.N.E.D,2017-03-26,PROBA ABSOLUTA,263,59,0,322,mixto
V Carreira Pedestre Monte Porreiro - Gran Premio U.N.E.D,2017-03-26,Parexas Monte Porreiro 2017,0,0,0,0,mixto
V Carreira Popular de Mondariz,2019-11-02,ABSOLUTA (2003 E ANTERIORES),115,38,0,153,mixto
V Carreira Popular de Taboada “Entre pazos e carballos”,2016-09-17,ABSOLUTA (1999 E ANTERIORES),189,55,0,244,mixto
V Carreira Popular “Benquerencia Terra Mar”,2017-09-10,ABSOLUTA (2001 E ANTERIORES),82,27,0,109,mixto
V Carreira Popular “Benquerencia Terra Mar”,2017-09-10,ALEVIN (2006-2007),9,7,0,16,mixto
V Carreira Popular “Benquerencia Terra Mar”,2017-09-10,BENXAMIN (2008-2009),8,9,0,17,mixto
V Carreira Popular “Benquerencia Terra Mar”,2017-09-10,CADETE (2002-2003),3,5,0,8,mixto
V Carreira Popular “Benquerencia Terra Mar”,2017-09-10,INFANTIL (2004-2005),3,6,0,9,mixto
V Carreira Popular “Benquerencia Terra Mar”,2017-09-10,PRE-BENXAMIN (2010-2011),11,10,0,21,mixto
V Carreira Solidaria Nocturna das Festas de Lalín,2022-09-23,ABSOLUTA (2006 y anteriores),76,31,0,107,mixto
V Carreira Solidaria Nocturna das Festas de Lalín,2022-09-23,SUB10 (2013-2014),10,9,0,19,mixto
V Carreira Solidaria Nocturna das Festas de Lalín,2022-09-23,SUB12 (2011-2012),11,8,0,19,mixto
V Carreira Solidaria Nocturna das Festas de Lalín,2022-09-23,SUB14/SUB16 (2007-2010),11,10,0,21,mixto
V Carrera Popular Novo Mesoiro,2015-12-13,Adultos (1998 y anteriores),547,176,0,723,mixto
V Carrera Popular Novo Mesoiro,2015-12-13,Alevín (2005-2006),45,36,0,81,mixto
V Carrera Popular Novo Mesoiro,2015-12-13,Benjamín (2007-2008),49,50,0,99,mixto
V Carrera Popular Novo Mesoiro,2015-12-13,Infantil (2003-2004),19,23,0,42,mixto
V Carrera Popular Novo Mesoiro,2015-12-13,Juvenil-Cadete (1999-2002),31,18,0,49,mixto
V Carrera Popular Ventorrillo,2017-09-24,ALEVIN (2006/2007),15,12,0,27,mixto
V Carrera Popular Ventorrillo,2017-09-24,Adultos VENTORRILLO,408,115,0,523,mixto
V Carrera Popular Ventorrillo,2017-09-24,BENJAMIN (2008/2009),19,13,0,32,mixto
V Carrera Popular Ventorrillo,2017-09-24,CADETE / XUVENIL (2000-2003),14,14,0,28,mixto
V Carrera Popular Ventorrillo,2017-09-24,INFANTIL (2004/2005),5,14,0,19,mixto
V Carrera Popular Volta a Oza,2016-07-31,ALEVIN,8,7,0,15,mixto
V Carrera Popular Volta a Oza,2016-07-31,Adultos (1998 y anteriores),426,105,0,531,mixto
V Carrera Popular Volta a Oza,2016-07-31,BENXAMIN,14,22,0,36,mixto
V Carrera Popular Volta a Oza,2016-07-31,CADETE - JUVENIL,13,5,0,18,mixto
V Carrera Popular Volta a Oza,2016-07-31,INFANTIL,6,5,0,11,mixto
V Carrera Popular de Los Rosales,2016-12-04,ALEVIN (2006/2007),45,32,0,77,mixto
V Carrera Popular de Los Rosales,2016-12-04,Adultos,536,150,0,686,mixto
V Carrera Popular de Los Rosales,2016-12-04,BENJAMIN (2008/2009),57,39,0,96,mixto
V Carrera Popular de Los Rosales,2016-12-04,INFANTIL (2004/2005),14,29,0,43,mixto
V Carrera Popular de Los Rosales,2016-12-04,JUVENIL (2000/2001) - CADETE (2002/2003),28,17,0,45,mixto
V Carrera popular RGCC - CNSO,2016-09-18,3KM (2003-2006),6,19,0,25,mixto
V Carrera popular RGCC - CNSO,2016-09-18,6KM (2002 Y ANTERIORES),326,120,0,446,mixto
V DESAFÍO SAN MIGUEL MONTERROSO,2022-09-18,RUTA CURTA,28,2,0,30,mixto
V DESAFÍO SAN MIGUEL MONTERROSO,2022-09-18,RUTA LONGA,74,1,0,75,mixto
V DON SILVESTRE RABADENSE,2017-12-31,CARRERA ABSOLUTA (2001 Y AÑOS ANTERIORES),103,30,0,133,mixto
V DON SILVESTRE RABADENSE,2017-12-31,CATEGORÍA A (2009 A 2012),7,6,0,13,mixto
V DON SILVESTRE RABADENSE,2017-12-31,CATEGORÍA B (2005 A 2008),13,8,0,21,mixto
V DON SILVESTRE RABADENSE,2017-12-31,CATEGORÍA C (2002 A 2004),5,9,0,14,mixto
V DUATLON DE ESTRADA MOVENDONOS POR POIO,2023-02-18,CON CORTE,52,0,0,52,mixto
V DUATLON DE ESTRADA MOVENDONOS POR POIO,2023-02-18,FEMININA,0,37,0,37,mixto
V DUATLON DE ESTRADA MOVENDONOS POR POIO,2023-02-18,SEN CORTE,62,0,0,62,mixto
V EDICION 24 HORAS DE VIGO,2018-08-25,EQUIPOS FEMENINOS,0,0,0,0,mixto
V EDICION 24 HORAS DE VIGO,2018-08-25,EQUIPOS MASCULINOS,0,0,0,0,mixto
V EDICION 24 HORAS DE VIGO,2018-08-25,EQUIPOS MIXTOS,0,0,0,0,mixto
V EDICION 24 HORAS DE VIGO,2018-08-25,INDIVIDUAL,0,0,0,0,mixto
V EDICIÓN “ NOCTURNA SAN RAMÓN” CARREIRA POPULAR VILALBA,2023-08-19,ABSOLUTA (2005 e anteriores),65,30,0,95,mixto
V EDICIÓN “ NOCTURNA SAN RAMÓN” CARREIRA POPULAR VILALBA,2023-08-19,CATEGORIA +10 (2011-2013),14,8,0,22,mixto
V EDICIÓN “ NOCTURNA SAN RAMÓN” CARREIRA POPULAR VILALBA,2023-08-19,CATEGORIA +13 (2008-2010),4,7,0,11,mixto
V EDICIÓN “ NOCTURNA SAN RAMÓN” CARREIRA POPULAR VILALBA,2023-08-19,CATEGORIA +5 (2017-2018),8,3,0,11,mixto
V EDICIÓN “ NOCTURNA SAN RAMÓN” CARREIRA POPULAR VILALBA,2023-08-19,CATEGORIA +7 (2014-2016),8,8,0,16,mixto
V EDICIÓN “ NOCTURNA SAN RAMÓN” CARREIRA POPULAR VILALBA,2023-08-19,XUVENIL (2006-2007),5,3,0,8,mixto
V EUROCIDADE 10 - 2016,2016-06-12,10 KM,329,52,0,381,mixto
V Edición 10k O ROSAL FEIRA DO VIÑO,2018-07-15,CARREIRA 10 KM,104,14,0,118,mixto
V Edición 10k O ROSAL FEIRA DO VIÑO,2018-07-15,CARREIRA 5 KM,19,17,0,36,mixto
V Edición 6 Horas Vila do Corpus #KmpolaInclusión,2024-07-13,EQUIPOS FEMENINOS,0,0,0,0,mixto
V Edición 6 Horas Vila do Corpus #KmpolaInclusión,2024-07-13,EQUIPOS MASCULINOS,0,0,0,0,mixto
V Edición 6 Horas Vila do Corpus #KmpolaInclusión,2024-07-13,EQUIPOS MIXTOS,0,0,0,0,mixto
V Edición 6 Horas Vila do Corpus #KmpolaInclusión,2024-07-13,INDIVIDUAL,0,0,0,0,mixto
V Edición terremoto trail,2016-10-23,MARATON 42KM,11,0,0,11,mixto
V Edición terremoto trail,2016-10-23,MEDIA 21KM,45,4,0,49,mixto
V LEGUA MARÍTIMA R.S.D. HÍPICA - MALAWI 2015,2015-11-22,BENJAMIN ALEVIN (2004-2007),26,15,0,41,mixto
V LEGUA MARÍTIMA R.S.D. HÍPICA - MALAWI 2015,2015-11-22,CARRERA ADULTOS (NACIDOS EN 1999 Y ANTERIORES),310,163,0,473,mixto
V LEGUA MARÍTIMA R.S.D. HÍPICA - MALAWI 2015,2015-11-22,INFANTIL CADETE (2000-2003),8,3,0,11,mixto
V MARATON ASALTO A LAS TRINCHERAS DE CANDAMO,2021-09-19,E-Bike,3,0,0,3,mixto
V MARATON ASALTO A LAS TRINCHERAS DE CANDAMO,2021-09-19,Marcha,33,0,0,33,mixto
V MARATON ASALTO A LAS TRINCHERAS DE CANDAMO,2021-09-19,XC Maraton (Campeonato de Asturias de XC Maratón 2021),73,3,0,76,mixto
V MARCHA BTT SUBIDA AL ALTO DE VEIGA,2015-06-14,BTT 40KM,67,10,0,77,mixto
V MARCHA BTT SUBIDA AL ALTO DE VEIGA,2015-06-14,BTT 67KM,163,8,0,171,mixto
V MEDIA MARATON CIUDAD DE LEON 2013,2013-03-17,MEDIO MARATON. DISTANCIA: 21097 M,0,0,0,0,mixto
V MEDIA MARATON CIUDAD DE LEON 2013,2013-03-17,SILLA DE RUEDAS. DISTANCIA: 21097 M,0,0,0,0,mixto
V MEDIA MARATON CORAZON DE ASTURIAS 2012,2012-02-19,RECORRIDO HOMOLOGADO. DISTANCIA: 21097 M,0,0,0,0,mixto
V MEDIA MARATON NOCTURNA CIUDAD DE PONFERRADA 2012,2012-07-21,ABSOLUTA. Distancia: 21097 m,0,0,0,0,mixto
V MEDIA MARATON RIBADEO – AS CATEDRAIS,2018-09-15,MEDIO MARATON,451,90,0,541,mixto
V MEDIA MARATÓN GIJÓN “VILLA DE JOVELLANOS”,2015-04-25,Prueba Absoluta,1723,290,0,2013,mixto
V MEDIA MARATÓN GIJÓN “VILLA DE JOVELLANOS”,2015-04-25,Prueba en vehículo adaptado,2,0,0,2,mixto
"V MEDIA MARATÓN SOLIDARIA ZONA ABERTA, a favor da Fundación AROUSA SOLIDARIA",2016-11-20,MEDIO MARATON,305,24,0,329,mixto
V MEDIO MARATON CORUÑA21 2013,2013-02-24,PROBA POPULAR. DISTANCIA: 21097 M,0,0,0,0,mixto
V NOCTURNA DE NIGRÁN H2K PLAZA 2021,2021-06-12,10 KM,203,63,0,266,mixto
V NOCTURNA DE NIGRÁN H2K PLAZA 2021,2021-06-12,5 KM,73,34,0,107,mixto
V RUN FOZ RUN NADAL,2021-12-24,ABSOLUTA (2005 e anteriores),104,42,0,146,mixto
V RUN FOZ RUN NADAL,2021-12-24,ALEVIN - INFANTIL,20,25,0,45,mixto
V RUN FOZ RUN NADAL,2021-12-24,BENXAMIN (2012-2013),14,5,0,19,mixto
V RUN FOZ RUN NADAL,2021-12-24,CADETE (2006-2007),8,7,0,15,mixto
V RUTA BTT MANCOMUNIDADE TERRA DE CELANOVA,2013-07-07,BTT. DISTANCIA: 42 KM,0,0,0,0,mixto
V Ruta Mtb Adc Os Mosqueteiros.Bike & Trail,2015-09-27,BTT RUTA CORTA,73,5,0,78,mixto
V Ruta Mtb Adc Os Mosqueteiros.Bike & Trail,2015-09-27,BTT RUTA LARGA,100,3,0,103,mixto
V Ruta Mtb Adc Os Mosqueteiros.Bike & Trail,2015-09-27,TRAIL,69,9,0,78,mixto
V SANITAS MARCA RUNNING SERIES DE GIJÓN,2016-10-16,CARRERA ABSOLUTA (16 AÑOS Ó MÁS),1199,311,0,1510,mixto
V SANITAS MARCA RUNNING SERIES DE GIJÓN,2016-10-16,VEHÍCULO ADAPTADO,2,0,0,2,mixto
V TRAIL CONCELLO DE ARTEIXO,2016-11-06,CURTO 18KM,176,39,0,215,mixto
V TRAIL CONCELLO DE ARTEIXO,2016-11-06,LONGO 28KM,106,5,0,111,mixto
V TRAIL COSTA DOCE 2020,2020-01-26,TRAIL CURTO,253,123,0,376,mixto
V TRAIL COSTA DOCE 2020,2020-01-26,TRAIL LONGO,221,21,0,242,mixto
V TRAIL COSTA DOCE 2020,2020-01-26,"TRAIL MENORES CADETES 15, 16 ou 17 anos o día da proba",1,0,0,1,mixto
V TRAIL COSTA DOCE 2020,2020-01-26,"TRAIL MENORES INFANTILES 12, 13 ou 14 anos o día da proba",5,5,0,10,mixto
V TRAIL DAS PONTES,2016-08-28,Recorrido 14km,110,24,0,134,mixto
V TRAIL DAS PONTES,2016-08-28,Recorrido 27km,96,8,0,104,mixto
V TRAIL DO NOCEDO,2026-03-08,"CADETE CxM (11,5K) 360 d+",8,3,0,11,mixto
V TRAIL DO NOCEDO,2026-03-08,"JUNIOR CxM (17,5K) 725+",2,1,0,3,mixto
V TRAIL DO NOCEDO,2026-03-08,TRAIL + PROMESA CxM + ABSOLUTA CxM (27K) 1600 d+,162,31,0,193,mixto
V TRAIL DO NOCEDO,2026-03-08,TRAIL CxM,99,21,0,120,mixto
V TRAIL DO NOCEDO,2026-03-08,TRAILIÑO + XUVENIL CxM (15K) 600 d+,158,91,0,249,mixto
V TRAIL DO NOCEDO,2026-03-08,TRAILIÑO CxM,3,1,0,4,mixto
V TRAIL E ANDAINA POLAS CABECEIRAS DO ANLLÓNS,2019-03-24,CRONO-ESCALADA,191,46,0,237,mixto
V TRAIL E ANDAINA POLAS CABECEIRAS DO ANLLÓNS,2019-03-24,MINITRAIL 16 KM,119,41,0,160,mixto
V TRAIL E ANDAINA POLAS CABECEIRAS DO ANLLÓNS,2019-03-24,TRAIL 25 KM,73,5,0,78,mixto
V TRAIL SUBIDA Ó MONTE PINDO,2015-06-13,TRAIL,263,25,0,288,mixto
V TRAIL TRANS SERRA DA GROBA-BAIONA,2017-11-04,EQUIPOS MINI TRAIL SERRA DA GROBA 2017,0,0,0,0,mixto
V TRAIL TRANS SERRA DA GROBA-BAIONA,2017-11-04,EQUIPOS TRAIL SERRA DA GROBA 2017,0,0,0,0,mixto
V TRAIL TRANS SERRA DA GROBA-BAIONA,2017-11-04,MINI TRAIL (25 KMS APROX.),108,11,0,119,mixto
V TRAIL TRANS SERRA DA GROBA-BAIONA,2017-11-04,TRAIL (55 KMS APROX.),37,2,0,39,mixto
V TRAIL TRANS SERRA DA GROBA-BAIONA,2017-11-04,TRAILIÑO (12 KM APROX),82,49,0,131,mixto
V TRAVESIA A NADO LARGA DISTANCIA A CORUÑA 10.000,2012-09-30,V TRAVESIA A NADO LARGA DISTANCIA A CORUÑA 10.000,0,0,0,0,mixto
V TRAVESÍA VILA DO TEA 2021,2021-08-14,ADAPTADA (Sen distinción de idade),2,0,0,2,mixto
V TRAVESÍA VILA DO TEA 2021,2021-08-14,"ALEVIN,INFANTIL Y POPULAR (Homes 2008 e anteriores-Mulleres 2010 e anteriores)",44,42,0,86,mixto
V TRAVESÍA VILA DO TEA 2021,2021-08-14,MASTER/POPULAR (2001 e anteriores),46,12,0,58,mixto
V TRAVESÍA VILA DO TEA 2021,2021-08-14,MENORES 200M ( Homes do 2009 e posteriores-Mulleres do 2011 e posteriores),15,3,0,18,mixto
V TRAVESÍA VILA DO TEA 2021,2021-08-14,REMUDAS MIXTAS ELITE (Homes 2008 e anteriores-Mulleres 2010 en anteriores),0,11,0,11,mixto
V TRAVESÍA VILA DO TEA 2021,2021-08-14,REMUDAS MIXTAS MASTER/POPULAR (2001 e anteriores sen licencia ou licencia Máster),1,4,0,5,mixto
V TRAVESÍA VILA DO TEA 2021,2021-08-14,ÉLITE (2007 e anteriores),13,13,0,26,mixto
V TRIATLON DESAFÍO PASTOR ISLAS CÍES 2017,2017-09-24,GRUPOS DE EDAD,314,22,0,336,mixto
V TRIATLON DESAFÍO PASTOR ISLAS CÍES 2017,2017-09-24,PRO,48,7,0,55,mixto
V TRIATLON SEMI INDOOR GRAN PREMIO SERVIOCIO VILA DE BAIONA 2016,2016-07-24,TRIATLON POPULAR,105,20,0,125,mixto
V Tríatlon Atlántico Baiona,2019-06-02,General,0,0,0,0,mixto
V Tríatlon Atlántico Baiona,2019-06-02,Paratriatlón,0,1,0,1,mixto
V Vertiatlon Solidario Baiona,2019-09-14,General,0,0,0,0,mixto
V edición Travesía a nado Costa Serena-Concello de Nigrán,2015-07-12,4000M,238,49,0,287,mixto
V edición Travesía a nado Costa Serena-Concello de Nigrán,2015-07-12,800M,42,33,0,75,mixto
V edición do TRAIL DO TREGA,2018-11-25,Castros Celtas 18km,143,23,0,166,mixto
V edición do TRAIL DO TREGA,2018-11-25,Mergelina Trail Trega 12km,73,43,0,116,mixto
VACALOURA GRAVEL,2026-06-28,RUTA CORTA,47,7,0,54,mixto
VACALOURA GRAVEL,2026-06-28,RUTA LONGA,195,6,0,201,mixto
VI 10 KM VILA DE XINZO DE LIMIA 2013,2013-03-10,PROBA ABSOLUTA. DISTANCIA: 10000 M,0,0,0,0,mixto
VI 10 KM VILLA DE RIBADESELLA,2014-09-20,CLASIFICACIÓN COMPLETA (POPULAR). DISTANCIA: 10000 M,0,0,0,0,mixto
VI 10KM CIDADE UNIVERSITARIA - CUVI 2012,2012-03-11,PROBA ABSOLUTA. DISTANCIA: 10000 M,0,0,0,0,mixto
VI BAIXADA POPULAR DE CROSS SAN PEDRO DE VISMA 2013,2013-06-30,PRUEBA ABSOLUTA. DISTANCIA: 7100 M,0,0,0,0,mixto
VI BAIXADA POPULAR DE CROSS SAN PEDRO DE VISMA. MENORES 2013,2013-06-30,ALEVIN. DISTANCIA: 800 M,0,0,0,0,mixto
VI BAIXADA POPULAR DE CROSS SAN PEDRO DE VISMA. MENORES 2013,2013-06-30,BENJAMIN. DISTANCIA: 800 M,0,0,0,0,mixto
VI BAIXADA POPULAR DE CROSS SAN PEDRO DE VISMA. MENORES 2013,2013-06-30,"INFANTIL, CADETE Y JUVENIL . DISTANCIA: 1600 M",0,0,0,0,mixto
VI C.P. CONCELLO DE REDONDELA. JUAN CRESPO,2013-06-30,ADULTOS. DISTANCIA: 6500 M,0,0,0,0,mixto
VI C.P.“MAR DE BOIRO”MEMORIAL PEPE BUCETA. 2010,2010-12-19,4º MEMORIAL PEPE BUCETA. Distancia: 8246 m,0,0,0,0,mixto
VI C.PEDESTRE DE CAMPAÑÓ. GP HOTEL CAMPANIOLA,2013-09-21,ADULTOS. DISTANCIA: 9650 M,0,0,0,0,mixto
VI C.PEDESTRE DE CAMPAÑÓ. GP HOTEL CAMPANIOLA,2013-09-21,JUVENIL. DISTANCIA: 3200 M,0,0,0,0,mixto
"VI CAMOVI (CARREIRA POR MONTAÑA ""MONTES DE VIVEIRO"") 2016",2016-04-10,CAMOVI 10K (SOLO PROMOCIÓN),12,11,0,23,mixto
"VI CAMOVI (CARREIRA POR MONTAÑA ""MONTES DE VIVEIRO"") 2016",2016-04-10,CAMOVI 10K (SÓLO COPA DE ESPAÑA),13,3,0,16,mixto
"VI CAMOVI (CARREIRA POR MONTAÑA ""MONTES DE VIVEIRO"") 2016",2016-04-10,CAMOVI 18K,97,25,0,122,mixto
"VI CAMOVI (CARREIRA POR MONTAÑA ""MONTES DE VIVEIRO"") 2016",2016-04-10,CAMOVI 42K,146,12,0,158,mixto
VI CANICROSS CONCELLO DE BOIMORTO 2012,2012-09-16,CANICROSS. Distancia: 3167 m,0,0,0,0,mixto
VI CARREIRA DA CEREIXA (RUN RUN VIGO),2017-05-28,ABSOLUTA (2001 Y ANTERIORES),148,43,0,191,mixto
VI CARREIRA DA CEREIXA (RUN RUN VIGO),2017-05-28,ABSOLUTA (RUNRUNVIGO),146,42,0,188,mixto
VI CARREIRA DA CEREIXA (RUN RUN VIGO),2017-05-28,ABSOLUTA (RUNRUNVIGO) [Compensada],146,42,0,188,mixto
VI CARREIRA DA CEREIXA (RUN RUN VIGO),2017-05-28,NIÑOS (2002 A 2007),10,6,0,16,mixto
VI CARREIRA NOCTURNA CELANOVA ADULT@S. LIGA09 x2,2009-06-27,Carrera,320,0,0,320,mixto
VI CARREIRA NOCTURNA MURUS LUCIS “ROMANOS VS CASTREXOS”,2025-06-13,CASTREX@S,18,11,0,29,mixto
VI CARREIRA NOCTURNA MURUS LUCIS “ROMANOS VS CASTREXOS”,2025-06-13,ROMAN@S,21,7,0,28,mixto
VI CARREIRA NOCTURNA RINLO-RIBADEO,2024-08-17,ABSOLUTA (2008 e anteriores),238,67,0,305,mixto
VI CARREIRA NOCTURNA RINLO-RIBADEO,2024-08-17,ALEVIN (2013-2014),14,16,0,30,mixto
VI CARREIRA NOCTURNA RINLO-RIBADEO,2024-08-17,BENXAMIN (2015-2016),14,7,0,21,mixto
VI CARREIRA NOCTURNA RINLO-RIBADEO,2024-08-17,INFANTIL (2011-2012) CADETE (2009-2010),20,14,0,34,mixto
VI CARREIRA PEDESTRE CONCELLO DE CAMARIÑAS,2017-03-12,ABSOLUTA 10K (1999 E ANT),256,55,0,311,mixto
VI CARREIRA PEDESTRE CONCELLO DE CAMARIÑAS,2017-03-12,ABSOLUTOS 3K CONTRA O CANCRO (1999 E ANTERIORES),40,61,0,101,mixto
VI CARREIRA PEDESTRE CONCELLO DE CAMARIÑAS,2017-03-12,ALEVÍN: 2006-2007,14,11,0,25,mixto
VI CARREIRA PEDESTRE CONCELLO DE CAMARIÑAS,2017-03-12,BENXAMÍNS: 2008-2009,19,18,0,37,mixto
VI CARREIRA PEDESTRE CONCELLO DE CAMARIÑAS,2017-03-12,CADEIRA DE RODAS (2001 E ANT),2,0,0,2,mixto
VI CARREIRA PEDESTRE CONCELLO DE CAMARIÑAS,2017-03-12,HANDBIKE 10K (2001 E ANTERIORES),2,0,0,2,mixto
VI CARREIRA PEDESTRE CONCELLO DE CAMARIÑAS,2017-03-12,INFANTIL:(04-05) CADETE (02-03) E XUVENIL (00-01),32,38,0,70,mixto
VI CARREIRA PEDESTRE CONCELLO DE CEE (NOCTURNA),2019-06-22,3K CONTRA O CANCRO (2003 E ANT.),74,76,0,150,mixto
VI CARREIRA PEDESTRE CONCELLO DE CEE (NOCTURNA),2019-06-22,ABSOLUTA 10K (2003 E ANT.),187,57,0,244,mixto
VI CARREIRA PEDESTRE CONCELLO DE CEE (NOCTURNA),2019-06-22,ALEVIN (2008-2009),12,14,0,26,mixto
VI CARREIRA PEDESTRE CONCELLO DE CEE (NOCTURNA),2019-06-22,BENXAMIN (2010-2011),12,13,0,25,mixto
VI CARREIRA PEDESTRE CONCELLO DE CEE (NOCTURNA),2019-06-22,"INFANTIL (06-07), CADETE (04-05) E XUVENIL (02-03)",33,27,0,60,mixto
VI CARREIRA PEDESTRE CONCELLO DE FISTERRA,2019-10-13,3K CONTRA O CANCRO (2003 E ANT.),47,60,0,107,mixto
VI CARREIRA PEDESTRE CONCELLO DE FISTERRA,2019-10-13,ABSOLUTA 10K (2003 E ANT.),145,35,0,180,mixto
VI CARREIRA PEDESTRE CONCELLO DE FISTERRA,2019-10-13,BENXAMIN (10-11) E ALEVÍN (08-09),24,40,0,64,mixto
VI CARREIRA PEDESTRE CONCELLO DE FISTERRA,2019-10-13,"INFANTIL (06-07), CADETE (04-05) E XUVENIL (02-03)",24,28,0,52,mixto
VI CARREIRA PEDESTRE CONCELLO DE MUXIA,2019-07-14,3K CONTRA O CANCRO (2003 E ANT.),66,68,0,134,mixto
VI CARREIRA PEDESTRE CONCELLO DE MUXIA,2019-07-14,ABSOLUTA 10K (2003 E ANT.),162,42,0,204,mixto
VI CARREIRA PEDESTRE CONCELLO DE MUXIA,2019-07-14,BENXAMIN (10-11) E ALEVÍN (08-09),20,30,0,50,mixto
VI CARREIRA PEDESTRE CONCELLO DE MUXIA,2019-07-14,"INFANTIL (06-07), CADETE (04-05) E XUVENIL (02-03)",26,20,0,46,mixto
VI CARREIRA PEDESTRE CONCELLO DE OUTES 2013 10KM,2013-05-17,PROBA ABSOLUTA. DISTANCIA: 10000 M,0,0,0,0,mixto
VI CARREIRA PEDESTRE CONCELLO DE OUTES 2013 MENORES,2013-05-17,1 KM. DISTANCIA: 1000 M,0,0,0,0,mixto
VI CARREIRA PEDESTRE CONCELLO DE OUTES 2013 MENORES,2013-05-17,3 KM. DISTANCIA: 3000 M,0,0,0,0,mixto
VI CARREIRA PEDESTRE CONCELLO DE VIMIANZO,2016-04-24,ABSOLUTA 10K (1998 E ANTERIORES),183,29,0,212,mixto
VI CARREIRA PEDESTRE CONCELLO DE VIMIANZO,2016-04-24,ABSOLUTA 3K CONTRA O CANCRO (1998 E ANOS ANTERIORES),34,49,0,83,mixto
VI CARREIRA PEDESTRE CONCELLO DE VIMIANZO,2016-04-24,ALEVIN (2005-2006),13,28,0,41,mixto
VI CARREIRA PEDESTRE CONCELLO DE VIMIANZO,2016-04-24,BENXAMIN (2007-2008),21,24,0,45,mixto
VI CARREIRA PEDESTRE CONCELLO DE VIMIANZO,2016-04-24,"INFANTIL (2004-2003), CADETE (2002-2001) E XUVENIL (2000-1999)",25,19,0,44,mixto
VI CARREIRA PEDESTRE CONCELLO DE ZAS,2019-06-01,3K CONTRA O CANCRO (2003 E ANT.),62,66,0,128,mixto
VI CARREIRA PEDESTRE CONCELLO DE ZAS,2019-06-01,ABSOLUTA 10K (2003 E ANT.),166,45,0,211,mixto
VI CARREIRA PEDESTRE CONCELLO DE ZAS,2019-06-01,BENXAMIN (10-11) E ALEVÍN (08-09),23,38,0,61,mixto
VI CARREIRA PEDESTRE CONCELLO DE ZAS,2019-06-01,"INFANTIL (06-07), CADETE (04-05) E XUVENIL (02-03)",19,31,0,50,mixto
VI CARREIRA PEDESTRE DO CONCELLO DE MALPICA,2023-09-30,10 KM (2007 e anteriores),94,17,0,111,mixto
VI CARREIRA PEDESTRE DO CONCELLO DE MALPICA,2023-09-30,2 KM (2007 e anteriores),9,4,0,13,mixto
VI CARREIRA PEDESTRE DO CONCELLO DE MALPICA,2023-09-30,SUB 10 (2014-2017),19,10,0,29,mixto
VI CARREIRA PEDESTRE DO CONCELLO DE MALPICA,2023-09-30,SUB12 (2012-2013) SUB14 (2010-2011) SUB16 (2008-2009),13,16,0,29,mixto
VI CARREIRA PEDESTRE SAN BRAIS 2014,2014-02-02,PROBA ABSOLUTA. DISTANCIA: 6000 M,0,0,0,0,mixto
VI CARREIRA PEDESTRE SAN BRAIS 2014. CCCP,2014-02-02,CCCP 2014. DISTANCIA: 6000 M,0,0,0,0,mixto
VI CARREIRA PEDESTRE SAN BRAIS 2014. COMPENSADA FEMENINA,2014-02-02,CCCP 2014. DISTANCIA: 6000 M,0,0,0,0,mixto
VI CARREIRA PEDESTRE SAN BRAIS 2014. COMPENSADA MASCULINA,2014-02-02,CCCP 2014. DISTANCIA: 6000 M,0,0,0,0,mixto
VI CARREIRA PEDESTRE SANTIAGUIÑO DO BURGO 2014 COMPENSADA FEMENINA,2014-07-25,CCCP 2014. DISTANCIA: 6100 M,0,0,0,0,mixto
VI CARREIRA PEDESTRE SANTIAGUIÑO DO BURGO 2014 COMPENSADA MASCULINA,2014-07-25,CCCP 2014. DISTANCIA: 6100 M,0,0,0,0,mixto
"VI CARREIRA PEDESTRE SANTIAGUIÑO DO BURGO 2014, Pontevedra",2014-07-25,PROBA ABSOLUTA. DISTANCIA: 6100 M,0,0,0,0,mixto
VI CARREIRA PEDESTRE SANTIAGUIÑO DO BURGO 2014.CCCP,2014-07-25,CCCP 2014. DISTANCIA: 6100 M,0,0,0,0,mixto
VI CARREIRA POPULAR CONCELLO DE BEGONTE,2023-07-01,ABSOLUTA (2004 e anteriores),92,37,0,129,mixto
VI CARREIRA POPULAR CONCELLO DE BEGONTE,2023-07-01,CATEGORIA A (2014-2015),5,5,0,10,mixto
VI CARREIRA POPULAR CONCELLO DE BEGONTE,2023-07-01,CATEGORIA B (2011-2013),5,6,0,11,mixto
VI CARREIRA POPULAR CONCELLO DE BEGONTE,2023-07-01,CATEGORIA C (2008-2010),2,2,0,4,mixto
VI CARREIRA POPULAR CONCELLO DE BEGONTE,2023-07-01,CATEGORIA D (2005-2007),3,0,0,3,mixto
"VI CARREIRA POPULAR CONCELLO DE CARBALLEDO ""ENTRE CARBALLOS CENTENARIOS""",2024-05-04,ABSOLUTA (2006 e anteriores),77,42,0,119,mixto
VI CARREIRA POPULAR CONCELLO DE FRIOL,2018-04-22,ABSOLUTA (2004 E ANTERIORES),189,93,0,282,mixto
VI CARREIRA POPULAR CONCELLO DE MONFORTE,2014-03-30,PROBA ABSOLUTA. DISTANCIA: 7000 M,0,0,0,0,mixto
VI CARREIRA POPULAR CONCELLO DE MONTERREI. MONTERREI é 10,2019-11-03,10 K (2003 E ANTERIORES),54,11,0,65,mixto
VI CARREIRA POPULAR CONCELLO DE MONTERREI. MONTERREI é 10,2019-11-03,5K (2003 E ANTERIORES),12,2,0,14,mixto
VI CARREIRA POPULAR CONCELLO DE MONTERREI. MONTERREI é 10,2019-11-03,PREBENXAMIN (2012-2013),9,0,0,9,mixto
VI CARREIRA POPULAR CONCELLO DE MONTERREI. MONTERREI é 10,2019-11-03,SUB10(2010-2011)/SUB12(2008-2009),9,9,0,18,mixto
VI CARREIRA POPULAR CONCELLO DE MONTERREI. MONTERREI é 10,2019-11-03,SUB14(2006-2007)/SUB16(2004-2005),4,1,0,5,mixto
VI CARREIRA POPULAR CONCELLO DE MONTERREI. MONTERREI é 10,2019-11-03,TAPIAS MARIÑÁN DUO RACE (PARELLAS FEMENINAS),0,0,0,0,mixto
VI CARREIRA POPULAR CONCELLO DE MONTERREI. MONTERREI é 10,2019-11-03,TAPIAS MARIÑÁN DUO RACE (PARELLAS MASCULINAS),0,0,0,0,mixto
VI CARREIRA POPULAR CONCELLO DE MONTERREI. MONTERREI é 10,2019-11-03,TAPIAS MARIÑÁN DUO RACE (PARELLAS MIXTAS),0,0,0,0,mixto
VI CARREIRA POPULAR CONCELLO DE SOBER 2014,2014-06-22,PROBA ABSOLUTA. DISTANCIA: 9600 M,0,0,0,0,mixto
VI CARREIRA POPULAR DAS LETRAS GALEGAS VILALBA,2015-05-17,CARREIRA ABSOLUTA,70,14,0,84,mixto
VI CARREIRA POPULAR DE CHANTADA 8 KM NO CORAZÓN,2015-04-18,ADULTOS (1999 Y ANTERIORES),180,43,0,223,mixto
VI CARREIRA POPULAR DE MASIDE 2012,2012-09-02,Adultos. Distancia: 9100 m,0,0,0,0,mixto
VI CARREIRA POPULAR DE MONDARIZ,2022-09-24,ABSOLUTA (2006 e anteriores),86,29,0,115,mixto
VI CARREIRA POPULAR DE RABADE 2009,2009-01-25,ABSOLUTA. DISTANCIA: 5000 M,0,0,0,0,mixto
VI CARREIRA POPULAR DO SAN SALVADOR ADULTOS,2013-08-03,ABSOLUTA. DISTANCIA: 7000 M,0,0,0,0,mixto
VI CARREIRA POPULAR DO SAN SALVADOR MENORES,2013-08-03,MENORES. DISTANCIA: 2300 M,0,0,0,0,mixto
VI CARREIRA POPULAR DOLMEN DE DOMBATE,2019-09-21,ABSOLUTOS 10K (2001 E ANTERIORES),157,35,0,192,mixto
VI CARREIRA POPULAR DOLMEN DE DOMBATE,2019-09-21,ABSOLUTOS 3K (2001 E ANTERIORES),77,95,0,172,mixto
VI CARREIRA POPULAR DOLMEN DE DOMBATE,2019-09-21,ALEVIN (2008-2009),15,17,0,32,mixto
VI CARREIRA POPULAR DOLMEN DE DOMBATE,2019-09-21,BENXAMIN (2010-2011),24,14,0,38,mixto
VI CARREIRA POPULAR FESTA DA AUGARDENTE DE PORTOMARÍN,2022-04-17,CARREIRA ABSOLUTA (2004 E ANOS ANTERIORES),83,23,0,106,mixto
VI CARREIRA POPULAR GUITIRIZ TERMAL 2011,2011-06-25,Carrera,127,0,0,127,mixto
VI CARREIRA POPULAR MONTE DE SANTA CRUZ (RIBADEO) 2013,2013-08-31,PROBA ABSOLUTA. DISTANCIA: 8500 M,0,0,0,0,mixto
VI CARREIRA POPULAR MONTE DE SANTA CRUZ (RIBADEO) 2013. MENORES,2013-08-31,CATEGORIA INFANTIL E CADETE. DISTANCIA: 700 M,0,0,0,0,mixto
VI CARREIRA POPULAR MONTE DE SANTA CRUZ (RIBADEO) 2013. MENORES,2013-08-31,CATEGORIA PITUFOS. DISTANCIA: 80 M,0,0,0,0,mixto
VI CARREIRA POPULAR MONTE DE SANTA CRUZ (RIBADEO) 2013. MENORES,2013-08-31,CATEGORIA PREBENXAMIN E BENXAMIN. DISTANCIA: 350 M,0,0,0,0,mixto
VI CARREIRA POPULAR MONTE DE SANTA CRUZ (RIBADEO) 2013. MENORES,2013-08-31,CATEGORÍA ALEVIN. DISTANCIA: 700 M,0,0,0,0,mixto
VI CARREIRA POPULAR OS ROSALES,2017-12-03,ABSOLUTA,477,153,0,630,mixto
VI CARREIRA POPULAR OS ROSALES,2017-12-03,PRE-BENXAMIN (Non Competitiva),0,0,0,0,mixto
VI CARREIRA POPULAR OS ROSALES,2017-12-03,SUB10,50,34,0,84,mixto
VI CARREIRA POPULAR OS ROSALES,2017-12-03,SUB12,29,35,0,64,mixto
VI CARREIRA POPULAR OS ROSALES,2017-12-03,SUB14,17,19,0,36,mixto
VI CARREIRA POPULAR OS ROSALES,2017-12-03,SUB16 y SUB18,14,15,0,29,mixto
VI CARREIRA POPULAR SAN XIAN DE ARTES - A CARREIRA DO DEMO 2013,2013-09-08,PROBA ABSOLUTA. DISTANCIA: 6666 M,0,0,0,0,mixto
VI CARREIRA POPULAR VAL DAS FABAS LOURENZÁ 2015,2015-10-03,GALAICA(1995 E ANTERIORES),86,7,0,93,mixto
VI CARREIRA POPULAR VAL DAS FABAS LOURENZÁ 2015,2015-10-03,VERDINA(2001 E ANTERIORES),64,27,0,91,mixto
VI CARREIRA POPULAR VENTORRILLO,2018-09-23,ABSOLUTA,354,114,0,468,mixto
VI CARREIRA POPULAR VENTORRILLO,2018-09-23,PRE-BENXAMÍN (No competitiva),0,0,0,0,mixto
VI CARREIRA POPULAR VENTORRILLO,2018-09-23,SUB10,20,7,0,27,mixto
VI CARREIRA POPULAR VENTORRILLO,2018-09-23,SUB12,17,23,0,40,mixto
VI CARREIRA POPULAR VENTORRILLO,2018-09-23,SUB14,13,4,0,17,mixto
VI CARREIRA POPULAR VENTORRILLO,2018-09-23,SUB16-SUB-18,11,9,0,20,mixto
VI CARREIRA POPULAR VILA DE MEIRA,2025-08-09,ABSOLUTA (2009 e anteriores),77,20,0,97,mixto
VI CARREIRA POPULAR VILA DE MEIRA,2025-08-09,ALEVIN (2014-2015),12,11,0,23,mixto
VI CARREIRA POPULAR VILA DE MEIRA,2025-08-09,BENXAMIN (2016-2017),11,11,0,22,mixto
VI CARREIRA POPULAR VILA DE MEIRA,2025-08-09,CADETE (2010-2011),5,2,0,7,mixto
VI CARREIRA POPULAR VILA DE MEIRA,2025-08-09,INFANTIL (2012-2013),8,4,0,12,mixto
VI CARREIRA POPULAR VILA DE MEIRA,2025-08-09,PITUFOS (2021-2023),5,6,0,11,mixto
VI CARREIRA POPULAR VILA DE MEIRA,2025-08-09,PREBENXAMIN (2018-2020),13,8,0,21,mixto
VI CARREIRA POPULAR VÍA NOVA ``CONCELLO DE BANDE´´,2019-06-01,ABSOLUTA (2003 E ANTERIORES),114,34,0,148,mixto
VI CARREIRA RIO MAO BOVEDA 2013,2013-05-26,PROBA ABSOLUTA. DISTANCIA: 7500 M,0,0,0,0,mixto
VI CARREIRA SOLIDARIA DO COLEXIO CERVANTES,2016-05-17,ADULTOS,124,44,0,168,mixto
VI CARREIRA SOLIDARIA DO COLEXIO CERVANTES,2016-05-17,CAT A,22,33,0,55,mixto
VI CARREIRA SOLIDARIA DO COLEXIO CERVANTES,2016-05-17,CAT B,17,14,0,31,mixto
VI CARREIRA SOLIDARIA DO COLEXIO CERVANTES,2016-05-17,CAT C Y D,12,7,0,19,mixto
VI CARRERA CONTRA EL CANCER CORUÑA – EN MARCHA CONTRA EL CANCER,2017-06-04,CADETE Y JUVENIL (DESDE 2003 HASTA 2000),11,15,0,26,mixto
VI CARRERA CONTRA EL CANCER CORUÑA – EN MARCHA CONTRA EL CANCER,2017-06-04,CARRERA ABSOLUTA (AÑO 1999 Y ANTERIORES),576,490,0,1066,mixto
VI CARRERA DEL AGUA UNICEF SADA,2016-10-02,ALEVINES (2005/2006),37,43,0,80,mixto
VI CARRERA DEL AGUA UNICEF SADA,2016-10-02,BENJAMINES (2007/2008),39,46,0,85,mixto
VI CARRERA DEL AGUA UNICEF SADA,2016-10-02,CADETES (2001 Y 2002) Y JUVENIL/JUNIOR (1997 A 2000),13,17,0,30,mixto
VI CARRERA DEL AGUA UNICEF SADA,2016-10-02,INFANTIL (2003/2004),24,22,0,46,mixto
VI CARRERA DEL AGUA UNICEF SADA,2016-10-02,PREBENJAMINES (2009/2010),0,38,0,38,mixto
VI CARRERA DEL AGUA UNICEF SADA,2016-10-02,PREBENJAMNES (2009/2010),46,0,0,46,mixto
VI CARRERA DEL AGUA UNICEF SADA,2016-10-02,"PROMESA, SENIORS Y VETERANOS (1996 Y AÑOS ANTERIORES))",484,132,0,616,mixto
VI CARRERA HUCA 'MUÉVETE POR LA SALUD' 3K CarrerHUCA 'Corre o Camina' y 10K HUCA,2023-10-22,10K HUCA,341,144,0,485,mixto
VI CARRERA POPULAR ANA AMELIA MENENDEZ 2013,2013-01-27,PRUEBA ABSOLUTA. DISTANCIA: 10000 M,0,0,0,0,mixto
VI CARRERA POPULAR CENTRO “RICARDO BARÓ” ASPRONAGA,2019-11-01,CARRERA ABSOLUTA (2001 Y AÑOS ANTERIORES),134,51,0,185,mixto
VI CARRERA POPULAR CENTRO “RICARDO BARÓ” ASPRONAGA,2019-11-01,PRE-BENJAMIN (2012-2013),9,8,0,17,mixto
VI CARRERA POPULAR CENTRO “RICARDO BARÓ” ASPRONAGA,2019-11-01,SUB 10 (2010-2011),18,16,0,34,mixto
VI CARRERA POPULAR CENTRO “RICARDO BARÓ” ASPRONAGA,2019-11-01,SUB 16 (2004-2005) Y SUB 18 (2002-2003),8,2,0,10,mixto
VI CARRERA POPULAR CENTRO “RICARDO BARÓ” ASPRONAGA,2019-11-01,SUB12,21,24,0,45,mixto
VI CARRERA POPULAR CENTRO “RICARDO BARÓ” ASPRONAGA,2019-11-01,SUB14,12,11,0,23,mixto
VI CARRERA POPULAR DE MONTAÑA CLUB FLUVIAL DE LUGO,2022-10-09,CORTA,39,16,0,55,mixto
VI CARRERA POPULAR DE MONTAÑA CLUB FLUVIAL DE LUGO,2022-10-09,LARGA,68,14,0,82,mixto
VI CARRERA POPULAR MILLA DEL CONOCIMIENTO (GIJÓN),2015-11-15,PRUEBA DE ADULTOS (2000 Y AÑOS ANTERIORES),508,206,0,714,mixto
VI CARRERA POPULAR VEGA-NAVIA 2014,2014-05-18,ADULTOS. DISTANCIA: 9000 M,0,0,0,0,mixto
"VI CARRERA POPULAR “CULTIVANDO DEPORTE, BOIMORTO NO CAMIÑO”",2023-08-26,CARRERA POPULAR,148,100,0,248,mixto
VI CLASICA GANDEIRA SANTA COMBA,2026-03-28,10KM DENDE SUB18 A MASTER,142,49,0,191,mixto
VI CLASICA GANDEIRA SANTA COMBA,2026-03-28,3KM - SUB14 (2013-2014) SUB16 (2011-2012),16,16,0,32,mixto
VI CLASICA GANDEIRA SANTA COMBA,2026-03-28,3KM DENDE SUB18 A MASTER,32,22,0,54,mixto
VI CLASICA GANDEIRA SANTA COMBA,2026-03-28,SUB10 (2017-2018) SUB12 (2015-2016),21,38,0,59,mixto
VI CORUÑA10 -2012,2012-10-07,VI CORUÑA10 -2012,0,0,0,0,mixto
VI Carreira Nocturna de Sada (Benéfica Cruz Roja/Cáritas Sada),2021-12-17,HANDBIKE,2,0,0,2,mixto
VI Carreira Nocturna de Sada (Benéfica Cruz Roja/Cáritas Sada),2021-12-17,SUB 10,28,6,0,34,mixto
VI Carreira Nocturna de Sada (Benéfica Cruz Roja/Cáritas Sada),2021-12-17,SUB 12,10,14,0,24,mixto
VI Carreira Nocturna de Sada (Benéfica Cruz Roja/Cáritas Sada),2021-12-17,SUB 14,10,19,0,29,mixto
VI Carreira Nocturna de Sada (Benéfica Cruz Roja/Cáritas Sada),2021-12-17,SUB 16 MIXTA,12,5,0,17,mixto
VI Carreira Nocturna de Sada (Benéfica Cruz Roja/Cáritas Sada),2021-12-17,"SUB18, SENIOR, MASTER",148,70,0,218,mixto
VI Carreira Popular de Taboada “Entre pazos e carballos”,2017-09-23,CARREIRA ABSOLUTA (2000 E ANT.),164,61,0,225,mixto
VI Carreira Popular de Taboada “Entre pazos e carballos”,2017-09-23,CATEGORÍA A (2009 A 2011),23,20,0,43,mixto
VI Carreira Popular de Taboada “Entre pazos e carballos”,2017-09-23,CATEGORÍA B (2006 A 2008),29,28,0,57,mixto
VI Carreira Popular de Taboada “Entre pazos e carballos”,2017-09-23,CATEGORÍA C (2001 A 2005),18,9,0,27,mixto
VI Carreira Popular “Benquerencia Terra Mar”,2018-08-05,ABSOLUTA (2002 e anteriores),136,42,0,178,mixto
VI Carreira Popular “Benquerencia Terra Mar”,2018-08-05,ALEVIN (2007-2008),13,8,0,21,mixto
VI Carreira Popular “Benquerencia Terra Mar”,2018-08-05,BENXAMIN (2009-2010),16,17,0,33,mixto
VI Carreira Popular “Benquerencia Terra Mar”,2018-08-05,CADETE (2003-2004),8,4,0,12,mixto
VI Carreira Popular “Benquerencia Terra Mar”,2018-08-05,INFANTIL (2005-2006),17,9,0,26,mixto
VI Carreira Popular “Benquerencia Terra Mar”,2018-08-05,PRE-BENXAMIN (2011-2012),22,14,0,36,mixto
VI Carrera Popular Novo Mesoiro,2016-11-06,ABSOLUTA (1999 Y ANT.),534,154,0,688,mixto
VI Carrera Popular Novo Mesoiro,2016-11-06,ALEVIN (2006/2007),27,27,0,54,mixto
VI Carrera Popular Novo Mesoiro,2016-11-06,BENJAMIN (2008/2009),47,40,0,87,mixto
VI Carrera Popular Novo Mesoiro,2016-11-06,INFANTIL (2004/2005),13,20,0,33,mixto
VI Carrera Popular Novo Mesoiro,2016-11-06,JUVENIL (2000/2001) - CADETE (2002/2003),28,19,0,47,mixto
VI Carrera Popular Torre de Hércules,2016-04-02,Adultos (1998 y anteriores),780,367,0,1147,mixto
VI Carrera Popular Torre de Hércules,2016-04-02,Alevín (2005 y 2006),40,41,0,81,mixto
VI Carrera Popular Torre de Hércules,2016-04-02,Benjamín (2007 y 2008),51,56,0,107,mixto
VI Carrera Popular Torre de Hércules,2016-04-02,Cadete Fem. y Masc. (2001 y 2002),14,12,0,26,mixto
VI Carrera Popular Torre de Hércules,2016-04-02,Infantil (2003 y 2004),24,18,0,42,mixto
VI Carrera Popular Torre de Hércules,2016-04-02,Juvenil Fem. y Masc. (1999 y 2000),15,2,0,17,mixto
VI Carrera Popular Volta a Oza,2017-09-10,Adultos,360,112,0,472,mixto
VI Carrera Popular Volta a Oza,2017-09-10,Alevins,12,9,0,21,mixto
VI Carrera Popular Volta a Oza,2017-09-10,Benxamins,23,15,0,38,mixto
VI Carrera Popular Volta a Oza,2017-09-10,Cadete e Xuvenil,14,11,0,25,mixto
VI Carrera Popular Volta a Oza,2017-09-10,Infantil,6,2,0,8,mixto
VI Carrera popular CNSO - RGCC,2017-10-08,RECORRIDO A (2003 Y AÑOS ANTERIORES),414,228,0,642,mixto
VI Carrera popular CNSO - RGCC,2017-10-08,RECORRIDO B (2004 A 2007),10,25,0,35,mixto
VI Cross Popular Cabo Udra,2022-06-26,ABSOLUTA (2005 e anteriores),220,45,0,265,mixto
VI Cross Popular Cabo Udra,2022-06-26,POPULAR (2007 e anteriores),41,20,0,61,mixto
VI DESAFÍO SAN MIGUEL MONTERROSO,2023-09-24,RUTA CORTA,41,6,0,47,mixto
VI DESAFÍO SAN MIGUEL MONTERROSO,2023-09-24,RUTA LONGA,108,4,0,112,mixto
VI DUATLON CONCELLO DE POIO,2024-04-20,COPA GALICIA VETERANOS,53,0,0,53,mixto
VI DUATLON CONCELLO DE POIO,2024-04-20,General,60,36,0,96,mixto
VI Edición 10k O ROSAL FEIRA DO VIÑO,2019-07-28,CARREIRA 10 KM,44,11,0,55,mixto
VI Edición 10k O ROSAL FEIRA DO VIÑO,2019-07-28,CARREIRA 5 KM,16,7,0,23,mixto
VI Edición Terremoto Trail,2017-09-24,MARATON 42KM,11,0,0,11,mixto
VI Edición Terremoto Trail,2017-09-24,MINI 15KM,39,11,0,50,mixto
VI Edición Terremoto Trail,2017-09-24,TRAIL 26KM,12,1,0,13,mixto
VI Eurocidade 10 - 2017,2017-06-11,10 KM,198,40,0,238,mixto
VI LEGUA MARÍTIMA R.S.D. HÍPICA - MALAWI 2016,2016-11-27,ADULTOS (2000 Y ANT.),271,117,0,388,mixto
VI LEGUA MARÍTIMA R.S.D. HÍPICA - MALAWI 2016,2016-11-27,BENJAMIN (2007-2008) Y ALEVIN (2005-2006),22,24,0,46,mixto
VI LEGUA MARÍTIMA R.S.D. HÍPICA - MALAWI 2016,2016-11-27,INFANTIL (2003-2004) Y CADETE (2001-2002),16,5,0,21,mixto
VI MARATON K42 XTREME LAGOS DE COVADONGA 2012,2012-09-23,VI MARATON K42 XTREME LAGOS DE COVADONGA 2012,0,0,0,0,mixto
VI MEDIA MARATON CIUDAD DE LEÓN 2014,2014-03-16,MEDIO MARATON EN SILLA DE RUEDAS. DISTANCIA: 21097 M,0,0,0,0,mixto
VI MEDIA MARATON CIUDAD DE LEÓN 2014,2014-03-16,MEDIO MARATON. DISTANCIA: 21097 M,0,0,0,0,mixto
VI MEDIA MARATON CORAZON DE ASTURIAS 2013,2013-02-17,RECORRIDO HOMOLOGADO. DISTANCIA: 21097 M,0,0,0,0,mixto
VI MEDIA MARATON NOCTURNA CIUDAD DE PONFERRADA,2013-07-20,ABSOLUTA. DISTANCIA: 21097 M,0,0,0,0,mixto
VI MEDIA MARATON RIBADEO – AS CATEDRAIS,2019-09-14,MEDIO MARATON,486,108,0,594,mixto
VI MEDIA MARATÓN GIJÓN “VILLA DE JOVELLANOS”,2016-04-30,MEDIO MARATON,1844,342,0,2186,mixto
VI MEDIA MARATÓN GIJÓN “VILLA DE JOVELLANOS”,2016-04-30,MEDIO MARATON EN VEHÍCULO ADAPTADO,1,0,0,1,mixto
"VI MEDIA MARATÓN SOLIDARIA ZONA ABERTA, a favor de Cáritas Interparroquial, Vilagarcía de Arousa",2017-11-26,MEDIO MARATON,356,19,0,375,mixto
VI MEDIO MARATON CORUÑA21,2014-02-23,CLASIFICACIÓN COMPLETA (POPULAR Y CAMPEONATO). DISTANCIA: 21097 M,0,0,0,0,mixto
VI MEMORIAL EDUARDO FERNÁNDEZ VILLAMARÍN 2009,2009-01-25,Carrera,218,0,0,218,mixto
VI MOUNTEMPLARIA 2013,2013-06-29,RECORRIDO A. DISTANCIA: 80 KM,0,0,0,0,mixto
VI MOUNTEMPLARIA 2013,2013-06-29,RECORRIDO B. DISTANCIA: 57 KM,0,0,0,0,mixto
VI NOCTURNA CORRENDO POR VIGO - AS TRAVESAS-,2018-06-09,EQUIPOS NOCTURNA VIGO 2018,0,0,0,0,mixto
VI NOCTURNA CORRENDO POR VIGO - AS TRAVESAS-,2018-06-09,PRUEBA DE 10 KM,553,133,0,686,mixto
VI NOCTURNA CORRENDO POR VIGO - AS TRAVESAS-,2018-06-09,PRUEBA DE 10 KM (DISCAMINO),7,3,0,10,mixto
VI NOCTURNA CORRENDO POR VIGO - AS TRAVESAS-,2018-06-09,PRUEBA DE 10 KM (RUNRUNVIGO),549,133,0,682,mixto
VI NOCTURNA CORRENDO POR VIGO - AS TRAVESAS-,2018-06-09,PRUEBA DE 5 KM,109,90,0,199,mixto
"VI RUTA BTT MANCOMUNIDADE TERRA DE CELANOVA, Quintela de Leirado",2014-06-22,BTT. DISTANCIA: 42 KM,0,0,0,0,mixto
VI RUTA BTT TERRA CHA DO QUEIXO SAN SIMON DA COSTA,2022-04-02,35Km (600m de desnivel positivo),28,7,0,35,mixto
VI RUTA BTT TERRA CHA DO QUEIXO SAN SIMON DA COSTA,2022-04-02,54Km (950m de desnivel positivo,97,3,0,100,mixto
VI RUTA BTT TERRA CHA DO QUEIXO SAN SIMON DA COSTA,2022-04-02,61Km (1300 m desnivel positivo),84,1,0,85,mixto
VI RUTA REI CINTOLO 2016 - OPEN DE GALICIA XCM,2016-05-08,35KM (1 VOLTA),79,5,0,84,mixto
VI RUTA REI CINTOLO 2016 - OPEN DE GALICIA XCM,2016-05-08,OPEN DE GALICIA XCM,74,4,0,78,mixto
VI RUTA REI CINTOLO 2016 - OPEN DE GALICIA XCM,2016-05-08,PRUEBA CICLOTURISTA (MAYORES DE 15 AÑOS),5,0,0,5,mixto
VI Ruta Adc Os Mosqueteiros. Bike,2016-10-09,MARATON MTB (60KM),115,4,0,119,mixto
VI Ruta Adc Os Mosqueteiros. Bike,2016-10-09,RUTA CORTA (40KM),211,7,0,218,mixto
VI Ruta Adc Os Mosqueteiros. Desafio Moskepower,2016-10-09,MOSKEPOWER,0,0,0,0,mixto
VI Ruta Adc Os Mosqueteiros. Trail,2016-10-08,24KM,61,10,0,71,mixto
VI SAN SILVESTRE A CORUÑA 2015,2015-12-31,RECORRIDO DE 7.600 M APROX. ( A PARTIR DE 15 AÑOS),1847,852,0,2699,mixto
VI SANITAS MARCA RUNNING SERIES DE GIJON,2017-10-29,ABSOLUTA (16 AÑOS O MAS),1124,302,0,1426,mixto
VI SANITAS MARCA RUNNING SERIES DE GIJON,2017-10-29,VEHÍCULO ADAPTADO,2,0,0,2,mixto
VI TRAIL CONCELLO DE ARTEIXO,2017-10-29,CURTO 18KM,193,39,0,232,mixto
VI TRAIL CONCELLO DE ARTEIXO,2017-10-29,LONGO 28KM,81,6,0,87,mixto
VI TRAIL COSTA DOCE 2022 (domingo),2022-06-11,TRAIL CURTO,158,56,0,214,mixto
VI TRAIL COSTA DOCE 2022 (domingo),2022-06-11,TRAIL LONGO,76,9,0,85,mixto
VI TRAIL COSTA DOCE 2022 (sábado),2022-06-11,TRAIL NOCTURNO,54,17,0,71,mixto
VI TRAIL DAS PONTES,2017-08-27,RECORRIDO 16KM,154,43,0,197,mixto
VI TRAIL DAS PONTES,2017-08-27,RECORRIDO 27KM,82,17,0,99,mixto
VI TRAIL DE VILATUXE 2018,2018-06-03,COPA GALEGA,64,7,0,71,mixto
VI TRAIL DE VILATUXE 2018,2018-06-03,TRAIL CURTO (17.5 KM +850 M),89,27,0,116,mixto
VI TRAIL DE VILATUXE 2018,2018-06-03,TRAIL LONGO (34 KM +2200 M),95,10,0,105,mixto
VI TRAIL E ANDAINA DE CELANOVA,2022-04-03,EQUIPOS TRAIL CELANOVA 2022,0,0,0,0,mixto
VI TRAIL E ANDAINA DE CELANOVA,2022-04-03,RELEVOS POR PARELLAS (Maiores de 18 anos),26,4,0,30,mixto
VI TRAIL E ANDAINA DE CELANOVA,2022-04-03,TRAIL (Maiores de 18 anos),81,24,0,105,mixto
VI TRAIL TRANS SERRA DA GROBA-BAIONA,2018-11-03,MINI TRAIL (25 KMS APROX.),138,15,0,153,mixto
VI TRAIL TRANS SERRA DA GROBA-BAIONA,2018-11-03,TRAIL (42 KMS APROX.),51,4,0,55,mixto
VI TRAIL TRANS SERRA DA GROBA-BAIONA,2018-11-03,TRAILIÑO (12 KM APROX),82,44,0,126,mixto
VI TRAVESÍA 'CASTROS DE CELORIO'. RECORRIDO DE 1300 METROS,2014-07-12,PRUEBA DE 1.300 M. DISTANCIA: 1300 M,0,0,0,0,mixto
VI TRAVESÍA 'CASTROS DE CELORIO'. RECORRIDO DE 2200 METROS,2014-07-12,PRUEBA DE 2.200 M. DISTANCIA: 2200 M,0,0,0,0,mixto
"VI TRAVESÍA A NADO ""GRAN PREMIO SERVIOCIO"" VILA DE BAIONA 2015",2015-07-11,SENIOR 1 (NACIDOS/AS EN EL 2000 Y AÑOS ANTERIORES),43,26,0,69,mixto
"VI TRAVESÍA A NADO ""GRAN PREMIO SERVIOCIO"" VILA DE BAIONA 2015",2015-07-11,SENIOR 2 (NACIDOS/AS EN EL 2000 Y AÑOS ANTERIORES),126,24,0,150,mixto
"VI TRAVESÍA A NADO ""GRAN PREMIO SERVIOCIO"" VILA DE BAIONA 2015",2015-07-11,SUB 12 (NACIDOS/AS EN EL 2003 Y AÑOS POSTERIORES),10,3,0,13,mixto
"VI TRAVESÍA A NADO ""GRAN PREMIO SERVIOCIO"" VILA DE BAIONA 2015",2015-07-11,SUB 16 (NACIDOS/AS DESDE EL 1999 HASTA EL 2002),3,4,0,7,mixto
"VI TRAVESÍA A NADO BENÉFICA ""DE LOS INOCENTES""",2018-12-29,TRAVESÍA A NADO,120,23,0,143,mixto
VI TRAVESÍA VILA DO TEA 2022,2022-08-21,"ALEVIN,INFANTIL Y POPULAR 1200m (Homes 2009 e anteriores-Mulleres 2011 e anteriores)",30,30,0,60,mixto
VI TRAVESÍA VILA DO TEA 2022,2022-08-21,"BENXAMIN 400m(,2010/2011 Feminino 2012/2013)",11,3,0,14,mixto
VI TRAVESÍA VILA DO TEA 2022,2022-08-21,MASTER/POPULAR 3600m (2002 e anteriores),36,18,0,54,mixto
VI TRAVESÍA VILA DO TEA 2022,2022-08-21,"PROMESA 200m (, nados en 2012 e posteriores, Feminino nados en 2014 e posteriores",7,3,0,10,mixto
VI TRAVESÍA VILA DO TEA 2022,2022-08-21,REMUDAS MIXTAS ELITE 4x400m(Homes 2009 e anteriores-Mulleres 2011 e anteriores),18,0,0,18,mixto
VI TRAVESÍA VILA DO TEA 2022,2022-08-21,REMUDAS MIXTAS MASTER/POPULAR 4x400m (2002 e anteriores sen licencia ou licencia Máster),4,0,0,4,mixto
VI TRAVESÍA VILA DO TEA 2022,2022-08-21,ÉLITE 3600m (2008 e anteriores),20,18,0,38,mixto
VI TRIATLON DESAFÍO SANTANDER ISLAS CÍES 2018,2018-09-23,GRUPOS DE EDAD FEM,0,0,0,0,mixto
VI TRIATLON DESAFÍO SANTANDER ISLAS CÍES 2018,2018-09-23,GRUPOS DE EDAD MASC,0,0,0,0,mixto
VI TRIATLON DESAFÍO SANTANDER ISLAS CÍES 2018,2018-09-23,PRO,0,0,0,0,mixto
VI TRIATLON PONTENAFONSO MEMORIAL 'MICHEL' 2014. COMPETICION INDIVIDUAL,2014-10-04,INDIVIDUAL,0,0,0,0,mixto
VI TRIATLON PONTENAFONSO MEMORIAL 'MICHEL' 2014. COMPETICION INDIVIDUAL,2014-10-04,INDIVIDUAL FEMININA,0,0,0,0,mixto
VI TRIATLON PONTENAFONSO MEMORIAL 'MICHEL' 2014. COMPETICION POR RELEVOS,2014-10-04,RELEVOS MASCULINOS,0,0,0,0,mixto
VI TRIATLON PONTENAFONSO MEMORIAL 'MICHEL' 2014. COMPETICION POR RELEVOS,2014-10-04,RELEVOS MIXTOS,0,0,0,0,mixto
VI TRIATLON SEMI INDOOR GRAN PREMIO SERVIOCIO VILLA DE BAIONA 2017,2017-07-16,EQUIPOS TRIATLON SEMI INDOOR BAIONA 2017 (MÁXIMO 5 INTEGRANTES),0,0,0,0,mixto
VI TRIATLON SEMI INDOOR GRAN PREMIO SERVIOCIO VILLA DE BAIONA 2017,2017-07-16,TRIATLON POPULAR,96,22,0,118,mixto
VI Trail Mosteiro de Caaveiro,2021-11-21,TRAIL CORTO,191,55,0,246,mixto
VI Travesía a nado Islas Sisargas - Malpica,2015-08-09,TRAVESIA,111,8,0,119,mixto
VI Tríatlon Concello de Arteixo,2016-08-06,General,0,18,0,18,mixto
VI Tríatlon Concello de Arteixo,2016-08-06,Popular,26,9,0,35,mixto
VI edición Travesía a nado Costa Serena-Concello de Nigrán,2016-07-10,4000M,273,42,0,315,mixto
VI edición Travesía a nado Costa Serena-Concello de Nigrán,2016-07-10,800M,43,27,0,70,mixto
VI edición do TRAIL DO TREGA,2019-11-24,Advance 18K (+1100 metros),159,21,0,180,mixto
VI edición do TRAIL DO TREGA,2019-11-24,Experience 12K (+650 metros),121,51,0,172,mixto
VIESGO NIGHT RACE LUGO 2019,2019-11-16,PRUEBA ABSOLUTA,176,76,0,252,mixto
VIGO + 11 CARREIRA POPULAR “Trofeo El Corte Inglés”,2017-11-05,ABSOLUTA (2000 Y ANT.),685,130,0,815,mixto
VIGO + 11 CARREIRA POPULAR “Trofeo El Corte Inglés”,2017-11-05,ABSOLUTA (RUNRUNVIGO),678,126,0,804,mixto
VIGO + 11 CARREIRA POPULAR “Trofeo El Corte Inglés”,2017-11-05,ABSOLUTA (RUNRUNVIGO) [Compensada],678,126,0,804,mixto
VIGO+11. TROFEO EL CORTE INGLES 2012,2012-10-14,VIGO+11. TROFEO EL CORTE INGLES 2012,0,0,0,0,mixto
VII 10 KM VILA DE XINZO DE LIMIA ADULTOS,2014-03-30,PROBA ABSOLUTA. DISTANCIA: 10000 M,0,0,0,0,mixto
VII 10 KM VILA DE XINZO DE LIMIA MENORES,2014-03-30,BENXAMIN - ALEVIN. DISTANCIA: 1500 M,0,0,0,0,mixto
VII 10 KM VILA DE XINZO DE LIMIA MENORES,2014-03-30,INFANTIL - CADETE. DISTANCIA: 2300 M,0,0,0,0,mixto
VII 10 KMS XORNADAS MARISQUEIRAS DO BERBES,2016-09-11,CARRERA 10000m,387,82,0,469,mixto
VII 10KM CIDADE UNIVERSITARIA - CUVI 2013,2013-03-10,PROBA ABSOLUTA. DISTANCIA: 10000 M,0,0,0,0,mixto
VII 1O KM VILLA DE RIBADESELLA,2015-09-19,10 KM,432,99,0,531,mixto
VII ANDAINA - CARREIRA POZO DO DEMO,2017-04-09,10KM,76,23,0,99,mixto
VII ANDAINA - CARREIRA POZO DO DEMO,2017-04-09,27KM,99,16,0,115,mixto
VII BAIXADA POPULAR DE CROSS SAN PEDRO DE VISMA,2014-06-29,PRUEBA ABSOLUTA. DISTANCIA: 6490 M,0,0,0,0,mixto
VII BAIXADA POPULAR DE CROSS SAN PEDRO DE VISMA. PROBAS DE MENORES,2014-06-29,ALEVIN . DISTANCIA: 800 M,0,0,0,0,mixto
VII BAIXADA POPULAR DE CROSS SAN PEDRO DE VISMA. PROBAS DE MENORES,2014-06-29,BENJAMIN . DISTANCIA: 800 M,0,0,0,0,mixto
VII BAIXADA POPULAR DE CROSS SAN PEDRO DE VISMA. PROBAS DE MENORES,2014-06-29,CADETE Y JUVENIL. DISTANCIA: 2300 M,0,0,0,0,mixto
VII BAIXADA POPULAR DE CROSS SAN PEDRO DE VISMA. PROBAS DE MENORES,2014-06-29,INFANTIL. DISTANCIA: 1600 M,0,0,0,0,mixto
VII C.P.“MAR DE BOIRO”MEMORIAL PEPE BUCETA. 2011,2011-12-18,5º MEMORIAL PEPE BUCETA. Distancia: 8246 m,0,0,0,0,mixto
"VII CAMOVI (CARREIRA POR MONTAÑA ""MONTES DE VIVEIRO"") 2017",2017-04-23,CAMOVI 18K,104,33,0,137,mixto
"VII CAMOVI (CARREIRA POR MONTAÑA ""MONTES DE VIVEIRO"") 2017",2017-04-23,CAMOVI 42K,107,8,0,115,mixto
VII CAMPEONATO GALLEGO OPEN DE AGUAS ABIERTAS,2023-06-10,1250M ALEVIN,7,18,0,25,mixto
VII CAMPEONATO GALLEGO OPEN DE AGUAS ABIERTAS,2023-06-10,2500M MASTER,48,27,0,75,mixto
VII CAMPEONATO GALLEGO OPEN DE AGUAS ABIERTAS,2023-06-10,"5000M DEPORTISTA (INF,JUN1,JUN2,SEN)",32,0,0,32,mixto
VII CAMPEONATO GALLEGO OPEN DE AGUAS ABIERTAS,2023-06-10,"5000M DEPORTISTA (INF,JUN1,JUN2,SEN) FEMINA",0,14,0,14,mixto
VII CANICROSS CONCELLO DE BOIMORTO,2013-09-22,CANICROSS. DISTANCIA: 2000 M,0,0,0,0,mixto
VII CARREIRA NOCTURNA CELANOVA. LIGA10,2010-06-26,Carrera,394,0,0,394,mixto
VII CARREIRA NOCTURNA MURUS LUCIS “ROMANOS VS CASTREXOS”,2026-06-19,CASTREX@S,19,19,0,38,mixto
VII CARREIRA NOCTURNA MURUS LUCIS “ROMANOS VS CASTREXOS”,2026-06-19,ROMAN@S,24,14,0,38,mixto
VII CARREIRA NOCTURNA MURUS LUCIS “ROMANOS VS CASTREXOS”,2026-06-19,VII CARREIRA NOCTURNA MURUS LUCIS “ROMANOS VS CASTREXOS”,0,0,0,0,mixto
VII CARREIRA PEDESTRE CONCELLO DE CAMARIÑAS,2018-03-25,3K CONTRA O CANCRO (2002 E ANT.),58,97,0,155,mixto
VII CARREIRA PEDESTRE CONCELLO DE CAMARIÑAS,2018-03-25,ABSOLUTA 10K (2002 E ANT.),212,50,0,262,mixto
VII CARREIRA PEDESTRE CONCELLO DE CAMARIÑAS,2018-03-25,ADAPTADA 10K,1,0,0,1,mixto
VII CARREIRA PEDESTRE CONCELLO DE CAMARIÑAS,2018-03-25,ALEVIN (2007-2008),14,23,0,37,mixto
VII CARREIRA PEDESTRE CONCELLO DE CAMARIÑAS,2018-03-25,BENXAMIN (2009-2010),16,13,0,29,mixto
VII CARREIRA PEDESTRE CONCELLO DE CAMARIÑAS,2018-03-25,"INFANTIL (05-06), CADETE (03-04) E XUVENIL (01-02)",29,31,0,60,mixto
VII CARREIRA PEDESTRE DO CONCELLO DE MALPICA,2024-09-28,10 KM (2008 e anteriores),75,17,0,92,mixto
VII CARREIRA PEDESTRE DO CONCELLO DE MALPICA,2024-09-28,2 KM (2008 e anteriores),9,7,0,16,mixto
VII CARREIRA PEDESTRE DO CONCELLO DE MALPICA,2024-09-28,SUB10 (2015-2016),14,6,0,20,mixto
VII CARREIRA PEDESTRE DO CONCELLO DE MALPICA,2024-09-28,SUB12 (2013-2014) SUB14 (201-2012) SUB16 (2009-2010),18,5,0,23,mixto
VII CARREIRA PEDESTRE DO CONCELLO DE OUTES 2014. 1 KM,2014-05-17,CARREIRA DE 1 KM. DISTANCIA: 1000 M,0,0,0,0,mixto
VII CARREIRA PEDESTRE DO CONCELLO DE OUTES 2014. 10 KM,2014-05-17,CARREIRA DE 10 KM. DISTANCIA: 10000 M,0,0,0,0,mixto
VII CARREIRA PEDESTRE DO CONCELLO DE OUTES 2014. 3 KM,2014-05-17,CARREIRA DE 3 KM. DISTANCIA: 3000 M,0,0,0,0,mixto
VII CARREIRA POPULAR 10K E ANDAINA PRAIA DE MIÑO,2025-05-25,ABSOLUTA 10K (2011 e anteriores),117,22,0,139,mixto
VII CARREIRA POPULAR 10K E ANDAINA PRAIA DE MIÑO,2025-05-25,SUB10 (2016-2017),8,3,0,11,mixto
VII CARREIRA POPULAR 10K E ANDAINA PRAIA DE MIÑO,2025-05-25,SUB12 (2014-2015),7,2,0,9,mixto
VII CARREIRA POPULAR 10K E ANDAINA PRAIA DE MIÑO,2025-05-25,SUB14 (2012-2013),1,3,0,4,mixto
VII CARREIRA POPULAR CONCELLO DE BOIMORTO,2013-09-22,CARREIRA POPULAR. DISTANCIA: 6334 M,0,0,0,0,mixto
VII CARREIRA POPULAR CONCELLO DE CAMBADOS,2017-07-09,CARREIRA 10K,328,49,0,377,mixto
VII CARREIRA POPULAR CONCELLO DE FRIOL,2019-04-27,ABSOLUTA,166,63,0,229,mixto
VII CARREIRA POPULAR CONCELLO DE MASIDE 2013,2013-09-01,PROBA ABSOLUTA. DISTANCIA: 9900 M,0,0,0,0,mixto
VII CARREIRA POPULAR CONCELLO DE MONFORTE,2015-04-26,ADULTOS,301,113,0,414,mixto
VII CARREIRA POPULAR COSTA DA MORTE - CAMARIÑAS 2013,2013-03-03,PROBA ABSOLUTA. DISTANCIA: 10000 M,0,0,0,0,mixto
VII CARREIRA POPULAR COSTA DA MORTE - CAMARIÑAS 2013,2013-03-03,PROBA XUVENIL - CADETE E INFANTÍS. DISTANCIA: 3000 M,0,0,0,0,mixto
VII CARREIRA POPULAR DAS LETRAS GALEGAS (VILALBA),2016-05-17,CARREIRA ABSOLUTA ( 1999 E ANOS ANTERIORES),79,17,0,96,mixto
VII CARREIRA POPULAR DE CHANTADA,2016-04-23,ABSOLUTA (2000 E ANTERIORES),180,52,0,232,mixto
VII CARREIRA POPULAR DE CHANTADA,2016-04-23,INFANTIL-CADETE (2001 A 2004),15,10,0,25,mixto
VII CARREIRA POPULAR DE MONDARIZ,2023-09-23,ABSOLUTA (2007 e anteriores),87,21,0,108,mixto
VII CARREIRA POPULAR DE RABADE 2010,2010-01-24,CARREIRA ABSOLUTA. DISTANCIA: 5000 M,0,0,0,0,mixto
"VII CARREIRA POPULAR DO SAN SALVADOR, Baños de Molgas MENORES",2014-08-02,MENORES. DISTANCIA: 2300 M,0,0,0,0,mixto
"VII CARREIRA POPULAR DO SAN SALVADOR, Baños de Molgas. ABSOLUTA",2014-08-02,ABSOLUTA. DISTANCIA: 7000 M,0,0,0,0,mixto
VII CARREIRA POPULAR DOLMEN DE DOMBATE,2022-10-08,10K ABSOLUTA (2004 e anteriores),143,33,0,176,mixto
VII CARREIRA POPULAR DOLMEN DE DOMBATE,2022-10-08,3K ABSOLUTA (2004 e anteriores),54,62,0,116,mixto
VII CARREIRA POPULAR DOLMEN DE DOMBATE,2022-10-08,ALEVIN (2011-2012),28,15,0,43,mixto
VII CARREIRA POPULAR DOLMEN DE DOMBATE,2022-10-08,BENXAMIN (2013-2014),16,17,0,33,mixto
VII CARREIRA POPULAR DOLMEN DE DOMBATE,2022-10-08,INFANTIL (2009-2010) CADETE(2007-2008) XUVENIL(2005-2006),27,12,0,39,mixto
VII CARREIRA POPULAR GUITIRIZ TERMAL 2012,2012-06-22,Carrera,141,0,0,141,mixto
VII CARREIRA POPULAR MONTE DE SANTA CRUZ-ADULTOS,2014-08-30,PROBA ABSOLUTA. DISTANCIA: 8500 M,0,0,0,0,mixto
VII CARREIRA POPULAR MONTE DE SANTA CRUZ-MENORES,2014-08-30,CATEGORIA INFANTIL E CADETE. DISTANCIA: 1000 M,0,0,0,0,mixto
VII CARREIRA POPULAR MONTE DE SANTA CRUZ-MENORES,2014-08-30,CATEGORIA PITUFOS. DISTANCIA: 80 M,0,0,0,0,mixto
VII CARREIRA POPULAR MONTE DE SANTA CRUZ-MENORES,2014-08-30,CATEGORIA PREBENXAMIN E BENXAMIN. DISTANCIA: 350 M,0,0,0,0,mixto
VII CARREIRA POPULAR MONTE DE SANTA CRUZ-MENORES,2014-08-30,CATEGORÍA ALEVIN. DISTANCIA: 700 M,0,0,0,0,mixto
VII CARREIRA POPULAR NOVO MESOIRO,2017-11-05,ABSOLUTA,504,163,0,667,mixto
VII CARREIRA POPULAR NOVO MESOIRO,2017-11-05,PRE-BENXAMIN (Non Competitiva),0,0,0,0,mixto
VII CARREIRA POPULAR NOVO MESOIRO,2017-11-05,SUB10,57,35,0,92,mixto
VII CARREIRA POPULAR NOVO MESOIRO,2017-11-05,SUB12,36,34,0,70,mixto
VII CARREIRA POPULAR NOVO MESOIRO,2017-11-05,SUB14,19,20,0,39,mixto
VII CARREIRA POPULAR NOVO MESOIRO,2017-11-05,SUB16 y SUB18,16,13,0,29,mixto
VII CARREIRA POPULAR OS ROSALES,2018-12-16,ABSOLUTA,442,127,0,569,mixto
VII CARREIRA POPULAR OS ROSALES,2018-12-16,PRE-BENXAMIN (Non Competitiva),0,0,0,0,mixto
VII CARREIRA POPULAR OS ROSALES,2018-12-16,SUB 10,30,0,0,30,mixto
VII CARREIRA POPULAR OS ROSALES,2018-12-16,SUB 10 FEMENINIO,0,16,0,16,mixto
VII CARREIRA POPULAR OS ROSALES,2018-12-16,SUB 12,26,0,0,26,mixto
VII CARREIRA POPULAR OS ROSALES,2018-12-16,SUB12,0,18,0,18,mixto
VII CARREIRA POPULAR OS ROSALES,2018-12-16,SUB14,11,23,0,34,mixto
VII CARREIRA POPULAR OS ROSALES,2018-12-16,SUB16 y SUB18,15,7,0,22,mixto
VII CARREIRA POPULAR VAL DAS FABAS LOURENZÁ 2016,2016-10-02,PROBA ABSOLUTA (2002 E ANTERIORES),136,33,0,169,mixto
VII CARREIRA POPULAR VENTORRILLO,2019-10-20,ABSOLUTA,355,102,0,457,mixto
VII CARREIRA POPULAR VENTORRILLO,2019-10-20,SUB10,23,15,0,38,mixto
VII CARREIRA POPULAR VENTORRILLO,2019-10-20,SUB12,10,14,0,24,mixto
VII CARREIRA POPULAR VENTORRILLO,2019-10-20,SUB14,12,10,0,22,mixto
VII CARREIRA POPULAR VENTORRILLO,2019-10-20,SUB16-SUB18,5,6,0,11,mixto
VII CARREIRA POPULAR VOLTA A OZA,2018-09-09,ABSOLUTA,342,74,0,416,mixto
VII CARREIRA POPULAR VOLTA A OZA,2018-09-09,PRE-BENXAMÍN (Non competitiva),0,0,0,0,mixto
VII CARREIRA POPULAR VOLTA A OZA,2018-09-09,SUB10,20,3,0,23,mixto
VII CARREIRA POPULAR VOLTA A OZA,2018-09-09,SUB12,15,14,0,29,mixto
VII CARREIRA POPULAR VOLTA A OZA,2018-09-09,SUB14,9,6,0,15,mixto
VII CARREIRA POPULAR VOLTA A OZA,2018-09-09,SUB16 y SUB18,14,6,0,20,mixto
VII CARREIRA POPULAR “CONCELLO DE SOBER”,2015-06-14,PROBA ABSOLUTA (1997 E ANTERIORES),77,15,0,92,mixto
VII CARREIRA SOLIDARIA DO COLEXIO CERVANTES,2017-05-17,ADULTOS (1999 Y ANTERIORES),129,59,0,188,mixto
VII CARREIRA SOLIDARIA DO COLEXIO CERVANTES,2017-05-17,CAT A (2008-2009-2010),21,34,0,55,mixto
VII CARREIRA SOLIDARIA DO COLEXIO CERVANTES,2017-05-17,CAT B (2005-2006-2007),23,19,0,42,mixto
VII CARREIRA SOLIDARIA DO COLEXIO CERVANTES,2017-05-17,CAT C Y D (2000-2001-2002-2003-2004),9,4,0,13,mixto
VII CARREIRA SOLIDARIA RIO MAO 2014 - BOVEDA,2014-05-25,PROBA ABSOLUTA. DISTANCIA: 7500 M,0,0,0,0,mixto
VII CARREIRA-ANDAINA “SAN SILVESTRE VILALBESA” 2022,2022-12-31,ABSOLUTA (2008 e anteriores),15,6,0,21,mixto
VII CARRERA CONTRA EL CANCER CORUÑA “EN MARCHA CONTRA EL CANCER”,2018-06-03,ABSOLUTA (2000 Y AÑOS ANTERIORES),627,481,0,1108,mixto
VII CARRERA CORUÑA 10 2013,2013-10-06,CARRERA ABSOLUTA. DISTANCIA: 10000 M,0,0,0,0,mixto
VII CARRERA CORUÑA 10 2013. BENJAMÍN Y ALEVÍN,2013-10-06,CARRERA BENJAMIN Y ALEVIN. DISTANCIA: 1170 M,0,0,0,0,mixto
VII CARRERA CORUÑA 10 2013. INFANTIL CADETE Y JUVENIL,2013-10-06,CARRERA INFANTIL CADETE Y JUVENIL. DISTANCIA: 3510 M,0,0,0,0,mixto
VII CARRERA DE LOS VALIENTES NOCTURNA CORRENDO POR VIGO - AS TRAVESAS-,2019-06-08,EQUIPOS,0,0,0,0,mixto
VII CARRERA DE LOS VALIENTES NOCTURNA CORRENDO POR VIGO - AS TRAVESAS-,2019-06-08,PRUEBA DE 10 KM,529,135,0,664,mixto
VII CARRERA DE LOS VALIENTES NOCTURNA CORRENDO POR VIGO - AS TRAVESAS-,2019-06-08,PRUEBA DE 10 KM (DISCAMINO),7,6,0,13,mixto
VII CARRERA DE LOS VALIENTES NOCTURNA CORRENDO POR VIGO - AS TRAVESAS-,2019-06-08,PRUEBA DE 10 KM (RUNRUNVIGO),517,134,0,651,mixto
VII CARRERA DE LOS VALIENTES NOCTURNA CORRENDO POR VIGO - AS TRAVESAS-,2019-06-08,PRUEBA DE 5 KM,113,106,0,219,mixto
VII CARRERA DEL AGUA UNICEF SADA,2017-10-01,ALEVIN (2006-2007),40,0,0,40,mixto
VII CARRERA DEL AGUA UNICEF SADA,2017-10-01,ALEVIN FEMININO (2006-2007),0,41,0,41,mixto
VII CARRERA DEL AGUA UNICEF SADA,2017-10-01,BENXAMIN (2008-2009),49,0,0,49,mixto
VII CARRERA DEL AGUA UNICEF SADA,2017-10-01,BENXAMIN FEMINIINO (2008-2009),0,61,0,61,mixto
VII CARRERA DEL AGUA UNICEF SADA,2017-10-01,CADETES (2002-2003) E XUVENIL/JUNIOR (1998-2001),14,17,0,31,mixto
VII CARRERA DEL AGUA UNICEF SADA,2017-10-01,CUADRO DE HONOR,0,0,0,0,mixto
VII CARRERA DEL AGUA UNICEF SADA,2017-10-01,EQUIPOS UNICEF SADA 2017,0,0,0,0,mixto
VII CARRERA DEL AGUA UNICEF SADA,2017-10-01,INFANTIL (2004-2005),20,0,0,20,mixto
VII CARRERA DEL AGUA UNICEF SADA,2017-10-01,INFANTIL FEMININO (2004-2005),0,24,0,24,mixto
VII CARRERA DEL AGUA UNICEF SADA,2017-10-01,PREBENXAMIN (2010-2011),57,0,0,57,mixto
VII CARRERA DEL AGUA UNICEF SADA,2017-10-01,PREBENXAMIN FEMININO (2010-2011),0,31,0,31,mixto
VII CARRERA DEL AGUA UNICEF SADA,2017-10-01,"PROMESA, SENIOR E VETERANOS (1997 E ANTERIORES)",398,113,0,511,mixto
VII CARRERA HUCA 'MUÉVETE POR LA SALUD' 3K CarrerHUCA 'Corre o Camina' y 10K HUCA,2024-06-23,10K HUCA,151,52,0,203,mixto
VII CARRERA POPULAR ANA AMELIA MENENDEZ 2014,2014-01-26,PRUEBA ABSOLUTA. DISTANCIA: 10000 M,0,0,0,0,mixto
VII CARRERA POPULAR DE MONTAÑA CLUB FLUVIAL DE LUGO,2023-10-08,CORTA,74,23,0,97,mixto
VII CARRERA POPULAR DE MONTAÑA CLUB FLUVIAL DE LUGO,2023-10-08,LARGA,81,16,0,97,mixto
VII CARRERA POPULAR VEGA-NAVIA 2015,2015-05-17,ABSOLUTA (9000m),273,74,0,347,mixto
"VII CARRERA POPULAR “CULTIVANDO DEPORTE, BOIMORTO NO CAMIÑO”",2024-08-24,CARRERA POPULAR,124,97,0,221,mixto
VII CARRIRA CAMPO A TRAVES DO CORGO - CORRUBEDO,2013-04-27,9700 M,0,0,0,0,mixto
VII CROSS CABO UDRA,2023-06-18,ABSOLUTA (2006 e anteriores),216,37,0,253,mixto
VII CROSS CABO UDRA,2023-06-18,POPULAR (2008 e anteriores),51,32,0,83,mixto
VII Carreira Nocturna de Sada “Ninguén sen Nadal”,2022-12-16,ABSOLUTA (2007 e anteriores),114,51,0,165,mixto
VII Carreira Nocturna de Sada “Ninguén sen Nadal”,2022-12-16,SUB10/BENXAMINS,13,4,0,17,mixto
VII Carreira Nocturna de Sada “Ninguén sen Nadal”,2022-12-16,SUB12/ALEVIN (2012-2013),18,11,0,29,mixto
VII Carreira Nocturna de Sada “Ninguén sen Nadal”,2022-12-16,SUB14/INFANTIS (2010-2011),6,10,0,16,mixto
VII Carreira Nocturna de Sada “Ninguén sen Nadal”,2022-12-16,SUB16/CADETE (2008-2009),4,7,0,11,mixto
VII Carreira Pedestre Concello de Vimianzo,2017-03-26,"ABSOLUTA 10K (1999 E ANTERIORES), CADEIRA DE RODAS (2001 E ANTERIORES)",243,54,0,297,mixto
VII Carreira Pedestre Concello de Vimianzo,2017-03-26,ABSOLUTA 3K CONTRA O CANCRO (1999 E ANOS ANTERIORES),48,60,0,108,mixto
VII Carreira Pedestre Concello de Vimianzo,2017-03-26,"BENXAMIN: (08-09), ALEVIN: (06-07)",35,37,0,72,mixto
VII Carreira Pedestre Concello de Vimianzo,2017-03-26,CADEIRA DE RODAS,2,0,0,2,mixto
VII Carreira Pedestre Concello de Vimianzo,2017-03-26,HANDBIKE 10K (2001 E ANTERIORES),2,0,0,2,mixto
VII Carreira Pedestre Concello de Vimianzo,2017-03-26,"INFANTIL: (04-05),CADETE: (02-03), XUVENIL: (00-01)",33,38,0,71,mixto
VII Carreira Pedestre San Brais,2015-02-01,Senior e Veteranos/as 6K,362,64,0,426,mixto
VII Carreira Pedestre San Brais,2015-02-01,"Senior e Veteranos/as 6K, Sólo CCCP",252,43,0,295,mixto
VII Carreira Pedestre San Brais,2015-02-01,"Senior e Veteranos/as 6K, Sólo CCCP [Compensada]",252,43,0,295,mixto
VII Carreira Popular Concello de Redondela,2014-06-29,PROBA ABSOLUTA. DISTANCIA: 6500 M,0,0,0,0,mixto
VII Carreira Popular de Taboada “Entre pazos e carballos”,2018-09-22,CARREIRA ABSOLUTA (2001 E ANT.),139,46,0,185,mixto
VII Carreira Popular de Taboada “Entre pazos e carballos”,2018-09-22,CATEGORÍA A (2010 A 2012),29,17,0,46,mixto
VII Carreira Popular de Taboada “Entre pazos e carballos”,2018-09-22,CATEGORÍA B (2007 A 2009),18,31,0,49,mixto
VII Carreira Popular de Taboada “Entre pazos e carballos”,2018-09-22,CATEGORÍA C (2002 A 2006),24,9,0,33,mixto
VII Carrera Popular Milla del Conocimiento,2016-11-13,ADULTOS (2001 Y ANTERIORES),540,257,0,797,mixto
VII Carrera Popular Milla del Conocimiento,2016-11-13,EMPRESAS,0,0,0,0,mixto
VII Carrera Popular Torre de Hércules - Trofeo Jose Antonio Varela Calviño,2017-04-01,ALEVIN (2006/2007),35,26,0,61,mixto
VII Carrera Popular Torre de Hércules - Trofeo Jose Antonio Varela Calviño,2017-04-01,Adultos,853,374,0,1227,mixto
VII Carrera Popular Torre de Hércules - Trofeo Jose Antonio Varela Calviño,2017-04-01,BENJAMIN (2008/2009),42,36,0,78,mixto
VII Carrera Popular Torre de Hércules - Trofeo Jose Antonio Varela Calviño,2017-04-01,CADETE (2002/2003),17,11,0,28,mixto
VII Carrera Popular Torre de Hércules - Trofeo Jose Antonio Varela Calviño,2017-04-01,INFANTIL (2004/2005),12,17,0,29,mixto
VII Carrera Popular Torre de Hércules - Trofeo Jose Antonio Varela Calviño,2017-04-01,JUVENIL (2000/2001),10,9,0,19,mixto
VII Carrera popular CNSO - RGCC,2018-10-07,RECORRIDO A (2004 Y AÑOS ANTERIORES),382,164,0,546,mixto
VII Carrera popular CNSO - RGCC,2018-10-07,RECORRIDO B,24,24,0,48,mixto
VII DESAFÍO CC SAN MIGUEL MONTERROSO,2024-09-15,RUTA CORTA,23,0,0,23,mixto
VII DESAFÍO CC SAN MIGUEL MONTERROSO,2024-09-15,RUTA LONGA,71,2,0,73,mixto
VII EDICION SAMURAI XTREME RACE 2024,2024-07-07,EQUIPOS,0,0,0,0,mixto
VII EDICION SAMURAI XTREME RACE 2024,2024-07-07,POPULAR,375,233,0,608,mixto
VII EDICION SAMURAI XTREME RACE 2024,2024-07-07,POPULAR COMPETITIVA (STARTED),64,27,0,91,mixto
VII EDICION SAMURAI XTREME RACE 2024,2024-07-07,ÉLITE,59,11,0,70,mixto
VII EDICIÓN 1/2 VERTICAL COMADO,2021-10-16,1/2km Vertical (2006 e anteriores),70,11,0,81,mixto
VII EDICIÓN CORREXSALCEDA,2019-05-05,ABSOLUTA 10K (2002 E ANTERIORES),138,24,0,162,mixto
VII EDICIÓN CORREXSALCEDA,2019-05-05,ABSOLUTA 5K (2002 E ANTERIORES),43,36,0,79,mixto
VII EDICIÓN CORREXSALCEDA,2019-05-05,CATEGORIA A (2004-2006),22,31,0,53,mixto
VII EDICIÓN CORREXSALCEDA,2019-05-05,CATEGORIA B (2007-2009),28,33,0,61,mixto
VII EDICIÓN CORREXSALCEDA,2019-05-05,CATEGORIA C (2010-2012),37,40,0,77,mixto
VII EDICIÓN “ NOCTURNA SAN RAMÓN” CARREIRA POPULAR VILALBA,2025-10-11,ABSOLUTA (2009 e anteriores),70,20,0,90,mixto
VII EDICIÓN “ NOCTURNA SAN RAMÓN” CARREIRA POPULAR VILALBA,2025-10-11,SUB10 (2016-2017),8,9,0,17,mixto
VII EDICIÓN “ NOCTURNA SAN RAMÓN” CARREIRA POPULAR VILALBA,2025-10-11,SUB12 (2014-2015),13,7,0,20,mixto
VII EDICIÓN “ NOCTURNA SAN RAMÓN” CARREIRA POPULAR VILALBA,2025-10-11,SUB14 (2012-2013),10,11,0,21,mixto
VII EDICIÓN “ NOCTURNA SAN RAMÓN” CARREIRA POPULAR VILALBA,2025-10-11,SUB16 (2010-2011),2,4,0,6,mixto
VII Edición Carrera de Vigo Contra el Cáncer,2019-10-20,10 KM,612,165,0,777,mixto
VII Edición Carrera de Vigo Contra el Cáncer,2019-10-20,10 KM (RUNRUNVIGO),611,165,0,776,mixto
VII Edición Carrera de Vigo Contra el Cáncer,2019-10-20,Atletas con diversidad funcional,8,5,0,13,mixto
VII Edición Terremoto Trail,2018-09-23,MINI 16KM,36,12,0,48,mixto
VII Edición Terremoto Trail,2018-09-23,TRAIL 29KM,23,5,0,28,mixto
VII Eurocidade 10 - 2018,2018-06-10,10 KM,187,30,0,217,mixto
VII INTERRUNNING 2013,2013-02-24,PRUEBA ABSOLUTA. DISTANCIA: 10000 M,0,0,0,0,mixto
VII INTERRUNNING 2013,2013-02-24,PRUEBA ALEVINES. DISTANCIA: 1500 M,0,0,0,0,mixto
VII INTERRUNNING 2013,2013-02-24,PRUEBA BENJAMINES. DISTANCIA: 800 M,0,0,0,0,mixto
VII INTERRUNNING 2013,2013-02-24,PRUEBA INFANTILES Y CADETES. DISTANCIA: 3300 M,0,0,0,0,mixto
VII LEGUA MARÍTIMA R.S.D. HÍPICA - MALAWI 2017,2017-11-26,ADULTOS (2001 Y AÑOS ANT.),253,111,0,364,mixto
VII LEGUA MARÍTIMA R.S.D. HÍPICA - MALAWI 2017,2017-11-26,BENJAMIN (2008-2009) Y ALEVÍN (2006-2007),22,21,0,43,mixto
VII LEGUA MARÍTIMA R.S.D. HÍPICA - MALAWI 2017,2017-11-26,INFANTIL (2004-2005) Y CADETE (2002-2003),3,5,0,8,mixto
VII MEDIA MARATON CIUDAD DE LEÓN,2015-03-22,Equipos Media Maratón de León,0,0,0,0,mixto
VII MEDIA MARATON CIUDAD DE LEÓN,2015-03-22,MEDIO MARATÓN,1423,198,0,1621,mixto
VII MEDIA MARATON CIUDAD DE LEÓN,2015-03-22,MEDIO MARATÓN EN SILLA DE RUEDAS,4,0,0,4,mixto
VII MEDIA MARATON CORAZON DE ASTURIAS 2014,2014-02-16,MEDIA MARATON. DISTANCIA: 21097 M,0,0,0,0,mixto
VII MEDIA MARATÓN GIJÓN “VILLA DE JOVELLANOS”,2017-04-29,MEDIO MARATON,1689,318,0,2007,mixto
VII MEDIA MARATÓN GIJÓN “VILLA DE JOVELLANOS”,2017-04-29,MEDIO MARATON EN VEHÍCULO ADAPTADO,3,0,0,3,mixto
"VII MEDIA MARATÓN SOLIDARIA ZONA ABERTA, a favor de Cáritas Interparroquial, Vilagarcía de Arousa",2018-11-25,MEDIO MARATON,385,22,0,407,mixto
VII MEDIO MARATON CORUÑA21,2015-02-22,MEDIO MARATON,2032,237,0,2269,mixto
VII MEDIO MARATON CORUÑA21,2015-02-22,MEDIO MARATON EN VEHICULO ADAPTADO (ELITE),1,0,0,1,mixto
VII MEDIO MARATON CORUÑA21,2015-02-22,PRUEBA EN VEHICULO APAPTADO,3,0,0,3,mixto
VII MEMORIAL EDUARDO FERNÁNDEZ VILLAMARÍN 2010,2010-01-24,Carrera,330,0,0,330,mixto
VII MOUNTEMPLARIA 2014,2014-06-28,RECORRIDO A. DISTANCIA: 80 KM,0,0,0,0,mixto
VII MOUNTEMPLARIA 2014,2014-06-28,RECORRIDO B. DISTANCIA: 57 KM,0,0,0,0,mixto
VII Media Maratón Ribadeo – As Catedrais,2021-09-18,Medio Maratón,501,100,0,601,mixto
VII Milla San Roque Sada,2017-08-20,ALEVIN,8,11,0,19,mixto
VII Milla San Roque Sada,2017-08-20,BENXAMIN,19,12,0,31,mixto
VII Milla San Roque Sada,2017-08-20,CADETE-XUVENIL/JUNIOR,13,10,0,23,mixto
VII Milla San Roque Sada,2017-08-20,INFANTIL,13,6,0,19,mixto
VII Milla San Roque Sada,2017-08-20,PREBENXAMIN,26,10,0,36,mixto
VII Milla San Roque Sada,2017-08-20,PROMESA-SENIOR,16,4,0,20,mixto
VII Milla San Roque Sada,2017-08-20,VETERANS A,32,16,0,48,mixto
VII Milla San Roque Sada,2017-08-20,VETERANS B e SUPERVETERANS,35,12,0,47,mixto
VII RUN FOZ RUN NADAL,2022-12-24,ABSOLUTA (2006 e anteriores),123,28,0,151,mixto
VII RUN FOZ RUN NADAL,2022-12-24,ALEVIN (2011-2012),14,12,0,26,mixto
VII RUN FOZ RUN NADAL,2022-12-24,BENXAMIN (2013-2014),16,11,0,27,mixto
VII RUN FOZ RUN NADAL,2022-12-24,INFANTIL/CADETE (2007-2010),10,17,0,27,mixto
VII RUTA BTT PICO DA LEBRE FOZ,2014-02-16,RUTA BTT. DISTANCIA: 38.8 KM,0,0,0,0,mixto
VII SAN SILVESTRE A CORUÑA 2016,2016-12-31,RECORRIDO DE 6.000 M APROX. ( A PARTIR DE 14 AÑOS),2115,1008,0,3123,mixto
VII SANITAS MARCA RUNNING SERIES DE GIJON,2018-10-28,10 KM (16 AÑOS O MAS),702,164,0,866,mixto
VII TRAIL CONCELLO DE ARTEIXO,2018-11-11,TRAIL CURTO (MAIORES DE 16 ANOS),198,36,0,234,mixto
VII TRAIL CONCELLO DE ARTEIXO,2018-11-11,TRAIL LONGO (MAIORES DE 18 AÑOS),94,7,0,101,mixto
VII TRAIL COSTA DOCE 2023,2023-01-28,TRAIL NOCTURNO (Sabado),69,18,0,87,mixto
VII TRAIL COSTA DOCE 2023 (domingo),2023-01-28,TRAIL CURTO,153,72,0,225,mixto
VII TRAIL COSTA DOCE 2023 (domingo),2023-01-28,TRAIL LONGO,81,7,0,88,mixto
VII TRAIL DE VILATUXE 2019,2019-06-09,CAMPIONATO GALEGO JUNIOR,2,0,0,2,mixto
VII TRAIL DE VILATUXE 2019,2019-06-09,CAMPIONATO GALEGO POR EQUIPOS,65,12,0,77,mixto
VII TRAIL DE VILATUXE 2019,2019-06-09,TRAIL CURTO (17.5 KM +850 M),122,33,0,155,mixto
VII TRAIL DE VILATUXE 2019,2019-06-09,TRAIL LONGO (34 KM +2200 M),132,19,0,151,mixto
VII TRAIL E ANDAINA DE CELANOVA,2023-04-15,TRAIL CURTO,84,43,0,127,mixto
VII TRAIL E ANDAINA DE CELANOVA,2023-04-15,TRAIL LONGO,76,12,0,88,mixto
VII TRAIL MOSTEIRO DE CAAVEIRO,2022-11-06,TRAIL CORTO (Desnivel acumulado 1500m),128,35,0,163,mixto
VII TRAIL MOSTEIRO DE CAAVEIRO,2022-11-06,TRAIL LARGO ( Desnivel acumulado 2400m),31,3,0,34,mixto
VII TRAIL TRANS SERRA DA GROBA - BAIONA,2019-11-02,EQUIPOS MINI TRAIL,0,0,0,0,mixto
VII TRAIL TRANS SERRA DA GROBA - BAIONA,2019-11-02,EQUIPOS TRAIL,0,0,0,0,mixto
VII TRAIL TRANS SERRA DA GROBA - BAIONA,2019-11-02,MINI TRAIL (26 KM APROX.),96,6,0,102,mixto
VII TRAIL TRANS SERRA DA GROBA - BAIONA,2019-11-02,TRAIL (40 KM APROX.),24,1,0,25,mixto
VII TRAIL TRANS SERRA DA GROBA - BAIONA,2019-11-02,TRAILIÑO (12 KM APROX.),95,49,0,144,mixto
VII TRAVESIA A NADO LARGA DISTANCIA A CORUÑA 10.000,2014-09-28,AGUAS ABIERTAS. DISTANCIA: 10000 M,0,0,0,0,mixto
"VII TRAVESÍA ""CASTROS DE CELORIO""",2015-07-11,PRUEBA DE 1.300 METROS,54,26,0,80,mixto
"VII TRAVESÍA ""CASTROS DE CELORIO""",2015-07-11,PRUEBA DE 2.200 METROS,81,31,0,112,mixto
VII TRAVESÍA A NADO BENÉFICA DE LOS INOCENTES,2019-12-28,TRAVESÍA A NADO,140,24,0,164,mixto
VII TRAVESÍA SISARGAS - MALPICA,2016-08-14,TRAVESÍA,154,15,0,169,mixto
VII TRAVESÍA VILA DO TEA 2023,2023-08-19,ALEVIN (Masc 2009-10/Fem 2011-12),15,12,0,27,mixto
VII TRAVESÍA VILA DO TEA 2023,2023-08-19,BENXAMIN (Masc 2011-12/Fem 2013-14),9,7,0,16,mixto
VII TRAVESÍA VILA DO TEA 2023,2023-08-19,ELITE. Puntuable Copa España e Circuito Galego Augas Abertas,19,12,0,31,mixto
VII TRAVESÍA VILA DO TEA 2023,2023-08-19,MASTER/POPULAR,66,0,0,66,mixto
VII TRAVESÍA VILA DO TEA 2023,2023-08-19,MASTER/POPULAR FEMININA,0,37,0,37,mixto
VII TRAVESÍA VILA DO TEA 2023,2023-08-19,"POPULAR (sub23, sub45 e +45)/ INFANTIL (Masc 2007-08/Fem 2008-10)",19,25,0,44,mixto
VII TRAVESÍA VILA DO TEA 2023,2023-08-19,PREBENXAMIN (Masc 2013 e post/Fem 2015 e post),12,3,0,15,mixto
VII TRAVESÍA VILA DO TEA 2023,2023-08-19,REMUDAS MIXTAS ELITE,14,0,0,14,mixto
VII TRAVESÍA VILA DO TEA 2023,2023-08-19,REMUDAS MIXTAS MASTER/POPULAR,3,0,0,3,mixto
"VII TRIATLON PONTENAFONSO ""MEMORIAL MICHEL"" 2015",2015-10-03,INDIVIDUAL,0,0,0,0,mixto
"VII TRIATLON PONTENAFONSO ""MEMORIAL MICHEL"" 2015",2015-10-03,RELEVOS FEMENINOS,0,0,0,0,mixto
"VII TRIATLON PONTENAFONSO ""MEMORIAL MICHEL"" 2015",2015-10-03,RELEVOS MASCULINOS,0,0,0,0,mixto
"VII TRIATLON PONTENAFONSO ""MEMORIAL MICHEL"" 2015",2015-10-03,RELEVOS MIXTOS,0,0,0,0,mixto
VII TRIATLÓN DESAFÍO SANTANDER ISLAS CÍES,2019-09-22,GRUPOS DE EDAD,0,0,0,0,mixto
VII TRIATLÓN DESAFÍO SANTANDER ISLAS CÍES,2019-09-22,PRO,51,0,0,51,mixto
VII TRÍATLON POPULAR PORRIÑO-TUI,2022-07-16,General,112,16,0,128,mixto
VII Travesía a nado Costa Serena - Nigrán 2017,2017-07-09,PRUEBA DE 4000 METROS,227,35,0,262,mixto
VII Travesía a nado Costa Serena - Nigrán 2017,2017-07-09,PRUEBA DE 800 METROS,38,36,0,74,mixto
VII Tríatlon Concello de Arteixo,2017-07-30,A,52,0,0,52,mixto
VII Tríatlon Concello de Arteixo,2017-07-30,B,50,0,0,50,mixto
VII Tríatlon Concello de Arteixo,2017-07-30,General,20,0,0,20,mixto
VII Tríatlon Concello de Arteixo,2017-07-30,Popular,19,4,0,23,mixto
VII Tríatlon Concello de Poio e Porto de campelo,2017-07-08,A,59,0,0,59,mixto
VII Tríatlon Concello de Poio e Porto de campelo,2017-07-08,B,66,0,0,66,mixto
VII Tríatlon Concello de Poio e Porto de campelo,2017-07-08,General,0,31,0,31,mixto
VII Tríatlon Concello de Poio e Porto de campelo,2017-07-08,Popular,43,15,0,58,mixto
VII Tríatlon Concello do Porriño,2019-06-08,General,161,23,0,184,mixto
VII VOLTA/ANDAINA Á ILLA DE ONS 2023,2023-04-30,CARREIRA (18 anos cumplidos),158,32,0,190,mixto
VII carrera popular “Fiesta de la cereza” (RUN RUN VIGO),2018-05-27,ABSOLUTA (2002 Y ANTERIORES),194,63,0,257,mixto
VII carrera popular “Fiesta de la cereza” (RUN RUN VIGO),2018-05-27,ABSOLUTA (RUNRUNVIGO),193,62,0,255,mixto
VII carrera popular “Fiesta de la cereza” (RUN RUN VIGO),2018-05-27,NIÑ@S (INFANTIL Y CADETE),4,9,0,13,mixto
VII carrera popular “Fiesta de la cereza” (RUN RUN VIGO),2018-05-27,"NIÑ@S (PREBENJAMIN, BENJAMIN Y ALEVIN)",18,16,0,34,mixto
VII edición do TRAIL DO TREGA,2020-10-11,TRAIL,250,50,0,300,mixto
VIII 10 KMS XORNADAS MARISQUEIRAS DO BERBES,2017-09-10,ABSOLUTA (RUNRUNVIGO),400,84,0,484,mixto
VIII 10 KMS XORNADAS MARISQUEIRAS DO BERBES,2017-09-10,ABSOLUTA (RUNRUNVIGO) [Compensada],400,84,0,484,mixto
VIII 10 KMS XORNADAS MARISQUEIRAS DO BERBES,2017-09-10,DISTANCIA DE 10 KM,405,85,0,490,mixto
VIII 1O KM VILLA DE RIBADESELLA,2016-09-17,10 KM,356,85,0,441,mixto
VIII 1O KM VILLA DE RIBADESELLA,2016-09-17,VEHÍCULO ADAPTADO,1,0,0,1,mixto
VIII ANDAINA - CARREIRA POZO DO DEMO,2018-03-25,CARREIRA CURTA (10 KM),37,18,0,55,mixto
VIII ANDAINA - CARREIRA POZO DO DEMO,2018-03-25,CARREIRA LONGA (27 KM),51,6,0,57,mixto
VIII BAIXADA POPULAR SAN PEDRO DE VISMA,2015-06-28,ADULTOS (NACIDOS EN 1997 Y ANTERIORES),436,129,0,565,mixto
VIII BAIXADA POPULAR SAN PEDRO DE VISMA,2015-06-28,ALEVIN,16,18,0,34,mixto
VIII BAIXADA POPULAR SAN PEDRO DE VISMA,2015-06-28,BENJAMIN,20,0,0,20,mixto
VIII BAIXADA POPULAR SAN PEDRO DE VISMA,2015-06-28,BENXAMIN,0,17,0,17,mixto
VIII BAIXADA POPULAR SAN PEDRO DE VISMA,2015-06-28,INFANTIL,14,8,0,22,mixto
VIII BAIXADA POPULAR SAN PEDRO DE VISMA,2015-06-28,JUVENIL_CADETE,22,10,0,32,mixto
VIII C.P.“MAR DE BOIRO”MEMORIAL PEPE BUCETA.2012,2012-12-16,6º MEMORIAL PEPE BUCETA. Distancia: 8451 m,0,0,0,0,mixto
VIII CAMOVI (CARREIRA POR MONTAÑA MONTES DE VIVEIRO) 2018,2018-04-21,CAMOVI 10K (DOMINGO),64,29,0,93,mixto
VIII CAMOVI (CARREIRA POR MONTAÑA MONTES DE VIVEIRO) 2018,2018-04-21,CAMOVI 21K (DOMINGO),127,42,0,169,mixto
VIII CAMOVI (CARREIRA POR MONTAÑA MONTES DE VIVEIRO) 2018,2018-04-21,CAMOVI 42K (DOMINGO),122,16,0,138,mixto
VIII CAMOVI (CARREIRA POR MONTAÑA MONTES DE VIVEIRO) 2018,2018-04-21,CAMOVI 45K ETAPAS INDIVIDUAL (DOMINGO),10,1,0,11,mixto
VIII CAMOVI (CARREIRA POR MONTAÑA MONTES DE VIVEIRO) 2018,2018-04-21,CAMOVI 45K ETAPAS INDIVIDUAL (SABADO Y DOMINGO),9,0,0,9,mixto
VIII CAMOVI (CARREIRA POR MONTAÑA MONTES DE VIVEIRO) 2018,2018-04-21,CAMOVI 45K ETAPAS POR PAREJAS (DOMINGO),10,5,0,15,mixto
VIII CAMOVI (CARREIRA POR MONTAÑA MONTES DE VIVEIRO) 2018,2018-04-21,CAMOVI 45K ETAPAS POR PAREJAS (SABADO Y DOMINGO),0,0,0,0,mixto
VIII CARREIRA GUITIRIZ TERMAL 2013,2013-06-22,PROBA ABSOLUTA. DISTANCIA: 5700 M,0,0,0,0,mixto
VIII CARREIRA NOCTURNA CELANOVA. LIGA11,2011-06-11,Carrera,457,0,0,457,mixto
VIII CARREIRA PEDESTRE DO CONCELLO DE MALPICA,2025-09-27,10 KM (2009 e anteriores),63,17,0,80,mixto
VIII CARREIRA PEDESTRE DO CONCELLO DE MALPICA,2025-09-27,2 KM (2009 e anteriores),9,10,0,19,mixto
VIII CARREIRA PEDESTRE DO CONCELLO DE MALPICA,2025-09-27,SUB10 (2016-2017),9,6,0,15,mixto
VIII CARREIRA PEDESTRE DO CONCELLO DE MALPICA,2025-09-27,SUB12 (2014-2015) SUB14 (2012-2013) SUB16 (2010-2011),14,6,0,20,mixto
VIII CARREIRA PEDESTRE DO CONCELLO DE OUTES 2015,2015-05-17,ABSOLUTA (1997 E ANTERIORES),156,23,0,179,mixto
VIII CARREIRA PEDESTRE DO CONCELLO DE OUTES 2015,2015-05-17,ALEVIN-INFANTIL (2002-2005),26,25,0,51,mixto
VIII CARREIRA PEDESTRE DO CONCELLO DE OUTES 2015,2015-05-17,CADETE-XUVENIL (1998-2001),11,6,0,17,mixto
VIII CARREIRA PEDESTRE SAN BRAIS,2016-01-31,ABSOLUTA CCCP,231,54,0,285,mixto
VIII CARREIRA PEDESTRE SAN BRAIS,2016-01-31,ABSOLUTA CCCP [Compensada],231,54,0,285,mixto
VIII CARREIRA PEDESTRE SAN BRAIS,2016-01-31,PROBA ABSOLUTA,318,67,0,385,mixto
VIII CARREIRA POPULAR CONCELLO DE CAMBADOS,2018-07-08,PROBA DE 10 KM,224,37,0,261,mixto
"VIII CARREIRA POPULAR CONCELLO DE CARBALLEDO ""ENTRE CARBALLOS CENTENARIOS""",2026-06-20,ABSOLUTA 10K (2010 e anteriores),29,11,0,40,mixto
"VIII CARREIRA POPULAR CONCELLO DE CARBALLEDO ""ENTRE CARBALLOS CENTENARIOS""",2026-06-20,ABSOLUTA 5K (2010 e anteriores),9,3,0,12,mixto
VIII CARREIRA POPULAR CONCELLO DE MONFORTE,2016-04-03,ADULTOS,248,70,0,318,mixto
VIII CARREIRA POPULAR DE CHANTADA,2017-04-30,ABSOLUTA 10KM,151,34,0,185,mixto
VIII CARREIRA POPULAR DE CHANTADA,2017-04-30,CADEIRA DE RODAS,0,2,0,2,mixto
VIII CARREIRA POPULAR DE CHANTADA,2017-04-30,HANDBIKE,2,0,0,2,mixto
VIII CARREIRA POPULAR DE CHANTADA,2017-04-30,INFANTIL-CADETE (2002 A 2005),14,8,0,22,mixto
VIII CARREIRA POPULAR DE FRIOL,2022-04-09,ABSOLUTA (2006 e anteriores),126,56,0,182,mixto
VIII CARREIRA POPULAR DE FRIOL,2022-04-09,PREBENXAMIN (2015-2016),27,17,0,44,mixto
VIII CARREIRA POPULAR DE FRIOL,2022-04-09,SUB10 (2013-2014),25,19,0,44,mixto
VIII CARREIRA POPULAR DE FRIOL,2022-04-09,SUB12 (2011-2012),18,17,0,35,mixto
VIII CARREIRA POPULAR DE FRIOL,2022-04-09,SUB14 (2009-2010)-SUB16 (2007-2008),21,21,0,42,mixto
VIII CARREIRA POPULAR DE RABADE 2011,2011-01-23,CARREIRA ABSOLUTA. DISTANCIA: 5000 M,0,0,0,0,mixto
VIII CARREIRA POPULAR DO SAN SALVADOR CONCELLO DE BAÑOS DE MOLGAS,2015-08-01,ABSOLUTA (7000m),140,44,0,184,mixto
VIII CARREIRA POPULAR DO SAN SALVADOR CONCELLO DE BAÑOS DE MOLGAS,2015-08-01,BENXAMIN-ALEVIN (2004-2009),17,13,0,30,mixto
VIII CARREIRA POPULAR DO SAN SALVADOR CONCELLO DE BAÑOS DE MOLGAS,2015-08-01,INFANTIL-CADETE (2000-2003),5,2,0,7,mixto
VIII CARREIRA POPULAR DOLMEN DE DOMBATE,2023-09-23,10K ABSOLUTA (2005 e anteriores),135,26,0,161,mixto
VIII CARREIRA POPULAR DOLMEN DE DOMBATE,2023-09-23,SENIOR 3K (2005 e anteriores),61,59,0,120,mixto
VIII CARREIRA POPULAR DOLMEN DE DOMBATE,2023-09-23,SUB10 (2014-2015),14,11,0,25,mixto
VIII CARREIRA POPULAR DOLMEN DE DOMBATE,2023-09-23,SUB12 (2012-2013),13,15,0,28,mixto
VIII CARREIRA POPULAR DOLMEN DE DOMBATE,2023-09-23,SUB14 (2010-2011) SUB16 (2008-2009) SUB18 (2006-2007),27,24,0,51,mixto
VIII CARREIRA POPULAR GUITIRIZ TERMAL 2013,2013-06-22,Carrera,148,0,0,148,mixto
VIII CARREIRA POPULAR MASIDE 2014,2014-08-31,PROBA ABSOLUTA. DISTANCIA: 11000 M,0,0,0,0,mixto
VIII CARREIRA POPULAR NOVO MESOIRO,2018-11-25,ABSOLUTA,496,158,0,654,mixto
VIII CARREIRA POPULAR NOVO MESOIRO,2018-11-25,PRE-BENXAMIN (Non Competitiva),0,0,0,0,mixto
VIII CARREIRA POPULAR NOVO MESOIRO,2018-11-25,SUB 10,35,0,0,35,mixto
VIII CARREIRA POPULAR NOVO MESOIRO,2018-11-25,SUB 10 FEMENINIO,0,23,0,23,mixto
VIII CARREIRA POPULAR NOVO MESOIRO,2018-11-25,SUB 12,33,0,0,33,mixto
VIII CARREIRA POPULAR NOVO MESOIRO,2018-11-25,SUB12,0,25,0,25,mixto
VIII CARREIRA POPULAR NOVO MESOIRO,2018-11-25,SUB14,10,18,0,28,mixto
VIII CARREIRA POPULAR NOVO MESOIRO,2018-11-25,SUB16 y SUB18,14,10,0,24,mixto
VIII CARREIRA POPULAR PEDESTRE A SILVA 10000M,2012-11-10,VIII CARREIRA POPULAR PEDESTRE A SILVA 10000M,0,0,0,0,mixto
VIII CARREIRA POPULAR PEDESTRE A SILVA 2200M,2012-11-10,VIII CARREIRA POPULAR PEDESTRE A SILVA 2200M,0,0,0,0,mixto
VIII CARREIRA POPULAR SOLIDARIA DE FOZ RUNFOZRUN 2016,2016-08-14,ABSOLUTA (2000 Y AÑOS ANTERIORES),309,76,0,385,mixto
VIII CARREIRA POPULAR SOLIDARIA DE FOZ RUNFOZRUN 2016,2016-08-14,EQUIPOS RUN FOZ RUN ( 4 INTEGRANTES),0,0,0,0,mixto
VIII CARREIRA POPULAR TORRE DE HÉRCULES - TROFEO JOSE ANTONIO VARELA CALVIÑO,2018-03-31,ABSOLUTA,776,332,0,1108,mixto
VIII CARREIRA POPULAR TORRE DE HÉRCULES - TROFEO JOSE ANTONIO VARELA CALVIÑO,2018-03-31,PRE-BENXAMÍN (No competitiva),0,0,0,0,mixto
VIII CARREIRA POPULAR TORRE DE HÉRCULES - TROFEO JOSE ANTONIO VARELA CALVIÑO,2018-03-31,SUB 10,26,19,0,45,mixto
VIII CARREIRA POPULAR TORRE DE HÉRCULES - TROFEO JOSE ANTONIO VARELA CALVIÑO,2018-03-31,SUB 12,26,26,0,52,mixto
VIII CARREIRA POPULAR TORRE DE HÉRCULES - TROFEO JOSE ANTONIO VARELA CALVIÑO,2018-03-31,SUB 14,18,19,0,37,mixto
VIII CARREIRA POPULAR TORRE DE HÉRCULES - TROFEO JOSE ANTONIO VARELA CALVIÑO,2018-03-31,SUB 16,15,10,0,25,mixto
VIII CARREIRA POPULAR TORRE DE HÉRCULES - TROFEO JOSE ANTONIO VARELA CALVIÑO,2018-03-31,SUB 18,8,14,0,22,mixto
VIII CARREIRA POPULAR VAL DAS FABAS LOURENZÁ 2017,2017-10-01,CADETE / XUVENIL-PROMESA / ABSOLUTA,143,39,0,182,mixto
VIII CARREIRA POPULAR VOLTA A OZA,2019-09-08,ABSOLUTA,358,102,0,460,mixto
VIII CARREIRA POPULAR VOLTA A OZA,2019-09-08,PRE-BENXAMÍN (Non competitiva),0,0,0,0,mixto
VIII CARREIRA POPULAR VOLTA A OZA,2019-09-08,SUB10,22,11,0,33,mixto
VIII CARREIRA POPULAR VOLTA A OZA,2019-09-08,SUB12,12,10,0,22,mixto
VIII CARREIRA POPULAR VOLTA A OZA,2019-09-08,SUB14,9,9,0,18,mixto
VIII CARREIRA POPULAR VOLTA A OZA,2019-09-08,SUB16 Y SUB18,9,4,0,13,mixto
VIII CARREIRA SOLIDARIA DO ARENTEIRO (O CARBALLIÑO),2016-12-18,ABSOLUTA (1999 E ANT.),337,82,0,419,mixto
VIII CARREIRA SOLIDARIA DO ARENTEIRO (O CARBALLIÑO),2016-12-18,ALEVÍN (2004 A 2006) E INFANTIL-CADETE (2000 A 2003),34,17,0,51,mixto
VIII CARREIRA SOLIDARIA DO ARENTEIRO (O CARBALLIÑO),2016-12-18,EQUIPOS CP ARENTEIRO,0,0,0,0,mixto
VIII CARREIRA SOLIDARIA RIO MAO 2015 BOVEDA,2015-05-24,ABSOLUTA (1999 E ANTERIORES),154,38,0,192,mixto
VIII CARREIRA do COCIDO – LALÍN 2018,2018-01-28,ABSOLUTA (2002 E ANTERIORES),311,75,0,386,mixto
VIII CARREIRA do COCIDO – LALÍN 2018,2018-01-28,ALEVIN (2007-2008),31,27,0,58,mixto
VIII CARREIRA do COCIDO – LALÍN 2018,2018-01-28,BENXAMIN (2009-2010),38,24,0,62,mixto
VIII CARREIRA do COCIDO – LALÍN 2018,2018-01-28,"INFANTIL (2005-2006), CADETE (2003-2004)",14,14,0,28,mixto
VIII CARREIRA-ANDAINA “SAN SILVESTRE VILALBESA”,2023-12-30,ABSOLUTA (2009 e anteriores),66,28,0,94,mixto
VIII CARRERA DEL AGUA UNICEF SADA,2018-09-30,ALEVIN (2007/2008),39,0,0,39,mixto
VIII CARRERA DEL AGUA UNICEF SADA,2018-09-30,ALEVIN FEMININO (2007/2008),0,44,0,44,mixto
VIII CARRERA DEL AGUA UNICEF SADA,2018-09-30,BENXAMIN (2009/2010),39,0,0,39,mixto
VIII CARRERA DEL AGUA UNICEF SADA,2018-09-30,BENXAMIN FEMININO (2009/2010),0,44,0,44,mixto
VIII CARRERA DEL AGUA UNICEF SADA,2018-09-30,CADETES E XUVENIL/JUNIOR (1999 A 2004),14,12,0,26,mixto
VIII CARRERA DEL AGUA UNICEF SADA,2018-09-30,CUADRO DE HONOR,0,0,0,0,mixto
VIII CARRERA DEL AGUA UNICEF SADA,2018-09-30,INFANTIL FEMININO (2005/2006),0,28,0,28,mixto
VIII CARRERA DEL AGUA UNICEF SADA,2018-09-30,INFANTL (2005/2006),20,0,0,20,mixto
VIII CARRERA DEL AGUA UNICEF SADA,2018-09-30,PREBENXAMIN (2011/2012),41,0,0,41,mixto
VIII CARRERA DEL AGUA UNICEF SADA,2018-09-30,PREBENXAMIN FEMININO (2011/2012),0,29,0,29,mixto
VIII CARRERA DEL AGUA UNICEF SADA,2018-09-30,"PROMESA, SENIORS E MASTER (1998 E ANOS ANTERIORES)",408,128,0,536,mixto
VIII CARRERA HUCA 'MUÉVETE POR LA SALUD' 3K CarrerHUCA 'Corre o Camina' y 10K HUCA,2025-09-28,10K HUCA,224,104,0,328,mixto
VIII CARRERA POPULAR ' INTERRUNNING PIÑEIRO - CONCELLO DE PORRIÑO 2014. ABSOLUTA,2014-03-02,PRUEBA ABSOLUTA. DISTANCIA: 10000 M,0,0,0,0,mixto
VIII CARRERA POPULAR ' INTERRUNNING PIÑEIRO - CONCELLO DE PORRIÑO 2014. BENJAMIN Y ALEVIN,2014-03-02,PRUEBA ALEVÍN. DISTANCIA: 1500 M,0,0,0,0,mixto
VIII CARRERA POPULAR ' INTERRUNNING PIÑEIRO - CONCELLO DE PORRIÑO 2014. BENJAMIN Y ALEVIN,2014-03-02,PRUEBA BENJAMÍN. DISTANCIA: 800 M,0,0,0,0,mixto
VIII CARRERA POPULAR ' INTERRUNNING PIÑEIRO - CONCELLO DE PORRIÑO 2014. INFANTIL Y CADETE,2014-03-02,PRUEBA INFANTIL Y CADETE. DISTANCIA: 3000 M,0,0,0,0,mixto
VIII CARRERA POPULAR CORUÑA 10 2014,2014-10-05,CARRERA ABSOLUTA. DISTANCIA: 10000 M,0,0,0,0,mixto
VIII CARRERA POPULAR CORUÑA 10 2014. MENORES,2014-10-05,CARRERA ALEVIN . DISTANCIA: 880 M,0,0,0,0,mixto
VIII CARRERA POPULAR CORUÑA 10 2014. MENORES,2014-10-05,CARRERA BENJAMIN (SALIDA1). DISTANCIA: 880 M,0,0,0,0,mixto
VIII CARRERA POPULAR CORUÑA 10 2014. MENORES,2014-10-05,CARRERA BENJAMIN (SALIDA2). DISTANCIA: 880 M,0,0,0,0,mixto
VIII CARRERA POPULAR CORUÑA 10 2014. MENORES,2014-10-05,CARRERA BENJAMIN . DISTANCIA: 880 M,0,0,0,0,mixto
VIII CARRERA POPULAR CORUÑA 10 2014. MENORES,2014-10-05,CARRERA CADETE. DISTANCIA: 2410 M,0,0,0,0,mixto
VIII CARRERA POPULAR CORUÑA 10 2014. MENORES,2014-10-05,CARRERA INFANTIL . DISTANCIA: 1645 M,0,0,0,0,mixto
VIII CARRERA POPULAR CORUÑA 10 2014. MENORES,2014-10-05,CARRERA JUVENIL. DISTANCIA: 2410 M,0,0,0,0,mixto
VIII CARRERA POPULAR DE MONTAÑA CLUB FLUVIAL DE LUGO,2024-11-17,CORTA,68,35,0,103,mixto
VIII CARRERA POPULAR DE MONTAÑA CLUB FLUVIAL DE LUGO,2024-11-17,LARGA,92,9,0,101,mixto
VIII CARRERA POPULAR LOS ROSALES,2019-11-24,ABSOLUTA,363,109,0,472,mixto
VIII CARRERA POPULAR LOS ROSALES,2019-11-24,SUB10,27,0,0,27,mixto
VIII CARRERA POPULAR LOS ROSALES,2019-11-24,SUB10 FEMININO,0,19,0,19,mixto
VIII CARRERA POPULAR LOS ROSALES,2019-11-24,SUB12,19,0,0,19,mixto
VIII CARRERA POPULAR LOS ROSALES,2019-11-24,SUB12 FEMININO,0,14,0,14,mixto
VIII CARRERA POPULAR LOS ROSALES,2019-11-24,SUB14,9,10,0,19,mixto
VIII CARRERA POPULAR LOS ROSALES,2019-11-24,SUB16 Y SUB18,10,7,0,17,mixto
"VIII CARRERA POPULAR “CULTIVANDO DEPORTE, BOIMORTO NO CAMIÑO”",2025-08-30,CARRERA POPULAR,124,97,0,221,mixto
VIII CARRERA SOLIDARIA COLEGIO PLURILINGÜE CERVANTES,2018-05-17,ADULTOS (2000 Y ANTERIORES),171,67,0,238,mixto
VIII CARRERA SOLIDARIA COLEGIO PLURILINGÜE CERVANTES,2018-05-17,CATEGORÍA A (2009 A 2011),31,26,0,57,mixto
VIII CARRERA SOLIDARIA COLEGIO PLURILINGÜE CERVANTES,2018-05-17,CATEGORÍA B (2006 A 2008),32,29,0,61,mixto
VIII CARRERA SOLIDARIA COLEGIO PLURILINGÜE CERVANTES,2018-05-17,CATEGORÍA C (2001 A 2005),17,4,0,21,mixto
VIII CROSS CABO UDRA,2025-06-21,ABSOLUTA (2008 e anteriores) SABADO 21,205,57,0,262,mixto
VIII CROSS CABO UDRA,2025-06-21,EQUIPOS CROSS CABO UDRA ABSOLUTA 2025,0,0,0,0,mixto
VIII CROSS CABO UDRA,2025-06-21,POPULAR (2010 e anteriores) SABADO 21,47,38,0,85,mixto
VIII Carreira Nocturna de Sada “Ninguén sen Nadal”,2023-12-15,ABSOLUTA (2007 e anteriores),122,64,0,186,mixto
VIII Carreira Nocturna de Sada “Ninguén sen Nadal”,2023-12-15,EQUIPOS NOCTURNA SADA 2023,0,0,0,0,mixto
VIII Carreira Nocturna de Sada “Ninguén sen Nadal”,2023-12-15,PREBENXAMIN (2017-2016),8,18,0,26,mixto
VIII Carreira Nocturna de Sada “Ninguén sen Nadal”,2023-12-15,SUB10/BENXAMINS (2014-2015),12,10,0,22,mixto
VIII Carreira Nocturna de Sada “Ninguén sen Nadal”,2023-12-15,SUB12/ALEVIN (2012-2013),7,14,0,21,mixto
VIII Carreira Nocturna de Sada “Ninguén sen Nadal”,2023-12-15,SUB14/INFANTIS (2010-2011),8,8,0,16,mixto
VIII Carreira Nocturna de Sada “Ninguén sen Nadal”,2023-12-15,SUB16/CADETE (2008-2009),2,4,0,6,mixto
VIII Carreira Pedestre Concello de Vimianzo,2018-04-22,3K CONTRA O CANCRO (2002 E ANT.),69,109,0,178,mixto
VIII Carreira Pedestre Concello de Vimianzo,2018-04-22,ABSOLUTA 10K (2002 E ANT.),236,53,0,289,mixto
VIII Carreira Pedestre Concello de Vimianzo,2018-04-22,ADAPTADA 10K,1,0,0,1,mixto
VIII Carreira Pedestre Concello de Vimianzo,2018-04-22,ALEVIN (2007-2008),17,22,0,39,mixto
VIII Carreira Pedestre Concello de Vimianzo,2018-04-22,BENXAMIN (2009-2010),27,18,0,45,mixto
VIII Carreira Pedestre Concello de Vimianzo,2018-04-22,"INFANTIL (05-06), CADETE (03-04) E XUVENIL (01-02)",27,33,0,60,mixto
VIII Carreira Pedestre de Campañó - G.P. Hotel Campaniola (CCCP 2015),2015-09-19,ABSOLUTA (18 AÑOS EN ADELANTE),303,63,0,366,mixto
VIII Carreira Pedestre de Campañó - G.P. Hotel Campaniola (CCCP 2015),2015-09-19,ABSOLUTA CCCP,177,33,0,210,mixto
VIII Carreira Pedestre de Campañó - G.P. Hotel Campaniola (CCCP 2015),2015-09-19,ABSOLUTA CCCP [Compensada],177,33,0,210,mixto
VIII Carreira Pedestre de Campañó - G.P. Hotel Campaniola (CCCP 2015),2015-09-19,XUVENIL (NADOS NO 98 ou 99),7,2,0,9,mixto
VIII Carreira Popular Concello de Redondela,2015-06-28,ABSOLUTA (1999 E ANTERIORES),375,88,0,463,mixto
VIII Carreira Popular Monte de Santa Cruz Ribadeo,2015-08-29,ABSOLUTA (1999 E ANTERIORES),84,19,0,103,mixto
VIII Carreira Popular Monte de Santa Cruz Ribadeo,2015-08-29,"Alevín, Infantil e Cadete",21,14,0,35,mixto
VIII Carreira Popular Monte de Santa Cruz Ribadeo,2015-08-29,Pitufos,7,4,0,11,mixto
VIII Carreira Popular Monte de Santa Cruz Ribadeo,2015-08-29,Prebenxamín y Benxamín,14,8,0,22,mixto
VIII Carrera Popular CNSO - RGCC,2019-09-29,RECORRIDO A,279,168,0,447,mixto
VIII Carrera Popular CNSO - RGCC,2019-09-29,RECORRIDO B,77,71,0,148,mixto
VIII Carrera Popular Milla del Conocimiento,2017-11-12,CARRERA ABSOLUTA (2002 Y ANTERIORES),458,200,0,658,mixto
VIII Carrera Popular Milla del Conocimiento,2017-11-12,EQUIPOS V MILLA DEL CONOCIMIENTO,0,0,0,0,mixto
VIII Carrera Popular Milla del Conocimiento,2017-11-12,MINI (2011 Y POSTERIORES),62,45,0,107,mixto
VIII Carrera Popular Milla del Conocimiento,2017-11-12,SUB 10 (2009 Y 2010),61,40,0,101,mixto
VIII Carrera Popular Milla del Conocimiento,2017-11-12,SUB 12 (2007 Y 2008),49,53,0,102,mixto
VIII Carrera Popular Milla del Conocimiento,2017-11-12,SUB 14 (2005 Y 2006),31,28,0,59,mixto
VIII Carrera Popular Milla del Conocimiento,2017-11-12,SUB 16 (2003 Y 2004),9,17,0,26,mixto
VIII DESAFÍO CC SAN MIGUEL MONTERROSO,2025-09-14,RUTA CORTA (700m +),47,2,0,49,mixto
VIII DESAFÍO CC SAN MIGUEL MONTERROSO,2025-09-14,RUTA LONGA (1300m +),32,1,0,33,mixto
VIII DUATLÓN CROS DE REIS - CONCELLO DE VIMIANZO,2017-01-08,"DUATLON CROS (5,4 Km - 21 Km - 3,6 Km)",130,14,0,144,mixto
VIII EDICION SAMURAI XTREME RACE 2025,2025-07-06,EQUIPOS,0,0,0,0,mixto
VIII EDICION SAMURAI XTREME RACE 2025,2025-07-06,POPULAR,426,290,0,716,mixto
VIII EDICION SAMURAI XTREME RACE 2025,2025-07-06,POPULAR COMPETITIVA (STARTED),71,18,0,89,mixto
VIII EDICION SAMURAI XTREME RACE 2025,2025-07-06,TANDA 1 CAMPEONATO DE ESPAÑA Normativa OSO,24,3,0,27,mixto
VIII KDD BTT DOS CALLOS LARACHA,2023-01-29,RUTA,182,5,0,187,mixto
VIII KDD BTT DOS CALLOS LARACHA,2023-01-29,RUTA eBIKE,21,0,0,21,mixto
VIII MARCHA BTT Villa de Boñar,2015-08-22,CORTA (35KM),24,3,0,27,mixto
VIII MARCHA BTT Villa de Boñar,2015-08-22,LARGA (70KM),34,0,0,34,mixto
VIII MEDIA MARATON CIUDAD DE LEÓN,2016-03-13,5 KM MMLEÓN16,66,77,0,143,mixto
VIII MEDIA MARATON CIUDAD DE LEÓN,2016-03-13,MMLEÓN16,1185,174,0,1359,mixto
VIII MEDIA MARATON CIUDAD DE LEÓN,2016-03-13,PRUEBA EN VEHÍCULO ADAPTADO,2,0,0,2,mixto
VIII MEDIA MARATON DEL DULCE. BENAVIDES DE ORBIGO,2013-05-12,PRUEBA ABSOLUTA. DISTANCIA: 21097 M,0,0,0,0,mixto
VIII MEDIA MARATON “corazón de Asturias” 2015 (Posada de Llanera),2015-02-15,7 MILLAS,162,60,0,222,mixto
VIII MEDIA MARATON “corazón de Asturias” 2015 (Posada de Llanera),2015-02-15,MEDIO MARATÓN,432,37,0,469,mixto
"VIII MEDIA MARATÓN SOLIDARIA ZONA ABERTA, a favor de FUNDACION ANDREA, Vilagarcía de Arousa",2019-11-24,MEDIO MARATON,335,16,0,351,mixto
VIII MEMORIAL EDUARDO FERNÁNDEZ VILLAMARÍN 2011,2011-01-23,Carrera,354,0,0,354,mixto
VIII MOUNTEMPLARIA,2015-06-27,"RECORRIDO ""A"" (80 KM)",90,1,0,91,mixto
VIII MOUNTEMPLARIA,2015-06-27,"RECORRIDO ""B"" (57 KM)",54,3,0,57,mixto
VIII Media Maratón Ribadeo – As Catedrais,2022-09-17,Medio Maratón,407,89,0,496,mixto
VIII Milla San Roque Sada,2018-08-19,Alevins 2007-2008,10,0,0,10,mixto
VIII Milla San Roque Sada,2018-08-19,Alevins Feminino 2007-2008,0,8,0,8,mixto
VIII Milla San Roque Sada,2018-08-19,Benxamíns 2009-2010,22,0,0,22,mixto
VIII Milla San Roque Sada,2018-08-19,Benxamíns Feminino 2009-2010,0,11,0,11,mixto
VIII Milla San Roque Sada,2018-08-19,CADETE-XUVENIL/JUNIOR,16,5,0,21,mixto
VIII Milla San Roque Sada,2018-08-19,Infantil 2005-2006,12,0,0,12,mixto
VIII Milla San Roque Sada,2018-08-19,Infantil Feminino 2005-2006,0,8,0,8,mixto
VIII Milla San Roque Sada,2018-08-19,Master A. 35 a 44 anos inclusive,22,12,0,34,mixto
VIII Milla San Roque Sada,2018-08-19,Master B e Master C. de 45 anos inclusive en adiante,47,14,0,61,mixto
VIII Milla San Roque Sada,2018-08-19,Prebenxamis 2011-2012,15,0,0,15,mixto
VIII Milla San Roque Sada,2018-08-19,Prebenxamis Feminino 2011-2012,0,9,0,9,mixto
VIII Milla San Roque Sada,2018-08-19,Promesa/Seniors. 1998 ata 34 anos,22,3,0,25,mixto
VIII RUTA BTT TERRA CHA DO QUEIXO SAN SIMON DA COSTA,2024-04-06,CORTA 37Km +-700m desnivel,44,1,0,45,mixto
VIII RUTA BTT TERRA CHA DO QUEIXO SAN SIMON DA COSTA,2024-04-06,LARGA: 60Km-1750m desnivel,98,3,0,101,mixto
VIII RUTA BTT TERRA CHA DO QUEIXO SAN SIMON DA COSTA,2024-04-06,MEDIA 50km +-1100m desnivel,57,3,0,60,mixto
VIII SAN SILVESTRE A CORUÑA 2017,2017-12-31,CARRERA ABSOLUTA (A PARTIR DE 11 AÑOS),2212,1131,0,3343,mixto
VIII SANITAS MARCA RUNNING SERIES DE GIJON,2019-10-20,10K (16 AÑOS O MAS),830,204,0,1034,mixto
VIII SUBIDA CICLOTURISTA A GROBA,2016-08-20,11KM,165,6,0,171,mixto
VIII SUBIDA CICLOTURISTA A GROBA,2016-08-20,EQUIPOS SUBIDA A GROBA,0,0,0,0,mixto
VIII TRAIL CONCELLO DE ARTEIXO,2019-10-27,TRAIL CURTO (MAIORES DE 16 ANOS),140,38,0,178,mixto
VIII TRAIL CONCELLO DE ARTEIXO,2019-10-27,TRAIL LONGO (MAIORES DE 18 AÑOS),53,7,0,60,mixto
VIII TRAIL COSTA DOCE 2024,2024-01-20,TRAIL NOCTURNO (Sabado),44,6,0,50,mixto
VIII TRAIL COSTA DOCE 2024 dia 2,2024-01-20,JOELLET,4,2,0,6,mixto
VIII TRAIL COSTA DOCE 2024 dia 2,2024-01-20,TRAIL CURTO (Domingo),154,69,0,223,mixto
VIII TRAIL COSTA DOCE 2024 dia 2,2024-01-20,TRAIL LONGO (Domingo),78,8,0,86,mixto
VIII TRAVESÍA SISARGAS - MALPICA,2017-09-10,TRAVESIA (2001 E ANTERIORES),107,8,0,115,mixto
VIII TRAVESÍA VILA DO TEA 2024,2024-08-10,ALEVIN (2011-2012),14,15,0,29,mixto
VIII TRAVESÍA VILA DO TEA 2024,2024-08-10,BENXAMIN (2013-2014),13,7,0,20,mixto
VIII TRAVESÍA VILA DO TEA 2024,2024-08-10,ELITE. Puntuable Copa España e Circuito Galego Augas Abertas,21,19,0,40,mixto
VIII TRAVESÍA VILA DO TEA 2024,2024-08-10,MASTER/POPULAR Puntuable Copa España e Circuito Galego Augas Aberta,54,26,0,80,mixto
VIII TRAVESÍA VILA DO TEA 2024,2024-08-10,"POPULAR (sub23, sub45 e +45)/ INFANTIL (2009-2010)",36,13,0,49,mixto
VIII TRAVESÍA VILA DO TEA 2024,2024-08-10,PREBENXAMIN (2015 e posteriores),2,7,0,9,mixto
VIII TRAVESÍA VILA DO TEA 2024,2024-08-10,REMUDAS MIXTAS ELITE,0,0,0,0,mixto
VIII TRAVESÍA VILA DO TEA 2024,2024-08-10,REMUDAS MIXTAS MASTER/POPULAR,0,0,0,0,mixto
VIII TRAVESÍA “CASTROS DE CELORIO”,2016-07-09,PRUEBA DE 1.300 METROS,41,33,0,74,mixto
VIII TRAVESÍA “CASTROS DE CELORIO”,2016-07-09,PRUEBA DE 2.200 METROS,82,31,0,113,mixto
VIII TRAVESÍA “CASTROS DE CELORIO”,2016-07-09,PRUEBA DE 500 METROS ( VER CONDICIONES EN EL REGLAMENTO),0,1,0,1,mixto
VIII TRIATLÓN DESAFÍO SANTANDER ISLAS CÍES 2021,2021-09-19,GRUPOS DE EDAD,0,0,0,0,mixto
VIII TRIATLÓN DESAFÍO SANTANDER ISLAS CÍES 2021,2021-09-19,PRO,0,0,0,0,mixto
VIII Travesia a Nado de Larga Distancia A Coruña 10000 - 2015,2015-09-27,VIII Travesia a Nado de Larga Distancia A Coruña 10000 - 2015,70,10,0,80,mixto
VIII Travesía a nado Costa Serena - Nigrán 2018,2018-07-08,PRUEBA DE 2700 METROS,40,19,0,59,mixto
VIII Travesía a nado Costa Serena - Nigrán 2018,2018-07-08,PRUEBA DE 4000 METROS,195,35,0,230,mixto
VIII Travesía a nado Costa Serena - Nigrán 2018,2018-07-08,PRUEBA DE 800 METROS,20,24,0,44,mixto
VIII Tríatlon Concello de Arteixo,2018-07-28,A sin Corte,0,0,0,0,mixto
VIII Tríatlon Concello de Arteixo,2018-07-28,B con Corte,0,0,0,0,mixto
VIII Tríatlon Concello de Arteixo,2018-07-28,Feminia Popular,0,0,0,0,mixto
VIII Tríatlon Concello de Arteixo,2018-07-28,General,0,0,0,0,mixto
VIII Tríatlon Concello de Arteixo,2018-07-28,Popular,0,0,0,0,mixto
VIII Tríatlon Concello de Poio e Porto de campelo,2018-06-30,A sin Corte,0,0,0,0,mixto
VIII Tríatlon Concello de Poio e Porto de campelo,2018-06-30,B con Corte,0,0,0,0,mixto
VIII Tríatlon Concello de Poio e Porto de campelo,2018-06-30,General,0,0,0,0,mixto
VIII Tríatlon Concello de Poio e Porto de campelo,2018-06-30,Popular,0,0,0,0,mixto
VIII VOLTA/ANDAINA Á ILLA DE ONS 2024,2024-04-28,CARREIRA,168,52,0,220,mixto
VIII carrera popular “ Fiesta de la cereza ” (RUN RUN VIGO),2019-06-01,10 KM (2003 Y ANTERIORES),125,34,0,159,mixto
VIII carrera popular “ Fiesta de la cereza ” (RUN RUN VIGO),2019-06-01,5 KM (NO CLASIFICATORIA RUNRUNVIGO),25,6,0,31,mixto
VIII carrera popular “ Fiesta de la cereza ” (RUN RUN VIGO),2019-06-01,ABSOLUTA (RUNRUNVIGO),125,34,0,159,mixto
VIII carrera popular “ Fiesta de la cereza ” (RUN RUN VIGO),2019-06-01,INFANTIL Y CADETE (2004/2007),4,4,0,8,mixto
VIII carrera popular “ Fiesta de la cereza ” (RUN RUN VIGO),2019-06-01,PREBENJAMIN/BENJENJAMIN Y ALEVIN (2008-2014),14,11,0,25,mixto
VIII edición do TRAIL DO TREGA,2021-11-21,TRAIL,340,75,0,415,mixto
VIIi CAMPEONATO GALLEGO OPEN DE AGUAS ABIERTAS,2024-05-26,1250M ALEVIN,15,14,0,29,mixto
VIIi CAMPEONATO GALLEGO OPEN DE AGUAS ABIERTAS,2024-05-26,2500M MASTER,61,32,0,93,mixto
VIIi CAMPEONATO GALLEGO OPEN DE AGUAS ABIERTAS,2024-05-26,"5000M DEPORTISTA (INF,JUN1,JUN2,SEN)",21,0,0,21,mixto
VIIi CAMPEONATO GALLEGO OPEN DE AGUAS ABIERTAS,2024-05-26,"5000M DEPORTISTA (INF,JUN1,JUN2,SEN) FEMINA",0,18,0,18,mixto
VIIi TRÍATLON POPULAR PORRIÑO-TUI,2023-05-27,General,0,0,0,0,mixto
VIVEIRO BIKE XTREME 2014,2014-03-23,RUTA BTT. DISTANCIA: 62 KM,0,0,0,0,mixto
VIVEIRO BIKE XTREME 2015,2015-03-15,62KM,123,4,0,127,mixto
VIVEIRO BIKE XTREME 2016,2016-03-06,RECORRIDO DE 65 KM (2500 METROS DE ALTITUD ACUMULADA),125,5,0,130,mixto
VIVEIRO BIKE XTREME 2021,2021-10-16,45KM (NO COMPETITIVA),29,0,0,29,mixto
VIVEIRO BIKE XTREME 2021,2021-10-16,65KM (NO COMPETITIVA),11,0,0,11,mixto
VIVEIRO BIKE XTREME 2021,2021-10-16,PRUEBA COMPETITIVA,63,8,0,71,mixto
"VUELVE EL INFIERNO... ANGLIRU 2014, CARRERA A PIE",2014-10-12,CARRERA A PIE. DISTANCIA: 13100 M,0,0,0,0,mixto
"VUELVE EL INFIERNO... ANGLIRU 2014, CRONOESCALADA CICLISTA",2014-10-12,CRONOESCALADA EN BICI. DISTANCIA: 13.1 KM,0,0,0,0,mixto
Viesgo Night Race Lugo,2016-11-12,ABSOLUTA,486,217,0,703,mixto
Viesgo Night Race Lugo 2017,2017-11-11,PRUEBA ABSOLUTA,541,234,0,775,mixto
"Vive la experiencia Bridgestone con Javier Gómez Noya: ¿Nadas, pedaleas o corres?",2017-10-29,CARRERA POPULAR,112,37,0,149,mixto
VÍA KÜNIG TRAIL,2022-09-11,VKT10,34,33,0,67,mixto
VÍA KÜNIG TRAIL,2022-09-11,VKT20,30,5,0,35,mixto
VÍA KÜNIG TRAIL,2022-09-11,VKT33,14,2,0,16,mixto
VÍA KÜNIG TRAIL 2023,2023-09-10,VKT10,28,15,0,43,mixto
VÍA KÜNIG TRAIL 2023,2023-09-10,VKT20,33,3,0,36,mixto
VÍA KÜNIG TRAIL 2024,2024-09-15,VKT10K,27,17,0,44,mixto
VÍA KÜNIG TRAIL 2024,2024-09-15,VKT20K,23,2,0,25,mixto
VÍA KÜNIG TRAIL 2025,2025-09-21,VKT10K,30,12,0,42,mixto
VÍA KÜNIG TRAIL 2025,2025-09-21,VKT20,13,4,0,17,mixto
X 10KM DEL BERBÉS,2019-09-15,10 KM (2003 Y ANTERIORES),312,82,0,394,mixto
X 10KM DEL BERBÉS,2019-09-15,5 KM (NO CLASIFICATORIA RUNRUNVIGO),39,21,0,60,mixto
X 10KM DEL BERBÉS,2019-09-15,ABSOLUTA (RUNRUNVIGO),311,82,0,393,mixto
X ANDAINA E III TRAIL ``CONCELLO DE BANDE´´,2017-08-06,EQUIPOS III TRAIL CONCELLO DE BANDE,0,0,0,0,mixto
X ANDAINA E III TRAIL ``CONCELLO DE BANDE´´,2017-08-06,TRAIL 23KM,71,12,0,83,mixto
X ANDAINA E III TRAIL ``CONCELLO DE BANDE´´,2017-08-06,TRAIL 23KM PARELLA POR RELEVO,6,3,0,9,mixto
"X ANIVERSARIO ""INTERRUNNING-CONCELLO DE PORRIÑO 2016""",2016-03-13,ABSOLUTA (2000 E ANTERIORES),1071,224,0,1295,mixto
"X ANIVERSARIO ""INTERRUNNING-CONCELLO DE PORRIÑO 2016""",2016-03-13,ALEVIN (2005-2006),34,14,0,48,mixto
"X ANIVERSARIO ""INTERRUNNING-CONCELLO DE PORRIÑO 2016""",2016-03-13,BENJAMIN (2007-2008),41,19,0,60,mixto
"X ANIVERSARIO ""INTERRUNNING-CONCELLO DE PORRIÑO 2016""",2016-03-13,INFANTIL-CADETE (2001-2004),43,22,0,65,mixto
X Baixada Popular de Cross San Pedro de Visma,2017-07-02,ALEVIN (2006/2007),7,5,0,12,mixto
X Baixada Popular de Cross San Pedro de Visma,2017-07-02,Adultos,330,87,0,417,mixto
X Baixada Popular de Cross San Pedro de Visma,2017-07-02,BENJAMIN (2008/2009(,14,8,0,22,mixto
X Baixada Popular de Cross San Pedro de Visma,2017-07-02,INFANTIL (2004/2005),4,4,0,8,mixto
X Baixada Popular de Cross San Pedro de Visma,2017-07-02,JUVENIL (2000/2001) - CADETE (2002/2003),13,5,0,18,mixto
X C-TRAIL BOMBEIROS CORUÑA 2025,2025-04-12,TRAIL,110,15,0,125,mixto
X C.P. CONCELLO DE BOIMORTO E X CANICROSS,2016-09-03,ABSOLUTA,109,25,0,134,mixto
X C.P. CONCELLO DE BOIMORTO E X CANICROSS,2016-09-03,"BENXAMIN (2007-2008) , ALEVIN (2005-2006)",14,12,0,26,mixto
X C.P. CONCELLO DE BOIMORTO E X CANICROSS,2016-09-03,"INFANTIL (2003-2004), CADETE (2001-2002)",10,4,0,14,mixto
X C.P. CONCELLO DE BOIMORTO E X CANICROSS,2016-09-03,PREBENXAMÍN (2009-2011),12,11,0,23,mixto
X CAMOVI (CARRERA POR MONTAÑA MONTES DE VIVEIRO),2021-09-05,CAMOVI 10K (Copa Galega CXM Cadete),71,42,0,113,mixto
X CAMOVI (CARRERA POR MONTAÑA MONTES DE VIVEIRO),2021-09-05,CAMOVI 21K (Copa Galega CXM Junior),96,25,0,121,mixto
X CAMOVI (CARRERA POR MONTAÑA MONTES DE VIVEIRO),2021-09-05,CAMOVI 42K (Copa Galega CXM Trail),96,8,0,104,mixto
X CARREIRA NOCTURNA CELANOVA - ADULTOS,2013-06-22,PROBA ABSOLUTA. DISTANCIA: 7800 M,0,0,0,0,mixto
X CARREIRA NOCTURNA CELANOVA . MENORES,2013-06-22,ALEVIN. DISTANCIA: 1000 M,0,0,0,0,mixto
X CARREIRA NOCTURNA CELANOVA . MENORES,2013-06-22,BENXAMIN. DISTANCIA: 500 M,0,0,0,0,mixto
X CARREIRA NOCTURNA CELANOVA . MENORES,2013-06-22,INFANTIL E CADETE. DISTANCIA: 1600 M,0,0,0,0,mixto
X CARREIRA NOCTURNA CELANOVA . MENORES,2013-06-22,PRE-BENXAMIN. DISTANCIA: 500 M,0,0,0,0,mixto
X CARREIRA NOCTURNA CELANOVA. LIGA13,2013-06-22,Carrera,374,0,0,374,mixto
X CARREIRA NOCTURNA CONCELLO DE VILAGARCIA,2013-09-07,ADULTOS. DISTANCIA: 7200 M,0,0,0,0,mixto
X CARREIRA PEDESTRE DO CONCELLO DE OUTES 2017,2017-05-17,10 KM (1999 E ANTERIORES),177,48,0,225,mixto
X CARREIRA PEDESTRE DO CONCELLO DE OUTES 2017,2017-05-17,3 KM (1999 E ANTERIORES),17,19,0,36,mixto
X CARREIRA PEDESTRE DO CONCELLO DE OUTES 2017,2017-05-17,ALEVIN/INFANTIL (2004-2007),17,20,0,37,mixto
X CARREIRA PEDESTRE DO CONCELLO DE OUTES 2017,2017-05-17,CADETE / XUVENIL (2000-2003),8,1,0,9,mixto
X CARREIRA PEDESTRE DO NADAL SAN CIBRAO 2011,2011-12-18,Adultos. Distancia: 8500 m,0,0,0,0,mixto
X CARREIRA PEDESTRE DO NADAL SAN CIBRAO 2011,2011-12-18,Menores. Distancia: 3000 m,0,0,0,0,mixto
X CARREIRA POLULAR DO SAN SALVADOR - CONCELLO DE BAÑOS DE MOLGAS,2017-07-29,BENXAMIN (2008 A 2011) Y ALEVIN (2006 A 2007),21,21,0,42,mixto
X CARREIRA POLULAR DO SAN SALVADOR - CONCELLO DE BAÑOS DE MOLGAS,2017-07-29,CARREIRA ABSOLUTA (2001 E ANT.),149,37,0,186,mixto
X CARREIRA POLULAR DO SAN SALVADOR - CONCELLO DE BAÑOS DE MOLGAS,2017-07-29,INFANTIL/CADETE (2002 A 2005),6,3,0,9,mixto
X CARREIRA POPULAR CONCELLO DE MONFORTE – 2018,2018-04-29,ABSOLUTA (2002 E ANTERIORES),309,89,0,398,mixto
X CARREIRA POPULAR CONCELLO DE MONFORTE – 2018,2018-04-29,CATEGORÍA A (2011-2013),80,50,0,130,mixto
X CARREIRA POPULAR CONCELLO DE MONFORTE – 2018,2018-04-29,CATEGORÍA B (2009-2010),36,35,0,71,mixto
X CARREIRA POPULAR CONCELLO DE MONFORTE – 2018,2018-04-29,CATEGORÍA C (2007-2008),30,23,0,53,mixto
X CARREIRA POPULAR CONCELLO DE MONFORTE – 2018,2018-04-29,CATEGORÍA D y E (2003-2006),38,20,0,58,mixto
X CARREIRA POPULAR CONCELLO DE MONFORTE – 2018,2018-04-29,EQUIPOS X CP MONFORTE 2018,0,0,0,0,mixto
X CARREIRA POPULAR DE CHANTADA,2019-05-11,10K (2003 E ANOS ANT.),122,25,0,147,mixto
X CARREIRA POPULAR DE CHANTADA,2019-05-11,10K EN VEHÍCULO ADAPTADO (2003 E ANOS ANT.),1,0,0,1,mixto
X CARREIRA POPULAR DE CHANTADA,2019-05-11,5K (2003 E ANOS ANT.),38,30,0,68,mixto
X CARREIRA POPULAR DE CHANTADA,2019-05-11,CADETE (2004-2005),5,0,0,5,mixto
X CARREIRA POPULAR DE CHANTADA,2019-05-11,INFANTIL (2006-2007),11,1,0,12,mixto
X CARREIRA POPULAR DE FRIOL,2024-04-27,ABSOLUTA (2008 e anteriores),103,37,0,140,mixto
X CARREIRA POPULAR DE FRIOL,2024-04-27,ALEVÍN (2013-2014),13,13,0,26,mixto
X CARREIRA POPULAR DE FRIOL,2024-04-27,BENXAMIN (2015-2016),19,12,0,31,mixto
X CARREIRA POPULAR DE FRIOL,2024-04-27,CADETE (2009-2010),7,4,0,11,mixto
X CARREIRA POPULAR DE FRIOL,2024-04-27,INFANTIL (2011-2012),7,9,0,16,mixto
X CARREIRA POPULAR DE FRIOL,2024-04-27,PEQUENIÑAS (2017-2018),0,9,0,9,mixto
X CARREIRA POPULAR DE FRIOL,2024-04-27,PEQUENIÑOS (2017-2018),18,0,0,18,mixto
"X CARREIRA POPULAR DE TABOADA ""ENTRE PAZOS E CARBALLOS"" 2023",2023-09-10,ABSOLUTA (2007 e anteriores),55,29,0,84,mixto
"X CARREIRA POPULAR DE TABOADA ""ENTRE PAZOS E CARBALLOS"" 2023",2023-09-10,CATEGORIA A (2014-2016),10,9,0,19,mixto
"X CARREIRA POPULAR DE TABOADA ""ENTRE PAZOS E CARBALLOS"" 2023",2023-09-10,CATEGORIA B (2011-2013),13,9,0,22,mixto
"X CARREIRA POPULAR DE TABOADA ""ENTRE PAZOS E CARBALLOS"" 2023",2023-09-10,CATEGORIA C (2008-2010),4,7,0,11,mixto
X CARREIRA POPULAR E IX ANDAINA MASIDE,2016-09-18,ABSOLUTA,65,8,0,73,mixto
X CARREIRA POPULAR FEIRA DO VIÑO DE QUIROGA 2014,2014-04-18,PROBA ABSOLUTA. DISTANCIA: 9000 M,0,0,0,0,mixto
X CARREIRA POPULAR FESTA DA AUGARDENTE DE PORTOMARÍN,2026-04-04,ABSOLUTA (2010 e anteriores),103,45,0,148,mixto
X CARREIRA POPULAR FESTA DA AUGARDENTE DE PORTOMARÍN,2026-04-04,CATEGORIA A (2018-2021),9,3,0,12,mixto
X CARREIRA POPULAR FESTA DA AUGARDENTE DE PORTOMARÍN,2026-04-04,CATEGORIA B (2014-2017),15,6,0,21,mixto
X CARREIRA POPULAR FESTA DA AUGARDENTE DE PORTOMARÍN,2026-04-04,CATEGORIA C (2011-2013),4,3,0,7,mixto
X CARREIRA POPULAR GUITIRIZ TERMAL 2015,2015-06-20,ABSOLUTA (7200M),69,6,0,75,mixto
X CARREIRA POPULAR GUITIRIZ TERMAL 2015,2015-06-20,CADETE (3200M),1,1,0,2,mixto
X CARREIRA POPULAR VIRXE DA GUÍA 2013,2013-05-17,PROBA ABSOLUTA. DISTANCIA: 10000 M,0,0,0,0,mixto
X CARREIRA POPULAR “MAR DE BOIRO” 8º. Memorial Pepe Buceta,2014-12-14,8º MEMORIAL PEPE BUCETA. DISTANCIA: 10000 M,0,0,0,0,mixto
X CARREIRA SOLIDARIA DO ARENTEIRO (O CARBALLIÑO),2018-12-23,ALEVIN (2006 - 2008) E INFANTIL-CADETE (2002 - 2005),28,20,0,48,mixto
X CARREIRA SOLIDARIA DO ARENTEIRO (O CARBALLIÑO),2018-12-23,CARREIRA ABSOLUTA (2001 E ANOS ANTERIORES),266,68,0,334,mixto
X CARREIRA SOLIDARIA DO ARENTEIRO (O CARBALLIÑO),2018-12-23,EQUIPOS X CARREIRA SOLIDARIA DO ARENTEIRO,0,0,0,0,mixto
X CARREIRA SOLIDARIA RIO MAO 2017 BOVEDA,2017-05-28,PROBA ABSOLUTA (2001 E ANOS ANTERIORES),63,20,0,83,mixto
X CARREIRA do COCIDO – LALÍN 2020,2020-02-09,10 KM (2004 E ANT),367,98,0,465,mixto
X CARREIRA do COCIDO – LALÍN 2020,2020-02-09,5 KM (2004 E ANT),79,62,0,141,mixto
X CARREIRA do COCIDO – LALÍN 2020,2020-02-09,ABSOLUTA HANDBIKES,1,0,0,1,mixto
X CARREIRA do COCIDO – LALÍN 2020,2020-02-09,EQUIPOS 10K,0,0,0,0,mixto
X CARREIRA do COCIDO – LALÍN 2020,2020-02-09,EQUIPOS 5K,0,0,0,0,mixto
X CARREIRA do COCIDO – LALÍN 2020,2020-02-09,PREBENXAMIN (NADOS NO 2013),18,16,0,34,mixto
X CARREIRA do COCIDO – LALÍN 2020,2020-02-09,PREBENXAMIN (NADOS NO 2014),14,5,0,19,mixto
X CARREIRA do COCIDO – LALÍN 2020,2020-02-09,SUB10 (2011-2012),38,20,0,58,mixto
X CARREIRA do COCIDO – LALÍN 2020,2020-02-09,SUB12 (2009-2010),41,25,0,66,mixto
X CARREIRA do COCIDO – LALÍN 2020,2020-02-09,SUB14(2007-2008)/SUB16(2005-2006),21,19,0,40,mixto
X CARREIRA e VII MEDIA CARREIRA POR MONTAÑA ”CANÓN do SIL“,2016-07-17,CARREIRA (1995 E ANOS ANTERIORES),63,4,0,67,mixto
X CARREIRA e VII MEDIA CARREIRA POR MONTAÑA ”CANÓN do SIL“,2016-07-17,MEDIA CARREIRA (1998 E ANOS ANTERIORES),52,14,0,66,mixto
X CARREIRA-ANDAINA “SAN SILVESTRE VILALBESA”,2025-12-28,ABSOLUTA (2011 e anteriores) Cronometrada,88,37,0,125,mixto
X CARRERA DEL AGUA UNICEF SADA,2023-10-08,10K SUB23. SENIOR E MASTER (2003 e anteriores),200,75,0,275,mixto
X CARRERA DEL AGUA UNICEF SADA,2023-10-08,SUB10 (2014-2015),19,0,0,19,mixto
X CARRERA DEL AGUA UNICEF SADA,2023-10-08,SUB10 FEMININO (2014-2015),0,13,0,13,mixto
X CARRERA DEL AGUA UNICEF SADA,2023-10-08,SUB12 (2012-2013),18,0,0,18,mixto
X CARRERA DEL AGUA UNICEF SADA,2023-10-08,SUB12 FEMININO (2012-2013),0,10,0,10,mixto
X CARRERA DEL AGUA UNICEF SADA,2023-10-08,SUB14 (2010-2011),11,0,0,11,mixto
X CARRERA DEL AGUA UNICEF SADA,2023-10-08,SUB14 FEMININO (2010-2011),0,8,0,8,mixto
X CARRERA DEL AGUA UNICEF SADA,2023-10-08,SUB16 (2008-2009),8,5,0,13,mixto
X CARRERA DEL AGUA UNICEF SADA,2023-10-08,SUB18/SUB20 (2004-2007),4,3,0,7,mixto
X CARRERA DEL AGUA UNICEF SADA,2023-10-08,SUB8 (2016-2017),8,0,0,8,mixto
X CARRERA DEL AGUA UNICEF SADA,2023-10-08,SUB8 FEMININO (2016-2017),0,24,0,24,mixto
X CARRERA POPULAR NOCTURNA XINZO DE LIMIA. ADULTOS,2014-06-14,ABSOLUTA. DISTANCIA: 6250 M,0,0,0,0,mixto
X CARRERA POPULAR NOCTURNA XINZO DE LIMIA. NENOS,2014-06-14,BENXAMIN/ALEVIN. DISTANCIA: 1060 M,0,0,0,0,mixto
X CARRERA POPULAR NOCTURNA XINZO DE LIMIA. NENOS,2014-06-14,INFANTIL/CADETE. DISTANCIA: 1590 M,0,0,0,0,mixto
X Carreira Pedestre San Brais 22,2022-01-30,ABSOLUTA,109,26,0,135,mixto
X Carreira Pedestre de Campañó,2017-05-27,Absoluta,314,61,0,375,mixto
X Carreira Pedestre de Campañó,2017-05-27,Absoluta (CCCP),186,41,0,227,mixto
X Carreira Pedestre de Campañó,2017-05-27,Absoluta (CCCP) [Compensada],186,41,0,227,mixto
X Carreira Pedestre de Campañó,2017-05-27,Xuvenil,8,1,0,9,mixto
X Carreira Popular Concello de Redondela,2017-06-25,ABSOLUTA (A PARTIR DE 16 ANOS),278,60,0,338,mixto
X Carreira Popular Concello de Redondela,2017-06-25,ALEVIN (2006-2007),18,14,0,32,mixto
X Carreira Popular Concello de Redondela,2017-06-25,CADETE (15 ANOS ATA 2003),11,1,0,12,mixto
X Carreira Popular Concello de Redondela,2017-06-25,INFANTIL (2004-2005),3,4,0,7,mixto
X Dúatlon Cros Concello de Poio,2016-01-24,Femeninio,0,2,0,2,mixto
X Dúatlon Cros Concello de Poio,2016-01-24,General,60,0,0,60,mixto
X EDICION TRAIL E ANDAINA DE CELA 2024,2024-01-21,MARATON,33,4,0,37,mixto
X EDICION TRAIL E ANDAINA DE CELA 2024,2024-01-21,TRAIL,155,33,0,188,mixto
X EDICIÓN CORREXSALCEDA 2023,2023-05-07,ABSOLUTA 10K (2007 e anteriores),99,22,0,121,mixto
X EDICIÓN CORREXSALCEDA 2023,2023-05-07,ABSOLUTA 5K (2007 e anteriores),42,35,0,77,mixto
X EDICIÓN CORREXSALCEDA 2023,2023-05-07,CAT C FEM,0,59,0,59,mixto
X EDICIÓN CORREXSALCEDA 2023,2023-05-07,CAT C MASC,67,0,0,67,mixto
X EDICIÓN CORREXSALCEDA 2023,2023-05-07,CATEGORIA A (2008-2010),40,26,0,66,mixto
X EDICIÓN CORREXSALCEDA 2023,2023-05-07,CATEGORIA B (2011-2013),32,46,0,78,mixto
X KDD BTT DOS CALLOS LARACHA,2025-02-09,RUTA CORTA,82,1,0,83,mixto
X KDD BTT DOS CALLOS LARACHA,2025-02-09,RUTA CORTA eBIKE,14,1,0,15,mixto
X KDD BTT DOS CALLOS LARACHA,2025-02-09,RUTA LARGA,68,2,0,70,mixto
X KDD BTT DOS CALLOS LARACHA,2025-02-09,RUTA LARGA eBIKE,18,0,0,18,mixto
X MEDIA MARATON NOCTURNA CIUDAD DE PONFERRADA (21 LUNAS ... Y MEDIA),2017-07-22,MEDIO MARATON (MAYORES DE 18 AÑOS),289,38,0,327,mixto
X MEDIA MARATON “Corazón de Asturias” Y III 7 MILLAS DE LLANERA 2017 (Posada de Llanera),2017-02-12,7 MILLAS,300,91,0,391,mixto
X MEDIA MARATON “Corazón de Asturias” Y III 7 MILLAS DE LLANERA 2017 (Posada de Llanera),2017-02-12,MEDIO MARATÓN,399,41,0,440,mixto
X MEDIA MARATON “Corazón de Asturias” Y III 7 MILLAS DE LLANERA 2017 (Posada de Llanera),2017-02-12,SILLAS DE RUEDAS,2,0,0,2,mixto
X MEDIA MARATÓN LEÓN CAPITAL GASTRONÓMICA AUTOPALACIOS,2018-03-18,5 KM (2002 Y ANTERIORES),71,50,0,121,mixto
X MEDIA MARATÓN LEÓN CAPITAL GASTRONÓMICA AUTOPALACIOS,2018-03-18,MEDIA MARATÓN (2000 Y ANTERIORES),880,147,0,1027,mixto
X MEDIA MARATÓN LEÓN CAPITAL GASTRONÓMICA AUTOPALACIOS,2018-03-18,MEDIO MARATON EN VEHÍCULO ADAPTADO,1,0,0,1,mixto
X MEDIA MARATÓN RIBADEO - AS CATEDRAIS,2024-09-14,Medio Maratón,527,113,0,640,mixto
X MEMORIAL EDUARDO FERNANDEZ VILLAMARIN 2013,2013-01-26,PROBA ABSOLUTA. DISTANCIA: 7100 M,0,0,0,0,mixto
X MOUNTEMPLARIA,2017-06-24,"RECORRIDO ""A"" (75 KM Y DESNIVELES ACUMULADOS DE +2884 M Y -2885 M)",78,4,0,82,mixto
X MOUNTEMPLARIA,2017-06-24,"RECORRIDO ""B"" (50 KM Y DESNIVELES ACUMULADOS DE +1742 M Y -1742 M)",64,4,0,68,mixto
X RUTA BTT TERRA CHA DO QUEIXO SAN SIMON DA COSTA,2026-04-04,CORTA (45km de distancia e 700m de desnivel positivo),68,5,0,73,mixto
X RUTA BTT TERRA CHA DO QUEIXO SAN SIMON DA COSTA,2026-04-04,GRAVEL (70km de distancia e 1600m de desnivel positivo),11,0,0,11,mixto
X RUTA BTT TERRA CHA DO QUEIXO SAN SIMON DA COSTA,2026-04-04,LONGA (75km de distancia e 2000m de desnivel positivo),67,0,0,67,mixto
X RUTA BTT TERRA CHA DO QUEIXO SAN SIMON DA COSTA,2026-04-04,MEDIA (65km de distancia e 1700m de desnivel positivo),39,1,0,40,mixto
X SUBIDA CICLOTURISTA A GROBA,2018-07-21,BTT 11KM,50,4,0,54,mixto
X SUBIDA CICLOTURISTA A GROBA,2018-07-21,CARRETERA 11KM,128,9,0,137,mixto
X TRAIL CONCELLO DE ARTEIXO,2023-11-01,CURTA (Desnivel + 850m),180,33,0,213,mixto
X TRAIL CONCELLO DE ARTEIXO,2023-11-01,LONGA (Desnivel +1850m),65,7,0,72,mixto
X TRAIL CONCELLO DE ARTEIXO,2023-11-01,TRAIL ARTEIXO PARELLAS,0,0,0,0,mixto
X TRAIL COSTA DOCE 2026,2026-01-24,ANDAINA (No competitiva) (Domingo 25 ),11,8,0,19,mixto
X TRAIL COSTA DOCE 2026,2026-01-24,MARCHA NORDICA (Domingo 25),3,2,0,5,mixto
X TRAIL COSTA DOCE 2026,2026-01-24,TRAIL CURTO - INCLUSIVO (Domingo 25),163,77,0,240,mixto
X TRAIL COSTA DOCE 2026,2026-01-24,TRAIL LONGO (Domingo 25),68,5,0,73,mixto
X TRAIL COSTA DOCE 2026,2026-01-24,TRAILIÑO (No competitivo) (Domingo 25),29,30,0,59,mixto
X TRAIL E ANDAINA DE CELANOVA,2026-04-19,TRAIL CORTO,89,46,0,135,mixto
X TRAIL E ANDAINA DE CELANOVA,2026-04-19,TRAIL LARGO,53,7,0,60,mixto
X TRAVESIA A NADO COSTA SERENA-GRAN PREMIO CONCELLO DE NIGRAN 2020,2020-09-06,"PRUEBA 2700m (a partir de 18 años, 16 y 17 con autorización)",60,30,0,90,mixto
X TRAVESIA A NADO COSTA SERENA-GRAN PREMIO CONCELLO DE NIGRAN 2020,2020-09-06,PRUEBA 4000m (a partir de 18 años),138,26,0,164,mixto
X TRAVESIA A NADO COSTA SERENA-GRAN PREMIO CONCELLO DE NIGRAN 2020,2020-09-06,"PRUEBA 800m (a partir de 14 años, menores de 14 con autorización)",31,31,0,62,mixto
X TRAVESÍA SISARGAS - MALPICA,2019-08-11,TRAVESIA CORTA 4000m,106,24,0,130,mixto
X TRAVESÍA SISARGAS - MALPICA,2019-08-11,TRAVESIA LARGA 8000m,57,9,0,66,mixto
X TRIATLÓN DESAFÍO ISLAS CÍES 2023,2023-09-17,GRUPOS DE EDAD,155,7,0,162,mixto
X TRIATLÓN DESAFÍO ISLAS CÍES 2023,2023-09-17,PRO,28,7,0,35,mixto
X TRÍATLON CONCELLO DE PORRIÑO-TUI,2025-06-15,CIRCUITO,72,23,0,95,mixto
X TRÍATLON CONCELLO DE PORRIÑO-TUI,2025-06-15,POPULAR,48,10,0,58,mixto
X Travesia a Nado de Larga Distancia A Coruña 10000,2017-10-01,TRAVESIA 10000m,108,17,0,125,mixto
X Tríatlon de Riazor,2016-05-17,Popular,62,16,0,78,mixto
X Tríatlon de Riazor,2016-05-17,Élite,185,24,0,209,mixto
X VOLTA/ANDAINA Á ILLA DE ONS 2026,2026-04-26,CARREIRA,181,63,0,244,mixto
X-ONE RACE PONTEVEDRA 2021,2021-09-12,ELITE GRUPOS DE EDAD OCRA ESPAÑA,22,1,0,23,mixto
X-ONE RACE PONTEVEDRA 2021,2021-09-12,ELITE NO OCRA,31,7,0,38,mixto
X-ONE RACE PONTEVEDRA 2021,2021-09-12,ELITE OCRA ESPAÑA,16,4,0,20,mixto
X-ONE RACE PONTEVEDRA 2021,2021-09-12,EQUIPOS POPULAR,0,0,0,0,mixto
X-ONE RACE PONTEVEDRA 2021,2021-09-12,Liga Open Grupos de Edad,18,1,0,19,mixto
X-ONE RACE PONTEVEDRA 2021,2021-09-12,Liga Open Popular,65,28,0,93,mixto
X-ONE RACE PONTEVEDRA 2021,2021-09-12,Liga Open Élite,38,8,0,46,mixto
X-ONE RACE PONTEVEDRA 2021,2021-09-12,Liga Orixe Grupos de Edad,16,0,0,16,mixto
X-ONE RACE PONTEVEDRA 2021,2021-09-12,Liga Orixe Popular,63,22,0,85,mixto
X-ONE RACE PONTEVEDRA 2021,2021-09-12,Liga Orixe Élite,35,6,0,41,mixto
X-ONE RACE PONTEVEDRA 2021,2021-09-12,PAREJAS MASCULINAS,0,0,0,0,mixto
X-ONE RACE PONTEVEDRA 2021,2021-09-12,PAREJAS MIXTAS,0,0,0,0,mixto
X-ONE RACE PONTEVEDRA 2021,2021-09-12,TANDAS POPULARES,168,109,0,277,mixto
X-ONE RACE PONTEVEDRA 2022,2022-09-11,*CLASIFICACIÓN ELITE/GE MODIFICADA A EFECTOS DE PUNTUACIÓN EN LIGA OCRA,0,0,0,0,mixto
X-ONE RACE PONTEVEDRA 2022,2022-09-11,ELITE,49,7,0,56,mixto
X-ONE RACE PONTEVEDRA 2022,2022-09-11,EQUIPOS X-ONE 2022,0,0,0,0,mixto
X-ONE RACE PONTEVEDRA 2022,2022-09-11,Liga Open Grupos de Edad,46,7,0,53,mixto
X-ONE RACE PONTEVEDRA 2022,2022-09-11,Liga Open Popular,100,45,0,145,mixto
X-ONE RACE PONTEVEDRA 2022,2022-09-11,Liga Open Élite,50,13,0,63,mixto
X-ONE RACE PONTEVEDRA 2022,2022-09-11,Liga Orixe Grupos de Edad,38,6,0,44,mixto
X-ONE RACE PONTEVEDRA 2022,2022-09-11,Liga Orixe Popular,36,13,0,49,mixto
X-ONE RACE PONTEVEDRA 2022,2022-09-11,Liga Orixe Élite,38,6,0,44,mixto
X-ONE RACE PONTEVEDRA 2022,2022-09-11,POPULAR,102,45,0,147,mixto
X-ONE RACE PONTEVEDRA 2023,2023-09-10,ELITE,13,3,0,16,mixto
X-ONE RACE PONTEVEDRA 2023,2023-09-10,GRUPOS DE EDAD,23,5,0,28,mixto
X-ONE RACE PONTEVEDRA 2023,2023-09-10,POPULAR,174,95,0,269,mixto
XACOBEO WILD RACE 2021,2021-09-05,EQUIPOS THE WILD RACE 2021,0,0,0,0,mixto
XACOBEO WILD RACE 2021,2021-09-05,RAVEN ELITE,12,1,0,13,mixto
XACOBEO WILD RACE 2021,2021-09-05,RAVEN POPULARES,41,24,0,65,mixto
XACOBEO WILD RACE 2021,2021-09-05,WOLF EQUIPOS,55,21,0,76,mixto
XACOBEO WILD RACE 2022,2022-07-03,ELITE,12,2,0,14,mixto
XACOBEO WILD RACE 2022,2022-07-03,RAVEN,68,25,0,93,mixto
XACOBEO WILD RACE 2022,2022-07-03,WOLF (Equipos),67,39,0,106,mixto
XACOBEO WILD RACE 2022,2022-07-03,WOLF EQUIPOS FEMENINOS,0,0,0,0,mixto
XACOBEO WILD RACE 2022,2022-07-03,WOLF EQUIPOS MASCULINOS,0,0,0,0,mixto
XACOBEO WILD RACE 2022,2022-07-03,WOLF EQUIPOS MIXTOS,0,0,0,0,mixto
XACORUN 2022,2022-03-19,11Km,21,10,0,31,mixto
XACORUN 2022,2022-03-19,22Km,73,18,0,91,mixto
XACORUN 2022,2022-03-19,22Km POR RELEVOS,0,0,0,0,mixto
XACORUN 2023,2023-02-26,10KM,44,37,0,81,mixto
XACORUN 2023,2023-02-26,23KM,82,19,0,101,mixto
XACORUN 2024,2024-03-03,10Km,25,29,0,54,mixto
XACORUN 2024,2024-03-03,23Km,63,7,0,70,mixto
XACORUN 2024,2024-03-03,RELEVOS,9,0,0,9,mixto
XACORUN 2025,2025-03-30,10Km,31,35,0,66,mixto
XACORUN 2025,2025-03-30,23Km,68,12,0,80,mixto
XACORUN 2025,2025-03-30,RELEVOS,13,4,0,17,mixto
XACORUN 2026,2026-03-15,10Km,40,46,0,86,mixto
XACORUN 2026,2026-03-15,23Km,46,6,0,52,mixto
XACORUN 2026,2026-03-15,RELEVOS,3,5,6,14,mixto
XCT XOVE COSTA TRAIL,2019-03-24,XCT13,122,43,0,165,mixto
XCT XOVE COSTA TRAIL,2019-03-24,XCT25,92,12,0,104,mixto
XI ANDAINA E IV TRAIL ``CONCELLO DE BANDE´´,2018-08-05,Equipos de 4 (suma de tiempos),0,0,0,0,mixto
XI ANDAINA E IV TRAIL ``CONCELLO DE BANDE´´,2018-08-05,TRAIL 23KM,56,14,0,70,mixto
XI ANDAINA E IV TRAIL ``CONCELLO DE BANDE´´,2018-08-05,TRAIL 23KM PARELLA POR RELEVO,14,3,0,17,mixto
XI BAIXADA POPULAR DE CROSS SAN PEDRO DE VISMA - CENTENARIO PADRE RUBINOS,2018-07-01,ADULTOS,341,96,0,437,mixto
XI BAIXADA POPULAR DE CROSS SAN PEDRO DE VISMA - CENTENARIO PADRE RUBINOS,2018-07-01,PRE-BENXAMÍN (No competitiva),0,0,0,0,mixto
XI BAIXADA POPULAR DE CROSS SAN PEDRO DE VISMA - CENTENARIO PADRE RUBINOS,2018-07-01,SUB10,8,5,0,13,mixto
XI BAIXADA POPULAR DE CROSS SAN PEDRO DE VISMA - CENTENARIO PADRE RUBINOS,2018-07-01,SUB12,4,14,0,18,mixto
XI BAIXADA POPULAR DE CROSS SAN PEDRO DE VISMA - CENTENARIO PADRE RUBINOS,2018-07-01,SUB14,6,6,0,12,mixto
XI BAIXADA POPULAR DE CROSS SAN PEDRO DE VISMA - CENTENARIO PADRE RUBINOS,2018-07-01,SUB16 y SUB18,4,5,0,9,mixto
XI C.P. CONCELLO DE BOIMORTO,2017-09-02,ABSOLUTA,94,14,0,108,mixto
XI C.P. CONCELLO DE BOIMORTO,2017-09-02,"BENXAMIN (2008-2009) , ALEVIN (2006-2007)",21,18,0,39,mixto
XI C.P. CONCELLO DE BOIMORTO,2017-09-02,"INFANTIL (2004-2005), CADETE (2002-2003)",4,4,0,8,mixto
XI C.P. CONCELLO DE BOIMORTO,2017-09-02,PREBENXAMÍN (2010-2012),13,9,0,22,mixto
XI C.P. EL CACHON DE LA ISLA 2012,2012-09-01,Prueba Absoluta. Distancia: 10120 m,0,0,0,0,mixto
XI CAMOVI (Campeonato de España Carreras por Montaña),2022-04-23,C10K,85,54,0,139,mixto
XI CAMOVI (Campeonato de España Carreras por Montaña),2022-04-23,C21K,207,66,0,273,mixto
XI CAMOVI (Campeonato de España Carreras por Montaña),2022-04-23,C42K,205,89,0,294,mixto
XI CAMOVI (Campeonato de España Carreras por Montaña),2022-04-23,CAMPEONATO ESPAÑA 13K,75,34,0,109,mixto
XI CAMOVI (Campeonato de España Carreras por Montaña),2022-04-23,CAMPEONATO ESPAÑA 21K,28,17,0,45,mixto
XI CAMOVI (Campeonato de España Carreras por Montaña),2022-04-23,CAMPEONATO ESPAÑA 42K,161,83,0,244,mixto
XI CARREIRA NOCTURNA CONCELLO DE VILAGARCÍA,2014-07-26,PROBA ABSOLUTA. DISTANCIA: 10000 M,0,0,0,0,mixto
XI CARREIRA NOCTURNA DE CELANOVA,2014-06-28,ADULTOS 7800M,279,65,0,344,mixto
XI CARREIRA NOCTURNA DE CELANOVA ADULTOS,2014-06-28,PROBA ABSOLUTA. DISTANCIA: 7800 M,0,0,0,0,mixto
XI CARREIRA NOCTURNA DE CELANOVA MENORES,2014-06-28,ALEVIN. DISTANCIA: 1000 M,0,0,0,0,mixto
XI CARREIRA NOCTURNA DE CELANOVA MENORES,2014-06-28,BENXAMIN. DISTANCIA: 500 M,0,0,0,0,mixto
XI CARREIRA NOCTURNA DE CELANOVA MENORES,2014-06-28,INFANTIL E CADETE. DISTANCIA: 1600 M,0,0,0,0,mixto
XI CARREIRA NOCTURNA DE CELANOVA MENORES,2014-06-28,PRE-BENXAMIN. DISTANCIA: 500 M,0,0,0,0,mixto
XI CARREIRA PEDESTRE DO CONCELLO DE OUTES 2018,2018-05-17,10 KM (2000 E ANTERIORES),151,38,0,189,mixto
XI CARREIRA PEDESTRE DO CONCELLO DE OUTES 2018,2018-05-17,3 KM (2000 E ANTERIORES),19,17,0,36,mixto
XI CARREIRA PEDESTRE DO CONCELLO DE OUTES 2018,2018-05-17,ALEVIN/INFANTIL (2005-2008),11,27,0,38,mixto
XI CARREIRA PEDESTRE DO CONCELLO DE OUTES 2018,2018-05-17,CADETE / XUVENIL (2001-2004),7,8,0,15,mixto
XI CARREIRA PEDESTRE DO NADAL SAN CIBRAO 2012,2012-12-16,Proba Absoluta. Distancia: 8500 m,0,0,0,0,mixto
XI CARREIRA PEDESTRE DO NADAL SAN CIBRAO 2012,2012-12-16,Proba Menores. Distancia: 3000 m,0,0,0,0,mixto
XI CARREIRA POPULAR CONCELLO DE GUITIRIZ 2017,2017-06-18,CARREIRA INFANTIL (2001 A 2003),2,1,0,3,mixto
XI CARREIRA POPULAR CONCELLO DE GUITIRIZ 2017,2017-06-18,CARREIRA XERAL (2000 E ANOS ANT.),48,11,0,59,mixto
XI CARREIRA POPULAR CONCELLO DE MONFORTE – 2019,2019-03-24,ABSOLUTA (2003 E ANTERIORES),351,87,0,438,mixto
XI CARREIRA POPULAR CONCELLO DE MONFORTE – 2019,2019-03-24,ALEVIN (2008-2009),36,24,0,60,mixto
XI CARREIRA POPULAR CONCELLO DE MONFORTE – 2019,2019-03-24,BENXAMIN (2010-2011),51,52,0,103,mixto
XI CARREIRA POPULAR CONCELLO DE MONFORTE – 2019,2019-03-24,INFANTIL-CADETE (2004-2007),37,19,0,56,mixto
XI CARREIRA POPULAR CONCELLO DE MONFORTE – 2019,2019-03-24,PREBENXAMIN (2012-2014),107,65,0,172,mixto
XI CARREIRA POPULAR DE CHANTADA,2022-05-07,10Km (2006 e anteriores),112,24,0,136,mixto
XI CARREIRA POPULAR DE CHANTADA,2022-05-07,5Km (2006 e anteriores),31,29,0,60,mixto
XI CARREIRA POPULAR DE CHANTADA,2022-05-07,INFANTIL-CADETE (2007-2010),11,7,0,18,mixto
XI CARREIRA POPULAR DE FRIOL,2025-04-26,ABSOLUTA (2009 e anteriores),93,47,0,140,mixto
XI CARREIRA POPULAR DE FRIOL,2025-04-26,ALEVÍN (2014-2015),19,7,0,26,mixto
XI CARREIRA POPULAR DE FRIOL,2025-04-26,BENXAMIN (2016-2017),11,8,0,19,mixto
XI CARREIRA POPULAR DE FRIOL,2025-04-26,INFANTIL (2012-2013),5,7,0,12,mixto
XI CARREIRA POPULAR DE FRIOL,2025-04-26,PEQUENIÑAS (2018-2019),0,7,0,7,mixto
XI CARREIRA POPULAR DE FRIOL,2025-04-26,PEQUENIÑOS (2018-2019),13,0,0,13,mixto
XI CARREIRA POPULAR DE PADRON 2013 (sólo inscritos popular),2013-03-02,10 KM HOMOLOGADOS POLA RFEA . DISTANCIA: 10000 M,0,0,0,0,mixto
XI CARREIRA POPULAR DE PADRON 2013 (sólo inscritos popular),2013-03-02,PROBA XUVENIL. 5 KM HOMOLOGADOS POLA RFEA. DISTANCIA: 5000 M,0,0,0,0,mixto
XI CARREIRA POPULAR DO SAN SALVADOR - CONCELLO DE BAÑOS DE MOLGAS,2018-07-28,BENXAMIN (2009 A 2012) Y ALEVIN (2007 A 2008),12,14,0,26,mixto
XI CARREIRA POPULAR DO SAN SALVADOR - CONCELLO DE BAÑOS DE MOLGAS,2018-07-28,CARREIRA ABSOLUTA (2002 E ANT.),86,16,0,102,mixto
XI CARREIRA POPULAR DO SAN SALVADOR - CONCELLO DE BAÑOS DE MOLGAS,2018-07-28,INFANTIL/CADETE (2003 A 2006),3,2,0,5,mixto
XI CARREIRA POPULAR FEIRA DO VIÑO DE QUIROGA,2015-04-03,ABSOLUTA (9000M),198,25,0,223,mixto
XI CARREIRA POPULAR LUGO MONUMENTAL - GRAN PREMIO E-ON. ABSOLUTA,2013-12-22,PROBA ABSOLUTA. DISTANCIA: 10000 M,0,0,0,0,mixto
XI CARREIRA POPULAR LUGO MONUMENTAL - GRAN PREMIO E-ON. MENORES,2013-12-22,CATEGORIA A. DISTANCIA: 700 M,0,0,0,0,mixto
XI CARREIRA POPULAR LUGO MONUMENTAL - GRAN PREMIO E-ON. MENORES,2013-12-22,CATEGORIA B. DISTANCIA: 1100 M,0,0,0,0,mixto
XI CARREIRA POPULAR LUGO MONUMENTAL - GRAN PREMIO E-ON. MENORES,2013-12-22,CATEGORIA C. DISTANCIA: 1500 M,0,0,0,0,mixto
XI CARREIRA POPULAR VAL DAS FABAS LOURENZÁ,2021-10-03,ABSOLUTA (2007 E ANTERIORES),73,28,0,101,mixto
XI CARREIRA POPULAR “MAR DE BOIRO” 9º. Memorial Pepe Buceta,2015-12-20,LONGA (10KM),355,72,0,427,mixto
XI CARREIRA SOLIDARIA DO ARENTEIRO (O CARBALLIÑO),2019-12-29,CARREIRA ABSOLUTA (2001 E ANOS ANTERIORES),293,92,0,385,mixto
XI CARREIRA SOLIDARIA DO ARENTEIRO (O CARBALLIÑO),2019-12-29,SUB 16 (2004-2007)/ SUB 18 (2002-2003),13,7,0,20,mixto
XI CARREIRA VIRTUAL LETRAS GALEGAS CONCELLO DE VILALBA,2021-05-03,Absoluta (2003 e anteriores),19,2,0,21,mixto
XI CARREIRA VIRTUAL LETRAS GALEGAS CONCELLO DE VILALBA,2021-05-03,Andaina (2003 e anteriores),13,7,0,20,mixto
XI CARREIRA VIRTUAL LETRAS GALEGAS CONCELLO DE VILALBA,2021-05-03,Categoría +10 (2009-2011),1,4,0,5,mixto
XI CARREIRA VIRTUAL LETRAS GALEGAS CONCELLO DE VILALBA,2021-05-03,Categoría +13 (2004-2008),1,1,0,2,mixto
XI CARREIRA VIRTUAL LETRAS GALEGAS CONCELLO DE VILALBA,2021-05-03,Categoría +7 (2012-2014),4,0,0,4,mixto
XI CARREIRA e VIII MEDIA CARREIRA POR MONTAÑA ”CANÓN do SIL“,2017-07-16,CAMPIONATO GALEGO,45,4,0,49,mixto
XI CARREIRA e VIII MEDIA CARREIRA POR MONTAÑA ”CANÓN do SIL“,2017-07-16,CARREIRA (1996 E ANTERIORES),56,6,0,62,mixto
XI CARREIRA e VIII MEDIA CARREIRA POR MONTAÑA ”CANÓN do SIL“,2017-07-16,COPA GALEGA OPEN CADETE,2,0,0,2,mixto
XI CARREIRA e VIII MEDIA CARREIRA POR MONTAÑA ”CANÓN do SIL“,2017-07-16,COPA GALEGA OPEN JUNIOR,2,0,0,2,mixto
XI CARREIRA e VIII MEDIA CARREIRA POR MONTAÑA ”CANÓN do SIL“,2017-07-16,MEDIA CARREIRA (1999 E ANTERIORES),68,10,0,78,mixto
XI CARREIRA e VIII MEDIA CARREIRA POR MONTAÑA ”CANÓN do SIL“,2017-07-16,POPULAR (1999 E ANTERIORES),5,2,0,7,mixto
XI CARRERA DEL AGUA UNICEF SADA,2024-10-13,10K (2004 e anteriores),142,41,0,183,mixto
XI CARRERA DEL AGUA UNICEF SADA,2024-10-13,SUB10,14,7,0,21,mixto
XI CARRERA DEL AGUA UNICEF SADA,2024-10-13,SUB12,13,15,0,28,mixto
XI CARRERA DEL AGUA UNICEF SADA,2024-10-13,SUB14,8,5,0,13,mixto
XI CARRERA DEL AGUA UNICEF SADA,2024-10-13,SUB16 (2009-2010),3,9,0,12,mixto
XI CARRERA DEL AGUA UNICEF SADA,2024-10-13,SUB18/SUB20 (2005-2008),2,2,0,4,mixto
XI CARRERA DEL AGUA UNICEF SADA,2024-10-13,SUB8,13,15,0,28,mixto
XI CARRERA POPULAR NOCTURNA XINZO DE LIMIA,2015-07-04,ADULTOS,156,39,0,195,mixto
XI CARRERA POPULAR NOCTURNA XINZO DE LIMIA,2015-07-04,BENXAMIN - ALEVIN (2004 - 2007),19,19,0,38,mixto
XI CARRERA POPULAR NOCTURNA XINZO DE LIMIA,2015-07-04,INFANTIL - CADETE (2000 - 2003),12,6,0,18,mixto
XI Carreira Pedestre San Brais 23,2023-01-29,ABSOLUTA (18 anos cumplidos),100,33,0,133,mixto
XI Carreira Popular Concello de Redondela 2018,2018-07-01,ABSOLUTA (A PARTIR DE 16 ANOS),237,51,0,288,mixto
XI Carreira Popular Concello de Redondela 2018,2018-07-01,ALEVIN (2007-2008),15,17,0,32,mixto
XI Carreira Popular Concello de Redondela 2018,2018-07-01,CADETE (15 ANOS ATA 2004),5,2,0,7,mixto
XI Carreira Popular Concello de Redondela 2018,2018-07-01,INFANTIL (2005-2006),11,10,0,21,mixto
XI DUATLON CROS CONCELLO DE POIO,2017-02-05,ABSOLUTA,46,5,0,51,mixto
XI Dúatlon Concello de Guitiriz,2017-02-11,General,0,17,0,17,mixto
XI Dúatlon Concello de Guitiriz,2017-02-11,Sin Corte,74,0,0,74,mixto
XI Dúatlon Concello de Guitiriz,2017-02-11,con Corte,76,0,0,76,mixto
XI EDICIÓN CORREXSALCEDA 2024,2024-05-05,ABSOLUTA 10K (2008 e anteriores),122,18,0,140,mixto
XI EDICIÓN CORREXSALCEDA 2024,2024-05-05,ABSOLUTA 5K (2008 e anteriores),50,36,0,86,mixto
XI EDICIÓN CORREXSALCEDA 2024,2024-05-05,CATEGORIA A (2009-2011),21,15,0,36,mixto
XI EDICIÓN TRAIL E ANDAINA DE CELA 2025,2025-01-19,TRAIL,71,14,0,85,mixto
XI EDICIÓN TRAVESÍA A NADO COSTA SERENA-GRAN PREMIO CONCELLO DE NIGRÁN 2021,2021-07-04,Prueba 2700m,60,40,0,100,mixto
XI EDICIÓN TRAVESÍA A NADO COSTA SERENA-GRAN PREMIO CONCELLO DE NIGRÁN 2021,2021-07-04,Prueba 4000m,164,27,0,191,mixto
XI EDICIÓN TRAVESÍA A NADO COSTA SERENA-GRAN PREMIO CONCELLO DE NIGRÁN 2021,2021-07-04,Prueba 800m,49,33,0,82,mixto
XI INTERRUNNING-CONCELLO DE PORRIÑO 2017,2017-03-12,ABSOLUTA 10 KM ( NACIDOS/AS EN 2001 Y AÑOS ANTERIORES ),1197,277,0,1474,mixto
XI INTERRUNNING-CONCELLO DE PORRIÑO 2017,2017-03-12,ABSOLUTA 5 KM ( NACIDOS/AS EN 2001 Y AÑOS ANTERIORES),60,111,0,171,mixto
XI INTERRUNNING-CONCELLO DE PORRIÑO 2017,2017-03-12,ALEVÍN ( NACDOS/AS EN 2006 Y 2007 ),35,15,0,50,mixto
XI INTERRUNNING-CONCELLO DE PORRIÑO 2017,2017-03-12,BENJAMÍN (NACIDOS/AS EN 2008 Y 2009),53,34,0,87,mixto
XI INTERRUNNING-CONCELLO DE PORRIÑO 2017,2017-03-12,INFANTIL (2004 Y 2005) Y CADETE (2002 Y 2003),31,28,0,59,mixto
XI MARATON INTERNACIONAL “CIUDAD DE GIJON” (PATINAJE DE VELOCIDAD),2016-10-09,TOD@S LOS PARTICIPANTES,137,83,0,220,mixto
XI MARCHA BTT & TRAIL CONCELLO DE NIGRÁN 2016,2016-11-20,TRAIL (16 KM APROX.),70,14,0,84,mixto
XI MEDIA MARATON CIUDAD DE PONFERRADA 2014,2014-06-15,PRUEBA ABSOLUTA. DISTANCIA: 21097 M,0,0,0,0,mixto
XI MEDIA MARATON NOCTURNA CIUDAD DE PONFERRADA (21 LUNAS ... Y MEDIA),2018-07-21,MEDIO MARATON (MAYORES DE 18 AÑOS),327,45,0,372,mixto
XI MEDIA MARATÓN LEÓN MANJAR DE REYES,2019-03-24,5 KM (2003 Y ANTERIORES),71,69,0,140,mixto
XI MEDIA MARATÓN LEÓN MANJAR DE REYES,2019-03-24,MEDIA MARATON (2001 Y ANTERIORES),855,152,0,1007,mixto
XI MEDIA MARATÓN LEÓN MANJAR DE REYES,2019-03-24,MEDIA MARATÓN EN VEHÍCULO ADAPTADO,1,0,0,1,mixto
XI MEDIA MARATÓN RIBADEO - AS CATEDRAIS,2025-09-13,Medio Maratón,556,190,0,746,mixto
XI MEMORIAL EDUARDO FERNÁNDEZ VILLAMARÍN 2014,2014-01-25,PROBA ABSOLUTA. DISTANCIA: 7000 M,0,0,0,0,mixto
XI MOUNTEMPLARIA,2018-07-07,MOUNTEMPLARIA TRAIL,25,0,0,25,mixto
XI MOUNTEMPLARIA,2018-07-07,"RECORRIDO A, con una longitud de 80 km y unos desniveles acumulados de +2884 m y -2884 m",85,1,0,86,mixto
XI MOUNTEMPLARIA,2018-07-07,"RECORRIDO B, con una longitud de 57 km y unos desniveles acumulados de +1742 m y -1742 m",63,5,0,68,mixto
XI SUBIDA AO CASTRO 2016,2016-12-11,ABSOLUTA (2001 E ANTERIORES),268,66,0,334,mixto
XI SUBIDA CICLOTURISTA A GROBA,2019-07-20,CARRETERA Y BTT,171,11,0,182,mixto
XI SUBIDA CICLOTURISTA A GROBA,2019-07-20,EQUIPOS,0,0,0,0,mixto
XI TRAIL CONCELLO DE ARTEIXO,2024-10-27,CADETE (So federados)(Desnivel +450m),2,5,0,7,mixto
XI TRAIL CONCELLO DE ARTEIXO,2024-10-27,CURTA (Desnivel +920m),126,44,0,170,mixto
XI TRAIL CONCELLO DE ARTEIXO,2024-10-27,LONGA (Desnivel +2050m),56,12,0,68,mixto
XI TRAIL TRANS SERRA DA GROBA - BAIONA 2024,2024-11-02,EQUIPOS TRAIL SERRA DA GROBA 2024,0,0,0,0,mixto
XI TRAIL TRANS SERRA DA GROBA - BAIONA 2024,2024-11-02,EQUIPOS TRAILIÑO SERRA DA GROBA 2024,0,0,0,0,mixto
XI TRAIL TRANS SERRA DA GROBA - BAIONA 2024,2024-11-02,TRAIL 30Km,81,9,0,90,mixto
XI TRAIL TRANS SERRA DA GROBA - BAIONA 2024,2024-11-02,TRAILIÑO 16Km,176,60,0,236,mixto
XI TRAVESIA DESAFÍO SANTANDER ISLAS CIES 2021,2021-08-28,TRAVESIA,95,13,0,108,mixto
XI TRIATLÓN DESAFÍO ISLAS CÍES 2024,2024-09-22,AQUABIKE,21,8,0,29,mixto
XI TRIATLÓN DESAFÍO ISLAS CÍES 2024,2024-09-22,GRUPOS DE EDAD,118,11,0,129,mixto
XI TRIATLÓN DESAFÍO ISLAS CÍES 2024,2024-09-22,PRO,39,3,0,42,mixto
XI TRIATLÓN DESAFÍO ISLAS CÍES 2024,2024-09-22,RELEVOS,15,3,0,18,mixto
XI TRIATLÓN DESAFÍO ISLAS CÍES 2024,2024-09-22,RELEVOS MIXTA,6,1,0,7,mixto
XI TRÍATLON CONCELLO DE PORRIÑO-TUI,2026-06-14,EQUIPOS TRI PORIIÑO 2026,0,0,0,0,mixto
XI TRÍATLON CONCELLO DE PORRIÑO-TUI,2026-06-14,EQUIPOS TRI PORRIÑO 2026,0,0,0,0,mixto
XI TRÍATLON CONCELLO DE PORRIÑO-TUI,2026-06-14,General,83,29,0,112,mixto
XI TRÍATLON CONCELLO DE PORRIÑO-TUI,2026-06-14,POPULAR,56,9,0,65,mixto
XII ANDAINA E V TRAIL ``CONCELLO DE BANDE´´,2019-08-04,TRAIL 28 KM PARELLA POR RELEVO,13,1,0,14,mixto
XII ANDAINA E V TRAIL ``CONCELLO DE BANDE´´,2019-08-04,"TRAIL CORTO 16,5 KM",47,22,0,69,mixto
XII ANDAINA E V TRAIL ``CONCELLO DE BANDE´´,2019-08-04,TRAIL LARGO 28 KM,51,10,0,61,mixto
XII BAIXADA POPULAR DE CROSS SAN PEDRO DE VISMA,2019-05-05,ABSOLUTA,331,126,0,457,mixto
XII BAIXADA POPULAR DE CROSS SAN PEDRO DE VISMA,2019-05-05,PREBENXAMÍN (No competitiva),0,0,0,0,mixto
XII BAIXADA POPULAR DE CROSS SAN PEDRO DE VISMA,2019-05-05,SUB 10,13,11,0,24,mixto
XII BAIXADA POPULAR DE CROSS SAN PEDRO DE VISMA,2019-05-05,SUB 12,16,15,0,31,mixto
XII BAIXADA POPULAR DE CROSS SAN PEDRO DE VISMA,2019-05-05,SUB 14,14,11,0,25,mixto
XII BAIXADA POPULAR DE CROSS SAN PEDRO DE VISMA,2019-05-05,SUB16 - SUB18,7,2,0,9,mixto
XII CAMOVI (CARREIRA POR MONTAÑA MONTES DE VIVEIRO) 2023,2023-04-22,C10K,98,60,0,158,mixto
XII CAMOVI (CARREIRA POR MONTAÑA MONTES DE VIVEIRO) 2023,2023-04-22,C21K,140,25,0,165,mixto
XII CAMOVI (CARREIRA POR MONTAÑA MONTES DE VIVEIRO) 2023,2023-04-22,C42K,108,13,0,121,mixto
XII CAMOVI (CARREIRA POR MONTAÑA MONTES DE VIVEIRO) 2023,2023-04-22,CAMOVI RELEVOS 42K,17,2,0,19,mixto
XII CARREIRA NOCTURNA CONCELLO DE VILAGARCÍA DE AROUSA,2015-08-08,7500 M,214,59,0,273,mixto
XII CARREIRA NOCTURNA DE CELANOVA,2015-06-20,ALEVÍN (2004-2005),17,15,0,32,mixto
XII CARREIRA NOCTURNA DE CELANOVA,2015-06-20,BENXAMÍN (2006-2007),25,12,0,37,mixto
XII CARREIRA NOCTURNA DE CELANOVA,2015-06-20,CARREIRA ABSOLUTA (1999 E ANTERIORES),332,71,0,403,mixto
XII CARREIRA NOCTURNA DE CELANOVA,2015-06-20,INFANTIL-CADETE (2000-2003),19,6,0,25,mixto
XII CARREIRA NOCTURNA DE CELANOVA,2015-06-20,PRE-BENXAMÍN (2008-2009),13,15,0,28,mixto
XII CARREIRA PEDESTRE CONCELLO DE MOAÑA,2015-09-27,10KM (1999 E ANTERIORES),250,45,0,295,mixto
XII CARREIRA PEDESTRE CONCELLO DE MOAÑA,2015-09-27,5 KM (1999 E ANTERIORES),49,29,0,78,mixto
XII CARREIRA PEDESTRE DO CONCELLO DE OUTES 2019,2019-05-17,10 KM (2001 E ANTERIORES),118,27,0,145,mixto
XII CARREIRA PEDESTRE DO CONCELLO DE OUTES 2019,2019-05-17,3 KM (2001 E ANTERIORES),16,15,0,31,mixto
XII CARREIRA PEDESTRE DO CONCELLO DE OUTES 2019,2019-05-17,ALEVIN / INFANTIL (2006-2009),7,14,0,21,mixto
XII CARREIRA PEDESTRE DO CONCELLO DE OUTES 2019,2019-05-17,CADETE / XUVENIL (2002-2005),7,4,0,11,mixto
XII CARREIRA PEDESTRE DO NADAL SAN CIBRAO DAS VIÑAS,2013-12-22,PROBA ABSOLUTA. DISTANCIA: 8500 M,0,0,0,0,mixto
XII CARREIRA PEDESTRE DO NADAL SAN CIBRAO DAS VIÑAS - MENORES,2013-12-22,PROBA MENORES. DISTANCIA: 3000 M,0,0,0,0,mixto
XII CARREIRA PEDESTRE POPULAR CONCELLO DE BOIMORTO,2018-09-01,ABSOLUTA (2002 E ANTERIORES),91,18,0,109,mixto
XII CARREIRA PEDESTRE POPULAR CONCELLO DE BOIMORTO,2018-09-01,BENXAMIN/ALEVIN (2007-2010),19,17,0,36,mixto
XII CARREIRA PEDESTRE POPULAR CONCELLO DE BOIMORTO,2018-09-01,INFANTIL/CADETE (2003-2006),7,7,0,14,mixto
XII CARREIRA PEDESTRE POPULAR CONCELLO DE BOIMORTO,2018-09-01,PREBENXAMIN (2011-2013),21,10,0,31,mixto
XII CARREIRA PEDESTRE VILA DE CORCUBION - 10K,2014-09-20,CARREIRA ABSOLUTA (10K). DISTANCIA: 9000 M,0,0,0,0,mixto
XII CARREIRA PEDESTRE VILA DE CORCUBION - 5K-XUVENIL,2014-09-20,CARREIRA ABSOLUTA (5K). DISTANCIA: 4500 M,0,0,0,0,mixto
XII CARREIRA PEDESTRE VILA DE CORCUBION - 5K-XUVENIL,2014-09-20,CARREIRA XUVENIL. DISTANCIA: 3000 M,0,0,0,0,mixto
XII CARREIRA PEDESTRE VILA DE CORCUBION - MENORES,2014-09-20,CARREIRA BENXAMIN E ALEVIN. DISTANCIA: 900 M,0,0,0,0,mixto
XII CARREIRA PEDESTRE VILA DE CORCUBION - MENORES,2014-09-20,CARREIRA INFANTIL E CADETE. DISTANCIA: 2000 M,0,0,0,0,mixto
XII CARREIRA POPULAR CONCELLO DE GUITIRIZ TERMAL,2022-04-02,ABSOLUTA (2006 e anteriores),82,27,0,109,mixto
XII CARREIRA POPULAR CONCELLO DE GUITIRIZ TERMAL,2022-04-02,SUB-10 E SUB-12 (2011-2014),22,18,0,40,mixto
XII CARREIRA POPULAR CONCELLO DE GUITIRIZ TERMAL,2022-04-02,SUB-14 E SUB-16 (2007-2010),7,5,0,12,mixto
XII CARREIRA POPULAR DE CHANTADA,2023-04-29,10KM (2007 e anteriores),68,27,0,95,mixto
XII CARREIRA POPULAR DE CHANTADA,2023-04-29,5KM (2007 e anteriores),33,34,0,67,mixto
XII CARREIRA POPULAR DE CHANTADA,2023-04-29,INFANTIL-CADETE (2008-2011),9,6,0,15,mixto
XII CARREIRA POPULAR DE FRIOL,2026-05-02,ABSOLUTA (2010 e anteriores),110,42,0,152,mixto
XII CARREIRA POPULAR DE FRIOL,2026-05-02,ALEVÍN (2015-2016),10,11,0,21,mixto
XII CARREIRA POPULAR DE FRIOL,2026-05-02,BENXAMIN (2017-2018),15,7,0,22,mixto
XII CARREIRA POPULAR DE FRIOL,2026-05-02,INFANTIL (2013-2014),9,6,0,15,mixto
XII CARREIRA POPULAR DE FRIOL,2026-05-02,PEQUENIÑAS (2019-2020),0,9,0,9,mixto
XII CARREIRA POPULAR DE FRIOL,2026-05-02,PEQUENIÑOS (2019-2020),19,0,0,19,mixto
"XII CARREIRA POPULAR DE TABOADA ""ENTRE PAZOS E CARBALLOS"" 2025",2025-09-27,10KM (2009 e anteriores),59,24,0,83,mixto
"XII CARREIRA POPULAR DE TABOADA ""ENTRE PAZOS E CARBALLOS"" 2025",2025-09-27,5Km (2009 e anteriores),19,18,0,37,mixto
"XII CARREIRA POPULAR DE TABOADA ""ENTRE PAZOS E CARBALLOS"" 2025",2025-09-27,CATEGORIA A (2016-2018),13,12,0,25,mixto
"XII CARREIRA POPULAR DE TABOADA ""ENTRE PAZOS E CARBALLOS"" 2025",2025-09-27,CATEGORIA B (2013-2015),11,10,0,21,mixto
"XII CARREIRA POPULAR DE TABOADA ""ENTRE PAZOS E CARBALLOS"" 2025",2025-09-27,CATEGORIA C (2010-2012),5,6,0,11,mixto
"XII CARREIRA POPULAR DE TABOADA ""ENTRE PAZOS E CARBALLOS"" 2025",2025-09-27,CHUPETE (2019 e posteriores),9,13,0,22,mixto
"XII CARREIRA POPULAR DE TABOADA ""ENTRE PAZOS E CARBALLOS"" 2025",2025-09-27,MARCHA NORDICA,25,29,0,54,mixto
XII CARREIRA POPULAR FEIRA DO VIÑO DE QUIROGA 2016,2016-03-25,PROBA ABSOLUTA (2000 E ANTERIORES),199,32,0,231,mixto
XII CARREIRA POPULAR NOCTURNA DE XINZO DE LIMIA,2016-06-18,BENXAMÍN (2007 E 2008) E ALEVÍN (2005 E 2006),19,22,0,41,mixto
XII CARREIRA POPULAR NOCTURNA DE XINZO DE LIMIA,2016-06-18,CARREIRA ABSOLUTA (2000 E ANOS ANTERIORES),144,48,0,192,mixto
XII CARREIRA POPULAR NOCTURNA DE XINZO DE LIMIA,2016-06-18,INFANTIL (2003 E 2004) E CADETE (2001 E 2002),17,5,0,22,mixto
XII CARREIRA SOLIDARIA DO ARENTEIRO (O CARBALLIÑO),2021-12-19,Absoluta (2003 e anteriores),166,40,0,206,mixto
XII CARREIRA SOLIDARIA DO ARENTEIRO (O CARBALLIÑO),2021-12-19,EQUIPOS XII CARREIRA SOLIDARIA DO ARENTEIRO,0,0,0,0,mixto
XII CARREIRA SOLIDARIA DO ARENTEIRO (O CARBALLIÑO),2021-12-19,Sub 18-Sub 16 (2004-2009),9,15,0,24,mixto
XII CARRERA CAÑON DEL SIL,2018-10-21,CADETE ( C7k - 370m+ ),5,1,0,6,mixto
XII CARRERA CAÑON DEL SIL,2018-10-21,CAMPIONATO GALEGO,78,14,0,92,mixto
XII CARRERA CAÑON DEL SIL,2018-10-21,COPA GALLEGA JUNIOR OPEN,2,0,0,2,mixto
XII CARRERA CAÑON DEL SIL,2018-10-21,II MINI CARRERA ( C7k - 370m+ ),9,8,0,17,mixto
XII CARRERA CAÑON DEL SIL,2018-10-21,IX MEDIA CARRERA ( C17k – 950m+ ),84,29,0,113,mixto
XII CARRERA CAÑON DEL SIL,2018-10-21,XII CARRERA ( C33k - 2220m+ ),196,54,0,250,mixto
XII Carreira Pedestre San Brais 24,2024-01-28,ABSOLUTA (18 anos cumplidos),86,39,0,125,mixto
XII Carreira Popular Concello de Redondela 2019,2019-07-13,ABSOLUTA (A PARTIR DE 16 ANOS),214,67,0,281,mixto
XII Carreira Popular Concello de Redondela 2019,2019-07-13,ALEVIN (2008-2009),22,19,0,41,mixto
XII Carreira Popular Concello de Redondela 2019,2019-07-13,CADETE (15 ANOS ATA 2005),8,6,0,14,mixto
XII Carreira Popular Concello de Redondela 2019,2019-07-13,INFANTIL (2006-2007),13,12,0,25,mixto
XII EDICIÓN CORREXSALCEDA 2025,2025-05-04,ABSOLUTA 10K (2009 e anteriores),159,26,0,185,mixto
XII EDICIÓN CORREXSALCEDA 2025,2025-05-04,ABSOLUTA 5K (2009 e anteriores),68,45,0,113,mixto
XII EDICIÓN CORREXSALCEDA 2025,2025-05-04,CATEGORIA A (2010-2012),30,27,0,57,mixto
XII EDICIÓN CORREXSALCEDA 2025,2025-05-04,CATEGORIA B (2013-2015),29,49,0,78,mixto
XII EDICIÓN CORREXSALCEDA 2025,2025-05-04,CATEGORIA C,39,33,0,72,mixto
XII INTERRUNNING-CONCELLO DE PORRIÑO 2018,2018-03-18,ABSOLUTA 10 KM (NACIDOS/AS EN 2002 Y AÑOS ANTERIORES),1132,235,0,1367,mixto
XII INTERRUNNING-CONCELLO DE PORRIÑO 2018,2018-03-18,ABSOLUTA 5 KM ( NACIDOS/AS EN 2002 Y AÑOS ANTERIORES),100,137,0,237,mixto
XII INTERRUNNING-CONCELLO DE PORRIÑO 2018,2018-03-18,ALEVÍN (NACDOS/AS EN 2007 Y 2008),42,41,0,83,mixto
XII INTERRUNNING-CONCELLO DE PORRIÑO 2018,2018-03-18,BENJAMÍN (NACIDOS/AS EN 2009 Y 2010),35,32,0,67,mixto
XII INTERRUNNING-CONCELLO DE PORRIÑO 2018,2018-03-18,INFANTIL (2005 Y 2006) Y CADETE (2003 Y 2004),33,28,0,61,mixto
XII LUGO MONUMENTAL - GRAN PREMIO DIVINA PASTORA SEGUROS 2014,2014-12-21,PROBA ABSOLUTA. DISTANCIA: 10000 M,0,0,0,0,mixto
XII MEDIA MARATON NOCTURNA CIUDAD DE PONFERRADA (21 LUNAS ... Y MEDIA),2019-07-13,MEDIO MARATON (MAYORES DE 18 AÑOS),350,67,0,417,mixto
XII MEDIA MARATÓN CIUDAD DE LEÓN BERNESGA MOTOR,2022-03-27,5 KM (2006 Y ANTERIORES),73,71,0,144,mixto
XII MEDIA MARATÓN CIUDAD DE LEÓN BERNESGA MOTOR,2022-03-27,MEDIA MARATON (2004 Y ANTERIORES),880,137,0,1017,mixto
XII MEDIO MARATON FERREIRUA 2013,2013-05-12,MEDIO MARATON. DISTANCIA: 21097 M,0,0,0,0,mixto
XII MEMORIAL EDUARDO FERNANDEZ VILLAMARIN 2015,2015-01-24,ABSOLUTA,453,96,0,549,mixto
XII MOUNTEMPLARIA,2019-06-29,"RECORRIDO A, con una longitud de 80 km y unos desniveles acumulados de +2884 m y -2884 m",121,4,0,125,mixto
XII MOUNTEMPLARIA,2019-06-29,"RECORRIDO B, con una longitud de 57 km y unos desniveles acumulados de +1742 m y -1742 m",68,5,0,73,mixto
XII MOUNTEMPLARIA,2019-06-29,"RECORRIDO TRAIL, 5 tramos enduro 100%, desnivel negativo - 1700m y positivo +400m",47,0,0,47,mixto
XII RUTA SERRA DO XISTRAL MONSEIVANE EN BTT,2014-09-21,RUTA BTT. DISTANCIA: 64 KM,0,0,0,0,mixto
XII TRAIL DE CELA 2026,2026-01-18,MINITRAIL,121,49,0,170,mixto
XII TRAIL DE CELA 2026,2026-01-18,TRAIL,61,13,0,74,mixto
XII edición Travesía a nado Costa Serena-Gran Premio Concello de Nigrán 2022,2022-07-03,Prueba 2700m,49,23,0,72,mixto
XII edición Travesía a nado Costa Serena-Gran Premio Concello de Nigrán 2022,2022-07-03,Prueba 4000m,132,20,0,152,mixto
XII edición Travesía a nado Costa Serena-Gran Premio Concello de Nigrán 2022,2022-07-03,Prueba 800m,56,61,0,117,mixto
XIII 10km LUGO MONUMENTAL 2016,2016-01-31,CATEGORÍA A (2007-2008-2009),58,70,0,128,mixto
XIII 10km LUGO MONUMENTAL 2016,2016-01-31,CATEGORÍA B (2004-2005-2006),33,27,0,60,mixto
XIII 10km LUGO MONUMENTAL 2016,2016-01-31,CATEGORÍA C (2001-2002-2003),18,11,0,29,mixto
XIII 10km LUGO MONUMENTAL 2016,2016-01-31,PROBA ABSOLUTA (2000 E ANOS ANTERIORES),990,250,0,1240,mixto
XIII CAMOVI (CARREIRA POR MONTAÑA MONTES DE VIVEIRO) 2024,2024-04-20,C10K (DOMINGO 21),99,68,0,167,mixto
XIII CAMOVI (CARREIRA POR MONTAÑA MONTES DE VIVEIRO) 2024,2024-04-20,C21K (DOMINGO 21),171,48,0,219,mixto
XIII CAMOVI (CARREIRA POR MONTAÑA MONTES DE VIVEIRO) 2024,2024-04-20,C42K (DOMINGO 21),100,16,0,116,mixto
XIII CAMOVI (CARREIRA POR MONTAÑA MONTES DE VIVEIRO) 2024,2024-04-20,CAMOVI RELEVOS 42K (DOMINGO 21),11,3,0,14,mixto
XIII CARREIRA NOCTURNA CONCELLO DE VILAGARCÍA DE AROUSA,2016-07-23,PROBA ABSOLUTA,138,21,0,159,mixto
XIII CARREIRA NOCTURNA DE CELANOVA,2016-06-11,ALEVÍN (2005-2006),22,19,0,41,mixto
XIII CARREIRA NOCTURNA DE CELANOVA,2016-06-11,BENXAMÍN (2007-2008),20,13,0,33,mixto
XIII CARREIRA NOCTURNA DE CELANOVA,2016-06-11,CARREIRA ABSOLUTA (2000 E ANTERIORES),334,81,0,415,mixto
XIII CARREIRA NOCTURNA DE CELANOVA,2016-06-11,INFANTIL-CADETE (2001-2004),31,19,0,50,mixto
XIII CARREIRA NOCTURNA DE CELANOVA,2016-06-11,PRE-BENXAMÍN (2009-2010),22,22,0,44,mixto
XIII CARREIRA PEDESTRE DE OUTES,2022-05-17,10K (2004 e anteriores),91,22,0,113,mixto
XIII CARREIRA PEDESTRE DE OUTES,2022-05-17,1K (2009-2012),20,18,0,38,mixto
XIII CARREIRA PEDESTRE DE OUTES,2022-05-17,3K (2004 e anteriores),8,16,0,24,mixto
XIII CARREIRA PEDESTRE DE OUTES,2022-05-17,XUVENIL-CADETE (2005-2008),3,6,0,9,mixto
XIII CARREIRA PEDESTRE DO NADAL CONCELLO SAN CIBRAO DAS VIÑAS 10 KM POPULAR,2014-12-21,PROBA ABSOLUTA. DISTANCIA: 10000 M,0,0,0,0,mixto
XIII CARREIRA PEDESTRE DO NADAL CONCELLO SAN CIBRAO DAS VIÑAS 10 KM PROVINCIAL,2014-12-21,CAMPIONATO PROVINCIAL. DISTANCIA: 10000 M,0,0,0,0,mixto
XIII CARREIRA PEDESTRE DO NADAL CONCELLO SAN CIBRAO DAS VIÑAS 5 KM,2014-12-21,PROBA MENORES. DISTANCIA: 5000 M,0,0,0,0,mixto
"XIII CARREIRA PEDESTRE POPULAR CONCELLO DE AMES, Bertamiráns 2012",2012-11-04,"XIII CARREIRA PEDESTRE POPULAR CONCELLO DE AMES, Bertamiráns 2012",0,0,0,0,mixto
XIII CARREIRA PEDESTRE POPULAR CONCELLO DE BOIMORTO,2019-08-31,ABSOLUTA (2003 E ANTERIORES),84,15,0,99,mixto
XIII CARREIRA PEDESTRE POPULAR CONCELLO DE BOIMORTO,2019-08-31,BENXAMIN/ALEVIN (2008-2011),18,10,0,28,mixto
XIII CARREIRA PEDESTRE POPULAR CONCELLO DE BOIMORTO,2019-08-31,INFANTIL/CADETE (2004-2007),11,4,0,15,mixto
XIII CARREIRA PEDESTRE POPULAR CONCELLO DE BOIMORTO,2019-08-31,PREBENXAMIN (2012-2014),14,8,0,22,mixto
XIII CARREIRA POLULAR DO SAN SALVADOR - CONCELLO DE BAÑOS DE MOLGAS,2021-07-31,ABSOLUTA (2005 e anteriores),108,18,0,126,mixto
XIII CARREIRA POLULAR DO SAN SALVADOR - CONCELLO DE BAÑOS DE MOLGAS,2021-07-31,BENXAMIN-ALEVIN (2010-2013),7,8,0,15,mixto
XIII CARREIRA POLULAR DO SAN SALVADOR - CONCELLO DE BAÑOS DE MOLGAS,2021-07-31,INFANTIL-CADETE (2006-2009),12,7,0,19,mixto
XIII CARREIRA POPULAR CONCELLO DE GUITIRIZ TERMAL,2023-04-15,ABSOLUTA (2007 e anteriores),61,19,0,80,mixto
XIII CARREIRA POPULAR CONCELLO DE GUITIRIZ TERMAL,2023-04-15,SUB12 (2012-2013) E SUB10 (2014-2015),22,15,0,37,mixto
XIII CARREIRA POPULAR CONCELLO DE GUITIRIZ TERMAL,2023-04-15,SUB16 (2008-2009) E SUB14 (2010-2011),12,5,0,17,mixto
XIII CARREIRA POPULAR DE ARTEIXO,2010-05-01,Carrera,239,0,0,239,mixto
XIII CARREIRA POPULAR FEIRA DO VIÑO DE QUIROGA 2017,2017-04-14,PROBA ABSOLUTA (2001 E ANTERIORES),146,25,0,171,mixto
XIII CARREIRA POPULAR NOCTURNA DE XINZO DE LIMIA,2017-09-09,BENXAMÍN (2008 E 2009) E ALEVÍN (2006 E 2007),10,11,0,21,mixto
XIII CARREIRA POPULAR NOCTURNA DE XINZO DE LIMIA,2017-09-09,CARREIRA ABSOLUTA (2001 E ANOS ANTERIORES),92,28,0,120,mixto
XIII CARREIRA POPULAR NOCTURNA DE XINZO DE LIMIA,2017-09-09,INFANTIL (2004 E 2005) E CADETE (2002 E 2003),10,5,0,15,mixto
XIII CARREIRA POPULAR ROTA DO ROMANICO PANTON 2013,2013-06-01,PROBA ABSOLUTA. DISTANCIA: 6270 M,0,0,0,0,mixto
XIII CARREIRA SOLIDARIA DO ARENTEIRO (O CARBALLIÑO),2022-12-11,10K (2004 e anteriores),180,32,0,212,mixto
XIII CARREIRA SOLIDARIA DO ARENTEIRO (O CARBALLIÑO),2022-12-11,5K (2004 e anteriores),26,15,0,41,mixto
XIII CARREIRA SOLIDARIA DO ARENTEIRO (O CARBALLIÑO),2022-12-11,EQUIPOS XIII CARREIRA SOLIDARIA DO ARENTEIRO,0,0,0,0,mixto
XIII CARREIRA SOLIDARIA DO ARENTEIRO (O CARBALLIÑO),2022-12-11,SUB12 (2011-2014),35,35,0,70,mixto
XIII CARREIRA SOLIDARIA DO ARENTEIRO (O CARBALLIÑO),2022-12-11,SUB18/SUB16 (2005-2010),10,10,0,20,mixto
XIII CARRERA CAÑON DEL SIL,2019-10-20,COPA GALEGA,37,5,0,42,mixto
XIII CARRERA CAÑON DEL SIL,2019-10-20,III MINI CARRERA ( C7k - 370m+ ),7,8,0,15,mixto
XIII CARRERA CAÑON DEL SIL,2019-10-20,IX MEDIA CARRERA ( C17k – 950m+ ),56,24,0,80,mixto
XIII CARRERA CAÑON DEL SIL,2019-10-20,XIII CARRERA ( C33k - 2220m+ ),48,6,0,54,mixto
XIII Carrera de O Porriño 10k,2019-03-17,ABSOLUTA 10 KM (NACIDOS/AS EN 2001 Y AÑOS ANTERIORES),709,140,0,849,mixto
XIII Carrera de O Porriño 10k,2019-03-17,ABSOLUTA 5 KM ( NACIDOS/AS EN 2003 Y AÑOS ANTERIORES),67,86,0,153,mixto
XIII Carrera de O Porriño 10k,2019-03-17,ALEVÍN/SUB12 (NACIDOS/AS EN 2008 Y 2009),27,28,0,55,mixto
XIII Carrera de O Porriño 10k,2019-03-17,BENJAMÍN/SUB10 (NACIDOS/AS EN 2010 Y 2011),28,24,0,52,mixto
XIII Carrera de O Porriño 10k,2019-03-17,INFANTIL/SUB14 (2006 Y 2007) y CADETES/SUB16 (2004 Y 2005),26,34,0,60,mixto
XIII Carrera de O Porriño 10k,2019-03-17,PATINES 10KM (2006 Y ANTERIORES),11,3,0,14,mixto
XIII Carrera de O Porriño 10k,2019-03-17,PATINES 5KM (DEL 2007 AL 2010),7,8,0,15,mixto
XIII MEDIA MARATÓN CIUDAD DE LEÓN BERNESGA MOTOR 2023,2023-03-26,5 km (2007 y anteriores),91,54,0,145,mixto
XIII MEDIA MARATÓN CIUDAD DE LEÓN BERNESGA MOTOR 2023,2023-03-26,CAMPEONATO CASTILLA Y LEON MEDIA MARATON,49,14,0,63,mixto
XIII MEDIA MARATÓN CIUDAD DE LEÓN BERNESGA MOTOR 2023,2023-03-26,Medio Maratón (2005 y anteriores),692,125,0,817,mixto
XIII MEDIA MARATÓN CIUDAD DE LEÓN BERNESGA MOTOR 2023,2023-03-26,Peque Media Maraton (2008-2013),25,29,0,54,mixto
XIII MEDIO MARATON FERREIRUA 2014,2014-05-11,MEDIO MARATON. DISTANCIA: 21097 M,0,0,0,0,mixto
XIII MEMORIAL EDUARDO FERNÁNDEZ VILLAMARÍN 2016,2016-01-23,CARREIRA ABSOLUTA (NADOS/AS EN 1999 E ANOS ANTERIORES),357,85,0,442,mixto
XIII MEMORIAL MANUEL BARROS. ADULTOS 10000m,2013-05-26,ADULTOS. DISTANCIA: 10000 M,0,0,0,0,mixto
XIII Ruta Serra do Xistral Monseivane en BTT,2015-09-20,RECORRIDO 51 KM,28,2,0,30,mixto
XIII Ruta Serra do Xistral Monseivane en BTT,2015-09-20,RECORRIDO 59 KM,103,2,0,105,mixto
XIII TRAVESÍA A NADO CONCELLO DE BUEU UDRA- PESCADOIRA,2024-07-13,1500m,9,19,0,28,mixto
XIII TRAVESÍA A NADO CONCELLO DE BUEU UDRA- PESCADOIRA,2024-07-13,4000m,25,15,0,40,mixto
XIII TRAVESÍA A NADO CONCELLO DE BUEU UDRA- PESCADOIRA,2024-07-13,7500m,43,3,0,46,mixto
XIII TRAVESÍA A NADO “CONCELLO DE ARTEIXO” XII Memorial Marina Álvarez,2019-07-27,PERCORRIDO A,36,22,0,58,mixto
XIII TRAVESÍA A NADO “CONCELLO DE ARTEIXO” XII Memorial Marina Álvarez,2019-07-27,PERCORRIDO B,33,20,0,53,mixto
XIII TRAVESÍA A NADO “CONCELLO DE ARTEIXO” XII Memorial Marina Álvarez,2019-07-27,PERCORRIDO C (2007 e posteriores),12,0,0,12,mixto
XIII TRAVESÍA A NADO “CONCELLO DE ARTEIXO” XII Memorial Marina Álvarez,2019-07-27,PERCORRIDO C FEMININO (2008 e posteriores),0,9,0,9,mixto
XIII edición Travesía a nado Costa Serena-Gran Premio Concello de Nigrán 2023,2023-07-02,2.700 metros,74,51,0,125,mixto
XIII edición Travesía a nado Costa Serena-Gran Premio Concello de Nigrán 2023,2023-07-02,4.000 metros,110,14,0,124,mixto
XIII edición Travesía a nado Costa Serena-Gran Premio Concello de Nigrán 2023,2023-07-02,800 metros,37,46,0,83,mixto
XIIIª CARREIRA POPULAR XIIª ANDAINA MASIDE (FUNDACIÓN ANDREA),2019-09-01,ABSOLUTA (2003 E ANTERIORES),100,9,0,109,mixto
XIIª CARREIRA POPULAR XIª ANDAINA MASIDE (FUNDACIÓN ANDREA),2018-09-02,ABSOLUTA (2002 E ANTERIORES),90,9,0,99,mixto
XIV 10km LUGO MONUMENTAL 2016,2016-12-11,CATEGORIAS ABSOLUTAS (2001 E ANT.),834,184,0,1018,mixto
XIV 10km LUGO MONUMENTAL 2016,2016-12-11,CATEGORIAS ABSOLUTAS (2001 E ANT.) [Compensada],834,184,0,1018,mixto
XIV 10km LUGO MONUMENTAL 2016,2016-12-11,CATEGORÍA A (2008-2009-2010),59,62,0,121,mixto
XIV 10km LUGO MONUMENTAL 2016,2016-12-11,CATEGORÍA B (2005-2006-2007),53,43,0,96,mixto
XIV 10km LUGO MONUMENTAL 2016,2016-12-11,CATEGORÍA C (2002-2003-2004),28,21,0,49,mixto
XIV Baixada Popular de Cross San Pedro de Visma,2022-05-08,Absoluta,419,138,0,557,mixto
XIV Baixada Popular de Cross San Pedro de Visma,2022-05-08,Peques,0,0,0,0,mixto
XIV Baixada Popular de Cross San Pedro de Visma,2022-05-08,SUB 10,33,31,0,64,mixto
XIV Baixada Popular de Cross San Pedro de Visma,2022-05-08,SUB 12,35,27,0,62,mixto
XIV Baixada Popular de Cross San Pedro de Visma,2022-05-08,SUB 14,19,15,0,34,mixto
XIV Baixada Popular de Cross San Pedro de Visma,2022-05-08,SUB16 SUB18,29,18,0,47,mixto
XIV CAMOVI (CARREIRA POR MONTAÑA MONTES DE VIVEIRO) 2025,2025-04-26,C10K (DOMINGO 27),106,72,0,178,mixto
XIV CAMOVI (CARREIRA POR MONTAÑA MONTES DE VIVEIRO) 2025,2025-04-26,C10K CAMPIONATO GALEGO,10,7,0,17,mixto
XIV CAMOVI (CARREIRA POR MONTAÑA MONTES DE VIVEIRO) 2025,2025-04-26,C18K (DOMINGO 27),3,1,0,4,mixto
XIV CAMOVI (CARREIRA POR MONTAÑA MONTES DE VIVEIRO) 2025,2025-04-26,C21K (DOMINGO 27),162,56,0,218,mixto
XIV CAMOVI (CARREIRA POR MONTAÑA MONTES DE VIVEIRO) 2025,2025-04-26,C21K CAMPIONATO GALEGO,4,0,0,4,mixto
XIV CAMOVI (CARREIRA POR MONTAÑA MONTES DE VIVEIRO) 2025,2025-04-26,C42K (DOMINGO 27),121,16,0,137,mixto
XIV CAMOVI (CARREIRA POR MONTAÑA MONTES DE VIVEIRO) 2025,2025-04-26,C42K CAMPIONATO GALEGO,74,11,0,85,mixto
XIV CAMOVI (CARREIRA POR MONTAÑA MONTES DE VIVEIRO) 2025,2025-04-26,CAMOVI RELEVOS 42K (DOMINGO 27),16,4,0,20,mixto
XIV CARREIRA CANON DO SIL,2021-10-24,C17K (950+) COPA GALLEGA de CxM JUNIOR Open,88,36,0,124,mixto
XIV CARREIRA CANON DO SIL,2021-10-24,C33K (2220+) COPA GALEGA de CxM,73,11,0,84,mixto
XIV CARREIRA CANON DO SIL,2021-10-24,C7K (370+),8,11,0,19,mixto
XIV CARREIRA NOCTURNA CONCELLO DE VILAGARCÍA DE AROUSA,2017-07-22,PROBA ABSOLUTA,175,37,0,212,mixto
XIV CARREIRA NOCTURNA DE CELANOVA,2017-06-24,ABSOLUTA (2001 E ANT.),281,76,0,357,mixto
XIV CARREIRA NOCTURNA DE CELANOVA,2017-06-24,ALEVIN (2006-2007),23,13,0,36,mixto
XIV CARREIRA NOCTURNA DE CELANOVA,2017-06-24,BENXAMÍN (2008-2009),16,22,0,38,mixto
XIV CARREIRA NOCTURNA DE CELANOVA,2017-06-24,INFANTIL (2004-2005) E CADETE (2002-2003),14,12,0,26,mixto
XIV CARREIRA NOCTURNA DE CELANOVA,2017-06-24,PRE-BENXAMÍN (2010-2011),17,16,0,33,mixto
XIV CARREIRA PEDESTRE DE OUTES,2023-05-17,10K (2005 e anteriores),115,21,0,136,mixto
XIV CARREIRA PEDESTRE DE OUTES,2023-05-17,1K (2010-2013),24,19,0,43,mixto
XIV CARREIRA PEDESTRE DE OUTES,2023-05-17,3K (2005 e anteriores),14,17,0,31,mixto
XIV CARREIRA PEDESTRE DE OUTES,2023-05-17,XUVENIL/CADETE (2006-2009),4,6,0,10,mixto
XIV CARREIRA PEDESTRE DO NADAL CONCELLO SAN CIBRAO DAS VIÑAS,2015-12-13,PROBA DE 10 KM (NADOS/AS EN 1998 E ANOS ANTERIORES),405,79,0,484,mixto
XIV CARREIRA PEDESTRE DO NADAL CONCELLO SAN CIBRAO DAS VIÑAS,2015-12-13,"PROBA DE 2,5 KM ( NADOS/AS ENTRE 1999 E 2008)",45,27,0,72,mixto
XIV CARREIRA PEDESTRE POPULAR CONCELLO DE BOIMORTO,2022-07-24,ABSOLUTA MAXI (HASTA 2006),75,13,0,88,mixto
XIV CARREIRA PEDESTRE POPULAR CONCELLO DE BOIMORTO,2022-07-24,ABSOLUTA MINI (HASTA 2006),18,9,0,27,mixto
XIV CARREIRA PEDESTRE POPULAR CONCELLO DE BOIMORTO,2022-07-24,BENXAMIN/ALEVIN (2011-2014),7,5,0,12,mixto
XIV CARREIRA PEDESTRE POPULAR CONCELLO DE BOIMORTO,2022-07-24,INFANTIL/CADETE(2007-2010),4,3,0,7,mixto
XIV CARREIRA PEDESTRE POPULAR CONCELLO DE BOIMORTO,2022-07-24,PREBENXAMIN (2015-2017),10,7,0,17,mixto
XIV CARREIRA POPULAR CONCELLO DE O CORGO- MEMORIAL QUIQUE CASANOVA,2023-10-14,ADULTOS (2005 e anteriores),94,26,0,120,mixto
XIV CARREIRA POPULAR CONCELLO DE O CORGO- MEMORIAL QUIQUE CASANOVA,2023-10-14,PROMOCION (2014-2016),17,18,0,35,mixto
XIV CARREIRA POPULAR CONCELLO DE O CORGO- MEMORIAL QUIQUE CASANOVA,2023-10-14,SUB12 (2012-2013),10,11,0,21,mixto
XIV CARREIRA POPULAR CONCELLO DE O CORGO- MEMORIAL QUIQUE CASANOVA,2023-10-14,SUB14 (2010-2011) XUVENIL (2006-2009),14,14,0,28,mixto
XIV CARREIRA POPULAR DE ARTEIXO,2011-09-25,Carrera,366,0,0,366,mixto
XIV CARREIRA POPULAR DE CHANTADA.10 km no corazón,2025-05-31,10Km (2009 e anteriores),76,22,0,98,mixto
XIV CARREIRA POPULAR DE CHANTADA.10 km no corazón,2025-05-31,5Km (2009 e anteriores),25,35,0,60,mixto
XIV CARREIRA POPULAR DE CHANTADA.10 km no corazón,2025-05-31,SUB14 (2012-2013)-SUB16 (2010-2011),6,6,0,12,mixto
XIV CARREIRA POPULAR FEIRA DO VIÑO DE QUIROGA 2018,2018-03-30,PROBA ABSOLUTA (2002 E ANTERIORES),99,30,0,129,mixto
"XIV CARREIRA POPULAR ROTA DO ROMÁNICO, Ferreira de Pantón",2014-05-31,PROBA ABSOLUTA. DISTANCIA: 6270 M,0,0,0,0,mixto
XIV CARRERA O PORRIÑO 10K,2023-04-30,10KM (2005 y anteriores),432,87,0,519,mixto
XIV CARRERA O PORRIÑO 10K,2023-04-30,5KM (2007 y anteriores),79,66,0,145,mixto
XIV CARRERA O PORRIÑO 10K,2023-04-30,ALEVIN/SUB12 (2012-2013),27,19,0,46,mixto
XIV CARRERA O PORRIÑO 10K,2023-04-30,BENJAMIN/SUB10 (2014-2015),26,13,0,39,mixto
XIV CARRERA O PORRIÑO 10K,2023-04-30,INFANTIL/SUB14 (2010-2011)-CADETE/SUB16 (2008-2009),32,20,0,52,mixto
XIV CIRCUITO LARSA CORRE CON NOS 2013-2014. FRIGSA,2014-06-08,ADULTOS. DISTANCIA: 5500 M,0,0,0,0,mixto
XIV COPA DE ASTURIAS DE NATACION DE LARGA DISTANCIA,2012-08-04,PRUEBA . Distancia: 5000 m,0,0,0,0,mixto
XIV CROSS POPULAR DO CONCELLO DE BOBORAS ADULTOS,2014-01-19,CATEGORÍA 4 E 5. DISTANCIA: 7400 M,0,0,0,0,mixto
XIV CROSS POPULAR DO CONCELLO DE BOBORAS CANICROSS,2014-01-19,CANICROSS SENIOR . DISTANCIA: 7400 M,0,0,0,0,mixto
XIV CROSS POPULAR DO CONCELLO DE BOBORAS CANICROSS,2014-01-19,CANICROSS SENIOR E VETERANOS2 . DISTANCIA: 7400 M,0,0,0,0,mixto
XIV CROSS POPULAR DO CONCELLO DE BOBORAS CANICROSS,2014-01-19,CANICROSS VETERANOS1 . DISTANCIA: 7400 M,0,0,0,0,mixto
XIV CROSS POPULAR DO CONCELLO DE BOBORAS MENORES,2014-01-19,CATEGORÍA 1. DISTANCIA: 1500 M,0,0,0,0,mixto
XIV CROSS POPULAR DO CONCELLO DE BOBORAS MENORES,2014-01-19,CATEGORÍA 2 E 3. DISTANCIA: 4500 M,0,0,0,0,mixto
XIV Carreira Pedestre Concello de Corcubión 2015,2015-09-27,10K (1997 E ANTERIORES),89,12,0,101,mixto
XIV Carreira Pedestre Concello de Corcubión 2015,2015-09-27,5K CONTRA O CANCRO (1997 E ANTERIORES),19,11,0,30,mixto
XIV Carreira Pedestre Concello de Corcubión 2015,2015-09-27,BENXAMÍN E ALEVÍN (2004 A 2007),23,28,0,51,mixto
XIV Carreira Pedestre Concello de Corcubión 2015,2015-09-27,INFANTIL E CADETE (2000 A 2003),10,7,0,17,mixto
XIV Carreira Pedestre Concello de Corcubión 2015,2015-09-27,XUVENIL (1998 E 1999),3,3,0,6,mixto
XIV Carrera de O Porriño 10k,2022-05-01,ABSOLUTA 10 KM (NACIDOS/AS EN 2004 Y AÑOS ANTERIORES),448,91,0,539,mixto
XIV Carrera de O Porriño 10k,2022-05-01,ABSOLUTA 5 KM ( NACIDOS/AS EN 2006 Y AÑOS ANTERIORES),45,38,0,83,mixto
XIV Carrera de O Porriño 10k,2022-05-01,ALEVÍN/SUB12 (NACIDOS/AS EN 2011 Y 2012),14,13,0,27,mixto
XIV Carrera de O Porriño 10k,2022-05-01,BENJAMÍN/SUB10 (NACIDOS/AS EN 2013 Y 2014),14,7,0,21,mixto
XIV Carrera de O Porriño 10k,2022-05-01,INFANTIL/SUB14 (2009 Y 2010) y CADETES/SUB16 (2007 Y 2008),20,19,0,39,mixto
XIV MEDIA MARATÓN CIUDAD DE LEÓN BERNESGA MOTOR,2024-04-07,5 KM (2008 y anteriores),85,68,0,153,mixto
XIV MEDIA MARATÓN CIUDAD DE LEÓN BERNESGA MOTOR,2024-04-07,MEDIO MARATON (2006 y anteriores),688,148,0,836,mixto
XIV MEDIA MARATÓN CIUDAD DE LEÓN BERNESGA MOTOR,2024-04-07,PEQUE MM LEÓN (2009-2014),26,24,0,50,mixto
XIV MEDIO MARATON VIG-BAY 2013,2013-03-17,VIGO-NIGRÁN-BAYONA. DISTANCIA: 21097 M,0,0,0,0,mixto
XIV MEMORIAL EDUARDO FERNÁNDEZ VILLAMARÍN 2017,2017-01-21,CARREIRA ABSOLUTA (NADOS/AS EN 2000 E ANOS ANTERIORES),318,72,0,390,mixto
XIV Ruta Serra do Xistral Monseivane en BTT 2016,2016-10-02,CICLOTURISTA 63KM (1040m de desnivel positivo),92,2,0,94,mixto
XIV Ruta Serra do Xistral Monseivane en BTT 2016,2016-10-02,OPEN DE GALICIA XCM 76KM (1800m de desnivel positivo),63,4,0,67,mixto
XIV SAN SILVESTRE POPULAR CIUDAD DE LEÓN 2010 6000m,2010-12-30,CARRERA DE 6 KM. Distancia: 6000 m,0,0,0,0,mixto
XIV TRAVESÍA A NADO CONCELLO DE BUEU UDRA- PESCADOIRA 2025,2025-07-12,1500m,17,20,0,37,mixto
XIV TRAVESÍA A NADO CONCELLO DE BUEU UDRA- PESCADOIRA 2025,2025-07-12,4000m,23,6,0,29,mixto
XIV TRAVESÍA A NADO CONCELLO DE BUEU UDRA- PESCADOIRA 2025,2025-07-12,7500m,39,6,0,45,mixto
XIV edición Travesía a nado Costa Serena-Gran Premio Concello de Nigrán 2024,2024-07-07,2.700 metros,70,46,0,116,mixto
XIV edición Travesía a nado Costa Serena-Gran Premio Concello de Nigrán 2024,2024-07-07,4.000 metros,95,16,0,111,mixto
XIV edición Travesía a nado Costa Serena-Gran Premio Concello de Nigrán 2024,2024-07-07,800 metros,39,44,0,83,mixto
XIVª CARREIRA POPULAR XIIIª ANDAINA MASIDE (FUNDACIÓN ANDREA),2021-09-26,ABSOLUTA (2005 E ANTERIORES),65,10,0,75,mixto
XIX CARREIRA POPULAR CONCELLO DE CARTELLE,2015-08-08,ABSOLUTA (1999 E ANTERIORES),68,12,0,80,mixto
XIX CARREIRA POPULAR DO CONCELLO DE ORDES. ADULTOS,2014-05-11,PROBA ABSOLUTA. DISTANCIA: 9500 M,0,0,0,0,mixto
XIX CARREIRA POPULAR ROTA DO ROMÁNICO CONCELLO DE PANTON,2019-05-25,ABSOLUTA (2003 e anteriores),78,21,0,99,mixto
XIX CARREIRA POPULAR ROTA DO ROMÁNICO CONCELLO DE PANTON,2019-05-25,CATEGORIA A (2012/14),13,8,0,21,mixto
XIX CARREIRA POPULAR ROTA DO ROMÁNICO CONCELLO DE PANTON,2019-05-25,CATEGORIA B (2010/11) Y C (2007/09),8,17,0,25,mixto
XIX CARREIRA POPULAR ROTA DO ROMÁNICO CONCELLO DE PANTON,2019-05-25,CATEGORIA D (2004/06),3,1,0,4,mixto
XIX CARRERA DE LA ANTIGUA - MEMORIAL FELIPE MENDEZ,2013-05-12,CARRERA POPULAR. DISTANCIA: 7000 M,0,0,0,0,mixto
XIX CARRERA POPULAR CONCELLO DE ARTEIXO 2016,2016-05-01,ABSOLUTA (1998 E ANTERIORES),633,159,0,792,mixto
XIX CARRERA POPULAR CONCELLO DE ARTEIXO 2016,2016-05-01,BENXAMIN - ALEVIN FEM (2005-2008),0,94,0,94,mixto
XIX CARRERA POPULAR CONCELLO DE ARTEIXO 2016,2016-05-01,BENXAMIN - ALEVIN MASC (2005-2008),121,0,0,121,mixto
XIX CARRERA POPULAR CONCELLO DE ARTEIXO 2016,2016-05-01,HANDBIKE-SILLAS ATLETISMO,4,1,0,5,mixto
XIX CARRERA POPULAR CONCELLO DE ARTEIXO 2016,2016-05-01,INFANTIL - CADETE - XUVENIL (1999-2004),38,21,0,59,mixto
XIX CIRCUITO GALLEGO OPEN DE AGUAS ABIERTAS ETAPA FINAL,2023-09-17,ALEVIN,6,9,0,15,mixto
XIX CIRCUITO GALLEGO OPEN DE AGUAS ABIERTAS ETAPA FINAL,2023-09-17,ELITE,12,8,0,20,mixto
XIX CIRCUITO GALLEGO OPEN DE AGUAS ABIERTAS ETAPA FINAL,2023-09-17,MASTER,21,15,0,36,mixto
XIX CIRCUITO LARSA CORRE CON NÓS. CENTRO COMERCIAL AS TERMAS,2019-03-17,ADULTOS (2003 E ANOS ANTERIORES)- CLASIFICACIÓN POR TIEMPO NETO (TIEMPO DESDE EL PASO POR LA SALIDA HASTA LA META),405,168,0,573,mixto
XIX CIRCUITO LARSA CORRE CON NÓS. CENTRO COMERCIAL AS TERMAS,2019-03-17,ADULTOS (2003 E ANOS ANTERIORES)- CLASIFICACIÓN POR TIEMPO NETO (TIEMPO DESDE EL PASO POR LA SALIDA HASTA LA META) [Compensada],0,0,0,0,mixto
XIX CIRCUITO LARSA CORRE CON NÓS. CENTRO COMERCIAL AS TERMAS,2019-03-17,BENXAMÍN (10/11) E ALEVIN (08/09),69,74,0,143,mixto
XIX CIRCUITO LARSA CORRE CON NÓS. CENTRO COMERCIAL AS TERMAS,2019-03-17,INFANTIL (06/07) E CADETE (04/05),37,36,0,73,mixto
XIX CIRCUITO LARSA CORRE CON NÓS. CORRE CON NÓS MURAMIÑAE,2019-05-18,ADULTOS (2003 E ANOS ANTERIORES)- CLASIFICACIÓN POR TIEMPO NETO (TIEMPO DESDE EL PASO POR LA SALIDA HASTA LA META),279,107,0,386,mixto
XIX CIRCUITO LARSA CORRE CON NÓS. CORRE CON NÓS MURAMIÑAE,2019-05-18,ADULTOS (2003 E ANOS ANTERIORES)- CLASIFICACIÓN POR TIEMPO NETO (TIEMPO DESDE EL PASO POR LA SALIDA HASTA LA META) [Compensada],0,0,0,0,mixto
XIX CIRCUITO LARSA CORRE CON NÓS. CORRE CON NÓS MURAMIÑAE,2019-05-18,BENXAMÍN (10/11) E ALEVIN (08/09),41,31,0,72,mixto
XIX CIRCUITO LARSA CORRE CON NÓS. CORRE CON NÓS MURAMIÑAE,2019-05-18,INFANTIL (06/07) E CADETE (04/05),22,18,0,40,mixto
XIX CIRCUITO LARSA CORRE CON NÓS. CORRE CON NÓS–CORRE CON ELAS,2019-04-13,ADULTOS por Tiempo Neto,330,145,0,475,mixto
XIX CIRCUITO LARSA CORRE CON NÓS. CORRE CON NÓS–CORRE CON ELAS,2019-04-13,ADULTOS por Tiempo Neto [Compensada],0,0,0,0,mixto
XIX CIRCUITO LARSA CORRE CON NÓS. CORRE CON NÓS–CORRE CON ELAS,2019-04-13,BENXAMÍN (10/11) E ALEVIN (08/09),47,48,0,95,mixto
XIX CIRCUITO LARSA CORRE CON NÓS. CORRE CON NÓS–CORRE CON ELAS,2019-04-13,INFANTIL (06/07) E CADETE (04/05),23,25,0,48,mixto
XIX CIRCUITO LARSA CORRE CON NÓS. ESTRADA RÍO RATO,2019-02-17,ADULTOS (2003 E ANOS ANTERIORES)- CLASIFICACIÓN POR TIEMPO NETO (TIEMPO DESDE EL PASO POR LA SALIDA HASTA LA META),466,203,0,669,mixto
XIX CIRCUITO LARSA CORRE CON NÓS. ESTRADA RÍO RATO,2019-02-17,ADULTOS (2003 E ANOS ANTERIORES)- CLASIFICACIÓN POR TIEMPO NETO (TIEMPO DESDE EL PASO POR LA SALIDA HASTA LA META) [Compensada],0,0,0,0,mixto
XIX CIRCUITO LARSA CORRE CON NÓS. ESTRADA RÍO RATO,2019-02-17,BENXAMÍN (10/11) E ALEVIN (08/09),80,72,0,152,mixto
XIX CIRCUITO LARSA CORRE CON NÓS. ESTRADA RÍO RATO,2019-02-17,INFANTIL (06/07) E CADETE (04/05),30,31,0,61,mixto
XIX CIRCUITO LARSA CORRE CON NÓS. FINALES MENORES / ADULTOS PARQUE DE FRIGSA,2019-06-09,ADULTOS (2003 E ANOS ANTERIORES),330,109,0,439,mixto
XIX CIRCUITO LARSA CORRE CON NÓS. FINALES MENORES / ADULTOS PARQUE DE FRIGSA,2019-06-09,ADULTOS (2003 E ANOS ANTERIORES) [Compensada],0,0,0,0,mixto
XIX CIRCUITO LARSA CORRE CON NÓS. FINALES MENORES / ADULTOS PARQUE DE FRIGSA,2019-06-09,BENXAMÍN (10/11) E ALEVIN (08/09),41,46,0,87,mixto
XIX CIRCUITO LARSA CORRE CON NÓS. FINALES MENORES / ADULTOS PARQUE DE FRIGSA,2019-06-09,INFANTIL (06/07) E CADETE (04/05),26,20,0,46,mixto
XIX CIRCUITO LARSA CORRE CON NÓS. NOCTURNA CASCO HISTÓRICO,2019-01-19,ADULTOS (2003 E ANOS ANTERIORES),530,229,0,759,mixto
XIX CIRCUITO LARSA CORRE CON NÓS. NOCTURNA CASCO HISTÓRICO,2019-01-19,ADULTOS (2003 E ANOS ANTERIORES) [Compensada],0,0,0,0,mixto
XIX CIRCUITO LARSA CORRE CON NÓS. NOCTURNA CASCO HISTÓRICO,2019-01-19,BENXAMÍN (10/11) E ALEVIN (08/09),70,57,0,127,mixto
XIX CIRCUITO LARSA CORRE CON NÓS. NOCTURNA CASCO HISTÓRICO,2019-01-19,INFANTIL (06/07) E CADETE (04/05),31,26,0,57,mixto
XIX CLÁSICA VILA DAS PONTES – DESAFÍO FRAGAS DO EUME,2016-06-19,MARCHA,243,4,0,247,mixto
XIX CLÁSICA VILA DAS PONTES – DESAFÍO FRAGAS DO EUME,2016-06-19,RECORRIDO CORTO 107 KM,23,1,0,24,mixto
XIX COPA ASTURIAS DE NATACIÓN DE AGUAS ABIERTAS,2017-08-05,COPA ASTURIAS,26,6,0,32,mixto
XIX CROSS POPULAR DO CONCELLO DE BOBORÁS (OURENSE),2019-01-20,PERCORRIDO DE 1500 METROS (2008 A 2011),8,2,0,10,mixto
XIX CROSS POPULAR DO CONCELLO DE BOBORÁS (OURENSE),2019-01-20,PERCORRIDO DE 4500 METROS (2000 A 2007),7,6,0,13,mixto
XIX CROSS POPULAR DO CONCELLO DE BOBORÁS (OURENSE),2019-01-20,PERCORRIDO DE 7400 METROS (1999 E ANT),149,42,0,191,mixto
XIX EDICIÓN DA CARREIRA NOCTURNA CONCELLO DE VILAGARCÍA,2023-07-29,10Km (2007 e anteriores),176,46,0,222,mixto
XIX MARCHA CICLOTURISTA LARRA-LARRAU CORTA 2012,2012-09-01,XIX MARCHA CICLOTURISTA LARRA-LARRAU CORTA 2012,0,0,0,0,mixto
XIX MARCHA CICLOTURISTA LARRA-LARRAU LARGA 2012,2012-09-01,XIX MARCHA CICLOTURISTA LARRA-LARRAU LARGA 2012,0,0,0,0,mixto
XIX MEDIO MARATON PONTEVEDRA 2014. COMPENSADA FEMENINA,2014-10-19,CCCP 2014. DISTANCIA: 21097 M,0,0,0,0,mixto
XIX MEDIO MARATON PONTEVEDRA 2014. COMPENSADA MASCULINA,2014-10-19,CCCP 2014. DISTANCIA: 21097 M,0,0,0,0,mixto
XIX MEDIO MARATON PONTEVEDRA 2014. SÓLO INSCRITOS CCCP,2014-10-19,CCCP 2014. DISTANCIA: 21097 M,0,0,0,0,mixto
XIX MEDIO MARATÓN GRAN BAHÍA VIG-BAY edp,2018-04-08,Equipos Femeninos,0,0,0,0,mixto
XIX MEDIO MARATÓN GRAN BAHÍA VIG-BAY edp,2018-04-08,Equipos Masculinos / Mixtos,0,0,0,0,mixto
XIX MEDIO MARATÓN GRAN BAHÍA VIG-BAY edp,2018-04-08,MEDIO MARATON,3237,689,0,3926,mixto
XIX MEDIO MARATÓN GRAN BAHÍA VIG-BAY edp,2018-04-08,RUNRUNVIGO,3217,685,0,3902,mixto
XIX MEDIO MARATÓN GRAN BAHÍA VIG-BAY edp,2018-04-08,"TRICICLO, HANDBIKE Y JOELETTE",10,3,0,13,mixto
XIX MILLA VILA DE SANXENXO,2018-08-26,ALEVIN (2007-2008),27,18,0,45,mixto
XIX MILLA VILA DE SANXENXO,2018-08-26,BENXAMIN (2009-2010),17,21,0,38,mixto
XIX MILLA VILA DE SANXENXO,2018-08-26,ELITE MILLA CONCELLO DE SANXENXO (2000 E ANTERIORES),9,7,0,16,mixto
XIX MILLA VILA DE SANXENXO,2018-08-26,INFANTIL-CADETE (2003 A 2006),22,10,0,32,mixto
XIX MILLA VILA DE SANXENXO,2018-08-26,PREBENXAMIN,44,25,0,69,mixto
XIX MILLA VILA DE SANXENXO,2018-08-26,VETERAN@S A E VETERAN@S B,54,16,0,70,mixto
XIX MILLA VILA DE SANXENXO,2018-08-26,XUVENIL/JUNIOR E PROMESA/SENIOR,31,22,0,53,mixto
XIX SAN SILVESTRE POPULAR CIUDAD DE LEÓN,2015-12-27,CARRERA DE 7 KM (MAYORES DE 15 AÑOS),893,339,0,1232,mixto
XIX TRAVESÍA INTEGRAL DE LOS MONTES AQUILIANOS 2014,2014-06-07,45 KM,0,0,0,0,mixto
XIX TRAVESÍA INTEGRAL DE LOS MONTES AQUILIANOS 2014,2014-06-07,61 KM,0,0,0,0,mixto
XIX Tríatlon Cidade de Ferrol,2019-08-11,A sin Corte,0,0,0,0,mixto
XIX Tríatlon Cidade de Ferrol,2019-08-11,B con Corte,0,0,0,0,mixto
XIX Tríatlon Cidade de Ferrol,2019-08-11,General,0,0,0,0,mixto
XIX Tríatlon Cidade de Ferrol,2019-08-11,Popular,0,0,0,0,mixto
XIX Tríatlon Cidade de Pontevedra,2019-08-24,Final,0,0,0,0,mixto
XIX Tríatlon Cidade de Pontevedra,2019-08-24,MiniSprint,0,0,0,0,mixto
XIX Tríatlon Cidade de Pontevedra,2019-08-24,PTS4,0,0,0,0,mixto
XIX Tríatlon Cidade de Pontevedra,2019-08-24,PTWC,0,0,0,0,mixto
XIX Tríatlon Cidade de Pontevedra,2019-08-24,Popular Sprint,0,0,0,0,mixto
XIX “SAN SILVESTRE” CASTRELO DE MIÑO,2017-12-31,Proba absoluta (nados 2002 e anteriores),246,74,0,320,mixto
XIX “SAN SILVESTRE” CASTRELO DE MIÑO,2017-12-31,Probas de menores (nados entre 2003-2008),25,8,0,33,mixto
XIª CARREIRA POPULAR Xª ANDAINA MASIDE (PRUEBA SOLIDARIA AODEM),2017-09-02,ABSOLUTA (2001 E ANTERIORES),78,9,0,87,mixto
XL SAN SILVESTRE GIJON 2009,2009-12-31,Recorrido B. Distancia: 6000 m,0,0,0,0,mixto
XL SAN SILVESTRE SALMANTINA,2024-12-29,RECORRIDO A (2015 y posteriores),261,222,0,483,mixto
XL SAN SILVESTRE SALMANTINA,2024-12-29,RECORRIDO B (2013-2014),92,61,0,153,mixto
XL SAN SILVESTRE SALMANTINA,2024-12-29,RECORRIDO C (2009-2012),107,68,0,175,mixto
XL SAN SILVESTRE SALMANTINA,2024-12-29,RECORRIDO D (2008 y anteriores),3431,1397,0,4828,mixto
XL SAN SILVESTRE SALMANTINA,2024-12-29,RECORRIDO D EN VEHÍCULO ADAPTADO,6,0,0,6,mixto
XL TRAVESÍA A NADO DO PORTO DE VILAGARCÍA,2024-07-28,PERCORRIDO A (2010 e anteriores),77,34,0,111,mixto
XL TRAVESÍA A NADO DO PORTO DE VILAGARCÍA,2024-07-28,PERCORRIDO B (2013 e anteriores),22,27,0,49,mixto
XL TROFEO DE PEDESTRISMO CONCELLO DE CANGAS,2013-12-01,PROBA ABSOLUTA. DISTANCIA: 10000 M,0,0,0,0,mixto
XL TROFEO DE PEDESTRISMO CONCELLO DE CANGAS,2013-12-01,PROBA XUVENIL - XUNIOR. DISTANCIA: 6000 M,0,0,0,0,mixto
XLI SAN SILVESTRE GIJON 2010,2010-12-31,RECORRIDO B. Distancia: 6000 m,0,0,0,0,mixto
XLI SAN SILVESTRE SALMANTINA,2025-12-28,EQUIPOS SALAMANCA 2025,0,0,0,0,mixto
XLI SAN SILVESTRE SALMANTINA,2025-12-28,RECORRIDO A (2016 y posteriores),226,192,0,418,mixto
XLI SAN SILVESTRE SALMANTINA,2025-12-28,RECORRIDO B (2014-2015),82,73,0,155,mixto
XLI SAN SILVESTRE SALMANTINA,2025-12-28,RECORRIDO C (2010-2013),113,65,0,178,mixto
XLI SAN SILVESTRE SALMANTINA,2025-12-28,RECORRIDO D (2009 y anteriores),3567,1433,0,5000,mixto
XLI SAN SILVESTRE SALMANTINA,2025-12-28,RECORRIDO D ADAPTADA (2009 y anteriores),4,0,0,4,mixto
XLI TRAVESÍA A NADO DO PORTO DE VILAGARCÍA,2025-08-03,PERCORRIDO A (2011 e anteriores),102,39,0,141,mixto
XLI TRAVESÍA A NADO DO PORTO DE VILAGARCÍA,2025-08-03,PERCORRIDO B (2013 e anteriores),41,34,0,75,mixto
XLI TRAVESÍA A NADO DO PORTO DE VILAGARCÍA,2025-08-03,PERCORRIDO C (2014-2015 e seguintes),12,13,0,25,mixto
XLI TROFEO PEDESTRISMO CONCELLO DE CANGAS - MEMORIAL PEPE CORDEIRO 2014,2014-12-07,PROBA ABSOLUTA. DISTANCIA: 10000 M,0,0,0,0,mixto
XLII CARREIRA PEDESTRE POPULAR SAN MARTIÑO 2018,2018-11-18,CARREIRA INCLUSIVA (NADOS/AS NOS ANOS 2012 E POST. E PERSOAS CON DIVERSIDADE FUNCIONAL),689,568,0,1257,mixto
XLII CARREIRA PEDESTRE POPULAR SAN MARTIÑO 2018,2018-11-18,CUADRO DE HONOR,0,0,0,0,mixto
XLII SAN SILVESTRE GIJON 2011,2011-12-31,RECORRIDO B. Distancia: 6000 m,0,0,0,0,mixto
XLII TRAVESIA A NADO DIQUE BARRIE DA MAZA,2013-08-31,"DISTANCIA 1200M. CAT A Y B. BENJAMINES, ALEVINES. DISTANCIA: 1200 M",0,0,0,0,mixto
XLII TRAVESIA A NADO DIQUE BARRIE DA MAZA,2013-08-31,DISTANCIA 1200M. CATEGORIAS E-F Y G VETERANOS-AS. DISTANCIA: 1200 M,0,0,0,0,mixto
XLII TRAVESIA A NADO DIQUE BARRIE DA MAZA,2013-08-31,DISTANCIA 2200M. CATEGORIA C Y D INFANTILES Y JUNIORS. DISTANCIA: 2200 M,0,0,0,0,mixto
XLII TRAVESIA A NADO DIQUE BARRIE DA MAZA,2013-08-31,DISTANCIA 3200M. CATEGORIA H ABSOLUTA. DISTANCIA: 3200 M,0,0,0,0,mixto
XLII TRAVESÍA A NADO DO PORTO DE VILAGARCÍA,2026-08-02,PERCORRIDO A (2012 e anteriores),64,27,0,91,mixto
XLII TRAVESÍA A NADO DO PORTO DE VILAGARCÍA,2026-08-02,PERCORRIDO B (2014 e anteriores),35,22,0,57,mixto
XLII TRAVESÍA A NADO DO PORTO DE VILAGARCÍA,2026-08-02,PERCORRIDO C (2015 e posteriores),8,6,0,14,mixto
XLII TROFEO PEDESTRISMO CONCELLO DE CANGAS MEMORIAL PEPE CORDEIRO,2015-12-06,ABSOLUTA (1996 E ANOS ANTERIORES),284,52,0,336,mixto
XLIII SAN SILVESTRE GIJON 2012,2012-12-31,RECORRIDO B. Distancia: 6000 m,0,0,0,0,mixto
XLIII TRAVESIA A NADO BARRIE DA MAZA 2014 1200M ADULTOS,2014-07-25,DISTANCIA 1200M. CATEGORIAS E-F Y G VETERANOS-AS. DISTANCIA: 1200 M,0,0,0,0,mixto
XLIII TRAVESIA A NADO BARRIE DA MAZA 2014 1200M MENORES,2014-07-25,"DISTANCIA 1200M. CAT A Y B. BENJAMINES, ALEVINES. DISTANCIA: 1200 M",0,0,0,0,mixto
XLIII TRAVESIA A NADO BARRIE DA MAZA 2014 2300M,2014-07-25,DISTANCIA 2300M. CATEGORIA C Y D INFANTILES Y JUNIORS. DISTANCIA: 2300 M,0,0,0,0,mixto
XLIII TRAVESIA A NADO BARRIE DA MAZA 2014 3500M,2014-07-25,DISTANCIA 3500M. CATEGORIA H ABSOLUTA. DISTANCIA: 3500 M,0,0,0,0,mixto
XLIII TROFEO PEDESTRISMO CONCELLO DE CANGAS MEMORIAL PEPE CORDEIRO,2016-12-04,ABSOLUTA (1997 E ANOS ANTERIORES),162,28,0,190,mixto
XLIV TRAVESÍA AO DIQUE,2015-07-25,"RECORRIDO DE 1200 M (CATEGORÍAS A, B)",32,14,0,46,mixto
XLIV TRAVESÍA AO DIQUE,2015-07-25,"RECORRIDO DE 1200 M (CATEGORÍAS E, F y G)",48,14,0,62,mixto
XLIV TRAVESÍA AO DIQUE,2015-07-25,RECORRIDO DE 2300 M (CATEGORÍAS C y D),14,10,0,24,mixto
XLIV TRAVESÍA AO DIQUE,2015-07-25,RECORRIDO DE 3500 M (CATEGORÍA H),40,17,0,57,mixto
XLIV TROFEO PEDESTRISMO CONCELLO DE CANGAS Memorial Pepe Cordeiro,2017-12-03,ABSOLUTA (1998 E ANT.),122,24,0,146,mixto
XLIX TROFEO PEDESTRISMO CONCELLO DE CANGAS Memorial Pepe Cordeiro,2024-12-01,ABSOLUTA (2008 e anteriores),33,11,0,44,mixto
XLV TRAVESÍA AO DIQUE,2016-07-25,1200 (CAT A-B),19,14,0,33,mixto
XLV TRAVESÍA AO DIQUE,2016-07-25,1200 CAT (E-F-G-),44,16,0,60,mixto
XLV TRAVESÍA AO DIQUE,2016-07-25,2400M (CAT C-D),11,5,0,16,mixto
XLV TRAVESÍA AO DIQUE,2016-07-25,5000M (CAT H),23,9,0,32,mixto
XLV TROFEO PEDESTRISMO CONCELLO DE CANGAS Memorial Pepe Cordeiro,2018-12-02,ABSOLUTA (2003 E ANT.),200,35,0,235,mixto
XLVI TRAVESÍA AO DIQUE,2017-07-25,"PERCORRIDO DE 1200 M (CATEGORÍAS A,B)",13,20,0,33,mixto
XLVI TRAVESÍA AO DIQUE,2017-07-25,"PERCORRIDO DE 1200 M (E, F, G)",76,22,0,98,mixto
XLVI TRAVESÍA AO DIQUE,2017-07-25,PERCORRIDO DE 3500 M (CATEGORÍA H),41,13,0,54,mixto
XLVI TRAVESÍA AO DIQUE,2017-07-25,PRERCORRIDO DE 2300 M (CATEGORIAS C e D),14,8,0,22,mixto
XLVI TROFEO PEDESTRISMO CONCELLO DE CANGAS Memorial Pepe Cordeiro,2019-12-01,ABSOLUTA (2003 E ANT.),191,28,0,219,mixto
XLVII TRAVESÍA AO DIQUE,2018-07-25,1200 ADULTOS,71,23,0,94,mixto
XLVII TRAVESÍA AO DIQUE,2018-07-25,3500,85,20,0,105,mixto
XLVII TRAVESÍA AO DIQUE,2018-07-25,"PERCORRIDO DE 1200 M (CATEGORÍAS A, B)",14,16,0,30,mixto
XLVII TRAVESÍA AO DIQUE,2018-07-25,PRERCORRIDO DE 2300 M (CATEGORIAS C e D),15,9,0,24,mixto
XLVII TROFEO PEDESTRISMO CONCELLO DE CANGAS Memorial Pepe Cordeiro,2022-12-04,ABSOLUTA (2006 e anteriores),62,10,0,72,mixto
XLVIII TRAVESÍA AO DIQUE,2019-07-25,1200 M ADULTOS,64,26,0,90,mixto
XLVIII TRAVESÍA AO DIQUE,2019-07-25,3500 M,67,27,0,94,mixto
XLVIII TRAVESÍA AO DIQUE,2019-07-25,"PERCORRIDO DE 1200m (CATEGORÍAS A, B)",12,17,0,29,mixto
XLVIII TRAVESÍA AO DIQUE,2019-07-25,PERCORRIDO DE 2300m (CATEGORIAS C e D),11,7,0,18,mixto
XLVIII TROFEO PEDESTRISMO CONCELLO DE CANGAS Memorial Pepe Cordeiro,2023-12-03,ABSOLUTA (2007 e anteriores),50,12,0,62,mixto
XV 10km LUGO MONUMENTAL 2017 G.P. CAIXABANK,2017-12-17,ABSOLUTA (2002 e anteriores),689,161,0,850,mixto
XV 10km LUGO MONUMENTAL 2017 G.P. CAIXABANK,2017-12-17,BENXAMIN / ALEVIN (2007-2008-2009-2010),53,58,0,111,mixto
XV 10km LUGO MONUMENTAL 2017 G.P. CAIXABANK,2017-12-17,INFANTIL / CADETE (2003-2004-2005-2006),33,17,0,50,mixto
"XV CAMOVI ""GRAN PREMIO XACOBEO-GALICIA"" 2026",2026-04-18,C10K (DOMINGO 19),100,73,0,173,mixto
"XV CAMOVI ""GRAN PREMIO XACOBEO-GALICIA"" 2026",2026-04-18,C21K (DOMINGO 19),169,45,0,214,mixto
"XV CAMOVI ""GRAN PREMIO XACOBEO-GALICIA"" 2026",2026-04-18,C42K (DOMINGO 19),109,17,0,126,mixto
"XV CAMOVI ""GRAN PREMIO XACOBEO-GALICIA"" 2026",2026-04-18,CAMOVI RELEVOS 42K (DOMINGO 19),18,2,5,25,mixto
XV CARREIRA CANON DO SIL,2022-10-23,C17K (950m+),64,34,0,98,mixto
XV CARREIRA CANON DO SIL,2022-10-23,C33K (2220m+),95,16,0,111,mixto
XV CARREIRA CANON DO SIL,2022-10-23,C7K (370m+),9,12,0,21,mixto
XV CARREIRA NOCTURNA CONCELLO DE VILAGARCÍA DE AROUSA,2018-07-21,PROBA ABSOLUTA,169,31,0,200,mixto
XV CARREIRA NOCTURNA DE CELANOVA,2018-06-16,ABSOLUTA (2002 E ANT.),295,70,0,365,mixto
XV CARREIRA NOCTURNA DE CELANOVA,2018-06-16,ALEVIN (2007-2008),20,23,0,43,mixto
XV CARREIRA NOCTURNA DE CELANOVA,2018-06-16,BENXAMÍN (2009-2010),22,22,0,44,mixto
XV CARREIRA NOCTURNA DE CELANOVA,2018-06-16,INFANTIL (2005-2006) E CADETE (2003-2004),25,19,0,44,mixto
XV CARREIRA NOCTURNA DE CELANOVA,2018-06-16,PRE-BENXAMIN,32,32,0,64,mixto
XV CARREIRA PEDESTRE CONCELLO DE MOAÑA,2018-09-22,10KM (2002 E ANTERIORES),192,23,0,215,mixto
XV CARREIRA PEDESTRE CONCELLO DE MOAÑA,2018-09-22,5 KM (2002 E ANTERIORES),42,52,0,94,mixto
XV CARREIRA PEDESTRE CONCELLO DE MOAÑA,2018-09-22,ALEVIN (2007-2008),13,15,0,28,mixto
XV CARREIRA PEDESTRE CONCELLO DE MOAÑA,2018-09-22,BENXAMIN (2009 A 2010),22,21,0,43,mixto
XV CARREIRA PEDESTRE CONCELLO DE MOAÑA,2018-09-22,CADETE (2003-2004),2,4,0,6,mixto
XV CARREIRA PEDESTRE CONCELLO DE MOAÑA,2018-09-22,INFANTIL (2005-2006),8,9,0,17,mixto
XV CARREIRA PEDESTRE CONCELLO DE MOAÑA,2018-09-22,PREBENXAMIN FEM (2011-2012),0,23,0,23,mixto
XV CARREIRA PEDESTRE CONCELLO DE MOAÑA,2018-09-22,PREBENXAMIN MASC (2011-2012),26,0,0,26,mixto
XV CARREIRA PEDESTRE POPULAR CONCELLO DE BOIMORTO,2023-12-10,ABSOLUTA (2007 e anteriores),91,22,0,113,mixto
XV CARREIRA PEDESTRE POPULAR CONCELLO DE BOIMORTO,2023-12-10,BENXAMIN/ALEVIN (2012-2015),18,9,0,27,mixto
XV CARREIRA PEDESTRE POPULAR CONCELLO DE BOIMORTO,2023-12-10,INFANTIL/CADETE (2008-2011),2,3,0,5,mixto
XV CARREIRA PEDESTRE POPULAR CONCELLO DE BOIMORTO,2023-12-10,PREBENXAMIN (2016-2018),13,5,0,18,mixto
XV CARREIRA POPULAR CONCELLO DO CORGO- MEMORIAL QUIQUE CASANOVA,2024-10-26,ADULTOS (2006 e anteriores),72,25,0,97,mixto
XV CARREIRA POPULAR CONCELLO DO CORGO- MEMORIAL QUIQUE CASANOVA,2024-10-26,PROMOCION (2015-2017),11,10,0,21,mixto
XV CARREIRA POPULAR CONCELLO DO CORGO- MEMORIAL QUIQUE CASANOVA,2024-10-26,SUB12 (2013-2014),8,10,0,18,mixto
XV CARREIRA POPULAR CONCELLO DO CORGO- MEMORIAL QUIQUE CASANOVA,2024-10-26,SUB14 (2011-2012) XUV(2007-2010),10,5,0,15,mixto
XV CARREIRA POPULAR DE CHANTADA.10 km no corazón,2026-05-09,"4,5Km (2010 e anteriores)",25,26,0,51,mixto
XV CARREIRA POPULAR DE CHANTADA.10 km no corazón,2026-05-09,9KM (2010 e anteriores),83,27,0,110,mixto
XV CARREIRA POPULAR DE CHANTADA.10 km no corazón,2026-05-09,SUB14 (2013-2014)-SUB16 (2011-2012),8,4,0,12,mixto
XV CARREIRA POPULAR DE SANTA UXÍA 2012 (Prueba Popular),2012-09-16,PROBA POPULAR. Distancia: 10000 m,0,0,0,0,mixto
XV CARREIRA POPULAR FEIRA DO VIÑO DE QUIROGA 2019,2019-04-19,PROBA ABSOLUTA (2003 E ANTERIORES),138,36,0,174,mixto
XV CARREIRA POPULAR ROTA DO ROMÁNICO CONCELLO DE PANTON,2015-05-30,ADULTOS (1999 E ANTERIORES),94,23,0,117,mixto
XV CARRERA O PORRIÑO 10K,2024-04-28,10KM (2006 y anteriores),335,94,0,429,mixto
XV CARRERA O PORRIÑO 10K,2024-04-28,5KM (2008 y anteriores),85,68,0,153,mixto
XV CARRERA O PORRIÑO 10K,2024-04-28,SUB10 (2015-2016),6,13,0,19,mixto
XV CARRERA O PORRIÑO 10K,2024-04-28,SUB12 (2013-2014),12,15,0,27,mixto
XV CARRERA O PORRIÑO 10K,2024-04-28,SUB14 (2011-2012)/SUB16 (2009-2010),18,17,0,35,mixto
XV CARRERA POPULAR CONCELLO DE ARTEIXO,2012-05-13,Carrera,538,0,0,538,mixto
"XV CIRCUITO LARSA CORRE CON NOS 2014-2015. LUGO MONUMENTAL. CATEGORIAS A, B, C",2014-12-21,CATEGORIA A. DISTANCIA: 700 M,0,0,0,0,mixto
"XV CIRCUITO LARSA CORRE CON NOS 2014-2015. LUGO MONUMENTAL. CATEGORIAS A, B, C",2014-12-21,CATEGORIA B. DISTANCIA: 1100 M,0,0,0,0,mixto
"XV CIRCUITO LARSA CORRE CON NOS 2014-2015. LUGO MONUMENTAL. CATEGORIAS A, B, C",2014-12-21,CATEGORIA C. DISTANCIA: 1500 M,0,0,0,0,mixto
XV CIRCUITO LARSA CORRE CON NOS 2014-2015. PISTAS GREGORIO PÉREZ RIVERA,2014-11-30,ADULTOS. DISTANCIA: 4900 M,0,0,0,0,mixto
"XV CIRCUITO LARSA CORRE CON NOS 2014-2015. PISTAS GREGORIO PÉREZ RIVERA. CATEGORIAS A,B,C",2014-11-30,CATEGORIA A. DISTANCIA: 800 M,0,0,0,0,mixto
"XV CIRCUITO LARSA CORRE CON NOS 2014-2015. PISTAS GREGORIO PÉREZ RIVERA. CATEGORIAS A,B,C",2014-11-30,CATEGORIA B. DISTANCIA: 1650 M,0,0,0,0,mixto
"XV CIRCUITO LARSA CORRE CON NOS 2014-2015. PISTAS GREGORIO PÉREZ RIVERA. CATEGORIAS A,B,C",2014-11-30,CATEGORIA C. DISTANCIA: 2600 M,0,0,0,0,mixto
XV COPA ASTURIAS DE NATACION DE AGUAS ABIERTAS 2013. PRUEBA FEMENINA,2013-08-10,COPA ASTURIAS . DISTANCIA: 7500 M,0,0,0,0,mixto
XV COPA ASTURIAS DE NATACION DE AGUAS ABIERTAS 2013. PRUEBA INFANTIL FEMENINA,2013-08-10,COPA ASTURIAS INFANTIL . DISTANCIA: 5000 M,0,0,0,0,mixto
XV COPA ASTURIAS DE NATACION DE AGUAS ABIERTAS 2013. PRUEBA INFANTIL MASCULINA,2013-08-10,COPA ASTURIAS INFANTIL . DISTANCIA: 5000 M,0,0,0,0,mixto
XV COPA ASTURIAS DE NATACION DE AGUAS ABIERTAS 2013. PRUEBA MASCULINA,2013-08-10,COPA ASTURIAS . DISTANCIA: 7500 M,0,0,0,0,mixto
XV CROSS POPULAR E VII CANICROS DO CONCELLO BOBORÁS (OURENSE),2015-01-18,CANICROSS SENIOR,9,0,0,9,mixto
XV CROSS POPULAR E VII CANICROS DO CONCELLO BOBORÁS (OURENSE),2015-01-18,CANICROSS SENIOR E VETERANOS,8,2,0,10,mixto
XV CROSS POPULAR E VII CANICROS DO CONCELLO BOBORÁS (OURENSE),2015-01-18,CROSS. CATEGORIAS 4 E 5,228,30,0,258,mixto
XV CROSS POPULAR E VII CANICROS DO CONCELLO BOBORÁS (OURENSE),2015-01-18,MENORES CATEGORIA 2 E3,16,7,0,23,mixto
XV CROSS POPULAR E VII CANICROS DO CONCELLO BOBORÁS (OURENSE),2015-01-18,MENORES CATEGORIA1,8,3,0,11,mixto
XV Carreira Pedestre Concello de Corcubión 2016,2016-09-17,ABSOLUTA 10K (1998 E ANTERIORES),99,13,0,112,mixto
XV Carreira Pedestre Concello de Corcubión 2016,2016-09-17,ABSOLUTA 3K CONTRA O CANCRO (1998 E ANOS ANTERIORES),30,15,0,45,mixto
XV Carreira Pedestre Concello de Corcubión 2016,2016-09-17,ALEVÍN (2006-2005),10,12,0,22,mixto
XV Carreira Pedestre Concello de Corcubión 2016,2016-09-17,BENXAMÍN (2008-2007),15,14,0,29,mixto
XV Carreira Pedestre Concello de Corcubión 2016,2016-09-17,"INFANTIL (2004-2003), CADETE (2002-2001) E XUVENIL (2000-1999)",12,12,0,24,mixto
XV MEDIA MARATÓN CIUDAD DE LEÓN BERNESGA MOTOR,2025-03-23,5 KM (2009 y anteriores),122,141,0,263,mixto
XV MEDIA MARATÓN CIUDAD DE LEÓN BERNESGA MOTOR,2025-03-23,EQUIPOS FEMENINOS,0,0,0,0,mixto
XV MEDIA MARATÓN CIUDAD DE LEÓN BERNESGA MOTOR,2025-03-23,EQUIPOS MASCULINOS,0,0,0,0,mixto
XV MEDIA MARATÓN CIUDAD DE LEÓN BERNESGA MOTOR,2025-03-23,EQUIPOS MIXTOS,0,0,0,0,mixto
XV MEDIA MARATÓN CIUDAD DE LEÓN BERNESGA MOTOR,2025-03-23,MEDIO MARATON (2007 e anteriores),1126,278,0,1404,mixto
XV MEDIA MARATÓN CIUDAD DE LEÓN BERNESGA MOTOR,2025-03-23,PEQUE MM LEÓN (2010-2015),29,34,0,63,mixto
XV MEDIA MARATÓN CIUDAD DE LEÓN BERNESGA MOTOR,2025-03-23,VEHICULO ADAPTADO MM,2,1,0,3,mixto
XV MEDIO MARATÓN GRAN BAHÍA VIG-BAY 2014,2014-04-06,VIGO-NIGRÁN-BAYONA. DISTANCIA: 21097 M,0,0,0,0,mixto
XV MEMORIAL EDUARDO FERNÁNDEZ VILLAMARÍN 2018,2018-01-27,CARREIRA ABSOLUTA (2001 E ANTERIORES),320,73,0,393,mixto
XV MEMORIAL EDUARDO FERNÁNDEZ VILLAMARÍN 2018,2018-01-27,CATEGORÍA A (2010 A 2013),24,21,0,45,mixto
XV MEMORIAL EDUARDO FERNÁNDEZ VILLAMARÍN 2018,2018-01-27,CATEGORÍA B (2006 A 2009),25,13,0,38,mixto
XV MEMORIAL EDUARDO FERNÁNDEZ VILLAMARÍN 2018,2018-01-27,CATEGORÍA C (2002 A 2005),6,6,0,12,mixto
XV SAN SILVESTRE POPULAR CIUDAD DE LEÓN 2011 6000m,2011-12-30,CARRERA DE 6 KM. Distancia: 6000 m,0,0,0,0,mixto
XV VOLTA A VALDEORRAS 2013,2013-06-09,CICLOTURISTA. DISTANCIA: 110 KM,0,0,0,0,mixto
XV edición Travesía a nado Costa Serena-Gran Premio Concello de Nigrán 2025,2025-07-13,2.700 metros,81,38,0,119,mixto
XV edición Travesía a nado Costa Serena-Gran Premio Concello de Nigrán 2025,2025-07-13,4.000 metros,112,18,0,130,mixto
XV edición Travesía a nado Costa Serena-Gran Premio Concello de Nigrán 2025,2025-07-13,800 metros,50,76,0,126,mixto
XV edición Travesía a nado Costa Serena-Gran Premio Concello de Nigrán 2025,2025-07-13,Relevos,31,0,0,31,mixto
XVI CARREIRA NOCTURNA DE CELANOVA,2019-06-08,ABSOLUTA (2003 E ANOS ANTERIORES),295,83,0,378,mixto
XVI CARREIRA NOCTURNA DE CELANOVA,2019-06-08,ALEVÍN (2008/2009),10,16,0,26,mixto
XVI CARREIRA NOCTURNA DE CELANOVA,2019-06-08,BENXAMÍN (2010/2011),28,18,0,46,mixto
XVI CARREIRA NOCTURNA DE CELANOVA,2019-06-08,INFANTIL (2006/2007) E CADETE (2004/2005),30,18,0,48,mixto
XVI CARREIRA NOCTURNA DE CELANOVA,2019-06-08,PRE-BENXAMÍN (2012/2013),23,22,0,45,mixto
"XVI CARREIRA PEDESTRE CONCELLO DE MOAÑA ""HOMOLOGADA 10K""",2019-05-05,10KM (2003 E ANTERIORES),142,35,0,177,mixto
"XVI CARREIRA PEDESTRE CONCELLO DE MOAÑA ""HOMOLOGADA 10K""",2019-05-05,5 KM (2003 E ANTERIORES),47,23,0,70,mixto
"XVI CARREIRA PEDESTRE CONCELLO DE MOAÑA ""HOMOLOGADA 10K""",2019-05-05,ALEVIN (2008-2009),11,16,0,27,mixto
"XVI CARREIRA PEDESTRE CONCELLO DE MOAÑA ""HOMOLOGADA 10K""",2019-05-05,BENXAMIN (2010 A 2011),17,10,0,27,mixto
"XVI CARREIRA PEDESTRE CONCELLO DE MOAÑA ""HOMOLOGADA 10K""",2019-05-05,CADETE (2004-2005),1,3,0,4,mixto
"XVI CARREIRA PEDESTRE CONCELLO DE MOAÑA ""HOMOLOGADA 10K""",2019-05-05,INFANTIL (2006-2007),6,7,0,13,mixto
"XVI CARREIRA PEDESTRE CONCELLO DE MOAÑA ""HOMOLOGADA 10K""",2019-05-05,PREBENXAMIN HOMES (2012-2013),12,0,0,12,mixto
"XVI CARREIRA PEDESTRE CONCELLO DE MOAÑA ""HOMOLOGADA 10K""",2019-05-05,PREBENXAMIN MULLERES (2012-2013),0,14,0,14,mixto
XVI CARREIRA PEDESTRE POPULAR DE NOIA 2012,2012-09-01,ABSOLUTA. Distancia: 6900 m,0,0,0,0,mixto
XVI CARREIRA POPULAR CONCELLO DE ARTEIXO,2013-05-01,PROBA ABSOLUTA. DISTANCIA: 12000 M,588,72,0,660,mixto
XVI CARREIRA POPULAR CONCELLO DE ARTEIXO. BENXAMINS E ALEVINS,2013-05-01,BENXAMINS-ALEVINS. DISTANCIA: 960 M,0,0,0,0,mixto
XVI CARREIRA POPULAR CONCELLO DE ARTEIXO. INFANTIS CADETES E XUVENIS,2013-05-01,INFANTIS-CADETES-XUVENIS. DISTANCIA: 3600 M,0,0,0,0,mixto
XVI CARREIRA POPULAR CONCELLO DE CARTELLE 2012,2012-08-18,Proba Absoluta. Distancia: 10000 m,0,0,0,0,mixto
XVI CARREIRA POPULAR CONCELLO DO CORGO- MEMORIAL QUIQUE CASANOVA,2025-10-25,ADULTOS (2007 e anteriores),74,22,0,96,mixto
XVI CARREIRA POPULAR CONCELLO DO CORGO- MEMORIAL QUIQUE CASANOVA,2025-10-25,PROMOCION (2016-2018),9,17,0,26,mixto
XVI CARREIRA POPULAR CONCELLO DO CORGO- MEMORIAL QUIQUE CASANOVA,2025-10-25,SUB12 (2014-2015),7,8,0,15,mixto
XVI CARREIRA POPULAR CONCELLO DO CORGO- MEMORIAL QUIQUE CASANOVA,2025-10-25,SUB14 (2012-2013) XUV(2008-2011),11,6,0,17,mixto
XVI CARREIRA POPULAR DE SANTA UXIA 2013,2013-09-29,PROBA POPULAR. DISTANCIA: 10000 M,0,0,0,0,mixto
XVI CARREIRA POPULAR ROTA DO ROMÁNICO CONCELLO DE PANTÓN,2016-05-28,CARREIRA ABSOLUTA (2000 E AÑOS ANTERIORES),61,11,0,72,mixto
XVI CARRERA CANON DO SIL,2023-10-22,C17K (950m+),57,23,0,80,mixto
XVI CARRERA CANON DO SIL,2023-10-22,C33K (2220m+),49,10,0,59,mixto
XVI CARRERA CANON DO SIL,2023-10-22,C7K (370m+),7,11,0,18,mixto
XVI CARRERA CANON DO SIL,2023-10-22,CADETE ( C7k - 370m+ ),2,3,0,5,mixto
XVI CARRERA CANON DO SIL,2023-10-22,COPA DA XUNTA DE GALICIA CxM,39,9,0,48,mixto
XVI CARRERA CANON DO SIL,2023-10-22,XUVENIL 12K,2,3,0,5,mixto
XVI CARRERA O PORRIÑO 10K,2025-03-23,10KM (2007 e anteriores),457,106,0,563,mixto
XVI CARRERA O PORRIÑO 10K,2025-03-23,5KM (2011 e anteriores),95,70,0,165,mixto
XVI CARRERA O PORRIÑO 10K,2025-03-23,SUB10 (2016-2017),7,5,0,12,mixto
XVI CARRERA O PORRIÑO 10K,2025-03-23,SUB12 (2014-2015),4,14,0,18,mixto
XVI CARRERA O PORRIÑO 10K,2025-03-23,SUB14 (2012-2013),11,9,0,20,mixto
XVI CLASICA VILA DAS PONTES - DESAFIO FRAGAS DO EUME 2013,2013-06-23,CICLOTURISTA. AS PONTES - ALTO DO CAXADO. DISTANCIA: 110 KM,0,0,0,0,mixto
XVI COPA ASTURIAS DE NATACIÓN DE AGUAS ABIERTAS Y 5º ETAPA DE LA COPA LEN. PRUEBAS FEMENINAS,2014-08-09,COPA ASTURIAS . DISTANCIA: 7500 M,0,0,0,0,mixto
XVI COPA ASTURIAS DE NATACIÓN DE AGUAS ABIERTAS Y 5º ETAPA DE LA COPA LEN. PRUEBAS MASCULINAS,2014-08-09,COPA ASTURIAS . DISTANCIA: 7500 M,0,0,0,0,mixto
XVI COPA ASTURIAS DE NATACIÓN DE AGUAS ABIERTAS Y 5º ETAPA DE LA COPA LEN. PRUEBAS MASCULINAS,2014-08-09,COPA ASTURIAS INFANTIL . DISTANCIA: 5000 M,0,0,0,0,mixto
XVI CROSS POPULAR DO CONCELLO DE BOBORÁS (OURENSE),2016-01-17,CATEGORÍA 1 (2005 ATA 2009),8,3,0,11,mixto
XVI CROSS POPULAR DO CONCELLO DE BOBORÁS (OURENSE),2016-01-17,CATEGORÍA 2 E 3 (1998 ATA 2004),13,9,0,22,mixto
XVI CROSS POPULAR DO CONCELLO DE BOBORÁS (OURENSE),2016-01-17,CATEGORÍA 4 E 5 (1997 E ANOS ANTERIORES),220,41,0,261,mixto
XVI Carreira Pedestre Vila de Corcubión,2017-09-16,ABSOLUTA 10K (1999 E ANTERIORES),122,28,0,150,mixto
XVI Carreira Pedestre Vila de Corcubión,2017-09-16,ABSOLUTA 3K CONTRA O CANCRO (1999 E ANOS ANTERIORES),32,33,0,65,mixto
XVI Carreira Pedestre Vila de Corcubión,2017-09-16,ALEVÍN (2006-2007),12,14,0,26,mixto
XVI Carreira Pedestre Vila de Corcubión,2017-09-16,BENXAMÍN (2008-2009),14,17,0,31,mixto
XVI Carreira Pedestre Vila de Corcubión,2017-09-16,"INFANTIL (2004-2005), CADETE (2002-2003) E XUVENIL (2000-2001)",7,20,0,27,mixto
XVI MEDIA MARATÓN CIUDAD DE LEÓN,2026-03-22,5 KM (2010 y anteriores),135,205,0,340,mixto
XVI MEDIA MARATÓN CIUDAD DE LEÓN,2026-03-22,CAMPEONATO DE CASTILLA Y LEON,48,16,0,64,mixto
XVI MEDIA MARATÓN CIUDAD DE LEÓN,2026-03-22,EQUIPOS MIXTO MM LEON 2026,0,0,0,0,mixto
XVI MEDIA MARATÓN CIUDAD DE LEÓN,2026-03-22,EQUIPOS MM LEON 2026,0,0,0,0,mixto
XVI MEDIA MARATÓN CIUDAD DE LEÓN,2026-03-22,MEDIO MARATON (2008 e anteriores),1898,552,0,2450,mixto
XVI MEDIA MARATÓN CIUDAD DE LEÓN,2026-03-22,MM Y CTO JUNTOS,1922,555,0,2477,mixto
XVI MEDIA MARATÓN CIUDAD DE LEÓN,2026-03-22,PEQUE MM LEÓN (2011-2016),25,26,0,51,mixto
XVI MEDIA MARATÓN CIUDAD DE LEÓN,2026-03-22,VEHICULO ADAPTADO MM,1,0,0,1,mixto
XVI MEMORIAL EDUARDO FERNÁNDEZ VILLAMARÍN 2019,2019-01-26,CATEGORIA A (2011-2014),19,16,0,35,mixto
XVI MEMORIAL EDUARDO FERNÁNDEZ VILLAMARÍN 2019,2019-01-26,CATEGORIA ABSOLUTA (2002 E ANTERIORES),292,63,0,355,mixto
XVI MEMORIAL EDUARDO FERNÁNDEZ VILLAMARÍN 2019,2019-01-26,CATEGORIA B (2007-2010),18,12,0,30,mixto
XVI MEMORIAL EDUARDO FERNÁNDEZ VILLAMARÍN 2019,2019-01-26,CATEGORIA C (2003-2006),12,3,0,15,mixto
XVI Medio Maratón Gran Bahía Vig-Bay,2015-03-22,"Equipos Masculinos, Femeninos y Mixtos",0,0,0,0,mixto
XVI Medio Maratón Gran Bahía Vig-Bay,2015-03-22,Medio Maratón,4136,644,0,4780,mixto
XVI Ruta Serra do Xistral BTT 2018,2018-09-23,CAMPIONATO DE GALICIA XCM,92,6,0,98,mixto
XVI Ruta Serra do Xistral BTT 2018,2018-09-23,RUTA BTT MONSEIVANE,3,0,0,3,mixto
XVI Ruta Serra do Xistral BTT 2018,2018-09-23,RUTA CORTA,39,3,0,42,mixto
XVI SAN SILVESTRE POPULAR CIUDAD DE LEÓN 2012 6000M,2012-12-30,Prueba Absoluta. Distancia: 6000 m,0,0,0,0,mixto
XVI TRAVESÍA A NADO RÍA DE VIGO 2016,2016-07-31,RECORRIDO COPA DE ESPAÑA Y CIRCUITO AA FEGAN (2002 Y AÑOS ANTERIORES),18,11,0,29,mixto
XVI TRAVESÍA A NADO RÍA DE VIGO 2016,2016-07-31,RECORRIDO POPULAR (MAYORES DE 18 AÑOS),192,33,0,225,mixto
XVI Tríatlon Cidade de Ferrol,2016-08-20,General,142,0,0,142,mixto
XVI Tríatlon Cidade de Ferrol,2016-08-20,Popular,55,14,0,69,mixto
XVI Tríatlon Cidade de Pontevedra,2016-08-27,General,68,43,0,111,mixto
XVI Tríatlon Cidade de Pontevedra,2016-08-27,Para-triatlón,0,1,0,1,mixto
XVI Tríatlon Cidade de Pontevedra,2016-08-27,Popular,146,147,0,293,mixto
XVI Tríatlon Cidade de Pontevedra,2016-08-27,Popular Mini Sprint,48,25,0,73,mixto
XVII CARREIRA CANON DO SIL,2024-10-20,C17K – 950m+,50,24,0,74,mixto
XVII CARREIRA CANON DO SIL,2024-10-20,C33K - 2220m+,24,4,0,28,mixto
XVII CARREIRA CANON DO SIL,2024-10-20,C7K - 370m+,11,10,0,21,mixto
XVII CARREIRA NOCTURNA DE CELANOVA,2022-06-04,ABSOLUTA (2004 e anteriores),203,80,0,283,mixto
XVII CARREIRA NOCTURNA DE CELANOVA,2022-06-04,SUB-10 (2013-2014),27,18,0,45,mixto
XVII CARREIRA NOCTURNA DE CELANOVA,2022-06-04,SUB-12 (2011-2012),23,23,0,46,mixto
XVII CARREIRA NOCTURNA DE CELANOVA,2022-06-04,SUB-14 (2009-2010) SUB-16 (2007-2008),14,19,0,33,mixto
XVII CARREIRA NOCTURNA DE CELANOVA,2022-06-04,SUB-8 (2015-2016),28,22,0,50,mixto
XVII CARREIRA NOCTURNA VILAGARCIA,2021-07-31,10KM,134,28,0,162,mixto
XVII CARREIRA PEDESTRE POPULAR CONCELLO DE BOIMORTO,2026-07-19,ABSOLUTA (2010 e anteriores),86,25,0,111,mixto
XVII CARREIRA PEDESTRE POPULAR CONCELLO DE BOIMORTO,2026-07-19,BENXAMIN/ALEVIN (2015-2018),6,5,0,11,mixto
XVII CARREIRA PEDESTRE POPULAR CONCELLO DE BOIMORTO,2026-07-19,INFANTIL/CADETE (2011-2014),5,1,0,6,mixto
XVII CARREIRA PEDESTRE POPULAR CONCELLO DE BOIMORTO,2026-07-19,PREBENXAMIN (2019-2021),7,7,0,14,mixto
XVII CARREIRA POPULAR CONCELLO DE ARTEIXO,2014-05-01,Carrera,724,0,0,724,mixto
XVII CARREIRA POPULAR CONCELLO DE ARTEIXO,2014-05-01,PROBA ABSOLUTA. DISTANCIA: 12000 M,612,114,0,726,mixto
XVII CARREIRA POPULAR CONCELLO DE ARTEIXO MENORES,2014-05-01,BENXAMINS-ALEVINS. DISTANCIA: 960 M,0,0,0,0,mixto
XVII CARREIRA POPULAR CONCELLO DE ARTEIXO MENORES,2014-05-01,INFANTIS-CADETES-XUVENIS. DISTANCIA: 3600 M,0,0,0,0,mixto
XVII CARREIRA POPULAR CONCELLO DE CARTELLE,2013-08-17,PROBA ABSOLUTA. DISTANCIA: 10000 M,0,0,0,0,mixto
XVII CARREIRA POPULAR ROTA DO ROMÁNICO CONCELLO DE PANTON,2017-05-27,ABSOLUTA (2001 E ANTERIORES),98,23,0,121,mixto
XVII CARREIRA POPULAR VILA DE CORCUBIÓN 2018,2018-09-15,3K CONTRA O CANCRO (2002 E ANT.),57,51,0,108,mixto
XVII CARREIRA POPULAR VILA DE CORCUBIÓN 2018,2018-09-15,ABSOLUTA 10K (2002 E ANT.),124,24,0,148,mixto
XVII CARREIRA POPULAR VILA DE CORCUBIÓN 2018,2018-09-15,ALEVIN (2007-2008),13,15,0,28,mixto
XVII CARREIRA POPULAR VILA DE CORCUBIÓN 2018,2018-09-15,BENXAMIN (2009-2010),16,9,0,25,mixto
XVII CARREIRA POPULAR VILA DE CORCUBIÓN 2018,2018-09-15,INFANTIL (05-06)-CADETE (03-04)-XUVENIL (01-02),17,26,0,43,mixto
XVII CARREIRA POPULAR XVII ANDAINA MASIDE,2024-09-15,ABSOLUTA,78,18,0,96,mixto
XVII CARRERA O PORRIÑO 10K,2026-03-22,10KM (2008 e anteriores),732,210,0,942,mixto
XVII CARRERA O PORRIÑO 10K,2026-03-22,5KM (2012 e anteriores),133,139,0,272,mixto
XVII CARRERA O PORRIÑO 10K,2026-03-22,SUB10 (2017-2018),15,12,0,27,mixto
XVII CARRERA O PORRIÑO 10K,2026-03-22,SUB12 (2015-2016),13,13,0,26,mixto
XVII CARRERA O PORRIÑO 10K,2026-03-22,SUB14 (2013-2014),10,7,0,17,mixto
XVII CIRCUITO LARSA CORRE CON NÓS. CC AS TERMAS,2017-03-19,ADULTOS (2001 E ANOS ANTERIORES),460,159,0,619,mixto
XVII CIRCUITO LARSA CORRE CON NÓS. CC AS TERMAS,2017-03-19,ADULTOS (2001 E ANOS ANTERIORES) [Compensada],0,0,0,0,mixto
XVII CIRCUITO LARSA CORRE CON NÓS. CC AS TERMAS,2017-03-19,BENXAMÍN (08/09) E ALEVIN (06/07),63,67,0,130,mixto
XVII CIRCUITO LARSA CORRE CON NÓS. CC AS TERMAS,2017-03-19,INFANTIL (04/05) E CADETE (02/03),26,12,0,38,mixto
XVII CIRCUITO LARSA CORRE CON NÓS. ESTRADA RÍO RATO,2017-02-12,ADULTOS (2001 E ANOS ANTERIORES),544,189,0,733,mixto
XVII CIRCUITO LARSA CORRE CON NÓS. ESTRADA RÍO RATO,2017-02-12,ADULTOS (2001 E ANOS ANTERIORES) [Compensada],0,0,0,0,mixto
XVII CIRCUITO LARSA CORRE CON NÓS. ESTRADA RÍO RATO,2017-02-12,BENXAMÍN (08/09) E ALEVIN (06/07),81,75,0,156,mixto
XVII CIRCUITO LARSA CORRE CON NÓS. ESTRADA RÍO RATO,2017-02-12,INFANTIL (04/05) E CADETE (02/03),27,15,0,42,mixto
XVII CIRCUITO LARSA CORRE CON NÓS. FINAL ADULTOS,2017-06-04,ADULTOS (2001 E ANOS ANTERIORES),424,134,0,558,mixto
XVII CIRCUITO LARSA CORRE CON NÓS. NOCTURNA MONUMENTAL,2017-01-14,ADULTOS (2001 E ANOS ANTERIORES),605,219,0,824,mixto
XVII CIRCUITO LARSA CORRE CON NÓS. NOCTURNA MONUMENTAL,2017-01-14,ADULTOS (2001 E ANOS ANTERIORES) [Compensada],0,0,0,0,mixto
XVII CIRCUITO LARSA CORRE CON NÓS. NOCTURNA MONUMENTAL,2017-01-14,BENXAMÍN (08/09) E ALEVIN (06/07),88,88,0,176,mixto
XVII CIRCUITO LARSA CORRE CON NÓS. NOCTURNA MONUMENTAL,2017-01-14,INFANTIL (04/05) E CADETE (02/03),41,19,0,60,mixto
XVII CIRCUITO LARSA CORRE CON NÓS. PASEO DE OMBREIRO,2017-04-09,ADULTOS (2001 E ANOS ANTERIORES),409,130,0,539,mixto
XVII CIRCUITO LARSA CORRE CON NÓS. PASEO DE OMBREIRO,2017-04-09,ADULTOS (2001 E ANOS ANTERIORES) [Compensada],0,0,0,0,mixto
XVII CIRCUITO LARSA CORRE CON NÓS. PASEO DE OMBREIRO,2017-04-09,BENXAMÍN (08/09) E ALEVIN (06/07),46,48,0,94,mixto
XVII CIRCUITO LARSA CORRE CON NÓS. PASEO DE OMBREIRO,2017-04-09,INFANTIL (04/05) E CADETE (02/03),20,9,0,29,mixto
XVII CIRCUITO LARSA CORRE CON NÓS. RECINTO FEIRAL,2017-05-20,ADULTOS (2001 E ANOS ANTERIORES),336,110,0,446,mixto
XVII CIRCUITO LARSA CORRE CON NÓS. RECINTO FEIRAL,2017-05-20,ADULTOS (2001 E ANOS ANTERIORES) [Compensada],0,0,0,0,mixto
XVII CIRCUITO LARSA CORRE CON NÓS. RECINTO FEIRAL,2017-05-20,BENXAMÍN (08/09) E ALEVIN (06/07),37,38,0,75,mixto
XVII CIRCUITO LARSA CORRE CON NÓS. RECINTO FEIRAL,2017-05-20,CONTRARELOXO POR EQUIPOS FEMININOS,0,0,0,0,mixto
XVII CIRCUITO LARSA CORRE CON NÓS. RECINTO FEIRAL,2017-05-20,CONTRARELOXO POR EQUIPOS MASCULINOS,0,0,0,0,mixto
XVII CIRCUITO LARSA CORRE CON NÓS. RECINTO FEIRAL,2017-05-20,CONTRARELOXO POR EQUIPOS MIXTOS,0,0,0,0,mixto
XVII CIRCUITO LARSA CORRE CON NÓS. RECINTO FEIRAL,2017-05-20,INFANTIL (04/05) E CADETE (02/03),12,4,0,16,mixto
XVII CLÁSICA VILA DAS PONTES - DESAFÍO FRAGAS DO EUME 2014,2014-06-22,AS PONTES - ALTO DO CAXADO (2426 M. DESNIVEL ACUMULADO). DISTANCIA: 120 KM,0,0,0,0,mixto
XVII COPA ASTURIAS DE NATACIÓN DE AGUAS ABIERTAS,2015-08-01,COPA ASTURIAS,26,20,0,46,mixto
XVII CROSS POPULAR DO CONCELLO DE BOBORÁS (OURENSE),2017-01-15,CATEGORÍA 1 (2006 ATA 2010),12,11,0,23,mixto
XVII CROSS POPULAR DO CONCELLO DE BOBORÁS (OURENSE),2017-01-15,CATEGORÍA 2 E 3 (1999 ATA 2005),12,7,0,19,mixto
XVII CROSS POPULAR DO CONCELLO DE BOBORÁS (OURENSE),2017-01-15,CATEGORÍAS 4 E 5 (1998 E ANOS ANT.),191,43,0,234,mixto
XVII MEDIO MARATON GRAN BAHÍA VIG-BAY,2016-04-10,Equipos Femeninos,0,0,0,0,mixto
XVII MEDIO MARATON GRAN BAHÍA VIG-BAY,2016-04-10,Equipos Masculinos / Mixtos,0,0,0,0,mixto
XVII MEDIO MARATON GRAN BAHÍA VIG-BAY,2016-04-10,MEDIO MARATON,3402,636,0,4038,mixto
XVII MEDIO MARATON GRAN BAHÍA VIG-BAY,2016-04-10,MEDIO MARATON EN VEHÍCULO ADAPTADO,8,1,0,9,mixto
XVII MEMORIAL EDUARDO FERNÁNDEZ VILLAMARÍN 2020,2020-01-25,ABSOLUTA (2003 E ANTERIORES),290,61,0,351,mixto
XVII MEMORIAL EDUARDO FERNÁNDEZ VILLAMARÍN 2020,2020-01-25,CATEGORIA A (2012-2015),27,17,0,44,mixto
XVII MEMORIAL EDUARDO FERNÁNDEZ VILLAMARÍN 2020,2020-01-25,CATEGORIA B (2008-2011),24,18,0,42,mixto
XVII MEMORIAL EDUARDO FERNÁNDEZ VILLAMARÍN 2020,2020-01-25,CATEGORIA C (2004-2007),5,4,0,9,mixto
XVII SAN SILVESTRE POPULAR CIUDAD DE LEON,2013-12-29,PRUEBA ABSOLUTA. DISTANCIA: 6800 M,0,0,0,0,mixto
XVII Tríatlon Cidade de Ferrol,2017-08-05,A,110,0,0,110,mixto
XVII Tríatlon Cidade de Ferrol,2017-08-05,B,62,0,0,62,mixto
XVII Tríatlon Cidade de Ferrol,2017-08-05,General,0,35,0,35,mixto
XVII Tríatlon Cidade de Ferrol,2017-08-05,Popular,44,15,0,59,mixto
XVII Tríatlon Cidade de Pontevedra,2017-08-26,General,68,48,0,116,mixto
XVII Tríatlon Cidade de Pontevedra,2017-08-26,Mini,40,17,0,57,mixto
XVII Tríatlon Cidade de Pontevedra,2017-08-26,Paratriatlón,3,2,0,5,mixto
XVII Tríatlon Cidade de Pontevedra,2017-08-26,Sprint,162,12,0,174,mixto
XVIII CARREIRA CANON DO SIL,2025-10-19,C12K - 660m+ Xuvenil,4,0,0,4,mixto
XVIII CARREIRA CANON DO SIL,2025-10-19,C17K – 950m+,61,25,0,86,mixto
XVIII CARREIRA CANON DO SIL,2025-10-19,C33K - 2220m+,49,10,0,59,mixto
XVIII CARREIRA CANON DO SIL,2025-10-19,C7K - 370m+,4,6,0,10,mixto
XVIII CARREIRA CANON DO SIL,2025-10-19,C7K - 370m+ Cadete,4,2,0,6,mixto
XVIII CARREIRA NOCTURNA DE CELANOVA,2023-06-03,ABSOLUTA (2005 e anteriores),219,63,0,282,mixto
XVIII CARREIRA NOCTURNA DE CELANOVA,2023-06-03,SUB-14 (2010-2011) SUB-16 (2008-2009),18,16,0,34,mixto
XVIII CARREIRA NOCTURNA DE CELANOVA,2023-06-03,SUB10 (2014-2015),26,27,0,53,mixto
XVIII CARREIRA NOCTURNA DE CELANOVA,2023-06-03,SUB12 (2012-2013),17,20,0,37,mixto
XVIII CARREIRA NOCTURNA DE CELANOVA,2023-06-03,SUB8 (2016-2017),20,13,0,33,mixto
XVIII CARREIRA NOCTURNA VILAGARCIA,2022-07-30,ADULTOS,161,40,0,201,mixto
XVIII CARREIRA PEDESTRE DO NADAL CONCELLO SAN CIBRAO DAS VIÑAS,2019-12-15,PROBA DE 10 KM (NADOS/AS EN 1998 E ANOS ANTERIORES),288,104,0,392,mixto
XVIII CARREIRA PEDESTRE DO NADAL CONCELLO SAN CIBRAO DAS VIÑAS,2019-12-15,"PROBA DE 2,5 KM ( NADOS/AS ENTRE 2002 E 2011)",29,19,0,48,mixto
XVIII CARREIRA POPULAR CONCELLO DE ARTEIXO,2015-05-01,ABSOLUTA ( 1997 E ANTERIORES),711,125,0,836,mixto
XVIII CARREIRA POPULAR CONCELLO DE ARTEIXO,2015-05-01,BENXAMIN E ALEVIN (2004 A 2007),105,77,0,182,mixto
XVIII CARREIRA POPULAR CONCELLO DE ARTEIXO,2015-05-01,INFANTIL-CADETE-XUVENIL (1998-2003),42,58,0,100,mixto
XVIII CARREIRA POPULAR CONCELLO DE CARTELLE 2014,2014-08-16,PROBA ABSOLUTA. DISTANCIA: 10000 M,0,0,0,0,mixto
XVIII CARREIRA POPULAR DO CONCELLO DE ORDES 2013,2013-06-09,PROBA ABSOLUTA. DISTANCIA: 9500 M,0,0,0,0,mixto
XVIII CARREIRA POPULAR ROTA DO ROMÁNICO CONCELLO DE PANTON,2018-05-26,ABSOLUTA (2002 E ANTERIORES),66,14,0,80,mixto
XVIII CARREIRA POPULAR VILA DE CORCUBIÓN,2019-09-01,3K CONTRA O CANCRO (2003 E ANT.),70,66,0,136,mixto
XVIII CARREIRA POPULAR VILA DE CORCUBIÓN,2019-09-01,ABSOLUTA 10K (2003 E ANT.),144,35,0,179,mixto
XVIII CARREIRA POPULAR VILA DE CORCUBIÓN,2019-09-01,ALEVIN (2008-2009),15,16,0,31,mixto
XVIII CARREIRA POPULAR VILA DE CORCUBIÓN,2019-09-01,BENXAMIN (2010-2011),12,13,0,25,mixto
XVIII CARREIRA POPULAR VILA DE CORCUBIÓN,2019-09-01,"INFANTIL (06-07), CADETE (04-05) E XUVENIL (02-03)",24,22,0,46,mixto
XVIII CIRCUITO LARSA CORRE CON NÓS. CENTRO COMERCIAL AS TERMAS,2018-03-18,ADULTOS (2002 E ANOS ANTERIORES),425,146,0,571,mixto
XVIII CIRCUITO LARSA CORRE CON NÓS. CENTRO COMERCIAL AS TERMAS,2018-03-18,ADULTOS (2002 E ANOS ANTERIORES) [Compensada],0,0,0,0,mixto
XVIII CIRCUITO LARSA CORRE CON NÓS. CENTRO COMERCIAL AS TERMAS,2018-03-18,BENXAMÍN (09/10) E ALEVIN (07/08),63,51,0,114,mixto
XVIII CIRCUITO LARSA CORRE CON NÓS. CENTRO COMERCIAL AS TERMAS,2018-03-18,INFANTIL (05/06) E CADETE (03/04),19,11,0,30,mixto
XVIII CIRCUITO LARSA CORRE CON NÓS. ESTRADA RÍO RATO,2018-02-18,ADULTOS (2002 E ANOS ANTERIORES),469,186,0,655,mixto
XVIII CIRCUITO LARSA CORRE CON NÓS. ESTRADA RÍO RATO,2018-02-18,ADULTOS (2002 E ANOS ANTERIORES) [Compensada],0,0,0,0,mixto
XVIII CIRCUITO LARSA CORRE CON NÓS. ESTRADA RÍO RATO,2018-02-18,BENXAMÍN (09/10) E ALEVIN (07/08),70,63,0,133,mixto
XVIII CIRCUITO LARSA CORRE CON NÓS. ESTRADA RÍO RATO,2018-02-18,INFANTIL (05/06) E CADETE (03/04),33,17,0,50,mixto
XVIII CIRCUITO LARSA CORRE CON NÓS. FINALES MENORES / ADULTOS PARQUE DE FRIGSA,2018-06-10,ADULTOS (2002 E ANOS ANTERIORES),313,105,0,418,mixto
XVIII CIRCUITO LARSA CORRE CON NÓS. FINALES MENORES / ADULTOS PARQUE DE FRIGSA,2018-06-10,ADULTOS (2002 E ANOS ANTERIORES) [Compensada],0,0,0,0,mixto
XVIII CIRCUITO LARSA CORRE CON NÓS. FINALES MENORES / ADULTOS PARQUE DE FRIGSA,2018-06-10,BENXAMÍN (09/10) E ALEVIN (07/08),45,36,0,81,mixto
XVIII CIRCUITO LARSA CORRE CON NÓS. FINALES MENORES / ADULTOS PARQUE DE FRIGSA,2018-06-10,INFANTIL (05/06) E CADETE (03/04),18,7,0,25,mixto
XVIII CIRCUITO LARSA CORRE CON NÓS. NOCTURNA MONUMENTAL,2018-01-20,ADULTOS (2002 E ANOS ANTERIORES),530,219,0,749,mixto
XVIII CIRCUITO LARSA CORRE CON NÓS. NOCTURNA MONUMENTAL,2018-01-20,ADULTOS (2002 E ANOS ANTERIORES) [Compensada],0,0,0,0,mixto
XVIII CIRCUITO LARSA CORRE CON NÓS. NOCTURNA MONUMENTAL,2018-01-20,BENXAMÍN (09/10) E ALEVIN (07/08),63,54,0,117,mixto
XVIII CIRCUITO LARSA CORRE CON NÓS. NOCTURNA MONUMENTAL,2018-01-20,INFANTIL (05/06) E CADETE (03/04),24,12,0,36,mixto
XVIII CIRCUITO LARSA CORRE CON NÓS. PASEO OMBREIRO (SAAMASAS-ANXO CARRO),2018-04-15,ADULTOS (2002 E ANOS ANTERIORES),401,159,0,560,mixto
XVIII CIRCUITO LARSA CORRE CON NÓS. PASEO OMBREIRO (SAAMASAS-ANXO CARRO),2018-04-15,ADULTOS (2002 E ANOS ANTERIORES) [Compensada],0,0,0,0,mixto
XVIII CIRCUITO LARSA CORRE CON NÓS. PASEO OMBREIRO (SAAMASAS-ANXO CARRO),2018-04-15,BENXAMÍN (09/10) E ALEVIN (07/08),53,51,0,104,mixto
XVIII CIRCUITO LARSA CORRE CON NÓS. PASEO OMBREIRO (SAAMASAS-ANXO CARRO),2018-04-15,INFANTIL (05/06) E CADETE (03/04),18,16,0,34,mixto
XVIII CIRCUITO LARSA CORRE CON NÓS. RECINTO FEIRAL PAZO FEIRAS E EXPOSICIONS,2018-05-19,ADULTOS (2002 E ANOS ANTERIORES),276,101,0,377,mixto
XVIII CIRCUITO LARSA CORRE CON NÓS. RECINTO FEIRAL PAZO FEIRAS E EXPOSICIONS,2018-05-19,ADULTOS (2002 E ANOS ANTERIORES) [Compensada],0,0,0,0,mixto
XVIII CIRCUITO LARSA CORRE CON NÓS. RECINTO FEIRAL PAZO FEIRAS E EXPOSICIONS,2018-05-19,BENXAMÍN (09/10) E ALEVIN (07/08),42,27,0,69,mixto
XVIII CIRCUITO LARSA CORRE CON NÓS. RECINTO FEIRAL PAZO FEIRAS E EXPOSICIONS,2018-05-19,INFANTIL (05/06) E CADETE (03/04),15,5,0,20,mixto
XVIII CIRCUITO LARSA CORRE CON NÓS. RECINTO FEIRAL PAZO FEIRAS E EXPOSICIONS,2018-05-19,RELEVOS EQUIPOS FEMENINOS,0,0,0,0,mixto
XVIII CIRCUITO LARSA CORRE CON NÓS. RECINTO FEIRAL PAZO FEIRAS E EXPOSICIONS,2018-05-19,RELEVOS EQUIPOS MASCULINOS,0,0,0,0,mixto
XVIII CIRCUITO LARSA CORRE CON NÓS. RECINTO FEIRAL PAZO FEIRAS E EXPOSICIONS,2018-05-19,RELEVOS EQUIPOS MIXTOS,0,0,0,0,mixto
"XVIII CLÁSICA VILA DE AS PONTES ""DESAFÍO FRAGAS DO EUME""",2015-06-21,MARCHA CICLOTURISTA,238,3,0,241,mixto
XVIII COPA ASTURIAS DE NATACIÓN DE AGUAS ABIERTAS,2016-08-06,COPA ASTURIAS,26,16,0,42,mixto
XVIII CRONOESCALADA BREAMO,2025-09-09,CRONOESCALADA,50,4,0,54,mixto
XVIII CROSS POPULAR DO CONCELLO DE BOBORÁS (OURENSE),2018-01-21,PERCORRIDO DE 1500 METROS (2007 A 2010),8,1,0,9,mixto
XVIII CROSS POPULAR DO CONCELLO DE BOBORÁS (OURENSE),2018-01-21,PERCORRIDO DE 4500 METROS (1999 A 2006),7,5,0,12,mixto
XVIII CROSS POPULAR DO CONCELLO DE BOBORÁS (OURENSE),2018-01-21,PERCORRIDO DE 7400 METROS (1998 E ANT),174,55,0,229,mixto
XVIII MEDIO MARATON GRAN BAHÍA VIG-BAY,2017-04-02,Equipos Femeninos,0,0,0,0,mixto
XVIII MEDIO MARATON GRAN BAHÍA VIG-BAY,2017-04-02,Equipos Masculinos / Mixtos,0,0,0,0,mixto
XVIII MEDIO MARATON GRAN BAHÍA VIG-BAY,2017-04-02,HANDBIKE Y TRICICLO,10,2,0,12,mixto
XVIII MEDIO MARATON GRAN BAHÍA VIG-BAY,2017-04-02,JOELETTE,2,0,0,2,mixto
XVIII MEDIO MARATON GRAN BAHÍA VIG-BAY,2017-04-02,MEDIO MARATON,3562,681,0,4243,mixto
XVIII MEDIO MARATON GRAN BAHÍA VIG-BAY,2017-04-02,RUNRUNVIGO,3557,678,0,4235,mixto
XVIII MEDIO MARATON GRAN BAHÍA VIG-BAY,2017-04-02,RUNRUNVIGO [Compensada],3557,678,0,4235,mixto
XVIII SAN SILVESTRE CLUB FLUVIAL DE LUGO,2012-12-31,DISTANCIA 6500m,0,0,0,0,mixto
XVIII SAN SILVESTRE POPULAR CIUDAD DE LEON,2014-12-28,PRUEBA ABSOLUTA. DISTANCIA: 7000 M,0,0,0,0,mixto
XVIII TRAVESIA INTEGRAL DE LOS MONTES AQUILIANOS. 2013 47KM,2013-06-01,47000 M,0,0,0,0,mixto
XVIII TRAVESIA INTEGRAL DE LOS MONTES AQUILIANOS. 2013 62KM,2013-06-01,62000 M,0,0,0,0,mixto
XVIII Tríatlon Cidade de Ferrol,2018-08-19,Campionato Galego,0,0,0,0,mixto
XVIII Tríatlon Cidade de Ferrol,2018-08-19,Campionato Galego Feminino,0,0,0,0,mixto
XVIII Tríatlon Cidade de Ferrol,2018-08-19,Mini Sprint,0,0,0,0,mixto
XVIII Tríatlon Cidade de Ferrol,2018-08-19,Sprint,0,0,0,0,mixto
XVIII Tríatlon Cidade de Pontevedra,2018-06-23,General,0,0,0,0,mixto
XVIII Tríatlon Cidade de Pontevedra,2018-06-23,ParaTriatlón PTS2,1,0,0,1,mixto
XVIII Tríatlon Cidade de Pontevedra,2018-06-23,ParaTriatlón PTS4,1,0,0,1,mixto
XVIII Tríatlon Cidade de Pontevedra,2018-06-23,ParaTriatlón PTSVI,0,1,0,1,mixto
XVIII Tríatlon Cidade de Pontevedra,2018-06-23,ParaTriatlón PTSWC,2,0,0,2,mixto
XVIII Tríatlon Cidade de Pontevedra,2018-06-23,Popular,0,0,0,0,mixto
XVIII Tríatlon Cidade de Pontevedra,2018-06-23,con Corte,79,0,0,79,mixto
XVIII Tríatlon Cidade de Pontevedra,2018-06-23,sin Corte,0,0,0,0,mixto
XVIª CARREIRA POPULAR XVª ANDAINA MASIDE,2023-09-17,ABSOLUTA (2007 e anteriores),60,14,0,74,mixto
XVIª CARREIRA POPULAR XVª ANDAINA MASIDE,2023-09-17,MOZOS (2008-2010),3,0,0,3,mixto
XVª CARREIRA POPULAR XIVª ANDAINA MASIDE,2022-09-18,ABSOLUTA (2006 e anteriores),71,9,0,80,mixto
XVª CARREIRA POPULAR XIVª ANDAINA MASIDE,2022-09-18,MOZOS (2007-2009),3,3,0,6,mixto
XX CARREIRA POPULAR CONCELLO DE CARTELLE,2016-08-13,ABSOLUTA ( 2000 E ANOS ANT.),74,18,0,92,mixto
XX CARREIRA POPULAR DO CONCELLO DE ORDES,2015-03-01,ABSOLUTA (1999 E ANTERIORES),263,46,0,309,mixto
XX CARREIRA POPULAR ROTA DO ROMÁNICO CONCELLO DE PANTON,2022-10-09,ABSOLUTA (2006 e anteriores),64,19,0,83,mixto
XX CARREIRA POPULAR ROTA DO ROMÁNICO CONCELLO DE PANTON,2022-10-09,CATEGORIA A (2015-2017),17,13,0,30,mixto
XX CARREIRA POPULAR ROTA DO ROMÁNICO CONCELLO DE PANTON,2022-10-09,CATEGORIA B (2013-2014)-CATEGORIA C (2010-2012),21,19,0,40,mixto
XX CARREIRA POPULAR ROTA DO ROMÁNICO CONCELLO DE PANTON,2022-10-09,CATEGORIA D (2007-2009),2,2,0,4,mixto
XX CARRERA POPULAR CONCELLO DE ARTEIXO,2017-05-01,ABSOLUTA (1999 E ANTERIORES),546,138,0,684,mixto
XX CARRERA POPULAR CONCELLO DE ARTEIXO,2017-05-01,BENXAMIN / ALEVIN (2006-2009),138,116,0,254,mixto
XX CARRERA POPULAR CONCELLO DE ARTEIXO,2017-05-01,HANDBIKE / SILLA DE ATLETISMO,5,0,0,5,mixto
XX CARRERA POPULAR CONCELLO DE ARTEIXO,2017-05-01,INFANTIL / CADETE / XUVENIL (2000-2005),59,28,0,87,mixto
XX CARRERA POPULAR LA ANTIGUA - VALLADOLID 2014,2014-05-11,CARRERA POPULAR. DISTANCIA: 8200 M,0,0,0,0,mixto
XX CROSS POPULAR DO CONCELLO DE BOBORÁS (OURENSE),2020-01-19,PERCORRIDO DE 1500 METROS (2009 A 2012),10,4,0,14,mixto
XX CROSS POPULAR DO CONCELLO DE BOBORÁS (OURENSE),2020-01-19,PERCORRIDO DE 4500 METROS (2001 A 2008),2,2,0,4,mixto
XX CROSS POPULAR DO CONCELLO DE BOBORÁS (OURENSE),2020-01-19,PERCORRIDO DE 7400 METROS (2000 E ANT),146,57,0,203,mixto
XX Copa Asturias de Aguas Abiertas/ Leg 4 LEN OPEN WATER SWIMMING CUP,2018-07-28,COPA ASTURIAS,23,13,0,36,mixto
XX EDICIÓN DA CARRERIA NOCTURNA CONCELLO DE VILAGARCÍA 2024,2024-07-27,10Km (2008 e anteriores),157,46,0,203,mixto
XX MEDIO MARATÓN PONTEVEDRA 2015,2015-10-18,EQUIPOS MIXTOS DE 3 (MM PONTEVEDRA),0,0,0,0,mixto
XX MEDIO MARATÓN PONTEVEDRA 2015,2015-10-18,MEDIO MARATON,1331,148,0,1479,mixto
XX MEDIO MARATÓN PONTEVEDRA 2015,2015-10-18,MEDIO MARATON CCCP,238,39,0,277,mixto
XX MEDIO MARATÓN PONTEVEDRA 2015,2015-10-18,MEDIO MARATON CCCP [Compensada],238,39,0,277,mixto
XX MEMORIAL EDUARDO FERNÁNDEZ VILLAMARÍN 2023,2023-01-21,ABSOLUTA (2006 e anteriores),247,57,0,304,mixto
XX MEMORIAL EDUARDO FERNÁNDEZ VILLAMARÍN 2023,2023-01-21,CATEGORIA A (2015-2018),22,8,0,30,mixto
XX MEMORIAL EDUARDO FERNÁNDEZ VILLAMARÍN 2023,2023-01-21,CATEGORIA B (2011-2014),32,22,0,54,mixto
XX MEMORIAL EDUARDO FERNÁNDEZ VILLAMARÍN 2023,2023-01-21,CATEGORIA C (2007-2010),17,10,0,27,mixto
XX MILLA VILA DE SANXENXO,2019-09-01,ALEVIN (2008-2009),21,19,0,40,mixto
XX MILLA VILA DE SANXENXO,2019-09-01,BENXAMIN (2010-2011),18,19,0,37,mixto
XX MILLA VILA DE SANXENXO,2019-09-01,CADETE (2004-2005),13,8,0,21,mixto
XX MILLA VILA DE SANXENXO,2019-09-01,ELITE MILLA CONCELLO DE SANXENXO (2001 E ANTERIORES),11,10,0,21,mixto
XX MILLA VILA DE SANXENXO,2019-09-01,INFANTIL (2006-2007),10,16,0,26,mixto
XX MILLA VILA DE SANXENXO,2019-09-01,PREBENXAMIN FEM (2012-2019),0,26,0,26,mixto
XX MILLA VILA DE SANXENXO,2019-09-01,PREBENXAMIN MASC (2012-2019),34,0,0,34,mixto
XX MILLA VILA DE SANXENXO,2019-09-01,PROMESA/SENIOR (1980-2001),23,13,0,36,mixto
XX MILLA VILA DE SANXENXO,2019-09-01,VETERANOS A (1969-1979),30,10,0,40,mixto
XX MILLA VILA DE SANXENXO,2019-09-01,VETERANOS B (1968 E ANTERIORES),24,4,0,28,mixto
XX MILLA VILA DE SANXENXO,2019-09-01,XUVENIL/JUNIOR (2002-2003),1,3,0,4,mixto
XX SAN SILVESTRE POPULAR CIUDAD DE LEÓN,2016-12-26,CARRERA DE 7 KM (MAYORES DE 15 AÑOS),771,308,0,1079,mixto
XX TRAVESÍA A NADO RÍA DE VIGO 2022,2022-08-07,1200M INF/ALV,6,9,0,15,mixto
XX TRAVESÍA A NADO RÍA DE VIGO 2022,2022-08-07,BENJAMIN 400m ( 2012-2013; 2010-2011,4,2,0,6,mixto
XX TRAVESÍA A NADO RÍA DE VIGO 2022,2022-08-07,MÁSTER/POPULAR 3200m (2002 y anteriores),82,20,0,102,mixto
XX TRAVESÍA A NADO RÍA DE VIGO 2022,2022-08-07,REMUDAS 4X400M,9,0,0,9,mixto
XX TRAVESÍA A NADO RÍA DE VIGO 2022,2022-08-07,ÉLITE 3200m (2008 e anteriores),15,14,0,29,mixto
XX TRAVESÍA INTEGRAL DE LOS MONTES AQUILIANOS,2015-06-06,"RECORRIDO ""A"" ( 60 KM )",170,19,0,189,mixto
XX TRAVESÍA INTEGRAL DE LOS MONTES AQUILIANOS,2015-06-06,"RECORRIDO ""B"" ( 47 KM )",231,118,0,349,mixto
XX TRÍATLON CIDADE DE FERROL (CPTO XUNTA DE GALICIA TRÍATLON ) E PROBA POPULAR ABERTA SPRINT,2022-09-03,CPTO,67,26,0,93,mixto
XX TRÍATLON CIDADE DE FERROL (CPTO XUNTA DE GALICIA TRÍATLON ) E PROBA POPULAR ABERTA SPRINT,2022-09-03,General,69,28,0,97,mixto
XX TRÍATLON CIDADE DE FERROL (CPTO XUNTA DE GALICIA TRÍATLON ) E PROBA POPULAR ABERTA SPRINT,2022-09-03,POPULAR,68,1,0,69,mixto
XX TRÍATLON CIDADE DE PONTEVEDRA,2021-08-21,INDIVIDUAL,0,36,0,36,mixto
XX TRÍATLON CIDADE DE PONTEVEDRA. REMUDAS MIXTAS,2021-08-21,REMUDAS MIXTAS,0,0,0,0,mixto
XXI CARREIRA POPULAR CONCELLO DE CARTELLE,2017-08-19,ABSOLUTA (2001 Y ANTERIORES),83,11,0,94,mixto
XXI CARREIRA POPULAR CONCELLO DE CARTELLE,2017-08-19,ALEVIN (2006-2007),12,13,0,25,mixto
XXI CARREIRA POPULAR CONCELLO DE CARTELLE,2017-08-19,BENXAMIN (2008-2009),6,7,0,13,mixto
XXI CARREIRA POPULAR CONCELLO DE CARTELLE,2017-08-19,CADETE (2002-2003),4,2,0,6,mixto
XXI CARREIRA POPULAR CONCELLO DE CARTELLE,2017-08-19,INFANTIL (2004-2005),5,5,0,10,mixto
XXI CARREIRA POPULAR CONCELLO DE CARTELLE,2017-08-19,PRE-BENXAMIN (2010-2012),11,10,0,21,mixto
XXI CARREIRA POPULAR ROTA DO ROMÁNICO CONCELLO DE PANTON,2023-05-27,ABSOLUTA (2007 e anteriores),68,25,0,93,mixto
XXI CARREIRA POPULAR ROTA DO ROMÁNICO CONCELLO DE PANTON,2023-05-27,CATEGORIA A (2016-2018),10,3,0,13,mixto
XXI CARREIRA POPULAR ROTA DO ROMÁNICO CONCELLO DE PANTON,2023-05-27,CATEGORIA B (2014-2015)/CATEGORIA C (2011-2013),10,10,0,20,mixto
XXI CARREIRA POPULAR ROTA DO ROMÁNICO CONCELLO DE PANTON,2023-05-27,CATEGORIA D (2008-2010),0,2,0,2,mixto
XXI CARRERA POPULAR CONCELLO DE ARTEIXO,2018-05-01,ABSOLUTA (2000 E ANTERIORES),646,149,0,795,mixto
XXI CARRERA POPULAR CONCELLO DE ARTEIXO,2018-05-01,BENXAMIN / ALEVIN (2007-2010),141,147,0,288,mixto
XXI CARRERA POPULAR CONCELLO DE ARTEIXO,2018-05-01,HANDBIKE / SILLA DE ATLETISMO,3,0,0,3,mixto
XXI CARRERA POPULAR CONCELLO DE ARTEIXO,2018-05-01,INFANTIL / CADETE / XUVENIL (2001-2006),58,48,0,106,mixto
XXI CARRERA POPULAR DE LA ANTIGUA GRAN PREMIO LABORAL KUTXA - Memorial Felipe Méndez,2015-05-03,CARRERA POPULAR (16 AÑOS EN ADELANTE),475,108,0,583,mixto
XXI CROSS POPULAR DO CONCELLO DE BOBORÁS (OURENSE),2023-01-22,PERCORRIDO 1500M (2012-2015),5,3,0,8,mixto
XXI CROSS POPULAR DO CONCELLO DE BOBORÁS (OURENSE),2023-01-22,PERCORRIDO 4500M (2004-2011),9,3,0,12,mixto
XXI CROSS POPULAR DO CONCELLO DE BOBORÁS (OURENSE),2023-01-22,PERCORRIDO 7400M (2003 e anteriores),64,13,0,77,mixto
XXI Copa Asturias de Aguas Abiertas/ Etapa 13ª V Copa de España de Natación de Aguas Abiertas Open,2019-08-03,INDIVIDUAL (2005 Y AÑOS ANTERIORES),49,16,0,65,mixto
XXI Copa Asturias de Aguas Abiertas/ Etapa 13ª V Copa de España de Natación de Aguas Abiertas Open,2019-08-03,RELEVOS POR EQUIPOS MIXTOS,0,0,0,0,mixto
XXI MEMORIAL EDUARDO FERNÁNDEZ VILLAMARÍN 2024,2024-01-27,ABSOLUTA (2007 e anteriores),222,56,0,278,mixto
XXI MEMORIAL EDUARDO FERNÁNDEZ VILLAMARÍN 2024,2024-01-27,CATEGORIA A (2016-2019),16,15,0,31,mixto
XXI MEMORIAL EDUARDO FERNÁNDEZ VILLAMARÍN 2024,2024-01-27,CATEGORIA B (2012-2015),35,25,0,60,mixto
XXI MEMORIAL EDUARDO FERNÁNDEZ VILLAMARÍN 2024,2024-01-27,CATEGORIA C (2008-2011),17,12,0,29,mixto
XXI MILLA VILA DE SANXENXO,2021-08-29,Alevín (2010-2011),21,11,0,32,mixto
XXI MILLA VILA DE SANXENXO,2021-08-29,Benxamin (2012-2013),11,17,0,28,mixto
XXI MILLA VILA DE SANXENXO,2021-08-29,Cadete (2006-2007),7,8,0,15,mixto
XXI MILLA VILA DE SANXENXO,2021-08-29,Elite Milla Sanxenxo (2003 e anteriores),10,5,0,15,mixto
XXI MILLA VILA DE SANXENXO,2021-08-29,Infantil (2008-2009),14,6,0,20,mixto
XXI MILLA VILA DE SANXENXO,2021-08-29,Prebenxamin (2014-2021),30,13,0,43,mixto
XXI MILLA VILA DE SANXENXO,2021-08-29,Veteranos A (1971-1981),28,4,0,32,mixto
XXI MILLA VILA DE SANXENXO,2021-08-29,Veteranos B (1970 e anteriores),19,2,0,21,mixto
XXI MILLA VILA DE SANXENXO,2021-08-29,Xuvenil-Junior (2004-2005) / Promesa-Senior (1982-2003),32,13,0,45,mixto
XXI Medio Maratón - II Maratón Gran Bahía VIG-BAY,2022-04-10,Equipos Femeninos,0,0,0,0,mixto
XXI Medio Maratón - II Maratón Gran Bahía VIG-BAY,2022-04-10,Equipos Masculinos / Mixtos,0,0,0,0,mixto
XXI Medio Maratón - II Maratón Gran Bahía VIG-BAY,2022-04-10,MARATON,319,19,0,338,mixto
XXI Medio Maratón - II Maratón Gran Bahía VIG-BAY,2022-04-10,"MARATON TRICICLO, HANDBIKE Y JOELETTE",2,1,0,3,mixto
XXI Medio Maratón - II Maratón Gran Bahía VIG-BAY,2022-04-10,"MEDIO MARATON TRICICLO, HANDBIKE Y JOELETTE",26,11,0,37,mixto
XXI Medio Maratón - II Maratón Gran Bahía VIG-BAY,2022-04-10,MEDIO MARATÓN,2845,621,0,3466,mixto
XXI Medio Maratón - II Maratón Gran Bahía VIG-BAY,2022-04-10,MINIBAY,273,273,0,546,mixto
XXI Medio Maratón de Pontevedra CaixaBank 2016,2016-10-16,ABSOLUTA CCCP,210,35,0,245,mixto
XXI Medio Maratón de Pontevedra CaixaBank 2016,2016-10-16,ABSOLUTA CCCP [Compensada],210,35,0,245,mixto
XXI Medio Maratón de Pontevedra CaixaBank 2016,2016-10-16,Campionato de Galicia de Medio Maratón Pontevedra 2016,265,35,0,300,mixto
XXI Medio Maratón de Pontevedra CaixaBank 2016,2016-10-16,EQUIPOS MIXTOS DE 3 (MM PONTEVEDRA),0,0,0,0,mixto
XXI Medio Maratón de Pontevedra CaixaBank 2016,2016-10-16,XXI Medio Maratón de Pontevedra CaixaBank 2016,1242,145,0,1387,mixto
XXI SAN SILVESTRE POPULAR CIUDAD DE LEÓN,2017-12-30,CARRERA DE 7 KM (MAYORES DE 15 AÑOS),783,308,0,1091,mixto
XXI TRAVESÍA A NADO RÍA DE VIGO 2023,2023-08-05,"BENJAMIN ( 2013-2014, 2011-2012)",5,1,0,6,mixto
XXI TRAVESÍA A NADO RÍA DE VIGO 2023,2023-08-05,ELITE (2009 y anteriores),14,6,0,20,mixto
XXI TRAVESÍA A NADO RÍA DE VIGO 2023,2023-08-05,INFANTIL ALEVIN,9,6,0,15,mixto
XXI TRAVESÍA A NADO RÍA DE VIGO 2023,2023-08-05,MASTER/POPULAR (2003 y anteriores),97,25,0,122,mixto
XXI TRAVESÍA A NADO RÍA DE VIGO 2023,2023-08-05,RELEVOS MIXTOS,5,0,0,5,mixto
XXI TRAVESÍA INTEGRAL DE LOS MONTES AQUILIANOS,2016-06-04,"RECORRIDO ""A"" (60 KM Y DESNIVELES ACUMULADOS DE +3227 M Y -3227 M)",179,26,0,205,mixto
XXI TRAVESÍA INTEGRAL DE LOS MONTES AQUILIANOS,2016-06-04,"RECORRIDO ""B"" (47 KM Y DESNIVELES ACUMULADOS DE +1838 M Y -1838 M)",188,71,0,259,mixto
XXI TRÍATLON CIDADE DE FERROL (CPTO XUNTA DE GALICIA TRÍATLON ) E PROBA POPULAR ABERTA SPRINT,2023-08-26,CPTO,84,34,0,118,mixto
XXI TRÍATLON CIDADE DE FERROL (CPTO XUNTA DE GALICIA TRÍATLON ) E PROBA POPULAR ABERTA SPRINT,2023-08-26,General,87,37,0,124,mixto
XXI TRÍATLON CIDADE DE FERROL (CPTO XUNTA DE GALICIA TRÍATLON ) E PROBA POPULAR ABERTA SPRINT,2023-08-26,POPULAR,59,6,0,65,mixto
XXII CARREIRA POPULAR BETANZOS FESTAS SAN ROQUE 2022,2022-08-14,ABSOLUTA (2006 e anteriores),54,19,0,73,mixto
XXII CARREIRA POPULAR CONCELLO DE CARTELLE,2018-08-18,ABSOLUTA (2002 Y ANTERIORES),69,5,0,74,mixto
XXII CARREIRA POPULAR CONCELLO DE CARTELLE,2018-08-18,ALEVIN (2007-2008),10,5,0,15,mixto
XXII CARREIRA POPULAR CONCELLO DE CARTELLE,2018-08-18,BENXAMIN (2009-2010),9,3,0,12,mixto
XXII CARREIRA POPULAR CONCELLO DE CARTELLE,2018-08-18,CADETE (2003-2004),4,2,0,6,mixto
XXII CARREIRA POPULAR CONCELLO DE CARTELLE,2018-08-18,INFANTIL (2005-2006),4,10,0,14,mixto
XXII CARREIRA POPULAR CONCELLO DE CARTELLE,2018-08-18,PRE-BENXAMIN (2011-2013),12,10,0,22,mixto
XXII CARREIRA POPULAR DE CARRAL,2015-11-22,ABSOLUTA (1999 E ANTERIORES),144,29,0,173,mixto
XXII CARREIRA POPULAR DE CARRAL,2015-11-22,BENXAMIN-ALEVIN (2004 A 2007),6,7,0,13,mixto
XXII CARREIRA POPULAR DE CARRAL,2015-11-22,INFANTIL-CADETE (2000 A 2003),2,3,0,5,mixto
XXII CARREIRA POPULAR DOS VILARES 2012,2012-08-11,ADULTOS. Distancia: 5000 m,0,0,0,0,mixto
XXII CARREIRA POPULAR ROTA DO ROMÁNICO CONCELLO DE PANTON,2024-05-26,ABSOLUTA (2008 e anteriores),71,27,0,98,mixto
XXII CARREIRA POPULAR ROTA DO ROMÁNICO CONCELLO DE PANTON,2024-05-26,CATEGORIA A (2017-2019,14,7,0,21,mixto
XXII CARREIRA POPULAR ROTA DO ROMÁNICO CONCELLO DE PANTON,2024-05-26,CATEGORIA B (2015-2016) CATEGORIA C (2012-2014),14,9,0,23,mixto
XXII CARREIRA POPULAR ROTA DO ROMÁNICO CONCELLO DE PANTON,2024-05-26,CATEGORIA D (2009-2011),1,7,0,8,mixto
XXII CARRERA POPULAR CONCELLO DE ARTEIXO,2019-05-01,ABSOLUTA (2001 E ANTERIORES),615,147,0,762,mixto
XXII CARRERA POPULAR CONCELLO DE ARTEIXO,2019-05-01,ALEVÍN (2008-2009),56,71,0,127,mixto
XXII CARRERA POPULAR CONCELLO DE ARTEIXO,2019-05-01,BENXAMÍN (2010-2011),76,72,0,148,mixto
XXII CARRERA POPULAR CONCELLO DE ARTEIXO,2019-05-01,HANDBIKE / SILLA DE ATLETISMO,4,0,0,4,mixto
XXII CARRERA POPULAR CONCELLO DE ARTEIXO,2019-05-01,INFANTIL / CADETE / XUVENIL (2002-2007),64,67,0,131,mixto
XXII COPA ASTURIAS DE NATACIÓN DE AA/9ª ETAPA DE LA COPA DE ESPAÑA DE AA/CTO ASTURIAS AA,2021-08-21,2500,58,24,0,82,mixto
XXII COPA ASTURIAS DE NATACIÓN DE AA/9ª ETAPA DE LA COPA DE ESPAÑA DE AA/CTO ASTURIAS AA,2021-08-21,7500,26,17,0,43,mixto
XXII COPA ASTURIAS DE NATACIÓN DE AA/9ª ETAPA DE LA COPA DE ESPAÑA DE AA/CTO ASTURIAS AA,2021-08-21,CAMPEONATO ASTURIAS 2500,9,2,0,11,mixto
XXII COPA ASTURIAS DE NATACIÓN DE AA/9ª ETAPA DE LA COPA DE ESPAÑA DE AA/CTO ASTURIAS AA,2021-08-21,CAMPEONATO ASTURIAS 7500,6,1,0,7,mixto
XXII COPA ASTURIAS DE NATACIÓN DE AA/9ª ETAPA DE LA COPA DE ESPAÑA DE AA/CTO ASTURIAS AA,2021-08-21,COPA ESPAÑA 2500,49,22,0,71,mixto
XXII COPA ASTURIAS DE NATACIÓN DE AA/9ª ETAPA DE LA COPA DE ESPAÑA DE AA/CTO ASTURIAS AA,2021-08-21,COPA ESPAÑA 7500,13,12,0,25,mixto
XXII CROSS POPULAR DO CONCELLO DE BOBORÁS (OURENSE),2024-01-21,ADULTOS (2004 e anteriores),92,22,0,114,mixto
XXII CROSS POPULAR DO CONCELLO DE BOBORÁS (OURENSE),2024-01-21,SUB10 e SUB 12 (2013 a 2016),6,6,0,12,mixto
XXII CROSS POPULAR DO CONCELLO DE BOBORÁS (OURENSE),2024-01-21,SUB14-16-18-20 (2005 a 2012),6,1,0,7,mixto
XXII DESAFÍO FRAGAS DO EUME - CLÁSICA VILA DE AS PONTES,2019-06-23,RECORRIDO COMPLETO,145,0,0,145,mixto
XXII DESAFÍO FRAGAS DO EUME - CLÁSICA VILA DE AS PONTES,2019-06-23,RECORRIDO REDUCIDO,13,1,0,14,mixto
XXII MEMORIAL ADOLFO ROS - VOLTA A RIA 2007,2007-12-02,MEDIA MARATON. Distancia: 21097 m,0,0,0,0,mixto
XXII MEMORIAL ADOLFO ROS - VOLTA A RIA 2007,2007-12-02,MM CADEIRA DE RODAS. Distancia: 21097 m,0,0,0,0,mixto
XXII MILLA VILA DE SANXENXO,2022-08-28,ALEVIN (2011-2012),20,17,0,37,mixto
XXII MILLA VILA DE SANXENXO,2022-08-28,BENXAMIN,23,22,0,45,mixto
XXII MILLA VILA DE SANXENXO,2022-08-28,CADETE (2007-2008),14,13,0,27,mixto
XXII MILLA VILA DE SANXENXO,2022-08-28,ELITE,11,7,0,18,mixto
XXII MILLA VILA DE SANXENXO,2022-08-28,INFANTIL (2009-2010),19,19,0,38,mixto
XXII MILLA VILA DE SANXENXO,2022-08-28,PREBENXAMIN,33,23,0,56,mixto
XXII MILLA VILA DE SANXENXO,2022-08-28,VETERANOS A Y B,52,11,0,63,mixto
XXII MILLA VILA DE SANXENXO,2022-08-28,XUV/JUN/PRM/SEN,28,10,0,38,mixto
XXII Medio Maratón Gran Bahía VIG-BAY,2023-03-26,Equipos Femeninos,0,0,0,0,mixto
XXII Medio Maratón Gran Bahía VIG-BAY,2023-03-26,Equipos Masculinos / Mixtos,0,0,0,0,mixto
XXII Medio Maratón Gran Bahía VIG-BAY,2023-03-26,MEDIO MARATON (Tiempo Neto),2341,513,0,2854,mixto
XXII Medio Maratón Gran Bahía VIG-BAY,2023-03-26,"MEDIO MARATON TRICICLO, HANDBIKE Y JOELETTE",24,17,0,41,mixto
XXII Medio Maratón Gran Bahía VIG-BAY,2023-03-26,MINIBAY,279,266,0,545,mixto
XXII Medio Maratón de Pontevedra CaixaBank 2017,2017-10-22,Absoluta,1038,108,0,1146,mixto
XXII Medio Maratón de Pontevedra CaixaBank 2017,2017-10-22,Absoluta CCCP,186,31,0,217,mixto
XXII Medio Maratón de Pontevedra CaixaBank 2017,2017-10-22,Absoluta CCCP [Compensada],186,31,0,217,mixto
XXII Medio Maratón de Pontevedra CaixaBank 2017,2017-10-22,EQUIPOS MIXTOS DE 3 (MM PONTEVEDRA),0,0,0,0,mixto
XXII SAN SILVESTRE POPULAR CIUDAD DE LEÓN,2018-12-30,CARRERA DE 7 KM (MAYORES DE 15 AÑOS),858,405,0,1263,mixto
XXII TRAVESÍA INTEGRAL DE LOS MONTES AQUILIANOS,2017-06-03,"RECORRIDO ""A"" (65 KM Y DESNIVELES ACUMULADOS DE +3227 M Y -3227 M)",119,18,0,137,mixto
XXII TRAVESÍA INTEGRAL DE LOS MONTES AQUILIANOS,2017-06-03,"RECORRIDO ""B"" (50 KM Y DESNIVELES ACUMULADOS DE +1838 M Y -1838 M)",152,50,0,202,mixto
XXII TRÍATLON CIDADE DE FERROL CPTO XUNTA DE GALICIA DE TRÍATLON SPRNT E PROBA POPULAR ABERTA SPRINT,2024-08-25,CPTO,55,35,0,90,mixto
XXII TRÍATLON CIDADE DE FERROL CPTO XUNTA DE GALICIA DE TRÍATLON SPRNT E PROBA POPULAR ABERTA SPRINT,2024-08-25,General,56,39,0,95,mixto
XXII TRÍATLON CIDADE DE FERROL CPTO XUNTA DE GALICIA DE TRÍATLON SPRNT E PROBA POPULAR ABERTA SPRINT,2024-08-25,POPULAR,78,8,0,86,mixto
XXIII CARREIRA DAS AREAS DE CARNOTA 2014. 10K,2014-08-23,CARREIRA ABSOLUTA (10K). DISTANCIA: 10000 M,0,0,0,0,mixto
XXIII CARREIRA DAS AREAS DE CARNOTA 2014. 5K,2014-08-23,CARREIRA ABSOLUTA (5K). DISTANCIA: 5000 M,0,0,0,0,mixto
XXIII CARREIRA DAS AREAS DE CARNOTA 2014. MENORES,2014-08-23,CARREIRA BENXAMIN E ALEVIN. DISTANCIA: 1000 M,0,0,0,0,mixto
XXIII CARREIRA DAS AREAS DE CARNOTA 2014. MENORES,2014-08-23,CARREIRA INFANTIL E CADETE. DISTANCIA: 3000 M,0,0,0,0,mixto
XXIII CARREIRA DAS AREAS DE CARNOTA 2014. MENORES,2014-08-23,CARREIRA XUVENIL. DISTANCIA: 5000 M,0,0,0,0,mixto
XXIII CARREIRA DE SAN XOSÉ - AS PONTES 2013,2013-03-23,PROBA ABSOLUTA. DISTANCIA: 6500 M,0,0,0,0,mixto
XXIII CARREIRA POPULAR BETANZOS FESTAS SAN ROQUE 2023,2023-08-20,ABSOLUTA (2007 e anteriores),81,29,0,110,mixto
XXIII CARREIRA POPULAR CARRAL,2026-06-20,ABSOLUTA (2009 e anteriores),97,26,0,123,mixto
XXIII CARREIRA POPULAR CARRAL,2026-06-20,BENXAMIN (2017-2018)-ALEVIN (2015-2016),2,5,0,7,mixto
XXIII CARREIRA POPULAR CARRAL,2026-06-20,INFANTIL (2013-2014) CADETE (2010-2012),2,3,0,5,mixto
XXIII CARREIRA POPULAR CONCELLO DE ARTEIXO,2023-05-01,ABSOLUTA (2005 e anteriores),299,66,0,365,mixto
XXIII CARREIRA POPULAR CONCELLO DE ARTEIXO,2023-05-01,ALEVIN,38,24,0,62,mixto
XXIII CARREIRA POPULAR CONCELLO DE ARTEIXO,2023-05-01,BENXAMIN,32,28,0,60,mixto
XXIII CARREIRA POPULAR CONCELLO DE ARTEIXO,2023-05-01,CADETE-XUVENIL,18,34,0,52,mixto
XXIII CARREIRA POPULAR CONCELLO DE ARTEIXO,2023-05-01,INFANTIL,22,25,0,47,mixto
XXIII CARREIRA POPULAR CONCELLO DE CARTELLE,2019-08-17,ABSOLUTA (2003 Y ANTERIORES),69,10,0,79,mixto
XXIII CARREIRA POPULAR CONCELLO DE CARTELLE,2019-08-17,ALEVIN (2008-2009),8,5,0,13,mixto
XXIII CARREIRA POPULAR CONCELLO DE CARTELLE,2019-08-17,BENXAMIN (2010-2011),11,8,0,19,mixto
XXIII CARREIRA POPULAR CONCELLO DE CARTELLE,2019-08-17,CADETE (2004-2005),2,1,0,3,mixto
XXIII CARREIRA POPULAR CONCELLO DE CARTELLE,2019-08-17,INFANTIL (2006-2007),5,7,0,12,mixto
XXIII CARREIRA POPULAR CONCELLO DE CARTELLE,2019-08-17,PRE-BENXAMIN (2012-2014),16,13,0,29,mixto
XXIII CARREIRA POPULAR DOS VILARES,2013-08-10,ADULTOS. DISTANCIA: 5000 M,0,0,0,0,mixto
XXIII CARREIRA POPULAR ROTA DO ROMÁNICO CONCELLO DE PANTON,2025-05-25,ABSOLUTA (2009 e anteriores),49,21,0,70,mixto
XXIII CARREIRA POPULAR ROTA DO ROMÁNICO CONCELLO DE PANTON,2025-05-25,CATEGORIA A (2018-2020),11,7,0,18,mixto
XXIII CARREIRA POPULAR ROTA DO ROMÁNICO CONCELLO DE PANTON,2025-05-25,CATEGORIA B (2016-2017) CATEGORIA C (2013-2015),7,3,0,10,mixto
XXIII CARREIRA POPULAR ROTA DO ROMÁNICO CONCELLO DE PANTON,2025-05-25,CATEGORIA D (2010-2012),0,3,0,3,mixto
XXIII CARRERA POPULAR NOCHEBUENA GIJON 2010,2010-12-24,Running. Distancia: 5000 m,0,0,0,0,mixto
XXIII COPA ASTURIAS DE NATACION DE AGUAS ABIERTAS,2022-08-13,Individual (2008 y anteriores),91,32,0,123,mixto
XXIII COPA ASTURIAS DE NATACION DE AGUAS ABIERTAS,2022-08-13,Relevos por equipos mixtos,0,0,0,0,mixto
XXIII MEMORIAL ADOLFO ROS - VOLTA A RIA 2008,2008-12-14,MEDIA MARATON EN CADEIRA DE RODAS. Distancia: 21097 m,0,0,0,0,mixto
XXIII MEMORIAL ADOLFO ROS - VOLTA A RIA 2008,2008-12-14,MEDIA MARATON. Distancia: 21097 m,0,0,0,0,mixto
XXIII MILLA VILA DE SANXENXO,2023-08-27,ALEVIN (2012-2013),19,20,0,39,mixto
XXIII MILLA VILA DE SANXENXO,2023-08-27,BENXAMIN F (2014-2015),0,12,0,12,mixto
XXIII MILLA VILA DE SANXENXO,2023-08-27,BENXAMIN M (2014-2015),21,0,0,21,mixto
XXIII MILLA VILA DE SANXENXO,2023-08-27,CADETE (2008-2009),10,10,0,20,mixto
XXIII MILLA VILA DE SANXENXO,2023-08-27,ELITE F CONCELLO DE SANXENXO (2004 e anteriores),0,5,0,5,mixto
XXIII MILLA VILA DE SANXENXO,2023-08-27,ELITE M CONCELLO DE SANXENXO (2004 e anteriores),12,0,0,12,mixto
XXIII MILLA VILA DE SANXENXO,2023-08-27,INFANTIL (2010-2011),15,9,0,24,mixto
XXIII MILLA VILA DE SANXENXO,2023-08-27,PREBENXAMIN F (2016 e posteriores),0,17,0,17,mixto
XXIII MILLA VILA DE SANXENXO,2023-08-27,PREBENXAMIN M(2016 e posteriores),37,0,0,37,mixto
XXIII MILLA VILA DE SANXENXO,2023-08-27,PROMESA/SENIOR (1984-2004),12,3,0,15,mixto
XXIII MILLA VILA DE SANXENXO,2023-08-27,VETERANOS A (1973-1983),29,4,0,33,mixto
XXIII MILLA VILA DE SANXENXO,2023-08-27,VETERANOS B (1972 e anteriores),22,5,0,27,mixto
XXIII MILLA VILA DE SANXENXO,2023-08-27,XUVENIL/JUNIOR (2005-2007),3,4,0,7,mixto
XXIII Medio Maratón Gran Bahía VIG-BAY,2024-04-14,Equipos Masculinos / Mixtos,0,0,0,0,mixto
XXIII Medio Maratón Gran Bahía VIG-BAY,2024-04-14,Equipos femeninos,0,0,0,0,mixto
XXIII Medio Maratón Gran Bahía VIG-BAY,2024-04-14,MEDIO MARATON,2822,714,0,3536,mixto
XXIII Medio Maratón Gran Bahía VIG-BAY,2024-04-14,"MEDIO MARATON TRICICLO, HANDBIKE Y JOELETTE",24,14,0,38,mixto
XXIII Medio Maratón Gran Bahía VIG-BAY,2024-04-14,MINIBAY,384,414,0,798,mixto
XXIII Medio Maratón de Pontevedra CaixaBank 2018,2018-10-21,EQUIPOS MIXTOS DE 3 (MM PONTEVEDRA 2018),0,0,0,0,mixto
XXIII Medio Maratón de Pontevedra CaixaBank 2018,2018-10-21,Medio Maraton,998,117,0,1115,mixto
XXIII SAN SILVESTRE POPULAR CIUDAD DE LEÓN,2019-12-29,CARRERA DE 7 KM (2003 Y AÑOS ANT.),858,342,0,1200,mixto
XXIII SAN SILVESTRE POPULAR CIUDAD DE LEÓN,2019-12-29,VEHICULO ADAPTADO,2,0,0,2,mixto
XXIII SUBIDA A LA CAMPA TORRES 2012,2012-09-08,C.N.S.O. - CAMPA TORRES - C.N.S.O.. Distancia: 12000 m,0,0,0,0,mixto
XXIII TRAVESÍA A NADO “ PRAIA DE COROSO” (RIVEIRA),2016-08-15,PROBA CIRCUITO GALEGO DE AUGAS ABERTAS (2001 E ANOS ANT.),9,8,0,17,mixto
XXIII TRAVESÍA A NADO “ PRAIA DE COROSO” (RIVEIRA),2016-08-15,PROBA POPULAR CON NEOPRENO (CUALQUIER EDAD),36,4,0,40,mixto
XXIII TRAVESÍA A NADO “ PRAIA DE COROSO” (RIVEIRA),2016-08-15,PROBA POPULAR SEN NEOPRENO (2004 E ANOS ANT.),40,23,0,63,mixto
XXIII TRAVESÍA A NADO “ PRAIA DE COROSO” (RIVEIRA),2016-08-15,XIII Circuito Gallego de Aguas Abiertas (FEGAN),6,7,0,13,mixto
XXIII TRAVESÍA INTEGRAL DE LOS MONTES AQUILIANOS,2018-06-02,"RECORRIDO ""A"" (60 km y unos desniveles acumulados de +3227 m y -3227 m)",89,14,0,103,mixto
XXIII TRAVESÍA INTEGRAL DE LOS MONTES AQUILIANOS,2018-06-02,"RECORRIDO ""B"" (47 km y unos desniveles acumulados de +1838 m y -1838 m)",160,55,0,215,mixto
XXIII TRÍATLON CIDADE DE FERROL,2025-08-24,CPTO,55,28,0,83,mixto
XXIII TRÍATLON CIDADE DE FERROL,2025-08-24,General,58,31,0,89,mixto
XXIII TRÍATLON CIDADE DE FERROL,2025-08-24,POPULAR,61,6,0,67,mixto
XXIV CARREIRA DAS AREAS CONCELLO DE CARNOTA,2015-08-29,10K (1997 E ANTERIORES,165,28,0,193,mixto
XXIV CARREIRA DAS AREAS CONCELLO DE CARNOTA,2015-08-29,5K CONTRA O CANCRO (1997 E ANTERIORES),24,19,0,43,mixto
XXIV CARREIRA DAS AREAS CONCELLO DE CARNOTA,2015-08-29,BENXAMIN E ALEVIN (2004-2007),29,22,0,51,mixto
XXIV CARREIRA DAS AREAS CONCELLO DE CARNOTA,2015-08-29,INFANTIL E CADETE (2000 A 2003),9,6,0,15,mixto
XXIV CARREIRA DAS AREAS CONCELLO DE CARNOTA,2015-08-29,XUVENIL (1998 E 1999),5,1,0,6,mixto
XXIV CARREIRA POPULAR DE LEIRO,2007-07-08,Carrera,379,0,0,379,mixto
XXIV CARREIRA POPULAR DO CONCELLO DE CARTELLE 2022,2022-08-13,ABSOLUTA (2006 e anteriores),37,6,0,43,mixto
XXIV CARREIRA POPULAR DO CONCELLO DE CARTELLE 2022,2022-08-13,CADETE (2007-2008),1,2,0,3,mixto
XXIV CARREIRA POPULAR DO CONCELLO DE CARTELLE 2022,2022-08-13,INFANTIL (2009-2010),3,1,0,4,mixto
XXIV CARREIRA POPULAR DOS VILARES,2014-08-09,ADULTOS. DISTANCIA: 5000 M,0,0,0,0,mixto
XXIV CARREIRA POPULAR FERREIRUA 2013,2013-05-12,CARREIRA POPULAR. DISTANCIA: 9300 M,0,0,0,0,mixto
XXIV CARRERA POPULAR NOCHEBUENA GIJON 2011,2011-12-24,Running. Distancia: 5000 m,0,0,0,0,mixto
XXIV COPA ASTURIAS DE NATACION DE AGUAS ABIERTAS,2023-08-05,Individual (2009 y anteriores),85,30,0,115,mixto
XXIV COPA ASTURIAS DE NATACION DE AGUAS ABIERTAS,2023-08-05,Relevos por equipos mixtos,0,0,0,0,mixto
XXIV CROSS POPULAR DO CONCELLO DE BOBORÁS (OURENSE),2025-01-19,ADULTOS (2005 e anteriores),118,53,0,171,mixto
XXIV CROSS POPULAR DO CONCELLO DE BOBORÁS (OURENSE),2025-01-19,SUB10 e SUB 12 (2014 a 2017),8,3,0,11,mixto
XXIV CROSS POPULAR DO CONCELLO DE BOBORÁS (OURENSE),2025-01-19,SUB14-16-18-20 (2006 a 2013),2,0,0,2,mixto
XXIV CROSS SUBIDA A LA CAMPA DE TORRES,2013-09-08,ADULTOS. DISTANCIA: 12000 M,0,0,0,0,mixto
XXIV MEDIA MARATON CIUDAD DE VALLADOLID 2012,2012-09-16,Medio Maraton. Distancia: 21097 m,0,0,0,0,mixto
XXIV MEMORIAL ADOLFO ROS - VOLTA A RIA 2009,2009-12-13,CADEIRA DE RODAS. Distancia: 21097 m,0,0,0,0,mixto
XXIV MEMORIAL ADOLFO ROS - VOLTA A RIA 2009,2009-12-13,MEDIA MARATON. Distancia: 21097 m,0,0,0,0,mixto
XXIV Medio Maratón Gran Bahía VIG-BAY,2025-04-06,EQUIPOS FEMENINOS,0,0,0,0,mixto
XXIV Medio Maratón Gran Bahía VIG-BAY,2025-04-06,EQUIPOS MASCULINOS / MIXTOS,0,0,0,0,mixto
XXIV Medio Maratón Gran Bahía VIG-BAY,2025-04-06,MEDIO MARATON,3460,1065,0,4525,mixto
XXIV Medio Maratón Gran Bahía VIG-BAY,2025-04-06,"MEDIO MARATON TRICICLO, HANDBIKE Y JOELETTE",24,12,0,36,mixto
XXIV Medio Maratón Gran Bahía VIG-BAY,2025-04-06,MINIBAY,536,654,0,1190,mixto
XXIV SAN SILVESTRE POPULAR CIUDAD DE LEÓN,2021-12-26,CARRERA DE 7 KM (2005 Y AÑOS ANT.),392,131,0,523,mixto
XXIV TRAVESÍA INTEGRAL DE LOS MONTES AQUILIANOS,2019-06-01,RECORRIDO A (60 km y unos desniveles acumulados de +3227 m y -3227 m),98,9,0,107,mixto
XXIV TRAVESÍA INTEGRAL DE LOS MONTES AQUILIANOS,2019-06-01,"RECORRIDO B, (47 km y unos desniveles acumulados de +1838 m y - 1838 m)",188,77,0,265,mixto
XXIV TRÍATLON CIDADE DE FERROL,2026-07-18,FEMININA LIGA,0,30,0,30,mixto
XXIV TRÍATLON CIDADE DE FERROL,2026-07-18,LIGA,86,0,0,86,mixto
XXIV TRÍATLON CIDADE DE FERROL CTO EUROPA YOUTH,2026-07-18,FEMININA YOUTH,0,30,0,30,mixto
XXIV TRÍATLON CIDADE DE FERROL CTO EUROPA YOUTH,2026-07-18,YOUTH,45,0,0,45,mixto
XXIX CARREIRA PEDESTRE POPULAR 'ANDAR E CORRER' 2013,2013-08-18,PROBA ABSOLUTA. DISTANCIA: 10000 M,0,0,0,0,mixto
XXIX CARREIRA PEDESTRE POPULAR 'ANDAR E CORRER' 2013. MENORES,2013-08-18,PROBA ALEVIN . DISTANCIA: 1500 M,0,0,0,0,mixto
XXIX CARREIRA PEDESTRE POPULAR 'ANDAR E CORRER' 2013. MENORES,2013-08-18,PROBA BENXAMIN . DISTANCIA: 750 M,0,0,0,0,mixto
XXIX CARREIRA PEDESTRE POPULAR 'ANDAR E CORRER' 2013. MENORES,2013-08-18,PROBA CHUPETE . DISTANCIA: 80 M,0,0,0,0,mixto
XXIX CARREIRA PEDESTRE POPULAR 'ANDAR E CORRER' 2013. MENORES,2013-08-18,PROBA PRE-BENXAMIN . DISTANCIA: 400 M,0,0,0,0,mixto
XXIX CARREIRA POPULAR CONCELLO DE MEAÑO,2013-09-08,CIRCUITO LONGO. DISTANCIA: 6330 M,0,0,0,0,mixto
XXIX CARREIRA POPULAR CONCELLO DE MEAÑO. MENORES,2013-09-08,CIRCUITO CURTO. DISTANCIA: 1070 M,0,0,0,0,mixto
XXIX CARREIRA POPULAR CONCELLO DE MEAÑO. MENORES,2013-09-08,CIRCUITO MEDIANO. DISTANCIA: 1600 M,0,0,0,0,mixto
XXIX CARREIRA POPULAR DE LEIRO,2012-07-08,Carrera,331,0,0,331,mixto
XXIX CARREIRA POPULAR DE OS VILARES (GUITIRIZ),2019-08-10,ABSOLUTA (2003 Y AÑOS ANTERIORES),41,8,0,49,mixto
XXIX CARRERA POPULAR DE NOCHEBUENA (GIJÓN),2016-12-24,ALEVIN (2006/2007),81,80,0,161,mixto
XXIX CARRERA POPULAR DE NOCHEBUENA (GIJÓN),2016-12-24,BENJAMIN (2008/2009),95,90,0,185,mixto
XXIX CARRERA POPULAR DE NOCHEBUENA (GIJÓN),2016-12-24,CATEGORÍAS MAYORES (2003 Y AÑOS ANTERIORES),1189,596,0,1785,mixto
XXIX CARRERA POPULAR DE NOCHEBUENA (GIJÓN),2016-12-24,INFANTIL (2004/2005),34,64,0,98,mixto
XXIX CARRERA POPULAR DE NOCHEBUENA (GIJÓN),2016-12-24,MINIBENJAMIN (2010 Y POST.),104,127,0,231,mixto
XXIX CP DO SAN MARTIÑO 2005,2005-11-06,ABSOLUTA,1316,0,0,1316,mixto
XXIX CROSS SUBIDA A LA CAMPA DE TORRES,2018-09-08,12KM (2000 Y ANTERIORES),237,45,0,282,mixto
XXIX Dúatlon Cidade de Lugo - Memorial Alejandro López,2019-02-10,A,66,0,0,66,mixto
XXIX Dúatlon Cidade de Lugo - Memorial Alejandro López,2019-02-10,B,65,0,0,65,mixto
XXIX Dúatlon Cidade de Lugo - Memorial Alejandro López,2019-02-10,Femeninia,0,38,0,38,mixto
XXIX MEDIA MARATON DE VALLADOLID & 5ª LEGUA POPULAR DE VALLADOLID,2017-09-24,LEGUA (MAYORES DE 16 AÑOS),259,168,0,427,mixto
XXIX MEDIA MARATON DE VALLADOLID & 5ª LEGUA POPULAR DE VALLADOLID,2017-09-24,MEDIO MARATON (MAYORES DE 18 AÑOS),1309,182,0,1491,mixto
XXIX MEDIA MARATON EDP - RUTA DE LA RECONQUISTA,2016-05-28,MEDIO MARATÓN,931,172,0,1103,mixto
XXIX MEDIO MARATÓN ATLÉTICA (AVILES),2015-11-08,MEDIO MARATÓN ATLÉTICA,492,59,0,551,mixto
XXIX SAN SILVESTRE SALMANTINA 2012,2012-12-30,RECORRIDO A. Distancia: 900 m,0,0,0,0,mixto
XXIX SAN SILVESTRE SALMANTINA 2012,2012-12-30,RECORRIDO B. Distancia: 1400 m,0,0,0,0,mixto
XXIX SAN SILVESTRE SALMANTINA 2012,2012-12-30,RECORRIDO C. Distancia: 2000 m,0,0,0,0,mixto
XXIX SAN SILVESTRE SALMANTINA 2012,2012-12-30,RECORRIDO D. Distancia: 10000 m,0,0,0,0,mixto
XXIX Tríatlon do Miño,2017-07-16,A,78,0,0,78,mixto
XXIX Tríatlon do Miño,2017-07-16,B,38,0,0,38,mixto
XXIX Tríatlon do Miño,2017-07-16,General,0,24,0,24,mixto
XXIX Tríatlon do Miño,2017-07-16,Popular,40,16,0,56,mixto
XXIX Tríatlon popular de Oleiros,2018-05-12,General,118,16,0,134,mixto
XXIX VOLTA A RIA MEMORIAL ADOLFO ROS,2014-12-14,MEDIO MARATON ABSOLUTO. DISTANCIA: 21097 M,0,0,0,0,mixto
XXIX VOLTA A RIA MEMORIAL ADOLFO ROS,2014-12-14,MEDIO MARATON EN CADEIRA DE RODAS. DISTANCIA: 21097 M,0,0,0,0,mixto
XXIX VOLTA PEDESTRE A AIOS,2016-04-24,BENXAMÍNS (2008-2007) E ALEVÍNS (2006-2005),4,9,0,13,mixto
XXIX VOLTA PEDESTRE A AIOS,2016-04-24,INFANTÍS (2004-2003) E CADETES (2002-2001),4,5,0,9,mixto
XXIX VOLTA PEDESTRE A AIOS,2016-04-24,PROBA ABSOLUTA (2000 E ANTERIORES),43,11,0,54,mixto
XXV C.P. DOS VILARES - GUITIRIZ (LUGO),2015-08-08,ADULTOS,79,21,0,100,mixto
XXV CARREIRA A PÉ - LIRA,2018-08-11,ADULTOS (2002 e anteiores),76,15,0,91,mixto
XXV CARREIRA A PÉ - LIRA,2018-08-11,Alevíns (2007-2008) e Infantís (2005-2006),13,17,0,30,mixto
XXV CARREIRA A PÉ - LIRA,2018-08-11,Cadetes (2003-2004),5,5,0,10,mixto
XXV CARREIRA PEDESTRE DE SAN MARTIÑO BUEU 2022,2022-11-13,ABSOLUTA (2007 e anteriores),104,43,0,147,mixto
XXV CARREIRA POPULAR A FERREIRUA 2014,2014-05-11,CARREIRA POPULAR. DISTANCIA: 9300 M,0,0,0,0,mixto
XXV CARREIRA POPULAR DE LEIRO,2008-07-06,Carrera,384,0,0,384,mixto
XXV CARREIRA POPULAR DO CONCELLO DE CARTELLE,2023-08-19,ABSOLUTA (2007 e anteriores),59,15,0,74,mixto
XXV CARREIRA POPULAR DO CONCELLO DE CARTELLE,2023-08-19,CADETE (2008-2009),2,1,0,3,mixto
XXV CARREIRA POPULAR DO CONCELLO DE CARTELLE,2023-08-19,INFANTIL (2010-2011),7,1,0,8,mixto
XXV CARRERA POPULAR NOCHEBUENA GIJON 2012,2012-12-24,Prueba Absoluta. Distancia: 5250 m,0,0,0,0,mixto
XXV COPA ASTURIAS DE NATACIÓN DE AGUAS ABIERTAS,2024-08-03,Individual (2010 y anteriores),114,49,0,163,mixto
XXV COPA ASTURIAS DE NATACIÓN DE AGUAS ABIERTAS,2024-08-03,Relevos por equipos mixtos,0,0,0,0,mixto
XXV CROSS POPULAR DO CONCELLO DE BOBORÁS (OURENSE),2026-01-18,ADULTOS (2006 e anteriores),96,31,0,127,mixto
XXV CROSS POPULAR DO CONCELLO DE BOBORÁS (OURENSE),2026-01-18,SUB10 (2017-2018) - SUB 12 (2015-2016),8,6,0,14,mixto
XXV CROSS POPULAR DO CONCELLO DE BOBORÁS (OURENSE),2026-01-18,SUB14 (2013-2014) - SUB16 (2011-2012) - SUB18 (2009-2010) - SUB20 (2007-2008),6,1,0,7,mixto
XXV CROSS SUBIDA A LA CAMPA TORRES 2014,2014-09-08,C.N.S.O. - CAMPA TORRES - C.N.S.O.. DISTANCIA: 12000 M,0,0,0,0,mixto
XXV Carreira das Areas Concello de Carnota,2016-08-21,ABSOLUTA 10K (1998 E ANTERIORES),184,26,0,210,mixto
XXV Carreira das Areas Concello de Carnota,2016-08-21,ABSOLUTA 3K CONTRA O CANCRO (1998 E ANOS ANTERIORES),27,32,0,59,mixto
XXV Carreira das Areas Concello de Carnota,2016-08-21,BENXAMIN-ALEVIN (2005-2008),29,28,0,57,mixto
XXV Carreira das Areas Concello de Carnota,2016-08-21,INFANTIL - CADETE - XUVENIL (1999-2004),25,12,0,37,mixto
XXV MARCHA CICLOTURISTA VILLA DE GIJON,2016-05-22,SUBIDA CRONOMETRADA A SAN MARTIN DE HUERCES,207,6,0,213,mixto
XXV MEDIA MARATON CIUDAD DE VALLADOLID 2013,2013-09-15,MEDIA MARATON. DISTANCIA: 21097 M,0,0,0,0,mixto
XXV MEMORIAL ADOLFO ROS - VOLTA A RIA 2010,2010-12-12,CADEIRA DE RODAS. Distancia: 21097 m,0,0,0,0,mixto
XXV MEMORIAL ADOLFO ROS - VOLTA A RIA 2010,2010-12-12,PROBA ABSOLUTA. Distancia: 21097 m,0,0,0,0,mixto
XXV Medio Maratón Gran Bahía VIG-BAY,2026-04-12,V MINIBAY - De la Media la Mitad,743,980,0,1723,mixto
XXV Medio Maratón Gran Bahía VIG-BAY,2026-04-12,XXV MEDIO MARATÓN GRAN BAHÍA VIG-BAY,3907,1093,0,5000,mixto
XXV Medio Maratón Gran Bahía VIG-BAY,2026-04-12,"XXV MEDIO MARATÓN GRAN BAHÍA VIG-BAY TRICICLO, HANDBIKE Y JOELETTE",24,9,0,33,mixto
XXV Medio Maratón Pontevedra,2020-10-18,Medio Maratón,171,38,0,209,mixto
XXV RUTA CICLOTURISTA PARDO DE CELA - FOZ,2014-05-11,ADULTOS. DISTANCIA: 110 KM,0,0,0,0,mixto
XXV SAN SILVESTRE POPULAR CIUDAD DE LEÓN,2022-12-26,CARRERA DE 7 KM (2006 y años anteriores),726,288,0,1014,mixto
XXV SAN SILVESTRE POPULAR CIUDAD DE LEÓN,2022-12-26,PEQUE SAN SILVESTRE (2007-2012),27,23,0,50,mixto
XXVI CARREIRA A PÉ - LIRA,2019-08-10,Alevíns (2008-2009) e Infantís (2006-2007),17,10,0,27,mixto
XXVI CARREIRA A PÉ - LIRA,2019-08-10,"CARREIRA 10K (XUVENIL, SENIOR E VETERANS) (2003 e anteriores)",72,7,0,79,mixto
XXVI CARREIRA A PÉ - LIRA,2019-08-10,CARREIRA 3K (SENIOR E VETERANS) (2000 e anteriores),10,12,0,22,mixto
XXVI CARREIRA A PÉ - LIRA,2019-08-10,Cadetes (2004-2005),5,5,0,10,mixto
XXVI CARREIRA PEDESTRE DE SAN MARTIÑO BUEU 2023,2023-11-11,ABSOLUTA (2007 e anteriores),115,28,0,143,mixto
XXVI CARREIRA POPULAR DE LEIRO,2009-07-05,Carrera,489,0,0,489,mixto
XXVI CARREIRA POPULAR DE OS VILARES (GUITIRIZ),2016-08-13,ABSOLUTA (2000 Y AÑOS ANTERIORES),51,10,0,61,mixto
XXVI CARREIRA POPULAR DO CONCELLO DE CARTELLE,2024-08-17,ABSOLUTA (2008 e anteriores),67,15,0,82,mixto
XXVI CARREIRA POPULAR DO CONCELLO DE CARTELLE,2024-08-17,CADETE (2009-2010),1,0,0,1,mixto
XXVI CARREIRA POPULAR DO CONCELLO DE CARTELLE,2024-08-17,INFANTIL (2011-2012),6,2,0,8,mixto
XXVI CARRERA POPULAR DE NOCHEBUENA - GIJÓN 2013,2013-12-24,CATEGORIAS DE MAYORES. DISTANCIA: 5000 M,0,0,0,0,mixto
XXVI COPA ASTURIAS DE NATACIÓN DE AGUAS ABIERTAS,2025-08-09,Individual (2012 y anteriores),97,51,0,148,mixto
XXVI COPA ASTURIAS DE NATACIÓN DE AGUAS ABIERTAS,2025-08-09,Relevos por equipos mixtos,0,0,0,0,mixto
XXVI CROSS SUBIDA A LA CAMPA DE TORRES,2015-09-08,C.N.S.O - CAMPA TORRES - C.N.S.O,356,42,0,398,mixto
XXVI Carreira das Areas Concello de Carnota,2017-08-20,ABSOLUTA 10K (1999 E ANTERIORES),221,44,0,265,mixto
XXVI Carreira das Areas Concello de Carnota,2017-08-20,ABSOLUTA 3K CONTRA O CANCRO (1999 E ANOS ANTERIORES),41,53,0,94,mixto
XXVI Carreira das Areas Concello de Carnota,2017-08-20,BENXAMIN - ALEVIN (2006-2009),38,29,0,67,mixto
XXVI Carreira das Areas Concello de Carnota,2017-08-20,INFANTIL:(04-05) CADETE (02-03) E XUVENIL (00-01),27,27,0,54,mixto
XXVI MEDIA MARATON ATLETICA 2012,2012-11-04,XXVI MEDIA MARATON ATLETICA 2012,0,0,0,0,mixto
XXVI MEDIA MARATON CIUDAD DE VALLADOLID 2014,2014-09-14,MEDIA MARATON. DISTANCIA: 21097 M,0,0,0,0,mixto
XXVI MEDIA MARATON RUTA DE LA RECONQUISTA 2013,2013-05-25,PRUEBA ABSOLUTA. DISTANCIA: 21097 M,0,0,0,0,mixto
XXVI MEDIA MARATON RUTA DE LA RECONQUISTA 2013,2013-05-25,PRUEBA EN VEHICULO ADAPTADO. DISTANCIA: 21097 M,0,0,0,0,mixto
XXVI MEMORIAL ADOLFO ROS - VOLTA A RIA 2011,2011-12-18,MEDIO MARATON. Distancia: 21097 m,0,0,0,0,mixto
XXVI SAN SILVESTRE POPULAR CIUDAD DE LEÓN,2023-12-30,CARRERA DE 7KM (2007 y anteriores),791,330,0,1121,mixto
XXVI SAN SILVESTRE POPULAR CIUDAD DE LEÓN,2023-12-30,PEQUE-SAN SILVESTRE (2008-2013),33,24,0,57,mixto
XXVII CARREIRA A PÉ - LIRA,2022-08-13,ALEVIN/INFANTIL (2008-2011),11,7,0,18,mixto
XXVII CARREIRA A PÉ - LIRA,2022-08-13,CADETE (2006-2007),1,3,0,4,mixto
XXVII CARREIRA A PÉ - LIRA,2022-08-13,"CARREIRA 10Km (Xuvenis, seniors e veterans)(2005 e anteriores)",77,15,0,92,mixto
XXVII CARREIRA A PÉ - LIRA,2022-08-13,CARREIRA 3K (SENIOR E VETERANS) (2002 e anteriores),21,13,0,34,mixto
XXVII CARREIRA PEDESTRE DE SAN MARTIÑO BUEU 2024,2024-11-09,ABSOLUTA (2008 e anteriores),110,31,0,141,mixto
XXVII CARREIRA PEDESTRE DE SAN XOSÉ (AS PONTES) - II CORRE POR ELAS,2017-03-19,ABSOLUTA (1997 E ANOS ANTERIORES),127,60,0,187,mixto
XXVII CARREIRA PEDESTRE DE SAN XOSÉ (AS PONTES) - II CORRE POR ELAS,2017-03-19,ALEVÍN (2006 A 2007) e INFANTIL (2004 A 2005),16,9,0,25,mixto
XXVII CARREIRA PEDESTRE DE SAN XOSÉ (AS PONTES) - II CORRE POR ELAS,2017-03-19,ALEVÍN Feminino (2006 A 2007),0,9,0,9,mixto
XXVII CARREIRA PEDESTRE DE SAN XOSÉ (AS PONTES) - II CORRE POR ELAS,2017-03-19,BENXAMÍN (2008 A 2009),17,12,0,29,mixto
XXVII CARREIRA PEDESTRE DE SAN XOSÉ (AS PONTES) - II CORRE POR ELAS,2017-03-19,CADETE (2002 A 2003),1,0,0,1,mixto
XXVII CARREIRA PEDESTRE DE SAN XOSÉ (AS PONTES) - II CORRE POR ELAS,2017-03-19,INFANTIL (2004 A 2005) e CADETE Feminino (2002 A 2003),7,8,0,15,mixto
XXVII CARREIRA PEDESTRE DE SAN XOSÉ (AS PONTES) - II CORRE POR ELAS,2017-03-19,XUVENIL (1998 A 2001),4,4,0,8,mixto
XXVII CARREIRA POPULAR DE LEIRO,2010-07-04,Carrera,515,0,0,515,mixto
XXVII CARREIRA POPULAR DE OS VILARES (GUITIRIZ),2017-08-12,ABSOLUTA (2001 Y AÑOS ANTERIORES),66,8,0,74,mixto
XXVII CARRERA POPULAR DE NOCHEBUENA (GIJÓN) 2014,2014-12-24,CATEGORIAS DE MAYORES. DISTANCIA: 5000 M,0,0,0,0,mixto
XXVII COPA ASTURIAS DE NATACIÓN DE AGUAS ABIERTAS,2026-08-01,Individual (2012 y anteriores),88,41,0,129,mixto
XXVII COPA ASTURIAS DE NATACIÓN DE AGUAS ABIERTAS,2026-08-01,Relevos por equipos mixtos,0,0,23,23,mixto
XXVII CP DO SAN MARTIÑO 2003,2003-11-16,ABSOLUTA,820,0,0,820,mixto
XXVII CROSS SUBIDA A LA CAMPA DE TORRES,2016-09-08,12KM (1998 Y ANTERIORES),324,53,0,377,mixto
XXVII Carreira das Areas Concello de Carnota,2018-08-26,10K (2002 E ANTERIORES),195,32,0,227,mixto
XXVII Carreira das Areas Concello de Carnota,2018-08-26,3K CONTRA O CANCRO (2002 E ANTERIORES),57,71,0,128,mixto
XXVII Carreira das Areas Concello de Carnota,2018-08-26,BENXAMIN (09-10) E ALEVIN (07-08),30,33,0,63,mixto
XXVII Carreira das Areas Concello de Carnota,2018-08-26,"INFANTIL (05-06), CADETE (03-04) E XUVENIL (01-02)",23,27,0,50,mixto
XXVII Dúatlon Cidade de Lugo,2017-02-26,A,46,0,0,46,mixto
XXVII Dúatlon Cidade de Lugo,2017-02-26,B,46,0,0,46,mixto
XXVII Dúatlon Cidade de Lugo,2017-02-26,Feminina,0,21,0,21,mixto
XXVII MEDIA MARATON ATLETICA,2013-11-10,MEDIA MARATÓN. DISTANCIA: 21097 M,0,0,0,0,mixto
XXVII MEDIA MARATON DE VALLADOLID & 3ª LEGUA POPULAR DE VALLADOLID,2015-09-20,LEGUA,226,202,0,428,mixto
XXVII MEDIA MARATON DE VALLADOLID & 3ª LEGUA POPULAR DE VALLADOLID,2015-09-20,MEDIA MARATON,1614,171,0,1785,mixto
XXVII MEDIA MARATON RUTA DE LA RECONQUISTA 2014,2014-05-31,PRUEBA ABSOLUTA. DISTANCIA: 21097 M,0,0,0,0,mixto
XXVII MEDIA MARATON RUTA DE LA RECONQUISTA 2014,2014-05-31,PRUEBA EN VEHÍCULO ADAPATADO. DISTANCIA: 21097 M,0,0,0,0,mixto
XXVII MEMORIAL ADOLFO ROS - VOLTA A RIA 2012,2012-12-16,CADEIRA DE RODAS. Distancia: 21097 m,0,0,0,0,mixto
XXVII MEMORIAL ADOLFO ROS - VOLTA A RIA 2012,2012-12-16,PROBA ABSOLUTA. Distancia: 21097 m,0,0,0,0,mixto
XXVII SAN SILVESTRE POPULAR CIUDAD DE LEÓN,2024-12-29,CARRERA DE 7KM (2008 y anteriores),1062,558,0,1620,mixto
XXVII SAN SILVESTRE POPULAR CIUDAD DE LEÓN,2024-12-29,EQUIPOS MIXTO SS LEON 2024,0,0,0,0,mixto
XXVII SAN SILVESTRE POPULAR CIUDAD DE LEÓN,2024-12-29,EQUIPOS SS LEON 2024,0,0,0,0,mixto
XXVII SAN SILVESTRE POPULAR CIUDAD DE LEÓN,2024-12-29,PEQUE-SAN SILVESTRE (2009-2014),32,30,0,62,mixto
XXVII SAN SILVESTRE SALMANTINA 2010,2010-12-26,RECORRIDO A. Distancia: 900 m,0,0,0,0,mixto
XXVII SAN SILVESTRE SALMANTINA 2010,2010-12-26,RECORRIDO B. Distancia: 1400 m,0,0,0,0,mixto
XXVII SAN SILVESTRE SALMANTINA 2010,2010-12-26,RECORRIDO C. Distancia: 2000 m,0,0,0,0,mixto
XXVII SAN SILVESTRE SALMANTINA 2010,2010-12-26,RECORRIDO D. Distancia: 8400 m,0,0,0,0,mixto
XXVII TRIATLON CNSO,2018-09-16,General,103,19,0,122,mixto
XXVII Tríatlon popular de Oleiros,2016-04-30,Triatlón,159,14,0,173,mixto
XXVII VOLTA PEDESTRE A AIOS 2013,2013-05-04,BENXAMÍNS-ALEVÍNS. DISTANCIA: 1500 M,0,0,0,0,mixto
XXVII VOLTA PEDESTRE A AIOS 2013,2013-05-04,INFANTÍS-CADETES. DISTANCIA: 3250 M,0,0,0,0,mixto
XXVII VOLTA PEDESTRE A AIOS 2013,2013-05-04,PROBA ABSOLUTA. DISTANCIA: 5750 M,0,0,0,0,mixto
XXVIII CARREIRA A PÉ - LIRA,2023-08-12,10Km (2006 e anteriores),75,17,0,92,mixto
XXVIII CARREIRA A PÉ - LIRA,2023-08-12,3Km (2003 e anteriores),21,13,0,34,mixto
XXVIII CARREIRA A PÉ - LIRA,2023-08-12,ALEVIN (2011-2012) INFANTIL (2009-2010),8,11,0,19,mixto
XXVIII CARREIRA A PÉ - LIRA,2023-08-12,CADETE (2007-2008),6,5,0,11,mixto
XXVIII CARREIRA DAS AREAS CONCELLO DE CARNOTA,2019-08-18,3K CONTRA O CANCRO (2003 E ANT.),66,73,0,139,mixto
XXVIII CARREIRA DAS AREAS CONCELLO DE CARNOTA,2019-08-18,ABSOLUTA 10K (2003 E ANT.),217,49,0,266,mixto
XXVIII CARREIRA DAS AREAS CONCELLO DE CARNOTA,2019-08-18,BENXAMIN (10-11) E ALEVÍN (08-09),26,41,0,67,mixto
XXVIII CARREIRA DAS AREAS CONCELLO DE CARNOTA,2019-08-18,"INFANTIL (06-07), CADETE (04-05) E XUVENIL (02-03)",37,30,0,67,mixto
XXVIII CARREIRA PEDESTRE DE SAN MARTIÑO BUEU 2025,2025-11-08,ABSOLUTA (2009 e anteriores),92,36,0,128,mixto
"XXVIII CARREIRA PEDESTRE DE SAN XOSÉ, As Pontes 2018 – III CORRE POR ELAS",2018-03-18,ABSOLUTA (1998 E ANTERIORES),101,27,0,128,mixto
"XXVIII CARREIRA PEDESTRE DE SAN XOSÉ, As Pontes 2018 – III CORRE POR ELAS",2018-03-18,ALEVIN (2007-2008),12,8,0,20,mixto
"XXVIII CARREIRA PEDESTRE DE SAN XOSÉ, As Pontes 2018 – III CORRE POR ELAS",2018-03-18,BENXAMIN (2009-2010),18,1,0,19,mixto
"XXVIII CARREIRA PEDESTRE DE SAN XOSÉ, As Pontes 2018 – III CORRE POR ELAS",2018-03-18,CADETE (2003-2004),3,4,0,7,mixto
"XXVIII CARREIRA PEDESTRE DE SAN XOSÉ, As Pontes 2018 – III CORRE POR ELAS",2018-03-18,XUVENIL (1999-2002),5,4,0,9,mixto
XXVIII CARREIRA POPULAR CONCELLO DE MEAÑO 2012,2012-09-09,Circuito Curto. Distancia: 1070 m,0,0,0,0,mixto
XXVIII CARREIRA POPULAR CONCELLO DE MEAÑO 2012,2012-09-09,Circuito Longo. Distancia: 6330 m,0,0,0,0,mixto
XXVIII CARREIRA POPULAR CONCELLO DE MEAÑO 2012,2012-09-09,Circuito Mediano. Distancia: 1600 m,0,0,0,0,mixto
XXVIII CARREIRA POPULAR DE LEIRO,2011-07-03,Carrera,385,0,0,385,mixto
XXVIII CARREIRA POPULAR DE OS VILARES (GUITIRIZ),2018-08-11,ABSOLUTA (2002 Y AÑOS ANTERIORES),45,11,0,56,mixto
XXVIII CARRERA POPULAR DE NOCHEBUENA (GIJÓN),2015-12-24,CATEGORÍAS MAYORES (2002 Y AÑOS ANTERIORES),921,485,0,1406,mixto
XXVIII CP DO SAN MARTIÑO 2004,2004-11-07,ABSOLUTA,919,0,0,919,mixto
XXVIII CROSS SUBIDA A LA CAMPA DE TORRES,2017-09-10,12KM (1999 Y ANTERIORES),224,37,0,261,mixto
XXVIII Dúatlon Cidade de Lugo,2018-02-11,General,0,0,0,0,mixto
XXVIII MEDIA MARATON ATLETICA,2014-11-09,MEDIA. DISTANCIA: 21097 M,0,0,0,0,mixto
XXVIII MEMORIAL ADOLFO ROS - VOLTA Á RÍA 2013,2013-12-01,MEDIO MARATON ABSOLUTO. DISTANCIA: 21097 M,0,0,0,0,mixto
XXVIII MEMORIAL ADOLFO ROS - VOLTA Á RÍA 2013,2013-12-01,MEDIO MARATON EN CADEIRA DE RODAS. DISTANCIA: 21097 M,0,0,0,0,mixto
XXVIII Media Maratón Ruta de la Reconquista,2015-05-30,MEDIO MARATÓN,879,120,0,999,mixto
XXVIII SAN SILVESTRE POPULAR CIUDAD DE LEÓN,2025-12-28,CARRERA DE 7KM (2009 y anteriores),1289,785,0,2074,mixto
XXVIII SAN SILVESTRE POPULAR CIUDAD DE LEÓN,2025-12-28,EQUIPOS MIXTO SS LEON 2025,0,0,0,0,mixto
XXVIII SAN SILVESTRE POPULAR CIUDAD DE LEÓN,2025-12-28,EQUIPOS SS LEON 2025,0,0,0,0,mixto
XXVIII SAN SILVESTRE POPULAR CIUDAD DE LEÓN,2025-12-28,PEQUE-SAN SILVESTRE (2010-2015),32,41,0,73,mixto
XXVIII SAN SILVESTRE SALMANTINA 2011,2011-12-26,RECORRIDO A. Distancia: 900 m,0,0,0,0,mixto
XXVIII SAN SILVESTRE SALMANTINA 2011,2011-12-26,RECORRIDO B. Distancia: 1400 m,0,0,0,0,mixto
XXVIII SAN SILVESTRE SALMANTINA 2011,2011-12-26,RECORRIDO C. Distancia: 2000 m,0,0,0,0,mixto
XXVIII SAN SILVESTRE SALMANTINA 2011,2011-12-26,RECORRIDO D. Distancia: 10000 m,0,0,0,0,mixto
XXVIII Tríatlon do Miño,2016-07-24,General,145,23,0,168,mixto
XXVIII Tríatlon do Miño,2016-07-24,Popular,34,3,0,37,mixto
XXVIII Tríatlon popular de Oleiros,2017-05-13,ABSOLUTA,131,9,0,140,mixto
XXX CARREIRA A PÉ - LIRA,2025-08-09,"3,5Km (2006 e anteriores)",42,22,0,64,mixto
XXX CARREIRA A PÉ - LIRA,2025-08-09,8.5Km (2009 e anteriores),126,36,0,162,mixto
XXX CARREIRA A PÉ - LIRA,2025-08-09,ALEVIN (2014-2015) INFANTIL (2012-2013),18,11,0,29,mixto
XXX CARREIRA A PÉ - LIRA,2025-08-09,CADETE (2010-2011),9,4,0,13,mixto
XXX CARREIRA POPULAR CONCELLO DE MEAÑO 6330M,2014-09-14,CIRCUITO LONGO. DISTANCIA: 6330 M,0,0,0,0,mixto
XXX CARREIRA POPULAR CONCELLO DE MEAÑO MENORES,2014-09-14,CIRCUITO CURTO. DISTANCIA: 1070 M,0,0,0,0,mixto
XXX CARREIRA POPULAR CONCELLO DE MEAÑO MENORES,2014-09-14,CIRCUITO MEDIANO. DISTANCIA: 1600 M,0,0,0,0,mixto
XXX CARREIRA POPULAR DE LEIRO 2013,2013-07-07,PROBA ABSOLUTA. DISTANCIA: 9321 M,0,0,0,0,mixto
XXX CARREIRA POPULAR DE LEIRO. MENORES 2013,2013-07-07,CATEGORIA A. DISTANCIA: 300 M,0,0,0,0,mixto
XXX CARREIRA POPULAR DE LEIRO. MENORES 2013,2013-07-07,"CATEGORIAS B, C E D. DISTANCIA: 2266 M",0,0,0,0,mixto
XXX CARREIRA POPULAR DE OS VILARES (GUITIRIZ),2022-08-13,ABSOLUTA (2006 y anteriores),32,9,0,41,mixto
XXX CARREIRA POPULAR SAN MARTIÑO - MEMORIAL JULIÁN BERNAL - DORNEDA (OLEIROS),2013-11-10,CARREIRA ABSOLUTA. DISTANCIA: 7300 M,0,0,0,0,mixto
XXX CARREIRA POPULAR SAN XIAO 10000m,2013-01-13,CADEIRA DE RODAS. Distancia: 10000 m,0,0,0,0,mixto
XXX CARREIRA POPULAR SAN XIAO 10000m,2013-01-13,PROBA ABSOLUTA. Distancia: 10000 m,0,0,0,0,mixto
XXX CARRERA POPULAR SAN MARTIÑO,2006-11-19,ABSOLUTA,943,0,0,943,mixto
XXX CROSS SUBIDA A LA CAMPA DE TORRES,2019-09-08,12KM (2001 Y ANTERIORES),208,40,0,248,mixto
XXX Dúatlon Cidade de Lugo,2021-11-14,General,69,11,0,80,mixto
XXX MARATÓN DE FÁTIMA - CAMPELO,2017-09-30,PROBA ABSOLUTA (2001 E ANTERIORES),65,15,0,80,mixto
XXX Media Maratón Avilés Atlética Avilesina,2016-11-06,MEDIA MARATON,576,76,0,652,mixto
XXX Tríatlon popular de Oleiros,2019-05-11,General,138,20,0,158,mixto
XXX VOLTA PEDESTRE A AIOS,2017-05-14,BENXAMÍNS (2009-2008) E ALEVÍNS (2007-2006),2,8,0,10,mixto
XXX VOLTA PEDESTRE A AIOS,2017-05-14,INFANTÍS (2005-2004) E CADETES (2003-2002),4,9,0,13,mixto
XXX VOLTA PEDESTRE A AIOS,2017-05-14,PROBA ABSOLUTA (2001 E ANTERIORES),57,14,0,71,mixto
XXX VUELTA POPULAR SAN SILVESTRE SALMANTINA 2013. ABSOLUTA,2013-12-29,RECORRIDO D. DISTANCIA: 10000 M,0,0,0,0,mixto
XXX VUELTA POPULAR SAN SILVESTRE SALMANTINA 2013. MENORES,2013-12-29,RECORRIDO A. DISTANCIA: 900 M,0,0,0,0,mixto
XXX VUELTA POPULAR SAN SILVESTRE SALMANTINA 2013. MENORES,2013-12-29,RECORRIDO B. DISTANCIA: 1400 M,0,0,0,0,mixto
XXX VUELTA POPULAR SAN SILVESTRE SALMANTINA 2013. MENORES,2013-12-29,RECORRIDO C. DISTANCIA: 2000 M,0,0,0,0,mixto
XXXI CARREIRA A PÉ - LIRA,2026-08-01,"3,5K (2009 e anteriores)",33,15,0,48,mixto
XXXI CARREIRA A PÉ - LIRA,2026-08-01,3.5K CADETE (2010-2011),3,4,0,7,mixto
XXXI CARREIRA A PÉ - LIRA,2026-08-01,"8,5k (2009 e anteriores)",99,27,0,126,mixto
XXXI CARREIRA A PÉ - LIRA,2026-08-01,CATIVOS II (2012-2015),25,6,0,31,mixto
XXXI CARREIRA POPULAR CONCELLO DE MEAÑO,2015-09-13,CURTO (2008 A 2010),15,25,0,40,mixto
XXXI CARREIRA POPULAR CONCELLO DE MEAÑO,2015-09-13,LONGO (2001 E ANTERIORES),372,85,0,457,mixto
XXXI CARREIRA POPULAR CONCELLO DE MEAÑO,2015-09-13,MEDIANO (2002 A 2007),51,42,0,93,mixto
XXXI CARREIRA POPULAR DE LEIRO 2014,2014-07-06,PROBA ABSOLUTA. DISTANCIA: 9321 M,0,0,0,0,mixto
XXXI CARREIRA POPULAR DE LEIRO 2014. MENORES,2014-07-06,CATEGORIA A. DISTANCIA: 300 M,0,0,0,0,mixto
XXXI CARREIRA POPULAR DE LEIRO 2014. MENORES,2014-07-06,"CATEGORIAS B, C E D. DISTANCIA: 2266 M",0,0,0,0,mixto
XXXI CARREIRA POPULAR SAN XIAO 2014,2014-01-12,PROBA ABSOLUTA. DISTANCIA: 10000 M,0,0,0,0,mixto
XXXI CARRREIRA POPULAR SAN MARTIÑO 2007,2007-11-18,ABSOLUTA,1676,0,0,1676,mixto
XXXI Dúatlon Cidade de Lugo,2022-03-13,General,161,31,0,192,mixto
XXXI MARATÓN DE FÁTIMA - CAMPELO,2018-05-12,PROBA ABSOLUTA (2002 E ANTERIORES),85,17,0,102,mixto
XXXI SAN SILVESTRE RIBADEO 2021,2021-12-31,MILLA ( 2010-2013),31,24,0,55,mixto
XXXI SAN SILVESTRE RIBADEO 2021,2021-12-31,MINISANSILVESTRE (2014-2017),24,15,0,39,mixto
XXXI SAN SILVESTRE RIBADEO 2021,2021-12-31,SAN SILVESTRE (2009 e anteriores),218,73,0,291,mixto
XXXI TRIATLON CONCELLO DE OLEIROS,2021-05-29,General,0,0,0,0,mixto
XXXI Tríatlon do Miño,2019-07-14,A SIN CORTE,0,0,0,0,mixto
XXXI Tríatlon do Miño,2019-07-14,B CON CORTE,0,0,0,0,mixto
XXXI Tríatlon do Miño,2019-07-14,General,0,0,0,0,mixto
XXXI Tríatlon do Miño,2019-07-14,POPULAR,0,0,0,0,mixto
XXXI VOLTA PEDESTRE A AIOS,2018-09-30,BENXAMÍNS (2009-2010) E ALEVÍNS (2007-2008),7,9,0,16,mixto
XXXI VOLTA PEDESTRE A AIOS,2018-09-30,INFANTÍS (2005-2006) E CADETES (2003-2004),6,4,0,10,mixto
XXXI VOLTA PEDESTRE A AIOS,2018-09-30,PROBA ABSOLUTA (2002 E ANTERIORES),54,10,0,64,mixto
XXXI VUELTA POPULAR SAN SILVESTRE SALMANTINA 2014. RECORRIDO D,2014-12-28,RECORRIDO D. DISTANCIA: 10000 M,0,0,0,0,mixto
"XXXI VUELTA POPULAR SAN SILVESTRE SALMANTINA 2014. RECORRIDOS A, B, C",2014-12-28,RECORRIDO A. DISTANCIA: 900 M,0,0,0,0,mixto
"XXXI VUELTA POPULAR SAN SILVESTRE SALMANTINA 2014. RECORRIDOS A, B, C",2014-12-28,RECORRIDO B. DISTANCIA: 1400 M,101,87,0,188,mixto
"XXXI VUELTA POPULAR SAN SILVESTRE SALMANTINA 2014. RECORRIDOS A, B, C",2014-12-28,RECORRIDO C. DISTANCIA: 2000 M,0,0,0,0,mixto
XXXII CARREIRA PEDESTRE POPULAR ANDAR E CORRER - BAIONA 2016 - GRAN PREMIO COCA-COLA,2016-08-14,ADULTOS ( 2003 Y AÑOS ANTERIORES),789,287,0,1076,mixto
XXXII CARREIRA PEDESTRE POPULAR ANDAR E CORRER - BAIONA 2016 - GRAN PREMIO COCA-COLA,2016-08-14,ALEVÍN (2004 A 2006),86,52,0,138,mixto
XXXII CARREIRA PEDESTRE POPULAR ANDAR E CORRER - BAIONA 2016 - GRAN PREMIO COCA-COLA,2016-08-14,BENJAMIN (2007 A 2009),80,48,0,128,mixto
XXXII CARREIRA PEDESTRE POPULAR ANDAR E CORRER - BAIONA 2016 - GRAN PREMIO COCA-COLA,2016-08-14,CHUPETE (2012 A 2013),41,25,0,66,mixto
XXXII CARREIRA PEDESTRE POPULAR ANDAR E CORRER - BAIONA 2016 - GRAN PREMIO COCA-COLA,2016-08-14,PRE-BENJAMIN (2010 A 2011),59,42,0,101,mixto
XXXII CARREIRA POPULAR CONCELLO DE MEAÑO,2016-09-11,CURTO (2009-2011),20,14,0,34,mixto
XXXII CARREIRA POPULAR CONCELLO DE MEAÑO,2016-09-11,LONGO (2002 E ANTERIORES),377,75,0,452,mixto
XXXII CARREIRA POPULAR CONCELLO DE MEAÑO,2016-09-11,MEDIANO (2003-2008),55,42,0,97,mixto
XXXII CARRERA POPULAR DE LEIRO,2015-07-05,ABSOLUTA (9321M),189,34,0,223,mixto
XXXII CARRERA POPULAR DE LEIRO,2015-07-05,CAT A (DE 4 A 7 ANOS),25,17,0,42,mixto
XXXII CARRERA POPULAR DE LEIRO,2015-07-05,"CAT B,C,D (DE 8 A 17 ANOS)",39,19,0,58,mixto
XXXII CARRERA POPULAR EL PAYUELO,2012-08-05,ABSOLUTA. Distancia: 7200 m,0,0,0,0,mixto
XXXII CARRREIRA POPULAR SAN MARTINO 2008,2008-11-16,ADULTOS,0,0,0,0,mixto
XXXII Dúatlon Cidade de Lugo,2023-04-30,General,72,42,0,114,mixto
XXXII MARATÓN DE FÁTIMA - CAMPELO,2019-05-11,BENXAMIN (2010-2011) e ALEVIN (2008-2009),21,11,0,32,mixto
XXXII MARATÓN DE FÁTIMA - CAMPELO,2019-05-11,INFANTIL (2006-2007) e CADETE (2004-2005),5,4,0,9,mixto
XXXII MARATÓN DE FÁTIMA - CAMPELO,2019-05-11,PROBA ABSOLUTA (2003 E ANTERIORES),75,12,0,87,mixto
XXXII SAN SILVESTRE RIBADEO 2022,2022-12-31,MILLA (2011-2014),36,31,0,67,mixto
XXXII SAN SILVESTRE RIBADEO 2022,2022-12-31,MINI SANSILVESTRE (2015-2018),26,23,0,49,mixto
XXXII SAN SILVESTRE RIBADEO 2022,2022-12-31,SAN SILVESTRE (2010 e anteriores),285,118,0,403,mixto
XXXII SAN SILVESTRE SALMANTINA 2015,2015-12-27,RECORRIDO A (AÑO 2007 Y POSTERIORES),293,219,0,512,mixto
XXXII SAN SILVESTRE SALMANTINA 2015,2015-12-27,RECORRIDO B (AÑO 2005 Y 2006),125,95,0,220,mixto
XXXII SAN SILVESTRE SALMANTINA 2015,2015-12-27,RECORRIDO C (AÑO 2001 HASTA 2004),179,133,0,312,mixto
XXXII SAN SILVESTRE SALMANTINA 2015,2015-12-27,RECORRIDO D (AÑO 2000 Y ANTERIORES),3654,1070,0,4724,mixto
XXXII TRIATLON CONCELLO DE OLEIROS,2022-05-28,General,139,15,0,154,mixto
XXXII TRÍATLON DO MIÑO,2021-07-11,General,126,34,0,160,mixto
XXXII VOLTA PEDESTRE A AIOS,2019-06-02,BENXAMÍNS (2010-2011) E ALEVÍNS (2008-2009),7,9,0,16,mixto
XXXII VOLTA PEDESTRE A AIOS,2019-06-02,INFANTÍS (2006-2007) E CADETES (2004-2005),11,6,0,17,mixto
XXXII VOLTA PEDESTRE A AIOS,2019-06-02,PROBA ABSOLUTA (2003 E ANTERIORES),61,14,0,75,mixto
XXXIII CARREIRA NOCTURNA DE SAN XOÁN,2016-06-23,"7,7KM(A PARTIR DE 14 ANOS)",475,153,0,628,mixto
XXXIII CARREIRA NOCTURNA DE SAN XOÁN,2016-06-23,RUN RUN VIGO,459,147,0,606,mixto
XXXIII CARREIRA PEDESTRE POPULAR ANDAR E CORRER - BAIONA 2017 - GRAN PREMIO COCA-COLA,2017-08-20,ADULTOS (2004 Y AÑOS ANTERIORES),863,301,0,1164,mixto
XXXIII CARREIRA PEDESTRE POPULAR ANDAR E CORRER - BAIONA 2017 - GRAN PREMIO COCA-COLA,2017-08-20,ALEVIN (NACIDOS ENTRE 2007 - 2005),69,0,0,69,mixto
XXXIII CARREIRA PEDESTRE POPULAR ANDAR E CORRER - BAIONA 2017 - GRAN PREMIO COCA-COLA,2017-08-20,ALEVÍN (NACIDAS ENTRE 2007 - 2005),0,47,0,47,mixto
XXXIII CARREIRA PEDESTRE POPULAR ANDAR E CORRER - BAIONA 2017 - GRAN PREMIO COCA-COLA,2017-08-20,BENJAMIN (NACIDAS ENTRE 2010 - 2008),0,48,0,48,mixto
XXXIII CARREIRA PEDESTRE POPULAR ANDAR E CORRER - BAIONA 2017 - GRAN PREMIO COCA-COLA,2017-08-20,BENJAMIN (NACIDOS ENTRE 2010 - 2008),97,0,0,97,mixto
XXXIII CARREIRA PEDESTRE POPULAR ANDAR E CORRER - BAIONA 2017 - GRAN PREMIO COCA-COLA,2017-08-20,CHUPETE (NACIDAS ENTRE 2014 - 2013),0,40,0,40,mixto
XXXIII CARREIRA PEDESTRE POPULAR ANDAR E CORRER - BAIONA 2017 - GRAN PREMIO COCA-COLA,2017-08-20,CHUPETE (NACIDOS ENTRE 2014 - 2013),47,0,0,47,mixto
XXXIII CARREIRA PEDESTRE POPULAR ANDAR E CORRER - BAIONA 2017 - GRAN PREMIO COCA-COLA,2017-08-20,PRE · BENJAMÍN (NACIDOS ENTRE 2012 - 2011),60,46,0,106,mixto
XXXIII CARREIRA POPULAR CONCELLO DE MEAÑO,2017-09-10,CURTO (2010-2012),31,14,0,45,mixto
XXXIII CARREIRA POPULAR CONCELLO DE MEAÑO,2017-09-10,LONGO (2003 E ANTERIORES),242,43,0,285,mixto
XXXIII CARREIRA POPULAR CONCELLO DE MEAÑO,2017-09-10,MEDIANO (2004-2009),38,39,0,77,mixto
XXXIII CARREIRA POPULAR SAN XIAO (FERROL),2016-01-10,PROBA ABSOLUTA (2000 E ANOS ANTERIORES),434,67,0,501,mixto
XXXIII CARRERA POPULAR DE LEIRO,2016-07-03,ABSOLUTA (9321M),174,36,0,210,mixto
XXXIII CARRERA POPULAR DE LEIRO,2016-07-03,CAT A (DE 4 A 7 ANOS),29,11,0,40,mixto
XXXIII CARRERA POPULAR DE LEIRO,2016-07-03,"CAT B,C,D (DE 8 A 17 ANOS)",29,20,0,49,mixto
XXXIII Dúatlon Cidade de Lugo,2024-11-24,General,51,5,0,56,mixto
XXXIII SAN SILVESTRE RIBADEO 2023,2023-12-31,MILLA (2012-2015),42,35,0,77,mixto
XXXIII SAN SILVESTRE RIBADEO 2023,2023-12-31,MINI SANSILVESTRE (2016-2019),42,27,0,69,mixto
XXXIII SAN SILVESTRE RIBADEO 2023,2023-12-31,SAN SILVESTRE (2011 e anteriores),364,138,0,502,mixto
XXXIII SAN SILVESTRE SALMANTINA 2016,2016-12-26,RECORRIDO A (AÑO 2008 Y POSTERIORES),294,200,0,494,mixto
XXXIII SAN SILVESTRE SALMANTINA 2016,2016-12-26,RECORRIDO B (AÑO 2006 Y 2007),135,95,0,230,mixto
XXXIII SAN SILVESTRE SALMANTINA 2016,2016-12-26,RECORRIDO C (AÑO 2002 HASTA 2005),205,127,0,332,mixto
XXXIII SAN SILVESTRE SALMANTINA 2016,2016-12-26,RECORRIDO D (AÑO 2001 Y ANTERIORES),3631,1114,0,4745,mixto
XXXIII SAN SILVESTRE SALMANTINA 2016,2016-12-26,RECORRIDO D EN VEHÍCULO ADAPTADO,1,0,0,1,mixto
XXXIII TRÍATLON CONCELLO DE OLEIROS,2023-05-06,General,112,11,0,123,mixto
XXXIIi TRÍATLON DO MIÑO,2022-07-03,General,129,21,0,150,mixto
XXXIV C.P. POP. DO SAN MARTIÑO. LIGA 2010,2010-11-14,ABSOLUTA,0,0,0,0,mixto
XXXIV CARREIRA NOCTURNA DE SAN XOÁN,2017-06-23,"7,7KM (A PARTIR DE 14 ANOS)",481,161,0,642,mixto
XXXIV CARREIRA NOCTURNA DE SAN XOÁN,2017-06-23,"7,7KM (RUNRUNVIGO)",472,157,0,629,mixto
XXXIV CARREIRA NOCTURNA DE SAN XOÁN,2017-06-23,"7,7KM (RUNRUNVIGO) [Compensada]",471,157,0,628,mixto
XXXIV CARREIRA PEDESTRE POPULAR ANDAR E CORRER - BAIONA 2018 - GRAN PREMIO COCA-COLA,2018-08-19,ADULTOS (2005 Y AÑOS ANTERIORES),731,224,0,955,mixto
XXXIV CARREIRA PEDESTRE POPULAR ANDAR E CORRER - BAIONA 2018 - GRAN PREMIO COCA-COLA,2018-08-19,ALEVIN (NACIDOS ENTRE 2006 - 2008),57,0,0,57,mixto
XXXIV CARREIRA PEDESTRE POPULAR ANDAR E CORRER - BAIONA 2018 - GRAN PREMIO COCA-COLA,2018-08-19,ALEVÍN (NACIDAS ENTRE 2006 - 2008),0,37,0,37,mixto
XXXIV CARREIRA PEDESTRE POPULAR ANDAR E CORRER - BAIONA 2018 - GRAN PREMIO COCA-COLA,2018-08-19,BENJAMIN (NACIDAS ENTRE 2009 - 2011),0,53,0,53,mixto
XXXIV CARREIRA PEDESTRE POPULAR ANDAR E CORRER - BAIONA 2018 - GRAN PREMIO COCA-COLA,2018-08-19,BENJAMIN (NACIDOS ENTRE 2009 - 2011),86,0,0,86,mixto
XXXIV CARREIRA PEDESTRE POPULAR ANDAR E CORRER - BAIONA 2018 - GRAN PREMIO COCA-COLA,2018-08-19,CHUPETE (NACIDAS ENTRE 2014 - 2015),0,27,0,27,mixto
XXXIV CARREIRA PEDESTRE POPULAR ANDAR E CORRER - BAIONA 2018 - GRAN PREMIO COCA-COLA,2018-08-19,CHUPETE (NACIDOS ENTRE 2014 - 2015),36,0,0,36,mixto
XXXIV CARREIRA PEDESTRE POPULAR ANDAR E CORRER - BAIONA 2018 - GRAN PREMIO COCA-COLA,2018-08-19,PRE · BENJAMÍN (NACIDOS ENTRE 2012 - 2013),56,37,0,93,mixto
XXXIV CARREIRA POPULAR CONCELLO DE MEAÑO,2018-09-09,CIRCUÍTO CURTO (2011 A 2013),26,17,0,43,mixto
XXXIV CARREIRA POPULAR CONCELLO DE MEAÑO,2018-09-09,CIRCUÍTO LONGO (2004 E ANOS ANTERIORES),266,53,0,319,mixto
XXXIV CARREIRA POPULAR CONCELLO DE MEAÑO,2018-09-09,CIRCUÍTO MEDIANO (2005 A 2010),39,34,0,73,mixto
XXXIV CARREIRA POPULAR SAN XIAO (FERROL),2017-01-08,HANDBIKE,1,0,0,1,mixto
XXXIV CARREIRA POPULAR SAN XIAO (FERROL),2017-01-08,PROBA ABSOLUTA (2001 E ANOS ANTERIORES),530,105,0,635,mixto
XXXIV CARREIRA POPULAR SANTAIA 2012,2012-08-19,CADETES. Distancia: 4330 m,0,0,0,0,mixto
XXXIV CARREIRA POPULAR SANTAIA 2012,2012-08-19,PROBA ABSOLUTA. Distancia: 8660 m,0,0,0,0,mixto
XXXIV CARRERA DE PASCUA DE PADRON 2013,2013-03-30,PRUEBA ABSOLUTA. DISTANCIA: 13300 M,0,0,0,0,mixto
XXXIV CARRERA POPULAR DE LEIRO,2017-07-02,ABSOLUTA (9321M),193,38,0,231,mixto
XXXIV CARRERA POPULAR DE LEIRO,2017-07-02,CAT A (DE 4 A 7 ANOS),24,20,0,44,mixto
XXXIV CARRERA POPULAR DE LEIRO,2017-07-02,"CAT B,C,D (DE 8 A 17 ANOS)",39,15,0,54,mixto
XXXIV SAN SILVESTRE RIBADEO 2024,2024-12-31,MILLA (2013-2016),44,35,0,79,mixto
XXXIV SAN SILVESTRE RIBADEO 2024,2024-12-31,MINI SANSILVESTRE (2017-2020),37,36,0,73,mixto
XXXIV SAN SILVESTRE RIBADEO 2024,2024-12-31,SAN SILVESTRE (2012 e anteriores),418,189,0,607,mixto
XXXIV SAN SILVESTRE SALMANTINA,2017-12-31,RECORRIDO A (2009 Y POSTERIORES),286,218,0,504,mixto
XXXIV SAN SILVESTRE SALMANTINA,2017-12-31,RECORRIDO B (2007 Y 2008),123,83,0,206,mixto
XXXIV SAN SILVESTRE SALMANTINA,2017-12-31,RECORRIDO C ( 2003 HASTA 2006),200,118,0,318,mixto
XXXIV SAN SILVESTRE SALMANTINA,2017-12-31,RECORRIDO D (2002 Y ANTERIORES),3649,1149,0,4798,mixto
XXXIV SAN SILVESTRE SALMANTINA,2017-12-31,RECORRIDO D EN VEHICULO ADAPTADO,1,0,0,1,mixto
XXXIV TRAVESÍA A NADO DO PORTO DE VILAGARCÍA,2016-08-21,2000M (2002 E ANTERIORES),86,21,0,107,mixto
XXXIV TRAVESÍA A NADO DO PORTO DE VILAGARCÍA,2016-08-21,250M (2004 Y POSTERIORES),8,11,0,19,mixto
XXXIV TRAVESÍA A NADO DO PORTO DE VILAGARCÍA,2016-08-21,900M (2006 Y ANTERIORES),20,17,0,37,mixto
XXXIV TRÍATLON CONCELLO DE OLEIROS,2024-05-25,General,165,14,0,179,mixto
XXXIV TRÍATLON DO MIÑO,2023-07-09,General,104,19,0,123,mixto
XXXIV VILLA DE GIJON 2012,2012-11-18,XXXIV VILLA DE GIJON 2012,0,0,0,0,mixto
XXXIX SAN SILVESTRE GIJON 2008,2008-12-31,SAN SILVESTRE. Distancia: 6000 m,0,0,0,0,mixto
XXXIX SAN SILVESTRE SALMANTINA,2023-12-31,RECORRIDO A (2014 y posteriores),297,234,0,531,mixto
XXXIX SAN SILVESTRE SALMANTINA,2023-12-31,RECORRIDO B (2012-2013),109,68,0,177,mixto
XXXIX SAN SILVESTRE SALMANTINA,2023-12-31,RECORRIDO C (2008-2011),136,77,0,213,mixto
XXXIX SAN SILVESTRE SALMANTINA,2023-12-31,RECORRIDO D (2007 y anteriores),3195,1177,0,4372,mixto
XXXIX SAN SILVESTRE SALMANTINA,2023-12-31,RECORRIDO D EN VEHÍCULO ADAPTADO,8,0,0,8,mixto
XXXIX TRAVESÍA A NADO DO PORTO DE VILAGARCÍA,2023-08-06,PERCORRIDO A (2009 e anteriores),90,43,0,133,mixto
XXXIX TRAVESÍA A NADO DO PORTO DE VILAGARCÍA,2023-08-06,PERCORRIDO B (2012 e anteriores),33,27,0,60,mixto
XXXIX TRAVESÍA A NADO EL CORTE INGLÉS (VIGO),2017-07-30,4º TROFEO DE AUGAS ABERTAS MAR DE VIGO,69,33,0,102,mixto
XXXIX TRAVESÍA A NADO EL CORTE INGLÉS (VIGO),2017-07-30,MEDIA MILLA NÁUTICA: TRAVESÍA A NADO POPULAR,225,108,0,333,mixto
XXXIX TROFEO PEDESTRISMO CONCELLO DE CANGAS 2012 10000M,2012-12-02,XXXIX TROFEO PEDESTRISMO CONCELLO DE CANGAS 2012 10000M,0,0,0,0,mixto
XXXIX TROFEO PEDESTRISMO CONCELLO DE CANGAS 2012 6000M,2012-12-02,XXXIX TROFEO PEDESTRISMO CONCELLO DE CANGAS 2012 6000M,0,0,0,0,mixto
XXXV CARREIRA NOCTURNA DE SAN XOÁN,2018-06-23,ABSOLUTA (A PARTIR DE 14 ANOS),457,144,0,601,mixto
XXXV CARREIRA NOCTURNA DE SAN XOÁN,2018-06-23,ABSOLUTA (RUNRUNVIGO),448,142,0,590,mixto
XXXV CARREIRA PEDESTRE POPULAR ANDAR E CORRER - BAIONA 2019 - GRAN PREMIO COCA-COLA,2019-08-18,ADULTOS (2006 Y AÑOS ANTERIORES),669,253,0,922,mixto
XXXV CARREIRA PEDESTRE POPULAR ANDAR E CORRER - BAIONA 2019 - GRAN PREMIO COCA-COLA,2019-08-18,ALEVIN (NACIDOS ENTRE 2007 - 2009),59,0,0,59,mixto
XXXV CARREIRA PEDESTRE POPULAR ANDAR E CORRER - BAIONA 2019 - GRAN PREMIO COCA-COLA,2019-08-18,ALEVÍN (NACIDAS ENTRE 2007 - 2009),0,0,0,0,mixto
XXXV CARREIRA PEDESTRE POPULAR ANDAR E CORRER - BAIONA 2019 - GRAN PREMIO COCA-COLA,2019-08-18,BENJAMIN (NACIDAS ENTRE 2010 - 2012),0,0,0,0,mixto
XXXV CARREIRA PEDESTRE POPULAR ANDAR E CORRER - BAIONA 2019 - GRAN PREMIO COCA-COLA,2019-08-18,BENJAMIN (NACIDOS ENTRE 2010 - 2012),0,0,0,0,mixto
XXXV CARREIRA PEDESTRE POPULAR ANDAR E CORRER - BAIONA 2019 - GRAN PREMIO COCA-COLA,2019-08-18,CHUPETE (NACIDAS ENTRE 2015 - 2016),0,0,0,0,mixto
XXXV CARREIRA PEDESTRE POPULAR ANDAR E CORRER - BAIONA 2019 - GRAN PREMIO COCA-COLA,2019-08-18,CHUPETE (NACIDOS ENTRE 2015 - 2016),0,0,0,0,mixto
XXXV CARREIRA PEDESTRE POPULAR ANDAR E CORRER - BAIONA 2019 - GRAN PREMIO COCA-COLA,2019-08-18,PRE-BENJAMÍN (NACIDOS ENTRE 2013 - 2014),0,0,0,0,mixto
XXXV CARREIRA PEDESTRE POPULAR ANDAR E CORRER - BAIONA 2019 - GRAN PREMIO COCA-COLA,2019-08-18,PRE·BENJAMÍN (NACIDOS ENTRE 2013 - 2014),0,0,0,0,mixto
XXXV CARREIRA PEDESTRE POPULAR DE SANTIAGO 2012. ADULTOS,2012-10-28,XXXV CARREIRA PEDESTRE POPULAR DE SANTIAGO 2012. ADULTOS,0,0,0,0,mixto
XXXV CARREIRA PEDESTRE POPULAR DE SANTIAGO 2012. ESCOLARES,2012-10-28,XXXV CARREIRA PEDESTRE POPULAR DE SANTIAGO 2012. ESCOLARES,0,0,0,0,mixto
XXXV CARREIRA POPULAR CONCELLO DE MEAÑO,2019-09-08,CIRCUÍTO CURTO (2012 A 2014),29,30,0,59,mixto
XXXV CARREIRA POPULAR CONCELLO DE MEAÑO,2019-09-08,CIRCUÍTO LONGO (2005 E ANOS ANTERIORES),273,56,0,329,mixto
XXXV CARREIRA POPULAR CONCELLO DE MEAÑO,2019-09-08,CIRCUÍTO MEDIANO (2006 A 2011),43,36,0,79,mixto
XXXV CARREIRA POPULAR SANTAIA - XXXI MEMORIAL SANTIAGO RAMOS 2013,2013-08-25,CADETES. DISTANCIA: 4175 M,0,0,0,0,mixto
XXXV CARREIRA POPULAR SANTAIA - XXXI MEMORIAL SANTIAGO RAMOS 2013,2013-08-25,JUNIOR/SENIOR/VETERANOS E SUPERVETERANOS. DISTANCIA: 8350 M,0,0,0,0,mixto
XXXV CARRERA POPULAR DE LEIRO,2018-07-08,ABSOLUTA (MAYORES DE 18 AÑOS),119,25,0,144,mixto
XXXV CARRERA POPULAR DE LEIRO,2018-07-08,CATEGORÍA A (DE 4 A 7 AÑOS),17,12,0,29,mixto
XXXV CARRERA POPULAR DE LEIRO,2018-07-08,"CATEGORÍAS B, C e D (DE 8 A 17 AÑOS)",39,33,0,72,mixto
XXXV SAN SILVESTRE RIBADEO 2025,2025-12-31,MILLA (2014-2017),47,21,0,68,mixto
XXXV SAN SILVESTRE RIBADEO 2025,2025-12-31,MINI SANSILVESTRE (2018-2021),50,31,0,81,mixto
XXXV SAN SILVESTRE RIBADEO 2025,2025-12-31,SAN SILVESTRE (2013 e anteriores),440,206,0,646,mixto
XXXV SAN SILVESTRE SALMANTINA,2018-12-30,RECORRIDO A (2010 Y POSTERIORES),273,222,0,495,mixto
XXXV SAN SILVESTRE SALMANTINA,2018-12-30,RECORRIDO B (2008 Y 2009),122,79,0,201,mixto
XXXV SAN SILVESTRE SALMANTINA,2018-12-30,RECORRIDO C (2004 HASTA 2007),169,122,0,291,mixto
XXXV SAN SILVESTRE SALMANTINA,2018-12-30,RECORRIDO D (2003 Y ANTERIORES),3905,1093,0,4998,mixto
XXXV SAN SILVESTRE SALMANTINA,2018-12-30,RECORRIDO D EN VEHÍCULO ADAPTADO,1,0,0,1,mixto
XXXV TRAVESÍA A NADO DO PORTO DE VILAGARCÍA,2017-08-20,2000M (2003 E ANTERIORES),88,18,0,106,mixto
XXXV TRAVESÍA A NADO DO PORTO DE VILAGARCÍA,2017-08-20,250M (2005 Y POSTERIORES),7,8,0,15,mixto
XXXV TRAVESÍA A NADO DO PORTO DE VILAGARCÍA,2017-08-20,900M (2007 Y ANTERIORES),18,18,0,36,mixto
XXXV TRÍATLON DO MIÑO,2024-07-07,General,90,20,0,110,mixto
XXXVI CARREIRA NOCTURNA DE SAN XOÁN,2019-06-23,ABSOLUTA (A PARTIR DE 14 ANOS),423,160,0,583,mixto
XXXVI CARREIRA NOCTURNA DE SAN XOÁN,2019-06-23,ABSOLUTA (RUNRUNVIGO),413,160,0,573,mixto
XXXVI CARREIRA PEDESTRE POPULAR DE SANTIAGO 2013,2013-10-27,PROBA ABSOLUTA. DISTANCIA: 12000 M,0,0,0,0,mixto
XXXVI CARREIRA PEDESTRE POPULAR DE SANTIAGO 2013. ESCOLARES,2013-10-27,PROBA ESCOLAR. DISTANCIA: 7000 M,0,0,0,0,mixto
XXXVI CARRERA POPULAR DE LEIRO,2019-07-07,ABSOLUTA (2001 e anteriores),246,64,0,310,mixto
XXXVI CARRERA POPULAR DE LEIRO,2019-07-07,CATEGORIA C (Del 2008 al 2011),22,23,0,45,mixto
XXXVI CARRERA POPULAR DE LEIRO,2019-07-07,CATEGORIA D y E (Del 2002 al 2007),26,18,0,44,mixto
XXXVI CARRERA POPULAR DE LEIRO,2019-07-07,CATEGORÍA B (2012 a 2014),16,8,0,24,mixto
XXXVI CARRREIRA POPULAR SAN MARTIÑO 2012.PROBA ESCOLAR,2012-11-18,XXXVI CARRREIRA POPULAR SAN MARTIÑO 2012.PROBA ESCOLAR,0,0,0,0,mixto
XXXVI SAN SILVESTRE SALMANTINA,2019-12-29,RECORRIDO A (2011 Y POSTERIORES),248,219,0,467,mixto
XXXVI SAN SILVESTRE SALMANTINA,2019-12-29,RECORRIDO B (2009 Y 2010),109,85,0,194,mixto
XXXVI SAN SILVESTRE SALMANTINA,2019-12-29,RECORRIDO C (2005 HASTA 2008),162,104,0,266,mixto
XXXVI SAN SILVESTRE SALMANTINA,2019-12-29,RECORRIDO D (2004 Y ANTERIORES),3856,1144,0,5000,mixto
XXXVI SAN SILVESTRE SALMANTINA,2019-12-29,RECORRIDO D EN VEHÍCULO ADAPTADO,7,0,0,7,mixto
XXXVI TRÍATLON DO MIÑO,2025-08-17,General,101,20,0,121,mixto
XXXVII CARREIRA PEDESTRE POPULAR DE SANTIAGO 2014,2014-10-26,PROBA ABSOLUTA. DISTANCIA: 12000 M,0,0,0,0,mixto
XXXVII CARREIRA PEDESTRE POPULAR DE SANTIAGO 2014. ESCOLARES,2014-10-26,PROBA ESCOLAR. DISTANCIA: 7000 M,0,0,0,0,mixto
XXXVII CARREIRA PEDESTRE POPULAR DO SAN MARTIÑO. CARREIRA DE CATIVOS 1.4 KM,2013-11-17,CARREIRA DE CATIVOS - 1.4 KM. DISTANCIA: 1400 M,0,0,0,0,mixto
XXXVII CARREIRA POPULAR CONCELLO DE MEAÑO,2023-09-10,CIRCUITO CURTO (2016-2018),18,9,0,27,mixto
XXXVII CARREIRA POPULAR CONCELLO DE MEAÑO,2023-09-10,CIRCUITO LONGO (2009 e anteriores),192,63,0,255,mixto
XXXVII CARREIRA POPULAR CONCELLO DE MEAÑO,2023-09-10,CIRCUITO MEDIANO (2010-2015),56,43,0,99,mixto
XXXVII Gran Fondo - XXIV Medio Maratón - I 10KM - Pontevedra,2019-10-20,10KM,222,100,0,322,mixto
XXXVII Gran Fondo - XXIV Medio Maratón - I 10KM - Pontevedra,2019-10-20,EQUIPOS MIXTOS DE 3,0,0,0,0,mixto
XXXVII Gran Fondo - XXIV Medio Maratón - I 10KM - Pontevedra,2019-10-20,MEDIO MARATON,879,78,0,957,mixto
XXXVII TRAVESÍA A NADO DO PORTO DE VILAGARCÍA,2019-07-21,PERCORRIDO A (2005 E ANOS ANT.),84,37,0,121,mixto
XXXVII TRAVESÍA A NADO DO PORTO DE VILAGARCÍA,2019-07-21,PERCORRIDO B (HOMES DO 2006 E ANOS ANT. - MULLERES DO 2007 E ANOS ANT.),15,20,0,35,mixto
XXXVIII CARREIRA POPULAR CONCELLO DE MEAÑO,2024-09-08,CIRCUITO CURTO (2017-2019),19,6,0,25,mixto
XXXVIII CARREIRA POPULAR CONCELLO DE MEAÑO,2024-09-08,CIRCUITO LONGO (2010 e anteriores),201,49,0,250,mixto
XXXVIII CARREIRA POPULAR CONCELLO DE MEAÑO,2024-09-08,CIRCUITO MEDIANO (2011-2016),48,30,0,78,mixto
XXXVIII SAN SILVESTRE SALMANTINA,2022-12-26,RECORRIDO A (2013 Y POSTERIORES),251,203,0,454,mixto
XXXVIII SAN SILVESTRE SALMANTINA,2022-12-26,RECORRIDO B (2011-2012),90,49,0,139,mixto
XXXVIII SAN SILVESTRE SALMANTINA,2022-12-26,RECORRIDO C (2007-2010),125,71,0,196,mixto
XXXVIII SAN SILVESTRE SALMANTINA,2022-12-26,RECORRIDO D (2006 y anteriores),3417,1166,0,4583,mixto
XXXVIII SAN SILVESTRE SALMANTINA,2022-12-26,RECORRIDO D EN VEHÍCULO ADAPTADO,8,0,0,8,mixto
XXXVIII TRAVESÍA A NADO DO PORTO DE VILAGARCÍA,2022-07-17,PERCORRIDO A (2007 e anteriores),70,15,0,85,mixto
XXXVIII TRAVESÍA A NADO DO PORTO DE VILAGARCÍA,2022-07-17,PERCORRIDO B ( Homes 2009 e anteriores-Mulleres 2011 e anteriores),19,30,0,49,mixto
XXXVIII TRAVESÍA A NADO EL CORTE INGLÉS (VIGO),2016-07-30,3º TROFEO DE AGUAS ABIERTAS MAR DE VIGO,36,20,0,56,mixto
XXXVIII TRAVESÍA A NADO EL CORTE INGLÉS (VIGO),2016-07-30,MEDIA MILLA NÁUTICA: TRAVESÍA A NADO POPULAR,176,71,0,247,mixto
"Xi CARREIRA POPULAR DE TABOADA ""ENTRE PAZOS E CARBALLOS"" 2024",2024-09-21,10Km (2008 e anteriores),61,18,0,79,mixto
"Xi CARREIRA POPULAR DE TABOADA ""ENTRE PAZOS E CARBALLOS"" 2024",2024-09-21,5Km (2008 e anteriores),13,12,0,25,mixto
"Xi CARREIRA POPULAR DE TABOADA ""ENTRE PAZOS E CARBALLOS"" 2024",2024-09-21,CATEGORIA A (2015-2017),16,13,0,29,mixto
"Xi CARREIRA POPULAR DE TABOADA ""ENTRE PAZOS E CARBALLOS"" 2024",2024-09-21,CATEGORIA B (2012-2014),15,10,0,25,mixto
"Xi CARREIRA POPULAR DE TABOADA ""ENTRE PAZOS E CARBALLOS"" 2024",2024-09-21,CATEGORIA C (2009-2011),0,5,0,5,mixto
“O Trail do Brigantia – Polas Terras de Pondal” Concello de Ponteceso,2015-08-23,"TRAIL CORTO 13,3KM (600+)",69,29,0,98,mixto
“O Trail do Brigantia – Polas Terras de Pondal” Concello de Ponteceso,2015-08-23,TRAIL LARGO 23KM (980+),106,8,0,114,mixto
