fuente,nombre_carrera,fecha,dia_semana,distancia,tipo_modalidad,publico,finisher_d,finisher_h,municipio,comarca,provincia,id,fecha_inicio,fecha_fin,tipo_deporte,ubicacion,region,pais,codigo_pais,lat,lon,url_evento,finisher_desconocido,tiene_clasificacion
RaceResult,4 Stage MTB Race Lanzarote 2026,2026-09-03,Jueves,0.0,Ciclismo y btt,Mixta,111.0,1299.0,Tinajo,,Las Palmas,325768,2026-09-03,2026-09-06,Bicicleta de montaña,Tinajo,,España,ES,29.072,-13.6749,https://my.raceresult.com/325768/,792.0,True
RaceResult,The Hybrid Run,2026-05-09,Sábado,0.0,road running,Absoluta/General,,,Torremolinos,Costa del Sol Occidental,Málaga,377397,2026-05-09,2026-05-09,Carrera de fitness,Torremolinos,Málaga,España,ES,36.6238,-4.5002,https://my.raceresult.com/377397/,,True
RaceResult,SAC Series Junio 2026,2026-06-05,Viernes,0.0,road running,Absoluta/General,,,Pollença,Sierra de Tramontana,Islas Baleares,403612,2026-06-05,2026-06-06,Carrera de fitness,Pollença,,España,ES,39.8777,3.0162,https://my.raceresult.com/403612/,,True
RaceResult,21 LEGUAS,2023-09-30,Sábado,0.0,Otros,Equipos,,,Narón,Ferrol,La Coruña,263835,2023-09-30,2023-10-01,Otros,Narón,,España,ES,43.4966,-8.196,https://my.raceresult.com/263835/,,True
RaceResult,VOLTA GALICIA BTT 2026,2026-09-03,Jueves,0.0,Ciclismo y btt,Absoluta/General,7.0,93.0,Lalín,Deza,Pontevedra,420299,2026-09-03,2026-09-06,Bicicleta de montaña,Lalín,,España,ES,42.6615,-8.1122,https://my.raceresult.com/420299/,0.0,True
RaceResult,COPA ESPAÑA PUMPTRACK MAESE OURENSE,2026-08-30,Domingo,0.0,Ciclismo y btt,Mixta,18.0,0.0,Padrenda,Tierra de Celanova,Ourense,419334,2026-08-30,2026-08-30,Bicicleta de montaña,OURENSE,,España,ES,42.1388,-8.1583,https://my.raceresult.com/419334/,74.0,True
RaceResult,DEKA STRONG & MILE: Box Akyles,2026-09-06,Domingo,1.609,Otros,Absoluta/General,,,,Washington County,Kansas,418933,2026-09-06,2026-09-06,Otros,Torre del Mar,,España,ES,39.716,-96.9997,https://my.raceresult.com/418933/,,True
RaceResult,VIII CHALLENGER JUNIOR CARBALLO,2026-08-28,Viernes,0.0,Ciclismo y btt,Mixta,,,Carballo,Bergantiños,La Coruña,418770,2026-08-28,2026-08-30,Ciclismo,CARBALLO,,España,ES,43.2127,-8.6911,https://my.raceresult.com/418770/,,True
RaceResult,VIII CHALLENGE JUNIOR CARBALLO - Etapa 1 CRI,2026-08-28,Viernes,0.0,Ciclismo y btt,Mixta,2.0,0.0,Carballo,Bergantiños,La Coruña,418766,2026-08-28,2026-08-28,Ciclismo,Carballo,,España,ES,43.2127,-8.6911,https://my.raceresult.com/418766/,202.0,True
RaceResult,DEKA MILE: SIRONBOX,2026-09-05,Sábado,1.609,Otros,Absoluta/General,,,,Washington County,Kansas,418677,2026-09-05,2026-09-05,Otros,FIGUERES ,,España,ES,39.716,-96.9997,https://my.raceresult.com/418677/,,True
RaceResult,CAMPEONATO ESPAÑA PUMPTRACK 2026 - V PUMPTRACK NOCTURNO MONDARIZ,2026-08-22,Sábado,0.0,Ciclismo y btt,Mixta,72.0,146.0,Ponteareas,O Condado,Pontevedra,417859,2026-08-22,2026-08-23,Bicicleta de montaña,PONTEAREAS,,España,ES,42.2107,-8.4993,https://my.raceresult.com/417859/,146.0,True
RaceResult,PROVITAL Backyard Ultra,2026-05-14,Jueves,0.0,Otros,Absoluta/General,,,Lastras de Cuéllar,,Segovia,416954,2026-05-14,2026-05-16,Otros,,,España,ES,41.2949,-4.0557,https://my.raceresult.com/416954/,,False
RaceResult,Sierra Nevada Skyrunning,2026-08-22,Sábado,0.0,trail running,Absoluta/General,,,Carmona,,Sevilla,416776,2026-08-22,2026-08-23,Carreras de montaña,Pradollano,Granada,España,ES,37.52,-5.8365,https://my.raceresult.com/416776/,,True
RaceResult,Vertical Famara Total By European Sports Destination 2026,2026-08-13,Jueves,0.0,road running,Absoluta/General,,,Colmenar de Oreja,,Comunidad de Madrid,415523,2026-08-13,2026-08-13,Running,,,España,ES,40.091,-3.4646,https://my.raceresult.com/415523/,,True
RaceResult,Famara Total 2026,2026-08-15,Sábado,0.0,road running,Absoluta/General,,,Teguise,,Las Palmas,415522,2026-08-15,2026-08-15,Running,Teguise,,España,ES,29.0594,-13.5606,https://my.raceresult.com/415522/,,False
RaceResult,MTB DOWNTOWN MARISQUIÑO,2026-08-09,Domingo,0.0,Ciclismo y btt,Absoluta/General,3.0,50.0,Vigo,Vigo,Pontevedra,415278,2026-08-09,2026-08-09,Bicicleta de montaña,Vigo,Pontevedra,España,ES,42.2167,-8.7169,https://my.raceresult.com/415278/,0.0,True
RaceResult,V VOLTA A NADO ILLA DE TAMBO,2026-07-26,Domingo,0.0,Otros,Absoluta/General,,,Combarro,Pontevedra,Pontevedra,412980,2026-07-26,2026-07-26,Natación,Poio,,España,ES,42.4359,-8.7051,https://my.raceresult.com/412980/,,False
RaceResult,CAMPIONATO DE GALICIA DE DHI 2026 - XUNQUEIRA DE ESPADANEDO,2026-07-26,Domingo,0.0,Ciclismo y btt,Mixta,25.0,154.0,Xunqueira de Espadanedo,Allariz-Maceda,Ourense,412977,2026-07-26,2026-07-26,Bicicleta de montaña,XUNQUEIRA DE ESPADANEDO,,España,ES,42.3186,-7.6292,https://my.raceresult.com/412977/,187.0,True
RaceResult,DEKA MILE: Xclusive FIT,2026-08-01,Sábado,1.609,Otros,Absoluta/General,,,,Washington County,Kansas,412682,2026-08-01,2026-08-02,Otros,El Campello,,España,ES,39.716,-96.9997,https://my.raceresult.com/412682/,,True
RaceResult,CARRILANAS ESTEIRO 2026,2026-07-18,Sábado,0.0,Otros,Absoluta/General,,,Muros,Muros,La Coruña,412070,2026-07-18,2026-07-18,Otros,Esteiro (Muros),,España,ES,42.7746,-9.0576,https://my.raceresult.com/412070/,,True
RaceResult,XVI TRAVESÍA A NADO COSTA SERENA-GRAN PREMIO CONCELLO DE NIGRÁN,2026-07-19,Domingo,0.0,Otros,Absoluta/General,,,Nigrán,Vigo,Pontevedra,411928,2026-07-19,2026-07-19,Natación,Vigo,,España,ES,42.1279,-8.8177,https://my.raceresult.com/411928/,,True
RaceResult,III MINIDH ENDURRAZO 2026,2026-07-19,Domingo,0.0,Ciclismo y btt,Infantil,24.0,0.0,Cangas de Morrazo,Morrazo,Pontevedra,411799,2026-07-19,2026-07-19,Bicicleta de montaña,MOAÑA,,España,ES,42.2849,-8.7822,https://my.raceresult.com/411799/,267.0,True
RaceResult,DEKA STRONG: Box Akyles,2026-07-25,Sábado,0.0,Otros,Absoluta/General,,,,Washington County,Kansas,411594,2026-07-25,2026-07-25,Otros,ALHAMA DE GRANADA,,España,ES,39.716,-96.9997,https://my.raceresult.com/411594/,,False
RaceResult,Masdache Run 2026,2026-07-19,Domingo,5.0,road running,Absoluta/General,,,Tías,,Las Palmas,411556,2026-07-19,2026-07-19,Running,Tias,,España,ES,28.9201,-13.6596,https://my.raceresult.com/411556/,,True
RaceResult,Milla Popular La Santa 2026,2026-07-17,Viernes,1.609,road running,Absoluta/General,,,Tinajo,,Las Palmas,411552,2026-07-17,2026-07-17,Running,Tinajo,,España,ES,29.0666,-13.6765,https://my.raceresult.com/411552/,,False
RaceResult,XIII DHU VILLA DE SARRIA 2026,2026-07-12,Domingo,0.0,Ciclismo y btt,Mixta,12.0,141.0,Sarria,Sarria,Lugo,410757,2026-07-12,2026-07-12,Bicicleta de montaña,SARRIA,,España,ES,42.7813,-7.4139,https://my.raceresult.com/410757/,131.0,True
RaceResult,COPA DE ESPAÑA PUMPTRACK XOVE- IV GRAN PREMIO CONCELLO DE XOVE,2026-07-11,Sábado,0.0,Ciclismo y btt,Mixta,34.0,56.0,Xove,Mariña Occidental,Lugo,410682,2026-07-11,2026-07-11,Ciclismo,XOVE,,España,ES,43.6852,-7.5115,https://my.raceresult.com/410682/,62.0,True
RaceResult,DEKA MADRID 2026,2026-07-18,Sábado,0.0,Otros,Equipos,300.0,308.0,Madrid,,Comunidad de Madrid,410443,2026-07-18,2026-07-19,Otros,Madrid,,España,ES,40.4128,-3.7337,https://my.raceresult.com/410443/,555.0,True
RaceResult,XX Carrera Popular Ciudad de Quesada,2026-08-23,Domingo,5.0,road running,Absoluta/General,,,Quesada,,Jaén,410280,2026-08-23,2026-08-23,Running,Quesada,,España,ES,37.8468,-3.068,https://my.raceresult.com/410280/,,True
RaceResult,Sylex 2026,2026-07-04,Sábado,0.0,road running,Absoluta/General,,,Colmenar de Oreja,,Comunidad de Madrid,409643,2026-07-04,2026-07-04,Carrera de fitness,,,España,ES,40.091,-3.4646,https://my.raceresult.com/409643/,,True
RaceResult,XXII Travesía San Juan,2026-07-04,Sábado,0.0,Otros,Mixta,74.0,86.0,Arrecife,,Las Palmas,409630,2026-07-04,2026-07-04,Natación,Arrecife,,España,ES,28.962,-13.5519,https://my.raceresult.com/409630/,19.0,True
RaceResult,II Carrera Popular Valdepeñas,2026-08-29,Sábado,0.0,trail running,Absoluta/General,,,Valdepeñas de Jaén,,Jaén,409570,2026-08-29,2026-08-29,Carreras de montaña,Valdepeñas de Jaén,Jaén,España,ES,37.59,-3.8153,https://my.raceresult.com/409570/,,True
RaceResult,DEKA Happy Gym Calvià 2026,2026-07-04,Sábado,0.0,road running,Absoluta/General,,,Calvià,Sierra de Tramontana,Islas Baleares,409310,2026-07-04,2026-07-05,Carrera de fitness,Calvià,,España,ES,39.5667,2.508,https://my.raceresult.com/409310/,,True
RaceResult,Cto. Extremadura Triatlón Sprint Villanueva de la Serena,2026-07-05,Domingo,0.0,Multidisciplina,Absoluta/General,,,Villanueva de la Serena,,Badajoz,409243,2026-07-05,2026-07-05,Triatlón,Villanueva de la Serena (Badajoz),,España,ES,38.9733,-5.8001,https://my.raceresult.com/409243/,,False
RaceResult,DEKA STRONG & MILE: Happy Gym Magaluf,2026-07-04,Sábado,1.609,Otros,Absoluta/General,,,,Washington County,Kansas,408284,2026-07-04,2026-07-05,Otros,Calvià,,España,ES,39.716,-96.9997,https://my.raceresult.com/408284/,,True
RaceResult,DEKA STRONG & MILE: TOLETVM CROSSFIT,2026-07-04,Sábado,1.609,Otros,Absoluta/General,,,,Washington County,Kansas,408165,2026-07-04,2026-07-05,Otros,Castilla-La Mancha,,España,ES,39.716,-96.9997,https://my.raceresult.com/408165/,,True
RaceResult,DEKA MILE: KGM TRAINING,2026-07-04,Sábado,1.609,Otros,Absoluta/General,,,,Washington County,Kansas,408145,2026-07-04,2026-07-04,Otros,Elda,,España,ES,39.716,-96.9997,https://my.raceresult.com/408145/,,True
RaceResult,Fungo Stadium Toyota Gamo Bahia,2026-06-20,Sábado,0.0,road running,Absoluta/General,11.0,0.0,Cádiz,Bahía de Cádiz,Cádiz,407666,2026-06-20,2026-06-21,Carrera de fitness,Cádiz,,España,ES,36.531,-6.2956,https://my.raceresult.com/407666/,0.0,True
RaceResult,DEKA MILE: Nilfit Box Valdemoro,2026-06-28,Domingo,1.609,Otros,Absoluta/General,,,,Washington County,Kansas,407182,2026-06-28,2026-06-28,Otros,Valdemoro,,España,ES,39.716,-96.9997,https://my.raceresult.com/407182/,,True
RaceResult,DEKA MILE: NSTOP,2026-06-27,Sábado,1.609,Otros,Absoluta/General,,,,Washington County,Kansas,406913,2026-06-27,2026-06-27,Otros,Bajo,,España,ES,39.716,-96.9997,https://my.raceresult.com/406913/,,True
RaceResult,DEKA MILE: Hiberus training box,2026-06-27,Sábado,1.609,Otros,Absoluta/General,,,,Washington County,Kansas,406910,2026-06-27,2026-06-27,Otros,nave,,España,ES,39.716,-96.9997,https://my.raceresult.com/406910/,,True
RaceResult,DEKA VIGO 2026,2026-06-27,Sábado,0.0,Otros,Absoluta/General,,,Vigo,Vigo,Pontevedra,406880,2026-06-27,2026-06-27,Otros,Vigo,,España,ES,42.217,-8.6595,https://my.raceresult.com/406880/,,False
RaceResult,XCO AJEI 2026 [XCO-MTB Ajei],2026-06-20,Sábado,0.0,Ciclismo y btt,Mixta,11.0,0.0,Colmenar de Oreja,,Comunidad de Madrid,406730,2026-06-20,2026-06-21,Ciclismo,,,España,ES,40.091,-3.4646,https://my.raceresult.com/406730/,187.0,True
RaceResult,XCO AJEI 2026 [Short Track],2026-06-20,Sábado,0.0,Ciclismo y btt,Mixta,10.0,27.0,Colmenar de Oreja,,Comunidad de Madrid,406729,2026-06-20,2026-06-21,Ciclismo,,,España,ES,40.091,-3.4646,https://my.raceresult.com/406729/,59.0,True
RaceResult,XCO AJEI 2026 [MTB Escuelas],2026-06-20,Sábado,0.0,Ciclismo y btt,Infantil,23.0,0.0,Colmenar de Oreja,,Comunidad de Madrid,406727,2026-06-20,2026-06-21,Ciclismo,,,España,ES,40.091,-3.4646,https://my.raceresult.com/406727/,269.0,True
RaceResult,DEKA STRONG & MILE: RED RIBBON ACADEMY,2026-06-20,Sábado,1.609,Otros,Absoluta/General,,,,Washington County,Kansas,405500,2026-06-20,2026-06-21,Otros,Reus,,España,ES,39.716,-96.9997,https://my.raceresult.com/405500/,,True
RaceResult,Tias bike Race 2026,2026-06-14,Domingo,0.0,Ciclismo y btt,Absoluta/General,,,Tías,,Las Palmas,404074,2026-06-14,2026-06-14,Bicicleta de montaña,Tias,,España,ES,28.9543,-13.6516,https://my.raceresult.com/404074/,,True
RaceResult,Supercampeonato de Canarias de MTB,2026-06-20,Sábado,0.0,Ciclismo y btt,Infantil,9.0,0.0,Colmenar de Oreja,,Comunidad de Madrid,404045,2026-06-20,2026-06-21,Ciclismo,,,España,ES,40.091,-3.4646,https://my.raceresult.com/404045/,102.0,True
RaceResult,III Circuito CxM La Iruela,2026-08-09,Domingo,0.0,trail running,Absoluta/General,,,La Iruela,,Jaén,403714,2026-08-09,2026-08-09,Carreras de montaña,La Iruela,Jaén,España,ES,37.9199,-2.9966,https://my.raceresult.com/403714/,,True
RaceResult,V Jornada Judex Triatlón Divertido Don Benito,2026-06-06,Sábado,0.0,Multidisciplina,Absoluta/General,,,Don Benito,,Badajoz,403653,2026-06-06,2026-06-06,Triatlón,Don Benito (Badajoz),,España,ES,38.9544,-5.8629,https://my.raceresult.com/403653/,,False
RaceResult,"Bosques Del Sur - Media, Mini y Peque",2026-06-06,Sábado,0.0,trail running,Infantil,,,Cazorla,,Jaén,402818,2026-06-06,2026-06-06,Carreras de montaña,Cazorla,Jaén,España,ES,37.9141,-3.004,https://my.raceresult.com/402818/,,True
RaceResult,Liga Híbrida Andalucía Summer Edition,2026-08-08,Sábado,0.0,trail running,Absoluta/General,,,Alicante,L'Alacantí,Alicante,402784,2026-08-08,2026-08-08,Carrera de Obstáculos,Alicante,Alicante,España,ES,38.3456,-0.4855,https://my.raceresult.com/402784/,,False
RaceResult,RIBEIRA SACRA MTB XPERIENCE 2026,2026-05-29,Viernes,0.0,Ciclismo y btt,Absoluta/General,,,Chantada,Chantada,Lugo,402680,2026-05-29,2026-05-31,Bicicleta de montaña,Ribeira Sacra,,España,ES,42.6077,-7.7675,https://my.raceresult.com/402680/,,False
RaceResult,AthlonX Moonfall,2026-07-25,Sábado,0.0,trail running,Absoluta/General,16.0,0.0,Alicante,L'Alacantí,Alicante,402563,2026-07-25,2026-07-26,Carrera de Obstáculos,Alicante,Alicante,España,ES,38.3456,-0.4855,https://my.raceresult.com/402563/,0.0,True
RaceResult,DEKA MILE: La Carpa Sports,2026-06-06,Sábado,1.609,Otros,Absoluta/General,,,,Washington County,Kansas,402461,2026-06-06,2026-06-06,Otros,Nave Sueca,,España,ES,39.716,-96.9997,https://my.raceresult.com/402461/,,True
RaceResult,Zumeta Bike Race 2026,2026-05-30,Sábado,0.0,Ciclismo y btt,Absoluta/General,,,Santiago-Pontones,,Jaén,402424,2026-05-30,2026-05-30,Bicicleta de montaña,Santiago De La Espada,,España,ES,38.1115,-2.5522,https://my.raceresult.com/402424/,,True
RaceResult,DEKA MILE: CrossFit Tándem 55,2026-06-06,Sábado,1.609,Otros,Absoluta/General,,,,Washington County,Kansas,402421,2026-06-06,2026-06-06,Otros,Vilafranca del Penedés,,España,ES,39.716,-96.9997,https://my.raceresult.com/402421/,,True
RaceResult,DEKA MILE: Nalonbox,2026-06-06,Sábado,1.609,Otros,Absoluta/General,,,,Washington County,Kansas,402417,2026-06-06,2026-06-06,Otros,,,España,ES,39.716,-96.9997,https://my.raceresult.com/402417/,,True
RaceResult,DEKA MILE: Bootcamp Valladolid,2026-06-06,Sábado,1.609,Otros,Absoluta/General,,,,Washington County,Kansas,402398,2026-06-06,2026-06-06,Otros,,,España,ES,39.716,-96.9997,https://my.raceresult.com/402398/,,True
RaceResult,DEKA MILE: 666 BOX OCAÑA MULTIFUNCIONAL,2026-06-06,Sábado,1.609,Otros,Absoluta/General,,,,Washington County,Kansas,402389,2026-06-06,2026-06-06,Otros,Ocaña,,España,ES,39.716,-96.9997,https://my.raceresult.com/402389/,,True
RaceResult,DEKA STRONG & MILE: Box Olimpo,2026-06-06,Sábado,1.609,Otros,Absoluta/General,,,,Washington County,Kansas,402384,2026-06-06,2026-06-06,Otros,,,España,ES,39.716,-96.9997,https://my.raceresult.com/402384/,,True
RaceResult,DEKA STRONG: PR1ME,2026-06-06,Sábado,0.0,Otros,Absoluta/General,,,,Washington County,Kansas,402383,2026-06-06,2026-06-06,Otros,Massanet de la Selva,,España,ES,39.716,-96.9997,https://my.raceresult.com/402383/,,False
RaceResult,DEKA STRONG: Artabros Crossfit,2026-06-06,Sábado,0.0,Otros,Absoluta/General,,,,Washington County,Kansas,402376,2026-06-06,2026-06-06,Otros,Coruña,,España,ES,39.716,-96.9997,https://my.raceresult.com/402376/,,False
RaceResult,X Carreira Nocturna SantYaGo10K,2026-05-30,Sábado,10.0,road running,Mixta,1266.0,2607.0,Santiago de Compostela,Santiago,La Coruña,402252,2026-05-30,2026-05-30,Running,Santiago de Compostela,,España,ES,42.8835,-8.5403,https://my.raceresult.com/402252/,5132.0,True
RaceResult,SESTELO-CLÁSICA ÁLVARO PINO 2026,2026-05-24,Domingo,0.0,Ciclismo y btt,Absoluta/General,,,Ponteareas,O Condado,Pontevedra,401346,2026-05-24,2026-05-24,Ciclismo,PONTEAREAS (CASCO URBANO),,España,ES,42.1736,-8.5038,https://my.raceresult.com/401346/,,False
RaceResult,XIII Carrera Popular Barranco Del Quíquere 2026,2026-08-01,Sábado,10.0,road running,Absoluta/General,,,Tías,,Las Palmas,401273,2026-08-01,2026-08-01,Running,Tias,,España,ES,28.952,-13.6546,https://my.raceresult.com/401273/,,False
RaceResult,DEKA MILE: Crosstraining Box Castellon,2026-05-30,Sábado,1.609,Otros,Absoluta/General,,,,Washington County,Kansas,400890,2026-05-30,2026-05-30,Otros,,,España,ES,39.716,-96.9997,https://my.raceresult.com/400890/,,False
RaceResult,DEKA MILE: Cross Saiyan,2026-05-30,Sábado,1.609,Otros,Absoluta/General,,,,Washington County,Kansas,400851,2026-05-30,2026-05-30,Otros,Villanueva del Pardillo,,España,ES,39.716,-96.9997,https://my.raceresult.com/400851/,,False
RaceResult,MONTEFARO ENDURO RACE,2026-05-24,Domingo,0.0,Ciclismo y btt,Absoluta/General,,,Mugardos,Ferrol,La Coruña,400635,2026-05-24,2026-05-24,Bicicleta de montaña,MUGARDOS,,España,ES,43.4606,-8.2546,https://my.raceresult.com/400635/,,False
RaceResult,G.P INTERNACIONAL XCO PENAS DE RODAS,2026-05-16,Sábado,0.0,Ciclismo y btt,Absoluta/General,,,Lugo,Lugo,Lugo,399860,2026-05-16,2026-05-17,Bicicleta de montaña,LUGO,,España,ES,43.0231,-7.5533,https://my.raceresult.com/399860/,,False
RaceResult,Liga Híbrida Andalucía - Málaga,2026-05-16,Sábado,0.0,trail running,Absoluta/General,,,Málaga,Málaga-Costa del Sol,Málaga,399628,2026-05-16,2026-05-16,Carrera de Obstáculos,Málaga,Sevilla,España,ES,36.7205,-4.4125,https://my.raceresult.com/399628/,,True
RaceResult,"Carrera Popular ""Noche de San Juan""",2026-06-19,Viernes,5.0,road running,Absoluta/General,,,Coria del Río,,Sevilla,399626,2026-06-19,2026-06-20,Running,Coria del Rio,Sevilla,España,ES,37.2849,-6.0519,https://my.raceresult.com/399626/,,False
RaceResult,DEKA MILE: AGÓN ENTRENAMIENTO,2026-05-17,Domingo,1.609,Otros,Absoluta/General,,,,Washington County,Kansas,399411,2026-05-17,2026-05-17,Otros,Ibi,,España,ES,39.716,-96.9997,https://my.raceresult.com/399411/,,False
RaceResult,Cto. Extremadura Contrarreloj por Equipos Playa de Peloche,2026-05-24,Domingo,0.0,Multidisciplina,Equipos,,,Herrera del Duque,,Badajoz,399218,2026-05-24,2026-05-24,Triatlón,Peloche (Badajoz),,España,ES,39.1895,-5.1351,https://my.raceresult.com/399218/,,False
RaceResult,TRANSPYR COAST TO COAST,2026-05-31,Domingo,0.0,Ciclismo y btt,Absoluta/General,,,Irún,,Guipúzcoa,398896,2026-05-31,2026-06-06,Bicicleta de montaña,Roses - Irun,,España,ES,43.3398,-1.7915,https://my.raceresult.com/398896/,,False
RaceResult,Cobra Race Mallorca Mayo 2026,2026-05-30,Sábado,0.0,road running,Absoluta/General,,,Marratxí,Raiguer,Islas Baleares,398871,2026-05-30,2026-05-30,Carrera de fitness,Marratxí,,España,ES,39.5984,2.6939,https://my.raceresult.com/398871/,,False
RaceResult,DEKA MILE: Fitness Center RH,2026-05-16,Sábado,1.609,Otros,Absoluta/General,,,,Washington County,Kansas,397925,2026-05-16,2026-05-16,Otros,,,España,ES,39.716,-96.9997,https://my.raceresult.com/397925/,,False
RaceResult,DEKA MILE: Gimnasio Losan,2026-05-16,Sábado,1.609,Otros,Absoluta/General,,,,Washington County,Kansas,397915,2026-05-16,2026-05-16,Otros,PLASENCIA ,,España,ES,39.716,-96.9997,https://my.raceresult.com/397915/,,False
RaceResult,DEKA MILE: Neo Cross Box,2026-05-16,Sábado,1.609,Otros,Absoluta/General,,,,Washington County,Kansas,397906,2026-05-16,2026-05-16,Otros,Villena,,España,ES,39.716,-96.9997,https://my.raceresult.com/397906/,,False
RaceResult,DEKA SEVILLA 2026,2026-05-16,Sábado,0.0,Otros,Absoluta/General,,,Sevilla,,Sevilla,397901,2026-05-16,2026-05-17,Otros,Sevilla,,España,ES,37.4033,-5.9352,https://my.raceresult.com/397901/,,False
RaceResult,Carrera Popular Llano del Camello 2026,2026-06-12,Viernes,5.0,road running,Absoluta/General,,,San Miguel de Abona,,Santa Cruz de Tenerife,397544,2026-06-12,2026-06-12,Running,San Miguel de Abona,,España,ES,28.0553,-16.6193,https://my.raceresult.com/397544/,,False
RaceResult,LPGC Marcha Nórdica,2026-06-13,Sábado,0.0,trail running,Absoluta/General,,,Las Palmas de Gran Canaria,,Las Palmas,396608,2026-06-13,2026-06-13,Carreras de montaña,Las Palmas de Gran Canaria,,España,ES,28.1361,-15.4374,https://my.raceresult.com/396608/,,False
RaceResult,Hybiza Race 2026,2026-05-09,Sábado,0.0,road running,Absoluta/General,,,Ibiza,Eivissa,Islas Baleares,396560,2026-05-09,2026-05-09,Carrera de fitness,Ibiza,,España,ES,38.909,1.4336,https://my.raceresult.com/396560/,,False
RaceResult,DEKA MILE: Entrena Per Tu,2026-05-09,Sábado,1.609,Otros,Absoluta/General,,,,Washington County,Kansas,396515,2026-05-09,2026-05-09,Otros,Felanitx,,España,ES,39.716,-96.9997,https://my.raceresult.com/396515/,,False
RaceResult,DEKA STRONG & MILE: Box Akyles,2026-05-09,Sábado,1.609,Otros,Absoluta/General,,,,Washington County,Kansas,396501,2026-05-09,2026-05-09,Otros,Torre del Mar,,España,ES,39.716,-96.9997,https://my.raceresult.com/396501/,,False
RaceResult,CAMPIONATO DE GALICIA BTT ENDURO 2026 - ENDURRAZO 2026,2026-05-03,Domingo,0.0,Ciclismo y btt,Absoluta/General,,,Moaña,Morrazo,Pontevedra,396367,2026-05-03,2026-05-03,Bicicleta de montaña,MOAÑA,,España,ES,42.2819,-8.736,https://my.raceresult.com/396367/,,False
RaceResult,CAMPIONATO DE GALICIA BTT ENDURO EBIKE 2026 - IBEROEBIKE 2026,2026-05-02,Sábado,0.0,Ciclismo y btt,Absoluta/General,,,Moaña,Morrazo,Pontevedra,396213,2026-05-02,2026-05-02,Bicicleta de montaña,MOAÑA,,España,ES,42.2819,-8.736,https://my.raceresult.com/396213/,,False
RaceResult,XIV Milla Barceló Caleta de Fuste 2026,2026-05-22,Viernes,1.609,road running,Absoluta/General,,,Antigua,,Las Palmas,396126,2026-05-22,2026-05-22,Running,Caleta de Fuste,,España,ES,28.3972,-13.8643,https://my.raceresult.com/396126/,,False
RaceResult,Tenerife SwimRun 2026,2026-04-25,Sábado,5.0,road running,Absoluta/General,,,Colmenar de Oreja,,Comunidad de Madrid,395619,2026-04-25,2026-04-25,Running,,,España,ES,40.091,-3.4646,https://my.raceresult.com/395619/,,False
RaceResult,TRANSGALAICA FRIOL,2026-04-26,Domingo,0.0,Ciclismo y btt,Absoluta/General,,,Friol,Lugo,Lugo,395547,2026-04-26,2026-04-26,Ciclismo,Friol,Lugo,España,ES,43.0284,-7.7993,https://my.raceresult.com/395547/,,False
RaceResult,DH MOLINOS O PARAMO,2026-04-26,Domingo,0.0,Ciclismo y btt,Absoluta/General,,,Sarria,Sarria,Lugo,395340,2026-04-26,2026-04-26,Bicicleta de montaña,SARRIA,,España,ES,42.7799,-7.4171,https://my.raceresult.com/395340/,,False
RaceResult,III Encuentro Provincial de Senderismo Jaén,2026-05-14,Jueves,0.0,marcha,Absoluta/General,,,Colmenar de Oreja,,Comunidad de Madrid,394926,2026-05-14,2026-05-14,Marcha atlética,,,España,ES,40.091,-3.4646,https://my.raceresult.com/394926/,,False
RaceResult,FEIRA CABALAR MOECHE,2026-04-23,Jueves,0.0,Otros,Absoluta/General,,,San Ramón,Ferrol,La Coruña,394884,2026-04-23,2026-04-23,Otros,Moeche,,España,ES,43.5793,-7.9977,https://my.raceresult.com/394884/,,False
RaceResult,Carrera de la Cereza,2026-06-14,Domingo,0.0,trail running,Absoluta/General,,,Castillo de Locubín,,Jaén,394397,2026-06-14,2026-06-14,Carreras de montaña,Castillo de Locubín,,España,ES,37.528,-3.9422,https://my.raceresult.com/394397/,,False
RaceResult,VI ENDURO MONTE CASTELO BURELA,2026-04-19,Domingo,0.0,Ciclismo y btt,Absoluta/General,,,Burela,Mariña Central,Lugo,393818,2026-04-19,2026-04-19,Bicicleta de montaña,Burela,,España,ES,43.6602,-7.3606,https://my.raceresult.com/393818/,,False
RaceResult,DEKA MILE: Box El Rancho,2026-04-25,Sábado,1.609,Otros,Absoluta/General,,,Alicante,L'Alacantí,Alicante,393542,2026-04-25,2026-04-25,Otros,Mutxamel ,,España,ES,38.3588,-0.4904,https://my.raceresult.com/393542/,,False
RaceResult,DEKA STRONG: Bunker Training,2026-04-25,Sábado,0.0,Otros,Absoluta/General,,,Linares,,Jaén,393537,2026-04-25,2026-04-25,Otros,Linares,,España,ES,38.0965,-3.635,https://my.raceresult.com/393537/,,False
RaceResult,DEKA MILE: Infit Puerto Real,2026-04-25,Sábado,1.609,Otros,Absoluta/General,,,Puerto Real,Bahía de Cádiz,Cádiz,393504,2026-04-25,2026-04-25,Otros,Puerto Real,,España,ES,36.5224,-6.2101,https://my.raceresult.com/393504/,,False
RaceResult,DEKA MILE: Elesta Box,2026-04-25,Sábado,1.609,Otros,Absoluta/General,,,Illescas,,Toledo,393499,2026-04-25,2026-04-25,Otros,illescas,,España,ES,40.1465,-3.8294,https://my.raceresult.com/393499/,,False
RaceResult,DEKA MILE: Eleven hybrid club,2026-04-25,Sábado,1.609,Otros,Absoluta/General,,,Sant Joan Despí,Bajo Llobregat,Barcelona,393492,2026-04-25,2026-04-25,Otros,Sant Joan Despí,,España,ES,41.3744,2.0487,https://my.raceresult.com/393492/,,False
RaceResult,Cto. Extremadura Triatlón Cros Mirabel Puerta de Monfragüe,2026-04-19,Domingo,0.0,Multidisciplina,Absoluta/General,,,Mirabel,,Cáceres,392767,2026-04-19,2026-04-19,Triatlón,Mirabel (Cáceres),,España,ES,39.8609,-6.2321,https://my.raceresult.com/392767/,,False
RaceResult,"5ª edición Festival de Senderismo Tinajo
",2026-05-13,Miércoles,0.0,Otros,Absoluta/General,,,Tinajo,,Las Palmas,392450,2026-05-13,2026-05-17,Otros,Tinajo,,España,ES,29.0666,-13.6765,https://my.raceresult.com/392450/,,False
RaceResult,"UCI MTB Eliminator World Championships, Barcelona (ESP)",2026-04-18,Sábado,0.0,Ciclismo y btt,Absoluta/General,,,Barcelona,Barcelonés,Barcelona,391450,2026-04-18,2026-04-18,Bicicleta de montaña,Barcelona,,España,ES,41.3709,2.1529,https://my.raceresult.com/391450/,,False
RaceResult,DEKA MILE: AGÓN ENTRENAMIENTO,2026-04-12,Domingo,1.609,Otros,Absoluta/General,,,Ibi,,Alicante,391239,2026-04-12,2026-04-12,Otros,Ibi,,España,ES,38.6168,-0.5997,https://my.raceresult.com/391239/,,False
RaceResult,DEKA TOLEDO - UNIVERSIDAD DE CASTILLA-LA MANCHA 2026,2026-04-10,Viernes,0.0,Otros,Absoluta/General,,,Toledo,,Toledo,391032,2026-04-10,2026-04-12,Otros,Toledo,,España,ES,39.8654,-4.0402,https://my.raceresult.com/391032/,,False
RaceResult,DEKA MILE: Heaven Crossfit,2026-04-11,Sábado,1.609,Otros,Absoluta/General,,,Arganda del Rey,,Comunidad de Madrid,391029,2026-04-11,2026-04-11,Otros,Arganda del Rey,,España,ES,40.3056,-3.4584,https://my.raceresult.com/391029/,,False
RaceResult,DEKA MILE: CENTRO KIKOTRAINING,2026-04-11,Sábado,1.609,Otros,Absoluta/General,,,Alcoy,,Alicante,391026,2026-04-11,2026-04-11,Otros,Alcoy ,,España,ES,38.6854,-0.4738,https://my.raceresult.com/391026/,,False
RaceResult,DEKA MILE: MK Training Center,2026-04-11,Sábado,1.609,Otros,Absoluta/General,,,Totana,Bajo Guadalentín,Región de Murcia,391001,2026-04-11,2026-04-11,Otros,Totana,,España,ES,37.7671,-1.4948,https://my.raceresult.com/391001/,,False
RaceResult,VIII COPA DE CARRERAS POPULARES MUNICIPIO DE TINAJO 2026,2026-01-01,Jueves,5.0,road running,Absoluta/General,,,Tinajo,,Las Palmas,390929,2026-01-01,2026-01-01,Running,Tinajo,,España,ES,29.072,-13.6749,https://my.raceresult.com/390929/,,False
RaceResult,TRANSGALAICA COTOBADE,2026-03-29,Domingo,0.0,Ciclismo y btt,Absoluta/General,,,Cerdedo Cotobade,Pontevedra,Pontevedra,390243,2026-03-29,2026-03-29,Ciclismo,"Carballedo, A Chan, Pontevedra",,España,ES,42.4719,-8.4819,https://my.raceresult.com/390243/,,False
RaceResult,Riders Omega Hybrid,2026-07-25,Sábado,0.0,road running,Absoluta/General,,,Alhama de Granada,Comarca de Alhama,Granada,390233,2026-07-25,2026-07-26,Carrera de fitness,Alhama de Granada,Granada,España,ES,37.0042,-3.9907,https://my.raceresult.com/390233/,,False
RaceResult,Ziroko Trail,2026-03-28,Sábado,0.0,trail running,Absoluta/General,,,Colmenar de Oreja,,Comunidad de Madrid,389570,2026-03-28,2026-03-28,Carreras de montaña,,,España,ES,40.091,-3.4646,https://my.raceresult.com/389570/,,False
RaceResult,XIII Vertical Montaña Blanca 2026,2026-05-14,Jueves,0.0,trail running,Absoluta/General,,,San Bartolomé,,Las Palmas,389085,2026-05-14,2026-12-31,Carreras de montaña,San Bartolomé,,España,ES,28.9879,-13.6374,https://my.raceresult.com/389085/,,False
RaceResult,VIII Milla TarajalejoPadilla Supermercados-SPAR 2026,2026-05-08,Viernes,1.609,road running,Absoluta/General,,,Tuineje,,Las Palmas,388780,2026-05-08,2026-05-08,Running,Tarajalejo,,España,ES,28.1944,-14.1168,https://my.raceresult.com/388780/,,False
RaceResult,DEKA BARCELONA 2026 PRIMAVERA,2026-03-28,Sábado,0.0,Otros,Absoluta/General,,,Barcelona,Barcelonés,Barcelona,388673,2026-03-28,2026-03-29,Otros,Barcelona,,España,ES,41.386,2.1944,https://my.raceresult.com/388673/,,False
RaceResult,AthlonX Eclipse,2026-08-01,Sábado,0.0,trail running,Absoluta/General,,,Estación de Cártama,Valle del Guadalhorce,Málaga,387949,2026-08-01,2026-08-02,Carrera de Obstáculos,Cártama,Málaga,España,ES,36.7102,-4.6311,https://my.raceresult.com/387949/,,False
RaceResult,Cumbres de Mágina,2026-04-26,Domingo,0.0,trail running,Absoluta/General,,,Bedmar y Garcíez,,Jaén,387795,2026-04-26,2026-04-26,Carreras de montaña,Bedmar,Jaén,España,ES,37.8222,-3.4118,https://my.raceresult.com/387795/,,False
RaceResult,TRANSGALAICA SILLEDA,2026-03-15,Domingo,0.0,Ciclismo y btt,Absoluta/General,,,Silleda,Deza,Pontevedra,387724,2026-03-15,2026-03-15,Ciclismo,SIlleda,,España,ES,42.7297,-8.3028,https://my.raceresult.com/387724/,,False
RaceResult,Bosques del Sur - Ultra y Maratón,2026-05-30,Sábado,42.195,trail running,Absoluta/General,,,Cazorla,,Jaén,387589,2026-05-30,2026-05-30,Carreras de montaña,Cazorla,Jaén,España,ES,37.9113,-3.0036,https://my.raceresult.com/387589/,,False
RaceResult,DEKA MILE: BOX44,2026-03-21,Sábado,1.609,Otros,Absoluta/General,,,Aspe,El Vinalopó Medio,Alicante,387499,2026-03-21,2026-03-21,Otros,Aspe,,España,ES,38.3406,-0.7742,https://my.raceresult.com/387499/,,False
RaceResult,Servicio Transporte IRONMAN Lanzarote 2026,2026-05-23,Sábado,0.0,Otros,Absoluta/General,,,Colmenar de Oreja,,Comunidad de Madrid,387494,2026-05-23,2026-05-23,Otros,,,España,ES,40.091,-3.4646,https://my.raceresult.com/387494/,,False
RaceResult,DEKA MILE: The Box,2026-03-21,Sábado,1.609,Otros,Absoluta/General,,,Tarragona,Tarragonés,Tarragona,387493,2026-03-21,2026-03-21,Otros,,,España,ES,41.1189,1.2082,https://my.raceresult.com/387493/,,False
RaceResult,DEKA MILE: Box Siete Picos,2026-03-21,Sábado,1.609,Otros,Absoluta/General,,,Guadarrama,,Comunidad de Madrid,387487,2026-03-21,2026-03-21,Otros,Guadarrama ,,España,ES,40.6739,-4.0904,https://my.raceresult.com/387487/,,False
RaceResult,AthlonX Iron Tide,2026-06-27,Sábado,0.0,trail running,Absoluta/General,,,Santiago de Compostela,Santiago,La Coruña,386417,2026-06-27,2026-06-27,Carrera de Obstáculos,Santiago de Compostela,,España,ES,42.8734,-8.5491,https://my.raceresult.com/386417/,,False
RaceResult,DEKA ATLAS: Natur Sport Training Center,2026-03-14,Sábado,0.0,Otros,Absoluta/General,,,Aranguren,Comarca de Pamplona,Navarra,386343,2026-03-14,2026-03-14,Otros,Mutilva baja,,España,ES,42.7829,-1.6194,https://my.raceresult.com/386343/,,False
RaceResult,DEKA IBIZA 2026,2026-03-14,Sábado,0.0,Otros,Absoluta/General,,,Sant Josep de sa Talaia,Eivissa,Islas Baleares,386316,2026-03-14,2026-03-15,Otros,Sant Agustí des Vedrà,,España,ES,38.9411,1.2936,https://my.raceresult.com/386316/,,False
RaceResult,I Jornadas de MTB escuelas 2026,2026-03-01,Domingo,0.0,Ciclismo y btt,Absoluta/General,,,Colmenar de Oreja,,Comunidad de Madrid,385627,2026-03-01,2026-03-01,Ciclismo,,,España,ES,40.091,-3.4646,https://my.raceresult.com/385627/,,False
RaceResult,TRANSGALAICA AMES,2026-03-01,Domingo,0.0,Ciclismo y btt,Absoluta/General,,,Ames,Santiago,La Coruña,385605,2026-03-01,2026-03-01,Ciclismo,Ames,,España,ES,42.863,-8.6342,https://my.raceresult.com/385605/,,False
RaceResult,Liga Híbrida Andalucía - Sevilla,2026-03-07,Sábado,0.0,trail running,Absoluta/General,,,Sevilla,,Sevilla,385261,2026-03-07,2026-03-07,Carrera de Obstáculos,Sevilla,Sevilla,España,ES,37.3818,-5.9678,https://my.raceresult.com/385261/,,False
RaceResult,DEKA MILE: Black Bunker,2026-03-07,Sábado,1.609,Otros,Absoluta/General,,,Sant Feliu de Guíxols,Bajo Ampurdán,Gerona,385110,2026-03-07,2026-03-07,Otros,Sant Feliu de Guíxols,,España,ES,41.7925,3.0147,https://my.raceresult.com/385110/,,False
RaceResult,DEKA ATLAS: Only Fitness Club,2026-02-28,Sábado,0.0,Otros,Absoluta/General,,,Cáceres,,Cáceres,384981,2026-02-28,2026-02-28,Otros,Cáceres,,España,ES,39.4824,-6.4182,https://my.raceresult.com/384981/,,False
RaceResult,CxM Rompealbarcas,2026-05-23,Sábado,0.0,trail running,Absoluta/General,,,Valdepeñas de Jaén,,Jaén,384272,2026-05-23,2026-05-23,Carreras de montaña,Valdepeñas de Jaén,Jaén,España,ES,37.59,-3.8153,https://my.raceresult.com/384272/,,False
RaceResult,2026 DEKA Torremolinos (Málaga),2026-02-28,Sábado,0.0,Otros,Absoluta/General,,,Torremolinos,Costa del Sol Occidental,Málaga,384091,2026-02-28,2026-03-01,Otros,Torremolinos,,España,ES,36.6208,-4.5125,https://my.raceresult.com/384091/,,False
RaceResult,DEKA MILE: Henko Workout Club,2026-02-28,Sábado,1.609,Otros,Absoluta/General,,,Amposta,Montsiá,Tarragona,384071,2026-02-28,2026-02-28,Otros,Amposta,,España,ES,40.7108,0.5856,https://my.raceresult.com/384071/,,False
RaceResult,DEKA MILE: Crossfit Maliciosa,2026-02-28,Sábado,1.609,Otros,Absoluta/General,,,Moralzarzal,,Comunidad de Madrid,384070,2026-02-28,2026-02-28,Otros,Moralzarzal,,España,ES,40.6796,-3.959,https://my.raceresult.com/384070/,,False
RaceResult,DEKA MILE: Box Olimpo,2026-02-21,Sábado,1.609,Otros,Absoluta/General,,,Málaga,Málaga-Costa del Sol,Málaga,383124,2026-02-21,2026-02-21,Otros,,,España,ES,36.7034,-4.4764,https://my.raceresult.com/383124/,,False
RaceResult,DEKA ATLAS: Garban Fit Club,2026-02-21,Sábado,0.0,Otros,Absoluta/General,,,Salamanca,,Salamanca,383100,2026-02-21,2026-02-21,Otros,,,España,ES,40.9622,-5.6663,https://my.raceresult.com/383100/,,False
RaceResult,HERO UCI Marathon World Cup - Costa Blanca,2026-02-21,Sábado,0.0,Ciclismo y btt,Absoluta/General,,,Calpe,La Marina Alta,Alicante,382482,2026-02-21,2026-02-21,Bicicleta de montaña,Calpe,,España,ES,38.6448,0.0454,https://my.raceresult.com/382482/,,False
RaceResult,AthlonX Caliphate,2026-06-13,Sábado,0.0,trail running,Absoluta/General,,,Córdoba,,Córdoba,381124,2026-06-13,2026-06-13,Carrera de Obstáculos,Córdoba,,España,ES,37.8898,-4.7725,https://my.raceresult.com/381124/,,False
RaceResult,MYND MAGMA TRIATLON LANZAROTE ,2026-04-11,Sábado,0.0,Multidisciplina,Absoluta/General,,,Yaiza,,Las Palmas,381115,2026-04-11,2026-11-04,Triatlón,PLAYA BLANCA,,España,ES,28.8631,-13.83,https://my.raceresult.com/381115/,,False
RaceResult,Trail Despeñaperros,2026-03-14,Sábado,0.0,trail running,Absoluta/General,,,Santa Elena,,Jaén,381105,2026-03-14,2026-03-14,Carreras de montaña,Santa Elena,Jaén,España,ES,38.3419,-3.5396,https://my.raceresult.com/381105/,,False
RaceResult,Carrera Mascaritas 2026,2026-03-07,Sábado,10.0,road running,Absoluta/General,,,Tinajo,,Las Palmas,380936,2026-03-07,2026-03-07,Running,Tinajo,,España,ES,29.0666,-13.6765,https://my.raceresult.com/380936/,,False
RaceResult,Emails Adrenaline Oficial,2025-11-30,Domingo,0.0,trail running,Absoluta/General,,,Colmenar de Oreja,,Comunidad de Madrid,380459,2025-11-30,2025-11-30,Carrera de Obstáculos,,,España,ES,40.091,-3.4646,https://my.raceresult.com/380459/,,False
RaceResult,La Híbrida 3.0,2026-05-23,Sábado,0.0,trail running,Absoluta/General,,,Villa del Río,,Córdoba,380430,2026-05-23,2026-05-23,Carrera de Obstáculos,Villa del Río,Córdoba,España,ES,37.9851,-4.2818,https://my.raceresult.com/380430/,,False
RaceResult,Tinajo You Trail 2026,2026-09-05,Sábado,0.0,trail running,Absoluta/General,55.0,102.0,Tinajo,,Las Palmas,380186,2026-09-05,2026-09-05,Running,Tinajo,,España,ES,29.0666,-13.6765,https://my.raceresult.com/380186/,0.0,True
RaceResult,Hyrox Trial,2026-05-23,Sábado,0.0,trail running,Absoluta/General,,,Ciudad Real,,Ciudad Real,380160,2026-05-23,2026-05-23,Carrera de Obstáculos,Ciudad Real,,España,ES,38.9837,-3.9292,https://my.raceresult.com/380160/,,False
RaceResult,VIII CxM TRAIL SOLIDARIO IES FUENTE DE LA PEÑA,2026-04-19,Domingo,0.0,trail running,Absoluta/General,,,Jaén,,Jaén,379665,2026-04-19,2026-04-19,Carreras de montaña,Jaén,Jaén,España,ES,37.7578,-3.7937,https://my.raceresult.com/379665/,,False
RaceResult,Adrenaline Race Sexi Storm,2026-04-26,Domingo,0.0,trail running,Absoluta/General,,,Almuñécar,Comarca de la Costa Granadina,Granada,379625,2026-04-26,2026-04-26,Carrera de Obstáculos,Almuñecar,,España,ES,36.7338,-3.6912,https://my.raceresult.com/379625/,,False
RaceResult,CxM Silvia Lara,2026-04-11,Sábado,0.0,trail running,Absoluta/General,,,Castillo de Locubín,,Jaén,378940,2026-04-11,2026-04-11,Carreras de montaña,Castillo de Locubín,Jaén,España,ES,37.528,-3.9422,https://my.raceresult.com/378940/,,False
RaceResult,DEKA MILE: RED RIBBON ACADEMY,2026-01-17,Sábado,1.609,Otros,Absoluta/General,,,Reus,Bajo Campo,Tarragona,378154,2026-01-17,2026-01-17,Otros,Reus,,España,ES,41.1579,1.122,https://my.raceresult.com/378154/,,False
RaceResult,AthlonX Ground Zero,2026-05-09,Sábado,0.0,trail running,Absoluta/General,,,Arganda del Rey,,Comunidad de Madrid,377545,2026-05-09,2026-05-09,Carrera de Obstáculos,Arganda del Rey,,España,ES,40.3012,-3.4415,https://my.raceresult.com/377545/,,False
RaceResult,AthlonX NorthCall,2026-05-23,Sábado,0.0,trail running,Absoluta/General,,,Gijón,,Asturias,377542,2026-05-23,2026-05-23,Carrera de Obstáculos,Gijón,,España,ES,43.5358,-5.6274,https://my.raceresult.com/377542/,,False
RaceResult,DEKA MILE: URBANROX,2026-01-10,Sábado,1.609,Otros,Absoluta/General,,,Sevilla,,Sevilla,377428,2026-01-10,2026-01-10,Otros,Sevilla,,España,ES,37.3913,-5.9686,https://my.raceresult.com/377428/,,False
RaceResult,San Bartolo Trail,2026-04-18,Sábado,0.0,trail running,Absoluta/General,,,San Bartolomé de Pinares,,Ávila,376843,2026-04-18,2026-04-19,Carreras de montaña,San Bartolomé de Pinares,Ávila,España,ES,40.5432,-4.5396,https://my.raceresult.com/376843/,,False
RaceResult,Tenerife SwimRun,2025-12-20,Sábado,5.0,road running,Absoluta/General,,,Colmenar de Oreja,,Comunidad de Madrid,376656,2025-12-20,2025-12-20,Running,,,España,ES,40.091,-3.4646,https://my.raceresult.com/376656/,,False
RaceResult,III. SOPUERTAKO HERRI LASTERKETA 5K,2026-01-04,Domingo,5.0,road running,Absoluta/General,,,Sopuerta,,Vizcaya,376565,2026-01-04,2026-01-04,Running,Sopuerta,,España,ES,43.2734,-3.1544,https://my.raceresult.com/376565/,,False
RaceResult,Strong Race Abril 2026,2026-04-11,Sábado,0.0,road running,Absoluta/General,,,Palma,Palma,Islas Baleares,376174,2026-04-11,2026-04-12,Carrera de fitness,Palma,,España,ES,39.5708,2.6478,https://my.raceresult.com/376174/,,False
RaceResult,"Carrera por la Igualdad ""Carmen María Campos Maldonado""",2026-03-08,Domingo,0.0,trail running,Absoluta/General,,,Coria del Río,,Sevilla,376100,2026-03-08,2026-03-08,Carreras de montaña,Coria del Rio,Sevilla,España,ES,37.2849,-6.0519,https://my.raceresult.com/376100/,,False
RaceResult,XXIV CROSS ANDRÉS ABANQUEIRO,2025-12-13,Sábado,0.0,road running,Absoluta/General,,,Vigo,Vigo,Pontevedra,375853,2025-12-13,2025-12-13,Atletismo,Vigo,,España,ES,42.155,-8.6886,https://my.raceresult.com/375853/,,False
RaceResult,SIN SON 10K 2025,2025-12-21,Domingo,10.0,road running,Absoluta/General,,,O Porto do Son,Noia,La Coruña,375851,2025-12-21,2025-12-21,Running,Porto do Son,,España,ES,42.7248,-9.0053,https://my.raceresult.com/375851/,,False
RaceResult,Carrera de colores La Lajita,2025-12-27,Sábado,0.0,trail running,Absoluta/General,,,Teguise,,Las Palmas,375825,2025-12-27,2025-12-27,Carreras de montaña,Teguise,,España,ES,29.0594,-13.5605,https://my.raceresult.com/375825/,,False
RaceResult,Hybrid Day Vigo,2025-12-12,Viernes,0.0,trail running,Absoluta/General,,,Vigo,Vigo,Pontevedra,375372,2025-12-12,2025-12-12,Carrera de Obstáculos,Vigo,,España,ES,42.2374,-8.7192,https://my.raceresult.com/375372/,,False
RaceResult,San Silvestre Alcalá,2025-12-27,Sábado,5.0,road running,Absoluta/General,,,Colmenar de Oreja,,Comunidad de Madrid,374636,2025-12-27,2025-12-27,Running,,,España,ES,40.091,-3.4646,https://my.raceresult.com/374636/,,False
RaceResult,Carrera de Navidad Morro Jable,2025-12-19,Viernes,0.0,road running,Absoluta/General,,,Pájara,,Las Palmas,374546,2025-12-19,2025-12-19,Running,Morro Jable,,España,ES,28.0502,-14.3522,https://my.raceresult.com/374546/,,False
RaceResult,CARRERA SOLIDARIA CHIMIA TRAIL,2025-12-26,Viernes,0.0,trail running,Absoluta/General,,,Teguise,,Las Palmas,374014,2025-12-26,2025-12-26,Carreras de montaña,Teguise,,España,ES,29.0594,-13.5605,https://my.raceresult.com/374014/,,False
RaceResult,Emails AthlonX,2025-11-30,Domingo,0.0,trail running,Absoluta/General,,,Colmenar de Oreja,,Comunidad de Madrid,373764,2025-11-30,2025-11-30,Carrera de Obstáculos,,,España,ES,40.091,-3.4646,https://my.raceresult.com/373764/,,False
RaceResult,Gran Fondo Pico de las Nieves,2025-11-30,Domingo,0.0,Ciclismo y btt,Absoluta/General,,,Colmenar de Oreja,,Comunidad de Madrid,373356,2025-11-30,2025-11-30,Ciclismo,,,España,ES,40.091,-3.4646,https://my.raceresult.com/373356/,,False
RaceResult,Gran Canaria SwimRun,2025-11-22,Sábado,10.0,road running,Absoluta/General,,,Colmenar de Oreja,,Comunidad de Madrid,373085,2025-11-22,2025-11-22,Running,,,España,ES,40.091,-3.4646,https://my.raceresult.com/373085/,,False
RaceResult,AthlonX OverThrow,2026-07-11,Sábado,0.0,trail running,Absoluta/General,,,Bilbao,,Vizcaya,372186,2026-07-11,2026-07-11,Carrera de Obstáculos,Bilbao,,España,ES,43.2585,-2.9371,https://my.raceresult.com/372186/,,False
RaceResult,Yaiza Extremo Sur Infantil 2025,2025-11-22,Sábado,0.0,Ciclismo y btt,Infantil,,,Yaiza,,Las Palmas,371573,2025-11-22,2025-11-22,Bicicleta de montaña,Yaiza,,España,ES,28.9502,-13.7441,https://my.raceresult.com/371573/,,False
RaceResult,Yaiza Extremo Sur 2025,2025-11-23,Domingo,0.0,Otros,Absoluta/General,,,Yaiza,,Las Palmas,371571,2025-11-23,2025-11-23,Otros,Yaiza,,España,ES,28.9568,-13.7654,https://my.raceresult.com/371571/,,False
RaceResult,Haría Titan 2025,2025-11-15,Sábado,42.0,road running,Absoluta/General,,,Haría,,Las Palmas,371425,2025-11-15,2025-11-15,Running,Haria,,España,ES,29.1494,-13.4967,https://my.raceresult.com/371425/,,False
RaceResult,DEKA Tenerife 2025,2025-11-15,Sábado,0.0,Otros,Absoluta/General,,,Los Realejos,,Santa Cruz de Tenerife,370624,2025-11-15,2025-11-16,Otros,Los Realejos,,España,ES,28.3933,-16.5754,https://my.raceresult.com/370624/,,False
RaceResult,LA21 MEDIA MARATÓN DE VIGO,2025-11-16,Domingo,21.0,road running,Absoluta/General,,,Vigo,Vigo,Pontevedra,370513,2025-11-16,2025-11-16,Running,Vigo,,España,ES,42.2295,-8.7053,https://my.raceresult.com/370513/,,False
RaceResult,Teide Challenge 2025,2025-11-15,Sábado,0.0,Ciclismo y btt,Absoluta/General,,,Arona,,Santa Cruz de Tenerife,370195,2025-11-15,2025-11-15,Ciclismo,palm-mar,,España,ES,28.0221,-16.7022,https://my.raceresult.com/370195/,,False
RaceResult,II TRAIL SALVAMONTES,2025-11-02,Domingo,0.0,trail running,Absoluta/General,,,Mos,Vigo,Pontevedra,370018,2025-11-02,2025-11-02,Carreras de montaña,Mos,,España,ES,42.2008,-8.6601,https://my.raceresult.com/370018/,,False
RaceResult,360 The Challenge,2025-11-05,Miércoles,0.0,trail running,Absoluta/General,,,Colmenar de Oreja,,Comunidad de Madrid,369256,2025-11-05,2025-11-09,Carreras de montaña,,,España,ES,40.091,-3.4646,https://my.raceresult.com/369256/,,False
RaceResult,Costa Blanca Bike Race 2026,2026-01-29,Jueves,0.0,Ciclismo y btt,Absoluta/General,,,Calpe,La Marina Alta,Alicante,368421,2026-01-29,2026-02-01,Bicicleta de montaña,Calpe,,España,ES,38.6541,0.0469,https://my.raceresult.com/368421/,,False
RaceResult,Campeonato de Canarias en Edad Escolar FECAMON,2025-10-25,Sábado,0.0,trail running,Infantil,,,Colmenar de Oreja,,Comunidad de Madrid,368213,2025-10-25,2025-10-25,Carreras de montaña,,,España,ES,40.091,-3.4646,https://my.raceresult.com/368213/,,False
RaceResult,VI Trail Santa Lucía - El Puertillo,2025-11-15,Sábado,0.0,trail running,Absoluta/General,,,Arucas,,Las Palmas,368056,2025-11-15,2025-11-15,Running,El Puertillo,,España,ES,28.1502,-15.5347,https://my.raceresult.com/368056/,,False
RaceResult,46 CARREIRA PEDESTRE POPULAR DE SANTIAGO,2025-10-26,Domingo,0.0,road running,Absoluta/General,,,Santiago de Compostela,Santiago,La Coruña,368027,2025-10-26,2025-10-26,Running,Santiago de Compostela,,España,ES,42.8797,-8.5423,https://my.raceresult.com/368027/,,False
RaceResult,Cronoescalada Valle Del Malpaso 2025,2025-12-20,Sábado,0.0,Ciclismo y btt,Absoluta/General,,,Colmenar de Oreja,,Comunidad de Madrid,367556,2025-12-20,2025-12-20,Ciclismo,,,España,ES,40.091,-3.4646,https://my.raceresult.com/367556/,,False
RaceResult,Marcha solidaria El Islote,2025-11-22,Sábado,0.0,Otros,Absoluta/General,,,San Bartolomé,,Las Palmas,366012,2025-11-22,2025-11-22,Otros,San Bartolomé,,España,ES,29.0161,-13.6258,https://my.raceresult.com/366012/,,False
RaceResult,Club Runners Viding Piscinas Sevilla,2025-10-16,Jueves,0.0,road running,Absoluta/General,,,Colmenar de Oreja,,Comunidad de Madrid,365862,2025-10-16,2025-10-16,Running,,,España,ES,40.091,-3.4646,https://my.raceresult.com/365862/,,False
RaceResult,AthlonX CockFight,2026-03-21,Sábado,0.0,trail running,Absoluta/General,,,Valladolid,,Valladolid,365512,2026-03-21,2026-03-21,Carrera de Obstáculos,Valladolid,,España,ES,41.6624,-4.7228,https://my.raceresult.com/365512/,,False
RaceResult,Zumeta Bike Race 2025,2025-10-05,Domingo,0.0,Ciclismo y btt,Absoluta/General,,,Santiago-Pontones,,Jaén,365216,2025-10-05,2025-10-05,Bicicleta de montaña,Santiago De La Espada,,España,ES,38.1115,-2.5522,https://my.raceresult.com/365216/,,False
RaceResult,EFC TIEMPOS,2025-12-31,Miércoles,0.0,trail running,Absoluta/General,,,Torrox,La Axarquía,Málaga,364275,2025-12-31,2025-12-31,Carrera de Obstáculos,Torrox,Málaga,España,ES,36.7606,-3.9523,https://my.raceresult.com/364275/,,False
RaceResult,COPA GALICIA PUMPTRACK- 1 G.P CONCELLO DE MIÑO,2025-09-27,Sábado,0.0,Ciclismo y btt,Absoluta/General,,,A Gándara,Arzúa,La Coruña,364208,2025-09-27,2025-09-27,Ciclismo,A CORUÑA,,España,ES,43.0131,-8.1235,https://my.raceresult.com/364208/,,False
RaceResult,21 LEGUAS 2025,2025-09-27,Sábado,0.0,Otros,Absoluta/General,,,Narón,Ferrol,La Coruña,363931,2025-09-27,2025-09-28,Otros,Narón,,España,ES,43.4966,-8.196,https://my.raceresult.com/363931/,,False
RaceResult,AthlonX HeartCore,2026-02-14,Sábado,0.0,trail running,Absoluta/General,,,Jaén,,Jaén,363054,2026-02-14,2026-02-14,Carrera de Obstáculos,Jaén,,España,ES,37.7712,-3.7809,https://my.raceresult.com/363054/,,False
RaceResult, CAMPIONATO DE GALICIA DHI 2025 - DH A FRACHA,2025-09-21,Domingo,0.0,Ciclismo y btt,Absoluta/General,,,Pontevedra,Pontevedra,Pontevedra,362535,2025-09-21,2025-09-21,Bicicleta de montaña,PONTEVEDRA,,España,ES,42.4314,-8.6354,https://my.raceresult.com/362535/,,False
RaceResult,DEKA Barcelona 2025,2025-09-27,Sábado,0.0,Otros,Equipos,206.0,132.0,Barcelona,Barcelonés,Barcelona,362250,2025-09-27,2025-09-28,Otros,Barcelona,,España,ES,41.386,2.1944,https://my.raceresult.com/362250/,272.0,True
RaceResult,I MINIDHU CONCELLO DE OURENSE,2025-09-14,Domingo,0.0,Ciclismo y btt,Absoluta/General,,,Ourense,Ourense,Ourense,361585,2025-09-14,2025-09-14,Bicicleta de montaña,OURENSE,,España,ES,42.3436,-7.8674,https://my.raceresult.com/361585/,,False
RaceResult,Fuertebike Electrón Fuerteventura 2025,2025-09-27,Sábado,0.0,Ciclismo y btt,Absoluta/General,,,La Oliva,,Las Palmas,361404,2025-09-27,2025-09-27,Bicicleta de montaña,,,España,ES,28.7308,-13.8675,https://my.raceresult.com/361404/,,False
RaceResult,24MX Hixpania Hard Enduro,2025-09-20,Sábado,0.0,Otros,Absoluta/General,,,Aguilar de Campoo,,Palencia,361039,2025-09-20,2025-09-21,Motocross,Aguilar de Campoo,,España,ES,42.7926,-4.2601,https://my.raceresult.com/361039/,,False
RaceResult,III Carrera Popular San Rafael 2025,2025-10-25,Sábado,5.0,road running,Absoluta/General,,,Teguise,,Las Palmas,359696,2025-10-25,2025-10-25,Running,Teguise,,España,ES,29.0597,-13.5596,https://my.raceresult.com/359696/,,True
RaceResult,Adrenaline Race Mike's Gym,2025-11-09,Domingo,0.0,trail running,Equipos,12.0,31.0,Mijas,Costa del Sol Occidental,Málaga,359586,2025-11-09,2025-11-09,Carrera de Obstáculos,La Cala de Mijas,,España,ES,36.509,-4.6811,https://my.raceresult.com/359586/,133.0,True
RaceResult,Milla de Santa Marta 2025,2025-10-17,Viernes,1.609,road running,Absoluta/General,,,Pájara,,Las Palmas,358808,2025-10-17,2025-10-17,Running,Costa Calma,,España,ES,28.1616,-14.2269,https://my.raceresult.com/358808/,,False
RaceResult,VII CHALLENGER JUNIOR CARBALLO,2025-08-29,Viernes,0.0,Ciclismo y btt,Infantil,,,Carballo,Bergantiños,La Coruña,358498,2025-08-29,2025-08-31,Ciclismo,CARBALLO,,España,ES,43.2127,-8.6911,https://my.raceresult.com/358498/,,False
RaceResult,VII CHALLENGE JUNIOR CARBALLO - Etapa 1 CRI,2025-08-29,Viernes,0.0,Ciclismo y btt,Mixta,3.0,0.0,Carballo,Bergantiños,La Coruña,358201,2025-08-29,2025-08-29,Ciclismo,Carballo,,España,ES,43.2127,-8.6911,https://my.raceresult.com/358201/,201.0,True
RaceResult,III BAIXOMIÑO ENDURO EXPERIENCE,2025-09-14,Domingo,0.0,Ciclismo y btt,Absoluta/General,,,A Guarda,Bajo Miño,Pontevedra,357080,2025-09-14,2025-09-14,Bicicleta de montaña,A Guarda,Pontevedra,España,ES,41.9,-8.873,https://my.raceresult.com/357080/,,False
RaceResult,Gran Fondo Sierra de Cazorla,2025-09-27,Sábado,0.0,Ciclismo y btt,Absoluta/General,,,Cazorla,,Jaén,356901,2025-09-27,2025-09-27,Ciclismo,Cazorla,Jaén,España,ES,37.9141,-3.004,https://my.raceresult.com/356901/,,True
RaceResult,3ª CRONOESCALADA SANROCKEIRA 2025,2025-08-08,Viernes,0.0,Ciclismo y btt,Mayores/Veteranos,6.0,140.0,San Sadurniño,Ferrol,La Coruña,354940,2025-08-08,2025-08-08,Ciclismo,San Sadurniño,,España,ES,43.532,-8.0712,https://my.raceresult.com/354940/,146.0,True
RaceResult,"
Vertical Famara Total By European Sports Destination 2025",2025-08-14,Jueves,0.0,road running,Absoluta/General,,,Colmenar de Oreja,,Comunidad de Madrid,354574,2025-08-14,2025-08-14,Running,,,España,ES,40.091,-3.4646,https://my.raceresult.com/354574/,,True
RaceResult,Famara Total 2025,2025-08-16,Sábado,0.0,road running,Absoluta/General,,,Teguise,,Las Palmas,354554,2025-08-16,2025-08-16,Running,Teguise,,España,ES,29.0594,-13.5606,https://my.raceresult.com/354554/,,False
RaceResult,ANCARES CYCLING MARATHON,2025-08-10,Domingo,0.0,Ciclismo y btt,Absoluta/General,,,Pedrafita do Cebreiro,Os Ancares,Lugo,354095,2025-08-10,2025-08-10,Cicloturismo,O Cebreiro,,España,ES,42.7077,-7.0447,https://my.raceresult.com/354095/,,False
RaceResult,Aznaitín 360,2025-11-01,Sábado,0.0,trail running,Absoluta/General,,,Albanchez de Mágina,,Jaén,353166,2025-11-01,2025-11-02,Carreras de montaña,Albanchez de Mágina,Jaén,España,ES,37.7916,-3.4676,https://my.raceresult.com/353166/,,False
RaceResult,XII DHU VILLA DE SARRIA 2025,2025-07-26,Sábado,0.0,Ciclismo y btt,Mixta,16.0,144.0,Sarria,Sarria,Lugo,352743,2025-07-26,2025-07-26,Bicicleta de montaña,SARRIA,,España,ES,42.7813,-7.4139,https://my.raceresult.com/352743/,138.0,True
RaceResult,Hyrox Test Arganda,2025-10-11,Sábado,0.0,trail running,Absoluta/General,,,Arganda del Rey,,Comunidad de Madrid,352478,2025-10-11,2025-10-11,Carrera de Obstáculos,Arganda del Rey,,España,ES,40.3012,-3.4415,https://my.raceresult.com/352478/,,False
RaceResult,Fisiosan 5K,2025-10-04,Sábado,5.0,road running,Absoluta/General,,,San Bartolomé,,Las Palmas,352078,2025-10-04,2025-10-04,Running,Playa Honda,,España,ES,28.9508,-13.5904,https://my.raceresult.com/352078/,,True
RaceResult,II MINIDH ENDURRAZO 2025,2025-07-20,Domingo,0.0,Ciclismo y btt,Infantil,36.0,0.0,Cangas de Morrazo,Morrazo,Pontevedra,351661,2025-07-20,2025-07-20,Bicicleta de montaña,MOAÑA,,España,ES,42.2849,-8.7822,https://my.raceresult.com/351661/,336.0,True
RaceResult,XIX Carrera Popular Ciudad de Quesada,2025-08-23,Sábado,5.0,road running,Absoluta/General,,,Quesada,,Jaén,350778,2025-08-23,2025-08-23,Running,Quesada,Jaén,España,ES,37.844,-3.0671,https://my.raceresult.com/350778/,,True
RaceResult,MTB DOWNTOWN MARISQUIÑO,2025-08-09,Sábado,0.0,Ciclismo y btt,Infantil,14.0,132.0,Vigo,Vigo,Pontevedra,350758,2025-08-09,2025-08-09,Bicicleta de montaña,Vigo,Pontevedra,España,ES,42.2167,-8.7169,https://my.raceresult.com/350758/,62.0,True
RaceResult,Carrera Popular Valdepeñas de Jaén,2025-08-30,Sábado,0.0,trail running,Absoluta/General,,,Valdepeñas de Jaén,,Jaén,350594,2025-08-30,2025-08-30,Carreras de montaña,Valdepeñas de Jaén,Jaén,España,ES,37.59,-3.8153,https://my.raceresult.com/350594/,,True
RaceResult,DEKA Madrid 2025,2025-07-19,Sábado,0.0,Otros,Equipos,223.0,184.0,Madrid,,Comunidad de Madrid,350519,2025-07-19,2025-07-20,Otros,Madrid,,España,ES,40.4128,-3.7337,https://my.raceresult.com/350519/,399.0,True
RaceResult,Competición Híbrida,2025-11-08,Sábado,0.0,trail running,Absoluta/General,,,Marmolejo,,Jaén,349402,2025-11-08,2025-11-08,Carrera de Obstáculos,Marmolejo,Jaén,España,ES,38.0435,-4.1655,https://my.raceresult.com/349402/,,True
RaceResult,City Mountainbike Eliminator Series #2 Girona (ESP),2025-09-19,Viernes,0.0,Ciclismo y btt,Absoluta/General,,,Gerona,Gironés,Gerona,349109,2025-09-19,2025-09-19,Bicicleta de montaña,Girona,,España,ES,41.9857,2.8212,https://my.raceresult.com/349109/,,True
RaceResult,COPA DE ESPAÑA PUMPTRACK MONDARIZ- IV PUMPTRACK NOCTURNO MONDARIZ,2025-06-28,Sábado,0.0,Ciclismo y btt,Mixta,50.0,69.0,Mondariz,O Condado,Pontevedra,348872,2025-06-28,2025-06-28,Ciclismo,MONDARIZ,,España,ES,42.233,-8.4558,https://my.raceresult.com/348872/,69.0,True
RaceResult,DEKA Zaragoza 2025,2025-07-05,Sábado,0.0,Otros,Absoluta/General,,,Zaragoza,Zaragoza,Zaragoza,348477,2025-07-05,2025-07-05,Otros,Zaragoza,,España,ES,41.6363,-0.8669,https://my.raceresult.com/348477/,,False
RaceResult,GRAN FONDO EZARO - FIN DO CAMIÑO,2025-07-06,Domingo,0.0,Ciclismo y btt,Absoluta/General,,,Dumbría,Fisterra,La Coruña,348311,2025-07-06,2025-07-06,Cicloturismo,Ézaro,,España,ES,42.9114,-9.1285,https://my.raceresult.com/348311/,,True
RaceResult,DHI MANZANEDA ESTACIÓN 2025,2025-06-29,Domingo,0.0,Ciclismo y btt,Absoluta/General,,,A Pobra de Trives,Terra de Trives,Ourense,347763,2025-06-29,2025-06-29,Bicicleta de montaña,Pobra de Trives,Ourense,España,ES,42.315,-7.3325,https://my.raceresult.com/347763/,,False
RaceResult,AthlonX Aftershock Fuengirola,2025-11-22,Sábado,0.0,trail running,Absoluta/General,46.0,53.0,Fuengirola,Costa del Sol Occidental,Málaga,347670,2025-11-22,2025-11-22,Carrera de Obstáculos,FUENGIROLA,,España,ES,36.5408,-4.6231,https://my.raceresult.com/347670/,276.0,True
RaceResult,EFC Hybrid,2025-09-27,Sábado,0.0,trail running,Absoluta/General,,,Torrox,La Axarquía,Málaga,347493,2025-09-27,2025-09-27,Carrera de Obstáculos,Torrox,Málaga,España,ES,36.7606,-3.9523,https://my.raceresult.com/347493/,,False
RaceResult,DEKA Valencia 2025,2025-06-28,Sábado,0.0,Otros,Absoluta/General,,,Valencia,Comarca de Valencia,Valencia,347348,2025-06-28,2025-06-29,Otros,Valencia,,España,ES,39.4648,-0.3317,https://my.raceresult.com/347348/,,False
RaceResult,Milla Popular La Santa 2025,2025-07-18,Viernes,1.609,road running,Absoluta/General,,,Tinajo,,Las Palmas,347302,2025-07-18,2025-07-18,Running,Tinajo,,España,ES,29.0666,-13.6765,https://my.raceresult.com/347302/,,False
RaceResult,II Circuito CxM La Iruela,2025-08-10,Domingo,0.0,trail running,Absoluta/General,,,La Iruela,,Jaén,346884,2025-08-10,2025-08-10,Carreras de montaña,La Iruela,Jaén,España,ES,37.9199,-2.9966,https://my.raceresult.com/346884/,,False
RaceResult,CxM Rute,2025-10-25,Sábado,0.0,trail running,Absoluta/General,,,Colmenar de Oreja,,Comunidad de Madrid,346872,2025-10-25,2025-10-25,Carreras de montaña,,,España,ES,40.091,-3.4646,https://my.raceresult.com/346872/,,False
RaceResult,Santiago-Pontones Trail Weekend,2025-09-20,Sábado,0.0,trail running,Absoluta/General,,,Santiago-Pontones,,Jaén,346835,2025-09-20,2025-09-21,Carreras de montaña,Santiago de la Espada,,España,ES,38.1113,-2.5513,https://my.raceresult.com/346835/,,False
RaceResult,Trail Valle del Genal,2025-10-25,Sábado,0.0,trail running,Absoluta/General,,,Algatocín,Serranía de Ronda,Málaga,346653,2025-10-25,2025-10-25,Carreras de montaña,Pujerra,Málaga,España,ES,36.5743,-5.2756,https://my.raceresult.com/346653/,,False
RaceResult,Gran Vuelta Valle del Genal,2025-11-15,Sábado,0.0,trail running,Absoluta/General,,,Algatocín,Serranía de Ronda,Málaga,346611,2025-11-15,2025-11-15,Carreras de montaña,Genalguacil,Málaga,España,ES,36.5743,-5.2756,https://my.raceresult.com/346611/,,False
RaceResult,Practice,2025-12-31,Miércoles,0.0,Multidisciplina,Absoluta/General,,,Colmenar de Oreja,,Comunidad de Madrid,346059,2025-12-31,2025-12-31,Triatlón,,,España,ES,40.091,-3.4646,https://my.raceresult.com/346059/,,False
RaceResult,Club La Santa Volcano Triathlon 2026,2026-04-25,Sábado,0.0,Multidisciplina,Absoluta/General,,,La Santa,,Las Palmas,345706,2026-04-25,2026-04-25,Triatlón,Tinajo,,España,ES,29.1164,-13.6548,https://my.raceresult.com/345706/,,False
RaceResult,Registro de voluntarios - VCAL 2025,2025-10-04,Sábado,0.0,Ciclismo y btt,Absoluta/General,,,Colmenar de Oreja,,Comunidad de Madrid,345403,2025-10-04,2025-10-05,Cicloturismo,,,España,ES,40.091,-3.4646,https://my.raceresult.com/345403/,,False
RaceResult,CAMPEONATO IBÉRICO E-BIKE,2025-06-14,Sábado,0.0,Ciclismo y btt,Absoluta/General,,,Marín,Morrazo,Pontevedra,345361,2025-06-14,2025-06-14,Bicicleta de montaña,Moaña,,España,ES,42.364,-8.7156,https://my.raceresult.com/345361/,,False
RaceResult,CAMPIONATO DE GALICIA CONTRA O RELOXO INDIVIDUAL 2025 CASTRO DE REI,2025-05-31,Sábado,0.0,Ciclismo y btt,Absoluta/General,,,Castro de Rei,Terra Chá,Lugo,344187,2025-05-31,2025-05-31,Ciclismo,CASTRO DE REI,,España,ES,43.2088,-7.4014,https://my.raceresult.com/344187/,,False
RaceResult,Caras Nortes Skyrace,2025-11-29,Sábado,0.0,trail running,Absoluta/General,,,Güéjar Sierra,Comarca de la Vega de Granada,Granada,344072,2025-11-29,2025-11-29,Carreras de montaña,Güejar Sierra,Granada,España,ES,37.1598,-3.4386,https://my.raceresult.com/344072/,,False
RaceResult,Masdache Run,2025-07-19,Sábado,5.0,road running,Absoluta/General,,,Tías,,Las Palmas,343568,2025-07-19,2025-07-19,Running,Tias,,España,ES,28.9201,-13.6596,https://my.raceresult.com/343568/,,False
RaceResult,Trail La Vegueta,2025-06-28,Sábado,10.0,trail running,Absoluta/General,,,Tinajo,,Las Palmas,343375,2025-06-28,2025-06-28,Running,Tinajo,,España,ES,29.0666,-13.6765,https://my.raceresult.com/343375/,,False
RaceResult,DH MOLINOS O PARAMO,2025-06-01,Domingo,0.0,Ciclismo y btt,Absoluta/General,,,Maside,O Carballiño,Ourense,343367,2025-06-01,2025-06-01,Bicicleta de montaña,PARAMO (O),,España,ES,42.3959,-8.0417,https://my.raceresult.com/343367/,,False
RaceResult,30° Descenso MTB El Pino,2025-06-01,Domingo,0.0,Ciclismo y btt,Absoluta/General,,,Colmenar de Oreja,,Comunidad de Madrid,343133,2025-06-01,2025-06-01,Bicicleta de montaña,,,España,ES,40.091,-3.4646,https://my.raceresult.com/343133/,,False
RaceResult,III CxM X-Treme Sierra Sur,2025-09-13,Sábado,0.0,trail running,Absoluta/General,,,Alcalá la Real,,Jaén,342983,2025-09-13,2025-09-13,Carreras de montaña,Alcalá La Real,Jaén,España,ES,37.462,-3.9224,https://my.raceresult.com/342983/,,False
RaceResult,CAMPEONATO DE ESPAÑA CARRETERA CICLISMO PARALIMPICO - CRI,2025-05-23,Viernes,0.0,Ciclismo y btt,Absoluta/General,,,Lugo,Lugo,Lugo,342960,2025-05-23,2025-05-25,Ciclismo,FRIOL,,España,ES,43.009,-7.5543,https://my.raceresult.com/342960/,,False
RaceResult,SESTELO-CLÁSICA ÁLVARO PINO 2025,2025-05-25,Domingo,0.0,Ciclismo y btt,Absoluta/General,,,Ponteareas,O Condado,Pontevedra,342670,2025-05-25,2025-05-25,Ciclismo,PONTEAREAS (CASCO URBANO),,España,ES,42.1736,-8.5038,https://my.raceresult.com/342670/,,False
RaceResult,MONTEFARO ENDURO RACE 2025,2025-05-25,Domingo,0.0,Ciclismo y btt,Absoluta/General,,,O Porriño,Vigo,Pontevedra,342194,2025-05-25,2025-05-25,Bicicleta de montaña,PORRIÑO (O),,España,ES,42.1094,-8.5963,https://my.raceresult.com/342194/,,False
RaceResult,III Maratón Dany Sport Corralejo Grandes Playas,2026-01-17,Sábado,42.0,road running,Absoluta/General,,,La Oliva,,Las Palmas,342031,2026-01-17,2026-01-17,Running,Corralejo,,España,ES,28.739,-13.8678,https://my.raceresult.com/342031/,,False
RaceResult,XII Carrera Popular Barranco Del Quíquere,2025-08-02,Sábado,10.0,road running,Absoluta/General,,,Tías,,Las Palmas,341696,2025-08-02,2025-08-02,Running,Tias,,España,ES,28.952,-13.6546,https://my.raceresult.com/341696/,,False
RaceResult,II MINIDH URBANO VILA DO CORPUS,2025-05-17,Sábado,0.0,Ciclismo y btt,Absoluta/General,,,Verín,Verín,Ourense,341684,2025-05-17,2025-05-17,Bicicleta de montaña,PONTEREAS,,España,ES,41.9402,-7.4374,https://my.raceresult.com/341684/,,False
RaceResult,BTT DO LACÓN COPA DE ESPAÑA XCM,2025-05-17,Sábado,0.0,Ciclismo y btt,Absoluta/General,,,Cuntis,Caldas,Pontevedra,341627,2025-05-17,2025-05-17,Ciclismo,Cuntis,,España,ES,42.6335,-8.5619,https://my.raceresult.com/341627/,,False
RaceResult,TRANSPYR COAST TO COAST,2025-06-08,Domingo,0.0,Ciclismo y btt,Absoluta/General,,,Irún,,Guipúzcoa,341162,2025-06-08,2025-06-14,Bicicleta de montaña,Roses - Irun,,España,ES,43.3398,-1.7915,https://my.raceresult.com/341162/,,False
RaceResult,Trail Caldera De El Cuchillo 2025,2025-10-10,Viernes,5.0,trail running,Absoluta/General,,,Tinajo,,Las Palmas,341054,2025-10-10,2025-10-10,Running,Tinajo,,España,ES,29.0666,-13.6765,https://my.raceresult.com/341054/,,False
RaceResult,II Jable Trail,2025-06-07,Sábado,5.0,trail running,Absoluta/General,,,Tías,,Las Palmas,341052,2025-06-07,2025-06-07,Running,Tias,,España,ES,28.9201,-13.6596,https://my.raceresult.com/341052/,,False
RaceResult,XIII Milla Barceló Caleta de Fuste,2025-05-23,Viernes,1.609,road running,Absoluta/General,,,Tuineje,,Las Palmas,340712,2025-05-23,2025-05-23,Running,Tarajalejo,,España,ES,28.1944,-14.1168,https://my.raceresult.com/340712/,,False
RaceResult,VII COPA DE CARRERAS POPULARES MUNICIPIO DE TINAJO,2025-01-01,Miércoles,5.0,road running,Absoluta/General,,,Tinajo,,Las Palmas,339974,2025-01-01,2025-01-01,Running,Tinajo,,España,ES,29.072,-13.6749,https://my.raceresult.com/339974/,,False
RaceResult,IX Carreira Nocturna SantYaGo10K,2025-05-10,Sábado,10.0,road running,Absoluta/General,,,Santiago de Compostela,Santiago,La Coruña,339547,2025-05-10,2025-05-10,Running,Santiago de Compostela,,España,ES,42.8835,-8.5403,https://my.raceresult.com/339547/,,False
RaceResult,III DHI POZO DO DEMO,2025-04-27,Domingo,0.0,Ciclismo y btt,Absoluta/General,,,Verín,Verín,Ourense,337401,2025-04-27,2025-04-27,Bicicleta de montaña,VERIN,,España,ES,41.9402,-7.4374,https://my.raceresult.com/337401/,,False
RaceResult,Sierra Cazorla Trails,2025-10-18,Sábado,0.0,trail running,Absoluta/General,,,Quesada,,Jaén,337032,2025-10-18,2025-10-18,Carreras de montaña,Quesada,Jaén,España,ES,37.844,-3.0671,https://my.raceresult.com/337032/,,False
RaceResult,Race Across Spain 2025,2025-04-23,Miércoles,0.0,Ciclismo y btt,Absoluta/General,,,Valencia,Comarca de Valencia,Valencia,336612,2025-04-23,2025-05-27,Ciclismo,Valencia,,España,ES,39.4648,-0.3633,https://my.raceresult.com/336612/,,False
RaceResult,XC Ajei 2025,2025-04-27,Domingo,0.0,Ciclismo y btt,Absoluta/General,,,Colmenar de Oreja,,Comunidad de Madrid,335943,2025-04-27,2025-04-27,Ciclismo,,,España,ES,40.091,-3.4646,https://my.raceresult.com/335943/,,False
RaceResult,II Jornadas de MTB escuelas 2025,2025-04-27,Domingo,0.0,Ciclismo y btt,Absoluta/General,,,Colmenar de Oreja,,Comunidad de Madrid,335939,2025-04-27,2025-04-27,Ciclismo,,,España,ES,40.091,-3.4646,https://my.raceresult.com/335939/,,False
RaceResult,Servicio Transporte IRONMAN Lanzarote 2025,2025-05-17,Sábado,0.0,Otros,Absoluta/General,,,Colmenar de Oreja,,Comunidad de Madrid,335856,2025-05-17,2025-05-17,Otros,,,España,ES,40.091,-3.4646,https://my.raceresult.com/335856/,,False
RaceResult,AthlonX Alicante,2026-02-28,Sábado,0.0,trail running,Absoluta/General,,,Alicante,L'Alacantí,Alicante,335630,2026-02-28,2026-02-28,Carrera de Obstáculos,Alicante,,España,ES,38.3456,-0.4855,https://my.raceresult.com/335630/,,False
RaceResult,Trail Muñique Cross,2025-05-10,Sábado,5.0,trail running,Absoluta/General,,,Tinajo,,Las Palmas,335618,2025-05-10,2025-05-10,Running,Tinajo,,España,ES,29.0666,-13.6765,https://my.raceresult.com/335618/,,False
RaceResult,V ENDURO MONTE CASTELO BURELA,2025-04-13,Domingo,0.0,Ciclismo y btt,Absoluta/General,,,Burela,Mariña Central,Lugo,335375,2025-04-13,2025-04-13,Bicicleta de montaña,Burela,,España,ES,43.6602,-7.3606,https://my.raceresult.com/335375/,,False
RaceResult,"VII Milla Tarajalejo
Padilla Supermercados-SPAR",2025-05-09,Viernes,1.609,road running,Absoluta/General,,,Tuineje,,Las Palmas,335295,2025-05-09,2025-05-09,Running,Tarajalejo,,España,ES,28.1944,-14.1168,https://my.raceresult.com/335295/,,False
RaceResult,Carrera de la Cereza,2025-06-15,Domingo,10.0,road running,Absoluta/General,,,Castillo de Locubín,,Jaén,335148,2025-06-15,2025-06-15,Running,Castillo de Locubín,,España,ES,37.528,-3.9422,https://my.raceresult.com/335148/,,False
RaceResult,XVIII MTB DH Pinito,2025-05-24,Sábado,0.0,Ciclismo y btt,Absoluta/General,,,Colmenar de Oreja,,Comunidad de Madrid,334810,2025-05-24,2025-05-24,Bicicleta de montaña,,,España,ES,40.091,-3.4646,https://my.raceresult.com/334810/,,False
RaceResult,EYBIS @ CALAFAT 2025,2025-04-18,Viernes,0.0,Otros,Absoluta/General,,,Colmenar de Oreja,,Comunidad de Madrid,334616,2025-04-18,2025-04-20,Deportes motor,,,España,ES,40.091,-3.4646,https://my.raceresult.com/334616/,,False
RaceResult,AthlonX BlackOut,2025-07-26,Sábado,0.0,trail running,Absoluta/General,,,Estación de Cártama,Valle del Guadalhorce,Málaga,334296,2025-07-26,2025-07-27,Carrera de Obstáculos,Cártama,,España,ES,36.7101,-4.6315,https://my.raceresult.com/334296/,,False
RaceResult,4ª edición Festival de Senderismo Tinajo,2025-05-21,Miércoles,0.0,Otros,Absoluta/General,,,Tinajo,,Las Palmas,333320,2025-05-21,2025-05-25,Otros,Tinajo,,España,ES,29.0666,-13.6765,https://my.raceresult.com/333320/,,False
RaceResult,"Tinajo You Trail 2025
",2025-09-06,Sábado,0.0,trail running,Absoluta/General,,,Tinajo,,Las Palmas,333276,2025-09-06,2025-09-06,Running,Tinajo,,España,ES,29.0666,-13.6765,https://my.raceresult.com/333276/,,False
RaceResult,CAMPIONATO DE GALICIA ENDURO 2025 - ENDURO FARO DE BUDIÑO,2025-03-30,Domingo,0.0,Ciclismo y btt,Mixta,11.0,70.0,O Porriño,Vigo,Pontevedra,333043,2025-03-30,2025-03-30,Bicicleta de montaña,PORRIÑO (O),,España,ES,42.1094,-8.5963,https://my.raceresult.com/333043/,856.0,True
RaceResult,Subida a Fuenmayor,2025-05-04,Domingo,0.0,trail running,Absoluta/General,,,Torres,,Jaén,332305,2025-05-04,2025-05-04,Carreras de montaña,Torres,Jaén,España,ES,37.7847,-3.5082,https://my.raceresult.com/332305/,,True
RaceResult,III Trail infantil La Asomada,2025-04-27,Domingo,0.0,trail running,Infantil,,,Cartagena,Campo de Cartagena y Mar Menor,Región de Murcia,332206,2025-04-27,2025-04-27,Running,La Asomada,,España,ES,37.6347,-0.9621,https://my.raceresult.com/332206/,,False
RaceResult,2025 Ibiza DEKA FIT,2025-03-29,Sábado,0.0,Otros,Absoluta/General,,,Cala de Bou,Eivissa,Islas Baleares,330723,2025-03-29,2025-03-29,Otros,Sant Agustí des Vedrà,,España,ES,38.9668,1.2931,https://my.raceresult.com/330723/,,False
RaceResult,Riders Omega Hybrid,2025-05-11,Domingo,0.0,trail running,Absoluta/General,,,Alhama de Granada,Comarca de Alhama,Granada,330460,2025-05-11,2025-05-11,Carrera de Obstáculos,Alhama de Granada,Granada,España,ES,37.0042,-3.9907,https://my.raceresult.com/330460/,,False
RaceResult,Campeonato de Canarias de Campo a Través,2025-03-22,Sábado,5.0,road running,Infantil,,,Colmenar de Oreja,,Comunidad de Madrid,330439,2025-03-22,2025-03-22,Running,,,España,ES,40.091,-3.4646,https://my.raceresult.com/330439/,,True
RaceResult,Competición Híbrida Andújar,2025-05-18,Domingo,0.0,trail running,Absoluta/General,,,Andújar,,Jaén,330010,2025-05-18,2025-05-18,Carrera de Obstáculos,Andujar,,España,ES,38.0354,-4.0519,https://my.raceresult.com/330010/,,True
RaceResult,Enduro Punta Llana 2025,2025-04-12,Sábado,0.0,Ciclismo y btt,Mixta,0.0,162.0,Santa Cruz de La Palma,,Santa Cruz de Tenerife,329639,2025-04-12,2025-04-12,Bicicleta de montaña,Puntallana,,España,ES,28.6964,-17.7683,https://my.raceresult.com/329639/,195.0,True
RaceResult,UCI MTB Eliminator World Cup #6 Barcelona (ESP),2025-10-11,Sábado,0.0,Ciclismo y btt,Absoluta/General,,,Barcelona,Barcelonés,Barcelona,329092,2025-10-11,2025-10-11,Bicicleta de montaña,Barcelona,,España,ES,41.3872,2.1654,https://my.raceresult.com/329092/,,True
RaceResult,Hyrox Trial,2025-05-31,Sábado,0.0,trail running,Absoluta/General,25.0,0.0,Ciudad Real,,Ciudad Real,328876,2025-05-31,2025-05-31,Carrera de Obstáculos,Ciudad Real,,España,ES,38.9837,-3.9292,https://my.raceresult.com/328876/,615.0,True
RaceResult,XIII Vertical Montaña Blanca 2025,2025-05-25,Domingo,0.0,trail running,Absoluta/General,,,San Bartolomé,,Las Palmas,328702,2025-05-25,2025-05-25,Carreras de montaña,San Bartolomé,,España,ES,28.9879,-13.6374,https://my.raceresult.com/328702/,,True
RaceResult,Periche Trail,2025-05-11,Domingo,0.0,trail running,Absoluta/General,,,Los Villares,,Jaén,328489,2025-05-11,2025-05-11,Carreras de montaña,Los Villares,Jaén,España,ES,37.6877,-3.8182,https://my.raceresult.com/328489/,,False
RaceResult,I Jornadas de MTB escuelas 2025,2025-02-23,Domingo,0.0,Ciclismo y btt,Absoluta/General,,,Colmenar de Oreja,,Comunidad de Madrid,327915,2025-02-23,2025-02-23,Ciclismo,,,España,ES,40.091,-3.4646,https://my.raceresult.com/327915/,,False
RaceResult,AthlonX Bilbao,2025-07-05,Sábado,0.0,trail running,Absoluta/General,,,Bilbao,,Vizcaya,327900,2025-07-05,2025-07-05,Carrera de Obstáculos,Bilbao,,España,ES,43.2512,-2.9462,https://my.raceresult.com/327900/,,False
RaceResult,2025 DEKA FIT - Torremolinos (Málaga),2025-03-01,Sábado,0.0,Otros,Absoluta/General,,,Torremolinos,Costa del Sol Occidental,Málaga,327779,2025-03-01,2025-03-02,Otros,Torremolinos,,España,ES,36.6214,-4.51,https://my.raceresult.com/327779/,,False
RaceResult,Cumbres de Mágina,2025-04-27,Domingo,0.0,trail running,Absoluta/General,,,Bedmar y Garcíez,,Jaén,327200,2025-04-27,2025-04-27,Carreras de montaña,Bedmar,Jaén,España,ES,37.8241,-3.4109,https://my.raceresult.com/327200/,,False
RaceResult,G.P. “HAND BIKE INTERNATIONAL - LANZAROTE - PLAYA BLANCA” 2025,2025-03-07,Viernes,0.0,Ciclismo y btt,Absoluta/General,,,Yaiza,,Las Palmas,325895,2025-03-07,2025-03-08,Cicloturismo,Yaiza,,España,ES,28.9568,-13.7654,https://my.raceresult.com/325895/,,False
RaceResult,European Timer Olympics,2025-02-11,Martes,0.0,trail running,Absoluta/General,,,Lloret de Vistalegre,Pla de Mallorca,Islas Baleares,325755,2025-02-11,2025-02-11,Carrera de Obstáculos,Mallorca,,España,ES,39.6167,2.9833,https://my.raceresult.com/325755/,,False
RaceResult,CxM Rompealbarcas,2025-05-24,Sábado,0.0,trail running,Absoluta/General,,,Cazorla,,Jaén,325751,2025-05-24,2025-05-24,Carreras de montaña,Cazorla,Jaén,España,ES,37.9141,-3.004,https://my.raceresult.com/325751/,,False
RaceResult,CxM Silvia Lara,2025-04-06,Domingo,0.0,trail running,Absoluta/General,,,Castillo de Locubín,,Jaén,325389,2025-04-06,2025-04-06,Carreras de montaña,Castillo de Locubín,Jaén,España,ES,37.528,-3.9422,https://my.raceresult.com/325389/,,False
RaceResult,I CxM Algeciras Cerro del Rayo KIDS,2025-03-30,Domingo,0.0,trail running,Infantil,,,Algeciras,Campo de Gibraltar,Cádiz,325355,2025-03-30,2025-03-30,Carreras de montaña,Algeciras,Cádiz,España,ES,36.1312,-5.4474,https://my.raceresult.com/325355/,,True
RaceResult,CxM Algeciras Capitán Trail,2025-05-17,Sábado,0.0,trail running,Absoluta/General,,,Algeciras,Campo de Gibraltar,Cádiz,325216,2025-05-17,2025-05-17,Carreras de montaña,Algeciras,Cádiz,España,ES,36.1263,-5.4493,https://my.raceresult.com/325216/,,False
RaceResult,Carrera Mascaritas 2025,2025-03-15,Sábado,10.0,road running,Absoluta/General,,,Tinajo,,Las Palmas,324951,2025-03-15,2025-03-15,Running,Tinajo,,España,ES,29.0666,-13.6765,https://my.raceresult.com/324951/,,False
RaceResult,Trail Despeñaperros,2025-05-10,Sábado,0.0,trail running,Absoluta/General,,,Santa Elena,,Jaén,324641,2025-05-10,2025-05-10,Carreras de montaña,Santa Elena,Jaén,España,ES,38.3419,-3.5396,https://my.raceresult.com/324641/,,False
RaceResult,Toma de Tiempos Club Ajei,2025-08-22,Viernes,0.0,Ciclismo y btt,Absoluta/General,,,Colmenar de Oreja,,Comunidad de Madrid,324567,2025-08-22,2025-08-22,Ciclismo,,,España,ES,40.091,-3.4646,https://my.raceresult.com/324567/,,True
RaceResult,VII CxM TRAIL SOLIDARIO IES FUENTE DE LA PEÑA,2025-03-30,Domingo,0.0,trail running,Absoluta/General,,,Jaén,,Jaén,323691,2025-03-30,2025-03-30,Carreras de montaña,Jaén,Jaén,España,ES,37.7578,-3.7937,https://my.raceresult.com/323691/,,True
RaceResult,Salitre 2025,2025-02-15,Sábado,0.0,Ciclismo y btt,Absoluta/General,,,San Bartolomé,,Las Palmas,323344,2025-02-15,2025-02-15,Cicloturismo,San Bartolomé,,España,ES,29.0017,-13.6118,https://my.raceresult.com/323344/,,False
RaceResult,"Bosques Del Sur - Media, Mini y Peque",2025-06-07,Sábado,0.0,trail running,Infantil,,,Cazorla,,Jaén,323280,2025-06-07,2025-06-08,Carreras de montaña,Cazorla,Jaén,España,ES,37.9141,-3.004,https://my.raceresult.com/323280/,,False
RaceResult,Bosques del Sur - Ultra y Maratón,2025-05-31,Sábado,42.195,trail running,Absoluta/General,,,Cazorla,,Jaén,323127,2025-05-31,2025-05-31,Carreras de montaña,Cazorla,Jaén,España,ES,37.9141,-3.004,https://my.raceresult.com/323127/,,True
RaceResult,Adrenaline Race Zahara de los Atunes,2025-09-27,Sábado,0.0,trail running,Absoluta/General,,,Colmenar de Oreja,,Comunidad de Madrid,322238,2025-09-27,2025-09-27,Carrera de Obstáculos,,,España,ES,40.091,-3.4646,https://my.raceresult.com/322238/,,False
RaceResult,XIII Cross Insular municipio de Antigua,2025-01-18,Sábado,5.0,road running,Absoluta/General,,,Pájara,,Las Palmas,322110,2025-01-18,2025-01-18,Running,Morro Jable,,España,ES,28.0502,-14.3522,https://my.raceresult.com/322110/,,False
RaceResult,Adrenaline Race Torrenueva Costa,2025-04-27,Domingo,0.0,trail running,Equipos,14.0,56.0,Colmenar de Oreja,,Comunidad de Madrid,321696,2025-04-27,2025-04-27,Carrera de Obstáculos,,,España,ES,40.091,-3.4646,https://my.raceresult.com/321696/,2554.0,True
RaceResult,SIN SON 10K 2024,2024-12-22,Domingo,10.0,road running,Absoluta/General,,,O Porto do Son,Noia,La Coruña,321501,2024-12-22,2024-12-22,Running,Porto do Son,,España,ES,42.7248,-9.0053,https://my.raceresult.com/321501/,,False
RaceResult,AthlonX Fuengirola,2025-02-22,Sábado,0.0,trail running,Absoluta/General,,,Colmenar de Oreja,,Comunidad de Madrid,321332,2025-02-22,2025-02-22,Carreras de montaña,,,España,ES,40.091,-3.4646,https://my.raceresult.com/321332/,,True
RaceResult,EVENTO PRUEBA,2024-12-12,Jueves,0.0,road running,Absoluta/General,,,Colmenar de Oreja,,Comunidad de Madrid,320716,2024-12-12,2024-12-12,Running,,,España,ES,40.091,-3.4646,https://my.raceresult.com/320716/,,False
RaceResult,Costa Blanca Bike Race 2025,2025-01-30,Jueves,0.0,Ciclismo y btt,Mixta,281.0,2680.0,Calpe,La Marina Alta,Alicante,320224,2025-01-30,2025-02-02,Bicicleta de montaña,Calpe,,España,ES,38.6541,0.0469,https://my.raceresult.com/320224/,628.0,True
RaceResult,Energy Mud Cártama,2025-03-02,Domingo,0.0,trail running,Absoluta/General,,,Colmenar de Oreja,,Comunidad de Madrid,320013,2025-03-02,2025-03-02,Carrera de Obstáculos,,,España,ES,40.091,-3.4646,https://my.raceresult.com/320013/,,False
RaceResult,III Carrera Solidaria Chimia Trail,2024-12-27,Viernes,0.0,trail running,Absoluta/General,,,Teguise,,Las Palmas,319750,2024-12-27,2024-12-27,Carreras de montaña,Teguise,,España,ES,29.0594,-13.5605,https://my.raceresult.com/319750/,,False
RaceResult,XIX Carrera de Navidad de Morro Jable 2024,2024-12-13,Viernes,0.0,road running,Absoluta/General,,,Pájara,,Las Palmas,318929,2024-12-13,2024-12-13,Running,Morro Jable,,España,ES,28.0502,-14.3522,https://my.raceresult.com/318929/,,False
RaceResult,Caras Nortes,2024-11-30,Sábado,0.0,trail running,Absoluta/General,,,Güéjar Sierra,Comarca de la Vega de Granada,Granada,318780,2024-11-30,2024-11-30,Carreras de montaña,Güejar Sierra,Granada,España,ES,37.1598,-3.4386,https://my.raceresult.com/318780/,,False
RaceResult,XV CROSS DE GRAN TARAJAL 2024,2024-11-30,Sábado,0.0,road running,Absoluta/General,,,Pájara,,Las Palmas,318559,2024-11-30,2024-11-30,Running,Morro Jable,,España,ES,28.0502,-14.3522,https://my.raceresult.com/318559/,,False
RaceResult,San Silvestre Alcalá,2024-12-28,Sábado,0.0,trail running,Absoluta/General,,,Colmenar de Oreja,,Comunidad de Madrid,317639,2024-12-28,2024-12-28,Carreras de montaña,,,España,ES,40.091,-3.4646,https://my.raceresult.com/317639/,,False
RaceResult,Trail del Genal,2024-11-16,Sábado,0.0,trail running,Absoluta/General,,,Colmenar de Oreja,,Comunidad de Madrid,317298,2024-11-16,2024-11-16,Carreras de montaña,,,España,ES,40.091,-3.4646,https://my.raceresult.com/317298/,,False
RaceResult,II Marcha Mirada al frente paso firme ,2024-11-24,Domingo,0.0,road running,Absoluta/General,,,Teguise,,Las Palmas,317241,2024-11-24,2024-11-24,Running,Teguise,,España,ES,28.9959,-13.4972,https://my.raceresult.com/317241/,,False
RaceResult,XXVI Milla De San Diego Gran Tarajal 2024,2024-11-15,Viernes,1.609,road running,Absoluta/General,,,Tuineje,,Las Palmas,317004,2024-11-15,2024-11-15,Running,Gran Tarajal,,España,ES,28.2123,-14.0202,https://my.raceresult.com/317004/,,False
RaceResult,"2024 DEKA FIT - Tenerife, Spain",2024-11-16,Sábado,0.0,Otros,Absoluta/General,,,Adeje,,Santa Cruz de Tenerife,316990,2024-11-16,2024-11-17,Otros,Santa Cruz de Tenerife,,España,ES,28.1067,-16.7511,https://my.raceresult.com/316990/,,False
RaceResult,Haria Titan 2024,2024-11-16,Sábado,42.0,road running,Absoluta/General,,,Haría,,Las Palmas,316896,2024-11-16,2024-11-16,Running,Haria,,España,ES,29.1494,-13.4967,https://my.raceresult.com/316896/,,False
RaceResult,Teide Challenge 2024,2024-11-09,Sábado,0.0,Ciclismo y btt,Absoluta/General,,,Arona,,Santa Cruz de Tenerife,315743,2024-11-09,2024-11-09,Ciclismo,palm-mar,,España,ES,28.0221,-16.7022,https://my.raceresult.com/315743/,,False
RaceResult,Gran Vuelta Valle del Genal,2024-11-09,Sábado,0.0,trail running,Absoluta/General,,,Algatocín,Serranía de Ronda,Málaga,315491,2024-11-09,2024-11-10,Carreras de montaña,Algatocín,Málaga,España,ES,36.5743,-5.2756,https://my.raceresult.com/315491/,,False
RaceResult,"2024 DEKA FIT - Guadalajara, Spain",2024-10-26,Sábado,0.0,Otros,Absoluta/General,,,Guadalajara,,Guadalajara,315047,2024-10-26,2024-10-26,Otros,Guadalajara,,España,ES,40.6326,-3.166,https://my.raceresult.com/315047/,,False
RaceResult,45 CARREIRA PEDESTRE POPULAR DE SANTIAGO,2024-10-27,Domingo,0.0,road running,Absoluta/General,,,Santiago de Compostela,Santiago,La Coruña,315026,2024-10-27,2024-10-27,Running,Santiago de Compostela,,España,ES,42.8804,-8.5459,https://my.raceresult.com/315026/,,False
RaceResult,AthlonX Cártama,2024-11-23,Sábado,0.0,trail running,Absoluta/General,,,Colmenar de Oreja,,Comunidad de Madrid,314660,2024-11-23,2024-11-23,Carreras de montaña,,,España,ES,40.091,-3.4646,https://my.raceresult.com/314660/,,False
RaceResult,XXV Cross de Pájara 2024,2024-11-09,Sábado,0.0,road running,Absoluta/General,,,Pájara,,Las Palmas,314641,2024-11-09,2024-11-09,Running,Morro Jable,,España,ES,28.0502,-14.3522,https://my.raceresult.com/314641/,,False
RaceResult,Gran Fondo Sierra de Segura,2025-06-07,Sábado,0.0,Ciclismo y btt,Absoluta/General,,,Segura de la Sierra,,Jaén,314390,2025-06-07,2025-06-07,Ciclismo,Segura de la Sierra,Jaén,España,ES,38.2984,-2.6515,https://my.raceresult.com/314390/,,False
RaceResult,CxM Rute,2024-10-27,Domingo,0.0,trail running,Absoluta/General,,,Colmenar de Oreja,,Comunidad de Madrid,314106,2024-10-27,2024-10-27,Carreras de montaña,,,España,ES,40.091,-3.4646,https://my.raceresult.com/314106/,,False
RaceResult,Cronoescalada del Valle del Malpaso 2024,2024-12-14,Sábado,0.0,Ciclismo y btt,Absoluta/General,,,Colmenar de Oreja,,Comunidad de Madrid,312702,2024-12-14,2024-12-14,Ciclismo,,,España,ES,40.091,-3.4646,https://my.raceresult.com/312702/,,False
RaceResult,I TRAIL SALVAMONTES,2024-10-31,Jueves,0.0,trail running,Absoluta/General,,,Rianxo,Barbanza,La Coruña,312460,2024-10-31,2024-10-31,Carreras de montaña,Tameiga,Mos,España,ES,42.6834,-8.8092,https://my.raceresult.com/312460/,,False
RaceResult,Kilómetro Vertical – Aznaitín 360,2024-11-02,Sábado,0.0,trail running,Absoluta/General,,,Albanchez de Mágina,,Jaén,311045,2024-11-02,2024-11-02,Carreras de montaña,Albanchez de Mágina,Jaén,España,ES,37.7916,-3.4676,https://my.raceresult.com/311045/,,False
RaceResult,21 LEGUAS 2024,2024-09-28,Sábado,0.0,Otros,Absoluta/General,,,Narón,Ferrol,La Coruña,310846,2024-09-28,2024-09-29,Otros,Narón,,España,ES,43.4966,-8.196,https://my.raceresult.com/310846/,,False
RaceResult,"2024 DEKA FIT - Barcelona, Spain",2024-09-28,Sábado,0.0,Otros,Absoluta/General,,,Barcelona,Barcelonés,Barcelona,310453,2024-09-28,2024-09-28,Otros,Barcelona,,España,ES,41.3864,2.1944,https://my.raceresult.com/310453/,,False
RaceResult, Fuertebike Electrón Fuerteventura 2024,2024-10-05,Sábado,0.0,Ciclismo y btt,Absoluta/General,,,La Oliva,,Las Palmas,309972,2024-10-05,2024-10-05,Bicicleta de montaña,,,España,ES,28.7308,-13.8675,https://my.raceresult.com/309972/,,False
RaceResult,CAMPIONATO GALICIA - DH A FRACHA,2024-09-14,Sábado,0.0,Ciclismo y btt,Absoluta/General,,,Pontevedra,Pontevedra,Pontevedra,308783,2024-09-14,2024-09-14,Bicicleta de montaña,PONTEVEDRA,,España,ES,42.4328,-8.6449,https://my.raceresult.com/308783/,,False
RaceResult,II Carrera Popular San Rafael 2024,2024-10-26,Sábado,0.0,road running,Absoluta/General,,,Teguise,,Las Palmas,308533,2024-10-26,2024-10-26,Running,Teguise,,España,ES,29.0597,-13.5596,https://my.raceresult.com/308533/,,False
RaceResult,X-Treme Sierra Sur,2024-09-15,Domingo,0.0,trail running,Absoluta/General,,,Alcalá la Real,,Jaén,307882,2024-09-15,2024-09-15,Carreras de montaña,Alcalá La Real,Jaén,España,ES,37.4604,-3.924,https://my.raceresult.com/307882/,,False
RaceResult,VII Beyond the Coast Sky Gran Canaria,2024-09-21,Sábado,21.0,road running,Absoluta/General,,,Tejeda,,Las Palmas,307732,2024-09-21,2024-09-21,Running,Gran Canaria,,España,ES,27.9586,-15.5925,https://my.raceresult.com/307732/,,False
RaceResult,III Milla Santa Marta 2024,2024-10-18,Viernes,1.609,road running,Absoluta/General,,,Pájara,,Las Palmas,307261,2024-10-18,2024-10-18,Running,Costa Calma,,España,ES,28.1616,-14.2269,https://my.raceresult.com/307261/,,False
RaceResult,Vuelta Ciclista a Lanzarote 2025,2025-10-04,Sábado,0.0,Ciclismo y btt,Absoluta/General,,,Tinajo,,Las Palmas,306360,2025-10-04,2025-10-05,Ciclismo,Tinajo,,España,ES,29.072,-13.6749,https://my.raceresult.com/306360/,,False
RaceResult,Maratón BTT Sierra de Cazorla,2024-09-08,Domingo,42.195,Ciclismo y btt,Absoluta/General,,,Cazorla,,Jaén,306245,2024-09-08,2024-09-08,Bicicleta de montaña,Cazorla,,España,ES,37.9141,-3.004,https://my.raceresult.com/306245/,,False
RaceResult,Tinajo You Trail 2024,2024-09-07,Sábado,0.0,trail running,Absoluta/General,,,Tinajo,,Las Palmas,306220,2024-09-07,2024-09-07,Running,Tinajo,,España,ES,29.0666,-13.6765,https://my.raceresult.com/306220/,,False
RaceResult,El Día Mágico XV Edition,2024-09-14,Sábado,0.0,road running,Absoluta/General,,,Valsequillo de Gran Canaria,,Las Palmas,306083,2024-09-14,2024-09-14,Running,Valsequillo,,España,ES,27.9956,-15.4698,https://my.raceresult.com/306083/,,False
RaceResult,Tinajo You Trail 2023,2023-09-02,Sábado,0.0,trail running,Absoluta/General,,,Tinajo,,Las Palmas,305668,2023-09-02,2023-09-02,Running,Tinajo,,España,ES,29.0666,-13.6765,https://my.raceresult.com/305668/,,False
RaceResult,Trail Caldera de El Cuchillo 2024,2024-10-11,Viernes,5.0,trail running,Absoluta/General,,,Tinajo,,Las Palmas,305274,2024-10-11,2024-10-11,Running,Tinajo,,España,ES,29.0666,-13.6765,https://my.raceresult.com/305274/,,False
RaceResult,VI CHALLENGE JUNIOR CARBALLO,2024-08-23,Viernes,0.0,Ciclismo y btt,Infantil,,,Carballo,Bergantiños,La Coruña,305045,2024-08-23,2024-08-25,Ciclismo,Carballo,,España,ES,43.2127,-8.6911,https://my.raceresult.com/305045/,,False
RaceResult,CRONOESCALADA SANROCKEIRA,2024-08-23,Viernes,0.0,Ciclismo y btt,Absoluta/General,,,San Sadurniño,Ferrol,La Coruña,305035,2024-08-23,2024-08-23,Ciclismo,San Sadurniño,,España,ES,43.532,-8.0712,https://my.raceresult.com/305035/,,False
RaceResult,VI CHALLENGE JUNIOR CARBALLO - Etapa 1 CRI,2024-08-23,Viernes,0.0,Ciclismo y btt,Infantil,,,Carballo,Bergantiños,La Coruña,304918,2024-08-23,2024-08-23,Ciclismo,Carballo,,España,ES,43.2127,-8.6911,https://my.raceresult.com/304918/,,False
RaceResult,VI TROFEO FEDERACIÓN DHI- MANZANEDA BIKEPARK,2024-08-18,Domingo,0.0,Ciclismo y btt,Absoluta/General,,,Cáceres,,Cáceres,303920,2024-08-18,2024-08-18,Bicicleta de montaña,ESTACIÓN MONTAÑA MANZANEDA,,España,ES,39.4614,-6.3846,https://my.raceresult.com/303920/,,False
RaceResult,INGENIO X TREME,2024-10-19,Sábado,10.0,road running,Absoluta/General,,,Colmenar de Oreja,,Comunidad de Madrid,303601,2024-10-19,2024-10-19,Running,,,España,ES,40.091,-3.4646,https://my.raceresult.com/303601/,,False
RaceResult,ANCARES CYCLING MARATHON 2024,2024-08-11,Domingo,0.0,Ciclismo y btt,Absoluta/General,,,Pedrafita do Cebreiro,Os Ancares,Lugo,302636,2024-08-11,2024-08-11,Cicloturismo,O Cebreiro,,España,ES,42.7077,-7.0447,https://my.raceresult.com/302636/,,False
RaceResult,Adrenaline Race Iznájar,2024-11-10,Domingo,0.0,trail running,Absoluta/General,,,Colmenar de Oreja,,Comunidad de Madrid,301148,2024-11-10,2024-11-10,Carrera de Obstáculos,,,España,ES,40.091,-3.4646,https://my.raceresult.com/301148/,,False
RaceResult,Famara Total 2024,2024-08-17,Sábado,0.0,road running,Absoluta/General,,,Teguise,,Las Palmas,300564,2024-08-17,2024-08-17,Running,Teguise,,España,ES,29.0594,-13.5606,https://my.raceresult.com/300564/,,False
RaceResult,Vertical Famara Total By European Sports Destination 2024,2024-08-15,Jueves,0.0,road running,Absoluta/General,,,Teguise,,Las Palmas,300563,2024-08-15,2024-08-15,Running,TIAGUA,,España,ES,29.0527,-13.6307,https://my.raceresult.com/300563/,,False
RaceResult,XXXV CARRILANAS ESTEIRO,2024-07-21,Domingo,0.0,Otros,Absoluta/General,,,Muros,Muros,La Coruña,300331,2024-07-21,2024-07-21,Otros,Esteiro (Muros),,España,ES,42.7746,-9.0576,https://my.raceresult.com/300331/,,False
RaceResult,"2024 DEKA FIT - Madrid, Spain",2024-07-27,Sábado,0.0,Otros,Absoluta/General,,,Madrid,,Comunidad de Madrid,300261,2024-07-27,2024-07-28,Otros,Madrid,,España,ES,40.4239,-3.6718,https://my.raceresult.com/300261/,,False
RaceResult,XC Ajei 2024,2024-07-21,Domingo,0.0,Ciclismo y btt,Absoluta/General,,,Colmenar de Oreja,,Comunidad de Madrid,300038,2024-07-21,2024-07-21,Ciclismo,,,España,ES,40.091,-3.4646,https://my.raceresult.com/300038/,,False
RaceResult,II Jornadas Ecuelas MTB Ajei 2024,2024-07-21,Domingo,0.0,Ciclismo y btt,Absoluta/General,,,Colmenar de Oreja,,Comunidad de Madrid,300034,2024-07-21,2024-07-21,Ciclismo,,,España,ES,40.091,-3.4646,https://my.raceresult.com/300034/,,False
RaceResult,V Trail Santa Lucía El Puertillo,2024-11-16,Sábado,0.0,trail running,Absoluta/General,,,Arucas,,Las Palmas,299605,2024-11-16,2024-11-16,Carreras de montaña,El Puertillo,,España,ES,28.1514,-15.5335,https://my.raceresult.com/299605/,,False
RaceResult,XI DHU VILLA DE SARRIA 2024,2024-07-14,Domingo,0.0,Ciclismo y btt,Absoluta/General,,,Sarria,Sarria,Lugo,299566,2024-07-14,2024-07-14,Bicicleta de montaña,SARRIA,,España,ES,42.7813,-7.4139,https://my.raceresult.com/299566/,,False
RaceResult,Yaiza Extremo Sur Infantil 2024,2024-07-14,Domingo,0.0,Ciclismo y btt,Infantil,,,Yaiza,,Las Palmas,298880,2024-07-14,2024-07-14,Bicicleta de montaña,Yaiza,,España,ES,28.9502,-13.7441,https://my.raceresult.com/298880/,,False
RaceResult,Yaiza Extremo Sur 2024,2024-07-13,Sábado,0.0,Otros,Absoluta/General,,,Yaiza,,Las Palmas,298636,2024-07-13,2024-07-13,Otros,Yaiza,,España,ES,28.9568,-13.7654,https://my.raceresult.com/298636/,,False
RaceResult,DHI ESTACION MANZANEDA 2024,2024-06-30,Domingo,0.0,Ciclismo y btt,Absoluta/General,,,Vigo,Vigo,Pontevedra,297695,2024-06-30,2024-06-30,Bicicleta de montaña,MANZANEDA,,España,ES,42.2196,-8.7344,https://my.raceresult.com/297695/,,False
RaceResult,"2024 DEKA FIT - Zaragoza, Spain",2024-06-29,Sábado,0.0,Otros,Absoluta/General,,,Zaragoza,Zaragoza,Zaragoza,297279,2024-06-29,2024-06-29,Otros,Zaragoza,,España,ES,41.6397,-0.8723,https://my.raceresult.com/297279/,,False
RaceResult,Trail La Vegueta 2024,2024-06-29,Sábado,10.0,trail running,Absoluta/General,,,Tinajo,,Las Palmas,297073,2024-06-29,2024-06-29,Running,Tinajo,,España,ES,29.0666,-13.6765,https://my.raceresult.com/297073/,,False
RaceResult,CAMPEONATO DE ESPAÑA BTT XCM Lalín Bike Race 2024,2024-06-23,Domingo,0.0,Ciclismo y btt,Absoluta/General,,,Lalín,Deza,Pontevedra,296855,2024-06-23,2024-06-23,Bicicleta de montaña,LALÍN,España,España,ES,42.6609,-8.1159,https://my.raceresult.com/296855/,,False
RaceResult,Milla Popular La Santa VI Edición,2024-07-19,Viernes,1.609,road running,Absoluta/General,,,Tinajo,,Las Palmas,296466,2024-07-19,2024-07-19,Running,Tinajo,,España,ES,29.0666,-13.6765,https://my.raceresult.com/296466/,,False
RaceResult,Disco Night Urban Race 2024,2024-06-22,Sábado,10.0,road running,Absoluta/General,,,Arrecife,,Las Palmas,296023,2024-06-22,2024-06-22,Running,Tias,,España,ES,28.9587,-13.5478,https://my.raceresult.com/296023/,,False
RaceResult,I CIRCUITO CxM LA IRUELA,2024-08-14,Miércoles,0.0,trail running,Absoluta/General,,,La Iruela,,Jaén,295769,2024-08-14,2024-08-25,Carreras de montaña,La Iruela,Jaén,España,ES,37.9199,-2.9966,https://my.raceresult.com/295769/,,False
RaceResult,Campeonato de Canarias DHI-DHI Benijos,2024-06-23,Domingo,0.0,Ciclismo y btt,Absoluta/General,,,La Orotava,,Santa Cruz de Tenerife,295495,2024-06-23,2024-06-23,Bicicleta de montaña,La Orotava,,España,ES,28.392,-16.5217,https://my.raceresult.com/295495/,,False
RaceResult,Nocturna Montes de Ceuta Chip File,2024-06-08,Sábado,0.0,trail running,Absoluta/General,,,Colmenar de Oreja,,Comunidad de Madrid,294856,2024-06-08,2024-06-09,Carreras de montaña,,,España,ES,40.091,-3.4646,https://my.raceresult.com/294856/,,False
RaceResult,XI Carrera Popular Barranco del Quíquere,2024-08-03,Sábado,10.0,road running,Absoluta/General,,,Tías,,Las Palmas,293074,2024-08-03,2024-08-03,Running,Tias,,España,ES,28.952,-13.6546,https://my.raceresult.com/293074/,,False
RaceResult,4 Stage MTB Race Lanzarote 2025,2025-01-30,Jueves,0.0,Ciclismo y btt,Absoluta/General,,,Tinajo,,Las Palmas,292548,2025-01-30,2025-02-02,Bicicleta de montaña,Tinajo,,España,ES,29.072,-13.6749,https://my.raceresult.com/292548/,,False
RaceResult,SESTELO-CLÁSICA ÁLVARO PINO (2024),2024-05-26,Domingo,0.0,Ciclismo y btt,Absoluta/General,,,Ponteareas,O Condado,Pontevedra,292527,2024-05-26,2024-05-26,Ciclismo,PONTEAREAS (Pontevedra),,España,ES,42.1742,-8.5054,https://my.raceresult.com/292527/,,False
RaceResult,Jable Trails,2024-06-15,Sábado,5.0,road running,Absoluta/General,,,Tías,,Las Palmas,292491,2024-06-15,2024-06-15,Running,Tias,,España,ES,28.9201,-13.6596,https://my.raceresult.com/292491/,,False
RaceResult,Fisiosan 5K,2024-10-06,Domingo,5.0,road running,Absoluta/General,,,Tías,,Las Palmas,292137,2024-10-06,2024-10-06,Running,Tias,,España,ES,28.9201,-13.6596,https://my.raceresult.com/292137/,,False
RaceResult,Zumeta Bike Race 2024,2024-05-25,Sábado,0.0,Ciclismo y btt,Absoluta/General,,,Santiago-Pontones,,Jaén,291991,2024-05-25,2024-05-25,Bicicleta de montaña,Santiago De La Espada,,España,ES,38.1115,-2.5522,https://my.raceresult.com/291991/,,False
RaceResult,CAMPIONATO DE GALICIA DE ENDURO 2024 - 4º ENDURO MONTE CASTELO BURELA,2024-05-25,Sábado,0.0,Ciclismo y btt,Absoluta/General,,,Burela,Mariña Central,Lugo,291946,2024-05-25,2024-05-26,Bicicleta de montaña,BURELA,,España,ES,43.6605,-7.3588,https://my.raceresult.com/291946/,,False
RaceResult,Enduro Haría 2024,2024-06-30,Domingo,0.0,Ciclismo y btt,Absoluta/General,,,Haría,,Las Palmas,291821,2024-06-30,2024-06-30,Bicicleta de montaña,Haria,,España,ES,29.1282,-13.4648,https://my.raceresult.com/291821/,,False
RaceResult,CAMPIONATO DE GALICIA DE CONTRA O RELOXO INDIVIDUAL,2024-05-17,Viernes,0.0,Ciclismo y btt,Absoluta/General,,,A Pobra do Brollón,Tierra de Lemos,Lugo,290757,2024-05-17,2024-05-17,Ciclismo,POBRA DO BROLLON (A),,España,ES,42.5593,-7.3941,https://my.raceresult.com/290757/,,False
RaceResult,Triatlón,2024-12-31,Martes,0.0,Multidisciplina,Absoluta/General,,,Colmenar de Oreja,,Comunidad de Madrid,290180,2024-12-31,2024-12-31,Triatlón,,,España,ES,40.091,-3.4646,https://my.raceresult.com/290180/,,False
RaceResult,DEKA MILE TARONJA GAMES,2024-05-10,Viernes,1.609,Otros,Absoluta/General,,,Valencia,Comarca de Valencia,Valencia,289971,2024-05-10,2024-05-10,Otros,,,España,ES,39.4552,-0.3539,https://my.raceresult.com/289971/,,False
RaceResult,"2024 DEKA FIT - Valencia, Spain",2024-05-11,Sábado,0.0,Otros,Absoluta/General,,,Valencia,Comarca de Valencia,Valencia,289928,2024-05-11,2024-05-12,Otros,Valencia,,España,ES,39.4552,-0.3539,https://my.raceresult.com/289928/,,False
RaceResult,Local 10K,2024-12-31,Martes,5.0,road running,Absoluta/General,,,Colmenar de Oreja,,Comunidad de Madrid,289875,2024-12-31,2024-12-31,Running,,,España,ES,40.091,-3.4646,https://my.raceresult.com/289875/,,False
RaceResult,ALCARRAS 11-12 MAI 2024,2024-05-11,Sábado,0.0,Otros,Absoluta/General,,,Colmenar de Oreja,,Comunidad de Madrid,289831,2024-05-11,2024-05-12,Deportes motor,,,España,ES,40.091,-3.4646,https://my.raceresult.com/289831/,,False
RaceResult,MONTEFARO ENDURO RACE 2024,2024-05-19,Domingo,0.0,Ciclismo y btt,Absoluta/General,,,Mugardos,Ferrol,La Coruña,289485,2024-05-19,2024-05-19,Bicicleta de montaña,MUGARDOS,,España,ES,43.4567,-8.245,https://my.raceresult.com/289485/,,False
RaceResult,IRONMAN Lanzarote 2024,2024-05-18,Sábado,0.0,Multidisciplina,Absoluta/General,,,Tías,,Las Palmas,288896,2024-05-18,2024-05-18,Triatlón,Puerto del Carmen,,España,ES,28.9231,-13.6658,https://my.raceresult.com/288896/,,False
RaceResult,Maratón de Valencia,2024-12-04,Miércoles,42.0,road running,Absoluta/General,,,Colmenar de Oreja,,Comunidad de Madrid,288292,2024-12-04,2024-12-04,Running,,,España,ES,40.091,-3.4646,https://my.raceresult.com/288292/,,False
RaceResult,"Club La Santa Volcano Triathlon 2025
",2025-05-03,Sábado,0.0,Multidisciplina,Absoluta/General,,,La Santa,,Las Palmas,288274,2025-05-03,2025-05-03,Triatlón,Tinajo,,España,ES,29.1164,-13.6548,https://my.raceresult.com/288274/,,False
RaceResult,XII Milla Barcelo Caleta de Fuste,2024-05-10,Viernes,1.609,road running,Absoluta/General,,,Antigua,,Las Palmas,287921,2024-05-10,2024-05-10,Running,Caleta de Fuste,,España,ES,28.3972,-13.8643,https://my.raceresult.com/287921/,,False
RaceResult,VI Milla de Tarajalejo,2024-05-03,Viernes,1.609,road running,Absoluta/General,,,Tuineje,,Las Palmas,287445,2024-05-03,2024-05-03,Running,Tarajalejo,,España,ES,28.1944,-14.1168,https://my.raceresult.com/287445/,,False
RaceResult, SANTYAGO10K_2024,2024-04-27,Sábado,10.0,road running,Absoluta/General,,,Santiago de Compostela,Santiago,La Coruña,287028,2024-04-27,2024-04-27,Running,Santiago de Compostela,,España,ES,42.8835,-8.5403,https://my.raceresult.com/287028/,,False
RaceResult,Sierra Cazorla Trails,2024-10-19,Sábado,0.0,trail running,Absoluta/General,,,Quesada,,Jaén,286534,2024-10-19,2024-10-19,Carreras de montaña,Quesada,Jaén,España,ES,37.844,-3.0671,https://my.raceresult.com/286534/,,False
RaceResult,Carrera de la Cereza,2024-06-02,Domingo,10.0,road running,Absoluta/General,,,Castillo de Locubín,,Jaén,285457,2024-06-02,2024-06-02,Running,Castillo de Locubín,,España,ES,37.528,-3.9422,https://my.raceresult.com/285457/,,False
RaceResult,Ultra Sierra de Segura,2024-09-22,Domingo,0.0,trail running,Absoluta/General,,,Colmenar de Oreja,,Comunidad de Madrid,285014,2024-09-22,2024-09-22,Carreras de montaña,,,España,ES,40.091,-3.4646,https://my.raceresult.com/285014/,,False
RaceResult,Periche Trail,2024-06-23,Domingo,0.0,trail running,Absoluta/General,,,Los Villares,,Jaén,284987,2024-06-23,2024-06-23,Carreras de montaña,Los Villares,Jaén,España,ES,37.6877,-3.8182,https://my.raceresult.com/284987/,,False
RaceResult,Adrenaline Race Zahara de los Atunes,2024-09-28,Sábado,0.0,trail running,Absoluta/General,,,Colmenar de Oreja,,Comunidad de Madrid,284889,2024-09-28,2024-09-28,Carrera de Obstáculos,,,España,ES,40.091,-3.4646,https://my.raceresult.com/284889/,,False
RaceResult,XXV Triatlon IES Yaiza,2024-04-19,Viernes,0.0,Multidisciplina,Absoluta/General,,,Yaiza,,Las Palmas,284634,2024-04-19,2024-04-19,Triatlón,YAIZA,,España,ES,28.9502,-13.7441,https://my.raceresult.com/284634/,,False
RaceResult,Copa de España de Enduro Puntallana 2024,2024-04-20,Sábado,0.0,Ciclismo y btt,Absoluta/General,,,Santa Cruz de La Palma,,Santa Cruz de Tenerife,284099,2024-04-20,2024-04-20,Bicicleta de montaña,Puntallana,,España,ES,28.6964,-17.7683,https://my.raceresult.com/284099/,,False
RaceResult,DESCENSO MOLINOS,2024-03-23,Sábado,0.0,Ciclismo y btt,Absoluta/General,,,Castroverde,Lugo,Lugo,282745,2024-03-23,2024-03-23,Bicicleta de montaña,PARAMO,,España,ES,42.9501,-7.2944,https://my.raceresult.com/282745/,,False
RaceResult,Ziroko Trail,2024-03-23,Sábado,0.0,trail running,Absoluta/General,,,Colmenar de Oreja,,Comunidad de Madrid,282383,2024-03-23,2024-03-23,Carreras de montaña,,,España,ES,40.091,-3.4646,https://my.raceresult.com/282383/,,False
RaceResult,Subida a Fuenmayor,2024-05-05,Domingo,0.0,trail running,Absoluta/General,,,Torres,,Jaén,282023,2024-05-05,2024-05-05,Carreras de montaña,Torres,,España,ES,37.7847,-3.5082,https://my.raceresult.com/282023/,,False
RaceResult,Gran Fondo Sierra de Cazorla 2024,2024-10-05,Sábado,0.0,Ciclismo y btt,Absoluta/General,,,Cazorla,,Jaén,281713,2024-10-05,2024-10-05,Ciclismo,Cazorla,Jaén,España,ES,37.9141,-3.004,https://my.raceresult.com/281713/,,False
RaceResult,Jornadas MTB escuelas El Aljibe 2024-1,2024-03-10,Domingo,0.0,Ciclismo y btt,Absoluta/General,,,,,,280982,2024-03-10,2024-03-10,Ciclismo,,,España,ES,0.0,0.0,https://my.raceresult.com/280982/,,False
RaceResult,ESTAL Trail CxM Parques del Estrecho,2024-05-18,Sábado,0.0,trail running,Absoluta/General,,,Algeciras,Campo de Gibraltar,Cádiz,280410,2024-05-18,2024-05-18,Carreras de montaña,Algeciras,Cádiz,España,ES,36.114,-5.4448,https://my.raceresult.com/280410/,,False
RaceResult,Nocturna Montes de Ceuta,2024-06-08,Sábado,0.0,trail running,Absoluta/General,,,Colmenar de Oreja,,Comunidad de Madrid,280375,2024-06-08,2024-06-09,Carreras de montaña,,,España,ES,40.091,-3.4646,https://my.raceresult.com/280375/,,False
RaceResult,Bosques del Sur - Maratón y Ultra,2024-06-01,Sábado,42.195,trail running,Absoluta/General,,,Cazorla,,Jaén,280318,2024-06-01,2024-06-01,Carreras de montaña,Cazorla,Jaén,España,ES,37.9141,-3.004,https://my.raceresult.com/280318/,,False
RaceResult,MTB Eliminator Continental Series #2 Girona (ESP),2024-09-21,Sábado,0.0,Ciclismo y btt,Absoluta/General,,,Gerona,Gironés,Gerona,279852,2024-09-21,2024-09-21,Bicicleta de montaña,Girona,,España,ES,41.9793,2.8199,https://my.raceresult.com/279852/,,False
RaceResult,World Trail Majors 2025,2025-12-31,Miércoles,0.0,Otros,Absoluta/General,,,Colmenar de Oreja,,Comunidad de Madrid,279780,2025-12-31,2025-12-31,Otros,,,España,ES,40.091,-3.4646,https://my.raceresult.com/279780/,,False
RaceResult,XII Vertical Montaña Blanca ,2024-05-25,Sábado,0.0,trail running,Absoluta/General,,,San Bartolomé,,Las Palmas,279666,2024-05-25,2024-05-25,Carreras de montaña,San Bartolomé,,España,ES,28.9879,-13.6374,https://my.raceresult.com/279666/,,False
RaceResult,XXII Cross Insular Municipio De Antigua,2024-03-16,Sábado,5.0,road running,Absoluta/General,,,Pájara,,Las Palmas,279665,2024-03-16,2024-03-16,Running,Morro Jable,,España,ES,28.0502,-14.3522,https://my.raceresult.com/279665/,,False
RaceResult, VI COPA DE CARRERAS POPULARES MUNICIPIO DE TINAJO,2024-01-01,Lunes,5.0,road running,Absoluta/General,,,Tinajo,,Las Palmas,279657,2024-01-01,2024-01-01,Running,Tinajo,,España,ES,29.072,-13.6749,https://my.raceresult.com/279657/,,False
RaceResult,UCI MTB Eliminator World Cup #2 Barcelona (ESP),2024-04-26,Viernes,0.0,Ciclismo y btt,Absoluta/General,,,Barcelona,Barcelonés,Barcelona,279396,2024-04-26,2024-04-26,Bicicleta de montaña,Barcelona,,España,ES,41.3829,2.1774,https://my.raceresult.com/279396/,,False
RaceResult,Cumbres de Mágina,2024-04-28,Domingo,0.0,trail running,Absoluta/General,,,Bedmar y Garcíez,,Jaén,279152,2024-04-28,2024-04-28,Carreras de montaña,Bedmar,Jaén,España,ES,37.8222,-3.4118,https://my.raceresult.com/279152/,,False
RaceResult,"2024 DEKA FIT - Málaga, Spain",2024-02-24,Sábado,0.0,Otros,Absoluta/General,,,Málaga,Málaga-Costa del Sol,Málaga,278052,2024-02-24,2024-02-24,Otros,Málaga,,España,ES,36.6824,-4.4605,https://my.raceresult.com/278052/,,False
RaceResult,CXM Silvia Lara,2024-04-07,Domingo,0.0,trail running,Absoluta/General,,,Castillo de Locubín,,Jaén,277448,2024-04-07,2024-04-07,Carreras de montaña,Castillo de Locubín,Jaén,España,ES,37.528,-3.9422,https://my.raceresult.com/277448/,,False
RaceResult,Carrera Mascaritas 2024,2024-03-02,Sábado,10.0,road running,Absoluta/General,,,Tinajo,,Las Palmas,276575,2024-03-02,2024-03-02,Running,Tinajo,,España,ES,29.0666,-13.6765,https://my.raceresult.com/276575/,,False
RaceResult,VI CxM TRAIL SOLIDARIO IES FUENTE DE LA PEÑA ,2024-04-14,Domingo,0.0,trail running,Absoluta/General,,,Jaén,,Jaén,276452,2024-04-14,2024-04-14,Carreras de montaña,Jaén,Jaén,España,ES,37.7578,-3.7937,https://my.raceresult.com/276452/,,False
RaceResult,CXM Rompealbarcas,2024-05-26,Domingo,0.0,trail running,Absoluta/General,,,Valdepeñas de Jaén,,Jaén,276194,2024-05-26,2024-05-26,Carreras de montaña,Valdepeñas de Jaén,Jaén,España,ES,37.59,-3.8153,https://my.raceresult.com/276194/,,False
RaceResult,Adrenaline Race Torrenueva Costa,2024-04-28,Domingo,0.0,trail running,Absoluta/General,,,Colmenar de Oreja,,Comunidad de Madrid,275497,2024-04-28,2024-04-28,Carrera de Obstáculos,,,España,ES,40.091,-3.4646,https://my.raceresult.com/275497/,,False
RaceResult,"Bosques Del Sur - Media, Mini y Peque2",2024-06-15,Sábado,0.0,trail running,Infantil,,,Cazorla,,Jaén,273957,2024-06-15,2024-06-16,Carreras de montaña,Cazorla,Jaén,España,ES,37.9141,-3.004,https://my.raceresult.com/273957/,,False
RaceResult,I TRAIL E ANDAINA MONTES DO OLEIRÓN,2024-01-07,Domingo,0.0,trail running,Absoluta/General,,,Colmenar de Oreja,,Comunidad de Madrid,273764,2024-01-07,2024-01-07,Running,,,España,ES,40.091,-3.4646,https://my.raceresult.com/273764/,,False
RaceResult,Costa Blanca Bike Race 2024,2024-01-25,Jueves,0.0,Ciclismo y btt,Absoluta/General,,,Calpe,La Marina Alta,Alicante,272973,2024-01-25,2024-01-28,Bicicleta de montaña,Calpe,,España,ES,38.6541,0.0469,https://my.raceresult.com/272973/,,False
RaceResult,XVII CXM SIERRA ELVIRA,2024-02-24,Sábado,0.0,trail running,Absoluta/General,,,Atarfe,Comarca de la Vega de Granada,Granada,272627,2024-02-24,2024-02-24,Carreras de montaña,Atarfe,Granada,España,ES,37.2227,-3.6866,https://my.raceresult.com/272627/,,False
RaceResult,II Carrera Solidaria Chimia Trail,2023-12-29,Viernes,0.0,trail running,Absoluta/General,,,Teguise,,Las Palmas,272293,2023-12-29,2023-12-29,Carreras de montaña,Teguise,,España,ES,29.0594,-13.5605,https://my.raceresult.com/272293/,,False
RaceResult,SIN SON 2023 - 10K,2023-12-17,Domingo,10.0,road running,Absoluta/General,,,O Porto do Son,Noia,La Coruña,272140,2023-12-17,2023-12-17,Running,PORTO DO SON,,España,ES,42.7248,-9.0053,https://my.raceresult.com/272140/,,False
RaceResult,XVIII Carrera De Navidad Chistian Moreno López,2023-12-15,Viernes,0.0,road running,Absoluta/General,,,Pájara,,Las Palmas,271812,2023-12-15,2023-12-15,Running,Morro Jable,,España,ES,28.0502,-14.3522,https://my.raceresult.com/271812/,,False
RaceResult,Caras Nortes Skyrace,2023-11-25,Sábado,0.0,trail running,Absoluta/General,,,Güéjar Sierra,Comarca de la Vega de Granada,Granada,270067,2023-11-25,2023-11-25,Carreras de montaña,Güejar Sierra,Granada,España,ES,37.1598,-3.4386,https://my.raceresult.com/270067/,,False
RaceResult,XIV CROSS DE GRAN TARAJAL,2023-11-26,Domingo,0.0,road running,Absoluta/General,,,Pájara,,Las Palmas,269935,2023-11-26,2023-11-26,Running,Morro Jable,,España,ES,28.0502,-14.3522,https://my.raceresult.com/269935/,,False
RaceResult,"2023 DEKA FIT - Tenerife, Spain",2023-11-18,Sábado,0.0,Otros,Absoluta/General,,,Adeje,,Santa Cruz de Tenerife,269842,2023-11-18,2023-11-18,Otros,La Caleta,,España,ES,28.1067,-16.7511,https://my.raceresult.com/269842/,,False
RaceResult,Marcha Solidaria Mirada al Frente Paso Firme,2023-11-26,Domingo,0.0,road running,Absoluta/General,,,Teguise,,Las Palmas,269024,2023-11-26,2023-11-26,Running,Teguise,,España,ES,28.9959,-13.4972,https://my.raceresult.com/269024/,,False
RaceResult,Haría Titan 2023,2023-11-18,Sábado,42.0,road running,Absoluta/General,,,Haría,,Las Palmas,268784,2023-11-18,2023-11-18,Running,Haria,,España,ES,29.1494,-13.4967,https://my.raceresult.com/268784/,,False
RaceResult,Trail Valle del Genal,2023-11-11,Sábado,0.0,trail running,Absoluta/General,,,Júzcar,Serranía de Ronda,Málaga,268707,2023-11-11,2023-11-11,Carreras de montaña,Juzcar,Málaga,España,ES,36.6256,-5.1708,https://my.raceresult.com/268707/,,True
RaceResult,XXIV Cross De Pájara,2023-11-18,Sábado,0.0,road running,Absoluta/General,,,Pájara,,Las Palmas,268661,2023-11-18,2023-11-18,Running,Morro Jable,,España,ES,28.0502,-14.3522,https://my.raceresult.com/268661/,,False
RaceResult,XLII CARREIRA POPULAR DE NEGREIRA,2023-11-05,Domingo,10.0,road running,Absoluta/General,,,Negreira,Barcala,La Coruña,268450,2023-11-05,2023-11-05,Running,Negreira,,España,ES,42.9113,-8.7367,https://my.raceresult.com/268450/,,True
RaceResult,Gran Vuelta Valle del Genal,2023-11-04,Sábado,0.0,trail running,Absoluta/General,,,Gaucín,Serranía de Ronda,Málaga,267881,2023-11-04,2023-11-05,Carreras de montaña,Gaucín,Málaga,España,ES,36.5193,-5.3168,https://my.raceresult.com/267881/,,True
RaceResult,Teide Challenge,2023-11-11,Sábado,0.0,Ciclismo y btt,Absoluta/General,,,Arona,,Santa Cruz de Tenerife,267573,2023-11-11,2023-11-11,Ciclismo,palm-mar,,España,ES,28.0221,-16.7022,https://my.raceresult.com/267573/,,False
RaceResult,Milla San Diego 2023,2023-11-05,Domingo,1.609,road running,Absoluta/General,,,Pájara,,Las Palmas,267457,2023-11-05,2023-11-05,Running,Costa Calma,,España,ES,28.1616,-14.2269,https://my.raceresult.com/267457/,,False
RaceResult,44 Carreira Pedestre Popular de Santiago,2023-10-29,Domingo,0.0,road running,Absoluta/General,,,Santiago de Compostela,Santiago,La Coruña,267224,2023-10-29,2023-10-29,Running,Santiago de Compostela,,España,ES,42.8805,-8.5458,https://my.raceresult.com/267224/,,False
RaceResult,VII DH KAMIKAZES,2023-10-22,Domingo,0.0,Ciclismo y btt,Absoluta/General,,,Marín,Morrazo,Pontevedra,266538,2023-10-22,2023-10-22,Bicicleta de montaña,Marin,,España,ES,42.3922,-8.7029,https://my.raceresult.com/266538/,,False
RaceResult,Relevos Trial 2023,2023-10-13,Viernes,5.0,road running,Equipos,,,San Bartolomé,,Las Palmas,265635,2023-10-13,2023-10-13,Running,Tinajo,,España,ES,29.0017,-13.6139,https://my.raceresult.com/265635/,,False
RaceResult,Sierra Cazorla Trails,2023-10-14,Sábado,0.0,trail running,Absoluta/General,25.0,94.0,Quesada,,Jaén,265592,2023-10-14,2023-10-14,Carreras de montaña,Quesada,Jaén,España,ES,37.844,-3.0671,https://my.raceresult.com/265592/,1019.0,True
RaceResult,GRAN PREMIO CIDADE DE PONTEVEDRA,2023-10-07,Sábado,0.0,Ciclismo y btt,Absoluta/General,,,Pontevedra,Pontevedra,Pontevedra,265183,2023-10-07,2023-10-07,Ciclocross,PONTEVEDRA,,España,ES,42.4266,-8.6406,https://my.raceresult.com/265183/,,False
RaceResult,La Iruela Contra el Cáncer,2023-10-21,Sábado,0.0,road running,Absoluta/General,,,Cazorla,,Jaén,265092,2023-10-21,2023-10-21,Running,La Iruela,,España,ES,37.9111,-3.0028,https://my.raceresult.com/265092/,,True
RaceResult,"2023 DEKA FIT - Barcelona, Spain",2023-09-30,Sábado,0.0,Otros,Absoluta/General,,,Barcelona,Barcelonés,Barcelona,264048,2023-09-30,2023-09-30,Otros,Barcelona,,España,ES,41.3864,2.1944,https://my.raceresult.com/264048/,,False
RaceResult,Fisiosan Inclusiva 2023,2023-10-01,Domingo,5.0,road running,Absoluta/General,,,Tías,,Las Palmas,263833,2023-10-01,2023-10-01,Running,Tias,,España,ES,28.9201,-13.6596,https://my.raceresult.com/263833/,,False
RaceResult,I Carrera Popular San Rafael 2023,2023-10-21,Sábado,10.0,road running,Absoluta/General,,,Tinajo,,Las Palmas,263690,2023-10-21,2023-10-21,Running,Tinajo,,España,ES,29.0666,-13.6765,https://my.raceresult.com/263690/,,False
RaceResult,X-Treme Sierra Sur,2023-10-01,Domingo,0.0,trail running,Absoluta/General,,,Alcalá la Real,,Jaén,263235,2023-10-01,2023-10-01,Carreras de montaña,Alcalá la Real,Jaén,España,ES,37.4604,-3.924,https://my.raceresult.com/263235/,,True
RaceResult,VIII BTT Zufre,2023-11-18,Sábado,0.0,Ciclismo y btt,Absoluta/General,,,Zufre,Sierra de Huelva,Huelva,261666,2023-11-18,2023-11-18,Bicicleta de montaña,Zufre,,España,ES,37.8339,-6.3389,https://my.raceresult.com/261666/,,False
RaceResult,II Edición Milla de Santa Marta 2023,2023-10-20,Viernes,1.609,road running,Absoluta/General,,,Pájara,,Las Palmas,261371,2023-10-20,2023-10-20,Running,Costa Calma,,España,ES,28.1616,-14.2269,https://my.raceresult.com/261371/,,False
RaceResult,COSTA ATLANTICA MTB TOUR,2023-09-08,Viernes,0.0,Ciclismo y btt,Absoluta/General,,,Pontevedra,Pontevedra,Pontevedra,260587,2023-09-08,2023-09-10,Bicicleta de montaña,PONTEVEDRA,,España,ES,42.4322,-8.647,https://my.raceresult.com/260587/,,False
RaceResult,Fuertebike Electrón Fuerteventura 2023,2023-09-02,Sábado,0.0,Ciclismo y btt,Absoluta/General,,,La Oliva,,Las Palmas,258772,2023-09-02,2023-09-02,Bicicleta de montaña,,,España,ES,28.7308,-13.8675,https://my.raceresult.com/258772/,,False
RaceResult,V CHALLENGE JUNIOR CARBALLO,2023-08-25,Viernes,0.0,Ciclismo y btt,Infantil,,,Carballo,Bergantiños,La Coruña,257560,2023-08-25,2023-08-25,Ciclismo,CARBALLO,,España,ES,43.2124,-8.6914,https://my.raceresult.com/257560/,,False
RaceResult,Maratón BTT Sierra de Cazorla,2023-10-29,Domingo,42.195,Ciclismo y btt,Absoluta/General,,,Cazorla,,Jaén,256752,2023-10-29,2023-10-29,Bicicleta de montaña,Cazorla,,España,ES,37.9141,-3.004,https://my.raceresult.com/256752/,,False
RaceResult,43a Caminada Rupit -  Taradell,2023-11-19,Domingo,0.0,road running,Absoluta/General,,,Taradell,Osona,Barcelona,256750,2023-11-19,2023-11-19,Running,Taradell,,España,ES,41.8725,2.2871,https://my.raceresult.com/256750/,,False
RaceResult,Famara Total 2023,2023-08-26,Sábado,0.0,road running,Absoluta/General,,,Teguise,,Las Palmas,256482,2023-08-26,2023-08-26,Running,Teguise,,España,ES,29.0594,-13.5606,https://my.raceresult.com/256482/,,False
RaceResult,Vertical Famara Total By European Sports Destination 2023,2023-08-24,Jueves,0.0,road running,Absoluta/General,,,Teguise,,Las Palmas,256473,2023-08-24,2023-08-24,Running,TIAGUA,,España,ES,29.0527,-13.6307,https://my.raceresult.com/256473/,,False
RaceResult,Trail Despeñaperros,2023-10-28,Sábado,0.0,trail running,Absoluta/General,,,Santa Elena,,Jaén,255761,2023-10-28,2023-10-28,Carreras de montaña,Santa Elena,Jaén,España,ES,38.3419,-3.5396,https://my.raceresult.com/255761/,,False
RaceResult,X Carrera Popular Barranco Del Quíquere,2023-08-05,Sábado,10.0,road running,Absoluta/General,,,Tías,,Las Palmas,255661,2023-08-05,2023-08-05,Running,Tias,,España,ES,28.952,-13.6546,https://my.raceresult.com/255661/,,False
RaceResult,Trailshumancia Burunchel,2023-08-20,Domingo,0.0,trail running,Absoluta/General,,,La Iruela,,Jaén,255648,2023-08-20,2023-08-20,Carreras de montaña,Burunchel,,España,ES,37.946,-2.9541,https://my.raceresult.com/255648/,,False
RaceResult,ANCARES CYCLING MARATHON_2023,2023-08-06,Domingo,0.0,Ciclismo y btt,Absoluta/General,,,Pedrafita do Cebreiro,Os Ancares,Lugo,255516,2023-08-06,2023-08-06,Cicloturismo,Pedrafita do Cebreiro,,España,ES,42.6702,-7.0504,https://my.raceresult.com/255516/,,False
RaceResult,Tinajo You Trail 2023,2023-09-02,Sábado,0.0,trail running,Absoluta/General,,,Tinajo,,Las Palmas,255306,2023-09-02,2023-09-02,Running,Tinajo,,España,ES,29.0666,-13.6765,https://my.raceresult.com/255306/,,False
RaceResult,Santiago-Pontones Trail Weekend,2023-09-23,Sábado,0.0,trail running,Absoluta/General,,,Santiago-Pontones,,Jaén,254983,2023-09-23,2023-09-24,Carreras de montaña,Santiago de la Espada,,España,ES,38.1113,-2.5513,https://my.raceresult.com/254983/,,False
RaceResult,"2023 DEKA FIT - Madrid, Spain",2023-07-29,Sábado,0.0,Otros,Absoluta/General,,,Madrid,,Comunidad de Madrid,253887,2023-07-29,2023-07-29,Otros,Madrid,,España,ES,40.4299,-3.6692,https://my.raceresult.com/253887/,,False
RaceResult,V Edición Milla Popular La Santa,2023-07-21,Viernes,1.609,road running,Absoluta/General,,,Tinajo,,Las Palmas,253841,2023-07-21,2023-07-21,Running,Tinajo,,España,ES,29.0666,-13.6765,https://my.raceresult.com/253841/,,False
RaceResult,VMIX RACE,2023-12-31,Domingo,0.0,road running,Absoluta/General,,,,,,252417,2023-12-31,2023-12-31,Running,,,España,ES,0.0,0.0,https://my.raceresult.com/252417/,,False
RaceResult,GRAN FONDO ÉZARO,2023-07-09,Domingo,0.0,Ciclismo y btt,Absoluta/General,,,Dumbría,Fisterra,La Coruña,252257,2023-07-09,2023-07-09,Cicloturismo,Ézaro,,España,ES,42.9112,-9.1306,https://my.raceresult.com/252257/,,False
RaceResult,Ziroko Trail,2023-07-08,Sábado,0.0,trail running,Absoluta/General,,,Colmenar de Oreja,,Comunidad de Madrid,251739,2023-07-08,2023-07-09,Carreras de montaña,,,España,ES,40.091,-3.4646,https://my.raceresult.com/251739/,,False
RaceResult,Campeonato de España BMX - Gran Premio de Alcoy - OFFICIAL,2023-07-01,Sábado,0.0,Ciclismo y btt,Absoluta/General,,,Alcoy,,Alicante,251586,2023-07-01,2023-07-02,BMX,Alcoy,,España,ES,38.6976,-0.497,https://my.raceresult.com/251586/,,False
RaceResult,Trail La Vegueta 2023,2023-07-01,Sábado,10.0,trail running,Absoluta/General,,,Tinajo,,Las Palmas,250842,2023-07-01,2023-07-01,Running,Tinajo,,España,ES,29.0666,-13.6765,https://my.raceresult.com/250842/,,False
RaceResult,Adrenaline Race Costablanca,2023-09-10,Domingo,0.0,trail running,Absoluta/General,,,Colmenar de Oreja,,Comunidad de Madrid,250733,2023-09-10,2023-09-10,Carrera de Obstáculos,,,España,ES,40.091,-3.4646,https://my.raceresult.com/250733/,,False
RaceResult,IV ENDURO FARO DE BUDIÑO,2023-06-25,Domingo,0.0,Ciclismo y btt,Absoluta/General,,,O Porriño,Vigo,Pontevedra,250637,2023-06-25,2023-06-25,Bicicleta de montaña,Budiño,,España,ES,42.1101,-8.5976,https://my.raceresult.com/250637/,,False
RaceResult,"2023 DEKA FIT - Málaga, Spain",2023-06-24,Sábado,0.0,Otros,Absoluta/General,,,Málaga,Málaga-Costa del Sol,Málaga,250387,2023-06-24,2023-06-24,Otros,Málaga,,España,ES,36.6824,-4.4605,https://my.raceresult.com/250387/,,False
RaceResult,NORTHWEST TRIMAN 2023,2023-06-25,Domingo,0.0,Multidisciplina,Absoluta/General,,,As Pontes de García Rodríguez,Eume,La Coruña,250120,2023-06-25,2023-06-25,Triatlón,"PONTES DE GARCIA RODRIGUEZ, AS (SANTA MARIA)",,España,ES,43.4502,-7.8531,https://my.raceresult.com/250120/,,False
RaceResult,Los Pocillos Race 2023,2023-06-11,Domingo,0.0,trail running,Absoluta/General,,,Tías,,Las Palmas,248818,2023-06-11,2023-06-11,Carrera de Obstáculos,Tías,,España,ES,28.952,-13.6546,https://my.raceresult.com/248818/,,False
RaceResult,Adrenaline Race Arbuniel,2023-10-15,Domingo,0.0,trail running,Absoluta/General,,,Colmenar de Oreja,,Comunidad de Madrid,248516,2023-10-15,2023-10-15,Carrera de Obstáculos,,,España,ES,40.091,-3.4646,https://my.raceresult.com/248516/,,False
RaceResult,II Jornadas Escuelas MTB Ajei 2023 ,2023-06-03,Sábado,0.0,Ciclismo y btt,Absoluta/General,,,Colmenar de Oreja,,Comunidad de Madrid,247725,2023-06-03,2023-06-03,Ciclismo,,,España,ES,40.091,-3.4646,https://my.raceresult.com/247725/,,False
RaceResult,"4 Hores de Moià 2023 - 32a Edició /
1 Hora Infantil  - 5a Edició",2023-09-02,Sábado,0.0,Ciclismo y btt,Infantil,,,Moià,Moianès,Barcelona,247683,2023-09-02,2023-09-02,Bicicleta de montaña,Moià,,España,ES,41.813,2.0978,https://my.raceresult.com/247683/,,False
RaceResult,Vertical de Montaña Blanca 2023 (Crono),2023-06-02,Viernes,0.0,trail running,Absoluta/General,,,San Bartolomé,,Las Palmas,247555,2023-06-02,2023-06-02,Carreras de montaña,San Bartolomé,,España,ES,28.9879,-13.6374,https://my.raceresult.com/247555/,,False
RaceResult,Vertical de Montaña Blanca 2023,2023-06-04,Domingo,0.0,trail running,Absoluta/General,,,San Bartolomé,,Las Palmas,247554,2023-06-04,2023-06-04,Carreras de montaña,San Bartolomé,,España,ES,28.9879,-13.6374,https://my.raceresult.com/247554/,,False
RaceResult,LALIN BIKE RACE 2023,2023-06-04,Domingo,0.0,Ciclismo y btt,Absoluta/General,,,Lalín,Deza,Pontevedra,246896,2023-06-04,2023-06-04,Bicicleta de montaña,Lalín,,España,ES,42.6819,-8.0822,https://my.raceresult.com/246896/,,False
RaceResult,Bosques del Sur - Ultra y Maratón,2023-06-03,Sábado,42.195,trail running,Absoluta/General,,,Cazorla,,Jaén,246587,2023-06-03,2023-06-03,Carreras de montaña,Cazorla,,España,ES,37.9141,-3.004,https://my.raceresult.com/246587/,,False
RaceResult,Short Track Campeonato de Canarias 2023,2023-06-03,Sábado,0.0,Ciclismo y btt,Absoluta/General,,,Colmenar de Oreja,,Comunidad de Madrid,246462,2023-06-03,2023-06-03,Ciclismo,,,España,ES,40.091,-3.4646,https://my.raceresult.com/246462/,,False
RaceResult,Adrenaline Race Tarifa,2023-09-30,Sábado,0.0,trail running,Absoluta/General,,,Colmenar de Oreja,,Comunidad de Madrid,246352,2023-09-30,2023-09-30,Carrera de Obstáculos,,,España,ES,40.091,-3.4646,https://my.raceresult.com/246352/,,False
RaceResult,TTS CALAFAT 14-05-2023,2023-05-14,Domingo,0.0,Otros,Absoluta/General,,,l'Ametlla de Mar,Bajo Ebro,Tarragona,244965,2023-05-14,2023-05-14,Deportes motor,CALAFAT,,España,ES,40.9321,0.8463,https://my.raceresult.com/244965/,,False
RaceResult,IV Paladea La Oliva 2023 MTB XC,2023-05-20,Sábado,0.0,Ciclismo y btt,Absoluta/General,,,La Oliva,,Las Palmas,244897,2023-05-20,2023-05-20,Bicicleta de montaña,La Oliva,,España,ES,28.6354,-13.9022,https://my.raceresult.com/244897/,,False
RaceResult,IV Paladea La Oliva 2023 Trail,2023-05-21,Domingo,0.0,trail running,Absoluta/General,,,La Oliva,,Las Palmas,244896,2023-05-21,2023-05-21,Carreras de montaña,La Oliva,,España,ES,28.6354,-13.9022,https://my.raceresult.com/244896/,,False
RaceResult,WES - World E-Bike Series 2023,2023-05-20,Sábado,0.0,Ciclismo y btt,Absoluta/General,,,Castelldefels,Bajo Llobregat,Barcelona,244812,2023-05-20,2023-10-21,Bicicleta de montaña,Castelldefels,,España,ES,41.2861,1.9824,https://my.raceresult.com/244812/,,False
RaceResult,Yaiza Extremo Sur,2023-05-14,Domingo,0.0,Otros,Absoluta/General,,,Yaiza,,Las Palmas,244724,2023-05-14,2023-05-14,Otros,Yaiza,,España,ES,28.9568,-13.7654,https://my.raceresult.com/244724/,,False
RaceResult,Canalizo Extreme,2023-05-14,Domingo,0.0,trail running,Absoluta/General,,,Bedmar y Garcíez,,Jaén,244163,2023-05-14,2023-05-14,Carreras de montaña,Bedmar,Jaén,España,ES,37.8222,-3.4118,https://my.raceresult.com/244163/,,False
RaceResult,PONTEVEDRA 4 PICOS BIKE DESAFÍO RÍAS BAIXAS 2023,2023-05-13,Sábado,0.0,Ciclismo y btt,Absoluta/General,,,Pontevedra,Pontevedra,Pontevedra,244061,2023-05-13,2023-05-13,Bicicleta de montaña,PONTEVEDRA,,España,ES,42.4357,-8.6397,https://my.raceresult.com/244061/,,False
RaceResult,III Trail Orcera,2023-05-07,Domingo,0.0,trail running,Absoluta/General,,,Orcera,,Jaén,242823,2023-05-07,2023-05-07,Carreras de montaña,Orcera,,España,ES,38.318,-2.6631,https://my.raceresult.com/242823/,,False
RaceResult, SANTYAGO10K_2023,2023-04-29,Sábado,10.0,road running,Absoluta/General,,,Santiago de Compostela,Santiago,La Coruña,242542,2023-04-29,2023-04-29,Running,Santiago de Compostela,,España,ES,42.8835,-8.5403,https://my.raceresult.com/242542/,,False
RaceResult,La Iruela MTB 2023,2023-06-24,Sábado,0.0,Ciclismo y btt,Absoluta/General,,,La Iruela,,Jaén,242021,2023-06-24,2023-06-24,Bicicleta de montaña,La Iruela,,España,ES,37.9199,-2.9966,https://my.raceresult.com/242021/,,False
RaceResult,XXIV Triatlón IES Yaiza,2023-04-28,Viernes,0.0,Multidisciplina,Absoluta/General,,,Yaiza,,Las Palmas,241973,2023-04-28,2023-04-28,Triatlón,YAIZA,,España,ES,28.9502,-13.7441,https://my.raceresult.com/241973/,,False
RaceResult, Wild Race La Graciosa 2023,2023-04-22,Sábado,5.0,road running,Absoluta/General,,,Teguise,,Las Palmas,241289,2023-04-22,2023-04-22,Running,Caleta de Sebo,,España,ES,29.2536,-13.507,https://my.raceresult.com/241289/,,False
RaceResult,LA ROAD PONTEVERA - CLÁSICA EVARISTO PORTELA,2023-02-23,Jueves,0.0,Ciclismo y btt,Absoluta/General,,,Marín,Morrazo,Pontevedra,241283,2023-02-23,2023-02-23,Bicicleta de montaña,Pontevedra,,España,ES,42.3922,-8.7029,https://my.raceresult.com/241283/,,False
RaceResult,Adrenaline Race Torrenueva Costa,2023-04-23,Domingo,0.0,trail running,Absoluta/General,,,Colmenar de Oreja,,Comunidad de Madrid,241192,2023-04-23,2023-04-23,Carrera de Obstáculos,,,España,ES,40.091,-3.4646,https://my.raceresult.com/241192/,,False
RaceResult,VII CRONOESCALADA MOYA-FONTANALES,2023-04-16,Domingo,0.0,Ciclismo y btt,Absoluta/General,,,Colmenar de Oreja,,Comunidad de Madrid,240434,2023-04-16,2023-04-16,Ciclismo,,,España,ES,40.091,-3.4646,https://my.raceresult.com/240434/,,False
RaceResult,Carrera de la Cereza,2023-06-11,Domingo,10.0,road running,Absoluta/General,,,Castillo de Locubín,,Jaén,239489,2023-06-11,2023-06-11,Running,Castillo de Locubín,,España,ES,37.528,-3.9422,https://my.raceresult.com/239489/,,False
RaceResult,I Triatlón Puerto del Rosario,2023-04-02,Domingo,0.0,Multidisciplina,Absoluta/General,,,Colmenar de Oreja,,Comunidad de Madrid,239310,2023-04-02,2023-04-02,Triatlón,,,España,ES,40.091,-3.4646,https://my.raceresult.com/239310/,,False
RaceResult,MTB Eliminator Continental Series Girona (ESP),2023-09-23,Sábado,0.0,Ciclismo y btt,Absoluta/General,,,Gerona,Gironés,Gerona,238965,2023-09-23,2023-09-23,Bicicleta de montaña,Girona,,España,ES,41.9814,2.8213,https://my.raceresult.com/238965/,,False
RaceResult,Short Trak y MTB Escuelas 2023 Ajei,2023-04-01,Sábado,0.0,Ciclismo y btt,Absoluta/General,,,San Bartolomé,,Las Palmas,238739,2023-04-01,2023-04-01,Bicicleta de montaña,SAN BARTOLOME,,España,ES,28.9965,-13.6078,https://my.raceresult.com/238739/,,False
RaceResult,II Trail Silvia Lara,2023-04-23,Domingo,0.0,trail running,Absoluta/General,,,Castillo de Locubín,,Jaén,238529,2023-04-23,2023-04-23,Carreras de montaña,Castillo de Locubín,,España,ES,37.528,-3.9422,https://my.raceresult.com/238529/,,False
RaceResult,Subida a Fuenmayor,2023-05-07,Domingo,10.0,road running,Absoluta/General,,,Barcelona,Barcelonés,Barcelona,237460,2023-05-07,2023-05-07,Running,Torres de Mágina,,España,ES,41.3525,2.1481,https://my.raceresult.com/237460/,,False
RaceResult,UCI MTB Eliminator World Cup #5 Barcelona (ESP),2023-09-29,Viernes,0.0,Ciclismo y btt,Absoluta/General,,,Barcelona,Barcelonés,Barcelona,236237,2023-09-29,2023-09-29,Bicicleta de montaña,Barcelona,,España,ES,41.3829,2.1774,https://my.raceresult.com/236237/,,False
RaceResult,IRONMAN LANZAROTE 2023,2023-05-20,Sábado,0.0,Multidisciplina,Absoluta/General,,,Tías,,Las Palmas,236009,2023-05-20,2023-05-21,Triatlón,Puerto del Carmen,,España,ES,28.9231,-13.6658,https://my.raceresult.com/236009/,,False
RaceResult,IRONMAN 70.3 Lanzarote 2023,2023-03-18,Sábado,0.0,Multidisciplina,Absoluta/General,,,Colmenar de Oreja,,Comunidad de Madrid,236007,2023-03-18,2023-03-18,Triatlón,,,España,ES,40.091,-3.4646,https://my.raceresult.com/236007/,,False
RaceResult,V COPA DE CARRERAS POPULARES MUNICIPIO DE TINAJO,2023-03-04,Sábado,5.0,road running,Absoluta/General,,,Tinajo,,Las Palmas,235822,2023-03-04,2023-03-04,Running,Tinajo,,España,ES,29.072,-13.6749,https://my.raceresult.com/235822/,,False
RaceResult,Campeonato de España de Enduro 2023,2023-04-22,Sábado,0.0,Ciclismo y btt,Absoluta/General,,,Santa Cruz de La Palma,,Santa Cruz de Tenerife,235712,2023-04-22,2023-04-22,Bicicleta de montaña,Puntallana,,España,ES,28.6964,-17.7683,https://my.raceresult.com/235712/,,False
RaceResult,Carrera Mascaritas 2023,2023-03-04,Sábado,10.0,road running,Absoluta/General,,,Tinajo,,Las Palmas,235505,2023-03-04,2023-03-04,Running,Tinajo,,España,ES,29.0666,-13.6765,https://my.raceresult.com/235505/,,False
RaceResult,Bosques del Sur - Media y Mini,2023-03-12,Domingo,0.0,trail running,Absoluta/General,,,Cazorla,,Jaén,235455,2023-03-12,2023-03-12,Carreras de montaña,Cazorla,,España,ES,37.9141,-3.004,https://my.raceresult.com/235455/,,False
RaceResult,Vuelta Playa Blanca Handbike 2023,2023-02-10,Viernes,0.0,Ciclismo y btt,Otros,,,Colmenar de Oreja,,Comunidad de Madrid,233504,2023-02-10,2023-02-11,Ciclismo,,,España,ES,40.091,-3.4646,https://my.raceresult.com/233504/,,False
RaceResult,Adrenaline Race Mike's Gym,2023-02-19,Domingo,0.0,trail running,Absoluta/General,,,Colmenar de Oreja,,Comunidad de Madrid,233193,2023-02-19,2023-02-19,Carrera de Obstáculos,,,España,ES,40.091,-3.4646,https://my.raceresult.com/233193/,,False
RaceResult,2024 4 Stage MTB Race Lanzarote,2024-01-27,Sábado,0.0,Ciclismo y btt,Absoluta/General,,,Tinajo,,Las Palmas,232870,2024-01-27,2024-01-30,Bicicleta de montaña,Tinajo,,España,ES,29.072,-13.6749,https://my.raceresult.com/232870/,,False
RaceResult,SpearFishing Challenge.1,2023-05-01,Lunes,0.0,Otros,Absoluta/General,,,Madrid,,Comunidad de Madrid,231299,2023-05-01,2023-05-01,Otros,,,España,ES,40.4637,-3.7492,https://my.raceresult.com/231299/,,False
RaceResult,6K Madrid Lago 2023,2023-01-15,Domingo,5.0,road running,Absoluta/General,,,Madrid,,Comunidad de Madrid,231085,2023-01-15,2023-01-15,Running,Madrid,,España,ES,40.4299,-3.6692,https://my.raceresult.com/231085/,,False
RaceResult,Carrera Solidaria Chimia Trail 2022,2022-12-30,Viernes,0.0,trail running,Absoluta/General,,,Teguise,,Las Palmas,229849,2022-12-30,2022-12-30,Carreras de montaña,Teguise,,España,ES,29.0594,-13.5605,https://my.raceresult.com/229849/,,False
RaceResult,Carrera El Campesino 2022,2022-12-23,Viernes,0.0,trail running,Absoluta/General,,,San Bartolomé,,Las Palmas,229451,2022-12-23,2022-12-23,Carreras de montaña,Mozaga,,España,ES,29.0158,-13.6154,https://my.raceresult.com/229451/,,False
RaceResult,SIN SON 2022 - 10K,2022-12-18,Domingo,10.0,road running,Absoluta/General,,,O Porto do Son,Noia,La Coruña,229084,2022-12-18,2022-12-18,Running,PORTO DO SON,,España,ES,42.7248,-9.0053,https://my.raceresult.com/229084/,,False
RaceResult,Kilómetro Vertical Caras Norte,2023-02-04,Sábado,0.0,trail running,Absoluta/General,,,Güéjar Sierra,Comarca de la Vega de Granada,Granada,228010,2023-02-04,2023-02-04,Carreras de montaña,Güejar Sierra,,España,ES,37.1594,-3.4389,https://my.raceresult.com/228010/,,False
RaceResult,II BTT TERRAS DE WOLFRAM SANTA COMBA BIKE,2022-11-27,Domingo,0.0,Ciclismo y btt,Absoluta/General,,,Santa Comba,Xallas,La Coruña,227480,2022-11-27,2022-11-27,Bicicleta de montaña,Santa Comba,,España,ES,43.0325,-8.8026,https://my.raceresult.com/227480/,,False
RaceResult,Peque Trail Bosques del Sur,2023-03-11,Sábado,0.0,trail running,Infantil,,,Cazorla,,Jaén,227354,2023-03-11,2023-03-11,Carreras de montaña,Cazorla,,España,ES,37.9141,-3.004,https://my.raceresult.com/227354/,,False
RaceResult,XIV Half Marathon Dunas Fuerteventura,2022-12-03,Sábado,0.0,trail running,Absoluta/General,,,Cartagena,Campo de Cartagena y Mar Menor,Región de Murcia,226836,2022-12-03,2022-12-03,Carreras de montaña,Corralejo,,España,ES,37.6813,-0.8339,https://my.raceresult.com/226836/,,False
RaceResult,Haría Titan 2022,2022-11-12,Sábado,42.0,road running,Absoluta/General,,,Haría,,Las Palmas,225450,2022-11-12,2022-11-12,Running,Haria,,España,ES,29.1494,-13.4967,https://my.raceresult.com/225450/,,False
RaceResult,Carrera Lanzarote Héroes,2022-11-06,Domingo,0.0,trail running,Absoluta/General,,,Arrecife,,Las Palmas,224883,2022-11-06,2022-11-06,Carrera de Obstáculos,Arrecife,,España,ES,28.9646,-13.5526,https://my.raceresult.com/224883/,,False
RaceResult,Natación Lanzarote Héroes,2022-11-05,Sábado,0.0,trail running,Absoluta/General,,,Arrecife,,Las Palmas,224881,2022-11-05,2022-11-05,Carrera de Obstáculos,Arrecife,,España,ES,28.9646,-13.5526,https://my.raceresult.com/224881/,,False
RaceResult,Supersprint Lanzarote Héroes,2022-11-04,Viernes,0.0,trail running,Absoluta/General,,,Arrecife,,Las Palmas,224840,2022-11-04,2022-11-04,Carrera de Obstáculos,Arrecife,,España,ES,28.9646,-13.5526,https://my.raceresult.com/224840/,,False
RaceResult,43 Carreira Pedestre Popular - Camino de Santiago 2022,2022-10-30,Domingo,0.0,road running,Absoluta/General,,,Santiago de Compostela,Santiago,La Coruña,224546,2022-10-30,2022-10-30,Running,Santiago de Compostela,,España,ES,42.8835,-8.5403,https://my.raceresult.com/224546/,,False
RaceResult,TTS calafat at 13/05/2023,2023-05-13,Sábado,0.0,Otros,Absoluta/General,,,l'Ametlla de Mar,Bajo Ebro,Tarragona,223374,2023-05-13,2023-05-14,Deportes motor,CALAFAT,,España,ES,40.9321,0.8463,https://my.raceresult.com/223374/,,False
RaceResult,I Milla Santa Marta,2022-10-15,Sábado,1.609,road running,Absoluta/General,,,Pájara,,Las Palmas,222501,2022-10-15,2022-10-15,Running,Costa Calma,,España,ES,28.1616,-14.2269,https://my.raceresult.com/222501/,,False
RaceResult,Prueba en Masdache,2022-10-03,Lunes,0.0,Ciclismo y btt,Absoluta/General,,,Colmenar de Oreja,,Comunidad de Madrid,221779,2022-10-03,2022-10-03,Ciclismo,,,España,ES,40.091,-3.4646,https://my.raceresult.com/221779/,,False
RaceResult,Carrera Fisiosan Ela 2022,2022-10-02,Domingo,5.0,road running,Absoluta/General,,,Tías,,Las Palmas,221636,2022-10-02,2022-10-02,Running,Tias,,España,ES,28.9201,-13.6596,https://my.raceresult.com/221636/,,False
RaceResult,Travesía a Nado El Río 2022,2022-10-16,Domingo,0.0,Otros,Absoluta/General,,,Colmenar de Oreja,,Comunidad de Madrid,219979,2022-10-16,2022-10-16,Natación,La Graciosa,,España,ES,40.091,-3.4646,https://my.raceresult.com/219979/,,False
RaceResult,Madrid Spartan Trifecta Weekend 2022,2022-10-01,Sábado,0.0,trail running,Absoluta/General,,,San Agustín de Guadalix,,Comunidad de Madrid,219539,2022-10-01,2022-10-02,Carrera de Obstáculos,San Agustín del Guadalix,,España,ES,40.6794,-3.6151,https://my.raceresult.com/219539/,,False
RaceResult,Tinajo You Trail 2022,2022-09-04,Domingo,0.0,trail running,Absoluta/General,,,Tinajo,,Las Palmas,216167,2022-09-04,2022-09-04,Running,Tinajo,,España,ES,29.0666,-13.6765,https://my.raceresult.com/216167/,,False
RaceResult,Fuertebike Electrón Fuerteventura 2022,2022-09-03,Sábado,0.0,Ciclismo y btt,Absoluta/General,,,La Oliva,,Las Palmas,216165,2022-09-03,2022-09-03,Bicicleta de montaña,,,España,ES,28.7308,-13.8675,https://my.raceresult.com/216165/,,False
RaceResult,Carrera Popular Barranco Del Quíquere 2022,2022-08-13,Sábado,10.0,road running,Absoluta/General,,,Tías,,Las Palmas,214787,2022-08-13,2022-08-13,Running,Tias,,España,ES,28.952,-13.6546,https://my.raceresult.com/214787/,,False
RaceResult,On SquadRace Spain,2022-09-10,Sábado,5.0,road running,Absoluta/General,,,Barcelona,Barcelonés,Barcelona,214777,2022-09-10,2022-09-10,Running,Barcelona,,España,ES,41.3797,2.1682,https://my.raceresult.com/214777/,,False
RaceResult,Famara Total 2022,2022-08-20,Sábado,0.0,road running,Absoluta/General,,,Teguise,,Las Palmas,214666,2022-08-20,2022-08-20,Running,Teguise,,España,ES,29.0594,-13.5606,https://my.raceresult.com/214666/,,False
RaceResult,Vertical Famara Total by European Sports Destination 2022,2022-08-18,Jueves,0.0,road running,Absoluta/General,,,,,,214665,2022-08-18,2022-08-18,Running,,,España,ES,0.0,0.0,https://my.raceresult.com/214665/,,False
RaceResult,Ancares Cycling Marathon 2022,2022-08-07,Domingo,0.0,Ciclismo y btt,Absoluta/General,,,Pedrafita do Cebreiro,Os Ancares,Lugo,214262,2022-08-07,2022-08-07,Cicloturismo,Pedrafita do Cebreiro,,España,ES,42.6947,-7.0825,https://my.raceresult.com/214262/,,False
RaceResult,Yaiza Extremo Sur Trail,2022-08-07,Domingo,0.0,trail running,Absoluta/General,,,Colmenar de Oreja,,Comunidad de Madrid,213437,2022-08-07,2022-08-07,Running,,,España,ES,40.091,-3.4646,https://my.raceresult.com/213437/,,False
RaceResult,Yaiza Extremo Sur MTB,2022-08-06,Sábado,0.0,Ciclismo y btt,Absoluta/General,,,Colmenar de Oreja,,Comunidad de Madrid,213436,2022-08-06,2022-08-06,Bicicleta de montaña,,,España,ES,40.091,-3.4646,https://my.raceresult.com/213436/,,False
RaceResult,DHU Vila de Sarria,2022-07-31,Domingo,0.0,Ciclismo y btt,Absoluta/General,,,Sarria,Sarria,Lugo,213325,2022-07-31,2022-07-31,Bicicleta de montaña,SARRIA,,España,ES,42.7813,-7.4139,https://my.raceresult.com/213325/,,False
RaceResult,Milla Popular La Santa,2022-07-22,Viernes,1.609,road running,Absoluta/General,,,Tinajo,,Las Palmas,212721,2022-07-22,2022-07-22,Running,Tinajo,,España,ES,29.0666,-13.6765,https://my.raceresult.com/212721/,,False
RaceResult,Gran Fondo Ézaro - Fin do Camiño 2022,2022-07-10,Domingo,0.0,Ciclismo y btt,Absoluta/General,,,Dumbría,Fisterra,La Coruña,211070,2022-07-10,2022-07-10,Cicloturismo,Ézaro,,España,ES,42.9114,-9.1285,https://my.raceresult.com/211070/,,False
RaceResult,Trail La Vegueta 2022,2022-07-02,Sábado,10.0,trail running,Absoluta/General,,,Tinajo,,Las Palmas,210116,2022-07-02,2022-07-02,Running,Tinajo,,España,ES,29.0666,-13.6765,https://my.raceresult.com/210116/,,False
RaceResult,4 PICOS ROAD 2022,2022-06-26,Domingo,0.0,Ciclismo y btt,Absoluta/General,,,Helechosa de los Montes,,Badajoz,209595,2022-06-26,2022-06-26,Cicloturismo,PONTEVEDRA,,España,ES,39.3261,-4.838,https://my.raceresult.com/209595/,,False
RaceResult,Los Pocillos Race 2022,2022-06-19,Domingo,0.0,trail running,Absoluta/General,,,Tías,,Las Palmas,208442,2022-06-19,2022-06-19,Carrera de Obstáculos,Tias,,España,ES,28.9212,-13.6744,https://my.raceresult.com/208442/,,False
RaceResult,III Paladea La Oliva 2022 Trail,2022-06-19,Domingo,0.0,trail running,Absoluta/General,,,La Oliva,,Las Palmas,208377,2022-06-19,2022-06-19,Carreras de montaña,La Oliva,,España,ES,28.6105,-13.9291,https://my.raceresult.com/208377/,,False
RaceResult,III Paladea La Oliva 2022 MTB XC,2022-06-18,Sábado,0.0,Ciclismo y btt,Absoluta/General,,,La Oliva,,Las Palmas,208370,2022-06-18,2022-06-18,Bicicleta de montaña,La Oliva,,España,ES,28.6105,-13.9291,https://my.raceresult.com/208370/,,False
RaceResult,Carrera Popular Ciudad de Quesada,2022-07-23,Sábado,0.0,road running,Absoluta/General,,,Quesada,,Jaén,205614,2022-07-23,2022-07-23,Running,Quesada,Jaén,España,ES,37.844,-3.0671,https://my.raceresult.com/205614/,,False
RaceResult,NORTHWEST TRIMAN,2022-06-30,Jueves,0.0,Multidisciplina,Absoluta/General,,,Guimarães,Braga,,204345,2022-06-30,2022-06-30,Triatlón,As Pontes,,España,ES,41.4992,-8.3646,https://my.raceresult.com/204345/,,False
RaceResult,Disco Night Urban  Race 2022,2022-06-11,Sábado,10.0,road running,Absoluta/General,,,Arrecife,,Las Palmas,204242,2022-06-11,2022-06-11,Running,Tias,,España,ES,28.9587,-13.5478,https://my.raceresult.com/204242/,,False
RaceResult,Campeonato De Canarias MTB-Escuelas 2022,2022-06-04,Sábado,0.0,Ciclismo y btt,Absoluta/General,,,San Bartolomé,,Las Palmas,204241,2022-06-04,2022-06-04,Bicicleta de montaña,SAN BARTOLOME,,España,ES,29.0035,-13.6162,https://my.raceresult.com/204241/,,False
RaceResult,X Edición Vértical De Montaña Blanca,2022-05-29,Domingo,0.0,trail running,Absoluta/General,,,San Bartolomé de Tirajana,,Las Palmas,203418,2022-05-29,2022-05-29,Carreras de montaña,San Bartolomé,,España,ES,27.9239,-15.5747,https://my.raceresult.com/203418/,,False
RaceResult,X Edición Vertical De Montaña Blanca (Crono),2022-05-27,Viernes,0.0,trail running,Absoluta/General,,,San Bartolomé de Tirajana,,Las Palmas,203416,2022-05-27,2022-05-27,Carreras de montaña,San Bartolomé,,España,ES,27.9239,-15.5747,https://my.raceresult.com/203416/,,False
RaceResult,PONTEVEDRA 4 PICOS BIKE DESAFÍO RÍAS BAIXAS 2022,2022-05-14,Sábado,0.0,Ciclismo y btt,Absoluta/General,,,Pontevedra,Pontevedra,Pontevedra,201844,2022-05-14,2022-05-14,Bicicleta de montaña,Pontevedra,,España,ES,42.4266,-8.6406,https://my.raceresult.com/201844/,,False
RaceResult,SANTYAGO10K,2022-04-30,Sábado,10.0,road running,Absoluta/General,,,Santiago de Compostela,Santiago,La Coruña,199541,2022-04-30,2022-04-30,Running,Santiago de Compostela,,España,ES,42.8835,-8.5403,https://my.raceresult.com/199541/,,False
RaceResult,Ultra BTT La Iruela,2022-10-01,Sábado,0.0,Ciclismo y btt,Absoluta/General,,,La Iruela,,Jaén,199049,2022-10-01,2022-10-01,Bicicleta de montaña,La Iruela,,España,ES,37.9199,-2.9966,https://my.raceresult.com/199049/,,False
RaceResult,II Jornadas MTB Escuelas 2022,2022-04-17,Domingo,0.0,Ciclismo y btt,Absoluta/General,,,,,,198483,2022-04-17,2022-04-17,Bicicleta de montaña,SAN BARTOLOME,,España,ES,0.0,0.0,https://my.raceresult.com/198483/,,False
RaceResult,Maratón Trail Bosques del Sur,2022-06-04,Sábado,42.195,trail running,Absoluta/General,,,Cazorla,,Jaén,198119,2022-06-04,2022-06-04,Carreras de montaña,Cazorla,,España,ES,37.9141,-3.004,https://my.raceresult.com/198119/,,False
RaceResult,Ultra Trail Bosques del Sur,2022-06-04,Sábado,0.0,trail running,Absoluta/General,,,Cazorla,,Jaén,198118,2022-06-04,2022-06-04,Carreras de montaña,Cazorla,,España,ES,37.9141,-3.004,https://my.raceresult.com/198118/,,False
RaceResult,WES - World E-Bike Series 2022,2022-04-23,Sábado,0.0,Ciclismo y btt,Absoluta/General,,,Castelldefels,Bajo Llobregat,Barcelona,197943,2022-04-23,2022-10-16,Bicicleta de montaña,Castelldefels,,España,ES,41.2861,1.9824,https://my.raceresult.com/197943/,,False
RaceResult,Magma Bike Kids,2022-04-10,Domingo,0.0,Ciclismo y btt,Absoluta/General,,,Valverde,,Santa Cruz de Tenerife,197311,2022-04-10,2022-04-10,Bicicleta de montaña,El Hierro,,España,ES,27.8134,-17.9128,https://my.raceresult.com/197311/,,False
RaceResult,MAGMA BIKE 2022,2022-04-09,Sábado,0.0,Ciclismo y btt,Absoluta/General,,,Colmenar de Oreja,,Comunidad de Madrid,197015,2022-04-09,2022-04-09,Bicicleta de montaña,,,España,ES,40.091,-3.4646,https://my.raceresult.com/197015/,,False
RaceResult,6ª Carrera Solidaria por AMDEM,2022-03-27,Domingo,5.0,road running,Absoluta/General,,,Colmenar de Oreja,,Comunidad de Madrid,196092,2022-03-27,2022-03-27,Running,,,España,ES,40.091,-3.4646,https://my.raceresult.com/196092/,,False
RaceResult,IV COPA DE CARRERAS POPULARES MUNICIPIO DE TINAJO,2022-03-20,Domingo,5.0,road running,Absoluta/General,,,Tinajo,,Las Palmas,195535,2022-03-20,2022-03-20,Running,Tinajo,,España,ES,29.072,-13.6749,https://my.raceresult.com/195535/,,False
RaceResult,Carrera mascaritas 2022,2022-03-20,Domingo,10.0,road running,Absoluta/General,,,Tinajo,,Las Palmas,195419,2022-03-20,2022-03-20,Running,Tinajo,,España,ES,29.0666,-13.6765,https://my.raceresult.com/195419/,,False
RaceResult,I Jornadas MTB Escuelas 2022,2022-03-13,Domingo,0.0,Ciclismo y btt,Absoluta/General,,,,,,194702,2022-03-13,2022-03-13,Bicicleta de montaña,SAN BARTOLOME,,España,ES,0.0,0.0,https://my.raceresult.com/194702/,,False
RaceResult,CARRERA DE LA MUJER VILLAVICIOSA DE ODON,2022-05-03,Martes,0.0,road running,Absoluta/General,,,Villaviciosa de Odón,,Comunidad de Madrid,194121,2022-05-03,2022-05-03,Running,VILLAVICIOSA DE ODON,,España,ES,40.3586,-3.9018,https://my.raceresult.com/194121/,,False
RaceResult,"Bosques del Sur - Media, Mini y Peque",2022-03-12,Sábado,0.0,trail running,Infantil,,,Cazorla,,Jaén,193831,2022-03-12,2022-03-13,Carreras de montaña,Cazorla,,España,ES,37.9141,-3.004,https://my.raceresult.com/193831/,,False
RaceResult,2023 4 Stage MTB Race Lanzarote ,2023-01-28,Sábado,0.0,Ciclismo y btt,Absoluta/General,,,Colmenar de Oreja,,Comunidad de Madrid,191933,2023-01-28,2023-01-31,Bicicleta de montaña,,,España,ES,40.091,-3.4646,https://my.raceresult.com/191933/,,False
RaceResult,Wild Race La Graciosa,2022-02-12,Sábado,5.0,road running,Absoluta/General,,,,,,191872,2022-02-12,2022-02-12,Running,Caleta de Sebo,,España,ES,0.0,0.0,https://my.raceresult.com/191872/,,False
RaceResult,Vuelta Playa Blanca Handbike,2022-02-11,Viernes,0.0,Ciclismo y btt,Otros,,,,,,190731,2022-02-11,2022-02-12,Ciclismo,,,España,ES,0.0,0.0,https://my.raceresult.com/190731/,,False
RaceResult,"UCI MTB Eliminator World Championships, Barcelona (ESP)",2022-10-02,Domingo,0.0,Ciclismo y btt,Absoluta/General,,,Barcelona,Barcelonés,Barcelona,190512,2022-10-02,2022-10-02,Bicicleta de montaña,Barcelona,,España,ES,41.4016,2.2026,https://my.raceresult.com/190512/,,False
RaceResult,6K MADRID LAGO,2022-01-15,Sábado,0.0,road running,Absoluta/General,,,Colmenar de Oreja,,Comunidad de Madrid,189750,2022-01-15,2022-01-15,Running,,,España,ES,40.091,-3.4646,https://my.raceresult.com/189750/,,False
RaceResult,Carrera Navidad Villanueva 22,2022-01-05,Miércoles,10.0,road running,Absoluta/General,,,,,,189122,2022-01-05,2022-01-05,Running,,,España,ES,0.0,0.0,https://my.raceresult.com/189122/,,False
RaceResult,San Silvestre Ciudad De Arrecife 2021,2021-12-31,Viernes,5.0,road running,Absoluta/General,,,,,,189080,2021-12-31,2021-12-31,Running,Arrecife,,España,ES,0.0,0.0,https://my.raceresult.com/189080/,,False
RaceResult,Sin Son 10K 2021,2021-12-19,Domingo,10.0,road running,Absoluta/General,,,Helechosa de los Montes,,Badajoz,188690,2021-12-19,2021-12-19,Running,Porto do Son,,España,ES,39.3261,-4.838,https://my.raceresult.com/188690/,,False
RaceResult,RELEVOS TRAIL EL CUCHILLO 2021,2021-12-12,Domingo,0.0,trail running,Equipos,,,Tinajo,,Las Palmas,188292,2021-12-12,2021-12-12,Running,Tinajo,,España,ES,29.0807,-13.6648,https://my.raceresult.com/188292/,,False
RaceResult,MUSIC RACE NIGHT PLAYA BLANCA,2021-12-12,Domingo,10.0,road running,Absoluta/General,,,Yaiza,,Las Palmas,188134,2021-12-12,2021-12-12,Running,Playa blanca,,España,ES,28.8617,-13.8312,https://my.raceresult.com/188134/,,False
RaceResult,Lanzarote International Running Challenge 2022,2022-11-19,Sábado,0.0,road running,Absoluta/General,,,Tinajo,,Las Palmas,187999,2022-11-19,2022-11-23,Running,Tinajo,,España,ES,29.0666,-13.6765,https://my.raceresult.com/187999/,,False
RaceResult,Night Run 2021,2021-11-27,Sábado,0.0,road running,Absoluta/General,,,Tinajo,,Las Palmas,187110,2021-11-27,2021-11-27,Running,Tinajo,,España,ES,29.0666,-13.6764,https://my.raceresult.com/187110/,,False
RaceResult,Teguise + Purple,2021-11-21,Domingo,5.0,road running,Absoluta/General,,,Teguise,,Las Palmas,186669,2021-11-21,2021-11-21,Running,Teguise,,España,ES,28.9938,-13.4911,https://my.raceresult.com/186669/,,False
RaceResult,Haria Titan 2021,2021-11-13,Sábado,21.0,road running,Absoluta/General,,,Haría,,Las Palmas,186166,2021-11-13,2021-11-13,Running,Haria,,España,ES,29.146,-13.5,https://my.raceresult.com/186166/,,False
RaceResult,Club La Santa Volcano Triathlon 2022,2022-02-26,Sábado,0.0,Multidisciplina,Absoluta/General,,,La Santa,,Las Palmas,185993,2022-02-26,2022-02-26,Triatlón,Tinajo,,España,ES,29.1064,-13.6667,https://my.raceresult.com/185993/,,False
RaceResult,Los Pocillos Race 2021,2021-11-07,Domingo,0.0,trail running,Absoluta/General,,,Tías,,Las Palmas,185849,2021-11-07,2021-11-07,Carrera de Obstáculos,Tias,,España,ES,28.9212,-13.6744,https://my.raceresult.com/185849/,,False
RaceResult,XIII Half Marathon Dunas Fuerteventura,2021-10-30,Sábado,0.0,trail running,Absoluta/General,,,La Oliva,,Las Palmas,185135,2021-10-30,2021-10-30,Carreras de montaña,Corralejo,,España,ES,28.7282,-13.8634,https://my.raceresult.com/185135/,,False
RaceResult,Vertical de Montaña Blanca 2021,2021-10-24,Domingo,0.0,road running,Absoluta/General,,,San Bartolomé,,Las Palmas,184811,2021-10-24,2021-10-24,Running,San Bartolomé,,España,ES,28.9871,-13.637,https://my.raceresult.com/184811/,,False
RaceResult,Trirosas Run 4,2021-10-16,Sábado,0.0,road running,Absoluta/General,71.0,37.0,Tías,,Las Palmas,184010,2021-10-16,2021-10-16,Running,Tias,,España,ES,28.9292,-13.6324,https://my.raceresult.com/184010/,0.0,True
RaceResult,EHL 2021,2021-10-10,Domingo,0.0,Ciclismo y btt,Absoluta/General,,,Haría,,Las Palmas,182937,2021-10-10,2021-10-10,BMX,Haría,,España,ES,29.1854,-13.4627,https://my.raceresult.com/182937/,,True
RaceResult,9ª Edición Vertical Montaña Blanca (Crono),2021-10-22,Viernes,0.0,trail running,Absoluta/General,,,San Bartolomé,,Las Palmas,181146,2021-10-22,2021-10-22,Carreras de montaña,San Bartolomé,,España,ES,28.9871,-13.637,https://my.raceresult.com/181146/,,False
RaceResult,PONTEVEDRA 4 PICOS BIKE 2021,2021-09-11,Sábado,0.0,Ciclismo y btt,Absoluta/General,21.0,1460.0,Pontevedra,Pontevedra,Pontevedra,180395,2021-09-11,2021-09-11,Bicicleta de montaña,Pontevedra,,España,ES,42.4364,-8.6384,https://my.raceresult.com/180395/,6079.0,True
RaceResult,Tinajo You Trail 2021,2021-09-12,Domingo,0.0,trail running,Absoluta/General,,,Tinajo,,Las Palmas,180184,2021-09-12,2021-09-12,Running,Tinajo,,España,ES,29.0666,-13.6764,https://my.raceresult.com/180184/,,False
RaceResult,II Campeonato de motos acuáticas (Copa LanzaJet),2021-09-25,Sábado,0.0,Otros,Absoluta/General,,,Teguise,,Las Palmas,178840,2021-09-25,2021-09-25,Snowboard,Costa Teguise,,España,ES,28.9984,-13.4885,https://my.raceresult.com/178840/,,True
RaceResult,Fuertebike Electrón Fuerteventura 2021,2021-09-04,Sábado,0.0,road running,Absoluta/General,,,La Oliva,,Las Palmas,178690,2021-09-04,2021-09-04,Running,,,España,ES,28.7282,-13.8634,https://my.raceresult.com/178690/,,False
RaceResult,2022 4 Stage MTB Race Lanzarote,2022-01-22,Sábado,0.0,Ciclismo y btt,Absoluta/General,,,Colmenar de Oreja,,Comunidad de Madrid,178440,2022-01-22,2022-01-25,Bicicleta de montaña,,,España,ES,40.091,-3.4646,https://my.raceresult.com/178440/,,False
RaceResult,Famara Total2021,2021-08-21,Sábado,0.0,road running,Absoluta/General,,,Teguise,,Las Palmas,177672,2021-08-21,2021-08-21,Running,Teguise,,España,ES,29.1182,-13.5657,https://my.raceresult.com/177672/,,True
RaceResult,Disco Night Urban Race 2021,2021-08-13,Viernes,10.0,road running,Absoluta/General,,,Tías,,Las Palmas,177067,2021-08-13,2021-08-13,Running,Tias,,España,ES,28.9297,-13.665,https://my.raceresult.com/177067/,,True
RaceResult,Carrera Popular  Barranco Del Quíquere,2021-07-08,Jueves,10.0,road running,Absoluta/General,,,Tías,,Las Palmas,176904,2021-07-08,2021-09-08,Running,Tias,,España,ES,28.9297,-13.665,https://my.raceresult.com/176904/,,False
RaceResult,ANCARES CYCLING MARATHON,2021-08-08,Domingo,0.0,Ciclismo y btt,Absoluta/General,,,Pedrafita do Cebreiro,Os Ancares,Lugo,176732,2021-08-08,2021-08-08,Cicloturismo,Pedrafita do Cebreiro,,España,ES,42.7268,-7.0214,https://my.raceresult.com/176732/,,False
RaceResult,Yaiza Extremo Sur 2021,2021-07-31,Sábado,0.0,Otros,Absoluta/General,,,Yaiza,,Las Palmas,174619,2021-07-31,2021-08-01,Otros,YAIZA,,España,ES,28.9557,-13.768,https://my.raceresult.com/174619/,,False
RaceResult,GF Ézaro 2021,2021-07-10,Sábado,0.0,Ciclismo y btt,Absoluta/General,21.0,660.0,Dumbría,Fisterra,La Coruña,174566,2021-07-10,2021-07-10,Ciclismo,Ézaro,,España,ES,42.9216,-9.1048,https://my.raceresult.com/174566/,1066.0,True
RaceResult,PONTEVEDRA 4 PICOS ROAD - CLÁSICA EVARISTO PORTELA,2021-06-20,Domingo,0.0,Ciclismo y btt,Absoluta/General,,,Pontevedra,Pontevedra,Pontevedra,173040,2021-06-20,2021-06-20,Cicloturismo,Pontevedra,,España,ES,42.4299,-8.6446,https://my.raceresult.com/173040/,,True
RaceResult,H2S - Circuit ARAGON,2021-05-13,Jueves,0.0,Otros,Absoluta/General,,,Alcañiz,Bajo Aragón,Teruel,170134,2021-05-13,2021-05-14,Deportes motor,Alcañiz,,España,ES,41.0803,-0.2044,https://my.raceresult.com/170134/,,False
RaceResult,UCI MTB Eliminator World Cup #6 Barcelona (ESP),2021-10-02,Sábado,0.0,Ciclismo y btt,Absoluta/General,,,Barcelona,Barcelonés,Barcelona,169247,2021-10-02,2021-10-02,Bicicleta de montaña,Barcelona,,España,ES,41.4016,2.2026,https://my.raceresult.com/169247/,,True
RaceResult,Disco Night Urban Race,2021-08-15,Domingo,10.0,road running,Absoluta/General,,,Madrid,,Comunidad de Madrid,169186,2021-08-15,2021-08-15,Running,,,España,ES,40.4637,-3.7492,https://my.raceresult.com/169186/,,False
RaceResult,WES - World E-Bike Series 2021,2021-04-24,Sábado,0.0,Ciclismo y btt,Absoluta/General,,,Castelldefels,Bajo Llobregat,Barcelona,166682,2021-04-24,2021-10-17,Bicicleta de montaña,Castelldefels,,España,ES,41.2861,1.9824,https://my.raceresult.com/166682/,,False
RaceResult,Virtual Mejora ,2020-12-25,Viernes,0.0,Otros,Absoluta/General,,,Madrid,,Comunidad de Madrid,163782,2020-12-25,2020-12-25,Otros,,,España,ES,40.4637,-3.7492,https://my.raceresult.com/163782/,,True
RaceResult,Yaiza Extremo Sur,2020-12-18,Viernes,0.0,Otros,Mixta,26.0,156.0,Yaiza,,Las Palmas,162669,2020-12-18,2020-12-20,Otros,YAIZA,,España,ES,28.9568,-13.7984,https://my.raceresult.com/162669/,189.0,True
RaceResult,2021 4 Stage MTB Race Lanzarote,2021-01-23,Sábado,0.0,Ciclismo y btt,Absoluta/General,,,Madrid,,Comunidad de Madrid,162502,2021-01-23,2021-01-26,Bicicleta de montaña,,,España,ES,40.4637,-3.7492,https://my.raceresult.com/162502/,,False
RaceResult,Virtual Diciembre  Islas Canarias  PescaSUB,2020-11-30,Lunes,0.0,Otros,Absoluta/General,,,Madrid,,Comunidad de Madrid,162161,2020-11-30,2020-12-20,Otros,,,España,ES,40.4637,-3.7492,https://my.raceresult.com/162161/,,False
RaceResult,XXXVIII Gran Fondo - XXV Medio Maratón Pontevedra 2020,2020-10-18,Domingo,21.0,road running,Absoluta/General,42.0,198.0,Pontevedra,Pontevedra,Pontevedra,160694,2020-10-18,2020-10-18,Running,Pontevedra,,España,ES,42.4318,-8.6349,https://my.raceresult.com/160694/,1969.0,True
RaceResult,XII TRIATLON PONTENAFONSO,2020-09-19,Sábado,0.0,Multidisciplina,Mixta,38.0,202.0,Noia,Noia,La Coruña,158824,2020-09-19,2020-09-19,Triatlón,PonteNafonso,,España,ES,42.8248,-8.8738,https://my.raceresult.com/158824/,469.0,True
RaceResult,Copa  PescaSUB Canarias Virtual 2020,2020-07-18,Sábado,0.0,Otros,Absoluta/General,,,Madrid,,Comunidad de Madrid,155338,2020-07-18,2020-12-31,Otros,,,España,ES,40.4637,-3.7492,https://my.raceresult.com/155338/,,False
RaceResult,Acondicionamiento Lanzarote Pescasub,2001-05-31,Jueves,0.0,Otros,Absoluta/General,,,Madrid,,Comunidad de Madrid,153460,2001-05-31,2001-05-31,Otros,,,España,ES,40.4637,-3.7492,https://my.raceresult.com/153460/,,False
RaceResult,Apnea Canarias,2021-02-02,Martes,0.0,Otros,Absoluta/General,12.0,52.0,Madrid,,Comunidad de Madrid,152623,2021-02-02,2021-02-02,Otros,,,España,ES,40.4637,-3.7492,https://my.raceresult.com/152623/,21.0,True
RaceResult,CONTROL DE ACCESO  UN EQUIPO,2019-12-31,Martes,5.0,road running,Equipos,,,Madrid,,Comunidad de Madrid,152109,2019-12-31,2019-12-31,Running,,,España,ES,40.4637,-3.7492,https://my.raceresult.com/152109/,,False
RaceResult,Mi Primer Evento,2023-05-31,Miércoles,21.0,road running,Absoluta/General,,,Madrid,,Comunidad de Madrid,148055,2023-05-31,2023-05-31,Running,,,España,ES,40.4637,-3.7492,https://my.raceresult.com/148055/,,False
RaceResult,Enduro League Canary Islands,2020-02-16,Domingo,0.0,Ciclismo y btt,Absoluta/General,,,Haría,,Las Palmas,147775,2020-02-16,2020-02-16,Bicicleta de montaña,Haria,,España,ES,29.132,-13.462,https://my.raceresult.com/147775/,,False
RaceResult,V Enduro Puntallana Flow Trails,2020-02-15,Sábado,0.0,Ciclismo y btt,Absoluta/General,,,Puntallana,,Santa Cruz de Tenerife,147772,2020-02-15,2020-02-15,BMX,Puntallana,,España,ES,28.7398,-17.7455,https://my.raceresult.com/147772/,,False
RaceResult,City Mountainbike #2 Barcelona (ESP),2020-11-14,Sábado,0.0,Ciclismo y btt,Absoluta/General,,,Barcelona,Barcelonés,Barcelona,147435,2020-11-14,2020-11-14,Bicicleta de montaña,Barcelona,,España,ES,41.4016,2.1571,https://my.raceresult.com/147435/,,True
RaceResult,2020 4 Stage MTB Race Lanzarote,2020-01-25,Sábado,0.0,Ciclismo y btt,Absoluta/General,,,Madrid,,Comunidad de Madrid,147396,2020-01-25,2020-01-28,Bicicleta de montaña,,,España,ES,40.4637,-3.7492,https://my.raceresult.com/147396/,,False
RaceResult,Sin-Son 10K 2019,2019-12-22,Domingo,10.0,road running,Absoluta/General,,,O Porto do Son,Noia,La Coruña,145282,2019-12-22,2019-12-22,Running,Puerto del Son,,España,ES,42.7261,-9.0043,https://my.raceresult.com/145282/,,False
RaceResult,Pesca Submarina Top,2020-02-01,Sábado,5.0,road running,Absoluta/General,,,Madrid,,Comunidad de Madrid,144325,2020-02-01,2020-02-01,Running,,,España,ES,40.4637,-3.7492,https://my.raceresult.com/144325/,,False
RaceResult,Carrera Navideña Puerto Del Carmen 2019,2019-12-22,Domingo,5.0,road running,Absoluta/General,41.0,74.0,Tías,,Las Palmas,144010,2019-12-22,2019-12-22,Running,Puerto Del Carmen,,España,ES,28.9205,-13.6474,https://my.raceresult.com/144010/,115.0,True
RaceResult,Swimrun lanzarote 2019,2019-11-22,Viernes,0.0,Multidisciplina,Infantil,,,Tías,,Las Palmas,142392,2019-11-22,2019-11-23,Acuatlón,Tias,,España,ES,28.9578,-13.6507,https://my.raceresult.com/142392/,,True
RaceResult,X ENCUENTRO DE PESCA SUBMARINA LANZAROTE (Memorial Luis Rubio),2019-11-02,Sábado,0.0,Otros,Absoluta/General,,,Madrid,,Comunidad de Madrid,141258,2019-11-02,2019-11-02,Otros,,,España,ES,40.4637,-3.7492,https://my.raceresult.com/141258/,,False
RaceResult,XI Alltours Half Marathon Dunas Fuerteventura,2019-11-02,Sábado,0.0,trail running,Absoluta/General,,,La Oliva,,Las Palmas,141231,2019-11-02,2019-11-02,Carreras de montaña,Corralejo,,España,ES,28.7282,-13.8634,https://my.raceresult.com/141231/,,True
RaceResult,Transajaches 2019,2019-10-27,Domingo,5.0,road running,Absoluta/General,,,Yaiza,,Las Palmas,140813,2019-10-27,2019-10-27,Running,Femés,,España,ES,28.9141,-13.7774,https://my.raceresult.com/140813/,,False
RaceResult,RELEVOS TRAIL EL CUCHILLO 2019.,2019-10-20,Domingo,0.0,trail running,Equipos,,,Tinajo,,Las Palmas,140192,2019-10-20,2019-10-20,Running,Tinajo,,España,ES,29.0814,-13.663,https://my.raceresult.com/140192/,,False
RaceResult,TRIROSAS TRIATLÓN,2019-10-12,Sábado,0.0,Multidisciplina,Absoluta/General,,,Madrid,,Comunidad de Madrid,139188,2019-10-12,2019-10-12,Triatlón,,,España,ES,40.4637,-3.7492,https://my.raceresult.com/139188/,,False
RaceResult,VIII Travesía Emmax Playa Honda,2019-09-21,Sábado,0.0,Otros,Absoluta/General,,,San Bartolomé,,Las Palmas,137785,2019-09-21,2019-09-21,Natación,Playa honda,,España,ES,28.9539,-13.5914,https://my.raceresult.com/137785/,,False
RaceResult,LANZAROTE NORTE BIKE RACE- (GRAN PREMIO MTB ISLA DE LANZAROTE),2019-09-27,Viernes,0.0,Ciclismo y btt,Absoluta/General,,,Haría,,Las Palmas,137476,2019-09-27,2019-09-28,Bicicleta de montaña,Arrieta,,España,ES,29.132,-13.462,https://my.raceresult.com/137476/,,False
RaceResult,Carrera De Las Empresas Lanzarote,2019-09-29,Domingo,0.0,road running,Absoluta/General,,,Teguise,,Las Palmas,137061,2019-09-29,2019-09-29,Running,Costa Teguise,,España,ES,29.0016,-13.4857,https://my.raceresult.com/137061/,,False
RaceResult,III GRAN PREMIO TRIATLON POBRA DO CARAMIÑAL,2019-09-08,Domingo,0.0,Multidisciplina,Absoluta/General,,,A Pobra do Deán,Barbanza,La Coruña,136418,2019-09-08,2019-09-08,Triatlón,Puebla del Caramiñal,,España,ES,42.6039,-8.9371,https://my.raceresult.com/136418/,,False
RaceResult,III Tinajo You Trail 2019,2019-09-08,Domingo,0.0,trail running,Absoluta/General,,,Tinajo,,Las Palmas,136247,2019-09-08,2019-09-08,Running,Tinajo,,España,ES,29.0377,-13.6862,https://my.raceresult.com/136247/,,False
RaceResult,X Travesía El Reducto,2019-09-07,Sábado,0.0,Otros,Absoluta/General,,,Arrecife,,Las Palmas,136157,2019-09-07,2019-09-07,Natación,Arrecife,,España,ES,28.9652,-13.555,https://my.raceresult.com/136157/,,False
RaceResult,Travesía Punta Mujeres,2019-08-31,Sábado,0.0,Otros,Absoluta/General,,,Tías,,Las Palmas,135491,2019-08-31,2019-08-31,Natación,Punta Mujeres,,España,ES,28.9242,-13.645,https://my.raceresult.com/135491/,,False
RaceResult,Travesía Sport Club Puerto Calero,2019-08-25,Domingo,0.0,Otros,Absoluta/General,,,Tías,,Las Palmas,134778,2019-08-25,2019-08-25,Natación,Puerto Calero,,España,ES,28.9205,-13.6474,https://my.raceresult.com/134778/,,False
RaceResult,Triyaiza Trail,2019-09-01,Domingo,10.0,trail running,Absoluta/General,,,Yaiza,,Las Palmas,134422,2019-09-01,2019-09-01,Running,YAIZA,,España,ES,28.9523,-13.765,https://my.raceresult.com/134422/,,False
RaceResult,XXV Travesía San Ginés Rcna,2019-08-17,Sábado,0.0,Otros,Absoluta/General,,,Arrecife,,Las Palmas,134011,2019-08-17,2019-08-17,Natación,ARRECIFE,,España,ES,28.9682,-13.5474,https://my.raceresult.com/134011/,,False
RaceResult,Travesía a Nado Puerto del Carmen,2019-08-03,Sábado,0.0,Otros,Absoluta/General,,,Tías,,Las Palmas,132926,2019-08-03,2019-08-03,Natación,Puerto del Carmen,,España,ES,28.9205,-13.6474,https://my.raceresult.com/132926/,,False
RaceResult,VI Edición Acua Water FUERTEBIKE,2019-09-07,Sábado,0.0,Ciclismo y btt,Absoluta/General,,,La Oliva,,Las Palmas,132654,2019-09-07,2019-09-07,Bicicleta de montaña,Fuerteventura,,España,ES,28.7282,-13.8634,https://my.raceresult.com/132654/,,False
RaceResult,Carrera Popular El Quíquere 2019,2019-08-03,Sábado,5.0,road running,Absoluta/General,,,Tías,,Las Palmas,132533,2019-08-03,2019-08-03,Running,Tias,,España,ES,28.9242,-13.645,https://my.raceresult.com/132533/,,False
RaceResult,DHU_SARRIA,2019-07-14,Domingo,0.0,Ciclismo y btt,Absoluta/General,,,Sarria,Sarria,Lugo,131685,2019-07-14,2019-07-14,Bicicleta de montaña,SARRIA,,España,ES,42.76,-7.4165,https://my.raceresult.com/131685/,,False
RaceResult,IV Games de Famara,2019-08-24,Sábado,0.0,Otros,Absoluta/General,,,Teguise,,Las Palmas,131565,2019-08-24,2019-08-24,Otros,Teguise,,España,ES,29.1182,-13.5657,https://my.raceresult.com/131565/,,False
RaceResult,Travesía Hesperia Playa Dorada,2019-07-14,Domingo,0.0,Otros,Absoluta/General,,,Yaiza,,Las Palmas,131491,2019-07-14,2019-07-14,Natación,Playa Blanca,,España,ES,28.8631,-13.8205,https://my.raceresult.com/131491/,,False
RaceResult,Milla Popular La Santa 2019,2019-07-19,Viernes,1.609,road running,Absoluta/General,,,La Santa,,Las Palmas,131172,2019-07-19,2019-07-19,Running,La Santa,,España,ES,29.1068,-13.6659,https://my.raceresult.com/131172/,,False
RaceResult,Milla Popular La Santa 2019,2019-07-19,Viernes,1.609,road running,Absoluta/General,,,La Santa,,Las Palmas,131170,2019-07-19,2019-07-19,Running,La Santa,,España,ES,29.1068,-13.6659,https://my.raceresult.com/131170/,,False
RaceResult,GF Ézaro 2019,2019-07-07,Domingo,0.0,Ciclismo y btt,Absoluta/General,14.0,610.0,Madrid,,Comunidad de Madrid,131126,2019-07-07,2019-07-07,Ciclismo,,,España,ES,40.4637,-3.74922,https://my.raceresult.com/131126/,2063.0,True
RaceResult,Trail La Vegueta 2019,2019-06-29,Sábado,10.0,trail running,Mixta,192.0,400.0,Tinajo,,Las Palmas,129515,2019-06-29,2019-06-29,Running,La Vegueta,,España,ES,29.0486,-13.6491,https://my.raceresult.com/129515/,296.0,True
RaceResult,XVI Travesía San Juan Rcna,2019-06-29,Sábado,0.0,Otros,Mixta,163.0,250.0,Arrecife,,Las Palmas,129508,2019-06-29,2019-06-29,Natación,Arrecife,,España,ES,28.9581,-13.5609,https://my.raceresult.com/129508/,222.0,True
RaceResult,XVI Travesía San Juan Rcna - II COPA DE CANARIAS,2019-06-29,Sábado,0.0,Otros,Mixta,54.0,78.0,Arrecife,,Las Palmas,129506,2019-06-29,2019-06-29,Natación,Arrecife,,España,ES,28.9581,-13.5609,https://my.raceresult.com/129506/,66.0,True
RaceResult,4 PICOS ROAD - CLASICA EVARISTO PORTELA,2019-06-16,Domingo,0.0,Ciclismo y btt,Absoluta/General,,,Pontevedra,Pontevedra,Pontevedra,129027,2019-06-16,2019-06-16,Cicloturismo,Pontevedra,,España,ES,42.4321,-8.6473,https://my.raceresult.com/129027/,,False
RaceResult,II MAR DE MUROS TRÍATLON,2019-06-08,Sábado,0.0,Multidisciplina,Absoluta/General,18.0,131.0,Muros,Muros,La Coruña,128339,2019-06-08,2019-06-08,Triatlón,Muros,,España,ES,42.8074,-9.0461,https://my.raceresult.com/128339/,644.0,True
RaceResult,I Haría Enduro,2019-06-16,Domingo,0.0,Ciclismo y btt,Absoluta/General,,,Haría,,Las Palmas,127113,2019-06-16,2019-06-16,Bicicleta de montaña,Haria,,España,ES,29.132,-13.462,https://my.raceresult.com/127113/,,False
RaceResult,X COPA DE AGUAS ABIERTAS DE LANZAROTE,2019-06-08,Sábado,0.0,Otros,Mixta,160.0,175.0,San Bartolomé,,Las Palmas,127097,2019-06-08,2019-06-08,Natación,San Bartolomé,,España,ES,29.001,-13.6118,https://my.raceresult.com/127097/,52.0,True
RaceResult,II Travesía Alejandro Candela,2019-06-08,Sábado,0.0,Otros,Absoluta/General,,,Teguise,,Las Palmas,126860,2019-06-08,2019-06-08,Natación,Costa Teguise,,España,ES,28.9966,-13.4931,https://my.raceresult.com/126860/,,False
RaceResult,Ironkids Lanzarote 2019,2019-05-24,Viernes,0.0,Multidisciplina,Infantil,96.0,138.0,Tías,,Las Palmas,126408,2019-05-24,2019-05-24,Triatlón,Tias,,España,ES,28.9292,-13.632,https://my.raceresult.com/126408/,234.0,True
RaceResult,VIII Vértical Montaña Blanca ,2019-05-18,Sábado,0.0,road running,Absoluta/General,,,San Bartolomé,,Las Palmas,126088,2019-05-18,2019-05-18,Running,Montaña Blanca,,España,ES,28.9871,-13.637,https://my.raceresult.com/126088/,,True
RaceResult,IV DÚATLON «ELEUTERIO BALAYO» CONCELLO DE MUROS,2019-04-27,Sábado,0.0,Multidisciplina,Absoluta/General,15.0,134.0,Madrid,,Comunidad de Madrid,124098,2019-04-27,2019-04-27,Duatlón,,,España,ES,40.4637,-3.74922,https://my.raceresult.com/124098/,366.0,True
RaceResult,Disco Night Urban Race 2019,2019-05-11,Sábado,10.0,road running,Mixta,1330.0,1774.0,Arrecife,,Las Palmas,124038,2019-05-11,2019-05-11,Running,Arrecife,,España,ES,28.9577,-13.5499,https://my.raceresult.com/124038/,1552.0,True
RaceResult,I XC Paladea Villaverde,2019-03-30,Sábado,0.0,Ciclismo y btt,Absoluta/General,,,Madrid,,Comunidad de Madrid,120724,2019-03-30,2019-03-30,Bicicleta de montaña,,,España,ES,40.4637,-3.7492,https://my.raceresult.com/120724/,,False
RaceResult,III COPA DE CARRERAS POPULARES MUNICIPIO DE TINAJO,2019-03-17,Domingo,5.0,road running,Mixta,36.0,76.0,Tinajo,,Las Palmas,119510,2019-03-17,2019-03-17,Running,Tinajo,,España,ES,29.0655,-13.676,https://my.raceresult.com/119510/,0.0,True
RaceResult,VII Circular Haria Trail Team,2019-03-30,Sábado,0.0,trail running,Equipos,,,Madrid,,Comunidad de Madrid,119291,2019-03-30,2019-03-30,Running,,,España,ES,40.4637,-3.7492,https://my.raceresult.com/119291/,,False
RaceResult,V Carrera De Mascaritas,2019-03-13,Miércoles,10.0,road running,Absoluta/General,,,Tinajo,,Las Palmas,118096,2019-03-13,2019-03-13,Running,Tinajo,,España,ES,29.0631,-13.6787,https://my.raceresult.com/118096/,,True
RaceResult,City Mountainbike #1 Barcelona (ESP),2019-03-23,Sábado,0.0,Ciclismo y btt,Absoluta/General,,,Badalona,Barcelonés,Barcelona,117016,2019-03-23,2019-03-23,Bicicleta de montaña,Barcelona,,España,ES,41.4637,2.2462,https://my.raceresult.com/117016/,,False
RaceResult,Candelaria Trail 2019,2019-01-27,Domingo,10.0,trail running,Absoluta/General,,,Tías,,Las Palmas,115896,2019-01-27,2019-01-27,Running,Tias,,España,ES,28.9578,-13.6507,https://my.raceresult.com/115896/,,False
RaceResult,Sin-Son 10K_2018,2018-12-23,Domingo,10.0,road running,Absoluta/General,339.0,1335.0,O Porto do Son,Noia,La Coruña,114698,2018-12-23,2018-12-23,Running,Puerto del Son,,España,ES,42.7261,-9.0043,https://my.raceresult.com/114698/,2052.0,True
RaceResult,XIX SAN SILVESTRE CONEJERA,2018-12-31,Lunes,5.0,road running,Absoluta/General,,,Tías,,Las Palmas,114592,2018-12-31,2018-12-31,Running,Tías,,España,ES,28.9208,-13.6599,https://my.raceresult.com/114592/,,False
RaceResult,Pesca Submarina,2018-11-04,Domingo,0.0,Otros,Absoluta/General,,,Madrid,,Comunidad de Madrid,111876,2018-11-04,2018-11-04,Otros,,,España,ES,40.4637,-3.7492,https://my.raceresult.com/111876/,,False
RaceResult,Depo Desafío - Triatlón de Vigo,2018-10-07,Domingo,0.0,Multidisciplina,Absoluta/General,18.0,125.0,Vigo,Vigo,Pontevedra,109662,2018-10-07,2018-10-07,Triatlón,Vigo,,España,ES,42.2126,-8.7743,https://my.raceresult.com/109662/,592.0,True
RaceResult,X TRIATLON PONTENAFONSO - MEMORIAL MICHEL 2018,2018-10-06,Sábado,0.0,Multidisciplina,Absoluta/General,30.0,207.0,Noia,Noia,La Coruña,109655,2018-10-06,2018-10-06,Triatlón,PonteNafonso,15286,España,ES,42.825,-8.8756,https://my.raceresult.com/109655/,961.0,True
RaceResult,Msrun Lanzarote,2018-09-22,Sábado,10.0,road running,Absoluta/General,131.0,159.0,San Bartolomé,,Las Palmas,107985,2018-09-22,2018-09-22,Running,Arrecife,,España,ES,28.9937,-13.6073,https://my.raceresult.com/107985/,290.0,True
RaceResult,Los Dolores Night Trail 2018,2018-09-15,Sábado,0.0,trail running,Absoluta/General,,,La Oliva,,Las Palmas,107367,2018-09-15,2018-09-15,Running,La Oliva,,España,ES,28.5867,-13.8849,https://my.raceresult.com/107367/,,True
RaceResult,DHU VILA DE SARRIA 2018,2018-07-22,Domingo,0.0,Ciclismo y btt,Absoluta/General,,,Sarria,Sarria,Lugo,103527,2018-07-22,2018-07-22,Bicicleta de montaña,Sarria,,España,ES,42.7772,-7.4113,https://my.raceresult.com/103527/,,True
RaceResult,Swimrun lanzarote 2018,2018-11-25,Domingo,0.0,Multidisciplina,Infantil,,,Tías,,Las Palmas,103389,2018-11-25,2018-11-25,Acuatlón,Tias,,España,ES,28.9578,-13.6507,https://my.raceresult.com/103389/,,True
RaceResult,Travesía Costa Oleiros,2018-07-15,Domingo,0.0,Otros,Absoluta/General,,,,,,103255,2018-07-15,2018-07-15,Natación,Oleiros,,España,ES,0.0,0.0,https://my.raceresult.com/103255/,,False
RaceResult,II Tinajo You Trail 2018,2018-09-09,Domingo,0.0,trail running,Absoluta/General,,,Tinajo,,Las Palmas,103028,2018-09-09,2018-09-09,Running,Tinajo,,España,ES,29.0377,-13.6862,https://my.raceresult.com/103028/,,True
RaceResult,Travesía Playa Honda Restaurante Emmax,2018-09-23,Domingo,0.0,Otros,Mixta,206.0,260.0,San Bartolomé,,Las Palmas,103026,2018-09-23,2018-09-23,Natación,San Bartolomé,,España,ES,28.9539,-13.5914,https://my.raceresult.com/103026/,258.0,True
RaceResult,Travesía Punta Mujeres 2018,2018-09-01,Sábado,0.0,Otros,Mixta,195.0,253.0,Haría,,Las Palmas,103023,2018-09-01,2018-09-01,Natación,Haria,,España,ES,29.1448,-13.4476,https://my.raceresult.com/103023/,248.0,True
RaceResult,Travesía Puerto Calero 2018,2018-08-26,Domingo,0.0,Otros,Mixta,201.0,261.0,Yaiza,,Las Palmas,103022,2018-08-26,2018-08-26,Natación,Tias,,España,ES,28.9192,-13.7072,https://my.raceresult.com/103022/,253.0,True
RaceResult,Travesía San Gines 2018,2018-08-11,Sábado,0.0,Otros,Mixta,254.0,352.0,San Bartolomé,,Las Palmas,103021,2018-08-11,2018-08-11,Natación,Arrecife,,España,ES,28.9937,-13.6073,https://my.raceresult.com/103021/,334.0,True
RaceResult,Travesía Puerto del Carmen 2018,2018-08-04,Sábado,0.0,Otros,Mixta,238.0,320.0,Tías,,Las Palmas,103018,2018-08-04,2018-08-04,Natación,Tias,,España,ES,28.9242,-13.645,https://my.raceresult.com/103018/,306.0,True
RaceResult,Carrera Popular  EL Quíquere 2018,2018-08-04,Sábado,10.0,road running,Mixta,98.0,266.0,Tías,,Las Palmas,103015,2018-08-04,2018-08-04,Running,Tias,,España,ES,28.9242,-13.645,https://my.raceresult.com/103015/,182.0,True
RaceResult,Gran Fondo Ezaro - Costa da Morte,2018-07-08,Domingo,0.0,Ciclismo y btt,Absoluta/General,,,Dumbría,Fisterra,La Coruña,102138,2018-07-08,2018-07-08,Cicloturismo,Ézaro,,España,ES,42.9128,-9.124,https://my.raceresult.com/102138/,,False
RaceResult,Travesía Hesperia Playa Dorada,2018-07-22,Domingo,0.0,Otros,Absoluta/General,,,Yaiza,,Las Palmas,102081,2018-07-22,2018-07-22,Natación,Yaiza,,España,ES,28.8627,-13.8297,https://my.raceresult.com/102081/,,False
RaceResult,Relevos el Cuchillo 2018,2018-11-10,Sábado,0.0,road running,Mixta,96.0,346.0,Tinajo,,Las Palmas,101238,2018-11-10,2018-11-10,Running,El Cuchillo,,España,ES,29.0814,-13.663,https://my.raceresult.com/101238/,726.0,True
RaceResult,Milla Popular la Santa 2018,2018-07-20,Viernes,1.609,road running,Mixta,52.0,110.0,Tinajo,,Las Palmas,101221,2018-07-20,2018-07-20,Running,La Santa,,España,ES,29.0663,-13.6767,https://my.raceresult.com/101221/,81.0,True
RaceResult,V Maratón MTB Norte de Lanzarote,2018-06-30,Sábado,42.195,Ciclismo y btt,Absoluta/General,,,Haría,,Las Palmas,101195,2018-06-30,2018-06-30,Bicicleta de montaña,Arrieta,,España,ES,29.132,-13.462,https://my.raceresult.com/101195/,,False
RaceResult,Trail la Vegueta 2018,2018-07-07,Sábado,10.0,trail running,Mixta,208.0,444.0,Tinajo,,Las Palmas,101182,2018-07-07,2018-07-07,Running,Tinajo,,España,ES,29.0667,-13.6771,https://my.raceresult.com/101182/,326.0,True
RaceResult,Transajaches 2018,2018-07-08,Domingo,5.0,road running,Absoluta/General,,,Yaiza,,Las Palmas,101150,2018-07-08,2018-07-08,Running,Femés,,España,ES,28.9141,-13.7774,https://my.raceresult.com/101150/,,False
RaceResult,I MAR DE MUROS TRÍATLON,2018-06-02,Sábado,0.0,Multidisciplina,Absoluta/General,,,Muros,Muros,La Coruña,99654,2018-06-02,2018-06-02,Triatlón,Muros,,España,ES,42.775,-9.0568,https://my.raceresult.com/99654/,,False
RaceResult,XV Travesía San Juan - RCNA,2018-06-23,Sábado,0.0,Otros,Absoluta/General,,,Arrecife,,Las Palmas,98399,2018-06-23,2018-06-23,Natación,Arrecife,,España,ES,28.9583,-13.5602,https://my.raceresult.com/98399/,,False
RaceResult,I Travesía Alejandro Candela,2018-10-07,Domingo,0.0,Otros,Absoluta/General,,,Teguise,,Las Palmas,97924,2018-10-07,2018-10-07,Natación,Costa Teguise,,España,ES,28.9966,-13.4931,https://my.raceresult.com/97924/,,False
RaceResult,Ironkids Lanzarote 2018,2018-05-25,Viernes,0.0,Multidisciplina,Absoluta/General,84.0,141.0,Tías,,Las Palmas,97872,2018-05-25,2018-05-25,Triatlón,Puerto del Carmen,,España,ES,28.9197,-13.6507,https://my.raceresult.com/97872/,225.0,True
RaceResult,VII Vértical Montaña Blanca,2018-06-02,Sábado,0.0,road running,Absoluta/General,,,San Bartolomé,,Las Palmas,97857,2018-06-02,2018-06-02,Running,Montaña Blanca,,España,ES,28.9871,-13.637,https://my.raceresult.com/97857/,,False
RaceResult,Pontevedra 4 Picos,2018-05-12,Sábado,0.0,Ciclismo y btt,Absoluta/General,,,Pontevedra,Pontevedra,Pontevedra,97845,2018-05-12,2018-05-12,Bicicleta de montaña,Pontevedra,,España,ES,42.4362,-8.6381,https://my.raceresult.com/97845/,,False
RaceResult,IX COPA DE NATACIÓN EN AGUAS ABIERTAS DE LANZAROTE,2018-02-05,Lunes,0.0,Otros,Absoluta/General,,,San Bartolomé,,Las Palmas,96206,2018-02-05,2018-02-05,Natación,San Bartolomé,,España,ES,29.001,-13.6118,https://my.raceresult.com/96206/,,False
RaceResult,Disco Night Urban Race 2018,2018-05-05,Sábado,10.0,road running,Absoluta/General,,,Arrecife,,Las Palmas,95668,2018-05-05,2018-05-05,Running,Arrecife,,España,ES,28.9577,-13.5499,https://my.raceresult.com/95668/,,False
RaceResult,Rockman Pyrenees,2018-10-13,Sábado,0.0,Multidisciplina,Absoluta/General,,,la Vall de Boí,Alta Ribagorza,Lérida,95037,2018-10-13,2018-10-13,Acuatlón,Ligüerre Resort,,España,ES,42.5141,0.8576,https://my.raceresult.com/95037/,,False
RaceResult,"VI Circular Nocturna HTT ""La Bruja de Haría""",2018-04-07,Sábado,10.0,road running,Absoluta/General,,,Haría,,Las Palmas,94010,2018-04-07,2018-04-07,Running,Haría,,España,ES,29.1455,-13.5004,https://my.raceresult.com/94010/,,False
RaceResult,Nutricross,2018-04-15,Domingo,0.0,Multidisciplina,Absoluta/General,,,,,,93353,2018-04-15,2018-04-15,Triatlón,Tias,,España,ES,0.0,0.0,https://my.raceresult.com/93353/,,False
RaceResult,COPA DE CARRERAS POR MONTAÑA DE LANZAROTE 2018,2018-04-07,Sábado,5.0,road running,Absoluta/General,,,San Bartolomé,,Las Palmas,92938,2018-04-07,2018-04-07,Running,San Bartolomé,,España,ES,29.001,-13.6118,https://my.raceresult.com/92938/,,False
RaceResult,"III Cronoescalada Nocturna MTB Valle Palomo- La Presa 
",2018-03-10,Sábado,0.0,Ciclismo y btt,Absoluta/General,,,Telde,,Las Palmas,92476,2018-03-10,2018-03-10,Bicicleta de montaña,Arrieta,,España,ES,28.0028,-15.3742,https://my.raceresult.com/92476/,,False
RaceResult,II COPA DE CARRERAS POPULARES MUNICIPIO DE TINAJO,2018-03-04,Domingo,5.0,road running,Absoluta/General,,,Tinajo,,Las Palmas,91807,2018-03-04,2018-10-06,Running,Tinajo,,España,ES,29.0655,-13.676,https://my.raceresult.com/91807/,,False
RaceResult,IV Carrera de Mascaritas Tinajo,2018-03-04,Domingo,10.0,road running,Absoluta/General,,,Tinajo,,Las Palmas,91517,2018-03-04,2018-03-04,Running,Tinajo,,España,ES,29.0667,-13.6771,https://my.raceresult.com/91517/,,False
RaceResult,IV JandiaBike,2018-02-17,Sábado,0.0,Ciclismo y btt,Absoluta/General,,,Pájara,,Las Palmas,90552,2018-02-17,2018-02-18,Bicicleta de montaña,Morro Jable,,España,ES,28.0502,-14.3583,https://my.raceresult.com/90552/,,False
RaceResult,münz Jakobstour,2017-08-17,Jueves,0.0,Ciclismo y btt,Absoluta/General,,,Madrid,,Comunidad de Madrid,65059,2017-08-17,2017-08-17,Cicloturismo,,,España,ES,40.4637,-3.7492,https://my.raceresult.com/65059/,,False
RaceResult,El rey de la montaña,2014-01-03,Viernes,0.0,Ciclismo y btt,Mixta,,,Madrid,,Comunidad de Madrid,24234,2014-01-03,2014-01-03,Ciclismo,,,España,ES,40.4637,-3.74922,https://my.raceresult.com/24234/,,True
RaceResult,NIKE RUNNING CHALLENGE Madrid H2O,2013-05-04,Sábado,0.0,road running,Absoluta/General,,,,,,16037,2013-05-04,2013-05-04,Running,Madrid,,España,ES,0.0,0.0,https://my.raceresult.com/16037/,,False
RaceResult,Supercopa Mallorca MTB General 2013,2013-12-31,Martes,0.0,Ciclismo y btt,Absoluta/General,,,,,,15280,2013-12-31,2013-12-31,Bicicleta de montaña,Manacor,,España,ES,0.0,0.0,https://my.raceresult.com/15280/,,False
RaceResult,V DUATLO LLINARS - GINEBRO,2013-03-17,Domingo,0.0,road running,Absoluta/General,,,,,,15053,2013-03-17,2013-03-17,Running,LLINARS DEL VALLES,,España,ES,0.0,0.0,https://my.raceresult.com/15053/,,True
RaceResult,Supercopa Mallorca Manacor 03.03.2013 MTB,2013-03-03,Domingo,0.0,Ciclismo y btt,Absoluta/General,,,,,,14952,2013-03-03,2013-03-03,Bicicleta de montaña,Manacor,,España,ES,0.0,0.0,https://my.raceresult.com/14952/,,False
RaceResult,Sant Silvestre Mataró Night Trail,2012-12-31,Lunes,0.0,trail running,Absoluta/General,,,,,,13940,2012-12-31,2012-12-31,Running,MATARO,,España,ES,0.0,0.0,https://my.raceresult.com/13940/,,True
RaceResult,NIKE RUNNING CHALLENGE La Roca / Barcelona,2012-11-17,Sábado,10.0,road running,Absoluta/General,,,,,,13560,2012-11-17,2012-11-17,Running,Barcelona,,España,ES,0.0,0.0,https://my.raceresult.com/13560/,,False
RaceResult,Primer Trofeo Ciclocross Mª de la Salut,2012-11-18,Domingo,0.0,Ciclismo y btt,Absoluta/General,,,,,,13531,2012-11-18,2012-11-18,Ciclocross,Maria de la Salud,,España,ES,0.0,0.0,https://my.raceresult.com/13531/,,False
RaceResult,Supercopa Mallorca 29.09.2012 MTB,2012-09-29,Sábado,0.0,Ciclismo y btt,Absoluta/General,,,,,,13293,2012-09-29,2012-09-29,Bicicleta de montaña,Son Servera,,España,ES,0.0,0.0,https://my.raceresult.com/13293/,,False
RaceResult,Supercopa Mallorca 20.10.2012 CAR,2012-10-20,Sábado,0.0,Ciclismo y btt,Absoluta/General,,,Palma,Palma,Islas Baleares,13155,2012-10-20,2012-10-20,Bicicleta de montaña,Palma,,España,ES,39.5718,2.6277,https://my.raceresult.com/13155/,,False
RaceResult,Supercopa Mallorca 06.10.2012,2012-10-06,Sábado,0.0,Ciclismo y btt,Absoluta/General,,,,,,13097,2012-10-06,2012-10-06,Bicicleta de montaña,Son Servera,,España,ES,0.0,0.0,https://my.raceresult.com/13097/,,False
RaceResult,Supercopa Mallorca 29.09.2012 MTB,2012-09-29,Sábado,0.0,Ciclismo y btt,Absoluta/General,,,,,,13017,2012-09-29,2012-09-29,Bicicleta de montaña,Son Servera,,España,ES,0.0,0.0,https://my.raceresult.com/13017/,,False
RaceResult,NIKE RUNNING CHALLENGE Madrid,2012-07-29,Domingo,10.0,road running,Absoluta/General,,,,,,12017,2012-07-29,2012-07-29,Running,Madrid,,España,ES,0.0,0.0,https://my.raceresult.com/12017/,,False
RaceResult,COPA MALLORCA INT BTT BUNYOLA 2013,2013-04-06,Sábado,0.0,Ciclismo y btt,Absoluta/General,,,,,,11780,2013-04-06,2013-04-06,Bicicleta de montaña,Bunyola,,España,ES,0.0,0.0,https://my.raceresult.com/11780/,,False
RaceResult,Supercopa Manacor MTB,2012-02-25,Sábado,0.0,Ciclismo y btt,Absoluta/General,,,,,,9827,2012-02-25,2012-02-25,Bicicleta de montaña,Manacor,,España,ES,0.0,0.0,https://my.raceresult.com/9827/,,False
RaceResult,Tristar Zeitfahren Cambrils 2011,2011-04-29,Viernes,0.0,Ciclismo y btt,Absoluta/General,,,,,,7123,2011-04-29,2011-04-29,Ciclismo,Cambrils,,España,ES,0.0,0.0,https://my.raceresult.com/7123/,,True
RaceResult,Ibbikecopa.com 05.03.2011 Santa Ponsa,2011-03-05,Sábado,0.0,Ciclismo y btt,Absoluta/General,,,,,,6408,2011-03-05,2011-03-05,Bicicleta de montaña,Arta,,España,ES,0.0,0.0,https://my.raceresult.com/6408/,,False
RaceResult,IBBIKEcopa.com 2010 Arta,2010-09-04,Sábado,0.0,Ciclismo y btt,Absoluta/General,,,,,,5176,2010-09-04,2010-09-04,Bicicleta de montaña,Arta,,España,ES,0.0,0.0,https://my.raceresult.com/5176/,,False
RaceResult,IV PREVIA VIG-BAY,2010-03-28,Domingo,21.0,road running,Absoluta/General,,,Vigo,Vigo,Pontevedra,3826,2010-03-28,2010-03-28,Running,Vigo,,España,ES,42.2107,-8.77631,https://my.raceresult.com/3826/,,False
RaceResult,CARMA-ESCALADA CONTRARRELOJ 2009 ,2009-09-05,Sábado,0.0,road running,Absoluta/General,,,,,,2922,2009-09-05,2009-09-05,Running,Meis/Poio  (PONTEVEDRA),,España,ES,0.0,0.0,https://my.raceresult.com/2922/,,False
RaceResult,III PREVIA VIG-BAY,2009-03-15,Domingo,0.0,road running,Absoluta/General,,,,,,1705,2009-03-15,2009-03-15,Running,Vigo,,España,ES,0.0,0.0,https://my.raceresult.com/1705/,,False
RaceResult,UCI Cyclo-cross World Cup Igorre,2008-12-07,Domingo,0.0,Ciclismo y btt,Elite,0.0,82.0,,,,1418,2008-12-07,2008-12-07,Ciclocross,Igorre,,España,ES,0.0,0.0,https://my.raceresult.com/1418/,0.0,True
RaceResult,The Hybrid Run Fuengirola,2026-09-12,Sábado,0.0,road running,Absoluta/General,,,Fuengirola,Costa del Sol Occidental,Málaga,403432,2026-09-12,2026-09-12,Carrera de fitness,Fuengirola,Málaga,España,ES,36.5408,-4.6231,https://my.raceresult.com/403432/,,False
RaceResult,TRIPLE CORONA ILLAS ATLÁNTICAS 2026,2026-09-12,Sábado,0.0,Otros,Absoluta/General,,,Baiona,Vigo,Pontevedra,419752,2026-09-12,2026-09-12,Natación,Baiona,,España,ES,42.1192,-8.8478,https://my.raceresult.com/419752/,,False
RaceResult,City Mountainbike Eliminator Series #4 Girona (ESP),2026-09-19,Sábado,0.0,Ciclismo y btt,Absoluta/General,,,Gerona,Gironés,Gerona,385668,2026-09-19,2026-09-19,Bicicleta de montaña,Girona,,España,ES,41.9857,2.8212,https://my.raceresult.com/385668/,,False
RaceResult,XIII DHI Puntallana 2026,2026-09-13,Domingo,0.0,Ciclismo y btt,Absoluta/General,,,La Orotava,,Santa Cruz de Tenerife,422137,2026-09-13,2026-09-13,Bicicleta de montaña,Puntallana,,España,ES,28.3914,-16.5221,https://my.raceresult.com/422137/,,False
RaceResult,Mad X Stamina Plus,2026-10-31,Sábado,0.0,trail running,Absoluta/General,,,Ciudad Real,,Ciudad Real,421865,2026-10-31,2026-10-31,Carrera de Obstáculos,Ciudad Real,,España,ES,38.9617,-3.9749,https://my.raceresult.com/421865/,,False
RaceResult,Mad X Stamina Plus Trial,2026-09-30,Miércoles,0.0,trail running,Absoluta/General,,,Ciudad Real,,Ciudad Real,421851,2026-09-30,2026-09-30,Carrera de Obstáculos,Ciudad Real,,España,ES,38.9617,-3.9749,https://my.raceresult.com/421851/,,False
RaceResult,DEKA STRONG: Hybiza Athletes,2026-09-12,Sábado,0.0,Otros,Absoluta/General,,,,Washington County,Kansas,421576,2026-09-12,2026-09-12,Otros,"ibiza, ",,España,ES,39.716,-96.9997,https://my.raceresult.com/421576/,,False
RaceResult,Exceed Race Fontcoberta,2026-11-10,Martes,42.0,road running,Absoluta/General,,,,,,416618,2026-11-10,2026-11-10,Running,,,España,ES,0.0,0.0,https://my.raceresult.com/416618/,,False
RaceResult,Sierra Sur Race,2026-10-17,Sábado,0.0,road running,Absoluta/General,,,Frailes,,Jaén,410115,2026-10-17,2026-10-17,Carrera de fitness,Frailes,Jaén,España,ES,37.4873,-3.837,https://my.raceresult.com/410115/,,False
RaceResult,Club La Santa Volcano Triathlon Half 2027,2027-04-24,Sábado,0.0,Multidisciplina,Absoluta/General,,,La Santa,,Las Palmas,409582,2027-04-24,2027-04-24,Triatlón,Tinajo,,España,ES,29.1164,-13.6548,https://my.raceresult.com/409582/,,False
RaceResult,Exile Pro Mini Hollywood,2026-10-03,Sábado,0.0,trail running,Absoluta/General,,,Tabernas,,Almería,409056,2026-10-03,2026-10-03,Carrera de Obstáculos,Tabernas,Almería,España,ES,37.0494,-2.3918,https://my.raceresult.com/409056/,,False
RaceResult,Trail La Vegueta 2026,2026-12-27,Domingo,10.0,trail running,Absoluta/General,,,Tinajo,,Las Palmas,408317,2026-12-27,2026-12-27,Running,Tinajo,,España,ES,29.0666,-13.6765,https://my.raceresult.com/408317/,,False
RaceResult,La Híbrida 4.0,2026-11-07,Sábado,0.0,trail running,Absoluta/General,,,Andújar,,Jaén,407932,2026-11-07,2026-11-07,Carrera de Obstáculos,Andujar,Jaén,España,ES,38.0392,-4.0506,https://my.raceresult.com/407932/,,False
RaceResult,Tiñosa Trail ,2026-11-21,Sábado,0.0,trail running,Absoluta/General,,,Colmenar de Oreja,,Comunidad de Madrid,404842,2026-11-21,2026-11-21,Carreras de montaña,,,España,ES,40.091,-3.4646,https://my.raceresult.com/404842/,,False
RaceResult,Periche Trail,2026-11-07,Sábado,0.0,trail running,Absoluta/General,,,Los Villares,,Jaén,404198,2026-11-07,2026-11-07,Carreras de montaña,Los Villares,Jaén,España,ES,37.6877,-3.8182,https://my.raceresult.com/404198/,,False
RaceResult,HRX Arganda,2026-10-10,Sábado,0.0,trail running,Absoluta/General,,,Arganda del Rey,,Comunidad de Madrid,403541,2026-10-10,2026-10-10,Carrera de Obstáculos,Arganda del Rey,,España,ES,40.3012,-3.4415,https://my.raceresult.com/403541/,,False
RaceResult,Attrion,2026-10-03,Sábado,0.0,trail running,Absoluta/General,,,Linares,,Jaén,403012,2026-10-03,2026-10-03,Carrera de Obstáculos,Linares,Jaén,España,ES,38.0965,-3.635,https://my.raceresult.com/403012/,,False
RaceResult,Club La Santa Volcano Triathlon 2027,2027-03-20,Sábado,0.0,Multidisciplina,Absoluta/General,,,La Santa,,Las Palmas,402211,2027-03-20,2027-03-20,Triatlón,Tinajo,,España,ES,29.1164,-13.6548,https://my.raceresult.com/402211/,,False
RaceResult,II Trail Muñique Cross 2026,2026-12-31,Jueves,0.0,trail running,Absoluta/General,,,Tinajo,,Las Palmas,392373,2026-12-31,2026-12-31,Running,Tinajo,,España,ES,29.0666,-13.6765,https://my.raceresult.com/392373/,,False
RaceResult,XI Enduro Puntallana Flow Trails 2026 - Campeonato de Canarias,2026-09-12,Sábado,0.0,Ciclismo y btt,Absoluta/General,,,Santa Cruz de La Palma,,Santa Cruz de Tenerife,386422,2026-09-12,2026-09-12,Bicicleta de montaña,Puntallana,,España,ES,28.6964,-17.7683,https://my.raceresult.com/386422/,,False
RaceResult,TEST EVENT LINE,2026-12-12,Sábado,0.0,road running,Absoluta/General,,,,,,381434,2026-12-12,2026-12-12,Running,,,España,ES,0.0,0.0,https://my.raceresult.com/381434/,,False
RaceResult,Evento de prueba,2026-12-01,Martes,10.0,road running,Absoluta/General,,,Colmenar de Oreja,,Comunidad de Madrid,380106,2026-12-01,2026-12-01,Running,,,España,ES,40.091,-3.4646,https://my.raceresult.com/380106/,,False
RaceResult,EFC Hybrid,2026-09-19,Sábado,0.0,trail running,Absoluta/General,,,Torrox,La Axarquía,Málaga,374564,2026-09-19,2026-09-19,Carrera de Obstáculos,Torrox,Málaga,España,ES,36.7606,-3.9523,https://my.raceresult.com/374564/,,False
RaceResult,Vuelta Ciclista a Lanzarote 2026,2026-10-03,Sábado,0.0,Ciclismo y btt,Absoluta/General,,,Tinajo,,Las Palmas,365852,2026-10-03,2026-10-03,Ciclismo,Tinajo,,España,ES,29.072,-13.6749,https://my.raceresult.com/365852/,,False
RaceResult,Liga Híbrida Andalucía,2026-10-31,Sábado,0.0,trail running,Absoluta/General,,,Sevilla,,Sevilla,362900,2026-10-31,2026-10-31,Carrera de Obstáculos,Sevilla,Sevilla,España,ES,37.3818,-5.9678,https://my.raceresult.com/362900/,,False
RaceResult,Acumulada WTM,2026-12-31,Jueves,0.0,Otros,Absoluta/General,,,Colmenar de Oreja,,Comunidad de Madrid,358630,2026-12-31,2026-12-31,Otros,,,España,ES,40.091,-3.4646,https://my.raceresult.com/358630/,,False
RaceResult,Prueba Adrian,2026-12-31,Jueves,0.0,trail running,Absoluta/General,,,Colmenar de Oreja,,Comunidad de Madrid,355024,2026-12-31,2026-12-31,Carreras de montaña,,,España,ES,40.091,-3.4646,https://my.raceresult.com/355024/,,False
RaceResult,WTM 2026,2026-12-31,Jueves,0.0,Otros,Absoluta/General,,,Colmenar de Oreja,,Comunidad de Madrid,353136,2026-12-31,2026-12-31,Otros,,,España,ES,40.091,-3.4646,https://my.raceresult.com/353136/,,False
