fuente,nombre_carrera,fecha,dia_semana,distancia,tipo_modalidad,publico,finisher_d,finisher_h,municipio,comarca,provincia,evento_ref,resultado_ref,nombre_evento,nombre_prueba,distancia_m
cronorunner,XXII VOLTA A PEU LORIGUILLA (Junior (2009-2010)),2026-09-04,Viernes,0.0,road running,Infantil,,,Loriguilla,València / Valencia,Comunitat Valenciana,448-2212,448-2212-3895,XXII VOLTA A PEU LORIGUILLA,Junior (2009-2010),0
cronorunner,XXII VOLTA A PEU LORIGUILLA (Benjamin (2017-2018)),2026-09-04,Viernes,0.3,road running,Infantil,9.0,8.0,Loriguilla,València / Valencia,Comunitat Valenciana,448-2212,448-2212-3861,XXII VOLTA A PEU LORIGUILLA,Benjamin (2017-2018),300
cronorunner,XXII VOLTA A PEU LORIGUILLA (Alevin (2015-2016)),2026-09-04,Viernes,0.7,road running,Infantil,5.0,7.0,Loriguilla,València / Valencia,Comunitat Valenciana,448-2212,448-2212-3862,XXII VOLTA A PEU LORIGUILLA,Alevin (2015-2016),700
cronorunner,XXII VOLTA A PEU LORIGUILLA (Infantil (2013-2014)),2026-09-04,Viernes,1.05,road running,Infantil,2.0,1.0,Loriguilla,València / Valencia,Comunitat Valenciana,448-2212,448-2212-3863,XXII VOLTA A PEU LORIGUILLA,Infantil (2013-2014),1050
cronorunner,XXII VOLTA A PEU LORIGUILLA (Cadete (2011-2012)),2026-09-04,Viernes,1.4,road running,Infantil,1.0,2.0,Loriguilla,València / Valencia,Comunitat Valenciana,448-2212,448-2212-3864,XXII VOLTA A PEU LORIGUILLA,Cadete (2011-2012),1400
cronorunner,XXII VOLTA A PEU LORIGUILLA (10k),2026-09-04,Viernes,10.0,road running,Absoluta/General,58.0,220.0,Loriguilla,València / Valencia,Comunitat Valenciana,448-2212,448-2212-3694,XXII VOLTA A PEU LORIGUILLA,10k,10000
cronorunner,XXIX VOLTA A PEU LA CANYADA (Sub 10 (Nacidos en 2017 y posteriores)),2026-08-29,Sábado,1.0,road running,Absoluta/General,,,Paterna,l'Horta Nord,Comunitat Valenciana,331-2261,331-2261-3814,XXIX VOLTA A PEU LA CANYADA,Sub 10 (Nacidos en 2017 y posteriores),1000
cronorunner,XXIX VOLTA A PEU LA CANYADA (Sub 14 (Nacidos entre 2013 y 2016)),2026-08-29,Sábado,1.0,road running,Absoluta/General,,,Paterna,l'Horta Nord,Comunitat Valenciana,331-2261,331-2261-3815,XXIX VOLTA A PEU LA CANYADA,Sub 14 (Nacidos entre 2013 y 2016),1000
cronorunner,"XXIX VOLTA A PEU LA CANYADA (Volta a peu La Canyada (6,4km))",2026-08-29,Sábado,6.4,road running,Absoluta/General,156.0,320.0,Paterna,l'Horta Nord,Comunitat Valenciana,331-2261,331-2261-3813,XXIX VOLTA A PEU LA CANYADA,"Volta a peu La Canyada (6,4km)",6400
cronorunner,XXXIV VOLTA A PEU NOCTURNA A MANUEL (Prebenjamin (2019-2020)),2026-08-28,Viernes,0.2,road running,Infantil,10.0,14.0,Manuel,València / Valencia,Comunitat Valenciana,306-2175,306-2175-3868,XXXIV VOLTA A PEU NOCTURNA A MANUEL,Prebenjamin (2019-2020),200
cronorunner,XXXIV VOLTA A PEU NOCTURNA A MANUEL (Benjamin (2017-2018)),2026-08-28,Viernes,0.55,road running,Infantil,5.0,20.0,Manuel,València / Valencia,Comunitat Valenciana,306-2175,306-2175-3869,XXXIV VOLTA A PEU NOCTURNA A MANUEL,Benjamin (2017-2018),550
cronorunner,XXXIV VOLTA A PEU NOCTURNA A MANUEL (Alevin (2015-2016)),2026-08-28,Viernes,1.1,road running,Infantil,10.0,12.0,Manuel,València / Valencia,Comunitat Valenciana,306-2175,306-2175-3870,XXXIV VOLTA A PEU NOCTURNA A MANUEL,Alevin (2015-2016),1100
cronorunner,XXXIV VOLTA A PEU NOCTURNA A MANUEL (Infantil (2013-2014)),2026-08-28,Viernes,1.65,road running,Infantil,4.0,6.0,Manuel,València / Valencia,Comunitat Valenciana,306-2175,306-2175-3871,XXXIV VOLTA A PEU NOCTURNA A MANUEL,Infantil (2013-2014),1650
cronorunner,XXXIV VOLTA A PEU NOCTURNA A MANUEL (Cadet (2009-2012)),2026-08-28,Viernes,2.2,road running,Infantil,3.0,5.0,Manuel,València / Valencia,Comunitat Valenciana,306-2175,306-2175-3872,XXXIV VOLTA A PEU NOCTURNA A MANUEL,Cadet (2009-2012),2200
cronorunner,XXXIV VOLTA A PEU NOCTURNA A MANUEL (7k),2026-08-28,Viernes,7.0,road running,Absoluta/General,135.0,363.0,Manuel,València / Valencia,Comunitat Valenciana,306-2175,306-2175-3591,XXXIV VOLTA A PEU NOCTURNA A MANUEL,7k,7000
cronorunner,"XVI VOLTA A PEU ALBUIXECH (6,5k)",2026-08-21,Viernes,6.5,road running,Absoluta/General,204.0,479.0,Albuixech,l'Horta Nord,Comunitat Valenciana,437-2184,437-2184-3602,XVI VOLTA A PEU ALBUIXECH,"6,5k",6500
cronorunner,"XVI VOLTA A PEU ALBUIXECH (6,5k Cadet-juvenil)",2026-08-21,Viernes,6.5,road running,Infantil,13.0,26.0,Albuixech,l'Horta Nord,Comunitat Valenciana,437-2184,437-2184-3894,XVI VOLTA A PEU ALBUIXECH,"6,5k Cadet-juvenil",6500
cronorunner,"XXVIII LEGUA SAN ANTONIO DE BENAGÉBER (5,5KM)",2026-08-08,Sábado,5.572,road running,Absoluta/General,121.0,297.0,San Antonio de Benagéber,València / Valencia,Comunitat Valenciana,453-2211,453-2211-3693,XXVIII LEGUA SAN ANTONIO DE BENAGÉBER,"5,5KM",5572
cronorunner,XXVIII LEGUA SAN ANTONIO DE BENAGÉBER (Querubines ( 0 a 5 años)),2026-08-08,Sábado,0.1,road running,Absoluta/General,,,San Antonio de Benagéber,València / Valencia,Comunitat Valenciana,453-2211,453-2211-3848,XXVIII LEGUA SAN ANTONIO DE BENAGÉBER,Querubines ( 0 a 5 años),100
cronorunner,XXVIII LEGUA SAN ANTONIO DE BENAGÉBER (Prebenjamines ( 6 a 7 años)),2026-08-08,Sábado,0.2,road running,Infantil,,,San Antonio de Benagéber,València / Valencia,Comunitat Valenciana,453-2211,453-2211-3849,XXVIII LEGUA SAN ANTONIO DE BENAGÉBER,Prebenjamines ( 6 a 7 años),200
cronorunner,XXVIII LEGUA SAN ANTONIO DE BENAGÉBER (Benjamines (8 a 9 años)),2026-08-08,Sábado,0.3,road running,Infantil,,,San Antonio de Benagéber,València / Valencia,Comunitat Valenciana,453-2211,453-2211-3850,XXVIII LEGUA SAN ANTONIO DE BENAGÉBER,Benjamines (8 a 9 años),300
cronorunner,XXVIII LEGUA SAN ANTONIO DE BENAGÉBER (Alevines (10 a 11 años)),2026-08-08,Sábado,0.4,road running,Infantil,,,San Antonio de Benagéber,València / Valencia,Comunitat Valenciana,453-2211,453-2211-3851,XXVIII LEGUA SAN ANTONIO DE BENAGÉBER,Alevines (10 a 11 años),400
cronorunner,XXVIII LEGUA SAN ANTONIO DE BENAGÉBER (Infantil (12 a 13 años)),2026-08-08,Sábado,0.6,road running,Infantil,,,San Antonio de Benagéber,València / Valencia,Comunitat Valenciana,453-2211,453-2211-3852,XXVIII LEGUA SAN ANTONIO DE BENAGÉBER,Infantil (12 a 13 años),600
cronorunner,XXVIII LEGUA SAN ANTONIO DE BENAGÉBER (Cadetes (14 a 15 aoñs)),2026-08-08,Sábado,0.8,road running,Infantil,,,San Antonio de Benagéber,València / Valencia,Comunitat Valenciana,453-2211,453-2211-3853,XXVIII LEGUA SAN ANTONIO DE BENAGÉBER,Cadetes (14 a 15 aoñs),800
cronorunner,IX 8k ALBALAT DE LA RIBERA,2026-08-07,Viernes,8.0,road running,Absoluta/General,39.0,172.0,Albalat de la Ribera,València / Valencia,Comunitat Valenciana,671-2267,671-2267-3834,IX 8k ALBALAT DE LA RIBERA,8KM,8000
cronorunner,XI 10K MONTSERRAT,2026-07-31,Viernes,10.0,road running,Absoluta/General,140.0,528.0,Montserrat,València / Valencia,Comunitat Valenciana,347-2229,347-2229-3812,XI 10K MONTSERRAT,10k,10000
cronorunner,XXIV VOLTA A PEU PEL XÚQUER - RIOLA (Chupetín 2022-2025),2026-07-25,Sábado,0.1,road running,Infantil,,,Riola,València / Valencia,Comunitat Valenciana,305-2170,305-2170-3766,XXIV VOLTA A PEU PEL XÚQUER - RIOLA,Chupetín 2022-2025,100
cronorunner,XXIV VOLTA A PEU PEL XÚQUER - RIOLA (Prebenjamín 2019-2021),2026-07-25,Sábado,0.25,road running,Infantil,,,Riola,València / Valencia,Comunitat Valenciana,305-2170,305-2170-3767,XXIV VOLTA A PEU PEL XÚQUER - RIOLA,Prebenjamín 2019-2021,250
cronorunner,XXIV VOLTA A PEU PEL XÚQUER - RIOLA (Benjamín 2017-2018),2026-07-25,Sábado,0.55,road running,Infantil,,,Riola,València / Valencia,Comunitat Valenciana,305-2170,305-2170-3768,XXIV VOLTA A PEU PEL XÚQUER - RIOLA,Benjamín 2017-2018,550
cronorunner,XXIV VOLTA A PEU PEL XÚQUER - RIOLA (Alevín 2015-2016),2026-07-25,Sábado,0.8,road running,Infantil,,,Riola,València / Valencia,Comunitat Valenciana,305-2170,305-2170-3769,XXIV VOLTA A PEU PEL XÚQUER - RIOLA,Alevín 2015-2016,800
cronorunner,XXIV VOLTA A PEU PEL XÚQUER - RIOLA (Infantil 2013-2014),2026-07-25,Sábado,1.2,road running,Infantil,,,Riola,València / Valencia,Comunitat Valenciana,305-2170,305-2170-3770,XXIV VOLTA A PEU PEL XÚQUER - RIOLA,Infantil 2013-2014,1200
cronorunner,XXIV VOLTA A PEU PEL XÚQUER - RIOLA (Cadet 2009-2012),2026-07-25,Sábado,1.8,road running,Infantil,,,Riola,València / Valencia,Comunitat Valenciana,305-2170,305-2170-3771,XXIV VOLTA A PEU PEL XÚQUER - RIOLA,Cadet 2009-2012,1800
cronorunner,XXIV VOLTA A PEU PEL XÚQUER - RIOLA (8K),2026-07-25,Sábado,8.0,road running,Absoluta/General,259.0,554.0,Riola,València / Valencia,Comunitat Valenciana,305-2170,305-2170-3577,XXIV VOLTA A PEU PEL XÚQUER - RIOLA,8K,8000
cronorunner,XXIV VOLTA A PEU PEL XÚQUER - RIOLA (Compra Obsequios (No corro)),2026-07-25,Sábado,0.0,road running,Absoluta/General,,,Riola,València / Valencia,Comunitat Valenciana,305-2170,305-2170-3772,XXIV VOLTA A PEU PEL XÚQUER - RIOLA,Compra Obsequios (No corro),0
cronorunner,XXIV VOLTA A PEU PEL XÚQUER - RIOLA (Marcha),2026-07-25,Sábado,5.5,marcha,Absoluta/General,,,Riola,València / Valencia,Comunitat Valenciana,305-2170,305-2170-3774,XXIV VOLTA A PEU PEL XÚQUER - RIOLA,Marcha,5500
cronorunner,10K L'ELIANA (Sub6),2026-07-25,Sábado,0.0,road running,Absoluta/General,,,l'Eliana,València / Valencia,Comunitat Valenciana,667-2237,667-2237-3842,10K L'ELIANA,Sub6,0
cronorunner,10K L'ELIANA (Sub8),2026-07-25,Sábado,0.0,road running,Absoluta/General,,,l'Eliana,València / Valencia,Comunitat Valenciana,667-2237,667-2237-3843,10K L'ELIANA,Sub8,0
cronorunner,10K L'ELIANA (Sub10),2026-07-25,Sábado,0.0,road running,Absoluta/General,,,l'Eliana,València / Valencia,Comunitat Valenciana,667-2237,667-2237-3844,10K L'ELIANA,Sub10,0
cronorunner,10K L'ELIANA (Sub12),2026-07-25,Sábado,0.0,road running,Absoluta/General,,,l'Eliana,València / Valencia,Comunitat Valenciana,667-2237,667-2237-3845,10K L'ELIANA,Sub12,0
cronorunner,10K L'ELIANA (Sub14/16),2026-07-25,Sábado,0.0,road running,Absoluta/General,,,l'Eliana,València / Valencia,Comunitat Valenciana,667-2237,667-2237-3846,10K L'ELIANA,Sub14/16,0
cronorunner,10K L'ELIANA (Lista espera (inscripción dia de la carrera sin chip)),2026-07-25,Sábado,10.0,road running,Absoluta/General,,,l'Eliana,València / Valencia,Comunitat Valenciana,667-2237,667-2237-3879,10K L'ELIANA,Lista espera (inscripción dia de la carrera sin chip),10000
cronorunner,10K L'ELIANA (10km (Prueba Puntuable para el circuito Camp de Túria 2026)),2026-07-25,Sábado,10.0,road running,Absoluta/General,181.0,465.0,l'Eliana,València / Valencia,Comunitat Valenciana,667-2237,667-2237-3680,10K L'ELIANA,10km (Prueba Puntuable para el circuito Camp de Túria 2026),10000
cronorunner,10K L'ELIANA (5km),2026-07-25,Sábado,5.0,road running,Absoluta/General,118.0,105.0,l'Eliana,València / Valencia,Comunitat Valenciana,667-2237,667-2237-3841,10K L'ELIANA,5km,5000
cronorunner,XXVIII VOLTA A PEU LLAURÍ,2026-07-24,Viernes,8.0,road running,Absoluta/General,63.0,241.0,Llaurí,València / Valencia,Comunitat Valenciana,395-2174,395-2174-3590,XXVIII VOLTA A PEU LLAURÍ,8k,8000
cronorunner,XIV 10K SENSE LÍMITS ALDAIA,2026-07-18,Sábado,10.0,road running,Absoluta/General,213.0,739.0,Aldaia,l'Horta Sud,Comunitat Valenciana,265-2196,265-2196-3802,XIV 10K SENSE LÍMITS ALDAIA,10km,10000
cronorunner,XII VOLTA A PEU JOANOT PRESÈNCIA POLINYÀ DE XÚQUER (Aguiluchos 2026/2025),2026-07-17,Viernes,0.05,road running,Absoluta/General,,,Polinyà de Xúquer,València / Valencia,Comunitat Valenciana,160-2220,160-2220-3804,XII VOLTA A PEU JOANOT PRESÈNCIA POLINYÀ DE XÚQUER,Aguiluchos 2026/2025,50
cronorunner,XII VOLTA A PEU JOANOT PRESÈNCIA POLINYÀ DE XÚQUER (Chupetines 2022-2023),2026-07-17,Viernes,0.1,road running,Infantil,,,Polinyà de Xúquer,València / Valencia,Comunitat Valenciana,160-2220,160-2220-3805,XII VOLTA A PEU JOANOT PRESÈNCIA POLINYÀ DE XÚQUER,Chupetines 2022-2023,100
cronorunner,XII VOLTA A PEU JOANOT PRESÈNCIA POLINYÀ DE XÚQUER (Prebenjamines 2019-2021),2026-07-17,Viernes,0.25,road running,Infantil,,,Polinyà de Xúquer,València / Valencia,Comunitat Valenciana,160-2220,160-2220-3806,XII VOLTA A PEU JOANOT PRESÈNCIA POLINYÀ DE XÚQUER,Prebenjamines 2019-2021,250
cronorunner,XII VOLTA A PEU JOANOT PRESÈNCIA POLINYÀ DE XÚQUER (Benjamines 2017-2018),2026-07-17,Viernes,0.35,road running,Infantil,,,Polinyà de Xúquer,València / Valencia,Comunitat Valenciana,160-2220,160-2220-3807,XII VOLTA A PEU JOANOT PRESÈNCIA POLINYÀ DE XÚQUER,Benjamines 2017-2018,350
cronorunner,XII VOLTA A PEU JOANOT PRESÈNCIA POLINYÀ DE XÚQUER (Alevines 2015-2016),2026-07-17,Viernes,0.8,road running,Infantil,,,Polinyà de Xúquer,València / Valencia,Comunitat Valenciana,160-2220,160-2220-3808,XII VOLTA A PEU JOANOT PRESÈNCIA POLINYÀ DE XÚQUER,Alevines 2015-2016,800
cronorunner,XII VOLTA A PEU JOANOT PRESÈNCIA POLINYÀ DE XÚQUER (Infantiles 2013-2014),2026-07-17,Viernes,1.3,road running,Infantil,,,Polinyà de Xúquer,València / Valencia,Comunitat Valenciana,160-2220,160-2220-3809,XII VOLTA A PEU JOANOT PRESÈNCIA POLINYÀ DE XÚQUER,Infantiles 2013-2014,1300
cronorunner,XII VOLTA A PEU JOANOT PRESÈNCIA POLINYÀ DE XÚQUER (Cadets 2009-2012),2026-07-17,Viernes,1.8,road running,Infantil,,,Polinyà de Xúquer,València / Valencia,Comunitat Valenciana,160-2220,160-2220-3810,XII VOLTA A PEU JOANOT PRESÈNCIA POLINYÀ DE XÚQUER,Cadets 2009-2012,1800
cronorunner,XII VOLTA A PEU JOANOT PRESÈNCIA POLINYÀ DE XÚQUER (8KM),2026-07-17,Viernes,8.0,road running,Absoluta/General,61.0,243.0,Polinyà de Xúquer,València / Valencia,Comunitat Valenciana,160-2220,160-2220-3803,XII VOLTA A PEU JOANOT PRESÈNCIA POLINYÀ DE XÚQUER,8KM,8000
cronorunner,XXXIX VOLTA A PEU SOLLANA (Compra Camiseta (NO CORRO)),2026-07-11,Sábado,0.0,road running,Absoluta/General,,,Sollana,València / Valencia,Comunitat Valenciana,344-2169,344-2169-3796,XXXIX VOLTA A PEU SOLLANA,Compra Camiseta (NO CORRO),0
cronorunner,XXXIX VOLTA A PEU SOLLANA (Xupetins (2022-2024)),2026-07-11,Sábado,0.2,road running,Absoluta/General,,,Sollana,València / Valencia,Comunitat Valenciana,344-2169,344-2169-3784,XXXIX VOLTA A PEU SOLLANA,Xupetins (2022-2024),200
cronorunner,XXXIX VOLTA A PEU SOLLANA (Prebenjamins (2019-2021)),2026-07-11,Sábado,0.4,road running,Infantil,,,Sollana,València / Valencia,Comunitat Valenciana,344-2169,344-2169-3785,XXXIX VOLTA A PEU SOLLANA,Prebenjamins (2019-2021),400
cronorunner,XXXIX VOLTA A PEU SOLLANA (Benjamins (2017-2018)),2026-07-11,Sábado,0.8,road running,Infantil,,,Sollana,València / Valencia,Comunitat Valenciana,344-2169,344-2169-3786,XXXIX VOLTA A PEU SOLLANA,Benjamins (2017-2018),800
cronorunner,XXXIX VOLTA A PEU SOLLANA (Alevins (2015-2016)),2026-07-11,Sábado,0.8,road running,Infantil,,,Sollana,València / Valencia,Comunitat Valenciana,344-2169,344-2169-3787,XXXIX VOLTA A PEU SOLLANA,Alevins (2015-2016),800
cronorunner,XXXIX VOLTA A PEU SOLLANA (Infantil (2013-2014)),2026-07-11,Sábado,1.6,road running,Infantil,,,Sollana,València / Valencia,Comunitat Valenciana,344-2169,344-2169-3788,XXXIX VOLTA A PEU SOLLANA,Infantil (2013-2014),1600
cronorunner,XXXIX VOLTA A PEU SOLLANA (Cadets (2009-2012)),2026-07-11,Sábado,2.5,road running,Infantil,,,Sollana,València / Valencia,Comunitat Valenciana,344-2169,344-2169-3789,XXXIX VOLTA A PEU SOLLANA,Cadets (2009-2012),2500
cronorunner,XXXIX VOLTA A PEU SOLLANA (8K),2026-07-11,Sábado,8.0,road running,Absoluta/General,103.0,367.0,Sollana,València / Valencia,Comunitat Valenciana,344-2169,344-2169-3576,XXXIX VOLTA A PEU SOLLANA,8K,8000
cronorunner,VI TRAIL NOCTURNO DE CULLERA,2026-07-11,Sábado,11.4,trail running,Absoluta/General,70.0,319.0,Cullera,València / Valencia,Comunitat Valenciana,542-2258,542-2258-3773,VI TRAIL NOCTURNO DE CULLERA,"11,4KM",11400
cronorunner,XXXIX VOLTA A PEU NOCTURNA A LA POBLA DE VALLBONA (Minibenjamin (2021 y posteriores)),2026-07-10,Viernes,0.05,road running,Infantil,,,la Pobla de Vallbona,València / Valencia,Comunitat Valenciana,450-2210,450-2210-3835,XXXIX VOLTA A PEU NOCTURNA A LA POBLA DE VALLBONA,Minibenjamin (2021 y posteriores),50
cronorunner,XXXIX VOLTA A PEU NOCTURNA A LA POBLA DE VALLBONA (Prebenjamin (2019/2020)),2026-07-10,Viernes,0.1,road running,Infantil,,,la Pobla de Vallbona,València / Valencia,Comunitat Valenciana,450-2210,450-2210-3836,XXXIX VOLTA A PEU NOCTURNA A LA POBLA DE VALLBONA,Prebenjamin (2019/2020),100
cronorunner,XXXIX VOLTA A PEU NOCTURNA A LA POBLA DE VALLBONA (Benjamin (2017/2018)),2026-07-10,Viernes,0.2,road running,Infantil,,,la Pobla de Vallbona,València / Valencia,Comunitat Valenciana,450-2210,450-2210-3837,XXXIX VOLTA A PEU NOCTURNA A LA POBLA DE VALLBONA,Benjamin (2017/2018),200
cronorunner,XXXIX VOLTA A PEU NOCTURNA A LA POBLA DE VALLBONA (Alevins (2015/2016)),2026-07-10,Viernes,0.35,road running,Infantil,,,la Pobla de Vallbona,València / Valencia,Comunitat Valenciana,450-2210,450-2210-3838,XXXIX VOLTA A PEU NOCTURNA A LA POBLA DE VALLBONA,Alevins (2015/2016),350
cronorunner,XXXIX VOLTA A PEU NOCTURNA A LA POBLA DE VALLBONA (Infantils (2013/2014)),2026-07-10,Viernes,0.9,road running,Infantil,,,la Pobla de Vallbona,València / Valencia,Comunitat Valenciana,450-2210,450-2210-3839,XXXIX VOLTA A PEU NOCTURNA A LA POBLA DE VALLBONA,Infantils (2013/2014),900
cronorunner,XXXIX VOLTA A PEU NOCTURNA A LA POBLA DE VALLBONA (Cadets (2011/2012)),2026-07-10,Viernes,1.35,road running,Infantil,,,la Pobla de Vallbona,València / Valencia,Comunitat Valenciana,450-2210,450-2210-3840,XXXIX VOLTA A PEU NOCTURNA A LA POBLA DE VALLBONA,Cadets (2011/2012),1350
cronorunner,XXXIX VOLTA A PEU NOCTURNA A LA POBLA DE VALLBONA (5km),2026-07-10,Viernes,5.0,road running,Absoluta/General,224.0,430.0,la Pobla de Vallbona,València / Valencia,Comunitat Valenciana,450-2210,450-2210-3692,XXXIX VOLTA A PEU NOCTURNA A LA POBLA DE VALLBONA,5km,5000
cronorunner,XVII VOLTA A PEU MARENY DE BARRAQUETES,2026-07-04,Sábado,7.0,road running,Absoluta/General,115.0,253.0,Sueca,València / Valencia,Comunitat Valenciana,304-2173,304-2173-3589,XVII VOLTA A PEU MARENY DE BARRAQUETES,7k,7000
cronorunner,XII 5K ALBALAT DELS SORELLS (Compra Camiseta (No Corro)),2026-07-04,Sábado,0.0,road running,Absoluta/General,,,Albalat dels Sorells,l'Horta Nord,Comunitat Valenciana,597-2183,597-2183-3811,XII 5K ALBALAT DELS SORELLS,Compra Camiseta (No Corro),0
cronorunner,XII 5K ALBALAT DELS SORELLS (Compra Bocadillo (No corro)),2026-07-04,Sábado,0.0,road running,Absoluta/General,,,Albalat dels Sorells,l'Horta Nord,Comunitat Valenciana,597-2183,597-2183-3816,XII 5K ALBALAT DELS SORELLS,Compra Bocadillo (No corro),0
cronorunner,XII 5K ALBALAT DELS SORELLS (MENORES),2026-07-04,Sábado,0.0,road running,Infantil,13.0,20.0,Albalat dels Sorells,l'Horta Nord,Comunitat Valenciana,597-2183,597-2183-3860,XII 5K ALBALAT DELS SORELLS,MENORES,0
cronorunner,XII 5K ALBALAT DELS SORELLS (5k),2026-07-04,Sábado,5.0,road running,Absoluta/General,175.0,462.0,Albalat dels Sorells,l'Horta Nord,Comunitat Valenciana,597-2183,597-2183-3601,XII 5K ALBALAT DELS SORELLS,5k,5000
cronorunner,XXXIV VOLTA A PEU ALBAL (Chupetins 2021 i posteriors),2026-07-04,Sábado,0.1,road running,Infantil,,,Albal,l'Horta Sud,Comunitat Valenciana,324-2200,324-2200-3777,XXXIV VOLTA A PEU ALBAL,Chupetins 2021 i posteriors,100
cronorunner,XXXIV VOLTA A PEU ALBAL (Prebenjamins 2019-2020),2026-07-04,Sábado,0.3,road running,Infantil,,,Albal,l'Horta Sud,Comunitat Valenciana,324-2200,324-2200-3778,XXXIV VOLTA A PEU ALBAL,Prebenjamins 2019-2020,300
cronorunner,XXXIV VOLTA A PEU ALBAL (Benjamins 2017-2018),2026-07-04,Sábado,0.5,road running,Infantil,,,Albal,l'Horta Sud,Comunitat Valenciana,324-2200,324-2200-3779,XXXIV VOLTA A PEU ALBAL,Benjamins 2017-2018,500
cronorunner,XXXIV VOLTA A PEU ALBAL (Alevins 2015-2016),2026-07-04,Sábado,1.0,road running,Infantil,,,Albal,l'Horta Sud,Comunitat Valenciana,324-2200,324-2200-3780,XXXIV VOLTA A PEU ALBAL,Alevins 2015-2016,1000
cronorunner,XXXIV VOLTA A PEU ALBAL (Infantils 2013-2014),2026-07-04,Sábado,1.1,road running,Infantil,,,Albal,l'Horta Sud,Comunitat Valenciana,324-2200,324-2200-3781,XXXIV VOLTA A PEU ALBAL,Infantils 2013-2014,1100
cronorunner,XXXIV VOLTA A PEU ALBAL (Cadets 2011-2012),2026-07-04,Sábado,2.1,road running,Infantil,,,Albal,l'Horta Sud,Comunitat Valenciana,324-2200,324-2200-3782,XXXIV VOLTA A PEU ALBAL,Cadets 2011-2012,2100
cronorunner,XXXIV VOLTA A PEU ALBAL (10k),2026-07-04,Sábado,10.0,road running,Absoluta/General,48.0,236.0,Albal,l'Horta Sud,Comunitat Valenciana,324-2200,324-2200-3775,XXXIV VOLTA A PEU ALBAL,10k,10000
cronorunner,XXXIV VOLTA A PEU ALBAL (5km),2026-07-04,Sábado,5.0,road running,Absoluta/General,50.0,62.0,Albal,l'Horta Sud,Comunitat Valenciana,324-2200,324-2200-3776,XXXIV VOLTA A PEU ALBAL,5km,5000
cronorunner,XXXII LEGUA URBANA CIUTAT DE TORRENT,2026-07-03,Viernes,5.572,road running,Absoluta/General,157.0,313.0,Torrent,l'Horta Sud,Comunitat Valenciana,266-2202,266-2202-3824,XXXII LEGUA URBANA CIUTAT DE TORRENT,Legua Urbana,5572
cronorunner,XXXII VOLTA A PEU A GUADASSUAR (Querubins 2023-2026),2026-07-02,Jueves,0.05,road running,Absoluta/General,,,Guadassuar,València / Valencia,Comunitat Valenciana,561-2257,561-2257-3818,XXXII VOLTA A PEU A GUADASSUAR,Querubins 2023-2026,50
cronorunner,XXXII VOLTA A PEU A GUADASSUAR (Xupetins 2021-2022),2026-07-02,Jueves,0.075,road running,Absoluta/General,,,Guadassuar,València / Valencia,Comunitat Valenciana,561-2257,561-2257-3819,XXXII VOLTA A PEU A GUADASSUAR,Xupetins 2021-2022,75
cronorunner,XXXII VOLTA A PEU A GUADASSUAR (Prebenjamins 2019-2020),2026-07-02,Jueves,0.25,road running,Infantil,,,Guadassuar,València / Valencia,Comunitat Valenciana,561-2257,561-2257-3820,XXXII VOLTA A PEU A GUADASSUAR,Prebenjamins 2019-2020,250
cronorunner,XXXII VOLTA A PEU A GUADASSUAR (Benjamins 2017-2018),2026-07-02,Jueves,0.45,road running,Infantil,11.0,13.0,Guadassuar,València / Valencia,Comunitat Valenciana,561-2257,561-2257-3821,XXXII VOLTA A PEU A GUADASSUAR,Benjamins 2017-2018,450
cronorunner,XXXII VOLTA A PEU A GUADASSUAR (Alevins 2015-216),2026-07-02,Jueves,0.75,road running,Infantil,9.0,22.0,Guadassuar,València / Valencia,Comunitat Valenciana,561-2257,561-2257-3822,XXXII VOLTA A PEU A GUADASSUAR,Alevins 2015-216,750
cronorunner,XXXII VOLTA A PEU A GUADASSUAR (Infantils 2013-2014),2026-07-02,Jueves,1.2,road running,Infantil,9.0,5.0,Guadassuar,València / Valencia,Comunitat Valenciana,561-2257,561-2257-3823,XXXII VOLTA A PEU A GUADASSUAR,Infantils 2013-2014,1200
cronorunner,XXXII VOLTA A PEU A GUADASSUAR (8KM),2026-07-02,Jueves,8.0,road running,Absoluta/General,185.0,547.0,Guadassuar,València / Valencia,Comunitat Valenciana,561-2257,561-2257-3817,XXXII VOLTA A PEU A GUADASSUAR,8KM,8000
cronorunner,VIII CARRERA INFANTIL CAIXA RURAL TORRENT A PICANYA (Alevín (2015-2014)),2026-07-01,Miércoles,0.85,road running,Infantil,,,Picanya,l'Horta Sud,Comunitat Valenciana,457-2263,457-2263-3833,VIII CARRERA INFANTIL CAIXA RURAL TORRENT A PICANYA,Alevín (2015-2014),850
cronorunner,VIII CARRERA INFANTIL CAIXA RURAL TORRENT A PICANYA (Benjamín (2017-2016)),2026-07-01,Miércoles,0.54,road running,Infantil,,,Picanya,l'Horta Sud,Comunitat Valenciana,457-2263,457-2263-3832,VIII CARRERA INFANTIL CAIXA RURAL TORRENT A PICANYA,Benjamín (2017-2016),540
cronorunner,VIII CARRERA INFANTIL CAIXA RURAL TORRENT A PICANYA (Prebenjamín (2019-2018)),2026-07-01,Miércoles,0.41,road running,Infantil,,,Picanya,l'Horta Sud,Comunitat Valenciana,457-2263,457-2263-3831,VIII CARRERA INFANTIL CAIXA RURAL TORRENT A PICANYA,Prebenjamín (2019-2018),410
cronorunner,VIII CARRERA INFANTIL CAIXA RURAL TORRENT A PICANYA (Querubín (2021-2020)),2026-07-01,Miércoles,0.2,road running,Infantil,,,Picanya,l'Horta Sud,Comunitat Valenciana,457-2263,457-2263-3830,VIII CARRERA INFANTIL CAIXA RURAL TORRENT A PICANYA,Querubín (2021-2020),200
cronorunner,XXII VOLTA A PEU NOCTURNA RIBA-ROJA DE TURIA (III TRAIL NOCTURNO RIBA-ROJA (No puntuable para el circuito Camp de Túria)),2026-06-26,Viernes,8.6,trail running,Absoluta/General,61.0,193.0,Riba-roja de Túria,València / Valencia,Comunitat Valenciana,261-2209,261-2209-3765,XXII VOLTA A PEU NOCTURNA RIBA-ROJA DE TURIA,III TRAIL NOCTURNO RIBA-ROJA (No puntuable para el circuito Camp de Túria),8600
cronorunner,XXII VOLTA A PEU NOCTURNA RIBA-ROJA DE TURIA (7KM),2026-06-26,Viernes,7.0,road running,Absoluta/General,167.0,424.0,Riba-roja de Túria,València / Valencia,Comunitat Valenciana,261-2209,261-2209-3691,XXII VOLTA A PEU NOCTURNA RIBA-ROJA DE TURIA,7KM,7000
cronorunner,XXXVII VOLTA A PEU ALMUSSAFES (8k),2026-06-20,Sábado,8.0,road running,Absoluta/General,143.0,426.0,Almussafes,València / Valencia,Comunitat Valenciana,614-2168,614-2168-3575,XXXVII VOLTA A PEU ALMUSSAFES,8k,8000
cronorunner,XXXVII VOLTA A PEU ALMUSSAFES (Chupetins (2021-2026)),2026-06-20,Sábado,0.1,road running,Infantil,,,Almussafes,València / Valencia,Comunitat Valenciana,614-2168,614-2168-3652,XXXVII VOLTA A PEU ALMUSSAFES,Chupetins (2021-2026),100
cronorunner,XXXVII VOLTA A PEU ALMUSSAFES (Prebenjamí 2019/2020 (sub8)),2026-06-20,Sábado,0.3,road running,Infantil,,,Almussafes,València / Valencia,Comunitat Valenciana,614-2168,614-2168-3653,XXXVII VOLTA A PEU ALMUSSAFES,Prebenjamí 2019/2020 (sub8),300
cronorunner,XXXVII VOLTA A PEU ALMUSSAFES (Aleví 2015/2016 (sub12)),2026-06-20,Sábado,1.0,road running,Absoluta/General,,,Almussafes,València / Valencia,Comunitat Valenciana,614-2168,614-2168-3654,XXXVII VOLTA A PEU ALMUSSAFES,Aleví 2015/2016 (sub12),1000
cronorunner,XXXVII VOLTA A PEU ALMUSSAFES (Infantil (sub14) 2013-2014),2026-06-20,Sábado,1.1,road running,Infantil,,,Almussafes,València / Valencia,Comunitat Valenciana,614-2168,614-2168-3655,XXXVII VOLTA A PEU ALMUSSAFES,Infantil (sub14) 2013-2014,1100
cronorunner,XXXVII VOLTA A PEU ALMUSSAFES (Cadet (sub16) 2011-2012),2026-06-20,Sábado,1.5,road running,Infantil,,,Almussafes,València / Valencia,Comunitat Valenciana,614-2168,614-2168-3656,XXXVII VOLTA A PEU ALMUSSAFES,Cadet (sub16) 2011-2012,1500
cronorunner,XXXVII VOLTA A PEU ALMUSSAFES (Benjamí (sub10) 2017/2018),2026-06-20,Sábado,0.5,road running,Infantil,,,Almussafes,València / Valencia,Comunitat Valenciana,614-2168,614-2168-3657,XXXVII VOLTA A PEU ALMUSSAFES,Benjamí (sub10) 2017/2018,500
cronorunner,XIV TRAIL CHULILLA,2026-06-20,Sábado,11.0,trail running,Absoluta/General,130.0,264.0,Chulilla,La Serranía,Comunitat Valenciana,644-2234,644-2234-3847,XIV TRAIL CHULILLA,11k,11000
cronorunner,II VOLTA A PEU EL PERELLÓ,2026-06-14,Domingo,8.0,road running,Absoluta/General,255.0,592.0,el Perelló,Baix Ebre,Tarragona,365-2167,365-2167-3574,II VOLTA A PEU EL PERELLÓ,8K,8000
cronorunner,VI 6k solidaria Massalfassar (MENORES),2026-06-14,Domingo,6.0,road running,Infantil,10.0,11.0,Massalfassar,l'Horta Nord,Comunitat Valenciana,609-2182,609-2182-3826,VI 6k solidaria Massalfassar,MENORES,6000
cronorunner,VI 6k solidaria Massalfassar (6k),2026-06-14,Domingo,6.0,road running,Absoluta/General,130.0,292.0,Massalfassar,l'Horta Nord,Comunitat Valenciana,609-2182,609-2182-3600,VI 6k solidaria Massalfassar,6k,6000
cronorunner,XII VOLTA A PEU A SANT JOANET (Compra Camiseta (NO CORRO)),2026-06-13,Sábado,0.0,road running,Absoluta/General,,,Sant Joanet,València / Valencia,Comunitat Valenciana,302-2162,302-2162-3798,XII VOLTA A PEU A SANT JOANET,Compra Camiseta (NO CORRO),0
cronorunner,XII VOLTA A PEU A SANT JOANET (6k),2026-06-13,Sábado,6.0,road running,Absoluta/General,120.0,295.0,Sant Joanet,València / Valencia,Comunitat Valenciana,302-2162,302-2162-3588,XII VOLTA A PEU A SANT JOANET,6k,6000
cronorunner,37 VOLTA A PEU FIBRA VALENCIA VILA D'ALAQUAS,2026-06-13,Sábado,7.3,road running,Absoluta/General,173.0,413.0,Alaquàs,l'Horta Sud,Comunitat Valenciana,323-2199,323-2199-3731,37 VOLTA A PEU FIBRA VALENCIA VILA D'ALAQUAS,7KM,7300
cronorunner,Carrera per la Dona 2026 - Quart de Poblet (5km),2026-06-13,Sábado,5.0,road running,Absoluta/General,95.0,57.0,Quart de Poblet,l'Horta Sud,Comunitat Valenciana,650-2260,650-2260-3800,Carrera per la Dona 2026 - Quart de Poblet,5km,5000
cronorunner,Carrera per la Dona 2026 - Quart de Poblet (Marcha No competitiva),2026-06-13,Sábado,1.8,marcha,Absoluta/General,,,Quart de Poblet,l'Horta Sud,Comunitat Valenciana,650-2260,650-2260-3801,Carrera per la Dona 2026 - Quart de Poblet,Marcha No competitiva,1800
cronorunner,II VOLTA A PEU CIUTAT DE LLÍRIA (Compra Camiseta (Sin dorsal - SOLO para los inscritos a todo el circuito)),2026-06-06,Sábado,0.0,road running,Absoluta/General,,,Llíria,València / Valencia,Comunitat Valenciana,658-2224,658-2224-3732,II VOLTA A PEU CIUTAT DE LLÍRIA,Compra Camiseta (Sin dorsal - SOLO para los inscritos a todo el circuito),0
cronorunner,II VOLTA A PEU CIUTAT DE LLÍRIA (6KM),2026-06-06,Sábado,6.0,road running,Absoluta/General,98.0,224.0,Llíria,València / Valencia,Comunitat Valenciana,658-2224,658-2224-3689,II VOLTA A PEU CIUTAT DE LLÍRIA,6KM,6000
cronorunner,VII 7K SALADAR-SILLA (Chupetines (2021-2026)),2026-06-06,Sábado,0.0,road running,Infantil,,,Silla,l'Horta Sud,Comunitat Valenciana,456-2230,456-2230-3754,VII 7K SALADAR-SILLA,Chupetines (2021-2026),0
cronorunner,VII 7K SALADAR-SILLA (Prebenjamin (sub 8) 2019-2020),2026-06-06,Sábado,0.0,road running,Infantil,,,Silla,l'Horta Sud,Comunitat Valenciana,456-2230,456-2230-3755,VII 7K SALADAR-SILLA,Prebenjamin (sub 8) 2019-2020,0
cronorunner,VII 7K SALADAR-SILLA (Benjamin (sub 10) 2017-2018),2026-06-06,Sábado,0.0,road running,Infantil,,,Silla,l'Horta Sud,Comunitat Valenciana,456-2230,456-2230-3756,VII 7K SALADAR-SILLA,Benjamin (sub 10) 2017-2018,0
cronorunner,VII 7K SALADAR-SILLA (Alevín (sub 12) 2015-2016),2026-06-06,Sábado,0.0,road running,Infantil,,,Silla,l'Horta Sud,Comunitat Valenciana,456-2230,456-2230-3757,VII 7K SALADAR-SILLA,Alevín (sub 12) 2015-2016,0
cronorunner,VII 7K SALADAR-SILLA (7k),2026-06-06,Sábado,7.0,road running,Absoluta/General,34.0,99.0,Silla,l'Horta Sud,Comunitat Valenciana,456-2230,456-2230-3715,VII 7K SALADAR-SILLA,7k,7000
cronorunner,XLI VOLTA A PEU SANT ONOFRE D'ALGEMESÍ (Prebenjamins (4 a 7 anys)),2026-06-06,Sábado,0.08,road running,Infantil,,,Algemesí,València / Valencia,Comunitat Valenciana,301-2233,301-2233-3675,XLI VOLTA A PEU SANT ONOFRE D'ALGEMESÍ,Prebenjamins (4 a 7 anys),80
cronorunner,XLI VOLTA A PEU SANT ONOFRE D'ALGEMESÍ (Benjamins (8 a 9 anys)),2026-06-06,Sábado,0.5,road running,Infantil,,,Algemesí,València / Valencia,Comunitat Valenciana,301-2233,301-2233-3676,XLI VOLTA A PEU SANT ONOFRE D'ALGEMESÍ,Benjamins (8 a 9 anys),500
cronorunner,XLI VOLTA A PEU SANT ONOFRE D'ALGEMESÍ (Alevins (10 a 11 anys)),2026-06-06,Sábado,1.0,road running,Infantil,,,Algemesí,València / Valencia,Comunitat Valenciana,301-2233,301-2233-3677,XLI VOLTA A PEU SANT ONOFRE D'ALGEMESÍ,Alevins (10 a 11 anys),1000
cronorunner,XLI VOLTA A PEU SANT ONOFRE D'ALGEMESÍ (Infantils (12 a 13 anys)),2026-06-06,Sábado,1.5,road running,Infantil,,,Algemesí,València / Valencia,Comunitat Valenciana,301-2233,301-2233-3678,XLI VOLTA A PEU SANT ONOFRE D'ALGEMESÍ,Infantils (12 a 13 anys),1500
cronorunner,XLI VOLTA A PEU SANT ONOFRE D'ALGEMESÍ (Cadets (14 a 17 anys)),2026-06-06,Sábado,1.5,road running,Infantil,,,Algemesí,València / Valencia,Comunitat Valenciana,301-2233,301-2233-3679,XLI VOLTA A PEU SANT ONOFRE D'ALGEMESÍ,Cadets (14 a 17 anys),1500
cronorunner,XLI VOLTA A PEU SANT ONOFRE D'ALGEMESÍ (10km),2026-06-06,Sábado,10.0,road running,Absoluta/General,91.0,314.0,Algemesí,València / Valencia,Comunitat Valenciana,301-2233,301-2233-3674,XLI VOLTA A PEU SANT ONOFRE D'ALGEMESÍ,10km,10000
cronorunner,Como aprovechar el GPS para entrenar - Club Atletisme Vila d'Alaquàs,2026-06-03,Miércoles,0.0,road running,Absoluta/General,,,Alaquàs,l'Horta Sud,Comunitat Valenciana,670-2255,670-2255-3764,Como aprovechar el GPS para entrenar - Club Atletisme Vila d'Alaquàs,Inscripción a la Charla,0
cronorunner,"III Carrera Solidaria “Ruta 091” de Valencia (Dorsal 0 (Colaboro, no corro))",2026-05-30,Sábado,0.0,road running,Absoluta/General,,,València,Comarca de València,Comunitat Valenciana,638-2219,638-2219-3714,III Carrera Solidaria “Ruta 091” de Valencia,"Dorsal 0 (Colaboro, no corro)",0
cronorunner,"III Carrera Solidaria “Ruta 091” de Valencia (5,2km)",2026-05-30,Sábado,5.2,road running,Absoluta/General,653.0,806.0,València,Comarca de València,Comunitat Valenciana,638-2219,638-2219-3707,III Carrera Solidaria “Ruta 091” de Valencia,"5,2km",5200
cronorunner,III Carrera Solidaria “Ruta 091” de Valencia (Modalidad Inclusiva),2026-05-30,Sábado,5.2,road running,Absoluta/General,,,València,Comarca de València,Comunitat Valenciana,638-2219,638-2219-3713,III Carrera Solidaria “Ruta 091” de Valencia,Modalidad Inclusiva,5200
cronorunner,III Carrera Solidaria “Ruta 091” de Valencia (nacidos 2019 y posteriores),2026-05-30,Sábado,0.05,road running,Absoluta/General,,,València,Comarca de València,Comunitat Valenciana,638-2219,638-2219-3708,III Carrera Solidaria “Ruta 091” de Valencia,nacidos 2019 y posteriores,50
cronorunner,III Carrera Solidaria “Ruta 091” de Valencia (de 2017 a 2018),2026-05-30,Sábado,0.1,road running,Absoluta/General,,,València,Comarca de València,Comunitat Valenciana,638-2219,638-2219-3709,III Carrera Solidaria “Ruta 091” de Valencia,de 2017 a 2018,100
cronorunner,III Carrera Solidaria “Ruta 091” de Valencia (de 2015 a 2016),2026-05-30,Sábado,0.2,road running,Absoluta/General,,,València,Comarca de València,Comunitat Valenciana,638-2219,638-2219-3710,III Carrera Solidaria “Ruta 091” de Valencia,de 2015 a 2016,200
cronorunner,III Carrera Solidaria “Ruta 091” de Valencia (de 2013 a 2014),2026-05-30,Sábado,0.4,road running,Absoluta/General,,,València,Comarca de València,Comunitat Valenciana,638-2219,638-2219-3711,III Carrera Solidaria “Ruta 091” de Valencia,de 2013 a 2014,400
cronorunner,III Carrera Solidaria “Ruta 091” de Valencia (de 2011 a 2012),2026-05-30,Sábado,0.8,road running,Absoluta/General,,,València,Comarca de València,Comunitat Valenciana,638-2219,638-2219-3712,III Carrera Solidaria “Ruta 091” de Valencia,de 2011 a 2012,800
cronorunner,"XXXIII VOLTA A PEU BENETÚSSER (7,5km)",2026-05-24,Domingo,7.5,road running,Absoluta/General,71.0,192.0,Benetússer,l'Horta Sud,Comunitat Valenciana,443-2198,443-2198-3735,XXXIII VOLTA A PEU BENETÚSSER,"7,5km",7500
cronorunner,XXXIII VOLTA A PEU BENETÚSSER (SUB 5),2026-05-24,Domingo,0.33,road running,Absoluta/General,,,Benetússer,l'Horta Sud,Comunitat Valenciana,443-2198,443-2198-3736,XXXIII VOLTA A PEU BENETÚSSER,SUB 5,330
cronorunner,XXXIII VOLTA A PEU BENETÚSSER (Diversidad Funcional),2026-05-24,Domingo,0.33,road running,Absoluta/General,,,Benetússer,l'Horta Sud,Comunitat Valenciana,443-2198,443-2198-3743,XXXIII VOLTA A PEU BENETÚSSER,Diversidad Funcional,330
cronorunner,XXXIII VOLTA A PEU BENETÚSSER (SUB 8),2026-05-24,Domingo,0.55,road running,Absoluta/General,8.0,7.0,Benetússer,l'Horta Sud,Comunitat Valenciana,443-2198,443-2198-3737,XXXIII VOLTA A PEU BENETÚSSER,SUB 8,550
cronorunner,XXXIII VOLTA A PEU BENETÚSSER (SUB10),2026-05-24,Domingo,0.55,road running,Absoluta/General,13.0,9.0,Benetússer,l'Horta Sud,Comunitat Valenciana,443-2198,443-2198-3738,XXXIII VOLTA A PEU BENETÚSSER,SUB10,550
cronorunner,XXXIII VOLTA A PEU BENETÚSSER (SUB12),2026-05-24,Domingo,1.1,road running,Absoluta/General,7.0,13.0,Benetússer,l'Horta Sud,Comunitat Valenciana,443-2198,443-2198-3739,XXXIII VOLTA A PEU BENETÚSSER,SUB12,1100
cronorunner,XXXIII VOLTA A PEU BENETÚSSER (SUB14),2026-05-24,Domingo,1.65,road running,Absoluta/General,3.0,5.0,Benetússer,l'Horta Sud,Comunitat Valenciana,443-2198,443-2198-3740,XXXIII VOLTA A PEU BENETÚSSER,SUB14,1650
cronorunner,XXXIII VOLTA A PEU BENETÚSSER (SUB16),2026-05-24,Domingo,1.65,road running,Absoluta/General,2.0,1.0,Benetússer,l'Horta Sud,Comunitat Valenciana,443-2198,443-2198-3741,XXXIII VOLTA A PEU BENETÚSSER,SUB16,1650
cronorunner,XXXIII VOLTA A PEU BENETÚSSER (SUB18),2026-05-24,Domingo,2.15,road running,Absoluta/General,0.0,1.0,Benetússer,l'Horta Sud,Comunitat Valenciana,443-2198,443-2198-3742,XXXIII VOLTA A PEU BENETÚSSER,SUB18,2150
cronorunner,XI 10 KM CIUTAT DE TORRENT,2026-05-24,Domingo,10.0,road running,Absoluta/General,111.0,432.0,Torrent,l'Horta Sud,Comunitat Valenciana,222-2203,222-2203-3682,XI 10 KM CIUTAT DE TORRENT,10k,10000
cronorunner,XXX VOLTA A PEU ALBERIC (LA CARRERA DE LA MONA) (Chupetins (2021-2026)),2026-05-23,Sábado,0.1,road running,Infantil,,,Alberic,València / Valencia,Comunitat Valenciana,264-2161,264-2161-3758,XXX VOLTA A PEU ALBERIC (LA CARRERA DE LA MONA),Chupetins (2021-2026),100
cronorunner,XXX VOLTA A PEU ALBERIC (LA CARRERA DE LA MONA) (Prebenjamins (2019-2020)),2026-05-23,Sábado,0.3,road running,Infantil,,,Alberic,València / Valencia,Comunitat Valenciana,264-2161,264-2161-3759,XXX VOLTA A PEU ALBERIC (LA CARRERA DE LA MONA),Prebenjamins (2019-2020),300
cronorunner,XXX VOLTA A PEU ALBERIC (LA CARRERA DE LA MONA) (Benjamins (2017-2018)),2026-05-23,Sábado,0.5,road running,Infantil,17.0,18.0,Alberic,València / Valencia,Comunitat Valenciana,264-2161,264-2161-3760,XXX VOLTA A PEU ALBERIC (LA CARRERA DE LA MONA),Benjamins (2017-2018),500
cronorunner,XXX VOLTA A PEU ALBERIC (LA CARRERA DE LA MONA) (Alevins (2015-2016)),2026-05-23,Sábado,1.0,road running,Infantil,10.0,10.0,Alberic,València / Valencia,Comunitat Valenciana,264-2161,264-2161-3761,XXX VOLTA A PEU ALBERIC (LA CARRERA DE LA MONA),Alevins (2015-2016),1000
cronorunner,XXX VOLTA A PEU ALBERIC (LA CARRERA DE LA MONA) (Infantils (2013-2014)),2026-05-23,Sábado,1.5,road running,Infantil,10.0,9.0,Alberic,València / Valencia,Comunitat Valenciana,264-2161,264-2161-3762,XXX VOLTA A PEU ALBERIC (LA CARRERA DE LA MONA),Infantils (2013-2014),1500
cronorunner,XXX VOLTA A PEU ALBERIC (LA CARRERA DE LA MONA) (Cadets (2009-2012)),2026-05-23,Sábado,2.0,road running,Infantil,2.0,6.0,Alberic,València / Valencia,Comunitat Valenciana,264-2161,264-2161-3763,XXX VOLTA A PEU ALBERIC (LA CARRERA DE LA MONA),Cadets (2009-2012),2000
cronorunner,XXX VOLTA A PEU ALBERIC (LA CARRERA DE LA MONA) (8k),2026-05-23,Sábado,8.0,road running,Absoluta/General,111.0,283.0,Alberic,València / Valencia,Comunitat Valenciana,264-2161,264-2161-3587,XXX VOLTA A PEU ALBERIC (LA CARRERA DE LA MONA),8k,8000
cronorunner,IV 5k POBLA DE FARNALS (Chupetín (2022-23-24-25)),2026-05-23,Sábado,0.1,road running,Infantil,,,Pontós,Alt Empordà,Catalunya,629-2181,629-2181-3749,IV 5k POBLA DE FARNALS,Chupetín (2022-23-24-25),100
cronorunner,IV 5k POBLA DE FARNALS (Prebenjamín (2021-20)),2026-05-23,Sábado,0.2,road running,Infantil,,,Pontós,Alt Empordà,Catalunya,629-2181,629-2181-3750,IV 5k POBLA DE FARNALS,Prebenjamín (2021-20),200
cronorunner,IV 5k POBLA DE FARNALS (Benjamín (2019- 18)),2026-05-23,Sábado,0.4,road running,Infantil,,,Pontós,Alt Empordà,Catalunya,629-2181,629-2181-3751,IV 5k POBLA DE FARNALS,Benjamín (2019- 18),400
cronorunner,IV 5k POBLA DE FARNALS (Alevín (2017-16)),2026-05-23,Sábado,0.75,road running,Infantil,,,Pontós,Alt Empordà,Catalunya,629-2181,629-2181-3752,IV 5k POBLA DE FARNALS,Alevín (2017-16),750
cronorunner,IV 5k POBLA DE FARNALS (Infantil (2014-15)),2026-05-23,Sábado,1.0,road running,Infantil,,,Pontós,Alt Empordà,Catalunya,629-2181,629-2181-3753,IV 5k POBLA DE FARNALS,Infantil (2014-15),1000
cronorunner,IV 5k POBLA DE FARNALS (5k),2026-05-23,Sábado,5.0,road running,Absoluta/General,218.0,422.0,Pontós,Alt Empordà,Catalunya,629-2181,629-2181-3599,IV 5k POBLA DE FARNALS,5k,5000
cronorunner,IV 5k POBLA DE FARNALS (MENORES 5K),2026-05-23,Sábado,5.0,road running,Infantil,23.0,22.0,Pontós,Alt Empordà,Catalunya,629-2181,629-2181-3797,IV 5k POBLA DE FARNALS,MENORES 5K,5000
cronorunner,II 10k BIMI SILLA,2026-05-17,Domingo,10.0,road running,Absoluta/General,143.0,439.0,Silla,l'Horta Sud,Comunitat Valenciana,150-2166,150-2166-3573,II 10k BIMI SILLA,10K,10000
cronorunner,XX GRAN FONS DE TURÍS MEMORIAL RAIMON SORIA (Gran Fons),2026-05-17,Domingo,15.5,road running,Absoluta/General,13.0,100.0,Turís,València / Valencia,Comunitat Valenciana,295-2243,295-2243-3718,XX GRAN FONS DE TURÍS MEMORIAL RAIMON SORIA,Gran Fons,15500
cronorunner,XX GRAN FONS DE TURÍS MEMORIAL RAIMON SORIA (Cursa iniciació),2026-05-17,Domingo,8.6,road running,Absoluta/General,14.0,28.0,Turís,València / Valencia,Comunitat Valenciana,295-2243,295-2243-3719,XX GRAN FONS DE TURÍS MEMORIAL RAIMON SORIA,Cursa iniciació,8600
cronorunner,XX GRAN FONS DE TURÍS MEMORIAL RAIMON SORIA (Benjamins Sub 10 (2017-2018)),2026-05-17,Domingo,0.6,road running,Infantil,,,Turís,València / Valencia,Comunitat Valenciana,295-2243,295-2243-3720,XX GRAN FONS DE TURÍS MEMORIAL RAIMON SORIA,Benjamins Sub 10 (2017-2018),600
cronorunner,XX GRAN FONS DE TURÍS MEMORIAL RAIMON SORIA (Alevins Sub 12 (2015-2016)),2026-05-17,Domingo,1.0,road running,Infantil,,,Turís,València / Valencia,Comunitat Valenciana,295-2243,295-2243-3721,XX GRAN FONS DE TURÍS MEMORIAL RAIMON SORIA,Alevins Sub 12 (2015-2016),1000
cronorunner,XX GRAN FONS DE TURÍS MEMORIAL RAIMON SORIA (Infantils Sub 14 (2013-2014)),2026-05-17,Domingo,1.6,road running,Infantil,,,Turís,València / Valencia,Comunitat Valenciana,295-2243,295-2243-3722,XX GRAN FONS DE TURÍS MEMORIAL RAIMON SORIA,Infantils Sub 14 (2013-2014),1600
cronorunner,XX GRAN FONS DE TURÍS MEMORIAL RAIMON SORIA (Cadets Sub 16 (2009-2012)),2026-05-17,Domingo,2.0,road running,Infantil,,,Turís,València / Valencia,Comunitat Valenciana,295-2243,295-2243-3723,XX GRAN FONS DE TURÍS MEMORIAL RAIMON SORIA,Cadets Sub 16 (2009-2012),2000
cronorunner,XXIII 15K i I 5K VILA DE MASSAMAGRELL (Compra Obsequios (NO CORRO)),2026-05-16,Sábado,0.0,road running,Absoluta/General,,,Massamagrell,l'Horta Nord,Comunitat Valenciana,643-2180,643-2180-3734,XXIII 15K i I 5K VILA DE MASSAMAGRELL,Compra Obsequios (NO CORRO),0
cronorunner,XXIII 15K i I 5K VILA DE MASSAMAGRELL (15k),2026-05-16,Sábado,0.015,road running,Absoluta/General,,,Massamagrell,l'Horta Nord,Comunitat Valenciana,643-2180,643-2180-3598,XXIII 15K i I 5K VILA DE MASSAMAGRELL,15k,15
cronorunner,XXIII 15K i I 5K VILA DE MASSAMAGRELL (5km),2026-05-16,Sábado,5.0,road running,Absoluta/General,125.0,168.0,Massamagrell,l'Horta Nord,Comunitat Valenciana,643-2180,643-2180-3649,XXIII 15K i I 5K VILA DE MASSAMAGRELL,5km,5000
cronorunner,XXIII 15K i I 5K VILA DE MASSAMAGRELL (5k menores),2026-05-16,Sábado,5.0,road running,Infantil,25.0,22.0,Massamagrell,l'Horta Nord,Comunitat Valenciana,643-2180,643-2180-3783,XXIII 15K i I 5K VILA DE MASSAMAGRELL,5k menores,5000
cronorunner,GRAN PREMIO VELAS MARATON 3.0 (10km),2026-05-16,Sábado,10.0,road running,Absoluta/General,203.0,579.0,Cheste,València / Valencia,Comunitat Valenciana,649-2204,649-2204-3638,GRAN PREMIO VELAS MARATON 3.0,10km,10000
cronorunner,GRAN PREMIO VELAS MARATON 3.0 (4km),2026-05-16,Sábado,4.0,road running,Absoluta/General,183.0,124.0,Cheste,València / Valencia,Comunitat Valenciana,649-2204,649-2204-3639,GRAN PREMIO VELAS MARATON 3.0,4km,4000
cronorunner,Carrera Popular Lucha contra la Droga Memorial Benito Pozo,2026-05-16,Sábado,6.0,road running,Absoluta/General,19.0,41.0,Torrent,l'Horta Sud,Comunitat Valenciana,647-2240,647-2240-3748,Carrera Popular Lucha contra la Droga Memorial Benito Pozo,6km,6000
cronorunner,XLIV VOLTA A PEU LLUIS VIVES,2026-05-15,Viernes,5.2,road running,Absoluta/General,,,Sueca,València / Valencia,Comunitat Valenciana,384-2248,384-2248-3745,XLIV VOLTA A PEU LLUIS VIVES,"5,2km",5200
cronorunner,TRAIL VALLE DEL TÚRIA GESTALGAR (26KM),2026-05-10,Domingo,26.0,trail running,Absoluta/General,19.0,109.0,Gestalgar,La Serranía,Comunitat Valenciana,608-2206,608-2206-3635,TRAIL VALLE DEL TÚRIA GESTALGAR,26KM,26000
cronorunner,TRAIL VALLE DEL TÚRIA GESTALGAR (12KM),2026-05-10,Domingo,12.0,trail running,Absoluta/General,57.0,134.0,Gestalgar,La Serranía,Comunitat Valenciana,608-2206,608-2206-3636,TRAIL VALLE DEL TÚRIA GESTALGAR,12KM,12000
cronorunner,"TRAIL VALLE DEL TÚRIA GESTALGAR (Marcha (6,5km))",2026-05-10,Domingo,6.5,trail running,Absoluta/General,,,Gestalgar,La Serranía,Comunitat Valenciana,608-2206,608-2206-3637,TRAIL VALLE DEL TÚRIA GESTALGAR,"Marcha (6,5km)",6500
cronorunner,XXXIII VOLTA A PEU CIUTAT DE CARLET (Benjamí (2017-2018)),2026-05-09,Sábado,0.5,road running,Infantil,13.0,18.0,Carlet,València / Valencia,Comunitat Valenciana,308-2160,308-2160-3703,XXXIII VOLTA A PEU CIUTAT DE CARLET,Benjamí (2017-2018),500
cronorunner,XXXIII VOLTA A PEU CIUTAT DE CARLET (Aleví (2015-2016)),2026-05-09,Sábado,0.5,road running,Absoluta/General,17.0,17.0,Carlet,València / Valencia,Comunitat Valenciana,308-2160,308-2160-3704,XXXIII VOLTA A PEU CIUTAT DE CARLET,Aleví (2015-2016),500
cronorunner,XXXIII VOLTA A PEU CIUTAT DE CARLET (Infantil (2013-2014)),2026-05-09,Sábado,1.0,road running,Infantil,7.0,11.0,Carlet,València / Valencia,Comunitat Valenciana,308-2160,308-2160-3705,XXXIII VOLTA A PEU CIUTAT DE CARLET,Infantil (2013-2014),1000
cronorunner,XXXIII VOLTA A PEU CIUTAT DE CARLET (Cadet (2009-2012)),2026-05-09,Sábado,1.5,road running,Infantil,1.0,11.0,Carlet,València / Valencia,Comunitat Valenciana,308-2160,308-2160-3706,XXXIII VOLTA A PEU CIUTAT DE CARLET,Cadet (2009-2012),1500
cronorunner,XXXIII VOLTA A PEU CIUTAT DE CARLET (10k),2026-05-09,Sábado,10.0,road running,Absoluta/General,121.0,400.0,Carlet,València / Valencia,Comunitat Valenciana,308-2160,308-2160-3586,XXXIII VOLTA A PEU CIUTAT DE CARLET,10k,10000
cronorunner,XXXIII VOLTA A PEU CIUTAT DE CARLET (Marxa Nórdica),2026-05-09,Sábado,4.35,road running,Absoluta/General,,,Carlet,València / Valencia,Comunitat Valenciana,308-2160,308-2160-3702,XXXIII VOLTA A PEU CIUTAT DE CARLET,Marxa Nórdica,4350
cronorunner,XLIV MITJA MARATÓ D'ALCÀSSER,2026-05-09,Sábado,21.097,road running,Absoluta/General,150.0,650.0,Alcàsser,l'Horta Sud,Comunitat Valenciana,223-2178,223-2178-3595,XLIV MITJA MARATÓ D'ALCÀSSER,21km,21097
cronorunner,"XIII CARRERA DE LA DONA DE SUECA (Dorsal 0 (Colaboro, no corro))",2026-05-03,Domingo,0.0,road running,Absoluta/General,,,Sueca,València / Valencia,Comunitat Valenciana,219-2192,219-2192-3651,XIII CARRERA DE LA DONA DE SUECA,"Dorsal 0 (Colaboro, no corro)",0
cronorunner,XIII CARRERA DE LA DONA DE SUECA (5km),2026-05-03,Domingo,5.0,road running,Absoluta/General,545.0,10.0,Sueca,València / Valencia,Comunitat Valenciana,219-2192,219-2192-3650,XIII CARRERA DE LA DONA DE SUECA,5km,5000
cronorunner,IX 10K MANISES,2026-05-03,Domingo,10.0,road running,Absoluta/General,159.0,451.0,Manises,l'Horta Sud,Comunitat Valenciana,560-2197,560-2197-3700,IX 10K MANISES,10km,10000
cronorunner,Relleus Per l'Horta Nord 2026 - Albalat dels Sorells (Relevos Femenino),2026-04-26,Domingo,6.0,road running,Absoluta/General,18.0,0.0,Albalat dels Sorells,l'Horta Nord,Comunitat Valenciana,668-2238,668-2238-3701,Relleus Per l'Horta Nord 2026 - Albalat dels Sorells,Relevos Femenino,6000
cronorunner,Relleus Per l'Horta Nord 2026 - Albalat dels Sorells (Relevos Masculino),2026-04-26,Domingo,10.0,road running,Absoluta/General,0.0,16.0,Albalat dels Sorells,l'Horta Nord,Comunitat Valenciana,668-2238,668-2238-3683,Relleus Per l'Horta Nord 2026 - Albalat dels Sorells,Relevos Masculino,10000
cronorunner,V CARRERA ESCOLAR CAIXA RURAL TORRENT (Aleví (2014-2015)),2026-04-26,Domingo,0.8,road running,Infantil,,,Torrent,l'Horta Sud,Comunitat Valenciana,557-2244,557-2244-3727,V CARRERA ESCOLAR CAIXA RURAL TORRENT,Aleví (2014-2015),800
cronorunner,V CARRERA ESCOLAR CAIXA RURAL TORRENT (Benjamí (2016-2017)),2026-04-26,Domingo,0.7,road running,Infantil,,,Torrent,l'Horta Sud,Comunitat Valenciana,557-2244,557-2244-3726,V CARRERA ESCOLAR CAIXA RURAL TORRENT,Benjamí (2016-2017),700
cronorunner,V CARRERA ESCOLAR CAIXA RURAL TORRENT (Prebenjamí (2018-2019)),2026-04-26,Domingo,0.45,road running,Infantil,,,Torrent,l'Horta Sud,Comunitat Valenciana,557-2244,557-2244-3725,V CARRERA ESCOLAR CAIXA RURAL TORRENT,Prebenjamí (2018-2019),450
cronorunner,V CARRERA ESCOLAR CAIXA RURAL TORRENT (Querubí (2020-2021)),2026-04-26,Domingo,0.2,road running,Infantil,,,Torrent,l'Horta Sud,Comunitat Valenciana,557-2244,557-2244-3724,V CARRERA ESCOLAR CAIXA RURAL TORRENT,Querubí (2020-2021),200
cronorunner,XXVIII VOLTA A PEU ALGINET (Compra Camiseta (No Corro)),2026-04-25,Sábado,0.0,road running,Absoluta/General,,,Alginet,València / Valencia,Comunitat Valenciana,307-2159,307-2159-3744,XXVIII VOLTA A PEU ALGINET,Compra Camiseta (No Corro),0
cronorunner,XXVIII VOLTA A PEU ALGINET (Benjamins (2017-2018)),2026-04-25,Sábado,0.5,road running,Infantil,18.0,18.0,Alginet,València / Valencia,Comunitat Valenciana,307-2159,307-2159-3684,XXVIII VOLTA A PEU ALGINET,Benjamins (2017-2018),500
cronorunner,XXVIII VOLTA A PEU ALGINET (Alevins (2015-2016)),2026-04-25,Sábado,1.0,road running,Infantil,18.0,16.0,Alginet,València / Valencia,Comunitat Valenciana,307-2159,307-2159-3685,XXVIII VOLTA A PEU ALGINET,Alevins (2015-2016),1000
cronorunner,XXVIII VOLTA A PEU ALGINET (Infantils (2013-2014)),2026-04-25,Sábado,1.5,road running,Infantil,13.0,17.0,Alginet,València / Valencia,Comunitat Valenciana,307-2159,307-2159-3686,XXVIII VOLTA A PEU ALGINET,Infantils (2013-2014),1500
cronorunner,XXVIII VOLTA A PEU ALGINET (Cadets (2009-2012)),2026-04-25,Sábado,2.25,road running,Infantil,5.0,4.0,Alginet,València / Valencia,Comunitat Valenciana,307-2159,307-2159-3687,XXVIII VOLTA A PEU ALGINET,Cadets (2009-2012),2250
cronorunner,XXVIII VOLTA A PEU ALGINET (Prebenjamins (2019-2025)),2026-04-25,Sábado,0.2,road running,Infantil,,,Alginet,València / Valencia,Comunitat Valenciana,307-2159,307-2159-3688,XXVIII VOLTA A PEU ALGINET,Prebenjamins (2019-2025),200
cronorunner,XXVIII VOLTA A PEU ALGINET (8k),2026-04-25,Sábado,8.0,road running,Absoluta/General,107.0,375.0,Alginet,València / Valencia,Comunitat Valenciana,307-2159,307-2159-3585,XXVIII VOLTA A PEU ALGINET,8k,8000
cronorunner,"VI 10K ""Via Materal"" Ciutat de Sueca (10K)",2026-04-25,Sábado,10.0,road running,Absoluta/General,105.0,341.0,Sueca,València / Valencia,Comunitat Valenciana,569-2165,569-2165-3572,"VI 10K ""Via Materal"" Ciutat de Sueca",10K,10000
cronorunner,"VI 10K ""Via Materal"" Ciutat de Sueca (Cagons (2026-2023))",2026-04-25,Sábado,0.0,road running,Absoluta/General,,,Sueca,València / Valencia,Comunitat Valenciana,569-2165,569-2165-3658,"VI 10K ""Via Materal"" Ciutat de Sueca",Cagons (2026-2023),0
cronorunner,"VI 10K ""Via Materal"" Ciutat de Sueca (Chupetins (2022-2021))",2026-04-25,Sábado,0.0,road running,Infantil,,,Sueca,València / Valencia,Comunitat Valenciana,569-2165,569-2165-3659,"VI 10K ""Via Materal"" Ciutat de Sueca",Chupetins (2022-2021),0
cronorunner,"VI 10K ""Via Materal"" Ciutat de Sueca (Prebenjamins (2020-2019))",2026-04-25,Sábado,0.0,road running,Infantil,,,Sueca,València / Valencia,Comunitat Valenciana,569-2165,569-2165-3660,"VI 10K ""Via Materal"" Ciutat de Sueca",Prebenjamins (2020-2019),0
cronorunner,"VI 10K ""Via Materal"" Ciutat de Sueca (Benjamins (2018-2017))",2026-04-25,Sábado,0.0,road running,Infantil,,,Sueca,València / Valencia,Comunitat Valenciana,569-2165,569-2165-3661,"VI 10K ""Via Materal"" Ciutat de Sueca",Benjamins (2018-2017),0
cronorunner,"VI 10K ""Via Materal"" Ciutat de Sueca (Alevins (2016-2015))",2026-04-25,Sábado,0.0,road running,Infantil,,,Sueca,València / Valencia,Comunitat Valenciana,569-2165,569-2165-3662,"VI 10K ""Via Materal"" Ciutat de Sueca",Alevins (2016-2015),0
cronorunner,"VI 10K ""Via Materal"" Ciutat de Sueca (Infantils (2014-2013))",2026-04-25,Sábado,0.0,road running,Infantil,,,Sueca,València / Valencia,Comunitat Valenciana,569-2165,569-2165-3663,"VI 10K ""Via Materal"" Ciutat de Sueca",Infantils (2014-2013),0
cronorunner,"VI 10K ""Via Materal"" Ciutat de Sueca (Cadets (2012-2011))",2026-04-25,Sábado,0.0,road running,Infantil,,,Sueca,València / Valencia,Comunitat Valenciana,569-2165,569-2165-3664,"VI 10K ""Via Materal"" Ciutat de Sueca",Cadets (2012-2011),0
cronorunner,XVI CARRERA POPULAR PARQUE NATURAL DEL TÚRIA (NANOS (2020 -2021)),2026-04-19,Domingo,0.05,road running,Absoluta/General,,,Pedralba de la Pradería,,Zamora,366-2148,366-2148-3613,XVI CARRERA POPULAR PARQUE NATURAL DEL TÚRIA,NANOS (2020 -2021),50
cronorunner,XVI CARRERA POPULAR PARQUE NATURAL DEL TÚRIA (PREBENJAMIN (2018-2019)),2026-04-19,Domingo,0.08,road running,Infantil,,,Pedralba de la Pradería,,Zamora,366-2148,366-2148-3614,XVI CARRERA POPULAR PARQUE NATURAL DEL TÚRIA,PREBENJAMIN (2018-2019),80
cronorunner,XVI CARRERA POPULAR PARQUE NATURAL DEL TÚRIA (BENJAMIN (2016-2017)),2026-04-19,Domingo,0.3,road running,Infantil,,,Pedralba de la Pradería,,Zamora,366-2148,366-2148-3615,XVI CARRERA POPULAR PARQUE NATURAL DEL TÚRIA,BENJAMIN (2016-2017),300
cronorunner,XVI CARRERA POPULAR PARQUE NATURAL DEL TÚRIA (ALEVIN (2014-2015)),2026-04-19,Domingo,0.8,road running,Infantil,,,Pedralba de la Pradería,,Zamora,366-2148,366-2148-3616,XVI CARRERA POPULAR PARQUE NATURAL DEL TÚRIA,ALEVIN (2014-2015),800
cronorunner,XVI CARRERA POPULAR PARQUE NATURAL DEL TÚRIA (INFANTIL (2012-2013)),2026-04-19,Domingo,1.6,road running,Infantil,,,Pedralba de la Pradería,,Zamora,366-2148,366-2148-3617,XVI CARRERA POPULAR PARQUE NATURAL DEL TÚRIA,INFANTIL (2012-2013),1600
cronorunner,XVI CARRERA POPULAR PARQUE NATURAL DEL TÚRIA (CADETE (2008-2011)),2026-04-19,Domingo,2.8,road running,Infantil,,,Pedralba de la Pradería,,Zamora,366-2148,366-2148-3618,XVI CARRERA POPULAR PARQUE NATURAL DEL TÚRIA,CADETE (2008-2011),2800
cronorunner,XVI CARRERA POPULAR PARQUE NATURAL DEL TÚRIA (10k),2026-04-19,Domingo,10.0,road running,Absoluta/General,51.0,134.0,Pedralba de la Pradería,,Zamora,366-2148,366-2148-3553,XVI CARRERA POPULAR PARQUE NATURAL DEL TÚRIA,10k,10000
cronorunner,XVI CARRERA POPULAR PARQUE NATURAL DEL TÚRIA (5km),2026-04-19,Domingo,5.0,road running,Absoluta/General,47.0,38.0,Pedralba de la Pradería,,Zamora,366-2148,366-2148-3569,XVI CARRERA POPULAR PARQUE NATURAL DEL TÚRIA,5km,5000
cronorunner,XII ALÈDUA TRAIL MEMORIAL MJ (20km),2026-04-19,Domingo,20.0,trail running,Absoluta/General,15.0,86.0,Llombai,València / Valencia,Comunitat Valenciana,287-2194,287-2194-3665,XII ALÈDUA TRAIL MEMORIAL MJ,20km,20000
cronorunner,XII ALÈDUA TRAIL MEMORIAL MJ (11km),2026-04-19,Domingo,11.0,trail running,Absoluta/General,50.0,159.0,Llombai,València / Valencia,Comunitat Valenciana,287-2194,287-2194-3666,XII ALÈDUA TRAIL MEMORIAL MJ,11km,11000
cronorunner,XII ALÈDUA TRAIL MEMORIAL MJ (Senderista),2026-04-19,Domingo,11.0,trail running,Absoluta/General,,,Llombai,València / Valencia,Comunitat Valenciana,287-2194,287-2194-3667,XII ALÈDUA TRAIL MEMORIAL MJ,Senderista,11000
cronorunner,XIII 7K SANT VICENT DE LLIRIA,2026-04-18,Sábado,7.0,road running,Absoluta/General,90.0,226.0,Llíria,València / Valencia,Comunitat Valenciana,445-2208,445-2208-3690,XIII 7K SANT VICENT DE LLIRIA,7KM,7000
cronorunner,XXVI GRAN FONS DE PUÇOL (Compra Camiseta (No Corro)),2026-04-12,Domingo,0.0,road running,Absoluta/General,,,Puçol,l'Horta Nord,Comunitat Valenciana,433-2179,433-2179-3681,XXVI GRAN FONS DE PUÇOL,Compra Camiseta (No Corro),0
cronorunner,XXVI GRAN FONS DE PUÇOL (15k),2026-04-12,Domingo,15.0,road running,Absoluta/General,149.0,477.0,Puçol,l'Horta Nord,Comunitat Valenciana,433-2179,433-2179-3597,XXVI GRAN FONS DE PUÇOL,15k,15000
cronorunner,XXIV VOLTA A PEU GAVARDA (Compra Camiseta (No Corro)),2026-04-11,Sábado,0.0,road running,Absoluta/General,,,Gavarda,València / Valencia,Comunitat Valenciana,296-2158,296-2158-3673,XXIV VOLTA A PEU GAVARDA,Compra Camiseta (No Corro),0
cronorunner,XXIV VOLTA A PEU GAVARDA (Iniciació/Nanos 2019 i posterior),2026-04-11,Sábado,0.1,road running,Absoluta/General,,,Gavarda,València / Valencia,Comunitat Valenciana,296-2158,296-2158-3668,XXIV VOLTA A PEU GAVARDA,Iniciació/Nanos 2019 i posterior,100
cronorunner,XXIV VOLTA A PEU GAVARDA (Benjamí (2017-2018)),2026-04-11,Sábado,0.4,road running,Infantil,12.0,13.0,Gavarda,València / Valencia,Comunitat Valenciana,296-2158,296-2158-3669,XXIV VOLTA A PEU GAVARDA,Benjamí (2017-2018),400
cronorunner,XXIV VOLTA A PEU GAVARDA (Aleví (2015-2016)),2026-04-11,Sábado,1.0,road running,Absoluta/General,14.0,10.0,Gavarda,València / Valencia,Comunitat Valenciana,296-2158,296-2158-3670,XXIV VOLTA A PEU GAVARDA,Aleví (2015-2016),1000
cronorunner,XXIV VOLTA A PEU GAVARDA (Infantil (2013-2014)),2026-04-11,Sábado,1.4,road running,Infantil,8.0,12.0,Gavarda,València / Valencia,Comunitat Valenciana,296-2158,296-2158-3671,XXIV VOLTA A PEU GAVARDA,Infantil (2013-2014),1400
cronorunner,XXIV VOLTA A PEU GAVARDA (Cadet (2009-2012)),2026-04-11,Sábado,2.0,road running,Infantil,2.0,8.0,Gavarda,València / Valencia,Comunitat Valenciana,296-2158,296-2158-3672,XXIV VOLTA A PEU GAVARDA,Cadet (2009-2012),2000
cronorunner,XXIV VOLTA A PEU GAVARDA (6k),2026-04-11,Sábado,6.0,road running,Absoluta/General,90.0,268.0,Gavarda,València / Valencia,Comunitat Valenciana,296-2158,296-2158-3584,XXIV VOLTA A PEU GAVARDA,6k,6000
cronorunner,XII 10k ALCÀNTERA DEL XÚQUER,2026-03-29,Domingo,10.0,road running,Absoluta/General,81.0,258.0,Alcàntera de Xúquer,València / Valencia,Comunitat Valenciana,578-2157,578-2157-3583,XII 10k ALCÀNTERA DEL XÚQUER,10k,10000
cronorunner,XLIV VOLTA A PEU XIRIVELLA,2026-03-29,Domingo,7.2,road running,Absoluta/General,249.0,635.0,Xirivella,l'Horta Sud,Comunitat Valenciana,377-2188,377-2188-3606,XLIV VOLTA A PEU XIRIVELLA,"7,2k",7200
cronorunner,XX SUBIDA VERTICAL GRAN HOTEL BALI (OPEN),2026-03-28,Sábado,0.0,trail running,Absoluta/General,93.0,227.0,Benidorm,la Marina Baixa,Comunitat Valenciana,441-2124,441-2124-3504,XX SUBIDA VERTICAL GRAN HOTEL BALI,OPEN,0
cronorunner,XX SUBIDA VERTICAL GRAN HOTEL BALI (ELITE),2026-03-28,Sábado,0.0,trail running,Elite,13.0,27.0,Benidorm,la Marina Baixa,Comunitat Valenciana,441-2124,441-2124-3505,XX SUBIDA VERTICAL GRAN HOTEL BALI,ELITE,0
cronorunner,XX SUBIDA VERTICAL GRAN HOTEL BALI (BOMBEROS/AS),2026-03-28,Sábado,0.0,trail running,Absoluta/General,6.0,122.0,Benidorm,la Marina Baixa,Comunitat Valenciana,441-2124,441-2124-3506,XX SUBIDA VERTICAL GRAN HOTEL BALI,BOMBEROS/AS,0
cronorunner,XX SUBIDA VERTICAL GRAN HOTEL BALI (DOBLE MODALIDAD OPEN/BOMBEROS/AS),2026-03-28,Sábado,0.0,trail running,Absoluta/General,,,Benidorm,la Marina Baixa,Comunitat Valenciana,441-2124,441-2124-3507,XX SUBIDA VERTICAL GRAN HOTEL BALI,DOBLE MODALIDAD OPEN/BOMBEROS/AS,0
cronorunner,XX SUBIDA VERTICAL GRAN HOTEL BALI (BICICLETA),2026-03-28,Sábado,0.0,trail running,Absoluta/General,,,Benidorm,la Marina Baixa,Comunitat Valenciana,441-2124,441-2124-3508,XX SUBIDA VERTICAL GRAN HOTEL BALI,BICICLETA,0
cronorunner,VII 10k CIUTAT DE PICASSENT (Chupetín (2026-2021)),2026-03-28,Sábado,0.1,road running,Infantil,,,Picassent,l'Horta Sud,Comunitat Valenciana,536-2164,536-2164-3640,VII 10k CIUTAT DE PICASSENT,Chupetín (2026-2021),100
cronorunner,VII 10k CIUTAT DE PICASSENT (Prebenjamín (2019-2020)),2026-03-28,Sábado,0.4,road running,Infantil,,,Picassent,l'Horta Sud,Comunitat Valenciana,536-2164,536-2164-3641,VII 10k CIUTAT DE PICASSENT,Prebenjamín (2019-2020),400
cronorunner,VII 10k CIUTAT DE PICASSENT (Benjamins (2017-2018)),2026-03-28,Sábado,0.6,road running,Infantil,,,Picassent,l'Horta Sud,Comunitat Valenciana,536-2164,536-2164-3642,VII 10k CIUTAT DE PICASSENT,Benjamins (2017-2018),600
cronorunner,VII 10k CIUTAT DE PICASSENT (Alevín (2015-2016)),2026-03-28,Sábado,1.0,road running,Infantil,,,Picassent,l'Horta Sud,Comunitat Valenciana,536-2164,536-2164-3643,VII 10k CIUTAT DE PICASSENT,Alevín (2015-2016),1000
cronorunner,VII 10k CIUTAT DE PICASSENT (Infantil (2014-2013)),2026-03-28,Sábado,1.5,road running,Infantil,,,Picassent,l'Horta Sud,Comunitat Valenciana,536-2164,536-2164-3644,VII 10k CIUTAT DE PICASSENT,Infantil (2014-2013),1500
cronorunner,VII 10k CIUTAT DE PICASSENT (Cadets (2011-2012)),2026-03-28,Sábado,1.8,road running,Infantil,,,Picassent,l'Horta Sud,Comunitat Valenciana,536-2164,536-2164-3645,VII 10k CIUTAT DE PICASSENT,Cadets (2011-2012),1800
cronorunner,VII 10k CIUTAT DE PICASSENT (10K),2026-03-28,Sábado,10.0,road running,Absoluta/General,146.0,608.0,Picassent,l'Horta Sud,Comunitat Valenciana,536-2164,536-2164-3571,VII 10k CIUTAT DE PICASSENT,10K,10000
cronorunner,IV CARRERA DE LES DONES ALDAIA - ALAQUÀS,2026-03-27,Viernes,5.0,road running,Absoluta/General,373.0,0.0,Aldaia,l'Horta Sud,Comunitat Valenciana,612-2217,612-2217-3647,IV CARRERA DE LES DONES ALDAIA - ALAQUÀS,5km,5000
cronorunner,XXI TRAIL 3 PICS LES RODANES (RAPITTRAIL 14KM),2026-03-22,Domingo,14.0,trail running,Absoluta/General,96.0,282.0,Vilamarxant,València / Valencia,Comunitat Valenciana,136-2140,136-2140-3535,XXI TRAIL 3 PICS LES RODANES,RAPITTRAIL 14KM,14000
cronorunner,XXI TRAIL 3 PICS LES RODANES (Prueba Reina 28km),2026-03-22,Domingo,28.0,trail running,Absoluta/General,13.0,85.0,Vilamarxant,València / Valencia,Comunitat Valenciana,136-2140,136-2140-3534,XXI TRAIL 3 PICS LES RODANES,Prueba Reina 28km,28000
cronorunner,XXI TRAIL 3 PICS LES RODANES (Iniciació Trail 8km),2026-03-22,Domingo,8.0,trail running,Absoluta/General,49.0,56.0,Vilamarxant,València / Valencia,Comunitat Valenciana,136-2140,136-2140-3536,XXI TRAIL 3 PICS LES RODANES,Iniciació Trail 8km,8000
cronorunner,XXI TRAIL 3 PICS LES RODANES (Cronoescalada),2026-03-22,Domingo,2.0,trail running,Absoluta/General,82.0,353.0,Vilamarxant,València / Valencia,Comunitat Valenciana,136-2140,136-2140-3634,XXI TRAIL 3 PICS LES RODANES,Cronoescalada,2000
cronorunner,XIII VOLTA A PEU A L ÉNOVA,2026-02-28,Sábado,8.0,road running,Absoluta/General,96.0,283.0,l'Énova,València / Valencia,Comunitat Valenciana,369-2155,369-2155-3582,XIII VOLTA A PEU A L ÉNOVA,8k,8000
cronorunner,XI 10K BENIMODO (Compra Camiseta (No Corro)),2026-02-21,Sábado,0.0,road running,Absoluta/General,,,Benimodo,València / Valencia,Comunitat Valenciana,163-2156,163-2156-3633,XI 10K BENIMODO,Compra Camiseta (No Corro),0
cronorunner,XI 10K BENIMODO (10k),2026-02-21,Sábado,10.0,road running,Absoluta/General,80.0,330.0,Benimodo,València / Valencia,Comunitat Valenciana,163-2156,163-2156-3581,XI 10K BENIMODO,10k,10000
cronorunner,"XV 10k ALBAL ""POR ESA SONRISA"" (10K)",2026-02-15,Domingo,10.0,road running,Absoluta/General,163.0,519.0,Albal,l'Horta Sud,Comunitat Valenciana,514-2163,514-2163-3570,"XV 10k ALBAL ""POR ESA SONRISA""",10K,10000
cronorunner,"XV 10k ALBAL ""POR ESA SONRISA"" (5K Marcha)",2026-02-15,Domingo,5.0,marcha,Absoluta/General,,,Albal,l'Horta Sud,Comunitat Valenciana,514-2163,514-2163-3619,"XV 10k ALBAL ""POR ESA SONRISA""",5K Marcha,5000
cronorunner,"XV 10k ALBAL ""POR ESA SONRISA"" (Cadete (2011 a 2012))",2026-02-15,Domingo,1.2,road running,Infantil,,,Albal,l'Horta Sud,Comunitat Valenciana,514-2163,514-2163-3626,"XV 10k ALBAL ""POR ESA SONRISA""",Cadete (2011 a 2012),1200
cronorunner,"XV 10k ALBAL ""POR ESA SONRISA"" (Infantil (2013 a 2014))",2026-02-15,Domingo,1.0,road running,Infantil,,,Albal,l'Horta Sud,Comunitat Valenciana,514-2163,514-2163-3625,"XV 10k ALBAL ""POR ESA SONRISA""",Infantil (2013 a 2014),1000
cronorunner,"XV 10k ALBAL ""POR ESA SONRISA"" (Alevín (2015 a 20016))",2026-02-15,Domingo,0.8,road running,Infantil,,,Albal,l'Horta Sud,Comunitat Valenciana,514-2163,514-2163-3624,"XV 10k ALBAL ""POR ESA SONRISA""",Alevín (2015 a 20016),800
cronorunner,"XV 10k ALBAL ""POR ESA SONRISA"" (Benjamín (2017 a 2018))",2026-02-15,Domingo,0.8,road running,Infantil,,,Albal,l'Horta Sud,Comunitat Valenciana,514-2163,514-2163-3623,"XV 10k ALBAL ""POR ESA SONRISA""",Benjamín (2017 a 2018),800
cronorunner,"XV 10k ALBAL ""POR ESA SONRISA"" (Prebenjamín (2019 a 2020))",2026-02-15,Domingo,0.4,road running,Infantil,,,Albal,l'Horta Sud,Comunitat Valenciana,514-2163,514-2163-3622,"XV 10k ALBAL ""POR ESA SONRISA""",Prebenjamín (2019 a 2020),400
cronorunner,"XV 10k ALBAL ""POR ESA SONRISA"" (Querubín (2021 a 2022))",2026-02-15,Domingo,0.1,road running,Absoluta/General,,,Albal,l'Horta Sud,Comunitat Valenciana,514-2163,514-2163-3621,"XV 10k ALBAL ""POR ESA SONRISA""",Querubín (2021 a 2022),100
cronorunner,"XV 10k ALBAL ""POR ESA SONRISA"" (Chupetín (2023 a 2026))",2026-02-15,Domingo,0.1,road running,Infantil,,,Albal,l'Horta Sud,Comunitat Valenciana,514-2163,514-2163-3620,"XV 10k ALBAL ""POR ESA SONRISA""",Chupetín (2023 a 2026),100
cronorunner,"XV 10k ALBAL ""POR ESA SONRISA"" (Juvenil (2009 a 2010))",2026-02-15,Domingo,1.2,road running,Infantil,,,Albal,l'Horta Sud,Comunitat Valenciana,514-2163,514-2163-3627,"XV 10k ALBAL ""POR ESA SONRISA""",Juvenil (2009 a 2010),1200
cronorunner,XX MITJA MARATÓ CIUTAT DE TORRENT,2026-02-15,Domingo,21.097,road running,Absoluta/General,42.0,287.0,Torrent,l'Horta Sud,Comunitat Valenciana,567-2191,567-2191-3612,XX MITJA MARATÓ CIUTAT DE TORRENT,Mitja marató,21097
cronorunner,GALA FINAL CIRCUIT CAIXA POPULAR HORTA SUD (5 CARRERAS COMPLETADAS),2026-02-13,Viernes,0.0,road running,Absoluta/General,,,Alaquàs,l'Horta Sud,Comunitat Valenciana,575-2190,575-2190-3607,GALA FINAL CIRCUIT CAIXA POPULAR HORTA SUD,5 CARRERAS COMPLETADAS,0
cronorunner,GALA FINAL CIRCUIT CAIXA POPULAR HORTA SUD (6 CARRERAS COMPLETADAS),2026-02-13,Viernes,0.0,road running,Absoluta/General,,,Alaquàs,l'Horta Sud,Comunitat Valenciana,575-2190,575-2190-3608,GALA FINAL CIRCUIT CAIXA POPULAR HORTA SUD,6 CARRERAS COMPLETADAS,0
cronorunner,GALA FINAL CIRCUIT CAIXA POPULAR HORTA SUD (7 CARRERAS COMPLETADAS),2026-02-13,Viernes,0.0,road running,Absoluta/General,,,Alaquàs,l'Horta Sud,Comunitat Valenciana,575-2190,575-2190-3609,GALA FINAL CIRCUIT CAIXA POPULAR HORTA SUD,7 CARRERAS COMPLETADAS,0
cronorunner,GALA FINAL CIRCUIT CAIXA POPULAR HORTA SUD (8 CARRERAS COMPLETADAS),2026-02-13,Viernes,0.0,road running,Absoluta/General,,,Alaquàs,l'Horta Sud,Comunitat Valenciana,575-2190,575-2190-3610,GALA FINAL CIRCUIT CAIXA POPULAR HORTA SUD,8 CARRERAS COMPLETADAS,0
cronorunner,"XV CARRERA REGIMIENTO ""LUSITANIA"" (TRAIL 21KM)",2026-02-08,Domingo,21.0,trail running,Absoluta/General,27.0,146.0,Marines,València / Valencia,Comunitat Valenciana,632-2069,632-2069-3406,"XV CARRERA REGIMIENTO ""LUSITANIA""",TRAIL 21KM,21000
cronorunner,"XV CARRERA REGIMIENTO ""LUSITANIA"" (SPRINTRAIL 15km)",2026-02-08,Domingo,15.0,trail running,Absoluta/General,70.0,211.0,Marines,València / Valencia,Comunitat Valenciana,632-2069,632-2069-3407,"XV CARRERA REGIMIENTO ""LUSITANIA""",SPRINTRAIL 15km,15000
cronorunner,"XV CARRERA REGIMIENTO ""LUSITANIA"" (Canicross)",2026-02-08,Domingo,9.0,trail running,Absoluta/General,11.0,24.0,Marines,València / Valencia,Comunitat Valenciana,632-2069,632-2069-3410,"XV CARRERA REGIMIENTO ""LUSITANIA""",Canicross,9000
cronorunner,"XV CARRERA REGIMIENTO ""LUSITANIA"" (Trail de Iniciación (10,5km))",2026-02-08,Domingo,10.5,trail running,Absoluta/General,84.0,161.0,Marines,València / Valencia,Comunitat Valenciana,632-2069,632-2069-3408,"XV CARRERA REGIMIENTO ""LUSITANIA""","Trail de Iniciación (10,5km)",10500
cronorunner,"XV CARRERA REGIMIENTO ""LUSITANIA"" (Marcha)",2026-02-08,Domingo,10.5,marcha,Absoluta/General,,,Marines,València / Valencia,Comunitat Valenciana,632-2069,632-2069-3409,"XV CARRERA REGIMIENTO ""LUSITANIA""",Marcha,10500
cronorunner,XXXVII VOLTA A PEU A L´ALCÚDIA (Prebenjamin (2019-2020)),2026-02-08,Domingo,0.3,road running,Infantil,,,l'Alcúdia,València / Valencia,Comunitat Valenciana,206-2147,206-2147-3580,XXXVII VOLTA A PEU A L´ALCÚDIA,Prebenjamin (2019-2020),300
cronorunner,XXXVII VOLTA A PEU A L´ALCÚDIA (Chupetín (2021-2025)),2026-02-08,Domingo,0.1,road running,Infantil,,,l'Alcúdia,València / Valencia,Comunitat Valenciana,206-2147,206-2147-3632,XXXVII VOLTA A PEU A L´ALCÚDIA,Chupetín (2021-2025),100
cronorunner,XXXVII VOLTA A PEU A L´ALCÚDIA (Benjamí (2017-2018)),2026-02-08,Domingo,0.5,road running,Infantil,17.0,20.0,l'Alcúdia,València / Valencia,Comunitat Valenciana,206-2147,206-2147-3628,XXXVII VOLTA A PEU A L´ALCÚDIA,Benjamí (2017-2018),500
cronorunner,XXXVII VOLTA A PEU A L´ALCÚDIA (Alevi (2015-2016)),2026-02-08,Domingo,1.0,road running,Absoluta/General,21.0,14.0,l'Alcúdia,València / Valencia,Comunitat Valenciana,206-2147,206-2147-3629,XXXVII VOLTA A PEU A L´ALCÚDIA,Alevi (2015-2016),1000
cronorunner,XXXVII VOLTA A PEU A L´ALCÚDIA (Infantil (2013-2014)),2026-02-08,Domingo,1.5,road running,Infantil,24.0,13.0,l'Alcúdia,València / Valencia,Comunitat Valenciana,206-2147,206-2147-3630,XXXVII VOLTA A PEU A L´ALCÚDIA,Infantil (2013-2014),1500
cronorunner,XXXVII VOLTA A PEU A L´ALCÚDIA (Cadet (2009-2009)),2026-02-08,Domingo,2.0,road running,Infantil,8.0,9.0,l'Alcúdia,València / Valencia,Comunitat Valenciana,206-2147,206-2147-3631,XXXVII VOLTA A PEU A L´ALCÚDIA,Cadet (2009-2009),2000
cronorunner,XXXVII VOLTA A PEU A L´ALCÚDIA (10km),2026-02-08,Domingo,10.0,road running,Absoluta/General,137.0,521.0,l'Alcúdia,València / Valencia,Comunitat Valenciana,206-2147,206-2147-3552,XXXVII VOLTA A PEU A L´ALCÚDIA,10km,10000
cronorunner,VI VOLTA A PEU BENÉFICA FALLA EL RABAL (Fila 0 (NO CORRO)),2026-02-08,Domingo,0.0,road running,Absoluta/General,,,Catarroja,l'Horta Sud,Comunitat Valenciana,316-1987,316-1987-3133,VI VOLTA A PEU BENÉFICA FALLA EL RABAL,Fila 0 (NO CORRO),0
cronorunner,VI VOLTA A PEU BENÉFICA FALLA EL RABAL (6km),2026-02-08,Domingo,6.0,road running,Absoluta/General,122.0,239.0,Catarroja,l'Horta Sud,Comunitat Valenciana,316-1987,316-1987-3128,VI VOLTA A PEU BENÉFICA FALLA EL RABAL,6km,6000
cronorunner,VI VOLTA A PEU BENÉFICA FALLA EL RABAL (Marcha),2026-02-08,Domingo,2.5,marcha,Absoluta/General,,,Catarroja,l'Horta Sud,Comunitat Valenciana,316-1987,316-1987-3545,VI VOLTA A PEU BENÉFICA FALLA EL RABAL,Marcha,2500
cronorunner,X TRAILKIDS 3 PICS LES RODANES VILAMARXANT (Querubí (2021-2022)),2026-01-24,Sábado,0.3,trail running,Absoluta/General,,,Vilamarxant,València / Valencia,Comunitat Valenciana,449-2153,449-2153-3562,X TRAILKIDS 3 PICS LES RODANES VILAMARXANT,Querubí (2021-2022),300
cronorunner,X TRAILKIDS 3 PICS LES RODANES VILAMARXANT (Prebenjamin (2019-2020)),2026-01-24,Sábado,0.3,trail running,Infantil,,,Vilamarxant,València / Valencia,Comunitat Valenciana,449-2153,449-2153-3563,X TRAILKIDS 3 PICS LES RODANES VILAMARXANT,Prebenjamin (2019-2020),300
cronorunner,X TRAILKIDS 3 PICS LES RODANES VILAMARXANT (Alevin (2015-2016)),2026-01-24,Sábado,1.0,trail running,Infantil,,,Vilamarxant,València / Valencia,Comunitat Valenciana,449-2153,449-2153-3565,X TRAILKIDS 3 PICS LES RODANES VILAMARXANT,Alevin (2015-2016),1000
cronorunner,X TRAILKIDS 3 PICS LES RODANES VILAMARXANT (Infantil (2013-2014)),2026-01-24,Sábado,1.5,trail running,Infantil,,,Vilamarxant,València / Valencia,Comunitat Valenciana,449-2153,449-2153-3566,X TRAILKIDS 3 PICS LES RODANES VILAMARXANT,Infantil (2013-2014),1500
cronorunner,X TRAILKIDS 3 PICS LES RODANES VILAMARXANT (Cadet (2011-2012)),2026-01-24,Sábado,2.0,trail running,Infantil,,,Vilamarxant,València / Valencia,Comunitat Valenciana,449-2153,449-2153-3567,X TRAILKIDS 3 PICS LES RODANES VILAMARXANT,Cadet (2011-2012),2000
cronorunner,X TRAILKIDS 3 PICS LES RODANES VILAMARXANT (Benjamin (2017-2018)),2026-01-24,Sábado,0.6,trail running,Infantil,,,Vilamarxant,València / Valencia,Comunitat Valenciana,449-2153,449-2153-3564,X TRAILKIDS 3 PICS LES RODANES VILAMARXANT,Benjamin (2017-2018),600
cronorunner,8K SANT ANTONI FORTALENY (8k),2026-01-18,Domingo,8.0,road running,Absoluta/General,74.0,217.0,Fortaleny,València / Valencia,Comunitat Valenciana,358-2137,358-2137-3548,8K SANT ANTONI FORTALENY,8k,8000
cronorunner,8K SANT ANTONI FORTALENY (Marcha 4km),2026-01-18,Domingo,4.0,marcha,Absoluta/General,,,Fortaleny,València / Valencia,Comunitat Valenciana,358-2137,358-2137-3549,8K SANT ANTONI FORTALENY,Marcha 4km,4000
cronorunner,IV CARRERA SANT ROQUENSE MUSEROS (FILA 0 - NO CORRO),2026-01-17,Sábado,0.0,road running,Absoluta/General,,,Museros,l'Horta Nord,Comunitat Valenciana,642-2146,642-2146-3596,IV CARRERA SANT ROQUENSE MUSEROS,FILA 0 - NO CORRO,0
cronorunner,"IV CARRERA SANT ROQUENSE MUSEROS (Marxa 2,5km)",2026-01-17,Sábado,2.5,road running,Absoluta/General,,,Museros,l'Horta Nord,Comunitat Valenciana,642-2146,642-2146-3550,IV CARRERA SANT ROQUENSE MUSEROS,"Marxa 2,5km",2500
cronorunner,IV CARRERA SANT ROQUENSE MUSEROS (Carrera 5km),2026-01-17,Sábado,5.0,road running,Absoluta/General,,,Museros,l'Horta Nord,Comunitat Valenciana,642-2146,642-2146-3551,IV CARRERA SANT ROQUENSE MUSEROS,Carrera 5km,5000
cronorunner,IX SANT SILVESTRE CIUTAT DE CARLET (Cursa (5k)),2025-12-30,Martes,5.0,road running,Absoluta/General,36.0,158.0,Carlet,València / Valencia,Comunitat Valenciana,640-2151,640-2151-3556,IX SANT SILVESTRE CIUTAT DE CARLET,Cursa (5k),5000
cronorunner,IX SANT SILVESTRE CIUTAT DE CARLET (Caminata),2025-12-30,Martes,0.0,road running,Absoluta/General,,,Carlet,València / Valencia,Comunitat Valenciana,640-2151,640-2151-3557,IX SANT SILVESTRE CIUTAT DE CARLET,Caminata,0
cronorunner,X SAN SILVESTRE SOLIDARIA POBLA DE FARNALS (Prechupetín (2023-2024)),2025-12-29,Lunes,0.05,road running,Infantil,,,la Pobla de Farnals,l'Horta Nord,Comunitat Valenciana,421-2136,421-2136-3538,X SAN SILVESTRE SOLIDARIA POBLA DE FARNALS,Prechupetín (2023-2024),50
cronorunner,X SAN SILVESTRE SOLIDARIA POBLA DE FARNALS (Chupetín (2022-2021)),2025-12-29,Lunes,0.1,road running,Infantil,,,la Pobla de Farnals,l'Horta Nord,Comunitat Valenciana,421-2136,421-2136-3539,X SAN SILVESTRE SOLIDARIA POBLA DE FARNALS,Chupetín (2022-2021),100
cronorunner,X SAN SILVESTRE SOLIDARIA POBLA DE FARNALS (Prebenjamín (2019-2020)),2025-12-29,Lunes,0.25,road running,Infantil,,,la Pobla de Farnals,l'Horta Nord,Comunitat Valenciana,421-2136,421-2136-3540,X SAN SILVESTRE SOLIDARIA POBLA DE FARNALS,Prebenjamín (2019-2020),250
cronorunner,X SAN SILVESTRE SOLIDARIA POBLA DE FARNALS (Benjamín (2017-2018)),2025-12-29,Lunes,0.5,road running,Infantil,,,la Pobla de Farnals,l'Horta Nord,Comunitat Valenciana,421-2136,421-2136-3541,X SAN SILVESTRE SOLIDARIA POBLA DE FARNALS,Benjamín (2017-2018),500
cronorunner,X SAN SILVESTRE SOLIDARIA POBLA DE FARNALS (Alevín (2015-2016)),2025-12-29,Lunes,0.75,road running,Infantil,,,la Pobla de Farnals,l'Horta Nord,Comunitat Valenciana,421-2136,421-2136-3542,X SAN SILVESTRE SOLIDARIA POBLA DE FARNALS,Alevín (2015-2016),750
cronorunner,X SAN SILVESTRE SOLIDARIA POBLA DE FARNALS (Infantil (2013-2014)),2025-12-29,Lunes,1.0,road running,Infantil,,,la Pobla de Farnals,l'Horta Nord,Comunitat Valenciana,421-2136,421-2136-3543,X SAN SILVESTRE SOLIDARIA POBLA DE FARNALS,Infantil (2013-2014),1000
cronorunner,X SAN SILVESTRE SOLIDARIA POBLA DE FARNALS (5km),2025-12-29,Lunes,5.0,road running,Absoluta/General,69.0,182.0,la Pobla de Farnals,l'Horta Nord,Comunitat Valenciana,421-2136,421-2136-3537,X SAN SILVESTRE SOLIDARIA POBLA DE FARNALS,5km,5000
cronorunner,"IX SANT SILVESTRE DE MONTSERRAT (3,1km MARCHA)",2025-12-28,Domingo,3.1,marcha,Absoluta/General,,,Montserrat,València / Valencia,Comunitat Valenciana,422-2134,422-2134-3546,IX SANT SILVESTRE DE MONTSERRAT,"3,1km MARCHA",3100
cronorunner,"IX SANT SILVESTRE DE MONTSERRAT (4, 5KM Carrera)",2025-12-28,Domingo,4.5,road running,Absoluta/General,,,Montserrat,València / Valencia,Comunitat Valenciana,422-2134,422-2134-3547,IX SANT SILVESTRE DE MONTSERRAT,"4, 5KM Carrera",4500
cronorunner,IX SANT SILVESTRE D'ALMUSSAFES (1000 m ( de 9 a 12 anys)),2025-12-27,Sábado,1.0,road running,Absoluta/General,,,Almussafes,València / Valencia,Comunitat Valenciana,416-2139,416-2139-3532,IX SANT SILVESTRE D'ALMUSSAFES,1000 m ( de 9 a 12 anys),1000
cronorunner,IX SANT SILVESTRE D'ALMUSSAFES (500 m (de 4 a 8 anys)),2025-12-27,Sábado,0.5,road running,Absoluta/General,,,Almussafes,València / Valencia,Comunitat Valenciana,416-2139,416-2139-3533,IX SANT SILVESTRE D'ALMUSSAFES,500 m (de 4 a 8 anys),500
cronorunner,IX SANT SILVESTRE D'ALMUSSAFES (5k (a partir de 13 anys)),2025-12-27,Sábado,5.0,road running,Absoluta/General,,,Almussafes,València / Valencia,Comunitat Valenciana,416-2139,416-2139-3531,IX SANT SILVESTRE D'ALMUSSAFES,5k (a partir de 13 anys),5000
cronorunner,X SANSIL TRAIL CALLES,2025-12-21,Domingo,11.6,trail running,Absoluta/General,96.0,191.0,Calles,La Serranía,Comunitat Valenciana,623-2070,623-2070-3523,X SANSIL TRAIL CALLES,"11,6km",11600
cronorunner,V SANT SILVESTRE CIUTAT DE XIRIVELLA,2025-12-21,Domingo,3.43,road running,Absoluta/General,,,Xirivella,l'Horta Sud,Comunitat Valenciana,625-2119,625-2119-3558,V SANT SILVESTRE CIUTAT DE XIRIVELLA,Carrera absoluta,3430
cronorunner,XII 10K Arco Foios per la Fibrosi Quistica (Querubin (0 a 4 años)),2025-12-21,Domingo,0.05,road running,Absoluta/General,,,Foios,l'Horta Nord,Comunitat Valenciana,468-2133,468-2133-3516,XII 10K Arco Foios per la Fibrosi Quistica,Querubin (0 a 4 años),50
cronorunner,XII 10K Arco Foios per la Fibrosi Quistica (Prebenjamin (5 a 7 años)),2025-12-21,Domingo,0.1,road running,Infantil,,,Foios,l'Horta Nord,Comunitat Valenciana,468-2133,468-2133-3517,XII 10K Arco Foios per la Fibrosi Quistica,Prebenjamin (5 a 7 años),100
cronorunner,XII 10K Arco Foios per la Fibrosi Quistica (Benjamin (8 a 10 años)),2025-12-21,Domingo,0.25,road running,Infantil,,,Foios,l'Horta Nord,Comunitat Valenciana,468-2133,468-2133-3518,XII 10K Arco Foios per la Fibrosi Quistica,Benjamin (8 a 10 años),250
cronorunner,XII 10K Arco Foios per la Fibrosi Quistica (Alevin (11 a 12 años)),2025-12-21,Domingo,0.5,road running,Infantil,,,Foios,l'Horta Nord,Comunitat Valenciana,468-2133,468-2133-3519,XII 10K Arco Foios per la Fibrosi Quistica,Alevin (11 a 12 años),500
cronorunner,XII 10K Arco Foios per la Fibrosi Quistica (Infantil (13 a 14 años)),2025-12-21,Domingo,1.0,road running,Infantil,,,Foios,l'Horta Nord,Comunitat Valenciana,468-2133,468-2133-3520,XII 10K Arco Foios per la Fibrosi Quistica,Infantil (13 a 14 años),1000
cronorunner,"XII 10K Arco Foios per la Fibrosi Quistica (Dorsal 0 (Colaboración a partir de 1€, no corro))",2025-12-21,Domingo,0.0,road running,Absoluta/General,,,Foios,l'Horta Nord,Comunitat Valenciana,468-2133,468-2133-3521,XII 10K Arco Foios per la Fibrosi Quistica,"Dorsal 0 (Colaboración a partir de 1€, no corro)",0
cronorunner,XII 10K Arco Foios per la Fibrosi Quistica (Compra Camiseta (No Corro)),2025-12-21,Domingo,0.0,road running,Absoluta/General,,,Foios,l'Horta Nord,Comunitat Valenciana,468-2133,468-2133-3522,XII 10K Arco Foios per la Fibrosi Quistica,Compra Camiseta (No Corro),0
cronorunner,XII 10K Arco Foios per la Fibrosi Quistica (10KM),2025-12-21,Domingo,10.0,road running,Absoluta/General,294.0,705.0,Foios,l'Horta Nord,Comunitat Valenciana,468-2133,468-2133-3515,XII 10K Arco Foios per la Fibrosi Quistica,10KM,10000
cronorunner,III SANT SILVESTRE CARCAIXENT BRESSOL DE LA TARONJA (Carrera 5k),2025-12-21,Domingo,5.0,road running,Absoluta/General,38.0,120.0,Carcaixent,València / Valencia,Comunitat Valenciana,570-2150,570-2150-3554,III SANT SILVESTRE CARCAIXENT BRESSOL DE LA TARONJA,Carrera 5k,5000
cronorunner,"III SANT SILVESTRE CARCAIXENT BRESSOL DE LA TARONJA (Marcha 3,5k)",2025-12-21,Domingo,3.5,marcha,Absoluta/General,,,Carcaixent,València / Valencia,Comunitat Valenciana,570-2150,570-2150-3555,III SANT SILVESTRE CARCAIXENT BRESSOL DE LA TARONJA,"Marcha 3,5k",3500
cronorunner,XXIII CURSA DE NADAL BÉTERA (SUB 6 XUPETÍ),2025-12-20,Sábado,0.1,road running,Absoluta/General,,,Bétera,València / Valencia,Comunitat Valenciana,361-2088,361-2088-3526,XXIII CURSA DE NADAL BÉTERA,SUB 6 XUPETÍ,100
cronorunner,XXIII CURSA DE NADAL BÉTERA (SUB 8 PREBENJAMÍ),2025-12-20,Sábado,0.2,road running,Infantil,,,Bétera,València / Valencia,Comunitat Valenciana,361-2088,361-2088-3527,XXIII CURSA DE NADAL BÉTERA,SUB 8 PREBENJAMÍ,200
cronorunner,XXIII CURSA DE NADAL BÉTERA (SUB 10 BENJAMÍ),2025-12-20,Sábado,0.4,road running,Infantil,,,Bétera,València / Valencia,Comunitat Valenciana,361-2088,361-2088-3528,XXIII CURSA DE NADAL BÉTERA,SUB 10 BENJAMÍ,400
cronorunner,XXIII CURSA DE NADAL BÉTERA (SUB 12 ALEVÍ),2025-12-20,Sábado,0.8,road running,Absoluta/General,,,Bétera,València / Valencia,Comunitat Valenciana,361-2088,361-2088-3529,XXIII CURSA DE NADAL BÉTERA,SUB 12 ALEVÍ,800
cronorunner,XXIII CURSA DE NADAL BÉTERA (5km),2025-12-20,Sábado,5.0,road running,Absoluta/General,129.0,286.0,Bétera,València / Valencia,Comunitat Valenciana,361-2088,361-2088-3289,XXIII CURSA DE NADAL BÉTERA,5km,5000
cronorunner,X 10k y 5K DINOSAURIS MONCADA (10k),2025-11-30,Domingo,10.0,road running,Absoluta/General,195.0,346.0,Montcada / Moncada,l'Horta Nord,Comunitat Valenciana,351-2059,351-2059-3491,X 10k y 5K DINOSAURIS MONCADA,10k,10000
cronorunner,X 10k y 5K DINOSAURIS MONCADA (5km),2025-11-30,Domingo,5.0,road running,Absoluta/General,151.0,163.0,Montcada / Moncada,l'Horta Nord,Comunitat Valenciana,351-2059,351-2059-3492,X 10k y 5K DINOSAURIS MONCADA,5km,5000
cronorunner,VII GRAN FONS I CARRERA TRENCANT BARRERES PER LA SALUT MENTAL DE SUECA (Gran Fons (15k)),2025-11-30,Domingo,15.0,road running,Absoluta/General,32.0,112.0,Sueca,València / Valencia,Comunitat Valenciana,565-2075,565-2075-3500,VII GRAN FONS I CARRERA TRENCANT BARRERES PER LA SALUT MENTAL DE SUECA,Gran Fons (15k),15000
cronorunner,"VII GRAN FONS I CARRERA TRENCANT BARRERES PER LA SALUT MENTAL DE SUECA (Carrera (8,5km))",2025-11-30,Domingo,8.5,road running,Absoluta/General,76.0,123.0,Sueca,València / Valencia,Comunitat Valenciana,565-2075,565-2075-3501,VII GRAN FONS I CARRERA TRENCANT BARRERES PER LA SALUT MENTAL DE SUECA,"Carrera (8,5km)",8500
cronorunner,"VII GRAN FONS I CARRERA TRENCANT BARRERES PER LA SALUT MENTAL DE SUECA (Caminata (5,5km))",2025-11-30,Domingo,5.5,road running,Absoluta/General,,,Sueca,València / Valencia,Comunitat Valenciana,565-2075,565-2075-3502,VII GRAN FONS I CARRERA TRENCANT BARRERES PER LA SALUT MENTAL DE SUECA,"Caminata (5,5km)",5500
cronorunner,X 10K DULCES DE CASINOS (10KM),2025-11-29,Sábado,10.0,road running,Absoluta/General,67.0,225.0,Casinos,València / Valencia,Comunitat Valenciana,467-2087,467-2087-3288,X 10K DULCES DE CASINOS,10KM,10000
cronorunner,X 10K DULCES DE CASINOS (Minibenjamin (0 a 5 años)),2025-11-29,Sábado,0.06,road running,Infantil,,,Casinos,València / Valencia,Comunitat Valenciana,467-2087,467-2087-3493,X 10K DULCES DE CASINOS,Minibenjamin (0 a 5 años),60
cronorunner,X 10K DULCES DE CASINOS (Prebenjamin (6 a 7 años)),2025-11-29,Sábado,0.1,road running,Infantil,,,Casinos,València / Valencia,Comunitat Valenciana,467-2087,467-2087-3494,X 10K DULCES DE CASINOS,Prebenjamin (6 a 7 años),100
cronorunner,X 10K DULCES DE CASINOS (Benjamin (8 a 9 años)),2025-11-29,Sábado,0.45,road running,Infantil,,,Casinos,València / Valencia,Comunitat Valenciana,467-2087,467-2087-3495,X 10K DULCES DE CASINOS,Benjamin (8 a 9 años),450
cronorunner,X 10K DULCES DE CASINOS (Alevin (10 a 12 años)),2025-11-29,Sábado,0.45,road running,Infantil,,,Casinos,València / Valencia,Comunitat Valenciana,467-2087,467-2087-3496,X 10K DULCES DE CASINOS,Alevin (10 a 12 años),450
cronorunner,X 10K DULCES DE CASINOS (Infantil (13 a 15 años)),2025-11-29,Sábado,0.9,road running,Infantil,,,Casinos,València / Valencia,Comunitat Valenciana,467-2087,467-2087-3497,X 10K DULCES DE CASINOS,Infantil (13 a 15 años),900
cronorunner,X 10K DULCES DE CASINOS (Cadete (16 a 17 años)),2025-11-29,Sábado,0.9,road running,Infantil,,,Casinos,València / Valencia,Comunitat Valenciana,467-2087,467-2087-3498,X 10K DULCES DE CASINOS,Cadete (16 a 17 años),900
cronorunner,VI TRAIL DE LLÍRIA - SANDRA VIDRIER (Trail Reina (20k)),2025-11-23,Domingo,20.0,trail running,Absoluta/General,20.0,96.0,Llíria,València / Valencia,Comunitat Valenciana,618-2121,618-2121-3476,VI TRAIL DE LLÍRIA - SANDRA VIDRIER,Trail Reina (20k),20000
cronorunner,"VI TRAIL DE LLÍRIA - SANDRA VIDRIER (Curt Trail (11,3km))",2025-11-23,Domingo,11.3,trail running,Absoluta/General,104.0,222.0,Llíria,València / Valencia,Comunitat Valenciana,618-2121,618-2121-3477,VI TRAIL DE LLÍRIA - SANDRA VIDRIER,"Curt Trail (11,3km)",11300
cronorunner,XXII 15K i I 5K VILA DE MASSAMAGRELL (Compra Camiseta (No Corro)),2025-11-23,Domingo,0.0,road running,Absoluta/General,,,Massamagrell,l'Horta Nord,Comunitat Valenciana,643-2037,643-2037-3524,XXII 15K i I 5K VILA DE MASSAMAGRELL,Compra Camiseta (No Corro),0
cronorunner,XXII 15K i I 5K VILA DE MASSAMAGRELL (Compra Manguitos (No Corro)),2025-11-23,Domingo,0.0,road running,Absoluta/General,,,Massamagrell,l'Horta Nord,Comunitat Valenciana,643-2037,643-2037-3525,XXII 15K i I 5K VILA DE MASSAMAGRELL,Compra Manguitos (No Corro),0
cronorunner,XXII 15K i I 5K VILA DE MASSAMAGRELL (5K MENORES),2025-11-23,Domingo,0.0,road running,Infantil,19.0,22.0,Massamagrell,l'Horta Nord,Comunitat Valenciana,643-2037,643-2037-3544,XXII 15K i I 5K VILA DE MASSAMAGRELL,5K MENORES,0
cronorunner,XXII 15K i I 5K VILA DE MASSAMAGRELL (15K),2025-11-23,Domingo,15.0,road running,Absoluta/General,134.0,413.0,Massamagrell,l'Horta Nord,Comunitat Valenciana,643-2037,643-2037-3220,XXII 15K i I 5K VILA DE MASSAMAGRELL,15K,15000
cronorunner,XXII 15K i I 5K VILA DE MASSAMAGRELL (5km),2025-11-23,Domingo,5.0,road running,Absoluta/General,115.0,219.0,Massamagrell,l'Horta Nord,Comunitat Valenciana,643-2037,643-2037-3265,XXII 15K i I 5K VILA DE MASSAMAGRELL,5km,5000
cronorunner,XLIV 10k y 5K MISLATA (10k),2025-11-16,Domingo,10.0,road running,Absoluta/General,126.0,318.0,Mislata,l'Horta Sud,Comunitat Valenciana,550-2097,550-2097-3513,XLIV 10k y 5K MISLATA,10k,10000
cronorunner,XLIV 10k y 5K MISLATA (5km),2025-11-16,Domingo,5.0,road running,Absoluta/General,136.0,194.0,Mislata,l'Horta Sud,Comunitat Valenciana,550-2097,550-2097-3514,XLIV 10k y 5K MISLATA,5km,5000
cronorunner,I 8K Burjassot (8K MENORES),2025-11-09,Domingo,0.0,road running,Infantil,2.0,11.0,Burjassot,l'Horta Nord,Comunitat Valenciana,660-2062,660-2062-3530,I 8K Burjassot,8K MENORES,0
cronorunner,I 8K Burjassot (8km),2025-11-09,Domingo,8.0,road running,Absoluta/General,173.0,435.0,Burjassot,l'Horta Nord,Comunitat Valenciana,660-2062,660-2062-3263,I 8K Burjassot,8km,8000
cronorunner,XXXV VOLTA A PEU VILAMARXANT (10k),2025-11-09,Domingo,10.0,road running,Absoluta/General,47.0,207.0,Vilamarxant,València / Valencia,Comunitat Valenciana,275-2085,275-2085-3286,XXXV VOLTA A PEU VILAMARXANT,10k,10000
cronorunner,XXXV VOLTA A PEU VILAMARXANT (Juvenil 5km (2008-2009)),2025-11-09,Domingo,5.0,road running,Infantil,1.0,3.0,Vilamarxant,València / Valencia,Comunitat Valenciana,275-2085,275-2085-3483,XXXV VOLTA A PEU VILAMARXANT,Juvenil 5km (2008-2009),5000
cronorunner,XXXV VOLTA A PEU VILAMARXANT (Cadet (2010-2011)),2025-11-09,Domingo,2.35,road running,Infantil,,,Vilamarxant,València / Valencia,Comunitat Valenciana,275-2085,275-2085-3484,XXXV VOLTA A PEU VILAMARXANT,Cadet (2010-2011),2350
cronorunner,XXXV VOLTA A PEU VILAMARXANT (Infantil (2012-2013)),2025-11-09,Domingo,1.2,road running,Infantil,,,Vilamarxant,València / Valencia,Comunitat Valenciana,275-2085,275-2085-3485,XXXV VOLTA A PEU VILAMARXANT,Infantil (2012-2013),1200
cronorunner,XXXV VOLTA A PEU VILAMARXANT (Aleví (2014-2015)),2025-11-09,Domingo,0.6,road running,Absoluta/General,,,Vilamarxant,València / Valencia,Comunitat Valenciana,275-2085,275-2085-3486,XXXV VOLTA A PEU VILAMARXANT,Aleví (2014-2015),600
cronorunner,XXXV VOLTA A PEU VILAMARXANT (Benjamí (2016-2017)),2025-11-09,Domingo,0.43,road running,Infantil,,,Vilamarxant,València / Valencia,Comunitat Valenciana,275-2085,275-2085-3487,XXXV VOLTA A PEU VILAMARXANT,Benjamí (2016-2017),430
cronorunner,XXXV VOLTA A PEU VILAMARXANT (Prebenjamí (2018-2019)),2025-11-09,Domingo,0.25,road running,Infantil,,,Vilamarxant,València / Valencia,Comunitat Valenciana,275-2085,275-2085-3488,XXXV VOLTA A PEU VILAMARXANT,Prebenjamí (2018-2019),250
cronorunner,XXXV VOLTA A PEU VILAMARXANT (Menudets (2020 i posteriors)),2025-11-09,Domingo,0.1,road running,Absoluta/General,,,Vilamarxant,València / Valencia,Comunitat Valenciana,275-2085,275-2085-3489,XXXV VOLTA A PEU VILAMARXANT,Menudets (2020 i posteriors),100
cronorunner,XIII GALA FINAL DEL CIRCUIT CAIXA POPULAR RIBERA DE XÚQUER,2025-11-07,Viernes,0.0,road running,Absoluta/General,,,Cullera,València / Valencia,Comunitat Valenciana,551-2127,551-2127-3509,XIII GALA FINAL DEL CIRCUIT CAIXA POPULAR RIBERA DE XÚQUER,Elección Tallaje Chaqueta (10 carreras completadas),0
cronorunner,VI 10K SOLIDARIA DE MARINES,2025-11-02,Domingo,10.0,road running,Absoluta/General,53.0,167.0,Marines,València / Valencia,Comunitat Valenciana,555-2086,555-2086-3287,VI 10K SOLIDARIA DE MARINES,10k,10000
cronorunner,XI 10k y la VII Caminata de la Miel (Caminata 5k),2025-11-02,Domingo,5.0,road running,Absoluta/General,,,Montroi / Montroy,València / Valencia,Comunitat Valenciana,409-2132,409-2132-3512,XI 10k y la VII Caminata de la Miel,Caminata 5k,5000
cronorunner,XI 10k y la VII Caminata de la Miel (10k),2025-11-02,Domingo,10.0,road running,Absoluta/General,38.0,120.0,Montroi / Montroy,València / Valencia,Comunitat Valenciana,409-2132,409-2132-3511,XI 10k y la VII Caminata de la Miel,10k,10000
cronorunner,V TRAIL SANTA BÁRBARA  PINA DE MONTALGRAO-VILLANUEVA DE VIVER (Modalidad 2 (14km)),2025-10-19,Domingo,14.0,trail running,Absoluta/General,21.0,95.0,Pina de Montalgrao,Castelló / Castellón,Comunitat Valenciana,540-2107,540-2107-3366,V TRAIL SANTA BÁRBARA  PINA DE MONTALGRAO-VILLANUEVA DE VIVER,Modalidad 2 (14km),14000
cronorunner,"V TRAIL SANTA BÁRBARA  PINA DE MONTALGRAO-VILLANUEVA DE VIVER (Modalidad 1 (5,5km))",2025-10-19,Domingo,5.5,trail running,Absoluta/General,85.0,82.0,Pina de Montalgrao,Castelló / Castellón,Comunitat Valenciana,540-2107,540-2107-3365,V TRAIL SANTA BÁRBARA  PINA DE MONTALGRAO-VILLANUEVA DE VIVER,"Modalidad 1 (5,5km)",5500
cronorunner,XXVII GRAN FONS VILA DE PATERNA,2025-10-19,Domingo,15.0,road running,Absoluta/General,121.0,525.0,Paterna,l'Horta Nord,Comunitat Valenciana,645-2110,645-2110-3398,XXVII GRAN FONS VILA DE PATERNA,15k,15000
cronorunner,37 VOLTA A PEU A LA POBLA LLARGA MEMORIAL JULIO SALOM,2025-10-18,Sábado,8.0,road running,Absoluta/General,49.0,154.0,la Pobla Llarga,València / Valencia,Comunitat Valenciana,16-2126,16-2126-3490,37 VOLTA A PEU A LA POBLA LLARGA MEMORIAL JULIO SALOM,8km,8000
cronorunner,VII CARRERA Y CAMINATA SOLIDARIA BENETÚSSER (Dorsal 0),2025-10-05,Domingo,0.0,road running,Absoluta/General,,,Benetússer,l'Horta Sud,Comunitat Valenciana,541-2092,541-2092-3425,VII CARRERA Y CAMINATA SOLIDARIA BENETÚSSER,Dorsal 0,0
cronorunner,VII CARRERA Y CAMINATA SOLIDARIA BENETÚSSER (Carrera (5km)),2025-10-05,Domingo,5.0,road running,Absoluta/General,46.0,82.0,Benetússer,l'Horta Sud,Comunitat Valenciana,541-2092,541-2092-3423,VII CARRERA Y CAMINATA SOLIDARIA BENETÚSSER,Carrera (5km),5000
cronorunner,VII CARRERA Y CAMINATA SOLIDARIA BENETÚSSER (Caminata (3km)),2025-10-05,Domingo,3.0,road running,Absoluta/General,,,Benetússer,l'Horta Sud,Comunitat Valenciana,541-2092,541-2092-3424,VII CARRERA Y CAMINATA SOLIDARIA BENETÚSSER,Caminata (3km),3000
cronorunner,III GRAN FONS XIRIVELLA,2025-10-05,Domingo,15.0,road running,Absoluta/General,34.0,129.0,Xirivella,l'Horta Sud,Comunitat Valenciana,631-2120,631-2120-3482,III GRAN FONS XIRIVELLA,Gran Fons,15000
cronorunner,VII 10K i III 5K RAFELBUNYOL (5K MENORES),2025-10-05,Domingo,0.0,road running,Infantil,12.0,18.0,Rafelbunyol,l'Horta Nord,Comunitat Valenciana,381-2035,381-2035-3510,VII 10K i III 5K RAFELBUNYOL,5K MENORES,0
cronorunner,VII 10K i III 5K RAFELBUNYOL (5km),2025-10-05,Domingo,5.0,road running,Absoluta/General,37.0,78.0,Rafelbunyol,l'Horta Nord,Comunitat Valenciana,381-2035,381-2035-3264,VII 10K i III 5K RAFELBUNYOL,5km,5000
cronorunner,VII 10K i III 5K RAFELBUNYOL (10km),2025-10-05,Domingo,10.0,road running,Absoluta/General,113.0,263.0,Rafelbunyol,l'Horta Nord,Comunitat Valenciana,381-2035,381-2035-3218,VII 10K i III 5K RAFELBUNYOL,10km,10000
cronorunner,XLV VOLTA A PEU CARCAIXENT (Compra Toalla (No Corro)),2025-10-04,Sábado,0.0,road running,Absoluta/General,,,Carcaixent,València / Valencia,Comunitat Valenciana,494-2016,494-2016-3481,XLV VOLTA A PEU CARCAIXENT,Compra Toalla (No Corro),0
cronorunner,XLV VOLTA A PEU CARCAIXENT (10km),2025-10-04,Sábado,10.0,road running,Absoluta/General,116.0,319.0,Carcaixent,València / Valencia,Comunitat Valenciana,494-2016,494-2016-3194,XLV VOLTA A PEU CARCAIXENT,10km,10000
cronorunner,XL VOLTA A PEU PORT DE CATARROJA,2025-10-04,Sábado,10.0,road running,Absoluta/General,102.0,380.0,Catarroja,l'Horta Sud,Comunitat Valenciana,156-2026,156-2026-3204,XL VOLTA A PEU PORT DE CATARROJA,10km,10000
cronorunner,VIII PICATRAIL (Trail (19km)),2025-09-28,Domingo,19.0,trail running,Absoluta/General,,,Picassent,l'Horta Sud,Comunitat Valenciana,535-2071,535-2071-3467,VIII PICATRAIL,Trail (19km),19000
cronorunner,VIII PICATRAIL (Sprint trail (11km)),2025-09-28,Domingo,11.0,trail running,Absoluta/General,33.0,131.0,Picassent,l'Horta Sud,Comunitat Valenciana,535-2071,535-2071-3468,VIII PICATRAIL,Sprint trail (11km),11000
cronorunner,VIII PICATRAIL (Caminata (11km)),2025-09-28,Domingo,11.0,trail running,Absoluta/General,,,Picassent,l'Horta Sud,Comunitat Valenciana,535-2071,535-2071-3469,VIII PICATRAIL,Caminata (11km),11000
cronorunner,CAMINADA SOLIDÀRIA - RIOLA CONTRA LA VIOLÈNCIA VICÀRIA,2025-09-28,Domingo,5.0,road running,Absoluta/General,,,Riola,València / Valencia,Comunitat Valenciana,661-2125,661-2125-3479,CAMINADA SOLIDÀRIA - RIOLA CONTRA LA VIOLÈNCIA VICÀRIA,Caminada,5000
cronorunner,36 VOLTA A PEU SUECA (8k),2025-09-28,Domingo,8.0,road running,Absoluta/General,60.0,160.0,Sueca,València / Valencia,Comunitat Valenciana,626-2040,626-2040-3411,36 VOLTA A PEU SUECA,8k,8000
cronorunner,36 VOLTA A PEU SUECA (Caminada 6k),2025-09-28,Domingo,6.0,road running,Absoluta/General,32.0,9.0,Sueca,València / Valencia,Comunitat Valenciana,626-2040,626-2040-3412,36 VOLTA A PEU SUECA,Caminada 6k,6000
cronorunner,XXXII VOLTA A PEU CIUTAT DE CARLET (Benjamins),2025-09-27,Sábado,0.5,road running,Infantil,18.0,16.0,Carlet,València / Valencia,Comunitat Valenciana,308-2015,308-2015-3419,XXXII VOLTA A PEU CIUTAT DE CARLET,Benjamins,500
cronorunner,XXXII VOLTA A PEU CIUTAT DE CARLET (Alevins 2014 - 2015),2025-09-27,Sábado,1.0,road running,Infantil,18.0,22.0,Carlet,València / Valencia,Comunitat Valenciana,308-2015,308-2015-3420,XXXII VOLTA A PEU CIUTAT DE CARLET,Alevins 2014 - 2015,1000
cronorunner,XXXII VOLTA A PEU CIUTAT DE CARLET (Infantils 2012 - 2013),2025-09-27,Sábado,1.5,road running,Infantil,14.0,5.0,Carlet,València / Valencia,Comunitat Valenciana,308-2015,308-2015-3421,XXXII VOLTA A PEU CIUTAT DE CARLET,Infantils 2012 - 2013,1500
cronorunner,XXXII VOLTA A PEU CIUTAT DE CARLET (Cadets 2008 - 2011),2025-09-27,Sábado,2.0,road running,Infantil,3.0,14.0,Carlet,València / Valencia,Comunitat Valenciana,308-2015,308-2015-3422,XXXII VOLTA A PEU CIUTAT DE CARLET,Cadets 2008 - 2011,2000
cronorunner,XXXII VOLTA A PEU CIUTAT DE CARLET (10km),2025-09-27,Sábado,10.0,road running,Absoluta/General,77.0,306.0,Carlet,València / Valencia,Comunitat Valenciana,308-2015,308-2015-3193,XXXII VOLTA A PEU CIUTAT DE CARLET,10km,10000
cronorunner,VIII GRAN FONS TRITONS ALBALAT DE LA RIBERA (15km),2025-09-21,Domingo,15.0,road running,Absoluta/General,27.0,115.0,Relleu,la Marina Baixa,Comunitat Valenciana,354-2076,354-2076-3426,VIII GRAN FONS TRITONS ALBALAT DE LA RIBERA,15km,15000
cronorunner,"VIII GRAN FONS TRITONS ALBALAT DE LA RIBERA (7,5km)",2025-09-21,Domingo,7.5,road running,Absoluta/General,26.0,46.0,Relleu,la Marina Baixa,Comunitat Valenciana,354-2076,354-2076-3427,VIII GRAN FONS TRITONS ALBALAT DE LA RIBERA,"7,5km",7500
cronorunner,XXXV VOLTA A PEU QUART DE POBLET,2025-09-20,Sábado,8.2,road running,Absoluta/General,163.0,399.0,Quart de Poblet,l'Horta Sud,Comunitat Valenciana,400-2058,400-2058-3478,XXXV VOLTA A PEU QUART DE POBLET,"8,2KM",8200
cronorunner,IV 7k MUSEROS (Compro camiseta (No corro)),2025-09-20,Sábado,0.0,road running,Absoluta/General,,,Museros,l'Horta Nord,Comunitat Valenciana,610-2036,610-2036-3460,IV 7k MUSEROS,Compro camiseta (No corro),0
cronorunner,IV 7k MUSEROS (MENORES),2025-09-20,Sábado,0.0,road running,Infantil,9.0,11.0,Museros,l'Horta Nord,Comunitat Valenciana,610-2036,610-2036-3503,IV 7k MUSEROS,MENORES,0
cronorunner,IV 7k MUSEROS (7k),2025-09-20,Sábado,7.0,road running,Absoluta/General,111.0,317.0,Museros,l'Horta Nord,Comunitat Valenciana,610-2036,610-2036-3219,IV 7k MUSEROS,7k,7000
cronorunner,XIV VOLTA A PEU BENISSANÓ,2025-09-13,Sábado,7.0,road running,Absoluta/General,62.0,183.0,Benissanó,València / Valencia,Comunitat Valenciana,553-2084,553-2084-3290,XIV VOLTA A PEU BENISSANÓ,7K,7000
cronorunner,XXIII VOLTA A PEU CATADAU (Minibenjamín (2021-2025)),2025-09-13,Sábado,0.1,road running,Infantil,,,Catadau,València / Valencia,Comunitat Valenciana,299-2014,299-2014-3461,XXIII VOLTA A PEU CATADAU,Minibenjamín (2021-2025),100
cronorunner,XXIII VOLTA A PEU CATADAU (Prebenjamín (2018-2020)),2025-09-13,Sábado,0.1,road running,Infantil,,,Catadau,València / Valencia,Comunitat Valenciana,299-2014,299-2014-3462,XXIII VOLTA A PEU CATADAU,Prebenjamín (2018-2020),100
cronorunner,XXIII VOLTA A PEU CATADAU (Benjamín (20156-2017)),2025-09-13,Sábado,0.4,road running,Infantil,6.0,8.0,Catadau,València / Valencia,Comunitat Valenciana,299-2014,299-2014-3463,XXIII VOLTA A PEU CATADAU,Benjamín (20156-2017),400
cronorunner,XXIII VOLTA A PEU CATADAU (Alevins (2014-2015)),2025-09-13,Sábado,1.0,road running,Infantil,7.0,13.0,Catadau,València / Valencia,Comunitat Valenciana,299-2014,299-2014-3464,XXIII VOLTA A PEU CATADAU,Alevins (2014-2015),1000
cronorunner,XXIII VOLTA A PEU CATADAU (Infantils (2012-2013)),2025-09-13,Sábado,1.4,road running,Infantil,9.0,3.0,Catadau,València / Valencia,Comunitat Valenciana,299-2014,299-2014-3465,XXIII VOLTA A PEU CATADAU,Infantils (2012-2013),1400
cronorunner,XXIII VOLTA A PEU CATADAU (Cadets (2008-2011)),2025-09-13,Sábado,2.0,road running,Infantil,1.0,3.0,Catadau,València / Valencia,Comunitat Valenciana,299-2014,299-2014-3466,XXIII VOLTA A PEU CATADAU,Cadets (2008-2011),2000
cronorunner,XXIII VOLTA A PEU CATADAU (9KM),2025-09-13,Sábado,9.0,road running,Absoluta/General,50.0,200.0,Catadau,València / Valencia,Comunitat Valenciana,299-2014,299-2014-3192,XXIII VOLTA A PEU CATADAU,9KM,9000
cronorunner,XII GRAN FONS NOCTURN ALFAFAR (Compra Camiseta (No Corro)),2025-09-13,Sábado,0.0,road running,Absoluta/General,,,Alfafar,l'Horta Sud,Comunitat Valenciana,444-2025,444-2025-3434,XII GRAN FONS NOCTURN ALFAFAR,Compra Camiseta (No Corro),0
cronorunner,XII GRAN FONS NOCTURN ALFAFAR (Compro Soft Flask (No corro)),2025-09-13,Sábado,0.0,road running,Absoluta/General,,,Alfafar,l'Horta Sud,Comunitat Valenciana,444-2025,444-2025-3435,XII GRAN FONS NOCTURN ALFAFAR,Compro Soft Flask (No corro),0
cronorunner,XII GRAN FONS NOCTURN ALFAFAR (15K),2025-09-13,Sábado,15.0,road running,Absoluta/General,76.0,356.0,Alfafar,l'Horta Sud,Comunitat Valenciana,444-2025,444-2025-3203,XII GRAN FONS NOCTURN ALFAFAR,15K,15000
cronorunner,XXXIII VOLTA A PEU EL PUIG (MENORES),2025-09-13,Sábado,0.0,road running,Infantil,7.0,13.0,el Puig de Santa Maria,l'Horta Nord,Comunitat Valenciana,432-2033,432-2033-3499,XXXIII VOLTA A PEU EL PUIG,MENORES,0
cronorunner,XXXIII VOLTA A PEU EL PUIG (Compra Camiseta (NO CORRO)),2025-09-13,Sábado,0.0,road running,Absoluta/General,,,el Puig de Santa Maria,l'Horta Nord,Comunitat Valenciana,432-2033,432-2033-3475,XXXIII VOLTA A PEU EL PUIG,Compra Camiseta (NO CORRO),0
cronorunner,XXXIII VOLTA A PEU EL PUIG (Querubín (2020-2024)),2025-09-13,Sábado,0.05,road running,Absoluta/General,,,el Puig de Santa Maria,l'Horta Nord,Comunitat Valenciana,432-2033,432-2033-3470,XXXIII VOLTA A PEU EL PUIG,Querubín (2020-2024),50
cronorunner,XXXIII VOLTA A PEU EL PUIG (Prebenjamín (2018-2019)),2025-09-13,Sábado,0.1,road running,Infantil,,,el Puig de Santa Maria,l'Horta Nord,Comunitat Valenciana,432-2033,432-2033-3471,XXXIII VOLTA A PEU EL PUIG,Prebenjamín (2018-2019),100
cronorunner,XXXIII VOLTA A PEU EL PUIG (Benjamín (2016-2017)),2025-09-13,Sábado,0.25,road running,Infantil,,,el Puig de Santa Maria,l'Horta Nord,Comunitat Valenciana,432-2033,432-2033-3472,XXXIII VOLTA A PEU EL PUIG,Benjamín (2016-2017),250
cronorunner,XXXIII VOLTA A PEU EL PUIG (Alevín (2014-2015)),2025-09-13,Sábado,0.0,road running,Infantil,,,el Puig de Santa Maria,l'Horta Nord,Comunitat Valenciana,432-2033,432-2033-3473,XXXIII VOLTA A PEU EL PUIG,Alevín (2014-2015),0
cronorunner,XXXIII VOLTA A PEU EL PUIG (Infantil (2012-2013)),2025-09-13,Sábado,1.0,road running,Infantil,,,el Puig de Santa Maria,l'Horta Nord,Comunitat Valenciana,432-2033,432-2033-3474,XXXIII VOLTA A PEU EL PUIG,Infantil (2012-2013),1000
cronorunner,XXXIII VOLTA A PEU EL PUIG (8k),2025-09-13,Sábado,8.0,road running,Absoluta/General,89.0,331.0,el Puig de Santa Maria,l'Horta Nord,Comunitat Valenciana,432-2033,432-2033-3216,XXXIII VOLTA A PEU EL PUIG,8k,8000
cronorunner,XXVIII VOLTA A PEU LA CANYADA (Sub 10 (Nacidos en 2016 y posteriores)),2025-08-30,Sábado,1.0,road running,Absoluta/General,,,Paterna,l'Horta Nord,Comunitat Valenciana,331-2114,331-2114-3400,XXVIII VOLTA A PEU LA CANYADA,Sub 10 (Nacidos en 2016 y posteriores),1000
cronorunner,XXVIII VOLTA A PEU LA CANYADA (Sub 14 (Nacidos entre 2012 y 2015)),2025-08-30,Sábado,1.0,road running,Absoluta/General,,,Paterna,l'Horta Nord,Comunitat Valenciana,331-2114,331-2114-3401,XXVIII VOLTA A PEU LA CANYADA,Sub 14 (Nacidos entre 2012 y 2015),1000
cronorunner,XXVIII VOLTA A PEU LA CANYADA (Carrera Absoluta),2025-08-30,Sábado,6.4,road running,Absoluta/General,143.0,328.0,Paterna,l'Horta Nord,Comunitat Valenciana,331-2114,331-2114-3399,XXVIII VOLTA A PEU LA CANYADA,Carrera Absoluta,6400
cronorunner,XXXIII VOLTA A PEU NOCTURNA A MANUEL (Prebenjamí (2018-2019)),2025-08-29,Viernes,0.2,road running,Infantil,8.0,17.0,Manuel,València / Valencia,Comunitat Valenciana,306-2013,306-2013-3449,XXXIII VOLTA A PEU NOCTURNA A MANUEL,Prebenjamí (2018-2019),200
cronorunner,XXXIII VOLTA A PEU NOCTURNA A MANUEL (Benjamí (2016-2017)),2025-08-29,Viernes,0.55,road running,Infantil,11.0,19.0,Manuel,València / Valencia,Comunitat Valenciana,306-2013,306-2013-3450,XXXIII VOLTA A PEU NOCTURNA A MANUEL,Benjamí (2016-2017),550
cronorunner,XXXIII VOLTA A PEU NOCTURNA A MANUEL (Aleví (2014-2015)),2025-08-29,Viernes,1.1,road running,Absoluta/General,7.0,14.0,Manuel,València / Valencia,Comunitat Valenciana,306-2013,306-2013-3451,XXXIII VOLTA A PEU NOCTURNA A MANUEL,Aleví (2014-2015),1100
cronorunner,XXXIII VOLTA A PEU NOCTURNA A MANUEL (Infantils (2012-2013)),2025-08-29,Viernes,1.65,road running,Infantil,7.0,6.0,Manuel,València / Valencia,Comunitat Valenciana,306-2013,306-2013-3452,XXXIII VOLTA A PEU NOCTURNA A MANUEL,Infantils (2012-2013),1650
cronorunner,XXXIII VOLTA A PEU NOCTURNA A MANUEL (Cadets (2008-2011)),2025-08-29,Viernes,2.2,road running,Infantil,7.0,4.0,Manuel,València / Valencia,Comunitat Valenciana,306-2013,306-2013-3453,XXXIII VOLTA A PEU NOCTURNA A MANUEL,Cadets (2008-2011),2200
cronorunner,XXXIII VOLTA A PEU NOCTURNA A MANUEL (7KM),2025-08-29,Viernes,7.0,road running,Absoluta/General,123.0,361.0,Manuel,València / Valencia,Comunitat Valenciana,306-2013,306-2013-3191,XXXIII VOLTA A PEU NOCTURNA A MANUEL,7KM,7000
cronorunner,XLIV VOLTA A PEU BENICULL (8km),2025-08-25,Lunes,8.0,road running,Absoluta/General,62.0,234.0,Benicull de Xúquer,València / Valencia,Comunitat Valenciana,318-2065,318-2065-3442,XLIV VOLTA A PEU BENICULL,8km,8000
cronorunner,XLIV VOLTA A PEU BENICULL (Chupetín (1 a 5 años)),2025-08-25,Lunes,0.1,road running,Infantil,,,Benicull de Xúquer,València / Valencia,Comunitat Valenciana,318-2065,318-2065-3443,XLIV VOLTA A PEU BENICULL,Chupetín (1 a 5 años),100
cronorunner,XLIV VOLTA A PEU BENICULL (Prebenjamín (6-7 años)),2025-08-25,Lunes,0.25,road running,Infantil,,,Benicull de Xúquer,València / Valencia,Comunitat Valenciana,318-2065,318-2065-3444,XLIV VOLTA A PEU BENICULL,Prebenjamín (6-7 años),250
cronorunner,XLIV VOLTA A PEU BENICULL (Benjamín (8 a 9 años)),2025-08-25,Lunes,0.55,road running,Infantil,,,Benicull de Xúquer,València / Valencia,Comunitat Valenciana,318-2065,318-2065-3445,XLIV VOLTA A PEU BENICULL,Benjamín (8 a 9 años),550
cronorunner,XLIV VOLTA A PEU BENICULL (Alevín (10 a 11 años)),2025-08-25,Lunes,0.8,road running,Infantil,,,Benicull de Xúquer,València / Valencia,Comunitat Valenciana,318-2065,318-2065-3446,XLIV VOLTA A PEU BENICULL,Alevín (10 a 11 años),800
cronorunner,XLIV VOLTA A PEU BENICULL (Infantil ( 12 a 14 años)),2025-08-25,Lunes,1.2,road running,Infantil,,,Benicull de Xúquer,València / Valencia,Comunitat Valenciana,318-2065,318-2065-3447,XLIV VOLTA A PEU BENICULL,Infantil ( 12 a 14 años),1200
cronorunner,XLIV VOLTA A PEU BENICULL (Cadet (14 a 17 años)),2025-08-25,Lunes,1.8,road running,Infantil,,,Benicull de Xúquer,València / Valencia,Comunitat Valenciana,318-2065,318-2065-3448,XLIV VOLTA A PEU BENICULL,Cadet (14 a 17 años),1800
cronorunner,XXI VOLTA A PEU LORIGUILLA (Benjamines (2016-2017)),2025-08-22,Viernes,0.35,road running,Infantil,6.0,11.0,Loriguilla,València / Valencia,Comunitat Valenciana,448-2083,448-2083-3436,XXI VOLTA A PEU LORIGUILLA,Benjamines (2016-2017),350
cronorunner,XXI VOLTA A PEU LORIGUILLA (Alevins (2014-2015)),2025-08-22,Viernes,0.7,road running,Infantil,7.0,7.0,Loriguilla,València / Valencia,Comunitat Valenciana,448-2083,448-2083-3437,XXI VOLTA A PEU LORIGUILLA,Alevins (2014-2015),700
cronorunner,XXI VOLTA A PEU LORIGUILLA (Infantiles (2012-2013)),2025-08-22,Viernes,1.05,road running,Infantil,8.0,2.0,Loriguilla,València / Valencia,Comunitat Valenciana,448-2083,448-2083-3438,XXI VOLTA A PEU LORIGUILLA,Infantiles (2012-2013),1050
cronorunner,XXI VOLTA A PEU LORIGUILLA (Cadetes (2010-2011)),2025-08-22,Viernes,1.4,road running,Infantil,3.0,2.0,Loriguilla,València / Valencia,Comunitat Valenciana,448-2083,448-2083-3439,XXI VOLTA A PEU LORIGUILLA,Cadetes (2010-2011),1400
cronorunner,XXI VOLTA A PEU LORIGUILLA (Juveniles (2008-2009)),2025-08-22,Viernes,1.4,road running,Infantil,1.0,4.0,Loriguilla,València / Valencia,Comunitat Valenciana,448-2083,448-2083-3440,XXI VOLTA A PEU LORIGUILLA,Juveniles (2008-2009),1400
cronorunner,XXI VOLTA A PEU LORIGUILLA (10k),2025-08-22,Viernes,10.0,road running,Absoluta/General,57.0,223.0,Loriguilla,València / Valencia,Comunitat Valenciana,448-2083,448-2083-3285,XXI VOLTA A PEU LORIGUILLA,10k,10000
cronorunner,"XV VOLTA A PEU ALBUIXECH (6,3K)",2025-08-22,Viernes,6.3,road running,Absoluta/General,152.0,445.0,Albuixech,l'Horta Nord,Comunitat Valenciana,437-2034,437-2034-3217,XV VOLTA A PEU ALBUIXECH,"6,3K",6300
cronorunner,XV VOLTA A PEU ALBUIXECH (MENORES),2025-08-22,Viernes,6.3,road running,Infantil,12.0,34.0,Albuixech,l'Horta Nord,Comunitat Valenciana,437-2034,437-2034-3480,XV VOLTA A PEU ALBUIXECH,MENORES,6300
cronorunner,XVII SUBIDA A LOS MOLINOS DE ALCUBLAS,2025-08-15,Viernes,8.0,road running,Absoluta/General,40.0,125.0,Alcublas,La Serranía,Comunitat Valenciana,596-2072,596-2072-3441,XVII SUBIDA A LOS MOLINOS DE ALCUBLAS,8KM,8000
cronorunner,XLII VUELTA A PIE  VILLAR DEL ARZOBISPO,2025-08-09,Sábado,8.0,road running,Absoluta/General,36.0,158.0,Villar del Arzobispo,La Serranía,Comunitat Valenciana,343-2078,343-2078-3332,XLII VUELTA A PIE  VILLAR DEL ARZOBISPO,8KM,8000
cronorunner,XVI LEGUA SAN ANTONIO DE BENAGÉBER (Querubines ( 0 a 5 años)),2025-08-09,Sábado,0.1,road running,Absoluta/General,,,San Antonio de Benagéber,València / Valencia,Comunitat Valenciana,453-2082,453-2082-3454,XVI LEGUA SAN ANTONIO DE BENAGÉBER,Querubines ( 0 a 5 años),100
cronorunner,XVI LEGUA SAN ANTONIO DE BENAGÉBER (Prebenjamin (6 a 7 años)),2025-08-09,Sábado,0.2,road running,Infantil,,,San Antonio de Benagéber,València / Valencia,Comunitat Valenciana,453-2082,453-2082-3455,XVI LEGUA SAN ANTONIO DE BENAGÉBER,Prebenjamin (6 a 7 años),200
cronorunner,XVI LEGUA SAN ANTONIO DE BENAGÉBER (Benjamines (8 a 9 años)),2025-08-09,Sábado,0.3,road running,Infantil,,,San Antonio de Benagéber,València / Valencia,Comunitat Valenciana,453-2082,453-2082-3456,XVI LEGUA SAN ANTONIO DE BENAGÉBER,Benjamines (8 a 9 años),300
cronorunner,XVI LEGUA SAN ANTONIO DE BENAGÉBER (Alevines (10 a 11 años)),2025-08-09,Sábado,0.4,road running,Infantil,,,San Antonio de Benagéber,València / Valencia,Comunitat Valenciana,453-2082,453-2082-3457,XVI LEGUA SAN ANTONIO DE BENAGÉBER,Alevines (10 a 11 años),400
cronorunner,XVI LEGUA SAN ANTONIO DE BENAGÉBER (Infantiles (12 a 13 años)),2025-08-09,Sábado,0.6,road running,Infantil,,,San Antonio de Benagéber,València / Valencia,Comunitat Valenciana,453-2082,453-2082-3458,XVI LEGUA SAN ANTONIO DE BENAGÉBER,Infantiles (12 a 13 años),600
cronorunner,XVI LEGUA SAN ANTONIO DE BENAGÉBER (Cadetes (14 a 15 años)),2025-08-09,Sábado,0.8,road running,Infantil,,,San Antonio de Benagéber,València / Valencia,Comunitat Valenciana,453-2082,453-2082-3459,XVI LEGUA SAN ANTONIO DE BENAGÉBER,Cadetes (14 a 15 años),800
cronorunner,"XVI LEGUA SAN ANTONIO DE BENAGÉBER (5,5KM)",2025-08-09,Sábado,5.5,road running,Absoluta/General,116.0,277.0,San Antonio de Benagéber,València / Valencia,Comunitat Valenciana,453-2082,453-2082-3284,XVI LEGUA SAN ANTONIO DE BENAGÉBER,"5,5KM",5500
cronorunner,XXXVI VOLTA A PEU A TURÍS (Prebenjamí 2019-2018),2025-08-04,Lunes,0.3,road running,Infantil,19.0,31.0,Turís,València / Valencia,Comunitat Valenciana,394-2117,394-2117-3429,XXXVI VOLTA A PEU A TURÍS,Prebenjamí 2019-2018,300
cronorunner,XXXVI VOLTA A PEU A TURÍS (Benjamí 2017-2016),2025-08-04,Lunes,0.6,road running,Infantil,23.0,19.0,Turís,València / Valencia,Comunitat Valenciana,394-2117,394-2117-3430,XXXVI VOLTA A PEU A TURÍS,Benjamí 2017-2016,600
cronorunner,XXXVI VOLTA A PEU A TURÍS (Aleví 2015-2014),2025-08-04,Lunes,1.0,road running,Absoluta/General,11.0,20.0,Turís,València / Valencia,Comunitat Valenciana,394-2117,394-2117-3431,XXXVI VOLTA A PEU A TURÍS,Aleví 2015-2014,1000
cronorunner,XXXVI VOLTA A PEU A TURÍS (Infantil 2013-2012),2025-08-04,Lunes,1.6,road running,Infantil,16.0,14.0,Turís,València / Valencia,Comunitat Valenciana,394-2117,394-2117-3432,XXXVI VOLTA A PEU A TURÍS,Infantil 2013-2012,1600
cronorunner,XXXVI VOLTA A PEU A TURÍS (Cadet 2008-2011),2025-08-04,Lunes,2.0,road running,Infantil,5.0,8.0,Turís,València / Valencia,Comunitat Valenciana,394-2117,394-2117-3433,XXXVI VOLTA A PEU A TURÍS,Cadet 2008-2011,2000
cronorunner,XXXVI VOLTA A PEU A TURÍS (7K),2025-08-04,Lunes,7.0,road running,Absoluta/General,68.0,245.0,Turís,València / Valencia,Comunitat Valenciana,394-2117,394-2117-3428,XXXVI VOLTA A PEU A TURÍS,7K,7000
cronorunner,XXVI VOLTA A PEU FAVARA (Benjamins (2017-2021)),2025-08-02,Sábado,0.35,road running,Infantil,,,Fabara / Favara,Bajo Aragón-Caspe / Baix Aragó-Casp,Aragón,159-2113,159-2113-3403,XXVI VOLTA A PEU FAVARA,Benjamins (2017-2021),350
cronorunner,XXVI VOLTA A PEU FAVARA (Alevins (2012-2016)),2025-08-02,Sábado,0.8,road running,Infantil,,,Fabara / Favara,Bajo Aragón-Caspe / Baix Aragó-Casp,Aragón,159-2113,159-2113-3404,XXVI VOLTA A PEU FAVARA,Alevins (2012-2016),800
cronorunner,XXVI VOLTA A PEU FAVARA (Cadets (2008-2011)),2025-08-02,Sábado,1.6,road running,Infantil,,,Fabara / Favara,Bajo Aragón-Caspe / Baix Aragó-Casp,Aragón,159-2113,159-2113-3405,XXVI VOLTA A PEU FAVARA,Cadets (2008-2011),1600
cronorunner,"XXVI VOLTA A PEU FAVARA (8,5k)",2025-08-02,Sábado,8.5,road running,Absoluta/General,29.0,130.0,Fabara / Favara,Bajo Aragón-Caspe / Baix Aragó-Casp,Aragón,159-2113,159-2113-3402,XXVI VOLTA A PEU FAVARA,"8,5k",8500
cronorunner,X 10K MONTSERRAT,2025-08-01,Viernes,10.0,road running,Absoluta/General,,,Montserrat,València / Valencia,Comunitat Valenciana,347-2116,347-2116-3417,X 10K MONTSERRAT,10km,10000
cronorunner,"XXIII VOLTA A PEU PEL XÚQUER - RIOLA (Marcha (5,5km))",2025-07-26,Sábado,5.5,marcha,Absoluta/General,,,Riola,València / Valencia,Comunitat Valenciana,305-2024,305-2024-3341,XXIII VOLTA A PEU PEL XÚQUER - RIOLA,"Marcha (5,5km)",5500
cronorunner,XXIII VOLTA A PEU PEL XÚQUER - RIOLA (Compro Obsequio (No corro)),2025-07-26,Sábado,0.0,road running,Absoluta/General,,,Riola,València / Valencia,Comunitat Valenciana,305-2024,305-2024-3342,XXIII VOLTA A PEU PEL XÚQUER - RIOLA,Compro Obsequio (No corro),0
cronorunner,XXIII VOLTA A PEU PEL XÚQUER - RIOLA (Chupetín ( 2021-2024)),2025-07-26,Sábado,0.1,road running,Infantil,,,Riola,València / Valencia,Comunitat Valenciana,305-2024,305-2024-3343,XXIII VOLTA A PEU PEL XÚQUER - RIOLA,Chupetín ( 2021-2024),100
cronorunner,XXIII VOLTA A PEU PEL XÚQUER - RIOLA (Prebenjamín (2018-2020)),2025-07-26,Sábado,0.25,road running,Infantil,,,Riola,València / Valencia,Comunitat Valenciana,305-2024,305-2024-3344,XXIII VOLTA A PEU PEL XÚQUER - RIOLA,Prebenjamín (2018-2020),250
cronorunner,XXIII VOLTA A PEU PEL XÚQUER - RIOLA (Benjamín (2016-2017)),2025-07-26,Sábado,0.55,road running,Infantil,,,Riola,València / Valencia,Comunitat Valenciana,305-2024,305-2024-3345,XXIII VOLTA A PEU PEL XÚQUER - RIOLA,Benjamín (2016-2017),550
cronorunner,XXIII VOLTA A PEU PEL XÚQUER - RIOLA (Alevín (2014-2015)),2025-07-26,Sábado,0.8,road running,Infantil,,,Riola,València / Valencia,Comunitat Valenciana,305-2024,305-2024-3346,XXIII VOLTA A PEU PEL XÚQUER - RIOLA,Alevín (2014-2015),800
cronorunner,XXIII VOLTA A PEU PEL XÚQUER - RIOLA (Infantil (2012-2013)),2025-07-26,Sábado,1.2,road running,Infantil,,,Riola,València / Valencia,Comunitat Valenciana,305-2024,305-2024-3347,XXIII VOLTA A PEU PEL XÚQUER - RIOLA,Infantil (2012-2013),1200
cronorunner,XXIII VOLTA A PEU PEL XÚQUER - RIOLA (Cadete (2008-2011)),2025-07-26,Sábado,1.8,road running,Infantil,,,Riola,València / Valencia,Comunitat Valenciana,305-2024,305-2024-3348,XXIII VOLTA A PEU PEL XÚQUER - RIOLA,Cadete (2008-2011),1800
cronorunner,XXIII VOLTA A PEU PEL XÚQUER - RIOLA (8KM),2025-07-26,Sábado,8.0,road running,Absoluta/General,242.0,540.0,Riola,València / Valencia,Comunitat Valenciana,305-2024,305-2024-3202,XXIII VOLTA A PEU PEL XÚQUER - RIOLA,8KM,8000
cronorunner,XXVII VOLTA A PEU LLAURÍ,2025-07-25,Viernes,8.0,road running,Absoluta/General,67.0,303.0,Llaurí,València / Valencia,Comunitat Valenciana,395-2012,395-2012-3190,XXVII VOLTA A PEU LLAURÍ,8KM,8000
cronorunner,XIII 10K SENSE LÍMITS ALDAIA,2025-07-19,Sábado,10.0,road running,Absoluta/General,177.0,657.0,Aldaia,l'Horta Sud,Comunitat Valenciana,265-2057,265-2057-3363,XIII 10K SENSE LÍMITS ALDAIA,10k,10000
cronorunner,XXI VOLTA A PEU JOANOT PRESÈNCIA POLINYÀ DE XÚQUER (Cadetes 2008/2011),2025-07-18,Viernes,1.8,road running,Infantil,,,Polinyà de Xúquer,València / Valencia,Comunitat Valenciana,160-2044,160-2044-3383,XXI VOLTA A PEU JOANOT PRESÈNCIA POLINYÀ DE XÚQUER,Cadetes 2008/2011,1800
cronorunner,XXI VOLTA A PEU JOANOT PRESÈNCIA POLINYÀ DE XÚQUER (Aguiluchos 2024/2025),2025-07-18,Viernes,0.05,road running,Absoluta/General,,,Polinyà de Xúquer,València / Valencia,Comunitat Valenciana,160-2044,160-2044-3377,XXI VOLTA A PEU JOANOT PRESÈNCIA POLINYÀ DE XÚQUER,Aguiluchos 2024/2025,50
cronorunner,XXI VOLTA A PEU JOANOT PRESÈNCIA POLINYÀ DE XÚQUER (Chupetines 2021/2023),2025-07-18,Viernes,0.1,road running,Infantil,,,Polinyà de Xúquer,València / Valencia,Comunitat Valenciana,160-2044,160-2044-3378,XXI VOLTA A PEU JOANOT PRESÈNCIA POLINYÀ DE XÚQUER,Chupetines 2021/2023,100
cronorunner,XXI VOLTA A PEU JOANOT PRESÈNCIA POLINYÀ DE XÚQUER (Prebenjamines 2018/2019/2020),2025-07-18,Viernes,0.25,road running,Infantil,,,Polinyà de Xúquer,València / Valencia,Comunitat Valenciana,160-2044,160-2044-3379,XXI VOLTA A PEU JOANOT PRESÈNCIA POLINYÀ DE XÚQUER,Prebenjamines 2018/2019/2020,250
cronorunner,XXI VOLTA A PEU JOANOT PRESÈNCIA POLINYÀ DE XÚQUER (Benjamines 2016/2017),2025-07-18,Viernes,0.35,road running,Infantil,,,Polinyà de Xúquer,València / Valencia,Comunitat Valenciana,160-2044,160-2044-3380,XXI VOLTA A PEU JOANOT PRESÈNCIA POLINYÀ DE XÚQUER,Benjamines 2016/2017,350
cronorunner,XXI VOLTA A PEU JOANOT PRESÈNCIA POLINYÀ DE XÚQUER (Alevines 2014/2015),2025-07-18,Viernes,0.8,road running,Infantil,,,Polinyà de Xúquer,València / Valencia,Comunitat Valenciana,160-2044,160-2044-3381,XXI VOLTA A PEU JOANOT PRESÈNCIA POLINYÀ DE XÚQUER,Alevines 2014/2015,800
cronorunner,XXI VOLTA A PEU JOANOT PRESÈNCIA POLINYÀ DE XÚQUER (Infantiles 2012/2013),2025-07-18,Viernes,1.3,road running,Infantil,,,Polinyà de Xúquer,València / Valencia,Comunitat Valenciana,160-2044,160-2044-3382,XXI VOLTA A PEU JOANOT PRESÈNCIA POLINYÀ DE XÚQUER,Infantiles 2012/2013,1300
cronorunner,XXI VOLTA A PEU JOANOT PRESÈNCIA POLINYÀ DE XÚQUER (8km),2025-07-18,Viernes,8.0,road running,Absoluta/General,53.0,214.0,Polinyà de Xúquer,València / Valencia,Comunitat Valenciana,160-2044,160-2044-3376,XXI VOLTA A PEU JOANOT PRESÈNCIA POLINYÀ DE XÚQUER,8km,8000
cronorunner,V TRAIL NOCTURNO DE CULLERA,2025-07-12,Sábado,11.4,trail running,Absoluta/General,71.0,294.0,Cullera,València / Valencia,Comunitat Valenciana,542-2104,542-2104-3349,V TRAIL NOCTURNO DE CULLERA,"11,4KM",11400
cronorunner,XXXVIII VOLTA A PEU SOLLANA (XUPETINS   (2021-2023)),2025-07-12,Sábado,0.2,road running,Absoluta/General,,,Sollana,València / Valencia,Comunitat Valenciana,344-2023,344-2023-3350,XXXVIII VOLTA A PEU SOLLANA,XUPETINS   (2021-2023),200
cronorunner,XXXVIII VOLTA A PEU SOLLANA (PREBENJAMÍ   (2018-2020)),2025-07-12,Sábado,0.4,road running,Infantil,,,Sollana,València / Valencia,Comunitat Valenciana,344-2023,344-2023-3351,XXXVIII VOLTA A PEU SOLLANA,PREBENJAMÍ   (2018-2020),400
cronorunner,XXXVIII VOLTA A PEU SOLLANA (BENJAMÍ   (2016-2017)),2025-07-12,Sábado,0.8,road running,Infantil,,,Sollana,València / Valencia,Comunitat Valenciana,344-2023,344-2023-3352,XXXVIII VOLTA A PEU SOLLANA,BENJAMÍ   (2016-2017),800
cronorunner,XXXVIII VOLTA A PEU SOLLANA (ALEVÍ   (2014-2015)),2025-07-12,Sábado,0.8,road running,Absoluta/General,,,Sollana,València / Valencia,Comunitat Valenciana,344-2023,344-2023-3353,XXXVIII VOLTA A PEU SOLLANA,ALEVÍ   (2014-2015),800
cronorunner,XXXVIII VOLTA A PEU SOLLANA (INFANTIL   (2012-2013)),2025-07-12,Sábado,1.6,road running,Infantil,,,Sollana,València / Valencia,Comunitat Valenciana,344-2023,344-2023-3354,XXXVIII VOLTA A PEU SOLLANA,INFANTIL   (2012-2013),1600
cronorunner,XXXVIII VOLTA A PEU SOLLANA (CADET   (2008-2011)),2025-07-12,Sábado,2.5,road running,Infantil,,,Sollana,València / Valencia,Comunitat Valenciana,344-2023,344-2023-3355,XXXVIII VOLTA A PEU SOLLANA,CADET   (2008-2011),2500
cronorunner,XXXVIII VOLTA A PEU SOLLANA (8KM),2025-07-12,Sábado,8.0,road running,Absoluta/General,99.0,340.0,Sollana,València / Valencia,Comunitat Valenciana,344-2023,344-2023-3201,XXXVIII VOLTA A PEU SOLLANA,8KM,8000
cronorunner,IV CARRERA NOCTURNA D'ALFARB,2025-07-11,Viernes,7.0,road running,Absoluta/General,41.0,152.0,Alfarb,València / Valencia,Comunitat Valenciana,615-2066,615-2066-3364,IV CARRERA NOCTURNA D'ALFARB,7KM,7000
cronorunner,XXXVIII VOLTA A PEU NOCTURNA A LA POBLA DE VALLBONA (Minibenjamins(2020-posteriors)),2025-07-11,Viernes,0.05,road running,Infantil,,,la Pobla de Vallbona,València / Valencia,Comunitat Valenciana,450-2081,450-2081-3390,XXXVIII VOLTA A PEU NOCTURNA A LA POBLA DE VALLBONA,Minibenjamins(2020-posteriors),50
cronorunner,XXXVIII VOLTA A PEU NOCTURNA A LA POBLA DE VALLBONA (Prebenjamins (2018-2019)),2025-07-11,Viernes,0.1,road running,Infantil,,,la Pobla de Vallbona,València / Valencia,Comunitat Valenciana,450-2081,450-2081-3391,XXXVIII VOLTA A PEU NOCTURNA A LA POBLA DE VALLBONA,Prebenjamins (2018-2019),100
cronorunner,XXXVIII VOLTA A PEU NOCTURNA A LA POBLA DE VALLBONA (Benjamins (2016-2017)),2025-07-11,Viernes,0.2,road running,Infantil,,,la Pobla de Vallbona,València / Valencia,Comunitat Valenciana,450-2081,450-2081-3392,XXXVIII VOLTA A PEU NOCTURNA A LA POBLA DE VALLBONA,Benjamins (2016-2017),200
cronorunner,XXXVIII VOLTA A PEU NOCTURNA A LA POBLA DE VALLBONA (Alevins (2014-2015)),2025-07-11,Viernes,0.35,road running,Infantil,,,la Pobla de Vallbona,València / Valencia,Comunitat Valenciana,450-2081,450-2081-3393,XXXVIII VOLTA A PEU NOCTURNA A LA POBLA DE VALLBONA,Alevins (2014-2015),350
cronorunner,XXXVIII VOLTA A PEU NOCTURNA A LA POBLA DE VALLBONA (Infantils (2012-2013)),2025-07-11,Viernes,0.9,road running,Infantil,,,la Pobla de Vallbona,València / Valencia,Comunitat Valenciana,450-2081,450-2081-3394,XXXVIII VOLTA A PEU NOCTURNA A LA POBLA DE VALLBONA,Infantils (2012-2013),900
cronorunner,XXXVIII VOLTA A PEU NOCTURNA A LA POBLA DE VALLBONA (Cadets (2010-2011)),2025-07-11,Viernes,1.35,road running,Infantil,,,la Pobla de Vallbona,València / Valencia,Comunitat Valenciana,450-2081,450-2081-3395,XXXVIII VOLTA A PEU NOCTURNA A LA POBLA DE VALLBONA,Cadets (2010-2011),1350
cronorunner,XXXVIII VOLTA A PEU NOCTURNA A LA POBLA DE VALLBONA (5K),2025-07-11,Viernes,5.0,road running,Absoluta/General,222.0,455.0,la Pobla de Vallbona,València / Valencia,Comunitat Valenciana,450-2081,450-2081-3283,XXXVIII VOLTA A PEU NOCTURNA A LA POBLA DE VALLBONA,5K,5000
cronorunner,XXXIII VOLTA A PEU ALBAL (Chupetin 2020 i posteriors),2025-07-05,Sábado,0.1,road running,Infantil,,,Albal,l'Horta Sud,Comunitat Valenciana,324-2056,324-2056-3326,XXXIII VOLTA A PEU ALBAL,Chupetin 2020 i posteriors,100
cronorunner,XXXIII VOLTA A PEU ALBAL (Prebenjamin 2018 - 2019),2025-07-05,Sábado,0.3,road running,Infantil,,,Albal,l'Horta Sud,Comunitat Valenciana,324-2056,324-2056-3327,XXXIII VOLTA A PEU ALBAL,Prebenjamin 2018 - 2019,300
cronorunner,XXXIII VOLTA A PEU ALBAL (Benjamin 2016-2017),2025-07-05,Sábado,0.5,road running,Infantil,,,Albal,l'Horta Sud,Comunitat Valenciana,324-2056,324-2056-3328,XXXIII VOLTA A PEU ALBAL,Benjamin 2016-2017,500
cronorunner,XXXIII VOLTA A PEU ALBAL (Alevin 2014 - 2015),2025-07-05,Sábado,1.0,road running,Infantil,,,Albal,l'Horta Sud,Comunitat Valenciana,324-2056,324-2056-3329,XXXIII VOLTA A PEU ALBAL,Alevin 2014 - 2015,1000
cronorunner,XXXIII VOLTA A PEU ALBAL (Infantils 2012-2013),2025-07-05,Sábado,1.1,road running,Infantil,,,Albal,l'Horta Sud,Comunitat Valenciana,324-2056,324-2056-3330,XXXIII VOLTA A PEU ALBAL,Infantils 2012-2013,1100
cronorunner,XXXIII VOLTA A PEU ALBAL (Cadets 2010-2011),2025-07-05,Sábado,2.1,road running,Infantil,,,Albal,l'Horta Sud,Comunitat Valenciana,324-2056,324-2056-3331,XXXIII VOLTA A PEU ALBAL,Cadets 2010-2011,2100
cronorunner,XXXIII VOLTA A PEU ALBAL (10km),2025-07-05,Sábado,10.0,road running,Absoluta/General,49.0,209.0,Albal,l'Horta Sud,Comunitat Valenciana,324-2056,324-2056-3325,XXXIII VOLTA A PEU ALBAL,10km,10000
cronorunner,XVI VOLTA A PEU MARENY DE BARRAQUETES,2025-07-05,Sábado,7.0,road running,Absoluta/General,105.0,281.0,Sueca,València / Valencia,Comunitat Valenciana,304-2011,304-2011-3195,XVI VOLTA A PEU MARENY DE BARRAQUETES,7KM,7000
cronorunner,XI 5K ALBALAT DELS SORELLS (Compra Camiseta (No Corro)),2025-07-05,Sábado,0.0,road running,Absoluta/General,,,Albalat dels Sorells,l'Horta Nord,Comunitat Valenciana,597-2032,597-2032-3368,XI 5K ALBALAT DELS SORELLS,Compra Camiseta (No Corro),0
cronorunner,XI 5K ALBALAT DELS SORELLS (Compra Bocadillo (No corro/Corro)),2025-07-05,Sábado,0.0,road running,Absoluta/General,,,Albalat dels Sorells,l'Horta Nord,Comunitat Valenciana,597-2032,597-2032-3389,XI 5K ALBALAT DELS SORELLS,Compra Bocadillo (No corro/Corro),0
cronorunner,XI 5K ALBALAT DELS SORELLS (MENORES),2025-07-05,Sábado,0.0,road running,Infantil,14.0,21.0,Albalat dels Sorells,l'Horta Nord,Comunitat Valenciana,597-2032,597-2032-3418,XI 5K ALBALAT DELS SORELLS,MENORES,0
cronorunner,XI 5K ALBALAT DELS SORELLS (5km),2025-07-05,Sábado,5.0,road running,Absoluta/General,135.0,398.0,Albalat dels Sorells,l'Horta Nord,Comunitat Valenciana,597-2032,597-2032-3215,XI 5K ALBALAT DELS SORELLS,5km,5000
cronorunner,XXXI LEGUA URBANA CIUTAT DE TORRENT,2025-07-04,Viernes,5.572,road running,Absoluta/General,84.0,244.0,Torrent,l'Horta Sud,Comunitat Valenciana,266-2067,266-2067-3397,XXXI LEGUA URBANA CIUTAT DE TORRENT,Legua Urbana,5572
cronorunner,XXXI VOLTA A PEU A GUADASSUAR (Querubins (2022 - 2025)),2025-07-03,Jueves,0.05,road running,Absoluta/General,,,Guadassuar,València / Valencia,Comunitat Valenciana,561-2105,561-2105-3370,XXXI VOLTA A PEU A GUADASSUAR,Querubins (2022 - 2025),50
cronorunner,XXXI VOLTA A PEU A GUADASSUAR (Jupetins (2020-2021)),2025-07-03,Jueves,0.075,road running,Absoluta/General,,,Guadassuar,València / Valencia,Comunitat Valenciana,561-2105,561-2105-3371,XXXI VOLTA A PEU A GUADASSUAR,Jupetins (2020-2021),75
cronorunner,XXXI VOLTA A PEU A GUADASSUAR (Prebenjamins (2018-2019)),2025-07-03,Jueves,0.25,road running,Infantil,,,Guadassuar,València / Valencia,Comunitat Valenciana,561-2105,561-2105-3372,XXXI VOLTA A PEU A GUADASSUAR,Prebenjamins (2018-2019),250
cronorunner,XXXI VOLTA A PEU A GUADASSUAR (Benjamins (2016-2017)),2025-07-03,Jueves,0.45,road running,Infantil,12.0,23.0,Guadassuar,València / Valencia,Comunitat Valenciana,561-2105,561-2105-3373,XXXI VOLTA A PEU A GUADASSUAR,Benjamins (2016-2017),450
cronorunner,XXXI VOLTA A PEU A GUADASSUAR (Alevins (2014-2015)),2025-07-03,Jueves,0.75,road running,Infantil,11.0,8.0,Guadassuar,València / Valencia,Comunitat Valenciana,561-2105,561-2105-3374,XXXI VOLTA A PEU A GUADASSUAR,Alevins (2014-2015),750
cronorunner,XXXI VOLTA A PEU A GUADASSUAR (Infantils (2012-2013)),2025-07-03,Jueves,1.2,road running,Infantil,11.0,6.0,Guadassuar,València / Valencia,Comunitat Valenciana,561-2105,561-2105-3375,XXXI VOLTA A PEU A GUADASSUAR,Infantils (2012-2013),1200
cronorunner,XXXI VOLTA A PEU A GUADASSUAR (8km),2025-07-03,Jueves,8.0,road running,Absoluta/General,163.0,583.0,Guadassuar,València / Valencia,Comunitat Valenciana,561-2105,561-2105-3369,XXXI VOLTA A PEU A GUADASSUAR,8km,8000
cronorunner,XXI VOLTA A PEU NOCTURNA RIBA-ROJA DE TURIA,2025-06-27,Viernes,7.0,road running,Absoluta/General,163.0,474.0,Riba-roja de Túria,València / Valencia,Comunitat Valenciana,261-2039,261-2039-3222,XXI VOLTA A PEU NOCTURNA RIBA-ROJA DE TURIA,7km,7000
cronorunner,I VOLTA A PEU CIUTAT DE LLÍRIA,2025-06-21,Sábado,6.0,road running,Absoluta/General,83.0,237.0,Llíria,València / Valencia,Comunitat Valenciana,658-2080,658-2080-3282,I VOLTA A PEU CIUTAT DE LLÍRIA,6k,6000
cronorunner,XI VOLTA A PEU A SANT JOANET (Compra Camiseta (No Corro)),2025-06-21,Sábado,0.0,road running,Absoluta/General,,,Sant Joanet,València / Valencia,Comunitat Valenciana,302-2010,302-2010-3384,XI VOLTA A PEU A SANT JOANET,Compra Camiseta (No Corro),0
cronorunner,XI VOLTA A PEU A SANT JOANET (6km),2025-06-21,Sábado,6.0,road running,Absoluta/General,97.0,256.0,Sant Joanet,València / Valencia,Comunitat Valenciana,302-2010,302-2010-3189,XI VOLTA A PEU A SANT JOANET,6km,6000
cronorunner,XXXVI VOLTA A PEU ALMUSSAFES,2025-06-21,Sábado,8.0,road running,Absoluta/General,134.0,376.0,Almussafes,València / Valencia,Comunitat Valenciana,614-2022,614-2022-3209,XXXVI VOLTA A PEU ALMUSSAFES,8km,8000
cronorunner,I VOLTA A PEU EL PERELLÓ,2025-06-15,Domingo,8.0,road running,Absoluta/General,147.0,394.0,el Perelló,Baix Ebre,Tarragona,365-2073,365-2073-3334,I VOLTA A PEU EL PERELLÓ,8km,8000
cronorunner,V 6k solidaria Massalfassar (Menores),2025-06-15,Domingo,0.0,road running,Infantil,13.0,14.0,Massalfassar,l'Horta Nord,Comunitat Valenciana,609-2031,609-2031-3396,V 6k solidaria Massalfassar,Menores,0
cronorunner,V 6k solidaria Massalfassar (6km),2025-06-15,Domingo,6.0,road running,Absoluta/General,139.0,376.0,Massalfassar,l'Horta Nord,Comunitat Valenciana,609-2031,609-2031-3214,V 6k solidaria Massalfassar,6km,6000
cronorunner,XXXVI VOLTA A PEU FIBRA VALENCIA VILA D'ALAQUAS,2025-06-14,Sábado,7.0,road running,Absoluta/General,103.0,339.0,Alaquàs,l'Horta Sud,Comunitat Valenciana,323-2055,323-2055-3318,XXXVI VOLTA A PEU FIBRA VALENCIA VILA D'ALAQUAS,7KM,7000
cronorunner,XXVI 10K CIUTAT DE BENIPARRELL,2025-06-08,Domingo,10.0,road running,Absoluta/General,94.0,336.0,Beniparrell,l'Horta Sud,Comunitat Valenciana,158-2021,158-2021-3200,XXVI 10K CIUTAT DE BENIPARRELL,10km,10000
cronorunner,XIII TRAIL CHULILLA,2025-06-07,Sábado,11.0,trail running,Absoluta/General,132.0,293.0,Chulilla,La Serranía,Comunitat Valenciana,644-2091,644-2091-3292,XIII TRAIL CHULILLA,11K,11000
cronorunner,VII SCHNEIDER ELECTRIC 7K MELIANA (Chupetines 2025-2020),2025-06-07,Sábado,0.05,road running,Infantil,,,Meliana,l'Horta Nord,Comunitat Valenciana,439-2096,439-2096-3304,VII SCHNEIDER ELECTRIC 7K MELIANA,Chupetines 2025-2020,50
cronorunner,VII SCHNEIDER ELECTRIC 7K MELIANA (Prebenjamines 2019-2018),2025-06-07,Sábado,0.1,road running,Infantil,,,Meliana,l'Horta Nord,Comunitat Valenciana,439-2096,439-2096-3305,VII SCHNEIDER ELECTRIC 7K MELIANA,Prebenjamines 2019-2018,100
cronorunner,VII SCHNEIDER ELECTRIC 7K MELIANA (Benjamines 2017-2016),2025-06-07,Sábado,0.25,road running,Infantil,,,Meliana,l'Horta Nord,Comunitat Valenciana,439-2096,439-2096-3306,VII SCHNEIDER ELECTRIC 7K MELIANA,Benjamines 2017-2016,250
cronorunner,VII SCHNEIDER ELECTRIC 7K MELIANA (Alevines 205-2014),2025-06-07,Sábado,0.5,road running,Infantil,,,Meliana,l'Horta Nord,Comunitat Valenciana,439-2096,439-2096-3307,VII SCHNEIDER ELECTRIC 7K MELIANA,Alevines 205-2014,500
cronorunner,VII SCHNEIDER ELECTRIC 7K MELIANA (Infantiles 2013-2012),2025-06-07,Sábado,1.0,road running,Infantil,,,Meliana,l'Horta Nord,Comunitat Valenciana,439-2096,439-2096-3308,VII SCHNEIDER ELECTRIC 7K MELIANA,Infantiles 2013-2012,1000
cronorunner,VII SCHNEIDER ELECTRIC 7K MELIANA (7k),2025-06-07,Sábado,7.0,road running,Absoluta/General,102.0,288.0,Meliana,l'Horta Nord,Comunitat Valenciana,439-2096,439-2096-3303,VII SCHNEIDER ELECTRIC 7K MELIANA,7k,7000
cronorunner,VII SCHNEIDER ELECTRIC 7K MELIANA (Marcha No competitiva),2025-06-07,Sábado,0.0,marcha,Absoluta/General,,,Meliana,l'Horta Nord,Comunitat Valenciana,439-2096,439-2096-3333,VII SCHNEIDER ELECTRIC 7K MELIANA,Marcha No competitiva,0
cronorunner,XL VOLTA A PEU SANT ONOFRE D'ALGEMESÍ (Prebenjamí ( 4 - 7 anys)),2025-06-07,Sábado,0.08,road running,Infantil,,,Algemesí,València / Valencia,Comunitat Valenciana,301-2101,301-2101-3336,XL VOLTA A PEU SANT ONOFRE D'ALGEMESÍ,Prebenjamí ( 4 - 7 anys),80
cronorunner,XL VOLTA A PEU SANT ONOFRE D'ALGEMESÍ (Benjamí (8 - 9 anys)),2025-06-07,Sábado,0.5,road running,Infantil,,,Algemesí,València / Valencia,Comunitat Valenciana,301-2101,301-2101-3337,XL VOLTA A PEU SANT ONOFRE D'ALGEMESÍ,Benjamí (8 - 9 anys),500
cronorunner,XL VOLTA A PEU SANT ONOFRE D'ALGEMESÍ (Aleví (10 - 11 anys)),2025-06-07,Sábado,1.0,road running,Absoluta/General,,,Algemesí,València / Valencia,Comunitat Valenciana,301-2101,301-2101-3338,XL VOLTA A PEU SANT ONOFRE D'ALGEMESÍ,Aleví (10 - 11 anys),1000
cronorunner,XL VOLTA A PEU SANT ONOFRE D'ALGEMESÍ (Infantil ( 12 - 13 anys)),2025-06-07,Sábado,1.5,road running,Infantil,,,Algemesí,València / Valencia,Comunitat Valenciana,301-2101,301-2101-3339,XL VOLTA A PEU SANT ONOFRE D'ALGEMESÍ,Infantil ( 12 - 13 anys),1500
cronorunner,XL VOLTA A PEU SANT ONOFRE D'ALGEMESÍ (Cadet ( 14 - 17 anys)),2025-06-07,Sábado,1.5,road running,Infantil,,,Algemesí,València / Valencia,Comunitat Valenciana,301-2101,301-2101-3340,XL VOLTA A PEU SANT ONOFRE D'ALGEMESÍ,Cadet ( 14 - 17 anys),1500
cronorunner,XL VOLTA A PEU SANT ONOFRE D'ALGEMESÍ (10k),2025-06-07,Sábado,10.0,road running,Absoluta/General,52.0,263.0,Algemesí,València / Valencia,Comunitat Valenciana,301-2101,301-2101-3335,XL VOLTA A PEU SANT ONOFRE D'ALGEMESÍ,10k,10000
cronorunner,XIX MITJA MARATO i X10K CIUTAT DE TORRENT (10k),2025-06-01,Domingo,10.0,road running,Absoluta/General,146.0,339.0,Torrent,l'Horta Sud,Comunitat Valenciana,221-2094,221-2094-3299,XIX MITJA MARATO i X10K CIUTAT DE TORRENT,10k,10000
cronorunner,XIX MITJA MARATO i X10K CIUTAT DE TORRENT (Media Maratón),2025-06-01,Domingo,21.097,road running,Absoluta/General,76.0,357.0,Torrent,l'Horta Sud,Comunitat Valenciana,221-2094,221-2094-3300,XIX MITJA MARATO i X10K CIUTAT DE TORRENT,Media Maratón,21097
cronorunner,II GRAN PREMIO VELAS MARATON 3.0 (10KM),2025-05-31,Sábado,10.0,road running,Absoluta/General,173.0,487.0,Cheste,València / Valencia,Comunitat Valenciana,649-2051,649-2051-3252,II GRAN PREMIO VELAS MARATON 3.0,10KM,10000
cronorunner,II GRAN PREMIO VELAS MARATON 3.0 (4KM),2025-05-31,Sábado,4.0,road running,Absoluta/General,119.0,103.0,Cheste,València / Valencia,Comunitat Valenciana,649-2051,649-2051-3253,II GRAN PREMIO VELAS MARATON 3.0,4KM,4000
cronorunner,XXIX VOLTA A PEU ALBERIC (LA CARRERA DE LA MONA) (Chupetí (2020-2025)),2025-05-31,Sábado,0.1,road running,Infantil,,,Alberic,València / Valencia,Comunitat Valenciana,264-2009,264-2009-3356,XXIX VOLTA A PEU ALBERIC (LA CARRERA DE LA MONA),Chupetí (2020-2025),100
cronorunner,XXIX VOLTA A PEU ALBERIC (LA CARRERA DE LA MONA) (Prebenjamí (2018-2019)),2025-05-31,Sábado,0.3,road running,Infantil,,,Alberic,València / Valencia,Comunitat Valenciana,264-2009,264-2009-3357,XXIX VOLTA A PEU ALBERIC (LA CARRERA DE LA MONA),Prebenjamí (2018-2019),300
cronorunner,XXIX VOLTA A PEU ALBERIC (LA CARRERA DE LA MONA) (Benjamí (2016-2017)),2025-05-31,Sábado,0.5,road running,Infantil,25.0,22.0,Alberic,València / Valencia,Comunitat Valenciana,264-2009,264-2009-3358,XXIX VOLTA A PEU ALBERIC (LA CARRERA DE LA MONA),Benjamí (2016-2017),500
cronorunner,XXIX VOLTA A PEU ALBERIC (LA CARRERA DE LA MONA) (Aleví (2014-2015)),2025-05-31,Sábado,1.0,road running,Absoluta/General,14.0,16.0,Alberic,València / Valencia,Comunitat Valenciana,264-2009,264-2009-3359,XXIX VOLTA A PEU ALBERIC (LA CARRERA DE LA MONA),Aleví (2014-2015),1000
cronorunner,XXIX VOLTA A PEU ALBERIC (LA CARRERA DE LA MONA) (Infantils (2012-2013)),2025-05-31,Sábado,1.5,road running,Infantil,12.0,5.0,Alberic,València / Valencia,Comunitat Valenciana,264-2009,264-2009-3360,XXIX VOLTA A PEU ALBERIC (LA CARRERA DE LA MONA),Infantils (2012-2013),1500
cronorunner,XXIX VOLTA A PEU ALBERIC (LA CARRERA DE LA MONA) (Cadets (2008-2011)),2025-05-31,Sábado,2.0,road running,Infantil,4.0,4.0,Alberic,València / Valencia,Comunitat Valenciana,264-2009,264-2009-3361,XXIX VOLTA A PEU ALBERIC (LA CARRERA DE LA MONA),Cadets (2008-2011),2000
cronorunner,XXIX VOLTA A PEU ALBERIC (LA CARRERA DE LA MONA) (8KM),2025-05-31,Sábado,8.0,road running,Absoluta/General,103.0,323.0,Alberic,València / Valencia,Comunitat Valenciana,264-2009,264-2009-3188,XXIX VOLTA A PEU ALBERIC (LA CARRERA DE LA MONA),8KM,8000
cronorunner,III 5k POBLA DE FARNALS (Compra Camiseta (No Corro)),2025-05-31,Sábado,0.0,road running,Absoluta/General,,,la Pobla de Farnals,l'Horta Nord,Comunitat Valenciana,629-2030,629-2030-3362,III 5k POBLA DE FARNALS,Compra Camiseta (No Corro),0
cronorunner,III 5k POBLA DE FARNALS (MENORES),2025-05-31,Sábado,0.0,road running,Infantil,18.0,22.0,la Pobla de Farnals,l'Horta Nord,Comunitat Valenciana,629-2030,629-2030-3367,III 5k POBLA DE FARNALS,MENORES,0
cronorunner,III 5k POBLA DE FARNALS (Prechupetín (2022-2023)),2025-05-31,Sábado,0.05,road running,Infantil,,,la Pobla de Farnals,l'Horta Nord,Comunitat Valenciana,629-2030,629-2030-3319,III 5k POBLA DE FARNALS,Prechupetín (2022-2023),50
cronorunner,III 5k POBLA DE FARNALS (Chupetín (2020-2021)),2025-05-31,Sábado,0.1,road running,Infantil,,,la Pobla de Farnals,l'Horta Nord,Comunitat Valenciana,629-2030,629-2030-3320,III 5k POBLA DE FARNALS,Chupetín (2020-2021),100
cronorunner,III 5k POBLA DE FARNALS (Prebenjamín (2019-2018)),2025-05-31,Sábado,0.25,road running,Infantil,,,la Pobla de Farnals,l'Horta Nord,Comunitat Valenciana,629-2030,629-2030-3321,III 5k POBLA DE FARNALS,Prebenjamín (2019-2018),250
cronorunner,III 5k POBLA DE FARNALS (Benjamín (2017-2016)),2025-05-31,Sábado,0.5,road running,Infantil,,,la Pobla de Farnals,l'Horta Nord,Comunitat Valenciana,629-2030,629-2030-3322,III 5k POBLA DE FARNALS,Benjamín (2017-2016),500
cronorunner,III 5k POBLA DE FARNALS (Alevín (2015-2014)),2025-05-31,Sábado,0.75,road running,Infantil,,,la Pobla de Farnals,l'Horta Nord,Comunitat Valenciana,629-2030,629-2030-3323,III 5k POBLA DE FARNALS,Alevín (2015-2014),750
cronorunner,III 5k POBLA DE FARNALS (Infantil (2103-2012)),2025-05-31,Sábado,1.0,road running,Infantil,,,la Pobla de Farnals,l'Horta Nord,Comunitat Valenciana,629-2030,629-2030-3324,III 5k POBLA DE FARNALS,Infantil (2103-2012),1000
cronorunner,III 5k POBLA DE FARNALS (5km),2025-05-31,Sábado,5.0,road running,Absoluta/General,227.0,491.0,la Pobla de Farnals,l'Horta Nord,Comunitat Valenciana,629-2030,629-2030-3213,III 5k POBLA DE FARNALS,5km,5000
cronorunner,XXXII VOLTA A PEU BENETÚSSER,2025-05-25,Domingo,8.0,road running,Absoluta/General,87.0,287.0,Benetússer,l'Horta Sud,Comunitat Valenciana,443-2054,443-2054-3317,XXXII VOLTA A PEU BENETÚSSER,8k,8000
cronorunner,XI 10k ALCÀNTERA DEL XÚQUER,2025-05-18,Domingo,10.0,road running,Absoluta/General,105.0,327.0,Alcàntera de Xúquer,València / Valencia,Comunitat Valenciana,578-2005,578-2005-3184,XI 10k ALCÀNTERA DEL XÚQUER,10km,10000
cronorunner,VI 7K SALADAR-SILLA (Chupetin (2020-2025)),2025-05-17,Sábado,0.1,road running,Infantil,,,Silla,l'Horta Sud,Comunitat Valenciana,456-2077,456-2077-3294,VI 7K SALADAR-SILLA,Chupetin (2020-2025),100
cronorunner,VI 7K SALADAR-SILLA (Prebenjamin (sub 8  2018-2019)),2025-05-17,Sábado,0.4,road running,Infantil,,,Silla,l'Horta Sud,Comunitat Valenciana,456-2077,456-2077-3295,VI 7K SALADAR-SILLA,Prebenjamin (sub 8  2018-2019),400
cronorunner,VI 7K SALADAR-SILLA (Benjamin (sub 10 2016-2017)),2025-05-17,Sábado,0.6,road running,Infantil,,,Silla,l'Horta Sud,Comunitat Valenciana,456-2077,456-2077-3296,VI 7K SALADAR-SILLA,Benjamin (sub 10 2016-2017),600
cronorunner,VI 7K SALADAR-SILLA (Alevin (sub 12 2014-2015)),2025-05-17,Sábado,1.0,road running,Infantil,,,Silla,l'Horta Sud,Comunitat Valenciana,456-2077,456-2077-3297,VI 7K SALADAR-SILLA,Alevin (sub 12 2014-2015),1000
cronorunner,VI 7K SALADAR-SILLA (7K),2025-05-17,Sábado,7.0,road running,Absoluta/General,69.0,152.0,Silla,l'Horta Sud,Comunitat Valenciana,456-2077,456-2077-3293,VI 7K SALADAR-SILLA,7K,7000
cronorunner,XLIII VOLTA A PEU LLUIS VIVES,2025-05-16,Viernes,5.0,road running,Absoluta/General,,,Sueca,València / Valencia,Comunitat Valenciana,384-2099,384-2099-3315,XLIII VOLTA A PEU LLUIS VIVES,5km,5000
cronorunner,"Carrera Popular Lucha contra la Droga Memorial Benito Pozo (Marcha (1,4km))",2025-05-10,Sábado,1.4,marcha,Absoluta/General,,,Torrent,l'Horta Sud,Comunitat Valenciana,647-2095,647-2095-3301,Carrera Popular Lucha contra la Droga Memorial Benito Pozo,"Marcha (1,4km)",1400
cronorunner,Carrera Popular Lucha contra la Droga Memorial Benito Pozo (Carrera (6km)),2025-05-10,Sábado,6.0,road running,Absoluta/General,27.0,80.0,Torrent,l'Horta Sud,Comunitat Valenciana,647-2095,647-2095-3302,Carrera Popular Lucha contra la Droga Memorial Benito Pozo,Carrera (6km),6000
cronorunner,XLIII MITJA MARATÓ D'ALCÀSSER (Compra Camiseta (No Corro)),2025-05-10,Sábado,0.0,road running,Absoluta/General,,,Alcàsser,l'Horta Sud,Comunitat Valenciana,223-2020,223-2020-3266,XLIII MITJA MARATÓ D'ALCÀSSER,Compra Camiseta (No Corro),0
cronorunner,XLIII MITJA MARATÓ D'ALCÀSSER (21K),2025-05-10,Sábado,21.097,road running,Absoluta/General,163.0,750.0,Alcàsser,l'Horta Sud,Comunitat Valenciana,223-2020,223-2020-3199,XLIII MITJA MARATÓ D'ALCÀSSER,21K,21097
cronorunner,VIII 5K EMPERADOR MEMORIAL EVA GIMENO,2025-05-05,Lunes,0.0,road running,Absoluta/General,,,Emperador,l'Horta Nord,Comunitat Valenciana,392-2029,392-2029-3210,VIII 5K EMPERADOR MEMORIAL EVA GIMENO,5km,0
cronorunner,VIII 10K MANISES,2025-05-04,Domingo,10.0,road running,Absoluta/General,131.0,337.0,Manises,l'Horta Sud,Comunitat Valenciana,560-2053,560-2053-3280,VIII 10K MANISES,10km,10000
cronorunner,XI ALÈDUA TRAIL MEMORIAL MJ (11K),2025-05-04,Domingo,11.0,trail running,Absoluta/General,22.0,127.0,Llombai,València / Valencia,Comunitat Valenciana,287-2061,287-2061-3261,XI ALÈDUA TRAIL MEMORIAL MJ,11K,11000
cronorunner,XI ALÈDUA TRAIL MEMORIAL MJ (11k (Inscripción por parejas)),2025-05-04,Domingo,11.0,trail running,Absoluta/General,0.0,12.0,Llombai,València / Valencia,Comunitat Valenciana,287-2061,287-2061-3262,XI ALÈDUA TRAIL MEMORIAL MJ,11k (Inscripción por parejas),11000
cronorunner,XII CARRERA DE LA DONA DE SUECA,2025-05-04,Domingo,5.0,road running,Absoluta/General,485.0,2.0,Sueca,València / Valencia,Comunitat Valenciana,219-2047,219-2047-3267,XII CARRERA DE LA DONA DE SUECA,5km,5000
cronorunner,XII 7K SANT VICENT DE LLIRIA,2025-05-03,Sábado,9.4,road running,Absoluta/General,73.0,210.0,Llíria,València / Valencia,Comunitat Valenciana,445-2038,445-2038-3221,XII 7K SANT VICENT DE LLIRIA,9K,9400
cronorunner,XIX SUBIDA VERTICAL GRAN HOTEL BALI (OPEN),2025-04-26,Sábado,0.052,trail running,Absoluta/General,82.0,240.0,Benidorm,la Marina Baixa,Comunitat Valenciana,441-1976,441-1976-3088,XIX SUBIDA VERTICAL GRAN HOTEL BALI,OPEN,52
cronorunner,XIX SUBIDA VERTICAL GRAN HOTEL BALI (ELITE - M),2025-04-26,Sábado,0.052,trail running,Elite,0.0,20.0,Benidorm,la Marina Baixa,Comunitat Valenciana,441-1976,441-1976-3089,XIX SUBIDA VERTICAL GRAN HOTEL BALI,ELITE - M,52
cronorunner,XIX SUBIDA VERTICAL GRAN HOTEL BALI (BOMBEROS/AS),2025-04-26,Sábado,0.052,trail running,Absoluta/General,2.0,116.0,Benidorm,la Marina Baixa,Comunitat Valenciana,441-1976,441-1976-3090,XIX SUBIDA VERTICAL GRAN HOTEL BALI,BOMBEROS/AS,52
cronorunner,XIX SUBIDA VERTICAL GRAN HOTEL BALI (DOBLE MODALIDAD OPEN/BOMBEROS),2025-04-26,Sábado,0.052,trail running,Absoluta/General,,,Benidorm,la Marina Baixa,Comunitat Valenciana,441-1976,441-1976-3107,XIX SUBIDA VERTICAL GRAN HOTEL BALI,DOBLE MODALIDAD OPEN/BOMBEROS,52
cronorunner,XIX SUBIDA VERTICAL GRAN HOTEL BALI (ELITE - F),2025-04-26,Sábado,0.052,trail running,Elite,11.0,0.0,Benidorm,la Marina Baixa,Comunitat Valenciana,441-1976,441-1976-3316,XIX SUBIDA VERTICAL GRAN HOTEL BALI,ELITE - F,52
cronorunner,XXIII VOLTA A PEU GAVARDA (Compra Camiseta (No Corro)),2025-04-26,Sábado,0.0,road running,Absoluta/General,,,Gavarda,València / Valencia,Comunitat Valenciana,296-2007,296-2007-3314,XXIII VOLTA A PEU GAVARDA,Compra Camiseta (No Corro),0
cronorunner,XXIII VOLTA A PEU GAVARDA (Iniciació/Nanos 2018 i posterior),2025-04-26,Sábado,0.0,road running,Absoluta/General,,,Gavarda,València / Valencia,Comunitat Valenciana,296-2007,296-2007-3309,XXIII VOLTA A PEU GAVARDA,Iniciació/Nanos 2018 i posterior,0
cronorunner,XXIII VOLTA A PEU GAVARDA (Benjamí 2016-2017),2025-04-26,Sábado,0.4,road running,Infantil,9.0,20.0,Gavarda,València / Valencia,Comunitat Valenciana,296-2007,296-2007-3310,XXIII VOLTA A PEU GAVARDA,Benjamí 2016-2017,400
cronorunner,XXIII VOLTA A PEU GAVARDA (Aleví 2014-2015),2025-04-26,Sábado,1.0,road running,Absoluta/General,8.0,18.0,Gavarda,València / Valencia,Comunitat Valenciana,296-2007,296-2007-3311,XXIII VOLTA A PEU GAVARDA,Aleví 2014-2015,1000
cronorunner,XXIII VOLTA A PEU GAVARDA (Infantil 2012-2013),2025-04-26,Sábado,1.4,road running,Infantil,8.0,7.0,Gavarda,València / Valencia,Comunitat Valenciana,296-2007,296-2007-3312,XXIII VOLTA A PEU GAVARDA,Infantil 2012-2013,1400
cronorunner,XXIII VOLTA A PEU GAVARDA (Cadet 2008-2011),2025-04-26,Sábado,2.0,road running,Infantil,5.0,4.0,Gavarda,València / Valencia,Comunitat Valenciana,296-2007,296-2007-3313,XXIII VOLTA A PEU GAVARDA,Cadet 2008-2011,2000
cronorunner,XXIII VOLTA A PEU GAVARDA (6km),2025-04-26,Sábado,6.0,road running,Absoluta/General,99.0,265.0,Gavarda,València / Valencia,Comunitat Valenciana,296-2007,296-2007-3186,XXIII VOLTA A PEU GAVARDA,6km,6000
cronorunner,XLIII VOLTA A PEU XIRIVELLA,2025-04-13,Domingo,7.275,road running,Absoluta/General,286.0,588.0,Xirivella,l'Horta Sud,Comunitat Valenciana,377-2052,377-2052-3268,XLIII VOLTA A PEU XIRIVELLA,"7,2km",7275
cronorunner,XXVII VOLTA A PEU ALGINET (Compro Camiseta (NO CORRO)),2025-04-12,Sábado,0.0,road running,Absoluta/General,,,Alginet,València / Valencia,Comunitat Valenciana,307-2006,307-2006-3291,XXVII VOLTA A PEU ALGINET,Compro Camiseta (NO CORRO),0
cronorunner,XXVII VOLTA A PEU ALGINET (Prebenjamí (0 a 7 anys) NO COMPETITIVA),2025-04-12,Sábado,0.2,road running,Infantil,,,Alginet,València / Valencia,Comunitat Valenciana,307-2006,307-2006-3275,XXVII VOLTA A PEU ALGINET,Prebenjamí (0 a 7 anys) NO COMPETITIVA,200
cronorunner,XXVII VOLTA A PEU ALGINET (Benjamí (8 a 9 anys)),2025-04-12,Sábado,0.5,road running,Infantil,15.0,23.0,Alginet,València / Valencia,Comunitat Valenciana,307-2006,307-2006-3276,XXVII VOLTA A PEU ALGINET,Benjamí (8 a 9 anys),500
cronorunner,XXVII VOLTA A PEU ALGINET (Aleví (10 a 11 anys)),2025-04-12,Sábado,1.0,road running,Absoluta/General,11.0,25.0,Alginet,València / Valencia,Comunitat Valenciana,307-2006,307-2006-3277,XXVII VOLTA A PEU ALGINET,Aleví (10 a 11 anys),1000
cronorunner,XXVII VOLTA A PEU ALGINET (Infantil (12 a 13 anys)),2025-04-12,Sábado,1.5,road running,Infantil,11.0,5.0,Alginet,València / Valencia,Comunitat Valenciana,307-2006,307-2006-3278,XXVII VOLTA A PEU ALGINET,Infantil (12 a 13 anys),1500
cronorunner,XXVII VOLTA A PEU ALGINET (Cadet (14 a 17 anys)),2025-04-12,Sábado,2.25,road running,Infantil,6.0,6.0,Alginet,València / Valencia,Comunitat Valenciana,307-2006,307-2006-3279,XXVII VOLTA A PEU ALGINET,Cadet (14 a 17 anys),2250
cronorunner,XXVII VOLTA A PEU ALGINET (8KM),2025-04-12,Sábado,8.0,road running,Absoluta/General,104.0,376.0,Alginet,València / Valencia,Comunitat Valenciana,307-2006,307-2006-3185,XXVII VOLTA A PEU ALGINET,8KM,8000
cronorunner,"V 10K ""Via Materal"" Ciutat de Sueca (Cagons (2022-2025))",2025-04-12,Sábado,0.1,road running,Absoluta/General,,,Sueca,València / Valencia,Comunitat Valenciana,569-2019,569-2019-3254,"V 10K ""Via Materal"" Ciutat de Sueca",Cagons (2022-2025),100
cronorunner,"V 10K ""Via Materal"" Ciutat de Sueca (Chupetines (2020-2021))",2025-04-12,Sábado,0.1,road running,Infantil,,,Sueca,València / Valencia,Comunitat Valenciana,569-2019,569-2019-3255,"V 10K ""Via Materal"" Ciutat de Sueca",Chupetines (2020-2021),100
cronorunner,"V 10K ""Via Materal"" Ciutat de Sueca (Prebenjamines (2018-2019))",2025-04-12,Sábado,0.3,road running,Infantil,,,Sueca,València / Valencia,Comunitat Valenciana,569-2019,569-2019-3256,"V 10K ""Via Materal"" Ciutat de Sueca",Prebenjamines (2018-2019),300
cronorunner,"V 10K ""Via Materal"" Ciutat de Sueca (Benjamines (2016-2017))",2025-04-12,Sábado,0.6,road running,Infantil,,,Sueca,València / Valencia,Comunitat Valenciana,569-2019,569-2019-3257,"V 10K ""Via Materal"" Ciutat de Sueca",Benjamines (2016-2017),600
cronorunner,"V 10K ""Via Materal"" Ciutat de Sueca (Alevines (2014-2015))",2025-04-12,Sábado,0.9,road running,Infantil,,,Sueca,València / Valencia,Comunitat Valenciana,569-2019,569-2019-3258,"V 10K ""Via Materal"" Ciutat de Sueca",Alevines (2014-2015),900
cronorunner,"V 10K ""Via Materal"" Ciutat de Sueca (Infantiles (2012-2013))",2025-04-12,Sábado,1.2,road running,Infantil,,,Sueca,València / Valencia,Comunitat Valenciana,569-2019,569-2019-3259,"V 10K ""Via Materal"" Ciutat de Sueca",Infantiles (2012-2013),1200
cronorunner,"V 10K ""Via Materal"" Ciutat de Sueca (Cadetes (2010-2011))",2025-04-12,Sábado,1.5,road running,Infantil,,,Sueca,València / Valencia,Comunitat Valenciana,569-2019,569-2019-3260,"V 10K ""Via Materal"" Ciutat de Sueca",Cadetes (2010-2011),1500
cronorunner,"V 10K ""Via Materal"" Ciutat de Sueca (10km)",2025-04-12,Sábado,10.0,road running,Absoluta/General,146.0,459.0,Sueca,València / Valencia,Comunitat Valenciana,569-2019,569-2019-3198,"V 10K ""Via Materal"" Ciutat de Sueca",10km,10000
cronorunner,XXV GRAN FONS DE PUÇOL (Compro Camiseta + Manguitos (No corro)),2025-04-12,Sábado,0.0,road running,Absoluta/General,,,Puçol,l'Horta Nord,Comunitat Valenciana,433-2027,433-2027-3274,XXV GRAN FONS DE PUÇOL,Compro Camiseta + Manguitos (No corro),0
cronorunner,XXV GRAN FONS DE PUÇOL (15K),2025-04-12,Sábado,15.0,road running,Absoluta/General,91.0,366.0,Puçol,l'Horta Nord,Comunitat Valenciana,433-2027,433-2027-3211,XXV GRAN FONS DE PUÇOL,15K,15000
cronorunner,VI 5K ARCO FOIOS,2025-04-12,Sábado,0.0,road running,Absoluta/General,,,Foios,l'Horta Nord,Comunitat Valenciana,534-2028,534-2028-3212,VI 5K ARCO FOIOS,5K,0
cronorunner,IV CARRERA ESCOLAR CAIXA RURAL TORRENT (Aleví (2013-2014)),2025-04-06,Domingo,0.8,road running,Infantil,,,Torrent,l'Horta Sud,Comunitat Valenciana,557-2074,557-2074-3272,IV CARRERA ESCOLAR CAIXA RURAL TORRENT,Aleví (2013-2014),800
cronorunner,IV CARRERA ESCOLAR CAIXA RURAL TORRENT (Benjamí (2015-2016)),2025-04-06,Domingo,0.7,road running,Infantil,,,Torrent,l'Horta Sud,Comunitat Valenciana,557-2074,557-2074-3271,IV CARRERA ESCOLAR CAIXA RURAL TORRENT,Benjamí (2015-2016),700
cronorunner,IV CARRERA ESCOLAR CAIXA RURAL TORRENT (Prebenjamí (2017-2018)),2025-04-06,Domingo,0.45,road running,Infantil,,,Torrent,l'Horta Sud,Comunitat Valenciana,557-2074,557-2074-3270,IV CARRERA ESCOLAR CAIXA RURAL TORRENT,Prebenjamí (2017-2018),450
cronorunner,IV CARRERA ESCOLAR CAIXA RURAL TORRENT (Querubí (2019-2020)),2025-04-06,Domingo,0.2,road running,Infantil,,,Torrent,l'Horta Sud,Comunitat Valenciana,557-2074,557-2074-3269,IV CARRERA ESCOLAR CAIXA RURAL TORRENT,Querubí (2019-2020),200
cronorunner,X 10K BENIMODO (Compra Camiseta (No Corro)),2025-04-05,Sábado,0.0,road running,Absoluta/General,,,Benimodo,València / Valencia,Comunitat Valenciana,163-2008,163-2008-3273,X 10K BENIMODO,Compra Camiseta (No Corro),0
cronorunner,X 10K BENIMODO (10km),2025-04-05,Sábado,10.0,road running,Absoluta/General,98.0,323.0,Benimodo,València / Valencia,Comunitat Valenciana,163-2008,163-2008-3187,X 10K BENIMODO,10km,10000
cronorunner,VI 10k CIUTAT DE PICASSENT (Compro camiseta (No corro)),2025-03-29,Sábado,0.0,road running,Absoluta/General,,,Picassent,l'Horta Sud,Comunitat Valenciana,536-2018,536-2018-3281,VI 10k CIUTAT DE PICASSENT,Compro camiseta (No corro),0
cronorunner,VI 10k CIUTAT DE PICASSENT (Chupetines 2020/2025),2025-03-29,Sábado,0.1,road running,Infantil,,,Picassent,l'Horta Sud,Comunitat Valenciana,536-2018,536-2018-3245,VI 10k CIUTAT DE PICASSENT,Chupetines 2020/2025,100
cronorunner,VI 10k CIUTAT DE PICASSENT (Benjamines (Sub 10)),2025-03-29,Sábado,0.6,road running,Infantil,,,Picassent,l'Horta Sud,Comunitat Valenciana,536-2018,536-2018-3247,VI 10k CIUTAT DE PICASSENT,Benjamines (Sub 10),600
cronorunner,VI 10k CIUTAT DE PICASSENT (Alevin (Sub 12) 2014/2015),2025-03-29,Sábado,1.0,road running,Infantil,,,Picassent,l'Horta Sud,Comunitat Valenciana,536-2018,536-2018-3248,VI 10k CIUTAT DE PICASSENT,Alevin (Sub 12) 2014/2015,1000
cronorunner,VI 10k CIUTAT DE PICASSENT (Infantil (Sub14) 2012/2013),2025-03-29,Sábado,1.5,road running,Infantil,,,Picassent,l'Horta Sud,Comunitat Valenciana,536-2018,536-2018-3249,VI 10k CIUTAT DE PICASSENT,Infantil (Sub14) 2012/2013,1500
cronorunner,VI 10k CIUTAT DE PICASSENT (Cadete (Sub 16) 2010/2011),2025-03-29,Sábado,1.8,road running,Infantil,,,Picassent,l'Horta Sud,Comunitat Valenciana,536-2018,536-2018-3250,VI 10k CIUTAT DE PICASSENT,Cadete (Sub 16) 2010/2011,1800
cronorunner,VI 10k CIUTAT DE PICASSENT (10km),2025-03-29,Sábado,10.0,road running,Absoluta/General,201.0,713.0,Picassent,l'Horta Sud,Comunitat Valenciana,536-2018,536-2018-3197,VI 10k CIUTAT DE PICASSENT,10km,10000
cronorunner,VI 10k CIUTAT DE PICASSENT (Prebenjamines (Sub 8)),2025-03-29,Sábado,0.4,road running,Infantil,,,Picassent,l'Horta Sud,Comunitat Valenciana,536-2018,536-2018-3246,VI 10k CIUTAT DE PICASSENT,Prebenjamines (Sub 8),400
cronorunner,GALA FINAL CIRCUITO CAMP DE TÚRIA CAIXA POPULAR 2025 (9 carreras (clasificación + medalla + chándal + camiseta + toalla)),2025-03-21,Viernes,0.0,road running,Absoluta/General,,,Llíria,València / Valencia,Comunitat Valenciana,657-2041,657-2041-3226,GALA FINAL CIRCUITO CAMP DE TÚRIA CAIXA POPULAR 2025,9 carreras (clasificación + medalla + chándal + camiseta + toalla),0
cronorunner,GALA FINAL CIRCUITO CAMP DE TÚRIA CAIXA POPULAR 2025 (10 pruebas (clasificación + medalla + chándal + camiseta + toalla + chaqueta/cortavientos Full Finis),2025-03-21,Viernes,0.0,road running,Absoluta/General,,,Llíria,València / Valencia,Comunitat Valenciana,657-2041,657-2041-3227,GALA FINAL CIRCUITO CAMP DE TÚRIA CAIXA POPULAR 2025,10 pruebas (clasificación + medalla + chándal + camiseta + toalla + chaqueta/cortavientos Full Finis,0
cronorunner,GALA FINAL CIRCUITO CAMP DE TÚRIA CAIXA POPULAR 2025 (6 carreras (clasificación + medalla)),2025-03-21,Viernes,0.0,road running,Absoluta/General,,,Llíria,València / Valencia,Comunitat Valenciana,657-2041,657-2041-3223,GALA FINAL CIRCUITO CAMP DE TÚRIA CAIXA POPULAR 2025,6 carreras (clasificación + medalla),0
cronorunner,GALA FINAL CIRCUITO CAMP DE TÚRIA CAIXA POPULAR 2025 (7 carreras (clasificación + medalla + chándal)),2025-03-21,Viernes,0.0,road running,Absoluta/General,,,Llíria,València / Valencia,Comunitat Valenciana,657-2041,657-2041-3224,GALA FINAL CIRCUITO CAMP DE TÚRIA CAIXA POPULAR 2025,7 carreras (clasificación + medalla + chándal),0
cronorunner,GALA FINAL CIRCUITO CAMP DE TÚRIA CAIXA POPULAR 2025 (8 carrerass (clasificación + medalla + chándal + camiseta)),2025-03-21,Viernes,0.0,road running,Absoluta/General,,,Llíria,València / Valencia,Comunitat Valenciana,657-2041,657-2041-3225,GALA FINAL CIRCUITO CAMP DE TÚRIA CAIXA POPULAR 2025,8 carrerass (clasificación + medalla + chándal + camiseta),0
cronorunner,VII CARRERA DE LA DONA - MONTSERRAT,2025-03-14,Viernes,3.5,road running,Absoluta/General,,,Montserrat,València / Valencia,Comunitat Valenciana,576-2050,576-2050-3251,VII CARRERA DE LA DONA - MONTSERRAT,"3,5km",3500
cronorunner,XII VOLTA A PEU A L ÉNOVA,2025-03-01,Sábado,8.0,road running,Absoluta/General,76.0,265.0,l'Énova,València / Valencia,Comunitat Valenciana,369-2004,369-2004-3183,XII VOLTA A PEU A L ÉNOVA,8KM,8000
cronorunner,II Carrera Solidaria “Ruta 091” de Valencia (dorsal 0 (DONATIVO NO CORRO)),2025-02-16,Domingo,0.0,road running,Absoluta/General,,,València,Comarca de València,Comunitat Valenciana,638-1881,638-1881-3003,II Carrera Solidaria “Ruta 091” de Valencia,dorsal 0 (DONATIVO NO CORRO),0
cronorunner,II Carrera Solidaria “Ruta 091” de Valencia (Carrera Absoluta),2025-02-16,Domingo,5.2,road running,Absoluta/General,555.0,575.0,València,Comarca de València,Comunitat Valenciana,638-1881,638-1881-3001,II Carrera Solidaria “Ruta 091” de Valencia,Carrera Absoluta,5200
cronorunner,II Carrera Solidaria “Ruta 091” de Valencia (Modalidad Inclusiva),2025-02-16,Domingo,5.2,road running,Absoluta/General,,,València,Comarca de València,Comunitat Valenciana,638-1881,638-1881-3002,II Carrera Solidaria “Ruta 091” de Valencia,Modalidad Inclusiva,5200
cronorunner,II Carrera Solidaria “Ruta 091” de Valencia (Carreras infantiles (2018 y posteriores)),2025-02-16,Domingo,0.05,road running,Infantil,,,València,Comarca de València,Comunitat Valenciana,638-1881,638-1881-3004,II Carrera Solidaria “Ruta 091” de Valencia,Carreras infantiles (2018 y posteriores),50
cronorunner,II Carrera Solidaria “Ruta 091” de Valencia (Carreras infantiles (2016 - 2017)),2025-02-16,Domingo,0.1,road running,Infantil,,,València,Comarca de València,Comunitat Valenciana,638-1881,638-1881-3005,II Carrera Solidaria “Ruta 091” de Valencia,Carreras infantiles (2016 - 2017),100
cronorunner,II Carrera Solidaria “Ruta 091” de Valencia (Carreras infantiles (2014 - 2015)),2025-02-16,Domingo,0.2,road running,Infantil,,,València,Comarca de València,Comunitat Valenciana,638-1881,638-1881-3006,II Carrera Solidaria “Ruta 091” de Valencia,Carreras infantiles (2014 - 2015),200
cronorunner,II Carrera Solidaria “Ruta 091” de Valencia (Carreras infantiles (2012 - 2013)),2025-02-16,Domingo,0.4,road running,Infantil,,,València,Comarca de València,Comunitat Valenciana,638-1881,638-1881-3007,II Carrera Solidaria “Ruta 091” de Valencia,Carreras infantiles (2012 - 2013),400
cronorunner,II Carrera Solidaria “Ruta 091” de Valencia (Carreras infantiles (2010 - 2011)),2025-02-16,Domingo,0.8,road running,Infantil,,,València,Comarca de València,Comunitat Valenciana,638-1881,638-1881-3008,II Carrera Solidaria “Ruta 091” de Valencia,Carreras infantiles (2010 - 2011),800
cronorunner,XXXVI VOLTA A PEU A L´ALCÚDIA (Compro Obsequio (No corro)),2025-02-16,Domingo,0.0,road running,Absoluta/General,,,l'Alcúdia,València / Valencia,Comunitat Valenciana,206-2003,206-2003-3234,XXXVI VOLTA A PEU A L´ALCÚDIA,Compro Obsequio (No corro),0
cronorunner,XXXVI VOLTA A PEU A L´ALCÚDIA (Chupetí (2020-2024)),2025-02-16,Domingo,0.1,road running,Infantil,,,l'Alcúdia,València / Valencia,Comunitat Valenciana,206-2003,206-2003-3228,XXXVI VOLTA A PEU A L´ALCÚDIA,Chupetí (2020-2024),100
cronorunner,XXXVI VOLTA A PEU A L´ALCÚDIA (Prebenjamí (2018-2019)),2025-02-16,Domingo,0.3,road running,Infantil,,,l'Alcúdia,València / Valencia,Comunitat Valenciana,206-2003,206-2003-3229,XXXVI VOLTA A PEU A L´ALCÚDIA,Prebenjamí (2018-2019),300
cronorunner,XXXVI VOLTA A PEU A L´ALCÚDIA (Benjamí (2016-2017)),2025-02-16,Domingo,0.5,road running,Infantil,15.0,19.0,l'Alcúdia,València / Valencia,Comunitat Valenciana,206-2003,206-2003-3230,XXXVI VOLTA A PEU A L´ALCÚDIA,Benjamí (2016-2017),500
cronorunner,XXXVI VOLTA A PEU A L´ALCÚDIA (Aleví (2014-2015)),2025-02-16,Domingo,1.0,road running,Absoluta/General,12.0,17.0,l'Alcúdia,València / Valencia,Comunitat Valenciana,206-2003,206-2003-3231,XXXVI VOLTA A PEU A L´ALCÚDIA,Aleví (2014-2015),1000
cronorunner,XXXVI VOLTA A PEU A L´ALCÚDIA (Infantil (2012-2013)),2025-02-16,Domingo,1.5,road running,Infantil,7.0,5.0,l'Alcúdia,València / Valencia,Comunitat Valenciana,206-2003,206-2003-3232,XXXVI VOLTA A PEU A L´ALCÚDIA,Infantil (2012-2013),1500
cronorunner,XXXVI VOLTA A PEU A L´ALCÚDIA (Cadet (2008-2011)),2025-02-16,Domingo,2.0,road running,Infantil,6.0,5.0,l'Alcúdia,València / Valencia,Comunitat Valenciana,206-2003,206-2003-3233,XXXVI VOLTA A PEU A L´ALCÚDIA,Cadet (2008-2011),2000
cronorunner,XXXVI VOLTA A PEU A L´ALCÚDIA (10km),2025-02-16,Domingo,10.0,road running,Absoluta/General,124.0,416.0,l'Alcúdia,València / Valencia,Comunitat Valenciana,206-2003,206-2003-3182,XXXVI VOLTA A PEU A L´ALCÚDIA,10km,10000
cronorunner,"XIV 10k ALBAL ""POR ESA SONRISA"" (10km)",2025-02-16,Domingo,10.0,road running,Absoluta/General,178.0,570.0,Albal,l'Horta Sud,Comunitat Valenciana,514-2017,514-2017-3196,"XIV 10k ALBAL ""POR ESA SONRISA""",10km,10000
cronorunner,"XIV 10k ALBAL ""POR ESA SONRISA"" (Caminata 5k)",2025-02-16,Domingo,5.0,road running,Absoluta/General,,,Albal,l'Horta Sud,Comunitat Valenciana,514-2017,514-2017-3235,"XIV 10k ALBAL ""POR ESA SONRISA""",Caminata 5k,5000
cronorunner,"XIV 10k ALBAL ""POR ESA SONRISA"" (Cadete (2010-2011))",2025-02-16,Domingo,1.2,road running,Infantil,,,Albal,l'Horta Sud,Comunitat Valenciana,514-2017,514-2017-3242,"XIV 10k ALBAL ""POR ESA SONRISA""",Cadete (2010-2011),1200
cronorunner,"XIV 10k ALBAL ""POR ESA SONRISA"" (Infantil (2012-2013))",2025-02-16,Domingo,1.0,road running,Infantil,,,Albal,l'Horta Sud,Comunitat Valenciana,514-2017,514-2017-3241,"XIV 10k ALBAL ""POR ESA SONRISA""",Infantil (2012-2013),1000
cronorunner,"XIV 10k ALBAL ""POR ESA SONRISA"" (Alevín (2014-2015))",2025-02-16,Domingo,0.8,road running,Infantil,,,Albal,l'Horta Sud,Comunitat Valenciana,514-2017,514-2017-3240,"XIV 10k ALBAL ""POR ESA SONRISA""",Alevín (2014-2015),800
cronorunner,"XIV 10k ALBAL ""POR ESA SONRISA"" (Benjamin (2016-2017))",2025-02-16,Domingo,0.8,road running,Infantil,,,Albal,l'Horta Sud,Comunitat Valenciana,514-2017,514-2017-3239,"XIV 10k ALBAL ""POR ESA SONRISA""",Benjamin (2016-2017),800
cronorunner,"XIV 10k ALBAL ""POR ESA SONRISA"" (Prebenjamín (2018-2019))",2025-02-16,Domingo,0.4,road running,Infantil,,,Albal,l'Horta Sud,Comunitat Valenciana,514-2017,514-2017-3238,"XIV 10k ALBAL ""POR ESA SONRISA""",Prebenjamín (2018-2019),400
cronorunner,"XIV 10k ALBAL ""POR ESA SONRISA"" (Querubín (2020_2021))",2025-02-16,Domingo,0.1,road running,Absoluta/General,,,Albal,l'Horta Sud,Comunitat Valenciana,514-2017,514-2017-3237,"XIV 10k ALBAL ""POR ESA SONRISA""",Querubín (2020_2021),100
cronorunner,"XIV 10k ALBAL ""POR ESA SONRISA"" (Chupetín (2022-2025))",2025-02-16,Domingo,0.1,road running,Infantil,,,Albal,l'Horta Sud,Comunitat Valenciana,514-2017,514-2017-3236,"XIV 10k ALBAL ""POR ESA SONRISA""",Chupetín (2022-2025),100
cronorunner,"XIV 10k ALBAL ""POR ESA SONRISA"" (Juvenil (2008-2009))",2025-02-16,Domingo,1.2,road running,Infantil,,,Albal,l'Horta Sud,Comunitat Valenciana,514-2017,514-2017-3243,"XIV 10k ALBAL ""POR ESA SONRISA""",Juvenil (2008-2009),1200
cronorunner,GALA FINAL CIRCUIT CAIXA POPULAR HORTA SUD (5 carreras completadas),2025-02-14,Viernes,0.0,road running,Absoluta/General,,,la Garriga,Vallès Oriental,Catalunya,575-2001,575-2001-3176,GALA FINAL CIRCUIT CAIXA POPULAR HORTA SUD,5 carreras completadas,0
cronorunner,GALA FINAL CIRCUIT CAIXA POPULAR HORTA SUD (6 carreras completadas),2025-02-14,Viernes,0.0,road running,Absoluta/General,,,la Garriga,Vallès Oriental,Catalunya,575-2001,575-2001-3177,GALA FINAL CIRCUIT CAIXA POPULAR HORTA SUD,6 carreras completadas,0
cronorunner,GALA FINAL CIRCUIT CAIXA POPULAR HORTA SUD (7 carreras completadas),2025-02-14,Viernes,0.0,road running,Absoluta/General,,,la Garriga,Vallès Oriental,Catalunya,575-2001,575-2001-3178,GALA FINAL CIRCUIT CAIXA POPULAR HORTA SUD,7 carreras completadas,0
cronorunner,GALA FINAL CIRCUIT CAIXA POPULAR HORTA SUD (8 carreras completadas),2025-02-14,Viernes,0.0,road running,Absoluta/General,,,la Garriga,Vallès Oriental,Catalunya,575-2001,575-2001-3179,GALA FINAL CIRCUIT CAIXA POPULAR HORTA SUD,8 carreras completadas,0
cronorunner,"XIV CARRERA REGIMIENTO ""LUSITANIA"" (Trail 21k)",2025-02-09,Domingo,21.0,trail running,Absoluta/General,23.0,140.0,Marines,València / Valencia,Comunitat Valenciana,632-1904,632-1904-2839,"XIV CARRERA REGIMIENTO ""LUSITANIA""",Trail 21k,21000
cronorunner,"XIV CARRERA REGIMIENTO ""LUSITANIA"" (Sprintrail 11,2k)",2025-02-09,Domingo,11.2,trail running,Absoluta/General,102.0,199.0,Marines,València / Valencia,Comunitat Valenciana,632-1904,632-1904-2840,"XIV CARRERA REGIMIENTO ""LUSITANIA""","Sprintrail 11,2k",11200
cronorunner,"XIV CARRERA REGIMIENTO ""LUSITANIA"" (Iniciación 9k)",2025-02-09,Domingo,9.0,road running,Absoluta/General,45.0,59.0,Marines,València / Valencia,Comunitat Valenciana,632-1904,632-1904-2841,"XIV CARRERA REGIMIENTO ""LUSITANIA""",Iniciación 9k,9000
cronorunner,"XIV CARRERA REGIMIENTO ""LUSITANIA"" (Marcha 9k / Canicross)",2025-02-09,Domingo,9.0,trail running,Absoluta/General,,,Marines,València / Valencia,Comunitat Valenciana,632-1904,632-1904-2842,"XIV CARRERA REGIMIENTO ""LUSITANIA""",Marcha 9k / Canicross,9000
cronorunner,XIX GRAN FONS DE TURÍS MEMORIAL RAIMON SORIA (Benjamí (2017-2016)),2025-02-09,Domingo,0.6,road running,Infantil,15.0,17.0,Turís,València / Valencia,Comunitat Valenciana,295-2002,295-2002-3205,XIX GRAN FONS DE TURÍS MEMORIAL RAIMON SORIA,Benjamí (2017-2016),600
cronorunner,XIX GRAN FONS DE TURÍS MEMORIAL RAIMON SORIA (Aleví (2015-2014)),2025-02-09,Domingo,1.0,road running,Absoluta/General,11.0,21.0,Turís,València / Valencia,Comunitat Valenciana,295-2002,295-2002-3206,XIX GRAN FONS DE TURÍS MEMORIAL RAIMON SORIA,Aleví (2015-2014),1000
cronorunner,XIX GRAN FONS DE TURÍS MEMORIAL RAIMON SORIA (Infantil (2013-2012)),2025-02-09,Domingo,1.6,road running,Infantil,22.0,9.0,Turís,València / Valencia,Comunitat Valenciana,295-2002,295-2002-3207,XIX GRAN FONS DE TURÍS MEMORIAL RAIMON SORIA,Infantil (2013-2012),1600
cronorunner,XIX GRAN FONS DE TURÍS MEMORIAL RAIMON SORIA (Cadet (2008-2011)),2025-02-09,Domingo,2.0,road running,Infantil,43.0,20.0,Turís,València / Valencia,Comunitat Valenciana,295-2002,295-2002-3208,XIX GRAN FONS DE TURÍS MEMORIAL RAIMON SORIA,Cadet (2008-2011),2000
cronorunner,XIX GRAN FONS DE TURÍS MEMORIAL RAIMON SORIA (10km),2025-02-09,Domingo,10.0,road running,Absoluta/General,116.0,342.0,Turís,València / Valencia,Comunitat Valenciana,295-2002,295-2002-3181,XIX GRAN FONS DE TURÍS MEMORIAL RAIMON SORIA,10km,10000
cronorunner,I 10k BIMI SILLA,2025-02-02,Domingo,10.0,road running,Absoluta/General,98.0,315.0,Silla,l'Horta Sud,Comunitat Valenciana,150-1956,150-1956-3129,I 10k BIMI SILLA,10KM,10000
cronorunner,XIX TRAIL 3 PICS LES RODANES (Sprint Subida),2025-01-26,Domingo,0.0,trail running,Absoluta/General,,,Vilamarxant,València / Valencia,Comunitat Valenciana,136-1972,136-1972-3244,XIX TRAIL 3 PICS LES RODANES,Sprint Subida,0
cronorunner,XIX TRAIL 3 PICS LES RODANES (Prueba Reina 28km),2025-01-26,Domingo,28.0,trail running,Absoluta/General,15.0,159.0,Vilamarxant,València / Valencia,Comunitat Valenciana,136-1972,136-1972-3138,XIX TRAIL 3 PICS LES RODANES,Prueba Reina 28km,28000
cronorunner,XIX TRAIL 3 PICS LES RODANES (RAPITTRAIL 14KM),2025-01-26,Domingo,14.0,trail running,Absoluta/General,139.0,366.0,Vilamarxant,València / Valencia,Comunitat Valenciana,136-1972,136-1972-3139,XIX TRAIL 3 PICS LES RODANES,RAPITTRAIL 14KM,14000
cronorunner,XIX TRAIL 3 PICS LES RODANES (Iniciació Trail 8km),2025-01-26,Domingo,8.0,trail running,Absoluta/General,72.0,67.0,Vilamarxant,València / Valencia,Comunitat Valenciana,136-1972,136-1972-3140,XIX TRAIL 3 PICS LES RODANES,Iniciació Trail 8km,8000
cronorunner,IX TRAILKIDS 3 PICS LES RODANES VILAMARXANT (Querubí (2019-2020)),2025-01-25,Sábado,0.3,trail running,Absoluta/General,,,Vilamarxant,València / Valencia,Comunitat Valenciana,449-1985,449-1985-3141,IX TRAILKIDS 3 PICS LES RODANES VILAMARXANT,Querubí (2019-2020),300
cronorunner,IX TRAILKIDS 3 PICS LES RODANES VILAMARXANT (Prebenjamin (2017-2018)),2025-01-25,Sábado,0.3,trail running,Infantil,,,Vilamarxant,València / Valencia,Comunitat Valenciana,449-1985,449-1985-3142,IX TRAILKIDS 3 PICS LES RODANES VILAMARXANT,Prebenjamin (2017-2018),300
cronorunner,IX TRAILKIDS 3 PICS LES RODANES VILAMARXANT (Benjamin (2015-2016)),2025-01-25,Sábado,0.6,trail running,Infantil,,,Vilamarxant,València / Valencia,Comunitat Valenciana,449-1985,449-1985-3143,IX TRAILKIDS 3 PICS LES RODANES VILAMARXANT,Benjamin (2015-2016),600
cronorunner,IX TRAILKIDS 3 PICS LES RODANES VILAMARXANT (Alevin (2013-2014)),2025-01-25,Sábado,1.0,trail running,Infantil,,,Vilamarxant,València / Valencia,Comunitat Valenciana,449-1985,449-1985-3144,IX TRAILKIDS 3 PICS LES RODANES VILAMARXANT,Alevin (2013-2014),1000
cronorunner,IX TRAILKIDS 3 PICS LES RODANES VILAMARXANT (Infantil (2011-2012)),2025-01-25,Sábado,1.5,trail running,Infantil,,,Vilamarxant,València / Valencia,Comunitat Valenciana,449-1985,449-1985-3145,IX TRAILKIDS 3 PICS LES RODANES VILAMARXANT,Infantil (2011-2012),1500
cronorunner,IX TRAILKIDS 3 PICS LES RODANES VILAMARXANT (Cadet (2009-2010)),2025-01-25,Sábado,2.0,trail running,Infantil,,,Vilamarxant,València / Valencia,Comunitat Valenciana,449-1985,449-1985-3146,IX TRAILKIDS 3 PICS LES RODANES VILAMARXANT,Cadet (2009-2010),2000
cronorunner,IV 10K OLIVA NOVA (10KM),2025-01-19,Domingo,10.0,road running,Absoluta/General,109.0,250.0,Oliva,València / Valencia,Comunitat Valenciana,598-1831,598-1831-2685,IV 10K OLIVA NOVA,10KM,10000
cronorunner,IV 10K OLIVA NOVA (Carreras infantiles),2025-01-19,Domingo,0.0,road running,Infantil,,,Oliva,València / Valencia,Comunitat Valenciana,598-1831,598-1831-2747,IV 10K OLIVA NOVA,Carreras infantiles,0
cronorunner,III CARRERA SANT ROQUENSE MUSEROS (5k),2025-01-18,Sábado,5.0,road running,Absoluta/General,,,Museros,l'Horta Nord,Comunitat Valenciana,642-1994,642-1994-3160,III CARRERA SANT ROQUENSE MUSEROS,5k,5000
cronorunner,III CARRERA SANT ROQUENSE MUSEROS (Dorsal 0 (No corro)),2025-01-18,Sábado,0.0,road running,Absoluta/General,,,Museros,l'Horta Nord,Comunitat Valenciana,642-1994,642-1994-3161,III CARRERA SANT ROQUENSE MUSEROS,Dorsal 0 (No corro),0
cronorunner,XXXVIII SAN SILVESTRE D'ALBALAT DE LA RIBERA (Fila 0 (Donació Voluntaria - No participe)),2024-12-31,Martes,0.0,road running,Absoluta/General,,,Albalat de la Ribera,València / Valencia,Comunitat Valenciana,113-1996,113-1996-3167,XXXVIII SAN SILVESTRE D'ALBALAT DE LA RIBERA,Fila 0 (Donació Voluntaria - No participe),0
cronorunner,XXXVIII SAN SILVESTRE D'ALBALAT DE LA RIBERA (Querubins de 0 a 7 anys),2024-12-31,Martes,0.3,road running,Absoluta/General,,,Albalat de la Ribera,València / Valencia,Comunitat Valenciana,113-1996,113-1996-3164,XXXVIII SAN SILVESTRE D'ALBALAT DE LA RIBERA,Querubins de 0 a 7 anys,300
cronorunner,XXXVIII SAN SILVESTRE D'ALBALAT DE LA RIBERA (Infantils de 8 a 11 anys),2024-12-31,Martes,0.8,road running,Infantil,,,Albalat de la Ribera,València / Valencia,Comunitat Valenciana,113-1996,113-1996-3165,XXXVIII SAN SILVESTRE D'ALBALAT DE LA RIBERA,Infantils de 8 a 11 anys,800
cronorunner,XXXVIII SAN SILVESTRE D'ALBALAT DE LA RIBERA (Absoluta a partir de 12 anys),2024-12-31,Martes,6.0,road running,Absoluta/General,,,Albalat de la Ribera,València / Valencia,Comunitat Valenciana,113-1996,113-1996-3166,XXXVIII SAN SILVESTRE D'ALBALAT DE LA RIBERA,Absoluta a partir de 12 anys,6000
cronorunner,VIII SANT SILVESTRE CIUTAT DE CARLET (Cursa (5k)),2024-12-29,Domingo,5.0,road running,Absoluta/General,48.0,196.0,Carlet,València / Valencia,Comunitat Valenciana,640-1999,640-1999-3174,VIII SANT SILVESTRE CIUTAT DE CARLET,Cursa (5k),5000
cronorunner,"VIII SANT SILVESTRE CIUTAT DE CARLET (Caminata (2,5km))",2024-12-29,Domingo,2.5,road running,Absoluta/General,,,Carlet,València / Valencia,Comunitat Valenciana,640-1999,640-1999-3175,VIII SANT SILVESTRE CIUTAT DE CARLET,"Caminata (2,5km)",2500
cronorunner,XXIV SAN SILVESTRE DE MISLATA,2024-12-29,Domingo,2.8,road running,Absoluta/General,,,Mislata,l'Horta Sud,Comunitat Valenciana,367-2000,367-2000-3180,XXIV SAN SILVESTRE DE MISLATA,"2,km",2800
cronorunner,VIII SANT SILVESTRE DE MONTSERRAT,2024-12-28,Sábado,3.2,road running,Absoluta/General,,,Montserrat,València / Valencia,Comunitat Valenciana,422-1988,422-1988-3168,VIII SANT SILVESTRE DE MONTSERRAT,"3,2KM",3200
cronorunner,IX SAN SILVESTRE SOLIDARIA POBLA DE FARNALS (Pre-chupetin (2022-2023)),2024-12-27,Viernes,0.1,road running,Infantil,,,la Pobla de Farnals,l'Horta Nord,Comunitat Valenciana,421-1989,421-1989-3148,IX SAN SILVESTRE SOLIDARIA POBLA DE FARNALS,Pre-chupetin (2022-2023),100
cronorunner,IX SAN SILVESTRE SOLIDARIA POBLA DE FARNALS (Chupetin (2020-2022)),2024-12-27,Viernes,0.15,road running,Infantil,,,la Pobla de Farnals,l'Horta Nord,Comunitat Valenciana,421-1989,421-1989-3149,IX SAN SILVESTRE SOLIDARIA POBLA DE FARNALS,Chupetin (2020-2022),150
cronorunner,IX SAN SILVESTRE SOLIDARIA POBLA DE FARNALS (Prebenjamin (2018-2019)),2024-12-27,Viernes,0.25,road running,Infantil,,,la Pobla de Farnals,l'Horta Nord,Comunitat Valenciana,421-1989,421-1989-3150,IX SAN SILVESTRE SOLIDARIA POBLA DE FARNALS,Prebenjamin (2018-2019),250
cronorunner,IX SAN SILVESTRE SOLIDARIA POBLA DE FARNALS (Benjamin (2016-2017)),2024-12-27,Viernes,0.5,road running,Infantil,,,la Pobla de Farnals,l'Horta Nord,Comunitat Valenciana,421-1989,421-1989-3151,IX SAN SILVESTRE SOLIDARIA POBLA DE FARNALS,Benjamin (2016-2017),500
cronorunner,IX SAN SILVESTRE SOLIDARIA POBLA DE FARNALS (Alevin (2014-2015)),2024-12-27,Viernes,0.75,road running,Infantil,,,la Pobla de Farnals,l'Horta Nord,Comunitat Valenciana,421-1989,421-1989-3152,IX SAN SILVESTRE SOLIDARIA POBLA DE FARNALS,Alevin (2014-2015),750
cronorunner,IX SAN SILVESTRE SOLIDARIA POBLA DE FARNALS (Infantil (2012-2013)),2024-12-27,Viernes,1.0,road running,Infantil,,,la Pobla de Farnals,l'Horta Nord,Comunitat Valenciana,421-1989,421-1989-3153,IX SAN SILVESTRE SOLIDARIA POBLA DE FARNALS,Infantil (2012-2013),1000
cronorunner,IX SAN SILVESTRE SOLIDARIA POBLA DE FARNALS (5k),2024-12-27,Viernes,5.0,road running,Absoluta/General,112.0,244.0,la Pobla de Farnals,l'Horta Nord,Comunitat Valenciana,421-1989,421-1989-3147,IX SAN SILVESTRE SOLIDARIA POBLA DE FARNALS,5k,5000
cronorunner,XV SANT SILVESTRE SOLIDARIA TORRENT (Dorsal Zero Solidari (no participo)),2024-12-27,Viernes,0.0,road running,Absoluta/General,,,Torrent,l'Horta Sud,Comunitat Valenciana,548-1993,548-1993-3163,XV SANT SILVESTRE SOLIDARIA TORRENT,Dorsal Zero Solidari (no participo),0
cronorunner,XV SANT SILVESTRE SOLIDARIA TORRENT (Carrera),2024-12-27,Viernes,3.08,road running,Absoluta/General,,,Torrent,l'Horta Sud,Comunitat Valenciana,548-1993,548-1993-3159,XV SANT SILVESTRE SOLIDARIA TORRENT,Carrera,3080
cronorunner,II SANT SILVESTRE CARCAIXENT BRESSOL DE LA TARONJA,2024-12-27,Viernes,3.5,road running,Absoluta/General,,,Carcaixent,València / Valencia,Comunitat Valenciana,570-1995,570-1995-3162,II SANT SILVESTRE CARCAIXENT BRESSOL DE LA TARONJA,"3,5km",3500
cronorunner,IV SANT SILVESTRE CIUTAT DE XIRIVELLA (Carrera absoluta),2024-12-22,Domingo,3.43,road running,Absoluta/General,,,Xirivella,l'Horta Sud,Comunitat Valenciana,625-1918,625-1918-3157,IV SANT SILVESTRE CIUTAT DE XIRIVELLA,Carrera absoluta,3430
cronorunner,IV SANT SILVESTRE CIUTAT DE XIRIVELLA (Menores de 0 a 12 acompañados de adulto),2024-12-22,Domingo,0.0,road running,Infantil,,,Xirivella,l'Horta Sud,Comunitat Valenciana,625-1918,625-1918-3158,IV SANT SILVESTRE CIUTAT DE XIRIVELLA,Menores de 0 a 12 acompañados de adulto,0
cronorunner,XI 10K Arco Foios per la Fibrosi Quistica (Compro Camiseta (No corro)),2024-12-22,Domingo,0.0,road running,Absoluta/General,,,Foios,l'Horta Nord,Comunitat Valenciana,468-1984,468-1984-3117,XI 10K Arco Foios per la Fibrosi Quistica,Compro Camiseta (No corro),0
cronorunner,XI 10K Arco Foios per la Fibrosi Quistica (Dorsal 0 (Aportación Solidaria-No corro)),2024-12-22,Domingo,0.0,road running,Absoluta/General,,,Foios,l'Horta Nord,Comunitat Valenciana,468-1984,468-1984-3118,XI 10K Arco Foios per la Fibrosi Quistica,Dorsal 0 (Aportación Solidaria-No corro),0
cronorunner,XI 10K Arco Foios per la Fibrosi Quistica (10km),2024-12-22,Domingo,10.0,road running,Absoluta/General,266.0,577.0,Foios,l'Horta Nord,Comunitat Valenciana,468-1984,468-1984-3116,XI 10K Arco Foios per la Fibrosi Quistica,10km,10000
cronorunner,XI 10K Arco Foios per la Fibrosi Quistica (Querubín (0 a 4 años)),2024-12-22,Domingo,0.05,road running,Absoluta/General,,,Foios,l'Horta Nord,Comunitat Valenciana,468-1984,468-1984-3119,XI 10K Arco Foios per la Fibrosi Quistica,Querubín (0 a 4 años),50
cronorunner,XI 10K Arco Foios per la Fibrosi Quistica (Pre-benjamín (5 a 7 años)),2024-12-22,Domingo,0.1,road running,Infantil,,,Foios,l'Horta Nord,Comunitat Valenciana,468-1984,468-1984-3120,XI 10K Arco Foios per la Fibrosi Quistica,Pre-benjamín (5 a 7 años),100
cronorunner,XI 10K Arco Foios per la Fibrosi Quistica (Benjamín (8 a 10 años)),2024-12-22,Domingo,0.25,road running,Infantil,,,Foios,l'Horta Nord,Comunitat Valenciana,468-1984,468-1984-3121,XI 10K Arco Foios per la Fibrosi Quistica,Benjamín (8 a 10 años),250
cronorunner,XI 10K Arco Foios per la Fibrosi Quistica (Alevín (11 a 12 años)),2024-12-22,Domingo,0.5,road running,Infantil,,,Foios,l'Horta Nord,Comunitat Valenciana,468-1984,468-1984-3122,XI 10K Arco Foios per la Fibrosi Quistica,Alevín (11 a 12 años),500
cronorunner,XI 10K Arco Foios per la Fibrosi Quistica (Infantil (13 a 14 años)),2024-12-22,Domingo,1.0,road running,Infantil,,,Foios,l'Horta Nord,Comunitat Valenciana,468-1984,468-1984-3123,XI 10K Arco Foios per la Fibrosi Quistica,Infantil (13 a 14 años),1000
cronorunner,XXII CURSA DE NADAL BÉTERA (Sub 6 Xupetins),2024-12-21,Sábado,0.1,road running,Absoluta/General,,,Bétera,València / Valencia,Comunitat Valenciana,361-1930,361-1930-3134,XXII CURSA DE NADAL BÉTERA,Sub 6 Xupetins,100
cronorunner,XXII CURSA DE NADAL BÉTERA (Sub 8 Prebenjamin),2024-12-21,Sábado,0.2,road running,Infantil,,,Bétera,València / Valencia,Comunitat Valenciana,361-1930,361-1930-3135,XXII CURSA DE NADAL BÉTERA,Sub 8 Prebenjamin,200
cronorunner,XXII CURSA DE NADAL BÉTERA (Sub 10 Benjamin),2024-12-21,Sábado,0.4,road running,Infantil,,,Bétera,València / Valencia,Comunitat Valenciana,361-1930,361-1930-3136,XXII CURSA DE NADAL BÉTERA,Sub 10 Benjamin,400
cronorunner,XXII CURSA DE NADAL BÉTERA (Sub 12 Alevin),2024-12-21,Sábado,0.8,road running,Infantil,,,Bétera,València / Valencia,Comunitat Valenciana,361-1930,361-1930-3137,XXII CURSA DE NADAL BÉTERA,Sub 12 Alevin,800
cronorunner,XXII CURSA DE NADAL BÉTERA (5K),2024-12-21,Sábado,5.0,road running,Absoluta/General,96.0,227.0,Bétera,València / Valencia,Comunitat Valenciana,361-1930,361-1930-2837,XXII CURSA DE NADAL BÉTERA,5K,5000
cronorunner,VIII SANT SILVESTRE D'ALMUSSAFES (1000m (de 9 a 12 anys)),2024-12-21,Sábado,1.0,road running,Absoluta/General,,,Almussafes,València / Valencia,Comunitat Valenciana,416-1991,416-1991-3155,VIII SANT SILVESTRE D'ALMUSSAFES,1000m (de 9 a 12 anys),1000
cronorunner,VIII SANT SILVESTRE D'ALMUSSAFES (500m (de 4 a 8 anys)),2024-12-21,Sábado,0.5,road running,Absoluta/General,,,Almussafes,València / Valencia,Comunitat Valenciana,416-1991,416-1991-3156,VIII SANT SILVESTRE D'ALMUSSAFES,500m (de 4 a 8 anys),500
cronorunner,VIII SANT SILVESTRE D'ALMUSSAFES (5k (a partir de 13 anys)),2024-12-21,Sábado,5.0,road running,Absoluta/General,,,Almussafes,València / Valencia,Comunitat Valenciana,416-1991,416-1991-3154,VIII SANT SILVESTRE D'ALMUSSAFES,5k (a partir de 13 anys),5000
cronorunner,15K i I 5K VILA DE MASSAMAGRELL (Compro Pantalón (NO CORRO)),2024-12-15,Domingo,0.0,road running,Absoluta/General,,,Massamagrell,l'Horta Nord,Comunitat Valenciana,643-1895,643-1895-3093,15K i I 5K VILA DE MASSAMAGRELL,Compro Pantalón (NO CORRO),0
cronorunner,15K i I 5K VILA DE MASSAMAGRELL (15K),2024-12-15,Domingo,15.0,road running,Absoluta/General,116.0,415.0,Massamagrell,l'Horta Nord,Comunitat Valenciana,643-1895,643-1895-2801,15K i I 5K VILA DE MASSAMAGRELL,15K,15000
cronorunner,15K i I 5K VILA DE MASSAMAGRELL (5K),2024-12-15,Domingo,5.0,road running,Absoluta/General,104.0,139.0,Massamagrell,l'Horta Nord,Comunitat Valenciana,643-1895,643-1895-2802,15K i I 5K VILA DE MASSAMAGRELL,5K,5000
cronorunner,15K i I 5K VILA DE MASSAMAGRELL (Compro Camiseta (NO CORRO)),2024-12-15,Domingo,0.0,road running,Absoluta/General,,,Massamagrell,l'Horta Nord,Comunitat Valenciana,643-1895,643-1895-3091,15K i I 5K VILA DE MASSAMAGRELL,Compro Camiseta (NO CORRO),0
cronorunner,15K i I 5K VILA DE MASSAMAGRELL (Compro Gorra (NO CORRO)),2024-12-15,Domingo,0.0,road running,Absoluta/General,,,Massamagrell,l'Horta Nord,Comunitat Valenciana,643-1895,643-1895-3092,15K i I 5K VILA DE MASSAMAGRELL,Compro Gorra (NO CORRO),0
cronorunner,15K i I 5K VILA DE MASSAMAGRELL (5K MENORES),2024-12-15,Domingo,5.0,road running,Infantil,16.0,16.0,Massamagrell,l'Horta Nord,Comunitat Valenciana,643-1895,643-1895-3169,15K i I 5K VILA DE MASSAMAGRELL,5K MENORES,5000
cronorunner,XLIII 10k y 5K MISLATA (10KM),2024-12-15,Domingo,10.0,road running,Absoluta/General,51.0,168.0,Mislata,l'Horta Sud,Comunitat Valenciana,550-1902,550-1902-3131,XLIII 10k y 5K MISLATA,10KM,10000
cronorunner,XLIII 10k y 5K MISLATA (5km),2024-12-15,Domingo,5.0,road running,Absoluta/General,41.0,74.0,Mislata,l'Horta Sud,Comunitat Valenciana,550-1902,550-1902-3132,XLIII 10k y 5K MISLATA,5km,5000
cronorunner,IX 10K DULCES DE CASINOS (10k),2024-12-14,Sábado,10.0,road running,Absoluta/General,55.0,170.0,Casinos,València / Valencia,Comunitat Valenciana,467-1929,467-1929-2836,IX 10K DULCES DE CASINOS,10k,10000
cronorunner,IX 10K DULCES DE CASINOS (Minibenjamin),2024-12-14,Sábado,0.06,road running,Infantil,,,Casinos,València / Valencia,Comunitat Valenciana,467-1929,467-1929-3100,IX 10K DULCES DE CASINOS,Minibenjamin,60
cronorunner,IX 10K DULCES DE CASINOS (Prebenjamin (6-7 años)),2024-12-14,Sábado,0.1,road running,Infantil,,,Casinos,València / Valencia,Comunitat Valenciana,467-1929,467-1929-3101,IX 10K DULCES DE CASINOS,Prebenjamin (6-7 años),100
cronorunner,IX 10K DULCES DE CASINOS (Benjamin (8-9 años)),2024-12-14,Sábado,0.45,road running,Infantil,,,Casinos,València / Valencia,Comunitat Valenciana,467-1929,467-1929-3102,IX 10K DULCES DE CASINOS,Benjamin (8-9 años),450
cronorunner,IX 10K DULCES DE CASINOS (Alevin (10-12 años)),2024-12-14,Sábado,0.45,road running,Infantil,,,Casinos,València / Valencia,Comunitat Valenciana,467-1929,467-1929-3103,IX 10K DULCES DE CASINOS,Alevin (10-12 años),450
cronorunner,IX 10K DULCES DE CASINOS (Infantil (13-15 años)),2024-12-14,Sábado,0.9,road running,Infantil,,,Casinos,València / Valencia,Comunitat Valenciana,467-1929,467-1929-3104,IX 10K DULCES DE CASINOS,Infantil (13-15 años),900
cronorunner,IX 10K DULCES DE CASINOS (Cadete (16-17 años)),2024-12-14,Sábado,0.9,road running,Infantil,,,Casinos,València / Valencia,Comunitat Valenciana,467-1929,467-1929-3105,IX 10K DULCES DE CASINOS,Cadete (16-17 años),900
cronorunner,V 10K SOLIDARIA DE MARINES,2024-11-30,Sábado,10.0,road running,Absoluta/General,49.0,139.0,Marines,València / Valencia,Comunitat Valenciana,555-1928,555-1928-2835,V 10K SOLIDARIA DE MARINES,10k,10000
cronorunner,"VI GRAN FONS I CARRERA TRENCANT BARRERES PER LA SALUT MENTAL DE SUECA (Caminata 5,5km)",2024-11-24,Domingo,5.5,road running,Absoluta/General,,,Sueca,València / Valencia,Comunitat Valenciana,565-1898,565-1898-3080,VI GRAN FONS I CARRERA TRENCANT BARRERES PER LA SALUT MENTAL DE SUECA,"Caminata 5,5km",5500
cronorunner,"VI GRAN FONS I CARRERA TRENCANT BARRERES PER LA SALUT MENTAL DE SUECA (Carrera 8,5km)",2024-11-24,Domingo,8.5,road running,Absoluta/General,79.0,123.0,Sueca,València / Valencia,Comunitat Valenciana,565-1898,565-1898-3081,VI GRAN FONS I CARRERA TRENCANT BARRERES PER LA SALUT MENTAL DE SUECA,"Carrera 8,5km",8500
cronorunner,VI GRAN FONS I CARRERA TRENCANT BARRERES PER LA SALUT MENTAL DE SUECA (Gran Fons 15km),2024-11-24,Domingo,15.0,road running,Absoluta/General,21.0,100.0,Sueca,València / Valencia,Comunitat Valenciana,565-1898,565-1898-3082,VI GRAN FONS I CARRERA TRENCANT BARRERES PER LA SALUT MENTAL DE SUECA,Gran Fons 15km,15000
cronorunner,IX 10k y 5K DINOSAURIS MONCADA (10k),2024-11-24,Domingo,10.0,road running,Absoluta/General,142.0,274.0,Montcada / Moncada,l'Horta Nord,Comunitat Valenciana,351-1916,351-1916-3063,IX 10k y 5K DINOSAURIS MONCADA,10k,10000
cronorunner,IX 10k y 5K DINOSAURIS MONCADA (5k),2024-11-24,Domingo,5.0,road running,Absoluta/General,122.0,101.0,Montcada / Moncada,l'Horta Nord,Comunitat Valenciana,351-1916,351-1916-3064,IX 10k y 5K DINOSAURIS MONCADA,5k,5000
cronorunner,IV TRAIL SANTA BÁRBARA  PINA DE MONTALGRAO-VILLANUEVA DE VIVER (14km),2024-10-27,Domingo,14.0,trail running,Absoluta/General,21.0,81.0,Pina de Montalgrao,Castelló / Castellón,Comunitat Valenciana,540-1949,540-1949-3078,IV TRAIL SANTA BÁRBARA  PINA DE MONTALGRAO-VILLANUEVA DE VIVER,14km,14000
cronorunner,"IV TRAIL SANTA BÁRBARA  PINA DE MONTALGRAO-VILLANUEVA DE VIVER (5,5km)",2024-10-27,Domingo,5.5,trail running,Absoluta/General,92.0,75.0,Pina de Montalgrao,Castelló / Castellón,Comunitat Valenciana,540-1949,540-1949-3077,IV TRAIL SANTA BÁRBARA  PINA DE MONTALGRAO-VILLANUEVA DE VIVER,"5,5km",5500
cronorunner,CIRCUIT CAIXA POPULAR RIBERA DE XÚQUER - SELECCIÓN TALLA INSCRITOS MODALIDAD GLOBAL (Solo finishers del circuito a partir de 10 carreras completadas),2024-10-25,Viernes,0.0,road running,Absoluta/General,,,Sueca,València / Valencia,Comunitat Valenciana,646-1982,646-1982-3111,CIRCUIT CAIXA POPULAR RIBERA DE XÚQUER - SELECCIÓN TALLA INSCRITOS MODALIDAD GLOBAL,Solo finishers del circuito a partir de 10 carreras completadas,0
cronorunner,CIRCUIT CAIXA POPULAR RIBERA DE XÚQUER - SELECCIÓN TALLA INSCRITOS MODALIDAD GLOBAL (Inscripción Menores a partir de 5 pruebas completadas),2024-10-25,Viernes,0.0,road running,Infantil,,,Sueca,València / Valencia,Comunitat Valenciana,646-1982,646-1982-3115,CIRCUIT CAIXA POPULAR RIBERA DE XÚQUER - SELECCIÓN TALLA INSCRITOS MODALIDAD GLOBAL,Inscripción Menores a partir de 5 pruebas completadas,0
cronorunner,VI 10k y la VII Caminata de la Miel (Caminata),2024-10-20,Domingo,5.0,road running,Absoluta/General,,,Montroi / Montroy,València / Valencia,Comunitat Valenciana,409-1973,409-1973-3086,VI 10k y la VII Caminata de la Miel,Caminata,5000
cronorunner,VI 10k y la VII Caminata de la Miel (10K),2024-10-20,Domingo,10.0,road running,Absoluta/General,20.0,87.0,Montroi / Montroy,València / Valencia,Comunitat Valenciana,409-1973,409-1973-3085,VI 10k y la VII Caminata de la Miel,10K,10000
cronorunner,EN MEMÒRIA DE J.A. CUCHALA (Modalidad A (5km)),2024-10-20,Domingo,5.0,road running,Absoluta/General,,,Vilamarxant,València / Valencia,Comunitat Valenciana,654-1986,654-1986-3125,EN MEMÒRIA DE J.A. CUCHALA,Modalidad A (5km),5000
cronorunner,EN MEMÒRIA DE J.A. CUCHALA (Modalidad B (3km)),2024-10-20,Domingo,3.0,road running,Absoluta/General,,,Vilamarxant,València / Valencia,Comunitat Valenciana,654-1986,654-1986-3126,EN MEMÒRIA DE J.A. CUCHALA,Modalidad B (3km),3000
cronorunner,EN MEMÒRIA DE J.A. CUCHALA (Dorsal 0 (Aportación Solidaria-No corro)),2024-10-20,Domingo,0.0,road running,Absoluta/General,,,Vilamarxant,València / Valencia,Comunitat Valenciana,654-1986,654-1986-3127,EN MEMÒRIA DE J.A. CUCHALA,Dorsal 0 (Aportación Solidaria-No corro),0
cronorunner,XXXVI VOLTA A PEU A LA POBLA LLARGA MEMORIAL JULIO SALOM,2024-10-19,Sábado,8.0,road running,Absoluta/General,51.0,170.0,la Pobla Llarga,València / Valencia,Comunitat Valenciana,16-1971,16-1971-3083,XXXVI VOLTA A PEU A LA POBLA LLARGA MEMORIAL JULIO SALOM,8K,8000
cronorunner,VI 10K i III 5K RAFELBUNYOL (10k),2024-10-13,Domingo,10.0,road running,Absoluta/General,125.0,325.0,Rafelbunyol,l'Horta Nord,Comunitat Valenciana,381-1893,381-1893-2799,VI 10K i III 5K RAFELBUNYOL,10k,10000
cronorunner,VI 10K i III 5K RAFELBUNYOL (5km),2024-10-13,Domingo,5.0,road running,Absoluta/General,51.0,74.0,Rafelbunyol,l'Horta Nord,Comunitat Valenciana,381-1893,381-1893-2800,VI 10K i III 5K RAFELBUNYOL,5km,5000
cronorunner,VI 10K i III 5K RAFELBUNYOL (5K MENORES),2024-10-13,Domingo,5.0,road running,Infantil,11.0,7.0,Rafelbunyol,l'Horta Nord,Comunitat Valenciana,381-1893,381-1893-3124,VI 10K i III 5K RAFELBUNYOL,5K MENORES,5000
cronorunner,XXVI GRAN FONS VILA DE PATERNA,2024-10-13,Domingo,15.0,road running,Absoluta/General,139.0,517.0,Paterna,l'Horta Nord,Comunitat Valenciana,645-1938,645-1938-2846,XXVI GRAN FONS VILA DE PATERNA,15k,15000
cronorunner,XXXIV VOLTA A PEU VILAMARXANT (Volta a peu (Categoria absoluta )),2024-10-09,Miércoles,10.0,road running,Absoluta/General,78.0,219.0,Vilamarxant,València / Valencia,Comunitat Valenciana,275-1927,275-1927-2834,XXXIV VOLTA A PEU VILAMARXANT,Volta a peu (Categoria absoluta ),10000
cronorunner,XXXIV VOLTA A PEU VILAMARXANT (Juvenil (2007-2008)),2024-10-09,Miércoles,5.0,road running,Infantil,2.0,2.0,Vilamarxant,València / Valencia,Comunitat Valenciana,275-1927,275-1927-3051,XXXIV VOLTA A PEU VILAMARXANT,Juvenil (2007-2008),5000
cronorunner,XXXIV VOLTA A PEU VILAMARXANT (Cadet (2009-2010)),2024-10-09,Miércoles,2.35,road running,Infantil,,,Vilamarxant,València / Valencia,Comunitat Valenciana,275-1927,275-1927-3050,XXXIV VOLTA A PEU VILAMARXANT,Cadet (2009-2010),2350
cronorunner,XXXIV VOLTA A PEU VILAMARXANT (Infantil (2011-2012)),2024-10-09,Miércoles,1.2,road running,Infantil,,,Vilamarxant,València / Valencia,Comunitat Valenciana,275-1927,275-1927-3049,XXXIV VOLTA A PEU VILAMARXANT,Infantil (2011-2012),1200
cronorunner,XXXIV VOLTA A PEU VILAMARXANT (Alevi (2013-2014)),2024-10-09,Miércoles,0.6,road running,Absoluta/General,,,Vilamarxant,València / Valencia,Comunitat Valenciana,275-1927,275-1927-3048,XXXIV VOLTA A PEU VILAMARXANT,Alevi (2013-2014),600
cronorunner,XXXIV VOLTA A PEU VILAMARXANT (Benjami (2015-2016)),2024-10-09,Miércoles,0.43,road running,Infantil,,,Vilamarxant,València / Valencia,Comunitat Valenciana,275-1927,275-1927-3047,XXXIV VOLTA A PEU VILAMARXANT,Benjami (2015-2016),430
cronorunner,XXXIV VOLTA A PEU VILAMARXANT (Prebenjami (2017-2018)),2024-10-09,Miércoles,0.25,road running,Infantil,,,Vilamarxant,València / Valencia,Comunitat Valenciana,275-1927,275-1927-3046,XXXIV VOLTA A PEU VILAMARXANT,Prebenjami (2017-2018),250
cronorunner,XXXIV VOLTA A PEU VILAMARXANT (Menudets (2019 i posteriors)),2024-10-09,Miércoles,0.1,road running,Absoluta/General,,,Vilamarxant,València / Valencia,Comunitat Valenciana,275-1927,275-1927-3045,XXXIV VOLTA A PEU VILAMARXANT,Menudets (2019 i posteriors),100
cronorunner,II GRAN FONS XIRIVELLA,2024-10-06,Domingo,15.0,road running,Absoluta/General,38.0,178.0,Xirivella,l'Horta Sud,Comunitat Valenciana,631-1917,631-1917-3087,II GRAN FONS XIRIVELLA,Gran fons,15000
cronorunner,VI CARRERA Y CAMINATA SOLIDARIA BENETÚSSER (Dorsal 0),2024-10-06,Domingo,0.0,road running,Absoluta/General,,,Benetússer,l'Horta Sud,Comunitat Valenciana,541-1961,541-1961-2982,VI CARRERA Y CAMINATA SOLIDARIA BENETÚSSER,Dorsal 0,0
cronorunner,VI CARRERA Y CAMINATA SOLIDARIA BENETÚSSER (Carrera (5k)),2024-10-06,Domingo,5.0,road running,Absoluta/General,24.0,84.0,Benetússer,l'Horta Sud,Comunitat Valenciana,541-1961,541-1961-2980,VI CARRERA Y CAMINATA SOLIDARIA BENETÚSSER,Carrera (5k),5000
cronorunner,VI CARRERA Y CAMINATA SOLIDARIA BENETÚSSER (Caminata (3k)),2024-10-06,Domingo,3.0,road running,Absoluta/General,,,Benetússer,l'Horta Sud,Comunitat Valenciana,541-1961,541-1961-2981,VI CARRERA Y CAMINATA SOLIDARIA BENETÚSSER,Caminata (3k),3000
cronorunner,XXXIX VOLTA A PEU PORT DE CATARROJA,2024-10-05,Sábado,10.0,road running,Absoluta/General,124.0,414.0,Catarroja,l'Horta Sud,Comunitat Valenciana,156-1877,156-1877-2744,XXXIX VOLTA A PEU PORT DE CATARROJA,10k,10000
cronorunner,35 VOLTA A PEU SUECA (7KM (Caminada)),2024-09-29,Domingo,7.0,road running,Absoluta/General,,,Sueca,València / Valencia,Comunitat Valenciana,626-1858,626-1858-2945,35 VOLTA A PEU SUECA,7KM (Caminada),7000
cronorunner,35 VOLTA A PEU SUECA (8KM),2024-09-29,Domingo,8.0,road running,Absoluta/General,78.0,196.0,Sueca,València / Valencia,Comunitat Valenciana,626-1858,626-1858-2944,35 VOLTA A PEU SUECA,8KM,8000
cronorunner,VII PICATRAIL (TRAIL 18K),2024-09-29,Domingo,18.0,trail running,Absoluta/General,21.0,112.0,Picassent,l'Horta Sud,Comunitat Valenciana,535-1900,535-1900-2994,VII PICATRAIL,TRAIL 18K,18000
cronorunner,VII PICATRAIL (SPRINT TRAIL 10K),2024-09-29,Domingo,10.0,trail running,Absoluta/General,57.0,144.0,Picassent,l'Horta Sud,Comunitat Valenciana,535-1900,535-1900-2995,VII PICATRAIL,SPRINT TRAIL 10K,10000
cronorunner,VII PICATRAIL (CAMINATA 10K),2024-09-29,Domingo,10.0,trail running,Absoluta/General,,,Picassent,l'Horta Sud,Comunitat Valenciana,535-1900,535-1900-2996,VII PICATRAIL,CAMINATA 10K,10000
cronorunner,I Carrera Solidaria Infantil Beniparrell 2024 (Minibenjamin (2020-2024)),2024-09-29,Domingo,0.1,road running,Infantil,,,Beniparrell,l'Horta Sud,Comunitat Valenciana,653-1977,653-1977-3094,I Carrera Solidaria Infantil Beniparrell 2024,Minibenjamin (2020-2024),100
cronorunner,I Carrera Solidaria Infantil Beniparrell 2024 (Benjamín (2015-2016)),2024-09-29,Domingo,0.4,road running,Infantil,,,Beniparrell,l'Horta Sud,Comunitat Valenciana,653-1977,653-1977-3095,I Carrera Solidaria Infantil Beniparrell 2024,Benjamín (2015-2016),400
cronorunner,I Carrera Solidaria Infantil Beniparrell 2024 (Alevín (2013-2014)),2024-09-29,Domingo,1.0,road running,Infantil,,,Beniparrell,l'Horta Sud,Comunitat Valenciana,653-1977,653-1977-3096,I Carrera Solidaria Infantil Beniparrell 2024,Alevín (2013-2014),1000
cronorunner,I Carrera Solidaria Infantil Beniparrell 2024 (Infantil (2011-2012)),2024-09-29,Domingo,1.4,road running,Infantil,,,Beniparrell,l'Horta Sud,Comunitat Valenciana,653-1977,653-1977-3097,I Carrera Solidaria Infantil Beniparrell 2024,Infantil (2011-2012),1400
cronorunner,I Carrera Solidaria Infantil Beniparrell 2024 (Cadete (2009-2010)),2024-09-29,Domingo,2.0,road running,Infantil,,,Beniparrell,l'Horta Sud,Comunitat Valenciana,653-1977,653-1977-3098,I Carrera Solidaria Infantil Beniparrell 2024,Cadete (2009-2010),2000
cronorunner,I Carrera Solidaria Infantil Beniparrell 2024 (Junior (2007-2008)),2024-09-29,Domingo,2.0,road running,Infantil,,,Beniparrell,l'Horta Sud,Comunitat Valenciana,653-1977,653-1977-3099,I Carrera Solidaria Infantil Beniparrell 2024,Junior (2007-2008),2000
cronorunner,I Carrera Solidaria Infantil Beniparrell 2024 (Prebenjamin (2017-2019)),2024-09-29,Domingo,0.1,road running,Infantil,,,Beniparrell,l'Horta Sud,Comunitat Valenciana,653-1977,653-1977-3106,I Carrera Solidaria Infantil Beniparrell 2024,Prebenjamin (2017-2019),100
cronorunner,XLIV VOLTA A PEU CARCAIXENT (10k),2024-09-28,Sábado,10.0,road running,Absoluta/General,104.0,405.0,Carcaixent,València / Valencia,Comunitat Valenciana,494-1857,494-1857-2764,XLIV VOLTA A PEU CARCAIXENT,10k,10000
cronorunner,XLIV VOLTA A PEU CARCAIXENT (Compro Camiseta (No corro)),2024-09-28,Sábado,0.0,road running,Absoluta/General,,,Carcaixent,València / Valencia,Comunitat Valenciana,494-1857,494-1857-3079,XLIV VOLTA A PEU CARCAIXENT,Compro Camiseta (No corro),0
cronorunner,VIII CARRERA SOLIDARIA FALLA EL DIVENDRES  MASSANASSA (Marcha),2024-09-28,Sábado,1.8,marcha,Absoluta/General,,,Massanassa,l'Horta Sud,Comunitat Valenciana,337-1950,337-1950-2954,VIII CARRERA SOLIDARIA FALLA EL DIVENDRES  MASSANASSA,Marcha,1800
cronorunner,VIII CARRERA SOLIDARIA FALLA EL DIVENDRES  MASSANASSA (6K),2024-09-28,Sábado,6.0,road running,Absoluta/General,48.0,144.0,Massanassa,l'Horta Sud,Comunitat Valenciana,337-1950,337-1950-2953,VIII CARRERA SOLIDARIA FALLA EL DIVENDRES  MASSANASSA,6K,6000
cronorunner,VII GRAN FONS TRITONS ALBALAT DE LA RIBERA (Gran Fons),2024-09-22,Domingo,15.0,road running,Absoluta/General,22.0,119.0,Relleu,la Marina Baixa,Comunitat Valenciana,354-1932,354-1932-2844,VII GRAN FONS TRITONS ALBALAT DE LA RIBERA,Gran Fons,15000
cronorunner,VII GRAN FONS TRITONS ALBALAT DE LA RIBERA (7.5K),2024-09-22,Domingo,7.5,road running,Absoluta/General,25.0,50.0,Relleu,la Marina Baixa,Comunitat Valenciana,354-1932,354-1932-2845,VII GRAN FONS TRITONS ALBALAT DE LA RIBERA,7.5K,7500
cronorunner,XXXI VOLTA A PEU CIUTAT DE CARLET (Benjamin (2015-2016)),2024-09-21,Sábado,0.75,road running,Infantil,12.0,11.0,Carlet,València / Valencia,Comunitat Valenciana,308-1856,308-1856-3052,XXXI VOLTA A PEU CIUTAT DE CARLET,Benjamin (2015-2016),750
cronorunner,XXXI VOLTA A PEU CIUTAT DE CARLET (Alevin (2013-2014)),2024-09-21,Sábado,0.75,road running,Infantil,19.0,16.0,Carlet,València / Valencia,Comunitat Valenciana,308-1856,308-1856-3053,XXXI VOLTA A PEU CIUTAT DE CARLET,Alevin (2013-2014),750
cronorunner,XXXI VOLTA A PEU CIUTAT DE CARLET (Infantil (2011-2012)),2024-09-21,Sábado,1.5,road running,Infantil,8.0,7.0,Carlet,València / Valencia,Comunitat Valenciana,308-1856,308-1856-3054,XXXI VOLTA A PEU CIUTAT DE CARLET,Infantil (2011-2012),1500
cronorunner,XXXI VOLTA A PEU CIUTAT DE CARLET (Cadet (2007-2010)),2024-09-21,Sábado,1.5,road running,Infantil,8.0,7.0,Carlet,València / Valencia,Comunitat Valenciana,308-1856,308-1856-3055,XXXI VOLTA A PEU CIUTAT DE CARLET,Cadet (2007-2010),1500
cronorunner,XXXI VOLTA A PEU CIUTAT DE CARLET (10k),2024-09-21,Sábado,10.0,road running,Absoluta/General,74.0,326.0,Carlet,València / Valencia,Comunitat Valenciana,308-1856,308-1856-2763,XXXI VOLTA A PEU CIUTAT DE CARLET,10k,10000
cronorunner,III 7k MUSEROS (Compro camiseta (NO CORRO)),2024-09-21,Sábado,0.0,road running,Absoluta/General,,,Museros,l'Horta Nord,Comunitat Valenciana,610-1892,610-1892-3027,III 7k MUSEROS,Compro camiseta (NO CORRO),0
cronorunner,III 7k MUSEROS (7K),2024-09-21,Sábado,7.0,road running,Absoluta/General,136.0,309.0,Museros,l'Horta Nord,Comunitat Valenciana,610-1892,610-1892-2798,III 7k MUSEROS,7K,7000
cronorunner,III 7k MUSEROS (Menores),2024-09-21,Sábado,7.0,road running,Infantil,9.0,8.0,Museros,l'Horta Nord,Comunitat Valenciana,610-1892,610-1892-3110,III 7k MUSEROS,Menores,7000
cronorunner,XI GRAN FONS NOCTURN ALFAFAR (Compro Camiseta (NO CORRO)),2024-09-14,Sábado,0.0,road running,Absoluta/General,,,Alfafar,l'Horta Sud,Comunitat Valenciana,444-1879,444-1879-2997,XI GRAN FONS NOCTURN ALFAFAR,Compro Camiseta (NO CORRO),0
cronorunner,XI GRAN FONS NOCTURN ALFAFAR (Compro Gorra (NO CORRO)),2024-09-14,Sábado,0.0,road running,Absoluta/General,,,Alfafar,l'Horta Sud,Comunitat Valenciana,444-1879,444-1879-2998,XI GRAN FONS NOCTURN ALFAFAR,Compro Gorra (NO CORRO),0
cronorunner,XI GRAN FONS NOCTURN ALFAFAR (15k),2024-09-14,Sábado,15.0,road running,Absoluta/General,90.0,378.0,Alfafar,l'Horta Sud,Comunitat Valenciana,444-1879,444-1879-2746,XI GRAN FONS NOCTURN ALFAFAR,15k,15000
cronorunner,XIII VOLTA A PEU BENISSANÓ,2024-09-14,Sábado,7.0,road running,Absoluta/General,53.0,168.0,Benissanó,València / Valencia,Comunitat Valenciana,553-1926,553-1926-2833,XIII VOLTA A PEU BENISSANÓ,Volta a peu,7000
cronorunner,XXXVI VOLTA A PEU QUART DE POBLET,2024-09-14,Sábado,8.2,road running,Absoluta/General,147.0,448.0,Quart de Poblet,l'Horta Sud,Comunitat Valenciana,400-1968,400-1968-3067,XXXVI VOLTA A PEU QUART DE POBLET,8k,8200
cronorunner,XXII VOLTA A PEU CATADAU (Mini Benjamín 2020/2024),2024-09-07,Sábado,0.1,road running,Infantil,,,Catadau,València / Valencia,Comunitat Valenciana,299-1855,299-1855-3069,XXII VOLTA A PEU CATADAU,Mini Benjamín 2020/2024,100
cronorunner,XXII VOLTA A PEU CATADAU (Prebenjamin 2017/2019),2024-09-07,Sábado,0.1,road running,Infantil,,,Catadau,València / Valencia,Comunitat Valenciana,299-1855,299-1855-3070,XXII VOLTA A PEU CATADAU,Prebenjamin 2017/2019,100
cronorunner,XXII VOLTA A PEU CATADAU (Benjamin 2015/2016),2024-09-07,Sábado,0.4,road running,Infantil,12.0,15.0,Catadau,València / Valencia,Comunitat Valenciana,299-1855,299-1855-3071,XXII VOLTA A PEU CATADAU,Benjamin 2015/2016,400
cronorunner,XXII VOLTA A PEU CATADAU (Alevin 2013/2014),2024-09-07,Sábado,1.0,road running,Infantil,7.0,12.0,Catadau,València / Valencia,Comunitat Valenciana,299-1855,299-1855-3072,XXII VOLTA A PEU CATADAU,Alevin 2013/2014,1000
cronorunner,XXII VOLTA A PEU CATADAU (Infantil 2011/2012),2024-09-07,Sábado,1.4,road running,Infantil,7.0,7.0,Catadau,València / Valencia,Comunitat Valenciana,299-1855,299-1855-3073,XXII VOLTA A PEU CATADAU,Infantil 2011/2012,1400
cronorunner,XXII VOLTA A PEU CATADAU (Cadet 2007/2010),2024-09-07,Sábado,2.0,road running,Infantil,4.0,9.0,Catadau,València / Valencia,Comunitat Valenciana,299-1855,299-1855-3074,XXII VOLTA A PEU CATADAU,Cadet 2007/2010,2000
cronorunner,XXII VOLTA A PEU CATADAU (9k),2024-09-07,Sábado,9.0,road running,Absoluta/General,54.0,213.0,Catadau,València / Valencia,Comunitat Valenciana,299-1855,299-1855-2762,XXII VOLTA A PEU CATADAU,9k,9000
cronorunner,XXXII VOLTA A PEU EL PUIG (Compro Camiseta (No corro)),2024-09-07,Sábado,0.0,road running,Absoluta/General,,,el Puig de Santa Maria,l'Horta Nord,Comunitat Valenciana,432-1891,432-1891-3076,XXXII VOLTA A PEU EL PUIG,Compro Camiseta (No corro),0
cronorunner,XXXII VOLTA A PEU EL PUIG (Alevin (2013-2014)),2024-09-07,Sábado,0.5,road running,Infantil,,,el Puig de Santa Maria,l'Horta Nord,Comunitat Valenciana,432-1891,432-1891-3031,XXXII VOLTA A PEU EL PUIG,Alevin (2013-2014),500
cronorunner,XXXII VOLTA A PEU EL PUIG (Querubines (2020-2023)),2024-09-07,Sábado,0.05,road running,Absoluta/General,,,el Puig de Santa Maria,l'Horta Nord,Comunitat Valenciana,432-1891,432-1891-3028,XXXII VOLTA A PEU EL PUIG,Querubines (2020-2023),50
cronorunner,XXXII VOLTA A PEU EL PUIG (Prebenjamin (2017-2019)),2024-09-07,Sábado,0.1,road running,Infantil,,,el Puig de Santa Maria,l'Horta Nord,Comunitat Valenciana,432-1891,432-1891-3029,XXXII VOLTA A PEU EL PUIG,Prebenjamin (2017-2019),100
cronorunner,XXXII VOLTA A PEU EL PUIG (Benjamin (2015-2016)),2024-09-07,Sábado,0.25,road running,Infantil,,,el Puig de Santa Maria,l'Horta Nord,Comunitat Valenciana,432-1891,432-1891-3030,XXXII VOLTA A PEU EL PUIG,Benjamin (2015-2016),250
cronorunner,XXXII VOLTA A PEU EL PUIG (Infantil (2011-2012)),2024-09-07,Sábado,1.0,road running,Infantil,,,el Puig de Santa Maria,l'Horta Nord,Comunitat Valenciana,432-1891,432-1891-3032,XXXII VOLTA A PEU EL PUIG,Infantil (2011-2012),1000
cronorunner,XXXII VOLTA A PEU EL PUIG (8K),2024-09-07,Sábado,8.0,road running,Absoluta/General,77.0,284.0,el Puig de Santa Maria,l'Horta Nord,Comunitat Valenciana,432-1891,432-1891-2797,XXXII VOLTA A PEU EL PUIG,8K,8000
cronorunner,XXXII VOLTA A PEU EL PUIG (Menores),2024-09-07,Sábado,8.0,road running,Infantil,7.0,10.0,el Puig de Santa Maria,l'Horta Nord,Comunitat Valenciana,432-1891,432-1891-3084,XXXII VOLTA A PEU EL PUIG,Menores,8000
cronorunner,V 7K SALADAR-SILLA,2024-09-07,Sábado,7.0,road running,Absoluta/General,23.0,74.0,Silla,l'Horta Sud,Comunitat Valenciana,456-1942,456-1942-2950,V 7K SALADAR-SILLA,7k,7000
cronorunner,XXVII VOLTA A PEU LA CANYADA (sub 10 (2015 y posteriores)),2024-08-24,Sábado,1.0,road running,Absoluta/General,,,Paterna,l'Horta Nord,Comunitat Valenciana,331-1966,331-1966-3033,XXVII VOLTA A PEU LA CANYADA,sub 10 (2015 y posteriores),1000
cronorunner,XXVII VOLTA A PEU LA CANYADA (sub 14 (2011-2014)),2024-08-24,Sábado,1.0,road running,Absoluta/General,,,Paterna,l'Horta Nord,Comunitat Valenciana,331-1966,331-1966-3034,XXVII VOLTA A PEU LA CANYADA,sub 14 (2011-2014),1000
cronorunner,XXVII VOLTA A PEU LA CANYADA (Carrera absoluta),2024-08-24,Sábado,6.4,road running,Absoluta/General,117.0,246.0,Paterna,l'Horta Nord,Comunitat Valenciana,331-1966,331-1966-2999,XXVII VOLTA A PEU LA CANYADA,Carrera absoluta,6400
cronorunner,XXXII VOLTA A PEU NOCTURNA A MANUEL (Prebenjamin (2017-2018)),2024-08-23,Viernes,0.2,road running,Infantil,9.0,22.0,Manuel,València / Valencia,Comunitat Valenciana,306-1853,306-1853-3058,XXXII VOLTA A PEU NOCTURNA A MANUEL,Prebenjamin (2017-2018),200
cronorunner,XXXII VOLTA A PEU NOCTURNA A MANUEL (Benjamin (2015-2016)),2024-08-23,Viernes,0.55,road running,Infantil,21.0,17.0,Manuel,València / Valencia,Comunitat Valenciana,306-1853,306-1853-3059,XXXII VOLTA A PEU NOCTURNA A MANUEL,Benjamin (2015-2016),550
cronorunner,XXXII VOLTA A PEU NOCTURNA A MANUEL (Alevin (2013-2014)),2024-08-23,Viernes,1.1,road running,Infantil,11.0,14.0,Manuel,València / Valencia,Comunitat Valenciana,306-1853,306-1853-3060,XXXII VOLTA A PEU NOCTURNA A MANUEL,Alevin (2013-2014),1100
cronorunner,XXXII VOLTA A PEU NOCTURNA A MANUEL (Infantil (2011-2012)),2024-08-23,Viernes,1.65,road running,Infantil,6.0,6.0,Manuel,València / Valencia,Comunitat Valenciana,306-1853,306-1853-3061,XXXII VOLTA A PEU NOCTURNA A MANUEL,Infantil (2011-2012),1650
cronorunner,XXXII VOLTA A PEU NOCTURNA A MANUEL (Cadet (2007-2010)),2024-08-23,Viernes,2.2,road running,Infantil,3.0,4.0,Manuel,València / Valencia,Comunitat Valenciana,306-1853,306-1853-3062,XXXII VOLTA A PEU NOCTURNA A MANUEL,Cadet (2007-2010),2200
cronorunner,XXXII VOLTA A PEU NOCTURNA A MANUEL (7k),2024-08-23,Viernes,7.0,road running,Absoluta/General,101.0,323.0,Manuel,València / Valencia,Comunitat Valenciana,306-1853,306-1853-2760,XXXII VOLTA A PEU NOCTURNA A MANUEL,7k,7000
cronorunner,XIV VOLTA A PEU ALBUIXECH (MENORES),2024-08-23,Viernes,6.3,road running,Infantil,7.0,19.0,Albuixech,l'Horta Nord,Comunitat Valenciana,437-1890,437-1890-3075,XIV VOLTA A PEU ALBUIXECH,MENORES,6300
cronorunner,"XIV VOLTA A PEU ALBUIXECH (6,3K)",2024-08-23,Viernes,6.3,road running,Absoluta/General,115.0,341.0,Albuixech,l'Horta Nord,Comunitat Valenciana,437-1890,437-1890-2796,XIV VOLTA A PEU ALBUIXECH,"6,3K",6300
cronorunner,XX VOLTA A PEU LORIGUILLA (Benjamin (2015-2016)),2024-08-23,Viernes,0.0,road running,Infantil,3.0,14.0,Loriguilla,València / Valencia,Comunitat Valenciana,448-1924,448-1924-3014,XX VOLTA A PEU LORIGUILLA,Benjamin (2015-2016),0
cronorunner,XX VOLTA A PEU LORIGUILLA (Alevin (2013-2014)),2024-08-23,Viernes,0.0,road running,Infantil,3.0,16.0,Loriguilla,València / Valencia,Comunitat Valenciana,448-1924,448-1924-3015,XX VOLTA A PEU LORIGUILLA,Alevin (2013-2014),0
cronorunner,XX VOLTA A PEU LORIGUILLA (Infantil (2011-2012)),2024-08-23,Viernes,0.0,road running,Infantil,2.0,4.0,Loriguilla,València / Valencia,Comunitat Valenciana,448-1924,448-1924-3016,XX VOLTA A PEU LORIGUILLA,Infantil (2011-2012),0
cronorunner,XX VOLTA A PEU LORIGUILLA (Cadete (2009-2010)),2024-08-23,Viernes,0.0,road running,Infantil,2.0,5.0,Loriguilla,València / Valencia,Comunitat Valenciana,448-1924,448-1924-3017,XX VOLTA A PEU LORIGUILLA,Cadete (2009-2010),0
cronorunner,XX VOLTA A PEU LORIGUILLA (Juvenil (2007-2008)),2024-08-23,Viernes,0.0,road running,Infantil,0.0,1.0,Loriguilla,València / Valencia,Comunitat Valenciana,448-1924,448-1924-3018,XX VOLTA A PEU LORIGUILLA,Juvenil (2007-2008),0
cronorunner,XX VOLTA A PEU LORIGUILLA (Volta a peu),2024-08-23,Viernes,10.0,road running,Absoluta/General,61.0,228.0,Loriguilla,València / Valencia,Comunitat Valenciana,448-1924,448-1924-2832,XX VOLTA A PEU LORIGUILLA,Volta a peu,10000
cronorunner,"XVI SUBIDA A LOS MOLINOS DE ALCUBLAS (8,2k)",2024-08-16,Viernes,8.2,road running,Absoluta/General,64.0,258.0,Alcublas,La Serranía,Comunitat Valenciana,596-1964,596-1964-3009,XVI SUBIDA A LOS MOLINOS DE ALCUBLAS,"8,2k",8200
cronorunner,XVI SUBIDA A LOS MOLINOS DE ALCUBLAS (Alevin (2011-2013)),2024-08-16,Viernes,0.6,road running,Infantil,,,Alcublas,La Serranía,Comunitat Valenciana,596-1964,596-1964-3010,XVI SUBIDA A LOS MOLINOS DE ALCUBLAS,Alevin (2011-2013),600
cronorunner,XVI SUBIDA A LOS MOLINOS DE ALCUBLAS (Benjamin (2014-2016)),2024-08-16,Viernes,0.5,road running,Infantil,,,Alcublas,La Serranía,Comunitat Valenciana,596-1964,596-1964-3011,XVI SUBIDA A LOS MOLINOS DE ALCUBLAS,Benjamin (2014-2016),500
cronorunner,XVI SUBIDA A LOS MOLINOS DE ALCUBLAS (Chupetines (2020-2017)),2024-08-16,Viernes,0.15,road running,Infantil,,,Alcublas,La Serranía,Comunitat Valenciana,596-1964,596-1964-3012,XVI SUBIDA A LOS MOLINOS DE ALCUBLAS,Chupetines (2020-2017),150
cronorunner,XVI SUBIDA A LOS MOLINOS DE ALCUBLAS (Aguilucho (2021-2022)),2024-08-16,Viernes,0.05,road running,Absoluta/General,,,Alcublas,La Serranía,Comunitat Valenciana,596-1964,596-1964-3013,XVI SUBIDA A LOS MOLINOS DE ALCUBLAS,Aguilucho (2021-2022),50
cronorunner,XLI VUELTA A PIE  VILLAR DEL ARZOBISPO,2024-08-10,Sábado,8.0,road running,Absoluta/General,45.0,141.0,Villar del Arzobispo,La Serranía,Comunitat Valenciana,343-1962,343-1962-2979,XLI VUELTA A PIE  VILLAR DEL ARZOBISPO,8k,8000
cronorunner,XV LEGUA SAN ANTONIO DE BENAGÉBER (Querubines),2024-08-08,Jueves,0.1,road running,Absoluta/General,,,San Antonio de Benagéber,València / Valencia,Comunitat Valenciana,453-1923,453-1923-3035,XV LEGUA SAN ANTONIO DE BENAGÉBER,Querubines,100
cronorunner,XV LEGUA SAN ANTONIO DE BENAGÉBER (Prebenjamines),2024-08-08,Jueves,0.2,road running,Infantil,,,San Antonio de Benagéber,València / Valencia,Comunitat Valenciana,453-1923,453-1923-3036,XV LEGUA SAN ANTONIO DE BENAGÉBER,Prebenjamines,200
cronorunner,XV LEGUA SAN ANTONIO DE BENAGÉBER (Benjamines),2024-08-08,Jueves,0.3,road running,Infantil,,,San Antonio de Benagéber,València / Valencia,Comunitat Valenciana,453-1923,453-1923-3037,XV LEGUA SAN ANTONIO DE BENAGÉBER,Benjamines,300
cronorunner,XV LEGUA SAN ANTONIO DE BENAGÉBER (Alevines),2024-08-08,Jueves,0.4,road running,Infantil,,,San Antonio de Benagéber,València / Valencia,Comunitat Valenciana,453-1923,453-1923-3038,XV LEGUA SAN ANTONIO DE BENAGÉBER,Alevines,400
cronorunner,XV LEGUA SAN ANTONIO DE BENAGÉBER (Infantiles),2024-08-08,Jueves,0.6,road running,Infantil,,,San Antonio de Benagéber,València / Valencia,Comunitat Valenciana,453-1923,453-1923-3039,XV LEGUA SAN ANTONIO DE BENAGÉBER,Infantiles,600
cronorunner,XV LEGUA SAN ANTONIO DE BENAGÉBER (Cadetes),2024-08-08,Jueves,0.8,road running,Infantil,,,San Antonio de Benagéber,València / Valencia,Comunitat Valenciana,453-1923,453-1923-3040,XV LEGUA SAN ANTONIO DE BENAGÉBER,Cadetes,800
cronorunner,XV LEGUA SAN ANTONIO DE BENAGÉBER (Legua),2024-08-08,Jueves,5.572,road running,Absoluta/General,136.0,312.0,San Antonio de Benagéber,València / Valencia,Comunitat Valenciana,453-1923,453-1923-2831,XV LEGUA SAN ANTONIO DE BENAGÉBER,Legua,5572
cronorunner,XXXV VOLTA A PEU A TURÍS (Prexupetins (2022-2023)),2024-08-05,Lunes,0.03,road running,Absoluta/General,,,Turís,València / Valencia,Comunitat Valenciana,394-1967,394-1967-3020,XXXV VOLTA A PEU A TURÍS,Prexupetins (2022-2023),30
cronorunner,XXXV VOLTA A PEU A TURÍS (Xupetins (2019-2021)),2024-08-05,Lunes,0.06,road running,Absoluta/General,,,Turís,València / Valencia,Comunitat Valenciana,394-1967,394-1967-3021,XXXV VOLTA A PEU A TURÍS,Xupetins (2019-2021),60
cronorunner,XXXV VOLTA A PEU A TURÍS (Prebenjamin (2017-2018)),2024-08-05,Lunes,0.3,road running,Infantil,,,Turís,València / Valencia,Comunitat Valenciana,394-1967,394-1967-3022,XXXV VOLTA A PEU A TURÍS,Prebenjamin (2017-2018),300
cronorunner,XXXV VOLTA A PEU A TURÍS (Benjamin (2015-2016)),2024-08-05,Lunes,0.6,road running,Infantil,,,Turís,València / Valencia,Comunitat Valenciana,394-1967,394-1967-3023,XXXV VOLTA A PEU A TURÍS,Benjamin (2015-2016),600
cronorunner,XXXV VOLTA A PEU A TURÍS (Alevin (2013-2014)),2024-08-05,Lunes,1.0,road running,Infantil,,,Turís,València / Valencia,Comunitat Valenciana,394-1967,394-1967-3024,XXXV VOLTA A PEU A TURÍS,Alevin (2013-2014),1000
cronorunner,XXXV VOLTA A PEU A TURÍS (Infantil (2011-2012)),2024-08-05,Lunes,1.6,road running,Infantil,,,Turís,València / Valencia,Comunitat Valenciana,394-1967,394-1967-3025,XXXV VOLTA A PEU A TURÍS,Infantil (2011-2012),1600
cronorunner,XXXV VOLTA A PEU A TURÍS (Juvenils-Cadets (2007-2010)),2024-08-05,Lunes,2.0,road running,Infantil,,,Turís,València / Valencia,Comunitat Valenciana,394-1967,394-1967-3026,XXXV VOLTA A PEU A TURÍS,Juvenils-Cadets (2007-2010),2000
cronorunner,"XXXV VOLTA A PEU A TURÍS (7,7k)",2024-08-05,Lunes,7.7,road running,Absoluta/General,,,Turís,València / Valencia,Comunitat Valenciana,394-1967,394-1967-3019,XXXV VOLTA A PEU A TURÍS,"7,7k",7700
cronorunner,XXV VOLTA A PEU FAVARA (Benjamin (2016 - 2020)),2024-08-03,Sábado,0.35,road running,Infantil,,,Fabara / Favara,Bajo Aragón-Caspe / Baix Aragó-Casp,Aragón,159-1965,159-1965-3042,XXV VOLTA A PEU FAVARA,Benjamin (2016 - 2020),350
cronorunner,XXV VOLTA A PEU FAVARA (Alevin (2011-2015)),2024-08-03,Sábado,0.8,road running,Infantil,,,Fabara / Favara,Bajo Aragón-Caspe / Baix Aragó-Casp,Aragón,159-1965,159-1965-3043,XXV VOLTA A PEU FAVARA,Alevin (2011-2015),800
cronorunner,XXV VOLTA A PEU FAVARA (Cadet (2005 – 2010)),2024-08-03,Sábado,1.6,road running,Infantil,,,Fabara / Favara,Bajo Aragón-Caspe / Baix Aragó-Casp,Aragón,159-1965,159-1965-3044,XXV VOLTA A PEU FAVARA,Cadet (2005 – 2010),1600
cronorunner,"XXV VOLTA A PEU FAVARA (8,5km)",2024-08-03,Sábado,8.5,road running,Absoluta/General,36.0,113.0,Fabara / Favara,Bajo Aragón-Caspe / Baix Aragó-Casp,Aragón,159-1965,159-1965-3041,XXV VOLTA A PEU FAVARA,"8,5km",8500
cronorunner,XXII VOLTA A PEU PEL XÚQUER - RIOLA (Benjamín (2015-2016)),2024-07-27,Sábado,0.55,road running,Infantil,,,Riola,València / Valencia,Comunitat Valenciana,305-1876,305-1876-2934,XXII VOLTA A PEU PEL XÚQUER - RIOLA,Benjamín (2015-2016),550
cronorunner,XXII VOLTA A PEU PEL XÚQUER - RIOLA (Cadete (2007-2010)),2024-07-27,Sábado,1.8,road running,Infantil,,,Riola,València / Valencia,Comunitat Valenciana,305-1876,305-1876-2937,XXII VOLTA A PEU PEL XÚQUER - RIOLA,Cadete (2007-2010),1800
cronorunner,XXII VOLTA A PEU PEL XÚQUER - RIOLA (Infantil (2011-2012)),2024-07-27,Sábado,1.2,road running,Infantil,,,Riola,València / Valencia,Comunitat Valenciana,305-1876,305-1876-2936,XXII VOLTA A PEU PEL XÚQUER - RIOLA,Infantil (2011-2012),1200
cronorunner,XXII VOLTA A PEU PEL XÚQUER - RIOLA (Chupetín (2020-2022)),2024-07-27,Sábado,0.1,road running,Infantil,,,Riola,València / Valencia,Comunitat Valenciana,305-1876,305-1876-2932,XXII VOLTA A PEU PEL XÚQUER - RIOLA,Chupetín (2020-2022),100
cronorunner,XXII VOLTA A PEU PEL XÚQUER - RIOLA (Prebenjamín (2017-2019)),2024-07-27,Sábado,0.25,road running,Infantil,,,Riola,València / Valencia,Comunitat Valenciana,305-1876,305-1876-2933,XXII VOLTA A PEU PEL XÚQUER - RIOLA,Prebenjamín (2017-2019),250
cronorunner,XXII VOLTA A PEU PEL XÚQUER - RIOLA (Alevín (2013-2014)),2024-07-27,Sábado,0.8,road running,Infantil,,,Riola,València / Valencia,Comunitat Valenciana,305-1876,305-1876-2935,XXII VOLTA A PEU PEL XÚQUER - RIOLA,Alevín (2013-2014),800
cronorunner,XXII VOLTA A PEU PEL XÚQUER - RIOLA (8k),2024-07-27,Sábado,8.0,road running,Absoluta/General,212.0,538.0,Riola,València / Valencia,Comunitat Valenciana,305-1876,305-1876-2743,XXII VOLTA A PEU PEL XÚQUER - RIOLA,8k,8000
cronorunner,XXII VOLTA A PEU PEL XÚQUER - RIOLA (Compra Camiseta (NO CORRO)),2024-07-27,Sábado,0.0,road running,Absoluta/General,,,Riola,València / Valencia,Comunitat Valenciana,305-1876,305-1876-2931,XXII VOLTA A PEU PEL XÚQUER - RIOLA,Compra Camiseta (NO CORRO),0
cronorunner,XXII VOLTA A PEU PEL XÚQUER - RIOLA (Compra Toalla (NO CORRO)),2024-07-27,Sábado,0.0,road running,Absoluta/General,,,Riola,València / Valencia,Comunitat Valenciana,305-1876,305-1876-2952,XXII VOLTA A PEU PEL XÚQUER - RIOLA,Compra Toalla (NO CORRO),0
cronorunner,"XXII VOLTA A PEU PEL XÚQUER - RIOLA (Marcha (4,5km))",2024-07-27,Sábado,4.5,marcha,Absoluta/General,,,Riola,València / Valencia,Comunitat Valenciana,305-1876,305-1876-2930,XXII VOLTA A PEU PEL XÚQUER - RIOLA,"Marcha (4,5km)",4500
cronorunner,XV CARRERA ENTRE OLIVOS Y PINARES VALL DE ALMONACID (Marcha No competitiva),2024-07-27,Sábado,8.5,marcha,Absoluta/General,,,Vall de Almonacid,Castelló / Castellón,Comunitat Valenciana,336-1963,336-1963-2993,XV CARRERA ENTRE OLIVOS Y PINARES VALL DE ALMONACID,Marcha No competitiva,8500
cronorunner,XV CARRERA ENTRE OLIVOS Y PINARES VALL DE ALMONACID (Carrera),2024-07-27,Sábado,8.5,road running,Absoluta/General,9.0,39.0,Vall de Almonacid,Castelló / Castellón,Comunitat Valenciana,336-1963,336-1963-2992,XV CARRERA ENTRE OLIVOS Y PINARES VALL DE ALMONACID,Carrera,8500
cronorunner,XXVI VOLTA A PEU LLAURÍ,2024-07-26,Viernes,8.0,road running,Absoluta/General,64.0,266.0,Llaurí,València / Valencia,Comunitat Valenciana,395-1852,395-1852-2759,XXVI VOLTA A PEU LLAURÍ,8k,8000
cronorunner,XII 10K SENSE LÍMITS ALDAIA,2024-07-20,Sábado,10.0,road running,Absoluta/General,153.0,704.0,Aldaia,l'Horta Sud,Comunitat Valenciana,265-1915,265-1915-2946,XII 10K SENSE LÍMITS ALDAIA,10k,10000
cronorunner,XX VOLTA A PEU JOANOT PRESÈNCIA POLINYÀ DE XÚQUER (Aguiluchos (2023-2024)),2024-07-19,Viernes,0.05,road running,Absoluta/General,,,Polinyà de Xúquer,València / Valencia,Comunitat Valenciana,160-1897,160-1897-2985,XX VOLTA A PEU JOANOT PRESÈNCIA POLINYÀ DE XÚQUER,Aguiluchos (2023-2024),50
cronorunner,XX VOLTA A PEU JOANOT PRESÈNCIA POLINYÀ DE XÚQUER (Chupetines (2020-2022)),2024-07-19,Viernes,0.1,road running,Infantil,,,Polinyà de Xúquer,València / Valencia,Comunitat Valenciana,160-1897,160-1897-2986,XX VOLTA A PEU JOANOT PRESÈNCIA POLINYÀ DE XÚQUER,Chupetines (2020-2022),100
cronorunner,XX VOLTA A PEU JOANOT PRESÈNCIA POLINYÀ DE XÚQUER (Prebenjamin sub 8 (2017-2018-2019)),2024-07-19,Viernes,0.25,road running,Infantil,,,Polinyà de Xúquer,València / Valencia,Comunitat Valenciana,160-1897,160-1897-2987,XX VOLTA A PEU JOANOT PRESÈNCIA POLINYÀ DE XÚQUER,Prebenjamin sub 8 (2017-2018-2019),250
cronorunner,XX VOLTA A PEU JOANOT PRESÈNCIA POLINYÀ DE XÚQUER (Benjamin sub 10 (2015-2016)),2024-07-19,Viernes,0.35,road running,Infantil,,,Polinyà de Xúquer,València / Valencia,Comunitat Valenciana,160-1897,160-1897-2988,XX VOLTA A PEU JOANOT PRESÈNCIA POLINYÀ DE XÚQUER,Benjamin sub 10 (2015-2016),350
cronorunner,XX VOLTA A PEU JOANOT PRESÈNCIA POLINYÀ DE XÚQUER (Alevin  sub 12 (2013-2014)),2024-07-19,Viernes,0.8,road running,Infantil,,,Polinyà de Xúquer,València / Valencia,Comunitat Valenciana,160-1897,160-1897-2989,XX VOLTA A PEU JOANOT PRESÈNCIA POLINYÀ DE XÚQUER,Alevin  sub 12 (2013-2014),800
cronorunner,XX VOLTA A PEU JOANOT PRESÈNCIA POLINYÀ DE XÚQUER (Infantil sub 14 (2011-2012)),2024-07-19,Viernes,1.3,road running,Infantil,,,Polinyà de Xúquer,València / Valencia,Comunitat Valenciana,160-1897,160-1897-2990,XX VOLTA A PEU JOANOT PRESÈNCIA POLINYÀ DE XÚQUER,Infantil sub 14 (2011-2012),1300
cronorunner,XX VOLTA A PEU JOANOT PRESÈNCIA POLINYÀ DE XÚQUER (Cadete (2007-2010)),2024-07-19,Viernes,1.8,road running,Infantil,,,Polinyà de Xúquer,València / Valencia,Comunitat Valenciana,160-1897,160-1897-2991,XX VOLTA A PEU JOANOT PRESÈNCIA POLINYÀ DE XÚQUER,Cadete (2007-2010),1800
cronorunner,XX VOLTA A PEU JOANOT PRESÈNCIA POLINYÀ DE XÚQUER (8k),2024-07-19,Viernes,8.0,road running,Absoluta/General,64.0,187.0,Polinyà de Xúquer,València / Valencia,Comunitat Valenciana,160-1897,160-1897-2984,XX VOLTA A PEU JOANOT PRESÈNCIA POLINYÀ DE XÚQUER,8k,8000
cronorunner,XXXV VOLTA A PEU SOLLANA (Compra Camiseta (NO CORRO)),2024-07-13,Sábado,0.0,road running,Absoluta/General,,,Sollana,València / Valencia,Comunitat Valenciana,344-1875,344-1875--3416,XXXV VOLTA A PEU SOLLANA,Compra Camiseta (NO CORRO),0
cronorunner,XXXV VOLTA A PEU SOLLANA (Compro camiseta (NO CORRO)),2024-07-13,Sábado,0.0,road running,Absoluta/General,,,Sollana,València / Valencia,Comunitat Valenciana,344-1875,344-1875-2949,XXXV VOLTA A PEU SOLLANA,Compro camiseta (NO CORRO),0
cronorunner,XXXV VOLTA A PEU SOLLANA (Alevi (2013-2014)),2024-07-13,Sábado,0.8,road running,Absoluta/General,,,Sollana,València / Valencia,Comunitat Valenciana,344-1875,344-1875-2941,XXXV VOLTA A PEU SOLLANA,Alevi (2013-2014),800
cronorunner,XXXV VOLTA A PEU SOLLANA (Prebenjami (2017-2019)),2024-07-13,Sábado,0.4,road running,Infantil,,,Sollana,València / Valencia,Comunitat Valenciana,344-1875,344-1875-2939,XXXV VOLTA A PEU SOLLANA,Prebenjami (2017-2019),400
cronorunner,XXXV VOLTA A PEU SOLLANA (Benjami (2015-2016)),2024-07-13,Sábado,0.0,road running,Infantil,,,Sollana,València / Valencia,Comunitat Valenciana,344-1875,344-1875-2940,XXXV VOLTA A PEU SOLLANA,Benjami (2015-2016),0
cronorunner,XXXV VOLTA A PEU SOLLANA (Xupetins (2020-2022)),2024-07-13,Sábado,0.2,road running,Absoluta/General,,,Sollana,València / Valencia,Comunitat Valenciana,344-1875,344-1875-2938,XXXV VOLTA A PEU SOLLANA,Xupetins (2020-2022),200
cronorunner,XXXV VOLTA A PEU SOLLANA (Infantil (2011-2012)),2024-07-13,Sábado,1.6,road running,Infantil,,,Sollana,València / Valencia,Comunitat Valenciana,344-1875,344-1875-2942,XXXV VOLTA A PEU SOLLANA,Infantil (2011-2012),1600
cronorunner,XXXV VOLTA A PEU SOLLANA (Cadet (2007-2010)),2024-07-13,Sábado,2.5,road running,Infantil,,,Sollana,València / Valencia,Comunitat Valenciana,344-1875,344-1875-2943,XXXV VOLTA A PEU SOLLANA,Cadet (2007-2010),2500
cronorunner,XXXV VOLTA A PEU SOLLANA (8k),2024-07-13,Sábado,8.0,road running,Absoluta/General,122.0,387.0,Sollana,València / Valencia,Comunitat Valenciana,344-1875,344-1875-2742,XXXV VOLTA A PEU SOLLANA,8k,8000
cronorunner,XXXV VOLTA A PEU SOLLANA (Marcha (No competitiva)),2024-07-13,Sábado,4.0,marcha,Absoluta/General,,,Sollana,València / Valencia,Comunitat Valenciana,344-1875,344-1875-2978,XXXV VOLTA A PEU SOLLANA,Marcha (No competitiva),4000
cronorunner,"IV TRAIL NOCTURNO DE CULLERA (11,4k)",2024-07-13,Sábado,11.4,trail running,Absoluta/General,68.0,279.0,Cullera,València / Valencia,Comunitat Valenciana,542-1952,542-1952-2924,IV TRAIL NOCTURNO DE CULLERA,"11,4k",11400
cronorunner,IV TRAIL NOCTURNO DE CULLERA (Compra Camiseta (NO CORRO)),2024-07-13,Sábado,0.0,trail running,Absoluta/General,,,Cullera,València / Valencia,Comunitat Valenciana,542-1952,542-1952-2956,IV TRAIL NOCTURNO DE CULLERA,Compra Camiseta (NO CORRO),0
cronorunner,XXXVII VOLTA A PEU NOCTURNA A LA POBLA DE VALLBONA (Minibenjamins (2019-posteriors)),2024-07-12,Viernes,0.1,road running,Infantil,,,la Pobla de Vallbona,València / Valencia,Comunitat Valenciana,450-1922,450-1922-2971,XXXVII VOLTA A PEU NOCTURNA A LA POBLA DE VALLBONA,Minibenjamins (2019-posteriors),100
cronorunner,XXXVII VOLTA A PEU NOCTURNA A LA POBLA DE VALLBONA (Prebenjamin (2017-2018)),2024-07-12,Viernes,0.2,road running,Infantil,,,la Pobla de Vallbona,València / Valencia,Comunitat Valenciana,450-1922,450-1922-2972,XXXVII VOLTA A PEU NOCTURNA A LA POBLA DE VALLBONA,Prebenjamin (2017-2018),200
cronorunner,XXXVII VOLTA A PEU NOCTURNA A LA POBLA DE VALLBONA (Benjamin (2015-2016)),2024-07-12,Viernes,0.4,road running,Infantil,,,la Pobla de Vallbona,València / Valencia,Comunitat Valenciana,450-1922,450-1922-2973,XXXVII VOLTA A PEU NOCTURNA A LA POBLA DE VALLBONA,Benjamin (2015-2016),400
cronorunner,XXXVII VOLTA A PEU NOCTURNA A LA POBLA DE VALLBONA (Alevin (2013-2014)),2024-07-12,Viernes,0.8,road running,Infantil,,,la Pobla de Vallbona,València / Valencia,Comunitat Valenciana,450-1922,450-1922-2974,XXXVII VOLTA A PEU NOCTURNA A LA POBLA DE VALLBONA,Alevin (2013-2014),800
cronorunner,XXXVII VOLTA A PEU NOCTURNA A LA POBLA DE VALLBONA (Infantil (2011-2012)),2024-07-12,Viernes,1.6,road running,Infantil,,,la Pobla de Vallbona,València / Valencia,Comunitat Valenciana,450-1922,450-1922-2975,XXXVII VOLTA A PEU NOCTURNA A LA POBLA DE VALLBONA,Infantil (2011-2012),1600
cronorunner,XXXVII VOLTA A PEU NOCTURNA A LA POBLA DE VALLBONA (Cadete (2009-2010)),2024-07-12,Viernes,1.6,road running,Infantil,,,la Pobla de Vallbona,València / Valencia,Comunitat Valenciana,450-1922,450-1922-2976,XXXVII VOLTA A PEU NOCTURNA A LA POBLA DE VALLBONA,Cadete (2009-2010),1600
cronorunner,XXXVII VOLTA A PEU NOCTURNA A LA POBLA DE VALLBONA (Juvenil (2007-2008)),2024-07-12,Viernes,1.6,road running,Infantil,,,la Pobla de Vallbona,València / Valencia,Comunitat Valenciana,450-1922,450-1922-2977,XXXVII VOLTA A PEU NOCTURNA A LA POBLA DE VALLBONA,Juvenil (2007-2008),1600
cronorunner,XXXVII VOLTA A PEU NOCTURNA A LA POBLA DE VALLBONA (Volta a peu),2024-07-12,Viernes,5.0,road running,Absoluta/General,142.0,394.0,la Pobla de Vallbona,València / Valencia,Comunitat Valenciana,450-1922,450-1922-2830,XXXVII VOLTA A PEU NOCTURNA A LA POBLA DE VALLBONA,Volta a peu,5000
cronorunner,III CARRERA NOCTURNA D'ALFARB,2024-07-12,Viernes,7.0,road running,Absoluta/General,56.0,166.0,Alfarb,València / Valencia,Comunitat Valenciana,615-1960,615-1960-2963,III CARRERA NOCTURNA D'ALFARB,7k,7000
cronorunner,XV VOLTA A PEU MARENY DE BARRAQUETES,2024-07-06,Sábado,7.1,road running,Absoluta/General,110.0,297.0,Sueca,València / Valencia,Comunitat Valenciana,304-1851,304-1851-2758,XV VOLTA A PEU MARENY DE BARRAQUETES,7k,7100
cronorunner,X 5K ALBALAT DELS SORELLS (Compra equipación (CORRO/NO CORRO)),2024-07-06,Sábado,0.0,road running,Absoluta/General,,,Albalat dels Sorells,l'Horta Nord,Comunitat Valenciana,597-1888,597-1888-2947,X 5K ALBALAT DELS SORELLS,Compra equipación (CORRO/NO CORRO),0
cronorunner,X 5K ALBALAT DELS SORELLS (Compro bocadillo (CORRO/NO CORRO)),2024-07-06,Sábado,0.0,road running,Absoluta/General,,,Albalat dels Sorells,l'Horta Nord,Comunitat Valenciana,597-1888,597-1888-2948,X 5K ALBALAT DELS SORELLS,Compro bocadillo (CORRO/NO CORRO),0
cronorunner,X 5K ALBALAT DELS SORELLS (5km),2024-07-06,Sábado,5.0,road running,Absoluta/General,177.0,446.0,Albalat dels Sorells,l'Horta Nord,Comunitat Valenciana,597-1888,597-1888-2794,X 5K ALBALAT DELS SORELLS,5km,5000
cronorunner,X 5K ALBALAT DELS SORELLS (MENORES),2024-07-06,Sábado,5.0,road running,Infantil,15.0,17.0,Albalat dels Sorells,l'Horta Nord,Comunitat Valenciana,597-1888,597-1888-3000,X 5K ALBALAT DELS SORELLS,MENORES,5000
cronorunner,XXXII VOLTA A PEU ALBAL,2024-07-06,Sábado,10.0,road running,Absoluta/General,34.0,155.0,Albal,l'Horta Sud,Comunitat Valenciana,324-1914,324-1914-2904,XXXII VOLTA A PEU ALBAL,10k,10000
cronorunner,XXX LEGUA URBANA CIUTAT DE TORRENT,2024-07-05,Viernes,5.572,road running,Absoluta/General,67.0,187.0,Torrent,l'Horta Sud,Comunitat Valenciana,266-1958,266-1958-2957,XXX LEGUA URBANA CIUTAT DE TORRENT,Legua Urbana,5572
cronorunner,XXX VOLTA A PEU A GUADASSUAR (Prebenjami (2017-2018)),2024-07-04,Jueves,0.25,road running,Infantil,,,Guadassuar,València / Valencia,Comunitat Valenciana,561-1959,561-1959-2966,XXX VOLTA A PEU A GUADASSUAR,Prebenjami (2017-2018),250
cronorunner,XXX VOLTA A PEU A GUADASSUAR (Querubins (2021-2024)),2024-07-04,Jueves,0.05,road running,Absoluta/General,,,Guadassuar,València / Valencia,Comunitat Valenciana,561-1959,561-1959-2964,XXX VOLTA A PEU A GUADASSUAR,Querubins (2021-2024),50
cronorunner,XXX VOLTA A PEU A GUADASSUAR (Jupetins (2019-2020)),2024-07-04,Jueves,0.075,road running,Absoluta/General,,,Guadassuar,València / Valencia,Comunitat Valenciana,561-1959,561-1959-2965,XXX VOLTA A PEU A GUADASSUAR,Jupetins (2019-2020),75
cronorunner,XXX VOLTA A PEU A GUADASSUAR (Benjami (2015-2016)),2024-07-04,Jueves,0.45,road running,Infantil,18.0,17.0,Guadassuar,València / Valencia,Comunitat Valenciana,561-1959,561-1959-2967,XXX VOLTA A PEU A GUADASSUAR,Benjami (2015-2016),450
cronorunner,XXX VOLTA A PEU A GUADASSUAR (Alevi (2013-2014)),2024-07-04,Jueves,0.75,road running,Absoluta/General,13.0,9.0,Guadassuar,València / Valencia,Comunitat Valenciana,561-1959,561-1959-2968,XXX VOLTA A PEU A GUADASSUAR,Alevi (2013-2014),750
cronorunner,XXX VOLTA A PEU A GUADASSUAR (Infantil (2011-2012)),2024-07-04,Jueves,1.2,road running,Infantil,8.0,7.0,Guadassuar,València / Valencia,Comunitat Valenciana,561-1959,561-1959-2969,XXX VOLTA A PEU A GUADASSUAR,Infantil (2011-2012),1200
cronorunner,XXX VOLTA A PEU A GUADASSUAR (Cadet (2009-2010)),2024-07-04,Jueves,1.2,road running,Infantil,2.0,7.0,Guadassuar,València / Valencia,Comunitat Valenciana,561-1959,561-1959-2970,XXX VOLTA A PEU A GUADASSUAR,Cadet (2009-2010),1200
cronorunner,XXX VOLTA A PEU A GUADASSUAR (8k),2024-07-04,Jueves,8.0,road running,Absoluta/General,160.0,594.0,Guadassuar,València / Valencia,Comunitat Valenciana,561-1959,561-1959-2955,XXX VOLTA A PEU A GUADASSUAR,8k,8000
cronorunner,VI CARRERA INFANTIL CAIXA RURAL TORRENT A PICANYA (Infantil (2010-2011)),2024-07-03,Miércoles,1.08,road running,Infantil,,,Picanya,l'Horta Sud,Comunitat Valenciana,457-1957,457-1957-2962,VI CARRERA INFANTIL CAIXA RURAL TORRENT A PICANYA,Infantil (2010-2011),1080
cronorunner,VI CARRERA INFANTIL CAIXA RURAL TORRENT A PICANYA (Aleví (2012-2013)),2024-07-03,Miércoles,0.85,road running,Infantil,,,Picanya,l'Horta Sud,Comunitat Valenciana,457-1957,457-1957-2961,VI CARRERA INFANTIL CAIXA RURAL TORRENT A PICANYA,Aleví (2012-2013),850
cronorunner,VI CARRERA INFANTIL CAIXA RURAL TORRENT A PICANYA (Benjamí (2014-2015)),2024-07-03,Miércoles,0.54,road running,Infantil,,,Picanya,l'Horta Sud,Comunitat Valenciana,457-1957,457-1957-2960,VI CARRERA INFANTIL CAIXA RURAL TORRENT A PICANYA,Benjamí (2014-2015),540
cronorunner,VI CARRERA INFANTIL CAIXA RURAL TORRENT A PICANYA (Prebenjamí (2017-2016)),2024-07-03,Miércoles,0.41,road running,Infantil,,,Picanya,l'Horta Sud,Comunitat Valenciana,457-1957,457-1957-2959,VI CARRERA INFANTIL CAIXA RURAL TORRENT A PICANYA,Prebenjamí (2017-2016),410
cronorunner,VI CARRERA INFANTIL CAIXA RURAL TORRENT A PICANYA (Querubí (2018-2019)),2024-07-03,Miércoles,0.2,road running,Infantil,,,Picanya,l'Horta Sud,Comunitat Valenciana,457-1957,457-1957-2958,VI CARRERA INFANTIL CAIXA RURAL TORRENT A PICANYA,Querubí (2018-2019),200
cronorunner,XXXV VOLTA A PEU ALMUSSAFES (Compra Camiseta (No Corro)),2024-06-29,Sábado,0.0,road running,Absoluta/General,,,Almussafes,València / Valencia,Comunitat Valenciana,614-1874,614-1874-2881,XXXV VOLTA A PEU ALMUSSAFES,Compra Camiseta (No Corro),0
cronorunner,XXXV VOLTA A PEU ALMUSSAFES ((Sub 14) Infantil (2011-2012)),2024-06-29,Sábado,1.1,road running,Infantil,,,Almussafes,València / Valencia,Comunitat Valenciana,614-1874,614-1874-2886,XXXV VOLTA A PEU ALMUSSAFES,(Sub 14) Infantil (2011-2012),1100
cronorunner,XXXV VOLTA A PEU ALMUSSAFES (Chupetín (2019-2024)),2024-06-29,Sábado,0.1,road running,Infantil,,,Almussafes,València / Valencia,Comunitat Valenciana,614-1874,614-1874-2882,XXXV VOLTA A PEU ALMUSSAFES,Chupetín (2019-2024),100
cronorunner,XXXV VOLTA A PEU ALMUSSAFES ((Sub 8) Prebenjamín (2017-2018)),2024-06-29,Sábado,0.3,road running,Infantil,,,Almussafes,València / Valencia,Comunitat Valenciana,614-1874,614-1874-2883,XXXV VOLTA A PEU ALMUSSAFES,(Sub 8) Prebenjamín (2017-2018),300
cronorunner,XXXV VOLTA A PEU ALMUSSAFES ((Sub 10) Benjamín (2015-2016)),2024-06-29,Sábado,0.5,road running,Infantil,,,Almussafes,València / Valencia,Comunitat Valenciana,614-1874,614-1874-2884,XXXV VOLTA A PEU ALMUSSAFES,(Sub 10) Benjamín (2015-2016),500
cronorunner,XXXV VOLTA A PEU ALMUSSAFES ((Sub 12) Alevín (2013-2014)),2024-06-29,Sábado,1.0,road running,Infantil,,,Almussafes,València / Valencia,Comunitat Valenciana,614-1874,614-1874-2885,XXXV VOLTA A PEU ALMUSSAFES,(Sub 12) Alevín (2013-2014),1000
cronorunner,XXXV VOLTA A PEU ALMUSSAFES ((Sub 16) Cadet (2009-2010)),2024-06-29,Sábado,1.5,road running,Infantil,,,Almussafes,València / Valencia,Comunitat Valenciana,614-1874,614-1874-2887,XXXV VOLTA A PEU ALMUSSAFES,(Sub 16) Cadet (2009-2010),1500
cronorunner,XXXV VOLTA A PEU ALMUSSAFES (10k),2024-06-29,Sábado,10.0,road running,Absoluta/General,119.0,440.0,Almussafes,València / Valencia,Comunitat Valenciana,614-1874,614-1874-2741,XXXV VOLTA A PEU ALMUSSAFES,10k,10000
cronorunner,XX VOLTA A PEU NOCTURNA RIBA-ROJA DE TURIA,2024-06-28,Viernes,7.0,road running,Absoluta/General,103.0,291.0,Riba-roja de Túria,València / Valencia,Comunitat Valenciana,261-1921,261-1921-2829,XX VOLTA A PEU NOCTURNA RIBA-ROJA DE TURIA,7km,7000
cronorunner,I Carrera per la Dona 2026 - Quart de Poblet,2024-06-22,Sábado,5.0,road running,Absoluta/General,104.0,7.0,Quart de Poblet,l'Horta Sud,Comunitat Valenciana,650-1954,650-1954-2925,I Carrera per la Dona 2026 - Quart de Poblet,5k,5000
cronorunner,IV 6k solidaria Massalfassar (6k),2024-06-16,Domingo,6.0,road running,Absoluta/General,116.0,287.0,Massalfassar,l'Horta Nord,Comunitat Valenciana,609-1889,609-1889-2795,IV 6k solidaria Massalfassar,6k,6000
cronorunner,IV 6k solidaria Massalfassar (6k menores),2024-06-16,Domingo,6.0,road running,Infantil,16.0,8.0,Massalfassar,l'Horta Nord,Comunitat Valenciana,609-1889,609-1889-2983,IV 6k solidaria Massalfassar,6k menores,6000
cronorunner,X VOLTA A PEU A SANT JOANET,2024-06-15,Sábado,6.0,road running,Absoluta/General,88.0,282.0,Sant Joanet,València / Valencia,Comunitat Valenciana,302-1850,302-1850-2757,X VOLTA A PEU A SANT JOANET,6k,6000
cronorunner,XII VOLTA A PEU ILLA DEL PALMAR,2024-06-15,Sábado,7.0,road running,Absoluta/General,55.0,124.0,València,Comarca de València,Comunitat Valenciana,270-1947,270-1947-2923,XII VOLTA A PEU ILLA DEL PALMAR,7k,7000
cronorunner,I GRAN PREMIO VELAS MARATON 3.0 (10k),2024-06-15,Sábado,10.0,road running,Absoluta/General,115.0,372.0,Cheste,València / Valencia,Comunitat Valenciana,649-1951,649-1951-2921,I GRAN PREMIO VELAS MARATON 3.0,10k,10000
cronorunner,I GRAN PREMIO VELAS MARATON 3.0 (4k),2024-06-15,Sábado,4.0,road running,Absoluta/General,120.0,108.0,Cheste,València / Valencia,Comunitat Valenciana,649-1951,649-1951-2922,I GRAN PREMIO VELAS MARATON 3.0,4k,4000
cronorunner,Algunos consejos para la corrección de la técnica de carrera y prevención de lesiones,2024-06-12,Miércoles,0.0,road running,Absoluta/General,,,Alaquàs,l'Horta Sud,Comunitat Valenciana,648-1948,648-1948-2919,Algunos consejos para la corrección de la técnica de carrera y prevención de lesiones,Charla Informativa,0
cronorunner,XXVI 10K CIUTAT DE BENIPARRELL,2024-06-09,Domingo,10.0,road running,Absoluta/General,122.0,415.0,Beniparrell,l'Horta Sud,Comunitat Valenciana,158-1873,158-1873-2740,XXVI 10K CIUTAT DE BENIPARRELL,10k,10000
cronorunner,xii TRAIL CHULILLA,2024-06-08,Sábado,11.0,trail running,Absoluta/General,143.0,298.0,Chulilla,La Serranía,Comunitat Valenciana,644-1936,644-1936-2825,xii TRAIL CHULILLA,11k,11000
cronorunner,XXXIX VOLTA A PEU SANT ONOFRE D'ALGEMESÍ (Prebenjamin (2020-2017)),2024-06-01,Sábado,0.08,road running,Infantil,,,Algemesí,València / Valencia,Comunitat Valenciana,301-1849,301-1849-2914,XXXIX VOLTA A PEU SANT ONOFRE D'ALGEMESÍ,Prebenjamin (2020-2017),80
cronorunner,XXXIX VOLTA A PEU SANT ONOFRE D'ALGEMESÍ (Benjamin (2015-2016)),2024-06-01,Sábado,0.5,road running,Infantil,18.0,17.0,Algemesí,València / Valencia,Comunitat Valenciana,301-1849,301-1849-2915,XXXIX VOLTA A PEU SANT ONOFRE D'ALGEMESÍ,Benjamin (2015-2016),500
cronorunner,XXXIX VOLTA A PEU SANT ONOFRE D'ALGEMESÍ (Alevin (2013-2014)),2024-06-01,Sábado,1.0,road running,Infantil,14.0,13.0,Algemesí,València / Valencia,Comunitat Valenciana,301-1849,301-1849-2916,XXXIX VOLTA A PEU SANT ONOFRE D'ALGEMESÍ,Alevin (2013-2014),1000
cronorunner,XXXIX VOLTA A PEU SANT ONOFRE D'ALGEMESÍ (Infantil (2011-2012)),2024-06-01,Sábado,1.5,road running,Infantil,7.0,8.0,Algemesí,València / Valencia,Comunitat Valenciana,301-1849,301-1849-2917,XXXIX VOLTA A PEU SANT ONOFRE D'ALGEMESÍ,Infantil (2011-2012),1500
cronorunner,XXXIX VOLTA A PEU SANT ONOFRE D'ALGEMESÍ (Cadet (2007-2010)),2024-06-01,Sábado,1.5,road running,Infantil,5.0,8.0,Algemesí,València / Valencia,Comunitat Valenciana,301-1849,301-1849-2918,XXXIX VOLTA A PEU SANT ONOFRE D'ALGEMESÍ,Cadet (2007-2010),1500
cronorunner,XXXIX VOLTA A PEU SANT ONOFRE D'ALGEMESÍ (10k),2024-06-01,Sábado,10.0,road running,Absoluta/General,109.0,432.0,Algemesí,València / Valencia,Comunitat Valenciana,301-1849,301-1849-2756,XXXIX VOLTA A PEU SANT ONOFRE D'ALGEMESÍ,10k,10000
cronorunner,II 5k POBLA DE FARNALS (Chupetin (2019-2022)),2024-06-01,Sábado,0.1,road running,Infantil,,,la Pobla de Farnals,l'Horta Nord,Comunitat Valenciana,629-1887,629-1887-2893,II 5k POBLA DE FARNALS,Chupetin (2019-2022),100
cronorunner,II 5k POBLA DE FARNALS (Prebenjamin (2017-2018)),2024-06-01,Sábado,0.25,road running,Infantil,,,la Pobla de Farnals,l'Horta Nord,Comunitat Valenciana,629-1887,629-1887-2894,II 5k POBLA DE FARNALS,Prebenjamin (2017-2018),250
cronorunner,II 5k POBLA DE FARNALS (Benjamin (2015-2016)),2024-06-01,Sábado,0.5,road running,Infantil,,,la Pobla de Farnals,l'Horta Nord,Comunitat Valenciana,629-1887,629-1887-2895,II 5k POBLA DE FARNALS,Benjamin (2015-2016),500
cronorunner,II 5k POBLA DE FARNALS (Alevin (2013-2014)),2024-06-01,Sábado,0.75,road running,Infantil,,,la Pobla de Farnals,l'Horta Nord,Comunitat Valenciana,629-1887,629-1887-2896,II 5k POBLA DE FARNALS,Alevin (2013-2014),750
cronorunner,II 5k POBLA DE FARNALS (Infantil (2011-2012)),2024-06-01,Sábado,1.0,road running,Infantil,,,la Pobla de Farnals,l'Horta Nord,Comunitat Valenciana,629-1887,629-1887-2897,II 5k POBLA DE FARNALS,Infantil (2011-2012),1000
cronorunner,II 5k POBLA DE FARNALS (5km),2024-06-01,Sábado,5.0,road running,Absoluta/General,176.0,398.0,la Pobla de Farnals,l'Horta Nord,Comunitat Valenciana,629-1887,629-1887-2793,II 5k POBLA DE FARNALS,5km,5000
cronorunner,II 5k POBLA DE FARNALS (5K MENORES),2024-06-01,Sábado,5.0,road running,Infantil,18.0,13.0,la Pobla de Farnals,l'Horta Nord,Comunitat Valenciana,629-1887,629-1887-2951,II 5k POBLA DE FARNALS,5K MENORES,5000
cronorunner,XXXVI VOLTA A PEU FIBRA VALENCIA VILA D'ALAQUAS (Volta 10k),2024-06-01,Sábado,10.0,road running,Absoluta/General,42.0,162.0,Alaquàs,l'Horta Sud,Comunitat Valenciana,323-1913,323-1913-2890,XXXVI VOLTA A PEU FIBRA VALENCIA VILA D'ALAQUAS,Volta 10k,10000
cronorunner,XXXVI VOLTA A PEU FIBRA VALENCIA VILA D'ALAQUAS (Volteta 5k),2024-06-01,Sábado,5.0,road running,Absoluta/General,44.0,80.0,Alaquàs,l'Horta Sud,Comunitat Valenciana,323-1913,323-1913-2891,XXXVI VOLTA A PEU FIBRA VALENCIA VILA D'ALAQUAS,Volteta 5k,5000
cronorunner,I EAACI Walk & Run (10k),2024-06-01,Sábado,10.0,road running,Absoluta/General,30.0,48.0,València,Comarca de València,Comunitat Valenciana,651-1955,651-1955-2927,I EAACI Walk & Run,10k,10000
cronorunner,I EAACI Walk & Run (5k),2024-06-01,Sábado,5.0,road running,Absoluta/General,0.0,101.0,València,Comarca de València,Comunitat Valenciana,651-1955,651-1955-2928,I EAACI Walk & Run,5k,5000
cronorunner,"I EAACI Walk & Run (Marcha 2,5k)",2024-06-01,Sábado,2.5,marcha,Absoluta/General,,,València,Comarca de València,Comunitat Valenciana,651-1955,651-1955-2929,I EAACI Walk & Run,"Marcha 2,5k",2500
cronorunner,XXXI VOLTA A PEU BENETÚSSER,2024-05-26,Domingo,10.0,road running,Absoluta/General,63.0,258.0,Benetússer,l'Horta Sud,Comunitat Valenciana,443-1912,443-1912-2861,XXXI VOLTA A PEU BENETÚSSER,10k,10000
cronorunner,XVIII MITJA MARATÓ CIUTAT DE TORRENT (Carrera absoluta),2024-05-26,Domingo,0.0,road running,Absoluta/General,,,Torrent,l'Horta Sud,Comunitat Valenciana,567-1941,567-1941-3611,XVIII MITJA MARATÓ CIUTAT DE TORRENT,Carrera absoluta,0
cronorunner,XVIII MITJA MARATÓ CIUTAT DE TORRENT (Mitja Marató),2024-05-26,Domingo,21.097,road running,Absoluta/General,47.0,275.0,Torrent,l'Horta Sud,Comunitat Valenciana,567-1941,567-1941-2860,XVIII MITJA MARATÓ CIUTAT DE TORRENT,Mitja Marató,21097
cronorunner,VII 10MILPASSOS KANGURS BENIFAIÓ (Compro camiseta (NO CORRO)),2024-05-25,Sábado,0.0,road running,Absoluta/General,,,Benifaió,València / Valencia,Comunitat Valenciana,311-1872,311-1872-2926,VII 10MILPASSOS KANGURS BENIFAIÓ,Compro camiseta (NO CORRO),0
cronorunner,VII 10MILPASSOS KANGURS BENIFAIÓ (Prebenjamí (Sub8)),2024-05-25,Sábado,0.3,road running,Infantil,,,Benifaió,València / Valencia,Comunitat Valenciana,311-1872,311-1872-2907,VII 10MILPASSOS KANGURS BENIFAIÓ,Prebenjamí (Sub8),300
cronorunner,VII 10MILPASSOS KANGURS BENIFAIÓ (Benjamí (Sub10)),2024-05-25,Sábado,0.5,road running,Infantil,,,Benifaió,València / Valencia,Comunitat Valenciana,311-1872,311-1872-2908,VII 10MILPASSOS KANGURS BENIFAIÓ,Benjamí (Sub10),500
cronorunner,VII 10MILPASSOS KANGURS BENIFAIÓ (Aleví (Sub12)),2024-05-25,Sábado,1.0,road running,Absoluta/General,,,Benifaió,València / Valencia,Comunitat Valenciana,311-1872,311-1872-2909,VII 10MILPASSOS KANGURS BENIFAIÓ,Aleví (Sub12),1000
cronorunner,VII 10MILPASSOS KANGURS BENIFAIÓ (Infantil (Sub14)),2024-05-25,Sábado,1.5,road running,Infantil,,,Benifaió,València / Valencia,Comunitat Valenciana,311-1872,311-1872-2910,VII 10MILPASSOS KANGURS BENIFAIÓ,Infantil (Sub14),1500
cronorunner,VII 10MILPASSOS KANGURS BENIFAIÓ (Cadet (Sub16)),2024-05-25,Sábado,2.0,road running,Infantil,,,Benifaió,València / Valencia,Comunitat Valenciana,311-1872,311-1872-2911,VII 10MILPASSOS KANGURS BENIFAIÓ,Cadet (Sub16),2000
cronorunner,VII 10MILPASSOS KANGURS BENIFAIÓ (10k),2024-05-25,Sábado,10.0,road running,Absoluta/General,107.0,350.0,Benifaió,València / Valencia,Comunitat Valenciana,311-1872,311-1872-2739,VII 10MILPASSOS KANGURS BENIFAIÓ,10k,10000
cronorunner,TRAIL VALLE DEL TÚRIA GESTALGAR (Trail),2024-05-19,Domingo,26.0,trail running,Absoluta/General,28.0,189.0,Gestalgar,La Serranía,Comunitat Valenciana,608-1896,608-1896-2812,TRAIL VALLE DEL TÚRIA GESTALGAR,Trail,26000
cronorunner,TRAIL VALLE DEL TÚRIA GESTALGAR (Sprint Trail),2024-05-19,Domingo,11.0,trail running,Absoluta/General,117.0,173.0,Gestalgar,La Serranía,Comunitat Valenciana,608-1896,608-1896-2813,TRAIL VALLE DEL TÚRIA GESTALGAR,Sprint Trail,11000
cronorunner,TRAIL VALLE DEL TÚRIA GESTALGAR (Marcha no competitiva),2024-05-19,Domingo,6.5,trail running,Absoluta/General,,,Gestalgar,La Serranía,Comunitat Valenciana,608-1896,608-1896-2814,TRAIL VALLE DEL TÚRIA GESTALGAR,Marcha no competitiva,6500
cronorunner,VI SCHNEIDER ELECTRIC 7K MELIANA (Caminata 5k),2024-05-18,Sábado,5.0,road running,Absoluta/General,34.0,17.0,Meliana,l'Horta Nord,Comunitat Valenciana,439-1886,439-1886-2878,VI SCHNEIDER ELECTRIC 7K MELIANA,Caminata 5k,5000
cronorunner,VI SCHNEIDER ELECTRIC 7K MELIANA (Chupetines (2024-2019)),2024-05-18,Sábado,0.0,road running,Infantil,,,Meliana,l'Horta Nord,Comunitat Valenciana,439-1886,439-1886-2873,VI SCHNEIDER ELECTRIC 7K MELIANA,Chupetines (2024-2019),0
cronorunner,VI SCHNEIDER ELECTRIC 7K MELIANA (Prebenjamin (2018-2017)),2024-05-18,Sábado,0.0,road running,Infantil,,,Meliana,l'Horta Nord,Comunitat Valenciana,439-1886,439-1886-2874,VI SCHNEIDER ELECTRIC 7K MELIANA,Prebenjamin (2018-2017),0
cronorunner,VI SCHNEIDER ELECTRIC 7K MELIANA (Benjami (2016-2015)),2024-05-18,Sábado,0.0,road running,Infantil,,,Meliana,l'Horta Nord,Comunitat Valenciana,439-1886,439-1886-2875,VI SCHNEIDER ELECTRIC 7K MELIANA,Benjami (2016-2015),0
cronorunner,VI SCHNEIDER ELECTRIC 7K MELIANA (Alevin (2014-2013)),2024-05-18,Sábado,0.0,road running,Infantil,,,Meliana,l'Horta Nord,Comunitat Valenciana,439-1886,439-1886-2876,VI SCHNEIDER ELECTRIC 7K MELIANA,Alevin (2014-2013),0
cronorunner,VI SCHNEIDER ELECTRIC 7K MELIANA (Infantil (2012-2011)),2024-05-18,Sábado,0.0,road running,Infantil,,,Meliana,l'Horta Nord,Comunitat Valenciana,439-1886,439-1886-2877,VI SCHNEIDER ELECTRIC 7K MELIANA,Infantil (2012-2011),0
cronorunner,VI SCHNEIDER ELECTRIC 7K MELIANA (7k),2024-05-18,Sábado,7.0,road running,Absoluta/General,150.0,317.0,Meliana,l'Horta Nord,Comunitat Valenciana,439-1886,439-1886-2791,VI SCHNEIDER ELECTRIC 7K MELIANA,7k,7000
cronorunner,XLII VOLTA A PEU LLUIS VIVES,2024-05-17,Viernes,5.2,road running,Absoluta/General,,,Sueca,València / Valencia,Comunitat Valenciana,384-1903,384-1903-2906,XLII VOLTA A PEU LLUIS VIVES,5k,5200
cronorunner,VI TRAIL MILLARES (Trail 24k),2024-05-12,Domingo,24.0,trail running,Absoluta/General,5.0,38.0,Millares,València / Valencia,Comunitat Valenciana,616-1935,616-1935-2822,VI TRAIL MILLARES,Trail 24k,24000
cronorunner,VI TRAIL MILLARES (Sprint Trail 14k),2024-05-12,Domingo,14.0,trail running,Absoluta/General,22.0,59.0,Millares,València / Valencia,Comunitat Valenciana,616-1935,616-1935-2823,VI TRAIL MILLARES,Sprint Trail 14k,14000
cronorunner,VI TRAIL MILLARES (Marcha andarines),2024-05-12,Domingo,9.6,trail running,Absoluta/General,,,Millares,València / Valencia,Comunitat Valenciana,616-1935,616-1935-2824,VI TRAIL MILLARES,Marcha andarines,9600
cronorunner,XXVI VOLTA A PEU ALBERIC (LA CARRERA DE LA MONA) (Chupeti (2019-2024)),2024-05-11,Sábado,0.1,road running,Infantil,,,Alberic,València / Valencia,Comunitat Valenciana,264-1848,264-1848-2898,XXVI VOLTA A PEU ALBERIC (LA CARRERA DE LA MONA),Chupeti (2019-2024),100
cronorunner,XXVI VOLTA A PEU ALBERIC (LA CARRERA DE LA MONA) (Prebenjamin (2017-2018)),2024-05-11,Sábado,0.3,road running,Infantil,,,Alberic,València / Valencia,Comunitat Valenciana,264-1848,264-1848-2899,XXVI VOLTA A PEU ALBERIC (LA CARRERA DE LA MONA),Prebenjamin (2017-2018),300
cronorunner,XXVI VOLTA A PEU ALBERIC (LA CARRERA DE LA MONA) (Benjamin (2015-2016)),2024-05-11,Sábado,0.5,road running,Infantil,13.0,20.0,Alberic,València / Valencia,Comunitat Valenciana,264-1848,264-1848-2900,XXVI VOLTA A PEU ALBERIC (LA CARRERA DE LA MONA),Benjamin (2015-2016),500
cronorunner,XXVI VOLTA A PEU ALBERIC (LA CARRERA DE LA MONA) (Alevin (2013-2014)),2024-05-11,Sábado,1.0,road running,Infantil,30.0,20.0,Alberic,València / Valencia,Comunitat Valenciana,264-1848,264-1848-2901,XXVI VOLTA A PEU ALBERIC (LA CARRERA DE LA MONA),Alevin (2013-2014),1000
cronorunner,XXVI VOLTA A PEU ALBERIC (LA CARRERA DE LA MONA) (Infantil (2011-2012)),2024-05-11,Sábado,1.5,road running,Infantil,8.0,8.0,Alberic,València / Valencia,Comunitat Valenciana,264-1848,264-1848-2902,XXVI VOLTA A PEU ALBERIC (LA CARRERA DE LA MONA),Infantil (2011-2012),1500
cronorunner,XXVI VOLTA A PEU ALBERIC (LA CARRERA DE LA MONA) (Cadets (2007-2010)),2024-05-11,Sábado,0.0,road running,Infantil,4.0,9.0,Alberic,València / Valencia,Comunitat Valenciana,264-1848,264-1848-2903,XXVI VOLTA A PEU ALBERIC (LA CARRERA DE LA MONA),Cadets (2007-2010),0
cronorunner,XXVI VOLTA A PEU ALBERIC (LA CARRERA DE LA MONA) (8k),2024-05-11,Sábado,8.0,road running,Absoluta/General,100.0,316.0,Alberic,València / Valencia,Comunitat Valenciana,264-1848,264-1848-2755,XXVI VOLTA A PEU ALBERIC (LA CARRERA DE LA MONA),8k,8000
cronorunner,XLII MITJA MARATÓ D'ALCÀSSER (Compro obsequio (NO CORRO)),2024-05-11,Sábado,0.0,road running,Absoluta/General,,,Alcàsser,l'Horta Sud,Comunitat Valenciana,223-1878,223-1878-2815,XLII MITJA MARATÓ D'ALCÀSSER,Compro obsequio (NO CORRO),0
cronorunner,XLII MITJA MARATÓ D'ALCÀSSER (21k),2024-05-11,Sábado,21.097,road running,Absoluta/General,133.0,675.0,Alcàsser,l'Horta Sud,Comunitat Valenciana,223-1878,223-1878-2745,XLII MITJA MARATÓ D'ALCÀSSER,21k,21097
cronorunner,III CARRERA DE LES DONES ALDAIA - ALAQUÀS,2024-05-10,Viernes,5.0,road running,Absoluta/General,,,Aldaia,l'Horta Sud,Comunitat Valenciana,612-1925,612-1925-2880,III CARRERA DE LES DONES ALDAIA - ALAQUÀS,5K,5000
cronorunner,VII 5K EMPERADOR MEMORIAL EVA GIMENO (5K MENORES),2024-05-05,Domingo,5.0,road running,Infantil,18.0,15.0,Emperador,l'Horta Nord,Comunitat Valenciana,392-1885,392-1885-2913,VII 5K EMPERADOR MEMORIAL EVA GIMENO,5K MENORES,5000
cronorunner,VII 5K EMPERADOR MEMORIAL EVA GIMENO (5k),2024-05-05,Domingo,5.0,road running,Absoluta/General,157.0,338.0,Emperador,l'Horta Nord,Comunitat Valenciana,392-1885,392-1885-2790,VII 5K EMPERADOR MEMORIAL EVA GIMENO,5k,5000
cronorunner,XI CARRERA DE LA DONA DE SUECA,2024-05-05,Domingo,5.0,road running,Absoluta/General,468.0,4.0,Sueca,València / Valencia,Comunitat Valenciana,219-1905,219-1905-2872,XI CARRERA DE LA DONA DE SUECA,5k,5000
cronorunner,VII 10K MANISES,2024-05-05,Domingo,10.0,road running,Absoluta/General,111.0,400.0,Manises,l'Horta Sud,Comunitat Valenciana,560-1911,560-1911-2862,VII 10K MANISES,10k,10000
cronorunner,IX 10K BENIMODO (Compro camiseta (NO CORRO)),2024-05-04,Sábado,0.0,road running,Absoluta/General,,,Benimodo,València / Valencia,Comunitat Valenciana,163-1847,163-1847-2879,IX 10K BENIMODO,Compro camiseta (NO CORRO),0
cronorunner,IX 10K BENIMODO (10k),2024-05-04,Sábado,10.0,road running,Absoluta/General,71.0,275.0,Benimodo,València / Valencia,Comunitat Valenciana,163-1847,163-1847-2754,IX 10K BENIMODO,10k,10000
cronorunner,II 5K CARCAIXENT MEMORIAL PEPE OLASO (Fila 0 (Donativo-No corro)),2024-05-03,Viernes,0.0,road running,Absoluta/General,,,Carcaixent,València / Valencia,Comunitat Valenciana,633-1937,633-1937-2892,II 5K CARCAIXENT MEMORIAL PEPE OLASO,Fila 0 (Donativo-No corro),0
cronorunner,II 5K CARCAIXENT MEMORIAL PEPE OLASO (5k competitiva),2024-05-03,Viernes,5.0,road running,Absoluta/General,59.0,173.0,Carcaixent,València / Valencia,Comunitat Valenciana,633-1937,633-1937-2826,II 5K CARCAIXENT MEMORIAL PEPE OLASO,5k competitiva,5000
cronorunner,II 5K CARCAIXENT MEMORIAL PEPE OLASO (3KM Caminata A tu ritmo),2024-05-03,Viernes,3.0,road running,Absoluta/General,,,Carcaixent,València / Valencia,Comunitat Valenciana,633-1937,633-1937-2889,II 5K CARCAIXENT MEMORIAL PEPE OLASO,3KM Caminata A tu ritmo,3000
cronorunner,XI VOLTA A PEU A TAVERNES BLANQUES AVAPACE,2024-05-01,Miércoles,0.0,road running,Absoluta/General,154.0,296.0,Tavernes Blanques,l'Horta Nord,Comunitat Valenciana,208-1901,208-1901-2912,XI VOLTA A PEU A TAVERNES BLANQUES AVAPACE,Carrera Popular,0
cronorunner,XVIII SUBIDA VERTICAL GRAN HOTEL BALI (ELITE - F),2024-04-27,Sábado,0.052,trail running,Elite,1.0,1.0,Benidorm,la Marina Baixa,Comunitat Valenciana,441-1821,441-1821-2905,XVIII SUBIDA VERTICAL GRAN HOTEL BALI,ELITE - F,52
cronorunner,XVIII SUBIDA VERTICAL GRAN HOTEL BALI (OPEN),2024-04-27,Sábado,0.052,trail running,Absoluta/General,75.0,213.0,Benidorm,la Marina Baixa,Comunitat Valenciana,441-1821,441-1821-2650,XVIII SUBIDA VERTICAL GRAN HOTEL BALI,OPEN,52
cronorunner,XVIII SUBIDA VERTICAL GRAN HOTEL BALI (BOMBEROS/AS),2024-04-27,Sábado,0.052,trail running,Absoluta/General,3.0,119.0,Benidorm,la Marina Baixa,Comunitat Valenciana,441-1821,441-1821-2651,XVIII SUBIDA VERTICAL GRAN HOTEL BALI,BOMBEROS/AS,52
cronorunner,XVIII SUBIDA VERTICAL GRAN HOTEL BALI (ELITE - M),2024-04-27,Sábado,0.052,trail running,Elite,0.0,1.0,Benidorm,la Marina Baixa,Comunitat Valenciana,441-1821,441-1821-2652,XVIII SUBIDA VERTICAL GRAN HOTEL BALI,ELITE - M,52
cronorunner,XVIII SUBIDA VERTICAL GRAN HOTEL BALI (DOBLE MODALIDAD OPEN/BOMBEROS),2024-04-27,Sábado,0.052,trail running,Absoluta/General,,,Benidorm,la Marina Baixa,Comunitat Valenciana,441-1821,441-1821-2653,XVIII SUBIDA VERTICAL GRAN HOTEL BALI,DOBLE MODALIDAD OPEN/BOMBEROS,52
cronorunner,XI VOLTA A PEU A L ÉNOVA,2024-04-27,Sábado,8.0,road running,Absoluta/General,76.0,256.0,l'Énova,València / Valencia,Comunitat Valenciana,369-1842,369-1842-2749,XI VOLTA A PEU A L ÉNOVA,8k,8000
cronorunner,"IV 10K ""Via Materal"" Ciutat de Sueca (Chupetines (2022-2024))",2024-04-27,Sábado,0.1,road running,Infantil,,,Sueca,València / Valencia,Comunitat Valenciana,569-1871,569-1871-2847,"IV 10K ""Via Materal"" Ciutat de Sueca",Chupetines (2022-2024),100
cronorunner,"IV 10K ""Via Materal"" Ciutat de Sueca (Chupetines (2019-2021))",2024-04-27,Sábado,0.1,road running,Infantil,,,Sueca,València / Valencia,Comunitat Valenciana,569-1871,569-1871-2848,"IV 10K ""Via Materal"" Ciutat de Sueca",Chupetines (2019-2021),100
cronorunner,"IV 10K ""Via Materal"" Ciutat de Sueca (Prebenjamin (2017-2018))",2024-04-27,Sábado,0.4,road running,Infantil,,,Sueca,València / Valencia,Comunitat Valenciana,569-1871,569-1871-2849,"IV 10K ""Via Materal"" Ciutat de Sueca",Prebenjamin (2017-2018),400
cronorunner,"IV 10K ""Via Materal"" Ciutat de Sueca (Benjamin (2016-2015))",2024-04-27,Sábado,0.7,road running,Infantil,,,Sueca,València / Valencia,Comunitat Valenciana,569-1871,569-1871-2850,"IV 10K ""Via Materal"" Ciutat de Sueca",Benjamin (2016-2015),700
cronorunner,"IV 10K ""Via Materal"" Ciutat de Sueca (Alevin (2013-2014))",2024-04-27,Sábado,0.8,road running,Infantil,,,Sueca,València / Valencia,Comunitat Valenciana,569-1871,569-1871-2851,"IV 10K ""Via Materal"" Ciutat de Sueca",Alevin (2013-2014),800
cronorunner,"IV 10K ""Via Materal"" Ciutat de Sueca (Infantil (2011-2012))",2024-04-27,Sábado,1.1,road running,Infantil,,,Sueca,València / Valencia,Comunitat Valenciana,569-1871,569-1871-2852,"IV 10K ""Via Materal"" Ciutat de Sueca",Infantil (2011-2012),1100
cronorunner,"IV 10K ""Via Materal"" Ciutat de Sueca (Cadete (2009-2010))",2024-04-27,Sábado,1.6,road running,Infantil,,,Sueca,València / Valencia,Comunitat Valenciana,569-1871,569-1871-2853,"IV 10K ""Via Materal"" Ciutat de Sueca",Cadete (2009-2010),1600
cronorunner,"IV 10K ""Via Materal"" Ciutat de Sueca (10k)",2024-04-27,Sábado,10.0,road running,Absoluta/General,140.0,480.0,Sueca,València / Valencia,Comunitat Valenciana,569-1871,569-1871-2738,"IV 10K ""Via Materal"" Ciutat de Sueca",10k,10000
cronorunner,"Carrera Popular Lucha contra la Droga Memorial Benito Pozo (Marcha (1,4km))",2024-04-20,Sábado,1.4,marcha,Absoluta/General,,,Torrent,l'Horta Sud,Comunitat Valenciana,647-1943,647-1943-2864,Carrera Popular Lucha contra la Droga Memorial Benito Pozo,"Marcha (1,4km)",1400
cronorunner,Carrera Popular Lucha contra la Droga Memorial Benito Pozo (6km),2024-04-20,Sábado,6.0,road running,Absoluta/General,39.0,69.0,Torrent,l'Horta Sud,Comunitat Valenciana,647-1943,647-1943-2863,Carrera Popular Lucha contra la Droga Memorial Benito Pozo,6km,6000
cronorunner,X ALÈDUA TRAIL MEMORIAL MJ (13k),2024-04-14,Domingo,13.0,trail running,Absoluta/General,71.0,158.0,Llombai,València / Valencia,Comunitat Valenciana,287-1882,287-1882-2785,X ALÈDUA TRAIL MEMORIAL MJ,13k,13000
cronorunner,X ALÈDUA TRAIL MEMORIAL MJ (23k),2024-04-14,Domingo,23.0,trail running,Absoluta/General,15.0,118.0,Llombai,València / Valencia,Comunitat Valenciana,287-1882,287-1882-2786,X ALÈDUA TRAIL MEMORIAL MJ,23k,23000
cronorunner,XXVI VOLTA A PEU ALGINET (Compro camiseta (NO CORRO)),2024-04-13,Sábado,0.0,road running,Absoluta/General,,,Alginet,València / Valencia,Comunitat Valenciana,307-1845,307-1845-2816,XXVI VOLTA A PEU ALGINET,Compro camiseta (NO CORRO),0
cronorunner,XXVI VOLTA A PEU ALGINET (Prebenjamin),2024-04-13,Sábado,0.2,road running,Infantil,,,Alginet,València / Valencia,Comunitat Valenciana,307-1845,307-1845-2817,XXVI VOLTA A PEU ALGINET,Prebenjamin,200
cronorunner,XXVI VOLTA A PEU ALGINET (Benjami),2024-04-13,Sábado,0.5,road running,Infantil,19.0,21.0,Alginet,València / Valencia,Comunitat Valenciana,307-1845,307-1845-2818,XXVI VOLTA A PEU ALGINET,Benjami,500
cronorunner,XXVI VOLTA A PEU ALGINET (Alevi),2024-04-13,Sábado,1.0,road running,Absoluta/General,20.0,15.0,Alginet,València / Valencia,Comunitat Valenciana,307-1845,307-1845-2819,XXVI VOLTA A PEU ALGINET,Alevi,1000
cronorunner,XXVI VOLTA A PEU ALGINET (Infantil),2024-04-13,Sábado,1.5,road running,Infantil,9.0,9.0,Alginet,València / Valencia,Comunitat Valenciana,307-1845,307-1845-2820,XXVI VOLTA A PEU ALGINET,Infantil,1500
cronorunner,XXVI VOLTA A PEU ALGINET (Cadet),2024-04-13,Sábado,2.25,road running,Infantil,8.0,12.0,Alginet,València / Valencia,Comunitat Valenciana,307-1845,307-1845-2821,XXVI VOLTA A PEU ALGINET,Cadet,2250
cronorunner,XXVI VOLTA A PEU ALGINET (8k),2024-04-13,Sábado,8.0,road running,Absoluta/General,101.0,371.0,Alginet,València / Valencia,Comunitat Valenciana,307-1845,307-1845-2752,XXVI VOLTA A PEU ALGINET,8k,8000
cronorunner,V 5K ARCO FOIOS (Compra camiseta ( NO CORRO)),2024-04-13,Sábado,0.0,road running,Absoluta/General,,,Foios,l'Horta Nord,Comunitat Valenciana,534-1884,534-1884-2843,V 5K ARCO FOIOS,Compra camiseta ( NO CORRO),0
cronorunner,V 5K ARCO FOIOS (5K Menores),2024-04-13,Sábado,5.0,road running,Infantil,17.0,16.0,Foios,l'Horta Nord,Comunitat Valenciana,534-1884,534-1884-2888,V 5K ARCO FOIOS,5K Menores,5000
cronorunner,V 5K ARCO FOIOS (5k),2024-04-13,Sábado,5.0,road running,Absoluta/General,146.0,361.0,Foios,l'Horta Nord,Comunitat Valenciana,534-1884,534-1884-2789,V 5K ARCO FOIOS,5k,5000
cronorunner,XI 7K SANT VICENT DE LLIRIA,2024-04-13,Sábado,9.0,road running,Absoluta/General,72.0,230.0,Llíria,València / Valencia,Comunitat Valenciana,445-1919,445-1919-2828,XI 7K SANT VICENT DE LLIRIA,9k,9000
cronorunner,XXII VOLTA A PEU GAVARDA (Compro coca de calabaza (NO CORRO)),2024-04-06,Sábado,0.0,road running,Absoluta/General,,,Gavarda,València / Valencia,Comunitat Valenciana,296-1844,296-1844-2859,XXII VOLTA A PEU GAVARDA,Compro coca de calabaza (NO CORRO),0
cronorunner,XXII VOLTA A PEU GAVARDA (Iniciació/Nanos (2017 y posteriors)),2024-04-06,Sábado,0.1,road running,Absoluta/General,,,Gavarda,València / Valencia,Comunitat Valenciana,296-1844,296-1844-2854,XXII VOLTA A PEU GAVARDA,Iniciació/Nanos (2017 y posteriors),100
cronorunner,XXII VOLTA A PEU GAVARDA (Benjami (2015-2016)),2024-04-06,Sábado,0.4,road running,Infantil,17.0,17.0,Gavarda,València / Valencia,Comunitat Valenciana,296-1844,296-1844-2855,XXII VOLTA A PEU GAVARDA,Benjami (2015-2016),400
cronorunner,XXII VOLTA A PEU GAVARDA (Alevi (2013-2014)),2024-04-06,Sábado,1.0,road running,Absoluta/General,11.0,16.0,Gavarda,València / Valencia,Comunitat Valenciana,296-1844,296-1844-2856,XXII VOLTA A PEU GAVARDA,Alevi (2013-2014),1000
cronorunner,XXII VOLTA A PEU GAVARDA (Infantil (2011-2012)),2024-04-06,Sábado,1.4,road running,Infantil,10.0,4.0,Gavarda,València / Valencia,Comunitat Valenciana,296-1844,296-1844-2857,XXII VOLTA A PEU GAVARDA,Infantil (2011-2012),1400
cronorunner,XXII VOLTA A PEU GAVARDA (Cadet (2007-2010)),2024-04-06,Sábado,2.0,road running,Infantil,7.0,8.0,Gavarda,València / Valencia,Comunitat Valenciana,296-1844,296-1844-2858,XXII VOLTA A PEU GAVARDA,Cadet (2007-2010),2000
cronorunner,XXII VOLTA A PEU GAVARDA (6k),2024-04-06,Sábado,6.0,road running,Absoluta/General,84.0,256.0,Gavarda,València / Valencia,Comunitat Valenciana,296-1844,296-1844-2751,XXII VOLTA A PEU GAVARDA,6k,6000
cronorunner,XXIV GRAN FONS DE PUÇOL (15k),2024-04-06,Sábado,15.0,road running,Absoluta/General,152.0,569.0,Puçol,l'Horta Nord,Comunitat Valenciana,433-1883,433-1883-2787,XXIV GRAN FONS DE PUÇOL,15k,15000
cronorunner,"XXIV GRAN FONS DE PUÇOL (4,7k)",2024-04-06,Sábado,4.7,road running,Absoluta/General,38.0,48.0,Puçol,l'Horta Nord,Comunitat Valenciana,433-1883,433-1883-2788,XXIV GRAN FONS DE PUÇOL,"4,7k",4700
cronorunner,XLII VOLTA A PEU XIRIVELLA,2024-03-24,Domingo,7.275,road running,Absoluta/General,230.0,647.0,Xirivella,l'Horta Sud,Comunitat Valenciana,377-1910,377-1910-2838,XLII VOLTA A PEU XIRIVELLA,"7,2km",7275
cronorunner,V 10k CIUTAT DE PICASSENT (Compra camiseta (NO CORRO)),2024-03-23,Sábado,0.0,road running,Absoluta/General,,,Picassent,l'Horta Sud,Comunitat Valenciana,536-1870,536-1870-2804,V 10k CIUTAT DE PICASSENT,Compra camiseta (NO CORRO),0
cronorunner,V 10k CIUTAT DE PICASSENT (Chupetines),2024-03-23,Sábado,0.1,road running,Infantil,,,Picassent,l'Horta Sud,Comunitat Valenciana,536-1870,536-1870-2805,V 10k CIUTAT DE PICASSENT,Chupetines,100
cronorunner,V 10k CIUTAT DE PICASSENT (Prebenjamin),2024-03-23,Sábado,0.4,road running,Infantil,,,Picassent,l'Horta Sud,Comunitat Valenciana,536-1870,536-1870-2806,V 10k CIUTAT DE PICASSENT,Prebenjamin,400
cronorunner,V 10k CIUTAT DE PICASSENT (Benjamin),2024-03-23,Sábado,0.6,road running,Infantil,,,Picassent,l'Horta Sud,Comunitat Valenciana,536-1870,536-1870-2807,V 10k CIUTAT DE PICASSENT,Benjamin,600
cronorunner,V 10k CIUTAT DE PICASSENT (Alevin),2024-03-23,Sábado,1.0,road running,Infantil,,,Picassent,l'Horta Sud,Comunitat Valenciana,536-1870,536-1870-2808,V 10k CIUTAT DE PICASSENT,Alevin,1000
cronorunner,V 10k CIUTAT DE PICASSENT (Infantil),2024-03-23,Sábado,1.5,road running,Infantil,,,Picassent,l'Horta Sud,Comunitat Valenciana,536-1870,536-1870-2809,V 10k CIUTAT DE PICASSENT,Infantil,1500
cronorunner,V 10k CIUTAT DE PICASSENT (Cadete),2024-03-23,Sábado,1.8,road running,Infantil,,,Picassent,l'Horta Sud,Comunitat Valenciana,536-1870,536-1870-2810,V 10k CIUTAT DE PICASSENT,Cadete,1800
cronorunner,V 10k CIUTAT DE PICASSENT (10k),2024-03-23,Sábado,10.0,road running,Absoluta/General,199.0,709.0,Picassent,l'Horta Sud,Comunitat Valenciana,536-1870,536-1870-2737,V 10k CIUTAT DE PICASSENT,10k,10000
cronorunner,IX 10k D' ALCÁNTERA DEL XÚQUER,2024-03-10,Domingo,10.0,road running,Absoluta/General,90.0,297.0,Alcàntera de Xúquer,València / Valencia,Comunitat Valenciana,134-1843,134-1843-2750,IX 10k D' ALCÁNTERA DEL XÚQUER,10k,10000
cronorunner,VI CARRERA DE LA DONA - MONTSERRAT,2024-03-08,Viernes,3.0,road running,Absoluta/General,,,Montserrat,València / Valencia,Comunitat Valenciana,576-1906,576-1906-2811,VI CARRERA DE LA DONA - MONTSERRAT,3k,3000
cronorunner,CIRCUIT CAIXA POPULAR RIBERA DE XÚQUER - SELECCIÓN TALLA INSCRITOS MODALIDAD GLOBAL,2024-03-06,Miércoles,0.0,road running,Absoluta/General,,,Mareny deBarraquetes,,,646-1939,646-1939-2827,CIRCUIT CAIXA POPULAR RIBERA DE XÚQUER - SELECCIÓN TALLA INSCRITOS MODALIDAD GLOBAL,ELECCIÓN TALLA - SOLO INSCRITOS CIRCUITO COMPLETO,0
cronorunner,V VOLTA A PEU BENÉFICA FALLA EL RABAL (Fila 0 (No corro)),2024-02-24,Sábado,0.0,road running,Absoluta/General,,,Catarroja,l'Horta Sud,Comunitat Valenciana,316-1837,316-1837-2711,V VOLTA A PEU BENÉFICA FALLA EL RABAL,Fila 0 (No corro),0
cronorunner,V VOLTA A PEU BENÉFICA FALLA EL RABAL (6k),2024-02-24,Sábado,6.0,road running,Absoluta/General,104.0,237.0,Catarroja,l'Horta Sud,Comunitat Valenciana,316-1837,316-1837-2706,V VOLTA A PEU BENÉFICA FALLA EL RABAL,6k,6000
cronorunner,XV CARRERA POPULAR PARQUE NATURAL DEL TÚRIA (Nanos),2024-02-18,Domingo,0.05,road running,Absoluta/General,,,Pedralba de la Pradería,,Zamora,366-1826,366-1826-2723,XV CARRERA POPULAR PARQUE NATURAL DEL TÚRIA,Nanos,50
cronorunner,XV CARRERA POPULAR PARQUE NATURAL DEL TÚRIA (Prebenjamin),2024-02-18,Domingo,0.08,road running,Infantil,,,Pedralba de la Pradería,,Zamora,366-1826,366-1826-2724,XV CARRERA POPULAR PARQUE NATURAL DEL TÚRIA,Prebenjamin,80
cronorunner,XV CARRERA POPULAR PARQUE NATURAL DEL TÚRIA (Benjamin),2024-02-18,Domingo,0.3,road running,Infantil,,,Pedralba de la Pradería,,Zamora,366-1826,366-1826-2725,XV CARRERA POPULAR PARQUE NATURAL DEL TÚRIA,Benjamin,300
cronorunner,XV CARRERA POPULAR PARQUE NATURAL DEL TÚRIA (Alevin),2024-02-18,Domingo,0.8,road running,Infantil,,,Pedralba de la Pradería,,Zamora,366-1826,366-1826-2726,XV CARRERA POPULAR PARQUE NATURAL DEL TÚRIA,Alevin,800
cronorunner,XV CARRERA POPULAR PARQUE NATURAL DEL TÚRIA (Infantil),2024-02-18,Domingo,1.6,road running,Infantil,,,Pedralba de la Pradería,,Zamora,366-1826,366-1826-2727,XV CARRERA POPULAR PARQUE NATURAL DEL TÚRIA,Infantil,1600
cronorunner,XV CARRERA POPULAR PARQUE NATURAL DEL TÚRIA (Cadete),2024-02-18,Domingo,2.8,road running,Infantil,,,Pedralba de la Pradería,,Zamora,366-1826,366-1826-2728,XV CARRERA POPULAR PARQUE NATURAL DEL TÚRIA,Cadete,2800
cronorunner,XV CARRERA POPULAR PARQUE NATURAL DEL TÚRIA (10k),2024-02-18,Domingo,10.0,road running,Absoluta/General,77.0,266.0,Pedralba de la Pradería,,Zamora,366-1826,366-1826-2722,XV CARRERA POPULAR PARQUE NATURAL DEL TÚRIA,10k,10000
cronorunner,"XIII 10k ALBAL ""POR ESA SONRISA"" (Carrera Absoluta)",2024-02-18,Domingo,10.0,road running,Absoluta/General,217.0,640.0,Albal,l'Horta Sud,Comunitat Valenciana,514-1869,514-1869-2736,"XIII 10k ALBAL ""POR ESA SONRISA""",Carrera Absoluta,10000
cronorunner,"XIII 10k ALBAL ""POR ESA SONRISA"" (Andarines)",2024-02-18,Domingo,5.0,road running,Absoluta/General,,,Albal,l'Horta Sud,Comunitat Valenciana,514-1869,514-1869-2770,"XIII 10k ALBAL ""POR ESA SONRISA""",Andarines,5000
cronorunner,"XIII 10k ALBAL ""POR ESA SONRISA"" (Cadete (2009-2010))",2024-02-18,Domingo,1.2,road running,Infantil,,,Albal,l'Horta Sud,Comunitat Valenciana,514-1869,514-1869-2777,"XIII 10k ALBAL ""POR ESA SONRISA""",Cadete (2009-2010),1200
cronorunner,"XIII 10k ALBAL ""POR ESA SONRISA"" (Infantil (2011-2012))",2024-02-18,Domingo,1.0,road running,Infantil,,,Albal,l'Horta Sud,Comunitat Valenciana,514-1869,514-1869-2776,"XIII 10k ALBAL ""POR ESA SONRISA""",Infantil (2011-2012),1000
cronorunner,"XIII 10k ALBAL ""POR ESA SONRISA"" (Alevin (2013-2014))",2024-02-18,Domingo,0.8,road running,Infantil,,,Albal,l'Horta Sud,Comunitat Valenciana,514-1869,514-1869-2775,"XIII 10k ALBAL ""POR ESA SONRISA""",Alevin (2013-2014),800
cronorunner,"XIII 10k ALBAL ""POR ESA SONRISA"" (Benjamin (2015-2016))",2024-02-18,Domingo,0.8,road running,Infantil,,,Albal,l'Horta Sud,Comunitat Valenciana,514-1869,514-1869-2774,"XIII 10k ALBAL ""POR ESA SONRISA""",Benjamin (2015-2016),800
cronorunner,"XIII 10k ALBAL ""POR ESA SONRISA"" (Pre-Benjamin (2017-2018))",2024-02-18,Domingo,0.4,road running,Infantil,,,Albal,l'Horta Sud,Comunitat Valenciana,514-1869,514-1869-2773,"XIII 10k ALBAL ""POR ESA SONRISA""",Pre-Benjamin (2017-2018),400
cronorunner,"XIII 10k ALBAL ""POR ESA SONRISA"" (Querubin (2019-2020))",2024-02-18,Domingo,0.1,road running,Absoluta/General,,,Albal,l'Horta Sud,Comunitat Valenciana,514-1869,514-1869-2772,"XIII 10k ALBAL ""POR ESA SONRISA""",Querubin (2019-2020),100
cronorunner,"XIII 10k ALBAL ""POR ESA SONRISA"" (Chupetin (2021-2024))",2024-02-18,Domingo,0.1,road running,Infantil,,,Albal,l'Horta Sud,Comunitat Valenciana,514-1869,514-1869-2771,"XIII 10k ALBAL ""POR ESA SONRISA""",Chupetin (2021-2024),100
cronorunner,"XIII 10k ALBAL ""POR ESA SONRISA"" (Juvenil (2008-2007))",2024-02-18,Domingo,1.2,road running,Infantil,,,Albal,l'Horta Sud,Comunitat Valenciana,514-1869,514-1869-2778,"XIII 10k ALBAL ""POR ESA SONRISA""",Juvenil (2008-2007),1200
cronorunner,XVIII GRAN FONS DE TURÍS MEMORIAL RAIMON SORIA (Benjami (2015-2016)),2024-02-11,Domingo,0.6,road running,Infantil,18.0,19.0,Turís,València / Valencia,Comunitat Valenciana,295-1841,295-1841-2766,XVIII GRAN FONS DE TURÍS MEMORIAL RAIMON SORIA,Benjami (2015-2016),600
cronorunner,XVIII GRAN FONS DE TURÍS MEMORIAL RAIMON SORIA (Alevi (2013-2014)),2024-02-11,Domingo,1.0,road running,Absoluta/General,14.0,15.0,Turís,València / Valencia,Comunitat Valenciana,295-1841,295-1841-2767,XVIII GRAN FONS DE TURÍS MEMORIAL RAIMON SORIA,Alevi (2013-2014),1000
cronorunner,XVIII GRAN FONS DE TURÍS MEMORIAL RAIMON SORIA (Infantil (2011-2012)),2024-02-11,Domingo,1.6,road running,Infantil,16.0,7.0,Turís,València / Valencia,Comunitat Valenciana,295-1841,295-1841-2768,XVIII GRAN FONS DE TURÍS MEMORIAL RAIMON SORIA,Infantil (2011-2012),1600
cronorunner,XVIII GRAN FONS DE TURÍS MEMORIAL RAIMON SORIA (Cadet (2007-2010)),2024-02-11,Domingo,2.0,road running,Infantil,43.0,34.0,Turís,València / Valencia,Comunitat Valenciana,295-1841,295-1841-2769,XVIII GRAN FONS DE TURÍS MEMORIAL RAIMON SORIA,Cadet (2007-2010),2000
cronorunner,XVIII GRAN FONS DE TURÍS MEMORIAL RAIMON SORIA (Gran Fons),2024-02-11,Domingo,16.0,road running,Absoluta/General,56.0,272.0,Turís,València / Valencia,Comunitat Valenciana,295-1841,295-1841-2748,XVIII GRAN FONS DE TURÍS MEMORIAL RAIMON SORIA,Gran Fons,16000
cronorunner,XVIII GRAN FONS DE TURÍS MEMORIAL RAIMON SORIA (Cursa iniciació),2024-02-11,Domingo,8.6,road running,Absoluta/General,33.0,70.0,Turís,València / Valencia,Comunitat Valenciana,295-1841,295-1841-2765,XVIII GRAN FONS DE TURÍS MEMORIAL RAIMON SORIA,Cursa iniciació,8600
cronorunner,GALA FINAL CIRCUIT CAIXA POPULAR HORTA SUD (5 carreras completadas),2024-02-02,Viernes,0.0,road running,Absoluta/General,,,Alaquàs,l'Horta Sud,Comunitat Valenciana,575-1868,575-1868-2733,GALA FINAL CIRCUIT CAIXA POPULAR HORTA SUD,5 carreras completadas,0
cronorunner,GALA FINAL CIRCUIT CAIXA POPULAR HORTA SUD (6 carreras completadas),2024-02-02,Viernes,0.0,road running,Absoluta/General,,,Alaquàs,l'Horta Sud,Comunitat Valenciana,575-1868,575-1868-2734,GALA FINAL CIRCUIT CAIXA POPULAR HORTA SUD,6 carreras completadas,0
cronorunner,GALA FINAL CIRCUIT CAIXA POPULAR HORTA SUD (7 carreras completadas),2024-02-02,Viernes,0.0,road running,Absoluta/General,,,Alaquàs,l'Horta Sud,Comunitat Valenciana,575-1868,575-1868-2735,GALA FINAL CIRCUIT CAIXA POPULAR HORTA SUD,7 carreras completadas,0
cronorunner,XVIII TRAIL 3 PICS LES RODANES (Sprint Subida),2024-01-28,Domingo,0.0,trail running,Absoluta/General,,,Vilamarxant,València / Valencia,Comunitat Valenciana,136-1833,136-1833-2803,XVIII TRAIL 3 PICS LES RODANES,Sprint Subida,0
cronorunner,XVIII TRAIL 3 PICS LES RODANES (Iniciació Trail 8km),2024-01-28,Domingo,8.0,trail running,Absoluta/General,97.0,107.0,Vilamarxant,València / Valencia,Comunitat Valenciana,136-1833,136-1833-2689,XVIII TRAIL 3 PICS LES RODANES,Iniciació Trail 8km,8000
cronorunner,XVIII TRAIL 3 PICS LES RODANES (Prueba Reina 28km),2024-01-28,Domingo,28.0,trail running,Absoluta/General,18.0,187.0,Vilamarxant,València / Valencia,Comunitat Valenciana,136-1833,136-1833-2687,XVIII TRAIL 3 PICS LES RODANES,Prueba Reina 28km,28000
cronorunner,XVIII TRAIL 3 PICS LES RODANES (RAPITTRAIL 14KM),2024-01-28,Domingo,14.0,trail running,Absoluta/General,154.0,337.0,Vilamarxant,València / Valencia,Comunitat Valenciana,136-1833,136-1833-2688,XVIII TRAIL 3 PICS LES RODANES,RAPITTRAIL 14KM,14000
cronorunner,VIII TRAILKIDS 3 PICS LES RODANES VILAMARXANT (Querubi (2018-2019)),2024-01-27,Sábado,0.3,trail running,Absoluta/General,,,Vilamarxant,València / Valencia,Comunitat Valenciana,449-1830,449-1830-2779,VIII TRAILKIDS 3 PICS LES RODANES VILAMARXANT,Querubi (2018-2019),300
cronorunner,VIII TRAILKIDS 3 PICS LES RODANES VILAMARXANT (Pre-Benjamin (2016-2017)),2024-01-27,Sábado,0.3,trail running,Infantil,,,Vilamarxant,València / Valencia,Comunitat Valenciana,449-1830,449-1830-2780,VIII TRAILKIDS 3 PICS LES RODANES VILAMARXANT,Pre-Benjamin (2016-2017),300
cronorunner,VIII TRAILKIDS 3 PICS LES RODANES VILAMARXANT (Benjamin (2014-2015)),2024-01-27,Sábado,0.6,trail running,Infantil,,,Vilamarxant,València / Valencia,Comunitat Valenciana,449-1830,449-1830-2781,VIII TRAILKIDS 3 PICS LES RODANES VILAMARXANT,Benjamin (2014-2015),600
cronorunner,VIII TRAILKIDS 3 PICS LES RODANES VILAMARXANT (Alevin (2012-2013)),2024-01-27,Sábado,1.0,trail running,Infantil,,,Vilamarxant,València / Valencia,Comunitat Valenciana,449-1830,449-1830-2782,VIII TRAILKIDS 3 PICS LES RODANES VILAMARXANT,Alevin (2012-2013),1000
cronorunner,VIII TRAILKIDS 3 PICS LES RODANES VILAMARXANT (Infantil (2010-2011)),2024-01-27,Sábado,1.5,trail running,Infantil,,,Vilamarxant,València / Valencia,Comunitat Valenciana,449-1830,449-1830-2783,VIII TRAILKIDS 3 PICS LES RODANES VILAMARXANT,Infantil (2010-2011),1500
cronorunner,VIII TRAILKIDS 3 PICS LES RODANES VILAMARXANT (Cadet (2008 – 2009)),2024-01-27,Sábado,2.0,trail running,Infantil,,,Vilamarxant,València / Valencia,Comunitat Valenciana,449-1830,449-1830-2784,VIII TRAILKIDS 3 PICS LES RODANES VILAMARXANT,Cadet (2008 – 2009),2000
cronorunner,II CARRERA SANT ROQUENSE MUSEROS (Dorsal 0),2024-01-20,Sábado,0.0,road running,Absoluta/General,,,Museros,l'Horta Nord,Comunitat Valenciana,642-1866,642-1866-2792,II CARRERA SANT ROQUENSE MUSEROS,Dorsal 0,0
cronorunner,II CARRERA SANT ROQUENSE MUSEROS (5k),2024-01-20,Sábado,5.0,road running,Absoluta/General,,,Museros,l'Horta Nord,Comunitat Valenciana,642-1866,642-1866-2732,II CARRERA SANT ROQUENSE MUSEROS,5k,5000
cronorunner,XXXVII SAN SILVESTRE D'ALBALAT DE LA RIBERA (0 a 7 anys),2023-12-31,Domingo,0.0,road running,Absoluta/General,,,Albalat de la Ribera,València / Valencia,Comunitat Valenciana,113-1860,113-1860-2729,XXXVII SAN SILVESTRE D'ALBALAT DE LA RIBERA,0 a 7 anys,0
cronorunner,XXXVII SAN SILVESTRE D'ALBALAT DE LA RIBERA (de 8 a 11 anys),2023-12-31,Domingo,0.0,road running,Absoluta/General,,,Albalat de la Ribera,València / Valencia,Comunitat Valenciana,113-1860,113-1860-2730,XXXVII SAN SILVESTRE D'ALBALAT DE LA RIBERA,de 8 a 11 anys,0
cronorunner,XXXVII SAN SILVESTRE D'ALBALAT DE LA RIBERA (A partir de 12 anys),2023-12-31,Domingo,6.0,road running,Absoluta/General,,,Albalat de la Ribera,València / Valencia,Comunitat Valenciana,113-1860,113-1860-2731,XXXVII SAN SILVESTRE D'ALBALAT DE LA RIBERA,A partir de 12 anys,6000
cronorunner,XVII SAN SILVESTRE ALCOYANA (Menudets (2018-2023)),2023-12-31,Domingo,0.2,road running,Absoluta/General,,,Alcoi / Alcoy,Alacant / Alicante,Comunitat Valenciana,641-1863,641-1863-2714,XVII SAN SILVESTRE ALCOYANA,Menudets (2018-2023),200
cronorunner,XVII SAN SILVESTRE ALCOYANA (Prebenjamins (2016-2017)),2023-12-31,Domingo,0.3,road running,Infantil,,,Alcoi / Alcoy,Alacant / Alicante,Comunitat Valenciana,641-1863,641-1863-2715,XVII SAN SILVESTRE ALCOYANA,Prebenjamins (2016-2017),300
cronorunner,XVII SAN SILVESTRE ALCOYANA (Benjamins (2014-2015)),2023-12-31,Domingo,0.4,road running,Infantil,,,Alcoi / Alcoy,Alacant / Alicante,Comunitat Valenciana,641-1863,641-1863-2716,XVII SAN SILVESTRE ALCOYANA,Benjamins (2014-2015),400
cronorunner,XVII SAN SILVESTRE ALCOYANA (Alevins (2012-2013)),2023-12-31,Domingo,0.8,road running,Infantil,,,Alcoi / Alcoy,Alacant / Alicante,Comunitat Valenciana,641-1863,641-1863-2717,XVII SAN SILVESTRE ALCOYANA,Alevins (2012-2013),800
cronorunner,XVII SAN SILVESTRE ALCOYANA (Infantils (2010-2011)),2023-12-31,Domingo,1.3,road running,Infantil,,,Alcoi / Alcoy,Alacant / Alicante,Comunitat Valenciana,641-1863,641-1863-2718,XVII SAN SILVESTRE ALCOYANA,Infantils (2010-2011),1300
cronorunner,XVII SAN SILVESTRE ALCOYANA (6km),2023-12-31,Domingo,6.0,road running,Absoluta/General,129.0,328.0,Alcoi / Alcoy,Alacant / Alicante,Comunitat Valenciana,641-1863,641-1863-2713,XVII SAN SILVESTRE ALCOYANA,6km,6000
cronorunner,VII SANT SILVESTRE CIUTAT DE CARLET (5km),2023-12-29,Viernes,5.0,road running,Absoluta/General,46.0,158.0,Carlet,València / Valencia,Comunitat Valenciana,640-1859,640-1859-2709,VII SANT SILVESTRE CIUTAT DE CARLET,5km,5000
cronorunner,"VII SANT SILVESTRE CIUTAT DE CARLET (Caminata (2,5km))",2023-12-29,Viernes,2.5,road running,Absoluta/General,,,Carlet,València / Valencia,Comunitat Valenciana,640-1859,640-1859-2710,VII SANT SILVESTRE CIUTAT DE CARLET,"Caminata (2,5km)",2500
cronorunner,II SANT SILVESTRE CATARROJA,2023-12-29,Viernes,0.0,road running,Absoluta/General,,,Catarroja,l'Horta Sud,Comunitat Valenciana,627-1865,627-1865-2719,II SANT SILVESTRE CATARROJA,SAN SILVESTRE,0
cronorunner,VII SANT SILVESTRE DE MONTSERRAT,2023-12-28,Jueves,3.9,road running,Absoluta/General,,,Montserrat,València / Valencia,Comunitat Valenciana,422-1829,422-1829-2699,VII SANT SILVESTRE DE MONTSERRAT,"3,9k",3900
cronorunner,XIV SANT SILVESTRE SOLIDARIA TORRENT (3KM),2023-12-28,Jueves,3.08,road running,Absoluta/General,,,Torrent,l'Horta Sud,Comunitat Valenciana,548-1861,548-1861-2720,XIV SANT SILVESTRE SOLIDARIA TORRENT,3KM,3080
cronorunner,XIV SANT SILVESTRE SOLIDARIA TORRENT (3KM SOLO PERSONAS CON DIVERSIDAD FUNCIONAL),2023-12-28,Jueves,3.08,road running,Absoluta/General,,,Torrent,l'Horta Sud,Comunitat Valenciana,548-1861,548-1861-2721,XIV SANT SILVESTRE SOLIDARIA TORRENT,3KM SOLO PERSONAS CON DIVERSIDAD FUNCIONAL,3080
cronorunner,VIII SANT SILVESTRE D'ALMUSSAFES,2023-12-23,Sábado,5.0,road running,Absoluta/General,,,Almussafes,València / Valencia,Comunitat Valenciana,416-1832,416-1832-2686,VIII SANT SILVESTRE D'ALMUSSAFES,5k (a partir de 13 anys),5000
cronorunner,I SANT SILVESTRE CARCAIXENT BRESSOL DE LA TARONJA,2023-12-23,Sábado,3.5,road running,Absoluta/General,,,Carcaixent,València / Valencia,Comunitat Valenciana,570-1862,570-1862-2712,I SANT SILVESTRE CARCAIXENT BRESSOL DE LA TARONJA,"3,5km",3500
cronorunner,VIII SANSIL TRAIL CALLES,2023-12-17,Domingo,12.0,trail running,Absoluta/General,71.0,185.0,Calles,La Serranía,Comunitat Valenciana,623-1798,623-1798-2528,VIII SANSIL TRAIL CALLES,12K,12000
cronorunner,III SANT SILVESTRE CIUTAT DE XIRIVELLA (4280m),2023-12-17,Domingo,4.28,road running,Absoluta/General,,,Xirivella,l'Horta Sud,Comunitat Valenciana,625-1753,625-1753-2707,III SANT SILVESTRE CIUTAT DE XIRIVELLA,4280m,4280
cronorunner,III SANT SILVESTRE CIUTAT DE XIRIVELLA (Menores de 12 años (Obligatorio ir con acompañante)),2023-12-17,Domingo,4.28,road running,Infantil,,,Xirivella,l'Horta Sud,Comunitat Valenciana,625-1753,625-1753-2708,III SANT SILVESTRE CIUTAT DE XIRIVELLA,Menores de 12 años (Obligatorio ir con acompañante),4280
cronorunner,X 10K Arco Foios per la Fibrosi Quistica (Infantil),2023-12-17,Domingo,1.0,road running,Infantil,,,Foios,l'Horta Nord,Comunitat Valenciana,468-1754,468-1754-2681,X 10K Arco Foios per la Fibrosi Quistica,Infantil,1000
cronorunner,X 10K Arco Foios per la Fibrosi Quistica (Querubines),2023-12-17,Domingo,0.05,road running,Absoluta/General,,,Foios,l'Horta Nord,Comunitat Valenciana,468-1754,468-1754-2677,X 10K Arco Foios per la Fibrosi Quistica,Querubines,50
cronorunner,X 10K Arco Foios per la Fibrosi Quistica (Prebenjamin),2023-12-17,Domingo,0.1,road running,Infantil,,,Foios,l'Horta Nord,Comunitat Valenciana,468-1754,468-1754-2678,X 10K Arco Foios per la Fibrosi Quistica,Prebenjamin,100
cronorunner,X 10K Arco Foios per la Fibrosi Quistica (Benjamin),2023-12-17,Domingo,0.25,road running,Infantil,,,Foios,l'Horta Nord,Comunitat Valenciana,468-1754,468-1754-2679,X 10K Arco Foios per la Fibrosi Quistica,Benjamin,250
cronorunner,X 10K Arco Foios per la Fibrosi Quistica (Alevin),2023-12-17,Domingo,0.5,road running,Infantil,,,Foios,l'Horta Nord,Comunitat Valenciana,468-1754,468-1754-2680,X 10K Arco Foios per la Fibrosi Quistica,Alevin,500
cronorunner,X 10K Arco Foios per la Fibrosi Quistica (10km),2023-12-17,Domingo,10.0,road running,Absoluta/General,232.0,522.0,Foios,l'Horta Nord,Comunitat Valenciana,468-1754,468-1754-2674,X 10K Arco Foios per la Fibrosi Quistica,10km,10000
cronorunner,X 10K Arco Foios per la Fibrosi Quistica (Fila 0 (No corro)),2023-12-17,Domingo,0.0,road running,Absoluta/General,,,Foios,l'Horta Nord,Comunitat Valenciana,468-1754,468-1754-2675,X 10K Arco Foios per la Fibrosi Quistica,Fila 0 (No corro),0
cronorunner,X 10K Arco Foios per la Fibrosi Quistica (Compro Camiseta (No corro)),2023-12-17,Domingo,0.0,road running,Absoluta/General,,,Foios,l'Horta Nord,Comunitat Valenciana,468-1754,468-1754-2676,X 10K Arco Foios per la Fibrosi Quistica,Compro Camiseta (No corro),0
cronorunner,IV CARRERA SOLIDARIA L'EMPALME-AVAPACE (5k),2023-12-16,Sábado,5.0,road running,Absoluta/General,,,Burjassot,l'Horta Nord,Comunitat Valenciana,591-1828,591-1828-2682,IV CARRERA SOLIDARIA L'EMPALME-AVAPACE,5k,5000
cronorunner,IV CARRERA SOLIDARIA L'EMPALME-AVAPACE (Marcha 5k),2023-12-16,Sábado,5.0,marcha,Absoluta/General,,,Burjassot,l'Horta Nord,Comunitat Valenciana,591-1828,591-1828-2683,IV CARRERA SOLIDARIA L'EMPALME-AVAPACE,Marcha 5k,5000
cronorunner,IV CARRERA SOLIDARIA L'EMPALME-AVAPACE (Fila 0 (SOLO DONACIONES)),2023-12-16,Sábado,0.0,road running,Absoluta/General,,,Burjassot,l'Horta Nord,Comunitat Valenciana,591-1828,591-1828-2684,IV CARRERA SOLIDARIA L'EMPALME-AVAPACE,Fila 0 (SOLO DONACIONES),0
cronorunner,XXI CURSA DE NADAL BÉTERA (Sub 6 Xupetins),2023-12-16,Sábado,0.1,road running,Absoluta/General,,,Bétera,València / Valencia,Comunitat Valenciana,361-1771,361-1771-2700,XXI CURSA DE NADAL BÉTERA,Sub 6 Xupetins,100
cronorunner,XXI CURSA DE NADAL BÉTERA (Sub 8 Prebenjamin),2023-12-16,Sábado,0.2,road running,Infantil,,,Bétera,València / Valencia,Comunitat Valenciana,361-1771,361-1771-2701,XXI CURSA DE NADAL BÉTERA,Sub 8 Prebenjamin,200
cronorunner,XXI CURSA DE NADAL BÉTERA (Sub 10 Benjamin),2023-12-16,Sábado,0.4,road running,Infantil,,,Bétera,València / Valencia,Comunitat Valenciana,361-1771,361-1771-2702,XXI CURSA DE NADAL BÉTERA,Sub 10 Benjamin,400
cronorunner,XXI CURSA DE NADAL BÉTERA (Sub 12 Alevin),2023-12-16,Sábado,0.8,road running,Infantil,,,Bétera,València / Valencia,Comunitat Valenciana,361-1771,361-1771-2703,XXI CURSA DE NADAL BÉTERA,Sub 12 Alevin,800
cronorunner,XXI CURSA DE NADAL BÉTERA (Sub 14 Infantil),2023-12-16,Sábado,1.2,road running,Infantil,,,Bétera,València / Valencia,Comunitat Valenciana,361-1771,361-1771-2704,XXI CURSA DE NADAL BÉTERA,Sub 14 Infantil,1200
cronorunner,XXI CURSA DE NADAL BÉTERA (Sub 16 Cadete),2023-12-16,Sábado,1.6,road running,Infantil,,,Bétera,València / Valencia,Comunitat Valenciana,361-1771,361-1771-2705,XXI CURSA DE NADAL BÉTERA,Sub 16 Cadete,1600
cronorunner,XXI CURSA DE NADAL BÉTERA (5km),2023-12-16,Sábado,5.0,road running,Absoluta/General,55.0,129.0,Bétera,València / Valencia,Comunitat Valenciana,361-1771,361-1771-2404,XXI CURSA DE NADAL BÉTERA,5km,5000
cronorunner,VIII SAN SILVESTRE SOLIDARIA POBLA DE FARNALS (Chupetines (2018-2023)),2023-12-09,Sábado,0.0,road running,Infantil,,,la Pobla de Farnals,l'Horta Nord,Comunitat Valenciana,421-1827,421-1827-2668,VIII SAN SILVESTRE SOLIDARIA POBLA DE FARNALS,Chupetines (2018-2023),0
cronorunner,VIII SAN SILVESTRE SOLIDARIA POBLA DE FARNALS (Prebenjamin (2016-2017)),2023-12-09,Sábado,0.0,road running,Infantil,,,la Pobla de Farnals,l'Horta Nord,Comunitat Valenciana,421-1827,421-1827-2669,VIII SAN SILVESTRE SOLIDARIA POBLA DE FARNALS,Prebenjamin (2016-2017),0
cronorunner,VIII SAN SILVESTRE SOLIDARIA POBLA DE FARNALS (Benjamin (2014-2015)),2023-12-09,Sábado,0.0,road running,Infantil,,,la Pobla de Farnals,l'Horta Nord,Comunitat Valenciana,421-1827,421-1827-2670,VIII SAN SILVESTRE SOLIDARIA POBLA DE FARNALS,Benjamin (2014-2015),0
cronorunner,VIII SAN SILVESTRE SOLIDARIA POBLA DE FARNALS (Alevin (2012-2013)),2023-12-09,Sábado,0.0,road running,Infantil,,,la Pobla de Farnals,l'Horta Nord,Comunitat Valenciana,421-1827,421-1827-2671,VIII SAN SILVESTRE SOLIDARIA POBLA DE FARNALS,Alevin (2012-2013),0
cronorunner,VIII SAN SILVESTRE SOLIDARIA POBLA DE FARNALS (Infantil (2010-2011)),2023-12-09,Sábado,0.0,road running,Infantil,,,la Pobla de Farnals,l'Horta Nord,Comunitat Valenciana,421-1827,421-1827-2672,VIII SAN SILVESTRE SOLIDARIA POBLA DE FARNALS,Infantil (2010-2011),0
cronorunner,VIII SAN SILVESTRE SOLIDARIA POBLA DE FARNALS (5k),2023-12-09,Sábado,5.0,road running,Absoluta/General,103.0,220.0,la Pobla de Farnals,l'Horta Nord,Comunitat Valenciana,421-1827,421-1827-2667,VIII SAN SILVESTRE SOLIDARIA POBLA DE FARNALS,5k,5000
cronorunner,III CARRERA ESCOLAR CAIXA RURAL TORRENT (Infantil (2011-2010)),2023-12-03,Domingo,1.0,road running,Infantil,,,Torrent,l'Horta Sud,Comunitat Valenciana,557-1834,557-1834-2694,III CARRERA ESCOLAR CAIXA RURAL TORRENT,Infantil (2011-2010),1000
cronorunner,III CARRERA ESCOLAR CAIXA RURAL TORRENT (Benjamí (2015-2014)),2023-12-03,Domingo,0.7,road running,Infantil,,,Torrent,l'Horta Sud,Comunitat Valenciana,557-1834,557-1834-2692,III CARRERA ESCOLAR CAIXA RURAL TORRENT,Benjamí (2015-2014),700
cronorunner,III CARRERA ESCOLAR CAIXA RURAL TORRENT (Aleví  (2013-2012)),2023-12-03,Domingo,0.8,road running,Infantil,,,Torrent,l'Horta Sud,Comunitat Valenciana,557-1834,557-1834-2693,III CARRERA ESCOLAR CAIXA RURAL TORRENT,Aleví  (2013-2012),800
cronorunner,III CARRERA ESCOLAR CAIXA RURAL TORRENT (Prebenjamí (2017-2016)),2023-12-03,Domingo,0.45,road running,Infantil,,,Torrent,l'Horta Sud,Comunitat Valenciana,557-1834,557-1834-2691,III CARRERA ESCOLAR CAIXA RURAL TORRENT,Prebenjamí (2017-2016),450
cronorunner,III CARRERA ESCOLAR CAIXA RURAL TORRENT (Querubí (2018-2019)),2023-12-03,Domingo,0.2,road running,Infantil,,,Torrent,l'Horta Sud,Comunitat Valenciana,557-1834,557-1834-2690,III CARRERA ESCOLAR CAIXA RURAL TORRENT,Querubí (2018-2019),200
cronorunner,VIII 10k y 5K DINOSAURIS MONCADA (10k),2023-11-26,Domingo,10.0,road running,Absoluta/General,106.0,279.0,Montcada / Moncada,l'Horta Nord,Comunitat Valenciana,351-1733,351-1733-2370,VIII 10k y 5K DINOSAURIS MONCADA,10k,10000
cronorunner,VIII 10k y 5K DINOSAURIS MONCADA (5k),2023-11-26,Domingo,5.0,road running,Absoluta/General,122.0,124.0,Montcada / Moncada,l'Horta Nord,Comunitat Valenciana,351-1733,351-1733-2371,VIII 10k y 5K DINOSAURIS MONCADA,5k,5000
cronorunner,V GRAN FONS I CARRERA TRENCANT BARRERES PER LA SALUT MENTAL DE SUECA (15km),2023-11-26,Domingo,15.0,road running,Absoluta/General,22.0,89.0,Sueca,València / Valencia,Comunitat Valenciana,565-1755,565-1755-2638,V GRAN FONS I CARRERA TRENCANT BARRERES PER LA SALUT MENTAL DE SUECA,15km,15000
cronorunner,"V GRAN FONS I CARRERA TRENCANT BARRERES PER LA SALUT MENTAL DE SUECA (8,5km)",2023-11-26,Domingo,8.5,road running,Absoluta/General,65.0,95.0,Sueca,València / Valencia,Comunitat Valenciana,565-1755,565-1755-2639,V GRAN FONS I CARRERA TRENCANT BARRERES PER LA SALUT MENTAL DE SUECA,"8,5km",8500
cronorunner,VIII 10K DULCES DE CASINOS (10km),2023-11-25,Sábado,10.0,road running,Absoluta/General,55.0,162.0,Casinos,València / Valencia,Comunitat Valenciana,467-1770,467-1770-2403,VIII 10K DULCES DE CASINOS,10km,10000
cronorunner,VIII 10K DULCES DE CASINOS (MINI BENJAMIN (0 A 5 AÑOS)),2023-11-25,Sábado,0.0,road running,Infantil,,,Casinos,València / Valencia,Comunitat Valenciana,467-1770,467-1770-2658,VIII 10K DULCES DE CASINOS,MINI BENJAMIN (0 A 5 AÑOS),0
cronorunner,VIII 10K DULCES DE CASINOS (PRE BENJAMIN (6 A 7 AÑOS)),2023-11-25,Sábado,0.0,road running,Infantil,,,Casinos,València / Valencia,Comunitat Valenciana,467-1770,467-1770-2659,VIII 10K DULCES DE CASINOS,PRE BENJAMIN (6 A 7 AÑOS),0
cronorunner,VIII 10K DULCES DE CASINOS (BENJAMIN (8 A 9 AÑOS)),2023-11-25,Sábado,0.0,road running,Infantil,,,Casinos,València / Valencia,Comunitat Valenciana,467-1770,467-1770-2660,VIII 10K DULCES DE CASINOS,BENJAMIN (8 A 9 AÑOS),0
cronorunner,VIII 10K DULCES DE CASINOS (ALEVIN (10 A 12 AÑOS)),2023-11-25,Sábado,0.0,road running,Infantil,,,Casinos,València / Valencia,Comunitat Valenciana,467-1770,467-1770-2661,VIII 10K DULCES DE CASINOS,ALEVIN (10 A 12 AÑOS),0
cronorunner,VIII 10K DULCES DE CASINOS (INFANTIL (13 A 15 AÑOS)),2023-11-25,Sábado,0.0,road running,Infantil,,,Casinos,València / Valencia,Comunitat Valenciana,467-1770,467-1770-2662,VIII 10K DULCES DE CASINOS,INFANTIL (13 A 15 AÑOS),0
cronorunner,VIII 10K DULCES DE CASINOS (CADETE (16 A 17 AÑOS)),2023-11-25,Sábado,0.0,road running,Infantil,,,Casinos,València / Valencia,Comunitat Valenciana,467-1770,467-1770-2663,VIII 10K DULCES DE CASINOS,CADETE (16 A 17 AÑOS),0
cronorunner,"V TRAIL DE LLÍRIA - SANDRA VIDRIER (Trail reina (21,7km))",2023-11-19,Domingo,21.7,trail running,Absoluta/General,12.0,70.0,Llíria,València / Valencia,Comunitat Valenciana,618-1817,618-1817-2636,V TRAIL DE LLÍRIA - SANDRA VIDRIER,"Trail reina (21,7km)",21700
cronorunner,"V TRAIL DE LLÍRIA - SANDRA VIDRIER (Curt trail (11,3km))",2023-11-19,Domingo,11.3,trail running,Absoluta/General,39.0,152.0,Llíria,València / Valencia,Comunitat Valenciana,618-1817,618-1817-2637,V TRAIL DE LLÍRIA - SANDRA VIDRIER,"Curt trail (11,3km)",11300
cronorunner,III TRAIL SANTA BÁRBARA  PINA DE MONTALGRAO-VILLANUEVA DE VIVER (Modalidad 2 (14k)),2023-11-19,Domingo,14.0,trail running,Absoluta/General,21.0,90.0,Pina de Montalgrao,Castelló / Castellón,Comunitat Valenciana,540-1818,540-1818-2642,III TRAIL SANTA BÁRBARA  PINA DE MONTALGRAO-VILLANUEVA DE VIVER,Modalidad 2 (14k),14000
cronorunner,III TRAIL SANTA BÁRBARA  PINA DE MONTALGRAO-VILLANUEVA DE VIVER (Modalidad 1 (6k)),2023-11-19,Domingo,6.0,trail running,Absoluta/General,112.0,81.0,Pina de Montalgrao,Castelló / Castellón,Comunitat Valenciana,540-1818,540-1818-2641,III TRAIL SANTA BÁRBARA  PINA DE MONTALGRAO-VILLANUEVA DE VIVER,Modalidad 1 (6k),6000
cronorunner,V CARRERA SOLIDARIA POR EL CANCER DE PULMÓN (Fila 0 (No corro)),2023-11-19,Domingo,0.0,road running,Absoluta/General,,,València,Comarca de València,Comunitat Valenciana,624-1820,624-1820-2657,V CARRERA SOLIDARIA POR EL CANCER DE PULMÓN,Fila 0 (No corro),0
cronorunner,V CARRERA SOLIDARIA POR EL CANCER DE PULMÓN (10k),2023-11-19,Domingo,10.0,road running,Absoluta/General,112.0,194.0,València,Comarca de València,Comunitat Valenciana,624-1820,624-1820-2649,V CARRERA SOLIDARIA POR EL CANCER DE PULMÓN,10k,10000
cronorunner,V CARRERA SOLIDARIA POR EL CANCER DE PULMÓN (Caminata 5k no competitiva),2023-11-19,Domingo,5.0,road running,Absoluta/General,,,València,Comarca de València,Comunitat Valenciana,624-1820,624-1820-2648,V CARRERA SOLIDARIA POR EL CANCER DE PULMÓN,Caminata 5k no competitiva,5000
cronorunner,II MEDIA MARATÓN VILA DE PATERNA,2023-11-19,Domingo,21.097,road running,Absoluta/General,,,Paterna,l'Horta Nord,Comunitat Valenciana,635-1786,635-1786-2444,II MEDIA MARATÓN VILA DE PATERNA,Media Maratón,21097
cronorunner,XI GALA FINAL DEL CIRCUIT CAIXA POPULAR RIBERA DE XÚQUER,2023-11-17,Viernes,0.0,road running,Absoluta/General,,,Alberic,València / Valencia,Comunitat Valenciana,551-1822,551-1822-2654,XI GALA FINAL DEL CIRCUIT CAIXA POPULAR RIBERA DE XÚQUER,Elección Tallaje Chandal (finalistas con 11 carreras),0
cronorunner,XLII 10k y 5K MISLATA (10km),2023-11-12,Domingo,10.0,road running,Absoluta/General,59.0,251.0,Mislata,l'Horta Sud,Comunitat Valenciana,550-1750,550-1750-2645,XLII 10k y 5K MISLATA,10km,10000
cronorunner,XLII 10k y 5K MISLATA (5km),2023-11-12,Domingo,5.0,road running,Absoluta/General,56.0,73.0,Mislata,l'Horta Sud,Comunitat Valenciana,550-1750,550-1750-2646,XLII 10k y 5K MISLATA,5km,5000
cronorunner,VII GALA FINAL CIRCUIT DE L'ALBUFERA (8 CARRERAS FINALIZADAS),2023-11-10,Viernes,0.0,road running,Absoluta/General,,,Alzira,València / Valencia,Comunitat Valenciana,357-1824,357-1824-2664,VII GALA FINAL CIRCUIT DE L'ALBUFERA,8 CARRERAS FINALIZADAS,0
cronorunner,VII GALA FINAL CIRCUIT DE L'ALBUFERA (9 CARRERAS FINALIZADAS),2023-11-10,Viernes,0.0,road running,Absoluta/General,,,Alzira,València / Valencia,Comunitat Valenciana,357-1824,357-1824-2665,VII GALA FINAL CIRCUIT DE L'ALBUFERA,9 CARRERAS FINALIZADAS,0
cronorunner,VII GALA FINAL CIRCUIT DE L'ALBUFERA (10 CARRERAS FINALIZADAS),2023-11-10,Viernes,0.0,road running,Absoluta/General,,,Alzira,València / Valencia,Comunitat Valenciana,357-1824,357-1824-2666,VII GALA FINAL CIRCUIT DE L'ALBUFERA,10 CARRERAS FINALIZADAS,0
cronorunner,"IV 10k i I 4,6K MASSAMAGRELL (10k)",2023-11-05,Domingo,10.0,road running,Absoluta/General,104.0,320.0,Massamagrell,l'Horta Nord,Comunitat Valenciana,524-1724,524-1724-2362,"IV 10k i I 4,6K MASSAMAGRELL",10k,10000
cronorunner,"IV 10k i I 4,6K MASSAMAGRELL (4,6k)",2023-11-05,Domingo,4.6,road running,Absoluta/General,63.0,62.0,Massamagrell,l'Horta Nord,Comunitat Valenciana,524-1724,524-1724-2655,"IV 10k i I 4,6K MASSAMAGRELL","4,6k",4600
cronorunner,"IV 10k i I 4,6K MASSAMAGRELL (Compra Obsequio (No Corro))",2023-11-05,Domingo,0.0,road running,Absoluta/General,,,Massamagrell,l'Horta Nord,Comunitat Valenciana,524-1724,524-1724-2656,"IV 10k i I 4,6K MASSAMAGRELL",Compra Obsequio (No Corro),0
cronorunner,I GRAN FONS XIRIVELLA,2023-11-05,Domingo,15.0,road running,Absoluta/General,32.0,187.0,Xirivella,l'Horta Sud,Comunitat Valenciana,631-1752,631-1752-2379,I GRAN FONS XIRIVELLA,Gran Fons,15000
cronorunner,"XII + I CARRERA REGIMIENTO ""LUSITANIA"" (Trail)",2023-11-05,Domingo,17.0,trail running,Absoluta/General,32.0,199.0,Marines,València / Valencia,Comunitat Valenciana,632-1773,632-1773-2449,"XII + I CARRERA REGIMIENTO ""LUSITANIA""",Trail,17000
cronorunner,"XII + I CARRERA REGIMIENTO ""LUSITANIA"" (Sprint Trail)",2023-11-05,Domingo,9.0,trail running,Absoluta/General,68.0,113.0,Marines,València / Valencia,Comunitat Valenciana,632-1773,632-1773-2450,"XII + I CARRERA REGIMIENTO ""LUSITANIA""",Sprint Trail,9000
cronorunner,"XII + I CARRERA REGIMIENTO ""LUSITANIA"" (Marcha)",2023-11-05,Domingo,9.0,marcha,Absoluta/General,,,Marines,València / Valencia,Comunitat Valenciana,632-1773,632-1773-2451,"XII + I CARRERA REGIMIENTO ""LUSITANIA""",Marcha,9000
cronorunner,IV 10K SOLIDARIA DE MARINES,2023-11-04,Sábado,10.0,road running,Absoluta/General,28.0,73.0,Marines,València / Valencia,Comunitat Valenciana,555-1769,555-1769-2402,IV 10K SOLIDARIA DE MARINES,10km,10000
cronorunner,IX 10k y la VII Caminata de la Miel (Caminata),2023-11-04,Sábado,5.0,road running,Absoluta/General,,,Montroi / Montroy,València / Valencia,Comunitat Valenciana,409-1784,409-1784-2432,IX 10k y la VII Caminata de la Miel,Caminata,5000
cronorunner,IX 10k y la VII Caminata de la Miel (10k),2023-11-04,Sábado,10.0,road running,Absoluta/General,8.0,54.0,Montroi / Montroy,València / Valencia,Comunitat Valenciana,409-1784,409-1784-2431,IX 10k y la VII Caminata de la Miel,10k,10000
cronorunner,II CARRERA ESCOLAR CAIXA RURAL TORRENT (Infantil (2010-2009)),2022-12-04,Domingo,1.0,road running,Infantil,,,Torrent,l'Horta Sud,Comunitat Valenciana,557-1677,557-1677-2264,II CARRERA ESCOLAR CAIXA RURAL TORRENT,Infantil (2010-2009),1000
cronorunner,II CARRERA ESCOLAR CAIXA RURAL TORRENT (Aleví (2012-2011)),2022-12-04,Domingo,0.8,road running,Infantil,,,Torrent,l'Horta Sud,Comunitat Valenciana,557-1677,557-1677-2263,II CARRERA ESCOLAR CAIXA RURAL TORRENT,Aleví (2012-2011),800
cronorunner,II CARRERA ESCOLAR CAIXA RURAL TORRENT (Benjamí (2014-2013)),2022-12-04,Domingo,0.7,road running,Infantil,,,Torrent,l'Horta Sud,Comunitat Valenciana,557-1677,557-1677-2262,II CARRERA ESCOLAR CAIXA RURAL TORRENT,Benjamí (2014-2013),700
cronorunner,II CARRERA ESCOLAR CAIXA RURAL TORRENT (Prebenjamí (2016-2015)),2022-12-04,Domingo,0.45,road running,Infantil,,,Torrent,l'Horta Sud,Comunitat Valenciana,557-1677,557-1677-2261,II CARRERA ESCOLAR CAIXA RURAL TORRENT,Prebenjamí (2016-2015),450
cronorunner,II CARRERA ESCOLAR CAIXA RURAL TORRENT (Querubí (2018-2017)),2022-12-04,Domingo,0.2,road running,Infantil,,,Torrent,l'Horta Sud,Comunitat Valenciana,557-1677,557-1677-2260,II CARRERA ESCOLAR CAIXA RURAL TORRENT,Querubí (2018-2017),200
cronorunner,VII 10k y 5K DINOSAURIS MONCADA (10k),2022-11-27,Domingo,10.0,road running,Absoluta/General,1.0,372.0,Montcada / Moncada,l'Horta Nord,Comunitat Valenciana,351-1571,351-1571-2204,VII 10k y 5K DINOSAURIS MONCADA,10k,10000
cronorunner,VII 10k y 5K DINOSAURIS MONCADA (5k),2022-11-27,Domingo,5.0,road running,Absoluta/General,0.0,211.0,Montcada / Moncada,l'Horta Nord,Comunitat Valenciana,351-1571,351-1571-2205,VII 10k y 5K DINOSAURIS MONCADA,5k,5000
cronorunner,IV GRAN FONS I CARRERA TRENCANT BARRERES PER LA SALUT MENTAL DE SUECA (15KM),2022-11-27,Domingo,15.0,road running,Absoluta/General,27.0,112.0,Sueca,València / Valencia,Comunitat Valenciana,565-1604,565-1604-2222,IV GRAN FONS I CARRERA TRENCANT BARRERES PER LA SALUT MENTAL DE SUECA,15KM,15000
cronorunner,"IV GRAN FONS I CARRERA TRENCANT BARRERES PER LA SALUT MENTAL DE SUECA (8,5KM)",2022-11-27,Domingo,8.5,road running,Absoluta/General,90.0,105.0,Sueca,València / Valencia,Comunitat Valenciana,565-1604,565-1604-2223,IV GRAN FONS I CARRERA TRENCANT BARRERES PER LA SALUT MENTAL DE SUECA,"8,5KM",8500
cronorunner,XIII TRAIL CASTELLNOVO (Sprintrail 10km),2022-11-27,Domingo,10.0,trail running,Absoluta/General,0.0,224.0,Castellnovo,Castelló / Castellón,Comunitat Valenciana,622-1669,622-1669-2234,XIII TRAIL CASTELLNOVO,Sprintrail 10km,10000
cronorunner,XIII TRAIL CASTELLNOVO (Trail 21km),2022-11-27,Domingo,21.0,trail running,Absoluta/General,0.0,113.0,Castellnovo,Castelló / Castellón,Comunitat Valenciana,622-1669,622-1669-2235,XIII TRAIL CASTELLNOVO,Trail 21km,21000
cronorunner,VII 10K DULCES DE CASINOS (10k),2022-11-26,Sábado,10.0,road running,Absoluta/General,0.0,180.0,Casinos,València / Valencia,Comunitat Valenciana,467-1616,467-1616-2027,VII 10K DULCES DE CASINOS,10k,10000
cronorunner,VII 10K DULCES DE CASINOS (Mini Benjamín (0 a 5 años)),2022-11-26,Sábado,0.06,road running,Infantil,,,Casinos,València / Valencia,Comunitat Valenciana,467-1616,467-1616-2236,VII 10K DULCES DE CASINOS,Mini Benjamín (0 a 5 años),60
cronorunner,VII 10K DULCES DE CASINOS (Prebenjamín (6 a 7 años)),2022-11-26,Sábado,0.1,road running,Infantil,,,Casinos,València / Valencia,Comunitat Valenciana,467-1616,467-1616-2237,VII 10K DULCES DE CASINOS,Prebenjamín (6 a 7 años),100
cronorunner,VII 10K DULCES DE CASINOS (Benjamín (8 a 9 años)),2022-11-26,Sábado,0.45,road running,Infantil,,,Casinos,València / Valencia,Comunitat Valenciana,467-1616,467-1616-2238,VII 10K DULCES DE CASINOS,Benjamín (8 a 9 años),450
cronorunner,VII 10K DULCES DE CASINOS (Alevín (10 a 12 años)),2022-11-26,Sábado,0.45,road running,Infantil,,,Casinos,València / Valencia,Comunitat Valenciana,467-1616,467-1616-2239,VII 10K DULCES DE CASINOS,Alevín (10 a 12 años),450
cronorunner,VII 10K DULCES DE CASINOS (Infantil (13 a 15 años)),2022-11-26,Sábado,0.9,road running,Infantil,,,Casinos,València / Valencia,Comunitat Valenciana,467-1616,467-1616-2240,VII 10K DULCES DE CASINOS,Infantil (13 a 15 años),900
cronorunner,VII 10K DULCES DE CASINOS (Cadet (16 a 17 años)),2022-11-26,Sábado,0.9,road running,Infantil,,,Casinos,València / Valencia,Comunitat Valenciana,467-1616,467-1616-2241,VII 10K DULCES DE CASINOS,Cadet (16 a 17 años),900
cronorunner,"IV TRAIL DE LLÍRIA - SANDRA VIDRIER (Curt Trail (11,6km))",2022-11-20,Domingo,11.6,trail running,Absoluta/General,0.0,215.0,Llíria,València / Valencia,Comunitat Valenciana,618-1653,618-1653-2188,IV TRAIL DE LLÍRIA - SANDRA VIDRIER,"Curt Trail (11,6km)",11600
cronorunner,IV TRAIL DE LLÍRIA - SANDRA VIDRIER (Trail Reina (21km)),2022-11-20,Domingo,21.0,trail running,Absoluta/General,,,Llíria,València / Valencia,Comunitat Valenciana,618-1653,618-1653-2189,IV TRAIL DE LLÍRIA - SANDRA VIDRIER,Trail Reina (21km),21000
cronorunner,XXXX 10k y 5K MISLATA (10k),2022-11-13,Domingo,10.0,road running,Absoluta/General,1.0,255.0,Mislata,l'Horta Sud,Comunitat Valenciana,550-1586,550-1586-1990,XXXX 10k y 5K MISLATA,10k,10000
cronorunner,XXXX 10k y 5K MISLATA (2X5KM (Relevos)),2022-11-13,Domingo,10.0,road running,Absoluta/General,0.0,21.0,Mislata,l'Horta Sud,Comunitat Valenciana,550-1586,550-1586-2227,XXXX 10k y 5K MISLATA,2X5KM (Relevos),10000
cronorunner,NAVAJAS TRAIL (15km),2022-11-13,Domingo,15.0,trail running,Absoluta/General,0.0,163.0,Navajas,Castelló / Castellón,Comunitat Valenciana,621-1657,621-1657-2219,NAVAJAS TRAIL,15km,15000
cronorunner,NAVAJAS TRAIL (25km),2022-11-13,Domingo,25.0,trail running,Absoluta/General,0.0,33.0,Navajas,Castelló / Castellón,Comunitat Valenciana,621-1657,621-1657-2220,NAVAJAS TRAIL,25km,25000
cronorunner,VII GALA FINAL CIRCUIT DE L'ALBUFERA,2022-11-11,Viernes,0.0,road running,Absoluta/General,,,Alzira,València / Valencia,Comunitat Valenciana,357-1676,357-1676-2259,VII GALA FINAL CIRCUIT DE L'ALBUFERA,Cena de gala,0
cronorunner,"III 10k i I 4,6K MASSAMAGRELL",2022-11-06,Domingo,10.0,road running,Absoluta/General,1.0,438.0,Massamagrell,l'Horta Nord,Comunitat Valenciana,524-1599,524-1599-2004,"III 10k i I 4,6K MASSAMAGRELL",Carrera Absoluta,10000
cronorunner,VIII 10k y la VII Caminata de la Miel (CAMINATA),2022-11-06,Domingo,5.0,road running,Absoluta/General,,,Montroi / Montroy,València / Valencia,Comunitat Valenciana,409-1659,409-1659-2226,VIII 10k y la VII Caminata de la Miel,CAMINATA,5000
cronorunner,VIII 10k y la VII Caminata de la Miel (10k),2022-11-06,Domingo,10.0,road running,Absoluta/General,0.0,82.0,Montroi / Montroy,València / Valencia,Comunitat Valenciana,409-1659,409-1659-2225,VIII 10k y la VII Caminata de la Miel,10k,10000
cronorunner,MONTANEJOS TRAIL (55k (05-11-2022)),2022-11-05,Sábado,55.0,trail running,Absoluta/General,0.0,163.0,Montanejos,Castelló / Castellón,Comunitat Valenciana,572-1642,572-1642-2130,MONTANEJOS TRAIL,55k (05-11-2022),55000
cronorunner,MONTANEJOS TRAIL (15k (05-11-2022)),2022-11-05,Sábado,15.0,trail running,Absoluta/General,0.0,357.0,Montanejos,Castelló / Castellón,Comunitat Valenciana,572-1642,572-1642-2128,MONTANEJOS TRAIL,15k (05-11-2022),15000
cronorunner,MONTANEJOS TRAIL (30k (06-11-2022)),2022-11-05,Sábado,30.0,trail running,Absoluta/General,1.0,265.0,Montanejos,Castelló / Castellón,Comunitat Valenciana,572-1642,572-1642-2129,MONTANEJOS TRAIL,30k (06-11-2022),30000
cronorunner,X GALA CIRCUIT RIBERA DE XÚQUER,2022-11-04,Viernes,0.0,road running,Absoluta/General,,,Carcaixent,València / Valencia,Comunitat Valenciana,356-1671,356-1671-2243,X GALA CIRCUIT RIBERA DE XÚQUER,GALA CRX2022,0
cronorunner,"VII VOLTA A PEU Y CAMINATA SOLIDARIA, TOTS AMB JOSEP (Carrera 7k)",2022-10-30,Domingo,0.0,road running,Absoluta/General,0.0,128.0,Albal,l'Horta Sud,Comunitat Valenciana,539-1618,539-1618-2202,"VII VOLTA A PEU Y CAMINATA SOLIDARIA, TOTS AMB JOSEP",Carrera 7k,0
cronorunner,"VII VOLTA A PEU Y CAMINATA SOLIDARIA, TOTS AMB JOSEP (Marcha 4k)",2022-10-30,Domingo,4.0,marcha,Absoluta/General,,,Albal,l'Horta Sud,Comunitat Valenciana,539-1618,539-1618-2203,"VII VOLTA A PEU Y CAMINATA SOLIDARIA, TOTS AMB JOSEP",Marcha 4k,4000
cronorunner,II 10K OLIVA NOVA (Carrreras Infantiles),2022-10-30,Domingo,0.0,road running,Infantil,,,Oliva,València / Valencia,Comunitat Valenciana,598-1645,598-1645-2224,II 10K OLIVA NOVA,Carrreras Infantiles,0
cronorunner,II 10K OLIVA NOVA (10k),2022-10-30,Domingo,10.0,road running,Absoluta/General,0.0,466.0,Oliva,València / Valencia,Comunitat Valenciana,598-1645,598-1645-2147,II 10K OLIVA NOVA,10k,10000
cronorunner,I CARRERA Y MARCHA 25 ANIVERSARIO UMH (Carrera),2022-10-16,Domingo,4.79,marcha,Absoluta/General,0.0,219.0,Elx / Elche,el Baix Vinalopó,Comunitat Valenciana,620-1656,620-1656-2210,I CARRERA Y MARCHA 25 ANIVERSARIO UMH,Carrera,4790
cronorunner,I CARRERA Y MARCHA 25 ANIVERSARIO UMH (Marcha),2022-10-16,Domingo,2.395,marcha,Absoluta/General,,,Elx / Elche,el Baix Vinalopó,Comunitat Valenciana,620-1656,620-1656-2211,I CARRERA Y MARCHA 25 ANIVERSARIO UMH,Marcha,2395
cronorunner,IX 5K Y 10K ALBALAT DELS SORELLS (10KM),2022-10-15,Sábado,10.0,road running,Absoluta/General,0.0,283.0,Albalat dels Sorells,l'Horta Nord,Comunitat Valenciana,434-1598,434-1598-2003,IX 5K Y 10K ALBALAT DELS SORELLS,10KM,10000
cronorunner,IX 5K Y 10K ALBALAT DELS SORELLS (5KM),2022-10-15,Sábado,5.0,road running,Absoluta/General,0.0,146.0,Albalat dels Sorells,l'Horta Nord,Comunitat Valenciana,434-1598,434-1598-2221,IX 5K Y 10K ALBALAT DELS SORELLS,5KM,5000
cronorunner,XXXII VOLTA A PEU VILAMARXANT (10k),2022-10-09,Domingo,10.0,road running,Absoluta/General,0.0,174.0,Vilamarxant,València / Valencia,Comunitat Valenciana,275-1615,275-1615-2026,XXXII VOLTA A PEU VILAMARXANT,10k,10000
cronorunner,XXXII VOLTA A PEU VILAMARXANT (Juvenil (2005-2006)),2022-10-09,Domingo,5.0,road running,Infantil,,,Vilamarxant,València / Valencia,Comunitat Valenciana,275-1615,275-1615-2212,XXXII VOLTA A PEU VILAMARXANT,Juvenil (2005-2006),5000
cronorunner,XXXII VOLTA A PEU VILAMARXANT (Cadet (2007-2008)),2022-10-09,Domingo,2.35,road running,Infantil,,,Vilamarxant,València / Valencia,Comunitat Valenciana,275-1615,275-1615-2213,XXXII VOLTA A PEU VILAMARXANT,Cadet (2007-2008),2350
cronorunner,XXXII VOLTA A PEU VILAMARXANT (Infantil (2009-2010)),2022-10-09,Domingo,1.2,road running,Infantil,,,Vilamarxant,València / Valencia,Comunitat Valenciana,275-1615,275-1615-2214,XXXII VOLTA A PEU VILAMARXANT,Infantil (2009-2010),1200
cronorunner,XXXII VOLTA A PEU VILAMARXANT (Aleví (2011-2012)),2022-10-09,Domingo,0.6,road running,Absoluta/General,,,Vilamarxant,València / Valencia,Comunitat Valenciana,275-1615,275-1615-2215,XXXII VOLTA A PEU VILAMARXANT,Aleví (2011-2012),600
cronorunner,XXXII VOLTA A PEU VILAMARXANT (Benjamí (2013-2014)),2022-10-09,Domingo,0.43,road running,Infantil,,,Vilamarxant,València / Valencia,Comunitat Valenciana,275-1615,275-1615-2216,XXXII VOLTA A PEU VILAMARXANT,Benjamí (2013-2014),430
cronorunner,XXXII VOLTA A PEU VILAMARXANT (Prebenjamí (2015-2016)),2022-10-09,Domingo,0.25,road running,Infantil,,,Vilamarxant,València / Valencia,Comunitat Valenciana,275-1615,275-1615-2217,XXXII VOLTA A PEU VILAMARXANT,Prebenjamí (2015-2016),250
cronorunner,XXXII VOLTA A PEU VILAMARXANT (Menudets (2017 y posteriors)),2022-10-09,Domingo,0.1,road running,Absoluta/General,,,Vilamarxant,València / Valencia,Comunitat Valenciana,275-1615,275-1615-2218,XXXII VOLTA A PEU VILAMARXANT,Menudets (2017 y posteriors),100
cronorunner,XXX VOLTA A PEU NOCTURNA A MANUEL (BENJAMÍ (2013-2014)),2022-10-08,Sábado,0.55,road running,Infantil,9.0,17.0,Manuel,València / Valencia,Comunitat Valenciana,306-1561,306-1561-2192,XXX VOLTA A PEU NOCTURNA A MANUEL,BENJAMÍ (2013-2014),550
cronorunner,XXX VOLTA A PEU NOCTURNA A MANUEL (INFANTIL (2009-2010)),2022-10-08,Sábado,1.65,road running,Infantil,0.0,13.0,Manuel,València / Valencia,Comunitat Valenciana,306-1561,306-1561-2194,XXX VOLTA A PEU NOCTURNA A MANUEL,INFANTIL (2009-2010),1650
cronorunner,XXX VOLTA A PEU NOCTURNA A MANUEL (Cadet (2005-2008)),2022-10-08,Sábado,2.0,road running,Infantil,0.0,9.0,Manuel,València / Valencia,Comunitat Valenciana,306-1561,306-1561-2195,XXX VOLTA A PEU NOCTURNA A MANUEL,Cadet (2005-2008),2000
cronorunner,XXX VOLTA A PEU NOCTURNA A MANUEL (PREBENJAMÍ (2015-2016)),2022-10-08,Sábado,0.2,road running,Infantil,,,Manuel,València / Valencia,Comunitat Valenciana,306-1561,306-1561-2191,XXX VOLTA A PEU NOCTURNA A MANUEL,PREBENJAMÍ (2015-2016),200
cronorunner,XXX VOLTA A PEU NOCTURNA A MANUEL (ALEVÍ (2011-2012)),2022-10-08,Sábado,1.1,road running,Absoluta/General,8.0,12.0,Manuel,València / Valencia,Comunitat Valenciana,306-1561,306-1561-2193,XXX VOLTA A PEU NOCTURNA A MANUEL,ALEVÍ (2011-2012),1100
cronorunner,XXX VOLTA A PEU NOCTURNA A MANUEL (8KM),2022-10-08,Sábado,8.0,road running,Absoluta/General,2.0,290.0,Manuel,València / Valencia,Comunitat Valenciana,306-1561,306-1561-2190,XXX VOLTA A PEU NOCTURNA A MANUEL,8KM,8000
cronorunner,XXXVII VOLTA A PEU PORT DE CATARROJA,2022-10-08,Sábado,10.0,road running,Absoluta/General,0.0,562.0,Catarroja,l'Horta Sud,Comunitat Valenciana,156-1581,156-1581-1987,XXXVII VOLTA A PEU PORT DE CATARROJA,10k,10000
cronorunner,XLII VOLTA A PEU CARCAIXENT,2022-10-02,Domingo,10.0,road running,Absoluta/General,0.0,429.0,Carcaixent,València / Valencia,Comunitat Valenciana,494-1564,494-1564-2209,XLII VOLTA A PEU CARCAIXENT,10km,10000
cronorunner,IV 10K i III 5K RAFELBUNYOL,2022-10-02,Domingo,10.0,road running,Absoluta/General,0.0,267.0,Rafelbunyol,l'Horta Nord,Comunitat Valenciana,381-1596,381-1596-2001,IV 10K i III 5K RAFELBUNYOL,Carrera Absoluta,10000
cronorunner,II DOS AGUAS TRAIL (Sprint-trail 11k),2022-10-02,Domingo,11.0,trail running,Absoluta/General,0.0,85.0,Dos Aguas,València / Valencia,Comunitat Valenciana,568-1647,568-1647-2185,II DOS AGUAS TRAIL,Sprint-trail 11k,11000
cronorunner,II DOS AGUAS TRAIL (Trail 21k),2022-10-02,Domingo,21.0,trail running,Absoluta/General,0.0,37.0,Dos Aguas,València / Valencia,Comunitat Valenciana,568-1647,568-1647-2186,II DOS AGUAS TRAIL,Trail 21k,21000
cronorunner,VI CARRERA SOLIDARIA FALLA EL DIVENDRES  MASSANASSA (6k),2022-10-01,Sábado,6.0,road running,Absoluta/General,0.0,176.0,Massanassa,l'Horta Sud,Comunitat Valenciana,337-1635,337-1635-2116,VI CARRERA SOLIDARIA FALLA EL DIVENDRES  MASSANASSA,6k,6000
cronorunner,VI CARRERA SOLIDARIA FALLA EL DIVENDRES  MASSANASSA (Caminata),2022-10-01,Sábado,1.8,road running,Absoluta/General,,,Massanassa,l'Horta Sud,Comunitat Valenciana,337-1635,337-1635-2117,VI CARRERA SOLIDARIA FALLA EL DIVENDRES  MASSANASSA,Caminata,1800
cronorunner,XXXIV VOLTA A PEU A LA POBLA LLARGA MEMORIAL JULIO SALOM,2022-10-01,Sábado,8.0,road running,Absoluta/General,0.0,131.0,la Pobla Llarga,València / Valencia,Comunitat Valenciana,16-1652,16-1652-2178,XXXIV VOLTA A PEU A LA POBLA LLARGA MEMORIAL JULIO SALOM,8KM,8000
cronorunner,V PICATRAIL (Trail 15k),2022-09-25,Domingo,15.0,trail running,Absoluta/General,0.0,296.0,Picassent,l'Horta Sud,Comunitat Valenciana,535-1587,535-1587-1991,V PICATRAIL,Trail 15k,15000
cronorunner,V PICATRAIL (Marcha no competitiva 10k),2022-09-25,Domingo,9.0,trail running,Absoluta/General,,,Picassent,l'Horta Sud,Comunitat Valenciana,535-1587,535-1587-1992,V PICATRAIL,Marcha no competitiva 10k,9000
cronorunner,XI VOLTA A PEU BENISSANÓ,2022-09-25,Domingo,7.2,road running,Absoluta/General,0.0,183.0,Benissanó,València / Valencia,Comunitat Valenciana,553-1614,553-1614-2023,XI VOLTA A PEU BENISSANÓ,"7,2k",7200
cronorunner,XXIX VOLTA A PEU CIUTAT DE CARLET (BENJAMÍ (2013-2014)),2022-09-24,Sábado,0.75,road running,Infantil,21.0,22.0,Carlet,València / Valencia,Comunitat Valenciana,308-1563,308-1563-2198,XXIX VOLTA A PEU CIUTAT DE CARLET,BENJAMÍ (2013-2014),750
cronorunner,XXIX VOLTA A PEU CIUTAT DE CARLET (ALEVÍ (2011-2012)),2022-09-24,Sábado,0.75,road running,Absoluta/General,24.0,13.0,Carlet,València / Valencia,Comunitat Valenciana,308-1563,308-1563-2199,XXIX VOLTA A PEU CIUTAT DE CARLET,ALEVÍ (2011-2012),750
cronorunner,XXIX VOLTA A PEU CIUTAT DE CARLET (INFANTIL (2009-2010)),2022-09-24,Sábado,1.5,road running,Infantil,8.0,20.0,Carlet,València / Valencia,Comunitat Valenciana,308-1563,308-1563-2200,XXIX VOLTA A PEU CIUTAT DE CARLET,INFANTIL (2009-2010),1500
cronorunner,XXIX VOLTA A PEU CIUTAT DE CARLET (CADET (2005-2008)),2022-09-24,Sábado,1.5,road running,Infantil,5.0,13.0,Carlet,València / Valencia,Comunitat Valenciana,308-1563,308-1563-2201,XXIX VOLTA A PEU CIUTAT DE CARLET,CADET (2005-2008),1500
cronorunner,XXIX VOLTA A PEU CIUTAT DE CARLET (10KM),2022-09-24,Sábado,10.0,road running,Absoluta/General,88.0,391.0,Carlet,València / Valencia,Comunitat Valenciana,308-1563,308-1563-2197,XXIX VOLTA A PEU CIUTAT DE CARLET,10KM,10000
cronorunner,I 7k MUSEROS,2022-09-24,Sábado,7.0,road running,Absoluta/General,98.0,281.0,Museros,l'Horta Nord,Comunitat Valenciana,610-1597,610-1597-2002,I 7k MUSEROS,Carrera Absoluta,7000
cronorunner,VI GRAN FONS TRITONS ALBALAT DE LA RIBERA (15km),2022-09-18,Domingo,15.0,road running,Absoluta/General,0.0,218.0,Relleu,la Marina Baixa,Comunitat Valenciana,354-1602,354-1602-2014,VI GRAN FONS TRITONS ALBALAT DE LA RIBERA,15km,15000
cronorunner,"VI GRAN FONS TRITONS ALBALAT DE LA RIBERA (7,5km)",2022-09-18,Domingo,7.5,road running,Absoluta/General,0.0,81.0,Relleu,la Marina Baixa,Comunitat Valenciana,354-1602,354-1602-2015,VI GRAN FONS TRITONS ALBALAT DE LA RIBERA,"7,5km",7500
cronorunner,"IV CARRERA Y CAMINATA SOLIDARIA BENETÚSSER (Carrera (6,8k))",2022-09-18,Domingo,6.8,road running,Absoluta/General,0.0,105.0,Benetússer,l'Horta Sud,Comunitat Valenciana,541-1630,541-1630-2084,IV CARRERA Y CAMINATA SOLIDARIA BENETÚSSER,"Carrera (6,8k)",6800
cronorunner,IV CARRERA Y CAMINATA SOLIDARIA BENETÚSSER (Caminata (3k)),2022-09-18,Domingo,3.0,road running,Absoluta/General,,,Benetússer,l'Horta Sud,Comunitat Valenciana,541-1630,541-1630-2085,IV CARRERA Y CAMINATA SOLIDARIA BENETÚSSER,Caminata (3k),3000
cronorunner,XXXIV VOLTA A PEU QUART DE POBLET,2022-09-17,Sábado,8.0,road running,Absoluta/General,0.0,510.0,Quart de Poblet,l'Horta Sud,Comunitat Valenciana,400-1648,400-1648-2187,XXXIV VOLTA A PEU QUART DE POBLET,8KM,8000
cronorunner,RODANT X TORRENT,2022-09-17,Sábado,0.0,road running,Absoluta/General,,,Torrent,l'Horta Sud,Comunitat Valenciana,619-1654,619-1654-2196,RODANT X TORRENT,RODANT X TORRENT,0
cronorunner,VII 10K DE L'HORTA CASTELLAR-OLIVERAL (10KM),2022-09-11,Domingo,10.0,road running,Absoluta/General,119.0,530.0,València,Comarca de València,Comunitat Valenciana,162-1580,162-1580-1988,VII 10K DE L'HORTA CASTELLAR-OLIVERAL,10KM,10000
cronorunner,VII 10K DE L'HORTA CASTELLAR-OLIVERAL (Cadet (2007-2008)),2022-09-11,Domingo,2.0,road running,Infantil,,,València,Comarca de València,Comunitat Valenciana,162-1580,162-1580-2184,VII 10K DE L'HORTA CASTELLAR-OLIVERAL,Cadet (2007-2008),2000
cronorunner,VII 10K DE L'HORTA CASTELLAR-OLIVERAL (Infantil (2009-2010)),2022-09-11,Domingo,2.0,road running,Infantil,,,València,Comarca de València,Comunitat Valenciana,162-1580,162-1580-2183,VII 10K DE L'HORTA CASTELLAR-OLIVERAL,Infantil (2009-2010),2000
cronorunner,VII 10K DE L'HORTA CASTELLAR-OLIVERAL (Alevín (2011-2012)),2022-09-11,Domingo,1.0,road running,Infantil,,,València,Comarca de València,Comunitat Valenciana,162-1580,162-1580-2182,VII 10K DE L'HORTA CASTELLAR-OLIVERAL,Alevín (2011-2012),1000
cronorunner,VII 10K DE L'HORTA CASTELLAR-OLIVERAL (Benjamín (2013-2014)),2022-09-11,Domingo,0.5,road running,Infantil,,,València,Comarca de València,Comunitat Valenciana,162-1580,162-1580-2181,VII 10K DE L'HORTA CASTELLAR-OLIVERAL,Benjamín (2013-2014),500
cronorunner,VII 10K DE L'HORTA CASTELLAR-OLIVERAL (Prebenjamín (2015-2016)),2022-09-11,Domingo,0.2,road running,Infantil,,,València,Comarca de València,Comunitat Valenciana,162-1580,162-1580-2180,VII 10K DE L'HORTA CASTELLAR-OLIVERAL,Prebenjamín (2015-2016),200
cronorunner,XXIV VOLTA A PEU ALGINET (Prebenjamí (0 a 7 anys)),2022-09-10,Sábado,0.2,road running,Infantil,,,Alginet,València / Valencia,Comunitat Valenciana,307-1562,307-1562-2168,XXIV VOLTA A PEU ALGINET,Prebenjamí (0 a 7 anys),200
cronorunner,XXIV VOLTA A PEU ALGINET (Benjamí (8 a 9 anys)),2022-09-10,Sábado,0.5,road running,Infantil,11.0,11.0,Alginet,València / Valencia,Comunitat Valenciana,307-1562,307-1562-2169,XXIV VOLTA A PEU ALGINET,Benjamí (8 a 9 anys),500
cronorunner,XXIV VOLTA A PEU ALGINET (Aleví (10 a 11 anys)),2022-09-10,Sábado,1.0,road running,Absoluta/General,8.0,12.0,Alginet,València / Valencia,Comunitat Valenciana,307-1562,307-1562-2170,XXIV VOLTA A PEU ALGINET,Aleví (10 a 11 anys),1000
cronorunner,XXIV VOLTA A PEU ALGINET (Infantil (12 a 13 anys)),2022-09-10,Sábado,1.5,road running,Infantil,7.0,8.0,Alginet,València / Valencia,Comunitat Valenciana,307-1562,307-1562-2171,XXIV VOLTA A PEU ALGINET,Infantil (12 a 13 anys),1500
cronorunner,XXIV VOLTA A PEU ALGINET (Cadet (14 a 17)),2022-09-10,Sábado,2.25,road running,Infantil,6.0,9.0,Alginet,València / Valencia,Comunitat Valenciana,307-1562,307-1562-2172,XXIV VOLTA A PEU ALGINET,Cadet (14 a 17),2250
cronorunner,XXIV VOLTA A PEU ALGINET (8km),2022-09-10,Sábado,8.0,road running,Absoluta/General,60.0,253.0,Alginet,València / Valencia,Comunitat Valenciana,307-1562,307-1562-2167,XXIV VOLTA A PEU ALGINET,8km,8000
cronorunner,XXX VOLTA A PEU EL PUIG,2022-09-10,Sábado,7.8,road running,Absoluta/General,68.0,237.0,el Puig de Santa Maria,l'Horta Nord,Comunitat Valenciana,432-1595,432-1595-2000,XXX VOLTA A PEU EL PUIG,Carrera Absoluta,7800
cronorunner,I JOCS INFANTILS ALAQUÀS 2022,2022-09-04,Domingo,0.0,road running,Infantil,,,Alaquàs,l'Horta Sud,Comunitat Valenciana,617-1650,617-1650-2208,I JOCS INFANTILS ALAQUÀS 2022,Jocs Infantils,0
cronorunner,XXXIX MEDIO MARATÓN NAVAJAS,2022-09-04,Domingo,21.097,road running,Absoluta/General,7.0,55.0,Navajas,Castelló / Castellón,Comunitat Valenciana,602-1651,602-1651-2174,XXXIX MEDIO MARATÓN NAVAJAS,Carrera Absoluta,21097
cronorunner,IX GRAN FONS NOCTURN ALFAFAR (5k),2022-09-03,Sábado,5.0,road running,Absoluta/General,107.0,159.0,Alfafar,l'Horta Sud,Comunitat Valenciana,444-1570,444-1570-2151,IX GRAN FONS NOCTURN ALFAFAR,5k,5000
cronorunner,IX GRAN FONS NOCTURN ALFAFAR (GRAN FONS),2022-09-03,Sábado,15.0,road running,Absoluta/General,76.0,402.0,Alfafar,l'Horta Sud,Comunitat Valenciana,444-1570,444-1570-2150,IX GRAN FONS NOCTURN ALFAFAR,GRAN FONS,15000
cronorunner,XLII VOLTA A PEU BENICULL,2022-08-22,Lunes,8.0,road running,Absoluta/General,38.0,194.0,Benicull de Xúquer,València / Valencia,Comunitat Valenciana,318-1628,318-1628-2173,XLII VOLTA A PEU BENICULL,8k,8000
cronorunner,XVIII VOLTA A PEU LORIGUILLA (Benjamin (2013-2014)),2022-08-20,Sábado,0.0,road running,Infantil,,,Loriguilla,València / Valencia,Comunitat Valenciana,448-1613,448-1613-2162,XVIII VOLTA A PEU LORIGUILLA,Benjamin (2013-2014),0
cronorunner,XVIII VOLTA A PEU LORIGUILLA (Alevín (2011-2012)),2022-08-20,Sábado,0.0,road running,Infantil,,,Loriguilla,València / Valencia,Comunitat Valenciana,448-1613,448-1613-2163,XVIII VOLTA A PEU LORIGUILLA,Alevín (2011-2012),0
cronorunner,XVIII VOLTA A PEU LORIGUILLA (Infantil (2009-2010)),2022-08-20,Sábado,0.0,road running,Infantil,,,Loriguilla,València / Valencia,Comunitat Valenciana,448-1613,448-1613-2164,XVIII VOLTA A PEU LORIGUILLA,Infantil (2009-2010),0
cronorunner,XVIII VOLTA A PEU LORIGUILLA (Cadete (2007-2008)),2022-08-20,Sábado,0.0,road running,Infantil,,,Loriguilla,València / Valencia,Comunitat Valenciana,448-1613,448-1613-2165,XVIII VOLTA A PEU LORIGUILLA,Cadete (2007-2008),0
cronorunner,XVIII VOLTA A PEU LORIGUILLA (Juvenil (2005-2006)),2022-08-20,Sábado,0.0,road running,Infantil,,,Loriguilla,València / Valencia,Comunitat Valenciana,448-1613,448-1613-2166,XVIII VOLTA A PEU LORIGUILLA,Juvenil (2005-2006),0
cronorunner,XVIII VOLTA A PEU LORIGUILLA (10k),2022-08-20,Sábado,10.0,road running,Absoluta/General,28.0,117.0,Loriguilla,València / Valencia,Comunitat Valenciana,448-1613,448-1613-2025,XVIII VOLTA A PEU LORIGUILLA,10k,10000
cronorunner,XXXIX VUELTA A PIE  VILLAR DEL ARZOBISPO,2022-08-13,Sábado,8.0,road running,Absoluta/General,15.0,66.0,Villar del Arzobispo,La Serranía,Comunitat Valenciana,343-1638,343-1638-2122,XXXIX VUELTA A PIE  VILLAR DEL ARZOBISPO,8k,8000
cronorunner,XIV SUBIDA A LOS MOLINOS DE ALCUBLAS,2022-08-12,Viernes,8.2,road running,Absoluta/General,16.0,106.0,Alcublas,La Serranía,Comunitat Valenciana,596-1643,596-1643-2131,XIV SUBIDA A LOS MOLINOS DE ALCUBLAS,"8,2k",8200
cronorunner,XXIII VOLTA A PEU FAVARA (Benjamins (2013-2015)),2022-08-06,Sábado,0.83,road running,Infantil,,,Fabara / Favara,Bajo Aragón-Caspe / Baix Aragó-Casp,Aragón,159-1578,159-1578-2152,XXIII VOLTA A PEU FAVARA,Benjamins (2013-2015),830
cronorunner,XXIII VOLTA A PEU FAVARA (Alevins (2010-2012)),2022-08-06,Sábado,1.66,road running,Infantil,,,Fabara / Favara,Bajo Aragón-Caspe / Baix Aragó-Casp,Aragón,159-1578,159-1578-2153,XXIII VOLTA A PEU FAVARA,Alevins (2010-2012),1660
cronorunner,XXIII VOLTA A PEU FAVARA (Cadets (2006-2009)),2022-08-06,Sábado,2.49,road running,Infantil,,,Fabara / Favara,Bajo Aragón-Caspe / Baix Aragó-Casp,Aragón,159-1578,159-1578-2154,XXIII VOLTA A PEU FAVARA,Cadets (2006-2009),2490
cronorunner,"XXIII VOLTA A PEU FAVARA (8,5km)",2022-08-06,Sábado,8.5,road running,Absoluta/General,51.0,243.0,Fabara / Favara,Bajo Aragón-Caspe / Baix Aragó-Casp,Aragón,159-1578,159-1578-1986,XXIII VOLTA A PEU FAVARA,"8,5km",8500
cronorunner,XXIV LEGUA SAN ANTONIO DE BENAGÉBER,2022-08-06,Sábado,5.572,road running,Absoluta/General,39.0,138.0,San Antonio de Benagéber,València / Valencia,Comunitat Valenciana,453-1612,453-1612-2024,XXIV LEGUA SAN ANTONIO DE BENAGÉBER,Legua,5572
cronorunner,XXV CARRERA MATUTINA A LA PLAYA DE CULLERA,2022-08-06,Sábado,7.0,road running,Absoluta/General,63.0,188.0,Cullera,València / Valencia,Comunitat Valenciana,387-1629,387-1629-2124,XXV CARRERA MATUTINA A LA PLAYA DE CULLERA,7k,7000
cronorunner,VII 10K MONTSERRAT,2022-08-05,Viernes,10.0,road running,Absoluta/General,57.0,257.0,Montserrat,València / Valencia,Comunitat Valenciana,347-1560,347-1560-2125,VII 10K MONTSERRAT,10k,10000
cronorunner,IV VOLTA A PEU BENIFAIÓ,2022-08-05,Viernes,6.0,road running,Absoluta/General,42.0,139.0,Benifaió,València / Valencia,Comunitat Valenciana,350-1639,350-1639-2123,IV VOLTA A PEU BENIFAIÓ,6k,6000
cronorunner,XXXIII VOLTA A PEU A TURÍS (Prexupetins (2020-2021)),2022-08-01,Lunes,0.03,road running,Absoluta/General,,,Turís,València / Valencia,Comunitat Valenciana,394-1649,394-1649-2155,XXXIII VOLTA A PEU A TURÍS,Prexupetins (2020-2021),30
cronorunner,XXXIII VOLTA A PEU A TURÍS (Xupetins (2017-2018-2019)),2022-08-01,Lunes,0.06,road running,Absoluta/General,,,Turís,València / Valencia,Comunitat Valenciana,394-1649,394-1649-2156,XXXIII VOLTA A PEU A TURÍS,Xupetins (2017-2018-2019),60
cronorunner,XXXIII VOLTA A PEU A TURÍS (Prebenjamins (2015-2016)),2022-08-01,Lunes,0.3,road running,Infantil,,,Turís,València / Valencia,Comunitat Valenciana,394-1649,394-1649-2157,XXXIII VOLTA A PEU A TURÍS,Prebenjamins (2015-2016),300
cronorunner,XXXIII VOLTA A PEU A TURÍS (Benjamins (2013-2014)),2022-08-01,Lunes,0.6,road running,Infantil,,,Turís,València / Valencia,Comunitat Valenciana,394-1649,394-1649-2158,XXXIII VOLTA A PEU A TURÍS,Benjamins (2013-2014),600
cronorunner,XXXIII VOLTA A PEU A TURÍS (Alevins (2011-2012)),2022-08-01,Lunes,1.0,road running,Infantil,,,Turís,València / Valencia,Comunitat Valenciana,394-1649,394-1649-2159,XXXIII VOLTA A PEU A TURÍS,Alevins (2011-2012),1000
cronorunner,XXXIII VOLTA A PEU A TURÍS (Infantils (2009-2010)),2022-08-01,Lunes,1.6,road running,Infantil,,,Turís,València / Valencia,Comunitat Valenciana,394-1649,394-1649-2160,XXXIII VOLTA A PEU A TURÍS,Infantils (2009-2010),1600
cronorunner,XXXIII VOLTA A PEU A TURÍS (Juvenils-Cadeet (2008-2005)),2022-08-01,Lunes,2.0,road running,Infantil,,,Turís,València / Valencia,Comunitat Valenciana,394-1649,394-1649-2161,XXXIII VOLTA A PEU A TURÍS,Juvenils-Cadeet (2008-2005),2000
cronorunner,"XXXIII VOLTA A PEU A TURÍS (7,7k)",2022-08-01,Lunes,7.7,road running,Absoluta/General,,,Turís,València / Valencia,Comunitat Valenciana,394-1649,394-1649-2149,XXXIII VOLTA A PEU A TURÍS,"7,7k",7700
cronorunner,XX VOLTA A PEU PEL XÚQUER - RIOLA (Chupetin (2020-2018)),2022-07-30,Sábado,0.1,road running,Infantil,,,Riola,València / Valencia,Comunitat Valenciana,305-1583,305-1583-2108,XX VOLTA A PEU PEL XÚQUER - RIOLA,Chupetin (2020-2018),100
cronorunner,XX VOLTA A PEU PEL XÚQUER - RIOLA (Prebenjamín ( 2017-2015)),2022-07-30,Sábado,0.25,road running,Infantil,,,Riola,València / Valencia,Comunitat Valenciana,305-1583,305-1583-2109,XX VOLTA A PEU PEL XÚQUER - RIOLA,Prebenjamín ( 2017-2015),250
cronorunner,XX VOLTA A PEU PEL XÚQUER - RIOLA (Alevin (2011-2012)),2022-07-30,Sábado,0.8,road running,Infantil,,,Riola,València / Valencia,Comunitat Valenciana,305-1583,305-1583-2111,XX VOLTA A PEU PEL XÚQUER - RIOLA,Alevin (2011-2012),800
cronorunner,XX VOLTA A PEU PEL XÚQUER - RIOLA (Infantil (2009-2010)),2022-07-30,Sábado,1.2,road running,Infantil,,,Riola,València / Valencia,Comunitat Valenciana,305-1583,305-1583-2112,XX VOLTA A PEU PEL XÚQUER - RIOLA,Infantil (2009-2010),1200
cronorunner,XX VOLTA A PEU PEL XÚQUER - RIOLA (Cadete (2005-2008)),2022-07-30,Sábado,1.8,road running,Infantil,,,Riola,València / Valencia,Comunitat Valenciana,305-1583,305-1583-2113,XX VOLTA A PEU PEL XÚQUER - RIOLA,Cadete (2005-2008),1800
cronorunner,XX VOLTA A PEU PEL XÚQUER - RIOLA (8k),2022-07-30,Sábado,8.0,road running,Absoluta/General,125.0,427.0,Riola,València / Valencia,Comunitat Valenciana,305-1583,305-1583-1980,XX VOLTA A PEU PEL XÚQUER - RIOLA,8k,8000
cronorunner,XX VOLTA A PEU PEL XÚQUER - RIOLA (Marcha),2022-07-30,Sábado,4.5,marcha,Absoluta/General,,,Riola,València / Valencia,Comunitat Valenciana,305-1583,305-1583-2107,XX VOLTA A PEU PEL XÚQUER - RIOLA,Marcha,4500
cronorunner,XX VOLTA A PEU PEL XÚQUER - RIOLA (Benjamin (2013-2014)),2022-07-30,Sábado,0.0,road running,Infantil,,,Riola,València / Valencia,Comunitat Valenciana,305-1583,305-1583-2110,XX VOLTA A PEU PEL XÚQUER - RIOLA,Benjamin (2013-2014),0
cronorunner,XIII CARRERA ENTRE OLIVOS Y PINARES VALL DE ALMONACID (Marcha no competitiva),2022-07-30,Sábado,8.2,marcha,Absoluta/General,,,Vall de Almonacid,Castelló / Castellón,Comunitat Valenciana,336-1510,336-1510-1895,XIII CARRERA ENTRE OLIVOS Y PINARES VALL DE ALMONACID,Marcha no competitiva,8200
cronorunner,XIII CARRERA ENTRE OLIVOS Y PINARES VALL DE ALMONACID (Carrera),2022-07-30,Sábado,8.2,road running,Absoluta/General,5.0,51.0,Vall de Almonacid,Castelló / Castellón,Comunitat Valenciana,336-1510,336-1510-1894,XIII CARRERA ENTRE OLIVOS Y PINARES VALL DE ALMONACID,Carrera,8200
cronorunner,XXIV VOLTA A PEU LLAURÍ,2022-07-29,Viernes,8.0,road running,Absoluta/General,45.0,250.0,Llaurí,València / Valencia,Comunitat Valenciana,395-1559,395-1559-2106,XXIV VOLTA A PEU LLAURÍ,8km,8000
cronorunner,X 10K SENSE LÍMITS ALDAIA,2022-07-23,Sábado,10.0,road running,Absoluta/General,151.0,637.0,Aldaia,l'Horta Sud,Comunitat Valenciana,265-1569,265-1569-2121,X 10K SENSE LÍMITS ALDAIA,10k,10000
cronorunner,III 5K ARCO FOIOS,2022-07-16,Sábado,5.0,road running,Absoluta/General,138.0,387.0,Foios,l'Horta Nord,Comunitat Valenciana,534-1594,534-1594-1999,III 5K ARCO FOIOS,Carrera Absoluta,5000
cronorunner,XVIII  VOLTA A PEU JOANOT PRESÈNCIA POLINYÀ DE XÚQUER,2022-07-16,Sábado,8.0,road running,Absoluta/General,49.0,195.0,Polinyà de Xúquer,València / Valencia,Comunitat Valenciana,160-1603,160-1603-2016,XVIII  VOLTA A PEU JOANOT PRESÈNCIA POLINYÀ DE XÚQUER,8k,8000
cronorunner,I CARRERA NOCTURNA D'ALFARB,2022-07-15,Viernes,7.0,road running,Absoluta/General,57.0,191.0,Alfarb,València / Valencia,Comunitat Valenciana,615-1641,615-1641-2127,I CARRERA NOCTURNA D'ALFARB,7k,7000
cronorunner,XXX VOLTA A PEU ALBAL,2022-07-09,Sábado,10.0,road running,Absoluta/General,43.0,194.0,Albal,l'Horta Sud,Comunitat Valenciana,324-1568,324-1568-2119,XXX VOLTA A PEU ALBAL,10km,10000
cronorunner,XXXV VOLTA A PEU SOLLANA (Compra Camiseta (NO CORRO)),2022-07-09,Sábado,0.0,road running,Absoluta/General,,,Sollana,València / Valencia,Comunitat Valenciana,344-1579,344-1579-2487,XXXV VOLTA A PEU SOLLANA,Compra Camiseta (NO CORRO),0
cronorunner,XXXV VOLTA A PEU SOLLANA (Caminata),2022-07-09,Sábado,5.0,road running,Absoluta/General,,,Sollana,València / Valencia,Comunitat Valenciana,344-1579,344-1579-2114,XXXV VOLTA A PEU SOLLANA,Caminata,5000
cronorunner,XXXV VOLTA A PEU SOLLANA (8k),2022-07-09,Sábado,8.0,road running,Absoluta/General,92.0,325.0,Sollana,València / Valencia,Comunitat Valenciana,344-1579,344-1579-1985,XXXV VOLTA A PEU SOLLANA,8k,8000
cronorunner,XXXV VOLTA A PEU SOLLANA (Xupetins (2019-2021)),2022-07-09,Sábado,0.2,road running,Absoluta/General,,,Sollana,València / Valencia,Comunitat Valenciana,344-1579,344-1579-2488,XXXV VOLTA A PEU SOLLANA,Xupetins (2019-2021),200
cronorunner,XXXV VOLTA A PEU SOLLANA (Prebenjamí (2016-2018)),2022-07-09,Sábado,0.4,road running,Infantil,,,Sollana,València / Valencia,Comunitat Valenciana,344-1579,344-1579-2489,XXXV VOLTA A PEU SOLLANA,Prebenjamí (2016-2018),400
cronorunner,XXXV VOLTA A PEU SOLLANA (Benjamí (2014-2015)),2022-07-09,Sábado,0.8,road running,Infantil,,,Sollana,València / Valencia,Comunitat Valenciana,344-1579,344-1579-2490,XXXV VOLTA A PEU SOLLANA,Benjamí (2014-2015),800
cronorunner,XXXV VOLTA A PEU SOLLANA (Aleví  (2012-2013)),2022-07-09,Sábado,0.8,road running,Absoluta/General,,,Sollana,València / Valencia,Comunitat Valenciana,344-1579,344-1579-2491,XXXV VOLTA A PEU SOLLANA,Aleví  (2012-2013),800
cronorunner,XXXV VOLTA A PEU SOLLANA (Cadet (2006-2009)),2022-07-09,Sábado,2.5,road running,Infantil,,,Sollana,València / Valencia,Comunitat Valenciana,344-1579,344-1579-2493,XXXV VOLTA A PEU SOLLANA,Cadet (2006-2009),2500
cronorunner,XXXV VOLTA A PEU SOLLANA (Infantil (2010-2011)),2022-07-09,Sábado,1.6,road running,Infantil,,,Sollana,València / Valencia,Comunitat Valenciana,344-1579,344-1579-2492,XXXV VOLTA A PEU SOLLANA,Infantil (2010-2011),1600
cronorunner,XXXIV VOLTA A PEU NOCTURNA A LA POBLA DE VALLBONA,2022-07-08,Viernes,5.0,road running,Absoluta/General,84.0,196.0,la Pobla de Vallbona,València / Valencia,Comunitat Valenciana,450-1610,450-1610-2021,XXXIV VOLTA A PEU NOCTURNA A LA POBLA DE VALLBONA,5k,5000
cronorunner,XXVIII VOLTA A PEU A GUADASSUAR (QUERUBINS (2019-2022)),2022-07-07,Jueves,0.05,road running,Absoluta/General,,,Guadassuar,València / Valencia,Comunitat Valenciana,561-1620,561-1620-2133,XXVIII VOLTA A PEU A GUADASSUAR,QUERUBINS (2019-2022),50
cronorunner,XXVIII VOLTA A PEU A GUADASSUAR (JUPETINS (2017-2018)),2022-07-07,Jueves,0.1,road running,Absoluta/General,,,Guadassuar,València / Valencia,Comunitat Valenciana,561-1620,561-1620-2134,XXVIII VOLTA A PEU A GUADASSUAR,JUPETINS (2017-2018),100
cronorunner,XXVIII VOLTA A PEU A GUADASSUAR (PREBENJAMÍ (2015-2016)),2022-07-07,Jueves,0.25,road running,Infantil,,,Guadassuar,València / Valencia,Comunitat Valenciana,561-1620,561-1620-2135,XXVIII VOLTA A PEU A GUADASSUAR,PREBENJAMÍ (2015-2016),250
cronorunner,XXVIII VOLTA A PEU A GUADASSUAR (BENJAMÍ (2013-2014)),2022-07-07,Jueves,0.4,road running,Infantil,15.0,19.0,Guadassuar,València / Valencia,Comunitat Valenciana,561-1620,561-1620-2136,XXVIII VOLTA A PEU A GUADASSUAR,BENJAMÍ (2013-2014),400
cronorunner,XXVIII VOLTA A PEU A GUADASSUAR (ALEVÍ (2011-2012)),2022-07-07,Jueves,1.0,road running,Absoluta/General,11.0,7.0,Guadassuar,València / Valencia,Comunitat Valenciana,561-1620,561-1620-2137,XXVIII VOLTA A PEU A GUADASSUAR,ALEVÍ (2011-2012),1000
cronorunner,XXVIII VOLTA A PEU A GUADASSUAR (INFANTIL (2009-2010)),2022-07-07,Jueves,1.2,road running,Infantil,15.0,8.0,Guadassuar,València / Valencia,Comunitat Valenciana,561-1620,561-1620-2138,XXVIII VOLTA A PEU A GUADASSUAR,INFANTIL (2009-2010),1200
cronorunner,XXVIII VOLTA A PEU A GUADASSUAR (CADET (2007-2008)),2022-07-07,Jueves,1.2,road running,Infantil,3.0,6.0,Guadassuar,València / Valencia,Comunitat Valenciana,561-1620,561-1620-2139,XXVIII VOLTA A PEU A GUADASSUAR,CADET (2007-2008),1200
cronorunner,"XXVIII VOLTA A PEU A GUADASSUAR (8,4k)",2022-07-07,Jueves,8.4,road running,Absoluta/General,129.0,554.0,Guadassuar,València / Valencia,Comunitat Valenciana,561-1620,561-1620-2132,XXVIII VOLTA A PEU A GUADASSUAR,"8,4k",8400
cronorunner,IV CARRERA INFANTIL CAIXA RURAL TORRENT A PICANYA (CADET (2008/2007)),2022-07-06,Miércoles,1.28,road running,Infantil,,,Picanya,l'Horta Sud,Comunitat Valenciana,457-1644,457-1644-2146,IV CARRERA INFANTIL CAIXA RURAL TORRENT A PICANYA,CADET (2008/2007),1280
cronorunner,IV CARRERA INFANTIL CAIXA RURAL TORRENT A PICANYA (INFANTIL (2010/2009)),2022-07-06,Miércoles,1.08,road running,Infantil,,,Picanya,l'Horta Sud,Comunitat Valenciana,457-1644,457-1644-2145,IV CARRERA INFANTIL CAIXA RURAL TORRENT A PICANYA,INFANTIL (2010/2009),1080
cronorunner,IV CARRERA INFANTIL CAIXA RURAL TORRENT A PICANYA (ALEVÍ (2012/2011)),2022-07-06,Miércoles,0.85,road running,Infantil,,,Picanya,l'Horta Sud,Comunitat Valenciana,457-1644,457-1644-2144,IV CARRERA INFANTIL CAIXA RURAL TORRENT A PICANYA,ALEVÍ (2012/2011),850
cronorunner,IV CARRERA INFANTIL CAIXA RURAL TORRENT A PICANYA (BENJAMÍ (214/2013)),2022-07-06,Miércoles,0.54,road running,Infantil,,,Picanya,l'Horta Sud,Comunitat Valenciana,457-1644,457-1644-2143,IV CARRERA INFANTIL CAIXA RURAL TORRENT A PICANYA,BENJAMÍ (214/2013),540
cronorunner,IV CARRERA INFANTIL CAIXA RURAL TORRENT A PICANYA (PREBENJAMÍ (2106/2015)),2022-07-06,Miércoles,0.41,road running,Infantil,,,Picanya,l'Horta Sud,Comunitat Valenciana,457-1644,457-1644-2142,IV CARRERA INFANTIL CAIXA RURAL TORRENT A PICANYA,PREBENJAMÍ (2106/2015),410
cronorunner,IV CARRERA INFANTIL CAIXA RURAL TORRENT A PICANYA (QUERUBÍ (2018/2017)),2022-07-06,Miércoles,0.2,road running,Infantil,,,Picanya,l'Horta Sud,Comunitat Valenciana,457-1644,457-1644-2141,IV CARRERA INFANTIL CAIXA RURAL TORRENT A PICANYA,QUERUBÍ (2018/2017),200
cronorunner,II 6k solidaria Massalfassar,2022-07-03,Domingo,6.0,road running,Absoluta/General,101.0,257.0,Massalfassar,l'Horta Nord,Comunitat Valenciana,609-1593,609-1593-1998,II 6k solidaria Massalfassar,Carrera Absoluta,6000
cronorunner,XIII VOLTA A PEU MARENY DE BARRAQUETES,2022-07-02,Sábado,7.1,road running,Absoluta/General,75.0,287.0,Sueca,València / Valencia,Comunitat Valenciana,304-1558,304-1558-2140,XIII VOLTA A PEU MARENY DE BARRAQUETES,7km,7100
cronorunner,III 10K SOLIDARIA DE MARINES,2022-07-02,Sábado,10.0,road running,Absoluta/General,18.0,78.0,Marines,València / Valencia,Comunitat Valenciana,555-1609,555-1609-2020,III 10K SOLIDARIA DE MARINES,10k,10000
cronorunner,XXXVIII LEGUA URBANA CIUTAT DE TORRENT,2022-07-01,Viernes,5.542,road running,Absoluta/General,60.0,251.0,Torrent,l'Horta Sud,Comunitat Valenciana,266-1640,266-1640-2126,XXXVIII LEGUA URBANA CIUTAT DE TORRENT,Legua,5542
cronorunner,XXXIII VOLTA A PEU ALMUSSAFES,2022-06-25,Sábado,10.0,road running,Absoluta/General,64.0,274.0,Almussafes,València / Valencia,Comunitat Valenciana,614-1634,614-1634-2115,XXXIII VOLTA A PEU ALMUSSAFES,10k,10000
cronorunner,XVIII VOLTA A PEU NOCTURNA RIBA-ROJA DE TURIA,2022-06-24,Viernes,7.0,road running,Absoluta/General,117.0,264.0,Riba-roja de Túria,València / Valencia,Comunitat Valenciana,261-1611,261-1611-2022,XVIII VOLTA A PEU NOCTURNA RIBA-ROJA DE TURIA,7k,7000
cronorunner,VIII VOLTA A PEU A SANT JOANET,2022-06-18,Sábado,8.0,road running,Absoluta/General,68.0,260.0,Sant Joanet,València / Valencia,Comunitat Valenciana,302-1557,302-1557-2120,VIII VOLTA A PEU A SANT JOANET,8KM,8000
cronorunner,XXIII 10K CIUTAT DE BENIPARRELL,2022-06-12,Domingo,10.0,road running,Absoluta/General,87.0,371.0,Beniparrell,l'Horta Sud,Comunitat Valenciana,158-1577,158-1577-1984,XXIII 10K CIUTAT DE BENIPARRELL,10k,10000
cronorunner,XXXVI VOLTA A PEU SANT ONOFRE D'ALGEMESÍ (Prebenjamín ( 2016-2015)),2022-06-04,Sábado,0.08,road running,Infantil,,,Algemesí,València / Valencia,Comunitat Valenciana,301-1556,301-1556-2089,XXXVI VOLTA A PEU SANT ONOFRE D'ALGEMESÍ,Prebenjamín ( 2016-2015),80
cronorunner,XXXVI VOLTA A PEU SANT ONOFRE D'ALGEMESÍ (Benjamin (2013-2014)),2022-06-04,Sábado,0.5,road running,Infantil,12.0,20.0,Algemesí,València / Valencia,Comunitat Valenciana,301-1556,301-1556-2090,XXXVI VOLTA A PEU SANT ONOFRE D'ALGEMESÍ,Benjamin (2013-2014),500
cronorunner,XXXVI VOLTA A PEU SANT ONOFRE D'ALGEMESÍ (Alevin (2011-2012)),2022-06-04,Sábado,1.0,road running,Infantil,17.0,8.0,Algemesí,València / Valencia,Comunitat Valenciana,301-1556,301-1556-2091,XXXVI VOLTA A PEU SANT ONOFRE D'ALGEMESÍ,Alevin (2011-2012),1000
cronorunner,XXXVI VOLTA A PEU SANT ONOFRE D'ALGEMESÍ (Infantil (2009-2010)),2022-06-04,Sábado,1.5,road running,Infantil,7.0,6.0,Algemesí,València / Valencia,Comunitat Valenciana,301-1556,301-1556-2092,XXXVI VOLTA A PEU SANT ONOFRE D'ALGEMESÍ,Infantil (2009-2010),1500
cronorunner,XXXVI VOLTA A PEU SANT ONOFRE D'ALGEMESÍ (Cadete (2005-2008)),2022-06-04,Sábado,1.5,road running,Infantil,3.0,9.0,Algemesí,València / Valencia,Comunitat Valenciana,301-1556,301-1556-2093,XXXVI VOLTA A PEU SANT ONOFRE D'ALGEMESÍ,Cadete (2005-2008),1500
cronorunner,XXXVI VOLTA A PEU SANT ONOFRE D'ALGEMESÍ (10k),2022-06-04,Sábado,10.0,road running,Absoluta/General,68.0,382.0,Algemesí,València / Valencia,Comunitat Valenciana,301-1556,301-1556-2088,XXXVI VOLTA A PEU SANT ONOFRE D'ALGEMESÍ,10k,10000
cronorunner,IV 10k POBLA DE FARNALS (Prebenjamín (2016-2020)),2022-06-04,Sábado,0.15,road running,Infantil,,,la Pobla de Farnals,l'Horta Nord,Comunitat Valenciana,440-1591,440-1591-2094,IV 10k POBLA DE FARNALS,Prebenjamín (2016-2020),150
cronorunner,IV 10k POBLA DE FARNALS (Benjamín (2015-2014)),2022-06-04,Sábado,0.3,road running,Infantil,,,la Pobla de Farnals,l'Horta Nord,Comunitat Valenciana,440-1591,440-1591-2095,IV 10k POBLA DE FARNALS,Benjamín (2015-2014),300
cronorunner,IV 10k POBLA DE FARNALS (Alevín (2013-2012)),2022-06-04,Sábado,0.6,road running,Infantil,,,la Pobla de Farnals,l'Horta Nord,Comunitat Valenciana,440-1591,440-1591-2096,IV 10k POBLA DE FARNALS,Alevín (2013-2012),600
cronorunner,IV 10k POBLA DE FARNALS (Infantil (2011-2010)),2022-06-04,Sábado,1.0,road running,Infantil,,,la Pobla de Farnals,l'Horta Nord,Comunitat Valenciana,440-1591,440-1591-2097,IV 10k POBLA DE FARNALS,Infantil (2011-2010),1000
cronorunner,IV 10k POBLA DE FARNALS (Cadete - Junior (2009-2005)),2022-06-04,Sábado,1.5,road running,Infantil,,,la Pobla de Farnals,l'Horta Nord,Comunitat Valenciana,440-1591,440-1591-2098,IV 10k POBLA DE FARNALS,Cadete - Junior (2009-2005),1500
cronorunner,IV 10k POBLA DE FARNALS (Carrera Absoluta),2022-06-04,Sábado,10.0,road running,Absoluta/General,82.0,274.0,la Pobla de Farnals,l'Horta Nord,Comunitat Valenciana,440-1591,440-1591-1996,IV 10k POBLA DE FARNALS,Carrera Absoluta,10000
cronorunner,XVII GRAN FONS CIUTAT DE LLÍRIA (15k),2022-05-29,Domingo,15.0,road running,Absoluta/General,33.0,139.0,Llíria,València / Valencia,Comunitat Valenciana,552-1608,552-1608-2019,XVII GRAN FONS CIUTAT DE LLÍRIA,15k,15000
cronorunner,XVII GRAN FONS CIUTAT DE LLÍRIA (8km (No puntuable en el circuito)),2022-05-29,Domingo,8.0,road running,Absoluta/General,28.0,35.0,Llíria,València / Valencia,Comunitat Valenciana,552-1608,552-1608-2077,XVII GRAN FONS CIUTAT DE LLÍRIA,8km (No puntuable en el circuito),8000
cronorunner,XXIX VOLTA A PEU BENETÚSSER,2022-05-28,Sábado,10.0,road running,Absoluta/General,64.0,301.0,Benetússer,l'Horta Sud,Comunitat Valenciana,443-1567,443-1567-2049,XXIX VOLTA A PEU BENETÚSSER,10km,10000
cronorunner,I TRAIL VALLE DEL TÚRIA GESTALGAR (14k),2022-05-22,Domingo,14.0,trail running,Absoluta/General,45.0,127.0,Gestalgar,La Serranía,Comunitat Valenciana,608-1547,608-1547-1964,I TRAIL VALLE DEL TÚRIA GESTALGAR,14k,14000
cronorunner,I TRAIL VALLE DEL TÚRIA GESTALGAR (28k),2022-05-22,Domingo,28.0,trail running,Absoluta/General,17.0,69.0,Gestalgar,La Serranía,Comunitat Valenciana,608-1547,608-1547-1965,I TRAIL VALLE DEL TÚRIA GESTALGAR,28k,28000
cronorunner,I TRAIL VALLE DEL TÚRIA GESTALGAR (8K Marcha No Competitiva),2022-05-22,Domingo,8.0,trail running,Absoluta/General,,,Gestalgar,La Serranía,Comunitat Valenciana,608-1547,608-1547-2062,I TRAIL VALLE DEL TÚRIA GESTALGAR,8K Marcha No Competitiva,8000
cronorunner,IV SCHNEIDER ELECTRIC 7K MELIANA (Chupetin (2022-2017)),2022-05-21,Sábado,0.0,road running,Infantil,,,Meliana,l'Horta Nord,Comunitat Valenciana,439-1590,439-1590-2069,IV SCHNEIDER ELECTRIC 7K MELIANA,Chupetin (2022-2017),0
cronorunner,IV SCHNEIDER ELECTRIC 7K MELIANA (Prebenjamín ( 2016-2015)),2022-05-21,Sábado,0.0,road running,Infantil,,,Meliana,l'Horta Nord,Comunitat Valenciana,439-1590,439-1590-2070,IV SCHNEIDER ELECTRIC 7K MELIANA,Prebenjamín ( 2016-2015),0
cronorunner,IV SCHNEIDER ELECTRIC 7K MELIANA (Benjamin (2013-2014)),2022-05-21,Sábado,0.0,road running,Infantil,,,Meliana,l'Horta Nord,Comunitat Valenciana,439-1590,439-1590-2071,IV SCHNEIDER ELECTRIC 7K MELIANA,Benjamin (2013-2014),0
cronorunner,IV SCHNEIDER ELECTRIC 7K MELIANA (Alevin (2011-2012)),2022-05-21,Sábado,0.0,road running,Infantil,,,Meliana,l'Horta Nord,Comunitat Valenciana,439-1590,439-1590-2072,IV SCHNEIDER ELECTRIC 7K MELIANA,Alevin (2011-2012),0
cronorunner,IV SCHNEIDER ELECTRIC 7K MELIANA (Infantil (2009-2010)),2022-05-21,Sábado,0.0,road running,Infantil,,,Meliana,l'Horta Nord,Comunitat Valenciana,439-1590,439-1590-2073,IV SCHNEIDER ELECTRIC 7K MELIANA,Infantil (2009-2010),0
cronorunner,IV SCHNEIDER ELECTRIC 7K MELIANA (Cadete (2007-2008)),2022-05-21,Sábado,0.0,road running,Infantil,,,Meliana,l'Horta Nord,Comunitat Valenciana,439-1590,439-1590-2074,IV SCHNEIDER ELECTRIC 7K MELIANA,Cadete (2007-2008),0
cronorunner,IV SCHNEIDER ELECTRIC 7K MELIANA (7k),2022-05-21,Sábado,7.0,road running,Absoluta/General,197.0,500.0,Meliana,l'Horta Nord,Comunitat Valenciana,439-1590,439-1590-1995,IV SCHNEIDER ELECTRIC 7K MELIANA,7k,7000
cronorunner,XL VOLTA A PEU LLUIS VIVES (Menudets (a partir de 2016)),2022-05-20,Viernes,0.1,road running,Absoluta/General,,,Sueca,València / Valencia,Comunitat Valenciana,384-1631,384-1631-2100,XL VOLTA A PEU LLUIS VIVES,Menudets (a partir de 2016),100
cronorunner,XL VOLTA A PEU LLUIS VIVES (Prebenjamí (2014-2015)),2022-05-20,Viernes,0.3,road running,Infantil,,,Sueca,València / Valencia,Comunitat Valenciana,384-1631,384-1631-2101,XL VOLTA A PEU LLUIS VIVES,Prebenjamí (2014-2015),300
cronorunner,XL VOLTA A PEU LLUIS VIVES (Benjamí (2013 - 2012)),2022-05-20,Viernes,0.5,road running,Infantil,,,Sueca,València / Valencia,Comunitat Valenciana,384-1631,384-1631-2102,XL VOLTA A PEU LLUIS VIVES,Benjamí (2013 - 2012),500
cronorunner,XL VOLTA A PEU LLUIS VIVES (Aleví (2010-2011)),2022-05-20,Viernes,0.8,road running,Absoluta/General,,,Sueca,València / Valencia,Comunitat Valenciana,384-1631,384-1631-2103,XL VOLTA A PEU LLUIS VIVES,Aleví (2010-2011),800
cronorunner,XL VOLTA A PEU LLUIS VIVES (Infantil (2008-2009)),2022-05-20,Viernes,0.8,road running,Infantil,,,Sueca,València / Valencia,Comunitat Valenciana,384-1631,384-1631-2104,XL VOLTA A PEU LLUIS VIVES,Infantil (2008-2009),800
cronorunner,XL VOLTA A PEU LLUIS VIVES (Cadet (2006 - 2007)),2022-05-20,Viernes,1.5,road running,Infantil,,,Sueca,València / Valencia,Comunitat Valenciana,384-1631,384-1631-2105,XL VOLTA A PEU LLUIS VIVES,Cadet (2006 - 2007),1500
cronorunner,XL VOLTA A PEU LLUIS VIVES (5k),2022-05-20,Viernes,5.0,road running,Absoluta/General,,,Sueca,València / Valencia,Comunitat Valenciana,384-1631,384-1631-2099,XL VOLTA A PEU LLUIS VIVES,5k,5000
cronorunner,V 10K MANISES,2022-05-15,Domingo,10.0,road running,Absoluta/General,85.0,335.0,Manises,l'Horta Sud,Comunitat Valenciana,560-1585,560-1585-2076,V 10K MANISES,10k,10000
cronorunner,XXVI VOLTA A PEU ALBERIC (LA CARRERA DE LA MONA) (Prebenjamín ( 2019-2015)),2022-05-14,Sábado,0.1,road running,Infantil,,,Alberic,València / Valencia,Comunitat Valenciana,264-1555,264-1555-2079,XXVI VOLTA A PEU ALBERIC (LA CARRERA DE LA MONA),Prebenjamín ( 2019-2015),100
cronorunner,XXVI VOLTA A PEU ALBERIC (LA CARRERA DE LA MONA) (Benjamin (2013-2014)),2022-05-14,Sábado,0.4,road running,Infantil,23.0,35.0,Alberic,València / Valencia,Comunitat Valenciana,264-1555,264-1555-2080,XXVI VOLTA A PEU ALBERIC (LA CARRERA DE LA MONA),Benjamin (2013-2014),400
cronorunner,XXVI VOLTA A PEU ALBERIC (LA CARRERA DE LA MONA) (Alevin (2011-2012)),2022-05-14,Sábado,1.0,road running,Infantil,26.0,13.0,Alberic,València / Valencia,Comunitat Valenciana,264-1555,264-1555-2081,XXVI VOLTA A PEU ALBERIC (LA CARRERA DE LA MONA),Alevin (2011-2012),1000
cronorunner,XXVI VOLTA A PEU ALBERIC (LA CARRERA DE LA MONA) (Infantil (2009-2010)),2022-05-14,Sábado,1.5,road running,Infantil,17.0,15.0,Alberic,València / Valencia,Comunitat Valenciana,264-1555,264-1555-2082,XXVI VOLTA A PEU ALBERIC (LA CARRERA DE LA MONA),Infantil (2009-2010),1500
cronorunner,XXVI VOLTA A PEU ALBERIC (LA CARRERA DE LA MONA) (Cadete (2005-2008)),2022-05-14,Sábado,2.0,road running,Infantil,10.0,9.0,Alberic,València / Valencia,Comunitat Valenciana,264-1555,264-1555-2083,XXVI VOLTA A PEU ALBERIC (LA CARRERA DE LA MONA),Cadete (2005-2008),2000
cronorunner,XXVI VOLTA A PEU ALBERIC (LA CARRERA DE LA MONA) (8k),2022-05-14,Sábado,8.0,road running,Absoluta/General,98.0,295.0,Alberic,València / Valencia,Comunitat Valenciana,264-1555,264-1555-2078,XXVI VOLTA A PEU ALBERIC (LA CARRERA DE LA MONA),8k,8000
cronorunner,"II 10K ""Via Materal"" Ciutat de Sueca",2022-05-14,Sábado,10.0,road running,Absoluta/General,74.0,313.0,Sueca,València / Valencia,Comunitat Valenciana,569-1575,569-1575-1983,"II 10K ""Via Materal"" Ciutat de Sueca",10k,10000
cronorunner,I MUKWANO BIRA LAGUN (FILA 0 (No corro)),2022-05-14,Sábado,0.0,road running,Absoluta/General,,,Laguardia,Arabako Errioxa,Araba / Álava,613-1627,613-1627-2061,I MUKWANO BIRA LAGUN,FILA 0 (No corro),0
cronorunner,I MUKWANO BIRA LAGUN (Benjamín (8-10)),2022-05-14,Sábado,0.6,road running,Infantil,,,Laguardia,Arabako Errioxa,Araba / Álava,613-1627,613-1627-2057,I MUKWANO BIRA LAGUN,Benjamín (8-10),600
cronorunner,I MUKWANO BIRA LAGUN (Infantil (11-14)),2022-05-14,Sábado,0.9,road running,Infantil,,,Laguardia,Arabako Errioxa,Araba / Álava,613-1627,613-1627-2058,I MUKWANO BIRA LAGUN,Infantil (11-14),900
cronorunner,I MUKWANO BIRA LAGUN (Cadete-Juvenil (15-17)),2022-05-14,Sábado,3.0,road running,Infantil,,,Laguardia,Arabako Errioxa,Araba / Álava,613-1627,613-1627-2059,I MUKWANO BIRA LAGUN,Cadete-Juvenil (15-17),3000
cronorunner,I MUKWANO BIRA LAGUN (Sénior (+18)),2022-05-14,Sábado,5.0,road running,Absoluta/General,,,Laguardia,Arabako Errioxa,Araba / Álava,613-1627,613-1627-2060,I MUKWANO BIRA LAGUN,Sénior (+18),5000
cronorunner,I MUKWANO BIRA LAGUN (Pre-Benjamin (0-7)),2022-05-14,Sábado,0.3,road running,Infantil,,,Laguardia,Arabako Errioxa,Araba / Álava,613-1627,613-1627-2056,I MUKWANO BIRA LAGUN,Pre-Benjamin (0-7),300
cronorunner,V 5K EMPERADOR MEMORIAL EVA GIMENO,2022-05-08,Domingo,5.0,road running,Absoluta/General,164.0,332.0,Emperador,l'Horta Nord,Comunitat Valenciana,392-1589,392-1589-1994,V 5K EMPERADOR MEMORIAL EVA GIMENO,5k,5000
cronorunner,X VOLTA A PEU A TAVERNES BLANQUES AVAPACE (Caminata),2022-05-01,Domingo,0.0,road running,Absoluta/General,,,Tavernes Blanques,l'Horta Nord,Comunitat Valenciana,208-1619,208-1619-2086,X VOLTA A PEU A TAVERNES BLANQUES AVAPACE,Caminata,0
cronorunner,X VOLTA A PEU A TAVERNES BLANQUES AVAPACE (Absoluta),2022-05-01,Domingo,0.0,road running,Absoluta/General,84.0,178.0,Tavernes Blanques,l'Horta Nord,Comunitat Valenciana,208-1619,208-1619-2087,X VOLTA A PEU A TAVERNES BLANQUES AVAPACE,Absoluta,0
cronorunner,XXXIII VOLTA A PEU A L´ALCÚDIA (PREBENJAMÍ (2016-2015)),2022-04-30,Sábado,0.3,road running,Infantil,,,l'Alcúdia,València / Valencia,Comunitat Valenciana,206-1554,206-1554-2051,XXXIII VOLTA A PEU A L´ALCÚDIA,PREBENJAMÍ (2016-2015),300
cronorunner,XXXIII VOLTA A PEU A L´ALCÚDIA (BENJAMÍ (2013-2014)),2022-04-30,Sábado,0.6,road running,Infantil,15.0,19.0,l'Alcúdia,València / Valencia,Comunitat Valenciana,206-1554,206-1554-2052,XXXIII VOLTA A PEU A L´ALCÚDIA,BENJAMÍ (2013-2014),600
cronorunner,XXXIII VOLTA A PEU A L´ALCÚDIA (ALEVÍ (2011-2012)),2022-04-30,Sábado,1.0,road running,Absoluta/General,19.0,14.0,l'Alcúdia,València / Valencia,Comunitat Valenciana,206-1554,206-1554-2053,XXXIII VOLTA A PEU A L´ALCÚDIA,ALEVÍ (2011-2012),1000
cronorunner,XXXIII VOLTA A PEU A L´ALCÚDIA (INFANTIL (2009-2010)),2022-04-30,Sábado,2.0,road running,Infantil,7.0,10.0,l'Alcúdia,València / Valencia,Comunitat Valenciana,206-1554,206-1554-2054,XXXIII VOLTA A PEU A L´ALCÚDIA,INFANTIL (2009-2010),2000
cronorunner,XXXIII VOLTA A PEU A L´ALCÚDIA (CADET (2005-2008)),2022-04-30,Sábado,2.0,road running,Infantil,6.0,13.0,l'Alcúdia,València / Valencia,Comunitat Valenciana,206-1554,206-1554-2055,XXXIII VOLTA A PEU A L´ALCÚDIA,CADET (2005-2008),2000
cronorunner,XXXIII VOLTA A PEU A L´ALCÚDIA (10k),2022-04-30,Sábado,10.0,road running,Absoluta/General,73.0,299.0,l'Alcúdia,València / Valencia,Comunitat Valenciana,206-1554,206-1554-2050,XXXIII VOLTA A PEU A L´ALCÚDIA,10k,10000
cronorunner,XXXIV VOLTA A PEU FIBRA VALENCIA VILA D'ALAQUAS (Volteta 5k),2022-04-30,Sábado,5.0,road running,Absoluta/General,20.0,27.0,Alaquàs,l'Horta Sud,Comunitat Valenciana,323-1565,323-1565-2048,XXXIV VOLTA A PEU FIBRA VALENCIA VILA D'ALAQUAS,Volteta 5k,5000
cronorunner,XXXIV VOLTA A PEU FIBRA VALENCIA VILA D'ALAQUAS (Volta 10k),2022-04-30,Sábado,10.0,road running,Absoluta/General,38.0,166.0,Alaquàs,l'Horta Sud,Comunitat Valenciana,323-1565,323-1565-2047,XXXIV VOLTA A PEU FIBRA VALENCIA VILA D'ALAQUAS,Volta 10k,10000
cronorunner,"XI 10k ALBAL ""POR ESA SONRISA"" (Alevin (2011-2012))",2022-04-30,Sábado,0.8,road running,Infantil,,,,,,514-1584,514-1584-2040,"XI 10k ALBAL ""POR ESA SONRISA""",Alevin (2011-2012),800
cronorunner,"XI 10k ALBAL ""POR ESA SONRISA"" (Chupetín (2019-2022))",2022-04-30,Sábado,0.1,road running,Infantil,,,,,,514-1584,514-1584-2036,"XI 10k ALBAL ""POR ESA SONRISA""",Chupetín (2019-2022),100
cronorunner,"XI 10k ALBAL ""POR ESA SONRISA"" (Querubín (2017-2018))",2022-04-30,Sábado,0.1,road running,Absoluta/General,,,,,,514-1584,514-1584-2037,"XI 10k ALBAL ""POR ESA SONRISA""",Querubín (2017-2018),100
cronorunner,"XI 10k ALBAL ""POR ESA SONRISA"" (Prebenjamin (2015-2016))",2022-04-30,Sábado,0.4,road running,Infantil,,,,,,514-1584,514-1584-2038,"XI 10k ALBAL ""POR ESA SONRISA""",Prebenjamin (2015-2016),400
cronorunner,"XI 10k ALBAL ""POR ESA SONRISA"" (Benjamin (2013-2014))",2022-04-30,Sábado,0.8,road running,Infantil,,,,,,514-1584,514-1584-2039,"XI 10k ALBAL ""POR ESA SONRISA""",Benjamin (2013-2014),800
cronorunner,"XI 10k ALBAL ""POR ESA SONRISA"" (Juvenil (2005-2006))",2022-04-30,Sábado,1.2,road running,Infantil,,,,,,514-1584,514-1584-2043,"XI 10k ALBAL ""POR ESA SONRISA""",Juvenil (2005-2006),1200
cronorunner,"XI 10k ALBAL ""POR ESA SONRISA"" (Infantil (2009-2010))",2022-04-30,Sábado,1.0,road running,Infantil,,,,,,514-1584,514-1584-2041,"XI 10k ALBAL ""POR ESA SONRISA""",Infantil (2009-2010),1000
cronorunner,"XI 10k ALBAL ""POR ESA SONRISA"" (Cadete (2007-2008))",2022-04-30,Sábado,1.2,road running,Infantil,,,,,,514-1584,514-1584-2042,"XI 10k ALBAL ""POR ESA SONRISA""",Cadete (2007-2008),1200
cronorunner,"XI 10k ALBAL ""POR ESA SONRISA"" (Andarines)",2022-04-30,Sábado,0.0,road running,Absoluta/General,,,,,,514-1584,514-1584-2045,"XI 10k ALBAL ""POR ESA SONRISA""",Andarines,0
cronorunner,"XI 10k ALBAL ""POR ESA SONRISA"" (10k)",2022-04-30,Sábado,10.0,road running,Absoluta/General,84.0,281.0,,,,514-1584,514-1584-1982,"XI 10k ALBAL ""POR ESA SONRISA""",10k,10000
cronorunner,IX 7K SANT VICENT DE LLIRIA,2022-04-30,Sábado,10.0,road running,Absoluta/General,24.0,77.0,Llíria,València / Valencia,Comunitat Valenciana,445-1607,445-1607-2018,IX 7K SANT VICENT DE LLIRIA,10k,10000
cronorunner,XX VOLTA A PEU GAVARDA (Iniciació - Nanos (2015 i posteriors)),2022-04-23,Sábado,0.1,road running,Absoluta/General,,,Gavarda,València / Valencia,Comunitat Valenciana,296-1553,296-1553-2064,XX VOLTA A PEU GAVARDA,Iniciació - Nanos (2015 i posteriors),100
cronorunner,XX VOLTA A PEU GAVARDA (Benjamí (2014-2013)),2022-04-23,Sábado,0.4,road running,Infantil,6.0,19.0,Gavarda,València / Valencia,Comunitat Valenciana,296-1553,296-1553-2065,XX VOLTA A PEU GAVARDA,Benjamí (2014-2013),400
cronorunner,XX VOLTA A PEU GAVARDA (Aleví (2012-2011)),2022-04-23,Sábado,1.0,road running,Absoluta/General,20.0,8.0,Gavarda,València / Valencia,Comunitat Valenciana,296-1553,296-1553-2066,XX VOLTA A PEU GAVARDA,Aleví (2012-2011),1000
cronorunner,XX VOLTA A PEU GAVARDA (Infantil (2009-2010)),2022-04-23,Sábado,1.4,road running,Infantil,13.0,5.0,Gavarda,València / Valencia,Comunitat Valenciana,296-1553,296-1553-2067,XX VOLTA A PEU GAVARDA,Infantil (2009-2010),1400
cronorunner,XX VOLTA A PEU GAVARDA (Cadet (2008-2005)),2022-04-23,Sábado,2.0,road running,Infantil,4.0,9.0,Gavarda,València / Valencia,Comunitat Valenciana,296-1553,296-1553-2068,XX VOLTA A PEU GAVARDA,Cadet (2008-2005),2000
cronorunner,XX VOLTA A PEU GAVARDA (8km),2022-04-23,Sábado,8.05,road running,Absoluta/General,45.0,189.0,Gavarda,València / Valencia,Comunitat Valenciana,296-1553,296-1553-2063,XX VOLTA A PEU GAVARDA,8km,8050
cronorunner,XL VOLTA A PEU XIRIVELLA,2022-04-10,Domingo,7.275,road running,Absoluta/General,276.0,678.0,Xirivella,l'Horta Sud,Comunitat Valenciana,377-1566,377-1566-2044,XL VOLTA A PEU XIRIVELLA,Volta a peu,7275
cronorunner,XIV TRAIL VILLA DE AZUÉBAR (Sprintrail 14K),2022-04-10,Domingo,14.0,trail running,Absoluta/General,47.0,96.0,Azuébar,Castelló / Castellón,Comunitat Valenciana,611-1600,611-1600-2005,XIV TRAIL VILLA DE AZUÉBAR,Sprintrail 14K,14000
cronorunner,XIV TRAIL VILLA DE AZUÉBAR (Trail 24K),2022-04-10,Domingo,24.0,trail running,Absoluta/General,13.0,82.0,Azuébar,Castelló / Castellón,Comunitat Valenciana,611-1600,611-1600-2006,XIV TRAIL VILLA DE AZUÉBAR,Trail 24K,24000
cronorunner,VII 10K BENIMODO,2022-04-09,Sábado,10.0,road running,Absoluta/General,65.0,330.0,Benimodo,València / Valencia,Comunitat Valenciana,163-1552,163-1552-2046,VII 10K BENIMODO,10KM,10000
cronorunner,III 10k CIUTAT DE PICASSENT (10k),2022-04-09,Sábado,10.0,road running,Absoluta/General,119.0,438.0,Picassent,l'Horta Sud,Comunitat Valenciana,536-1573,536-1573-1981,III 10k CIUTAT DE PICASSENT,10k,10000
cronorunner,III 10k CIUTAT DE PICASSENT (Chupetines 2022-2017),2022-04-09,Sábado,0.1,road running,Infantil,,,Picassent,l'Horta Sud,Comunitat Valenciana,536-1573,536-1573-2007,III 10k CIUTAT DE PICASSENT,Chupetines 2022-2017,100
cronorunner,III 10k CIUTAT DE PICASSENT (Prebenjamin (Sub8) 2016-2015),2022-04-09,Sábado,0.4,road running,Infantil,,,Picassent,l'Horta Sud,Comunitat Valenciana,536-1573,536-1573-2008,III 10k CIUTAT DE PICASSENT,Prebenjamin (Sub8) 2016-2015,400
cronorunner,III 10k CIUTAT DE PICASSENT (Benjamin (Sub10) 2013-2014),2022-04-09,Sábado,0.6,road running,Infantil,,,Picassent,l'Horta Sud,Comunitat Valenciana,536-1573,536-1573-2009,III 10k CIUTAT DE PICASSENT,Benjamin (Sub10) 2013-2014,600
cronorunner,III 10k CIUTAT DE PICASSENT (Aleví (Sub12) 2011-2012),2022-04-09,Sábado,1.0,road running,Absoluta/General,,,Picassent,l'Horta Sud,Comunitat Valenciana,536-1573,536-1573-2010,III 10k CIUTAT DE PICASSENT,Aleví (Sub12) 2011-2012,1000
cronorunner,III 10k CIUTAT DE PICASSENT (Infantil (Sub14) 2009-2010),2022-04-09,Sábado,1.5,road running,Infantil,,,Picassent,l'Horta Sud,Comunitat Valenciana,536-1573,536-1573-2011,III 10k CIUTAT DE PICASSENT,Infantil (Sub14) 2009-2010,1500
cronorunner,III 10k CIUTAT DE PICASSENT (Cadet (Sub16) 2007-2008),2022-04-09,Sábado,1.8,road running,Infantil,,,Picassent,l'Horta Sud,Comunitat Valenciana,536-1573,536-1573-2012,III 10k CIUTAT DE PICASSENT,Cadet (Sub16) 2007-2008,1800
cronorunner,XX VOLTA A PEU CATADAU (Mini Benjamins (2018-2022)),2022-04-02,Sábado,0.09,road running,Infantil,,,Catadau,València / Valencia,Comunitat Valenciana,299-1551,299-1551-2030,XX VOLTA A PEU CATADAU,Mini Benjamins (2018-2022),90
cronorunner,XX VOLTA A PEU CATADAU (Pre Benjamins (2015-2017)),2022-04-02,Sábado,0.09,road running,Infantil,,,Catadau,València / Valencia,Comunitat Valenciana,299-1551,299-1551-2031,XX VOLTA A PEU CATADAU,Pre Benjamins (2015-2017),90
cronorunner,XX VOLTA A PEU CATADAU (Benjamin (2013-2014)),2022-04-02,Sábado,0.5,road running,Infantil,7.0,14.0,Catadau,València / Valencia,Comunitat Valenciana,299-1551,299-1551-2032,XX VOLTA A PEU CATADAU,Benjamin (2013-2014),500
cronorunner,XX VOLTA A PEU CATADAU (Alevins (2011-2012)),2022-04-02,Sábado,1.0,road running,Infantil,24.0,11.0,Catadau,València / Valencia,Comunitat Valenciana,299-1551,299-1551-2033,XX VOLTA A PEU CATADAU,Alevins (2011-2012),1000
cronorunner,XX VOLTA A PEU CATADAU (Infantils (2009-2010)),2022-04-02,Sábado,1.5,road running,Infantil,8.0,7.0,Catadau,València / Valencia,Comunitat Valenciana,299-1551,299-1551-2034,XX VOLTA A PEU CATADAU,Infantils (2009-2010),1500
cronorunner,XX VOLTA A PEU CATADAU (Cadets (2005-2008)),2022-04-02,Sábado,2.0,road running,Infantil,11.0,10.0,Catadau,València / Valencia,Comunitat Valenciana,299-1551,299-1551-2035,XX VOLTA A PEU CATADAU,Cadets (2005-2008),2000
cronorunner,XX VOLTA A PEU CATADAU (10.5 KM),2022-04-02,Sábado,10.5,road running,Absoluta/General,68.0,238.0,Catadau,València / Valencia,Comunitat Valenciana,299-1551,299-1551-2029,XX VOLTA A PEU CATADAU,10.5 KM,10500
cronorunner,XXII GRAN FONS DE PUÇOL,2022-04-02,Sábado,15.0,road running,Absoluta/General,118.0,550.0,Puçol,l'Horta Nord,Comunitat Valenciana,433-1588,433-1588-1993,XXII GRAN FONS DE PUÇOL,15k,15000
cronorunner,I CARRERA DE LES DONES ALDAIA - ALAQUÀS,2022-04-01,Viernes,5.0,road running,Absoluta/General,352.0,13.0,Aldaia,l'Horta Sud,Comunitat Valenciana,612-1601,612-1601-2013,I CARRERA DE LES DONES ALDAIA - ALAQUÀS,5k,5000
cronorunner,5K MUSEROS,2022-03-26,Sábado,5.0,road running,Absoluta/General,,,Museros,l'Horta Nord,Comunitat Valenciana,435-1582,435-1582-1979,5K MUSEROS,5K,5000
cronorunner,IV CARRERA DE LA DONA - MONTSERRAT,2022-03-13,Domingo,3.0,road running,Absoluta/General,,,Montserrat,València / Valencia,Comunitat Valenciana,576-1605,576-1605-2017,IV CARRERA DE LA DONA - MONTSERRAT,3k,3000
cronorunner,IX VOLTA A PEU A L ÉNOVA,2022-02-26,Sábado,8.0,road running,Absoluta/General,65.0,272.0,l'Énova,València / Valencia,Comunitat Valenciana,369-1549,369-1549-1972,IX VOLTA A PEU A L ÉNOVA,8km,8000
cronorunner,XVI GRAN FONS DE TURÍS MEMORIAL RAIMON SORIA (Benjamí (2014-2013)),2022-02-13,Domingo,0.6,road running,Infantil,11.0,8.0,,,,295-1548,295-1548-1968,XVI GRAN FONS DE TURÍS MEMORIAL RAIMON SORIA,Benjamí (2014-2013),600
cronorunner,XVI GRAN FONS DE TURÍS MEMORIAL RAIMON SORIA (Aleví (2012-2011)),2022-02-13,Domingo,1.0,road running,Absoluta/General,12.0,13.0,,,,295-1548,295-1548-1969,XVI GRAN FONS DE TURÍS MEMORIAL RAIMON SORIA,Aleví (2012-2011),1000
cronorunner,XVI GRAN FONS DE TURÍS MEMORIAL RAIMON SORIA (Infantil (2010-2009)),2022-02-13,Domingo,1.6,road running,Infantil,7.0,8.0,,,,295-1548,295-1548-1970,XVI GRAN FONS DE TURÍS MEMORIAL RAIMON SORIA,Infantil (2010-2009),1600
cronorunner,XVI GRAN FONS DE TURÍS MEMORIAL RAIMON SORIA (Cadet (2008-2005)),2022-02-13,Domingo,2.0,road running,Infantil,2.0,5.0,,,,295-1548,295-1548-1971,XVI GRAN FONS DE TURÍS MEMORIAL RAIMON SORIA,Cadet (2008-2005),2000
cronorunner,XVI GRAN FONS DE TURÍS MEMORIAL RAIMON SORIA (GRAN FONS (16KM)),2022-02-13,Domingo,16.0,road running,Absoluta/General,57.0,343.0,,,,295-1548,295-1548-1966,XVI GRAN FONS DE TURÍS MEMORIAL RAIMON SORIA,GRAN FONS (16KM),16000
cronorunner,"XVI GRAN FONS DE TURÍS MEMORIAL RAIMON SORIA (Cursa d Iniciació (8,7km))",2022-02-13,Domingo,8.7,road running,Absoluta/General,36.0,118.0,,,,295-1548,295-1548-1967,XVI GRAN FONS DE TURÍS MEMORIAL RAIMON SORIA,"Cursa d Iniciació (8,7km)",8700
cronorunner,XXIII MITJA MARATÓ CIUTAT D'ALZIRA,2022-01-30,Domingo,21.097,road running,Absoluta/General,109.0,631.0,,,,35-1544,35-1544-1957,XXIII MITJA MARATÓ CIUTAT D'ALZIRA,MITJA MARATÓ D’ALZIRA,21097
cronorunner,XVII TRAIL 3 PICS LES RODANES (Prueba Reina 28km),2022-01-23,Domingo,28.0,trail running,Absoluta/General,15.0,141.0,Vilamarxant,València / Valencia,Comunitat Valenciana,136-1538,136-1538-1945,XVII TRAIL 3 PICS LES RODANES,Prueba Reina 28km,28000
cronorunner,XVII TRAIL 3 PICS LES RODANES (RAPITTRAIL 14KM),2022-01-23,Domingo,14.0,trail running,Absoluta/General,119.0,339.0,Vilamarxant,València / Valencia,Comunitat Valenciana,136-1538,136-1538-1946,XVII TRAIL 3 PICS LES RODANES,RAPITTRAIL 14KM,14000
cronorunner,XVII TRAIL 3 PICS LES RODANES (Iniciació Trail 8km),2022-01-23,Domingo,8.0,trail running,Absoluta/General,111.0,85.0,Vilamarxant,València / Valencia,Comunitat Valenciana,136-1538,136-1538-1947,XVII TRAIL 3 PICS LES RODANES,Iniciació Trail 8km,8000
cronorunner,VI TRAILKIDS 3 PICS LES RODANES VILAMARXANT (Querubí (2016-2017)),2022-01-22,Sábado,0.3,trail running,Absoluta/General,,,Vilamarxant,València / Valencia,Comunitat Valenciana,449-1572,449-1572-1973,VI TRAILKIDS 3 PICS LES RODANES VILAMARXANT,Querubí (2016-2017),300
cronorunner,VI TRAILKIDS 3 PICS LES RODANES VILAMARXANT (Prebenjamín (2014-2015)),2022-01-22,Sábado,0.3,trail running,Infantil,,,Vilamarxant,València / Valencia,Comunitat Valenciana,449-1572,449-1572-1974,VI TRAILKIDS 3 PICS LES RODANES VILAMARXANT,Prebenjamín (2014-2015),300
cronorunner,VI TRAILKIDS 3 PICS LES RODANES VILAMARXANT (Benjamín (2012-2013)),2022-01-22,Sábado,0.6,trail running,Infantil,,,Vilamarxant,València / Valencia,Comunitat Valenciana,449-1572,449-1572-1975,VI TRAILKIDS 3 PICS LES RODANES VILAMARXANT,Benjamín (2012-2013),600
cronorunner,VI TRAILKIDS 3 PICS LES RODANES VILAMARXANT (Alevín (2010-2011)),2022-01-22,Sábado,1.0,trail running,Infantil,,,Vilamarxant,València / Valencia,Comunitat Valenciana,449-1572,449-1572-1976,VI TRAILKIDS 3 PICS LES RODANES VILAMARXANT,Alevín (2010-2011),1000
cronorunner,VI TRAILKIDS 3 PICS LES RODANES VILAMARXANT (Infantil (2008-2009)),2022-01-22,Sábado,15.0,trail running,Infantil,,,Vilamarxant,València / Valencia,Comunitat Valenciana,449-1572,449-1572-1977,VI TRAILKIDS 3 PICS LES RODANES VILAMARXANT,Infantil (2008-2009),15000
cronorunner,VI TRAILKIDS 3 PICS LES RODANES VILAMARXANT (Cadet (2006-2007)),2022-01-22,Sábado,2.0,trail running,Infantil,,,Vilamarxant,València / Valencia,Comunitat Valenciana,449-1572,449-1572-1978,VI TRAILKIDS 3 PICS LES RODANES VILAMARXANT,Cadet (2006-2007),2000
cronorunner,II SAN SILVESTRE VIRTUAL TORRENT,2022-01-09,Domingo,0.0,road running,Absoluta/General,19.0,19.0,,,,607-1546,607-1546-1963,II SAN SILVESTRE VIRTUAL TORRENT,II SAN SILVESTRE VIRTUAL TORRENT,0
cronorunner,XIII SANT SILVESTRE SOLIDARIA TORRENT,2021-12-28,Martes,3.45,road running,Absoluta/General,,,Torrent,l'Horta Sud,Comunitat Valenciana,548-1539,548-1539-1953,XIII SANT SILVESTRE SOLIDARIA TORRENT,San Silvestre,3450
cronorunner,I SAN SILVESTRE POPULAR PUÇOL 2022 (Pre Benjamin ( 2016-2020)),2021-12-26,Domingo,0.15,road running,Infantil,,,Puçol,l'Horta Nord,Comunitat Valenciana,606-1545,606-1545-1959,I SAN SILVESTRE POPULAR PUÇOL 2022,Pre Benjamin ( 2016-2020),150
cronorunner,I SAN SILVESTRE POPULAR PUÇOL 2022 (Benjamín (2015-2014)),2021-12-26,Domingo,0.6,road running,Infantil,,,Puçol,l'Horta Nord,Comunitat Valenciana,606-1545,606-1545-1960,I SAN SILVESTRE POPULAR PUÇOL 2022,Benjamín (2015-2014),600
cronorunner,I SAN SILVESTRE POPULAR PUÇOL 2022 (Alevín (2013-2012)),2021-12-26,Domingo,0.6,road running,Infantil,,,Puçol,l'Horta Nord,Comunitat Valenciana,606-1545,606-1545-1961,I SAN SILVESTRE POPULAR PUÇOL 2022,Alevín (2013-2012),600
cronorunner,I SAN SILVESTRE POPULAR PUÇOL 2022 (Infantil (2011-2010)),2021-12-26,Domingo,1.0,road running,Infantil,,,Puçol,l'Horta Nord,Comunitat Valenciana,606-1545,606-1545-1962,I SAN SILVESTRE POPULAR PUÇOL 2022,Infantil (2011-2010),1000
cronorunner,I SAN SILVESTRE POPULAR PUÇOL 2022 (Carrera Absoluta (3km)),2021-12-26,Domingo,3.0,road running,Absoluta/General,79.0,113.0,Puçol,l'Horta Nord,Comunitat Valenciana,606-1545,606-1545-1958,I SAN SILVESTRE POPULAR PUÇOL 2022,Carrera Absoluta (3km),3000
cronorunner,XXXIX VOLTA A PEU XIRIVELLA,2021-12-19,Domingo,4.28,road running,Absoluta/General,,,Xirivella,l'Horta Sud,Comunitat Valenciana,377-1537,377-1537-1943,XXXIX VOLTA A PEU XIRIVELLA,VOLTA A PEU CIUTAT DE XIRIVELLA I 1RA SAN SILVESTRE,4280
cronorunner,VIII 10K Arco Foios per la Fibrosi Quistica,2021-12-19,Domingo,10.0,road running,Absoluta/General,204.0,489.0,Foios,l'Horta Nord,Comunitat Valenciana,468-1528,468-1528-1928,VIII 10K Arco Foios per la Fibrosi Quistica,10k,10000
cronorunner,II SANT SILVESTRE SOLIDARIA D'ALZIRA,2021-12-19,Domingo,5.0,road running,Absoluta/General,182.0,223.0,Alzira,València / Valencia,Comunitat Valenciana,564-1531,564-1531-1934,II SANT SILVESTRE SOLIDARIA D'ALZIRA,5k,5000
cronorunner,XIX CURSA DE NADAL BÉTERA (Xupetins (2017-2018)),2021-12-18,Sábado,0.1,road running,Absoluta/General,,,,,,361-1535,361-1535-1936,XIX CURSA DE NADAL BÉTERA,Xupetins (2017-2018),100
cronorunner,XIX CURSA DE NADAL BÉTERA (Pre Benjamin ( 2015-2016)),2021-12-18,Sábado,0.2,road running,Infantil,,,,,,361-1535,361-1535-1937,XIX CURSA DE NADAL BÉTERA,Pre Benjamin ( 2015-2016),200
cronorunner,XIX CURSA DE NADAL BÉTERA (Benjamin (2013-2014)),2021-12-18,Sábado,0.4,road running,Infantil,,,,,,361-1535,361-1535-1938,XIX CURSA DE NADAL BÉTERA,Benjamin (2013-2014),400
cronorunner,XIX CURSA DE NADAL BÉTERA (Alevins (2011-2012)),2021-12-18,Sábado,0.8,road running,Infantil,,,,,,361-1535,361-1535-1939,XIX CURSA DE NADAL BÉTERA,Alevins (2011-2012),800
cronorunner,XIX CURSA DE NADAL BÉTERA (Infantil (2009-2010)),2021-12-18,Sábado,1.2,road running,Infantil,,,,,,361-1535,361-1535-1940,XIX CURSA DE NADAL BÉTERA,Infantil (2009-2010),1200
cronorunner,XIX CURSA DE NADAL BÉTERA (Cadets (2007-2008)),2021-12-18,Sábado,1.6,road running,Infantil,,,,,,361-1535,361-1535-1942,XIX CURSA DE NADAL BÉTERA,Cadets (2007-2008),1600
cronorunner,XIX CURSA DE NADAL BÉTERA (5 QM),2021-12-18,Sábado,5.0,road running,Absoluta/General,42.0,92.0,,,,361-1535,361-1535-1935,XIX CURSA DE NADAL BÉTERA,5 QM,5000
cronorunner,VI SAN SILVESTRE SOLIDARIA POBLA DE FARNALS (Prebenjamín (2020-2016)),2021-12-11,Sábado,0.0,road running,Infantil,,,la Pobla de Farnals,l'Horta Nord,Comunitat Valenciana,421-1534,421-1534-1948,VI SAN SILVESTRE SOLIDARIA POBLA DE FARNALS,Prebenjamín (2020-2016),0
cronorunner,VI SAN SILVESTRE SOLIDARIA POBLA DE FARNALS (Benjamín (2015-2014)),2021-12-11,Sábado,0.0,road running,Infantil,,,la Pobla de Farnals,l'Horta Nord,Comunitat Valenciana,421-1534,421-1534-1949,VI SAN SILVESTRE SOLIDARIA POBLA DE FARNALS,Benjamín (2015-2014),0
cronorunner,VI SAN SILVESTRE SOLIDARIA POBLA DE FARNALS (Alevín (2013-2012)),2021-12-11,Sábado,0.0,road running,Infantil,,,la Pobla de Farnals,l'Horta Nord,Comunitat Valenciana,421-1534,421-1534-1950,VI SAN SILVESTRE SOLIDARIA POBLA DE FARNALS,Alevín (2013-2012),0
cronorunner,VI SAN SILVESTRE SOLIDARIA POBLA DE FARNALS (Infantil (2011-2010)),2021-12-11,Sábado,0.0,road running,Infantil,,,la Pobla de Farnals,l'Horta Nord,Comunitat Valenciana,421-1534,421-1534-1951,VI SAN SILVESTRE SOLIDARIA POBLA DE FARNALS,Infantil (2011-2010),0
cronorunner,VI SAN SILVESTRE SOLIDARIA POBLA DE FARNALS (Cadet-Juvenil (2009-2005)),2021-12-11,Sábado,0.0,road running,Infantil,,,la Pobla de Farnals,l'Horta Nord,Comunitat Valenciana,421-1534,421-1534-1952,VI SAN SILVESTRE SOLIDARIA POBLA DE FARNALS,Cadet-Juvenil (2009-2005),0
cronorunner,VI SAN SILVESTRE SOLIDARIA POBLA DE FARNALS (5k),2021-12-11,Sábado,5.0,road running,Absoluta/General,71.0,171.0,la Pobla de Farnals,l'Horta Nord,Comunitat Valenciana,421-1534,421-1534-1944,VI SAN SILVESTRE SOLIDARIA POBLA DE FARNALS,5k,5000
cronorunner,VI 10k y 5K DINOSAURIS MONCADA (10K),2021-11-28,Domingo,10.0,road running,Absoluta/General,108.0,290.0,Montcada / Moncada,l'Horta Nord,Comunitat Valenciana,351-1520,351-1520-1908,VI 10k y 5K DINOSAURIS MONCADA,10K,10000
cronorunner,VI 10k y 5K DINOSAURIS MONCADA (5K),2021-11-28,Domingo,5.0,road running,Absoluta/General,104.0,132.0,Montcada / Moncada,l'Horta Nord,Comunitat Valenciana,351-1520,351-1520-1909,VI 10k y 5K DINOSAURIS MONCADA,5K,5000
cronorunner,III GRAN FONS I CARRERA TRENCANT BARRERES PER LA SALUT MENTAL DE SUECA (Gran Fons (15km)),2021-11-28,Domingo,15.0,road running,Absoluta/General,22.0,109.0,Sueca,València / Valencia,Comunitat Valenciana,565-1524,565-1524-1914,III GRAN FONS I CARRERA TRENCANT BARRERES PER LA SALUT MENTAL DE SUECA,Gran Fons (15km),15000
cronorunner,"III GRAN FONS I CARRERA TRENCANT BARRERES PER LA SALUT MENTAL DE SUECA (Carrera Corta (8,5km))",2021-11-28,Domingo,8.5,road running,Absoluta/General,66.0,89.0,Sueca,València / Valencia,Comunitat Valenciana,565-1524,565-1524-1915,III GRAN FONS I CARRERA TRENCANT BARRERES PER LA SALUT MENTAL DE SUECA,"Carrera Corta (8,5km)",8500
cronorunner,XXXVII VOLTA A PEU A CULLERA,2021-11-21,Domingo,14.0,road running,Absoluta/General,72.0,267.0,Cullera,València / Valencia,Comunitat Valenciana,462-1527,462-1527-1927,XXXVII VOLTA A PEU A CULLERA,14km,14000
cronorunner,XXXVIII MEDIO MARATÓN NAVAJAS (Media Maratón),2021-11-14,Domingo,21.0,road running,Absoluta/General,6.0,45.0,Navajas,Castelló / Castellón,Comunitat Valenciana,602-1523,602-1523-1912,XXXVIII MEDIO MARATÓN NAVAJAS,Media Maratón,21000
cronorunner,XXXVIII MEDIO MARATÓN NAVAJAS (Trail),2021-11-14,Domingo,15.0,trail running,Absoluta/General,74.0,236.0,Navajas,Castelló / Castellón,Comunitat Valenciana,602-1523,602-1523-1913,XXXVIII MEDIO MARATÓN NAVAJAS,Trail,15000
cronorunner,XXXIV VOLTA A PEU SOLLANA (10km),2021-11-14,Domingo,10.0,road running,Absoluta/General,53.0,310.0,Sollana,València / Valencia,Comunitat Valenciana,344-1529,344-1529-1929,XXXIV VOLTA A PEU SOLLANA,10km,10000
cronorunner,XXXIV VOLTA A PEU SOLLANA (Marcha 5km),2021-11-14,Domingo,5.0,marcha,Absoluta/General,,,Sollana,València / Valencia,Comunitat Valenciana,344-1529,344-1529-1930,XXXIV VOLTA A PEU SOLLANA,Marcha 5km,5000
cronorunner,MONTANEJOS TRAIL (55k),2021-11-06,Sábado,55.0,trail running,Absoluta/General,23.0,133.0,Montanejos,Castelló / Castellón,Comunitat Valenciana,572-1493,572-1493-1864,MONTANEJOS TRAIL,55k,55000
cronorunner,MONTANEJOS TRAIL (15k),2021-11-06,Sábado,15.0,trail running,Absoluta/General,165.0,327.0,Montanejos,Castelló / Castellón,Comunitat Valenciana,572-1493,572-1493-1862,MONTANEJOS TRAIL,15k,15000
cronorunner,MONTANEJOS TRAIL (30k),2021-11-06,Sábado,30.0,trail running,Absoluta/General,59.0,304.0,Montanejos,Castelló / Castellón,Comunitat Valenciana,572-1493,572-1493-1863,MONTANEJOS TRAIL,30k,30000
cronorunner,I 10K OLIVA NOVA,2021-10-31,Domingo,0.0,road running,Absoluta/General,208.0,552.0,Oliva,València / Valencia,Comunitat Valenciana,598-1517,598-1517-1903,I 10K OLIVA NOVA,10K,0
cronorunner,VII 10k y la VII Caminata de la Miel (III CAMINATA),2021-10-30,Sábado,5.0,road running,Absoluta/General,,,Montroi / Montroy,València / Valencia,Comunitat Valenciana,409-1519,409-1519-1907,VII 10k y la VII Caminata de la Miel,III CAMINATA,5000
cronorunner,VII 10k y la VII Caminata de la Miel (10K),2021-10-30,Sábado,10.0,road running,Absoluta/General,30.0,121.0,Montroi / Montroy,València / Valencia,Comunitat Valenciana,409-1519,409-1519-1906,VII 10k y la VII Caminata de la Miel,10K,10000
cronorunner,"TRAIL BATALLA DE TERUEL, CEDRILLAS (15K)",2021-10-17,Domingo,15.0,trail running,Absoluta/General,17.0,45.0,Cedrillas,Comunidad de Teruel,Aragón,603-1525,603-1525-1916,"TRAIL BATALLA DE TERUEL, CEDRILLAS",15K,15000
cronorunner,"TRAIL BATALLA DE TERUEL, CEDRILLAS (28K)",2021-10-17,Domingo,28.0,trail running,Absoluta/General,3.0,26.0,Cedrillas,Comunidad de Teruel,Aragón,603-1525,603-1525-1917,"TRAIL BATALLA DE TERUEL, CEDRILLAS",28K,28000
cronorunner,"TRAIL BATALLA DE TERUEL, CEDRILLAS (15K Andarin)",2021-10-17,Domingo,15.0,trail running,Absoluta/General,,,Cedrillas,Comunidad de Teruel,Aragón,603-1525,603-1525-1918,"TRAIL BATALLA DE TERUEL, CEDRILLAS",15K Andarin,15000
cronorunner,VII 5K ALBALAT DELS SORELLS,2021-10-16,Sábado,5.0,road running,Absoluta/General,96.0,249.0,Albalat dels Sorells,l'Horta Nord,Comunitat Valenciana,597-1515,597-1515-1901,VII 5K ALBALAT DELS SORELLS,5k,5000
cronorunner,XLI VOLTA A PEU CARCAIXENT,2021-10-10,Domingo,10.0,road running,Absoluta/General,112.0,458.0,Carcaixent,València / Valencia,Comunitat Valenciana,494-1513,494-1513-1899,XLI VOLTA A PEU CARCAIXENT,10k,10000
cronorunner,XXXI VOLTA A PEU VILAMARXANT (Carrera absoluta),2021-10-09,Sábado,10.0,road running,Absoluta/General,18.0,68.0,Vilamarxant,València / Valencia,Comunitat Valenciana,275-1526,275-1526-1919,XXXI VOLTA A PEU VILAMARXANT,Carrera absoluta,10000
cronorunner,XXXI VOLTA A PEU VILAMARXANT (Juvenil (2004-2005)),2021-10-09,Sábado,5.0,road running,Infantil,,,Vilamarxant,València / Valencia,Comunitat Valenciana,275-1526,275-1526-1926,XXXI VOLTA A PEU VILAMARXANT,Juvenil (2004-2005),5000
cronorunner,XXXI VOLTA A PEU VILAMARXANT (Cadet (2006-2007)),2021-10-09,Sábado,2.35,road running,Infantil,,,Vilamarxant,València / Valencia,Comunitat Valenciana,275-1526,275-1526-1925,XXXI VOLTA A PEU VILAMARXANT,Cadet (2006-2007),2350
cronorunner,XXXI VOLTA A PEU VILAMARXANT (Infantil (2008-2009)),2021-10-09,Sábado,1.2,road running,Infantil,,,Vilamarxant,València / Valencia,Comunitat Valenciana,275-1526,275-1526-1924,XXXI VOLTA A PEU VILAMARXANT,Infantil (2008-2009),1200
cronorunner,XXXI VOLTA A PEU VILAMARXANT (Alevín (2010-2011)),2021-10-09,Sábado,0.6,road running,Infantil,,,Vilamarxant,València / Valencia,Comunitat Valenciana,275-1526,275-1526-1923,XXXI VOLTA A PEU VILAMARXANT,Alevín (2010-2011),600
cronorunner,XXXI VOLTA A PEU VILAMARXANT (Benjamin (2012-2013)),2021-10-09,Sábado,0.43,road running,Infantil,,,Vilamarxant,València / Valencia,Comunitat Valenciana,275-1526,275-1526-1922,XXXI VOLTA A PEU VILAMARXANT,Benjamin (2012-2013),430
cronorunner,XXXI VOLTA A PEU VILAMARXANT (Pre Benjamin ( 2014-2015)),2021-10-09,Sábado,0.25,road running,Infantil,,,Vilamarxant,València / Valencia,Comunitat Valenciana,275-1526,275-1526-1921,XXXI VOLTA A PEU VILAMARXANT,Pre Benjamin ( 2014-2015),250
cronorunner,XXXI VOLTA A PEU VILAMARXANT (Menudets (2016 y posteriores)),2021-10-09,Sábado,0.1,road running,Absoluta/General,,,Vilamarxant,València / Valencia,Comunitat Valenciana,275-1526,275-1526-1920,XXXI VOLTA A PEU VILAMARXANT,Menudets (2016 y posteriores),100
cronorunner,DOS AGUAS TRAIL (Sprintrail (11K)),2021-10-03,Domingo,11.0,trail running,Absoluta/General,54.0,111.0,Dos Aguas,València / Valencia,Comunitat Valenciana,568-1367,568-1367-1679,DOS AGUAS TRAIL,Sprintrail (11K),11000
cronorunner,DOS AGUAS TRAIL (Trail (21K)),2021-10-03,Domingo,21.0,trail running,Absoluta/General,15.0,97.0,Dos Aguas,València / Valencia,Comunitat Valenciana,568-1367,568-1367-1680,DOS AGUAS TRAIL,Trail (21K),21000
cronorunner,IV PICATRAIL (Trail 15k),2021-09-26,Domingo,15.0,trail running,Absoluta/General,69.0,371.0,Picassent,l'Horta Sud,Comunitat Valenciana,535-1509,535-1509-1892,IV PICATRAIL,Trail 15k,15000
cronorunner,IV PICATRAIL (Marcha no competitiva 9k),2021-09-26,Domingo,9.0,trail running,Absoluta/General,,,Picassent,l'Horta Sud,Comunitat Valenciana,535-1509,535-1509-1893,IV PICATRAIL,Marcha no competitiva 9k,9000
cronorunner,XXVIII VOLTA A PEU CIUTAT DE CARLET,2021-09-25,Sábado,10.0,road running,Absoluta/General,71.0,354.0,Carlet,València / Valencia,Comunitat Valenciana,308-1410,308-1410-1756,XXVIII VOLTA A PEU CIUTAT DE CARLET,Carrera Absoluta,10000
cronorunner,MARCHA VIRTUAL TORRENT,2021-09-22,Miércoles,6.0,marcha,Absoluta/General,,,Torrent,l'Horta Sud,Comunitat Valenciana,601-1522,601-1522-1911,MARCHA VIRTUAL TORRENT,MARCHA VIRTUAL TORRENT,6000
cronorunner,XXXVI VOLTA A PEU SANT ONOFRE D'ALGEMESÍ,2021-09-18,Sábado,10.0,road running,Absoluta/General,69.0,413.0,Algemesí,València / Valencia,Comunitat Valenciana,301-1512,301-1512-1898,XXXVI VOLTA A PEU SANT ONOFRE D'ALGEMESÍ,10k,10000
cronorunner,RUTA EN BICI TORRENT,2021-09-18,Sábado,2.8,road running,Absoluta/General,,,Torrent,l'Horta Sud,Comunitat Valenciana,600-1521,600-1521-1910,RUTA EN BICI TORRENT,RUTA EN BICI,2800
cronorunner,XXXIX VOLTA A PEU EL PUIG,2021-09-11,Sábado,7.8,road running,Absoluta/General,38.0,187.0,el Puig de Santa Maria,l'Horta Nord,Comunitat Valenciana,432-1516,432-1516-1902,XXXIX VOLTA A PEU EL PUIG,"7,8k",7800
cronorunner,XII SUBIDA A LOS MOLINOS DE ALCUBLAS,2021-08-21,Sábado,8.2,road running,Absoluta/General,30.0,114.0,Alcublas,La Serranía,Comunitat Valenciana,596-1514,596-1514-1900,XII SUBIDA A LOS MOLINOS DE ALCUBLAS,"8,2k",8200
cronorunner,XXXVIII VUELTA A PIE  VILLAR DEL ARZOBISPO,2021-08-14,Sábado,8.0,road running,Absoluta/General,19.0,120.0,Villar del Arzobispo,La Serranía,Comunitat Valenciana,343-1511,343-1511-1896,XXXVIII VUELTA A PIE  VILLAR DEL ARZOBISPO,8k,8000
cronorunner,VI 10K MONTSERRAT,2021-08-06,Viernes,10.0,road running,Absoluta/General,49.0,262.0,Montserrat,València / Valencia,Comunitat Valenciana,347-1407,347-1407-1753,VI 10K MONTSERRAT,Carrera Absoluta,10000
cronorunner,III Repte Virtual Burriac ATAC,2021-07-30,Viernes,22.0,road running,Absoluta/General,,,Vilassar de Mar,Maresme,Catalunya,593-1507,593-1507-1883,III Repte Virtual Burriac ATAC,Repte juliol,22000
cronorunner,V TRAIL BRONCHALES (43K),2021-07-04,Domingo,43.0,trail running,Absoluta/General,26.0,193.0,Bronchales,Sierra de Albarracín,Aragón,363-1491,363-1491-1860,V TRAIL BRONCHALES,43K,43000
cronorunner,V TRAIL BRONCHALES (22K RUNNING),2021-07-04,Domingo,22.0,trail running,Absoluta/General,47.0,145.0,Bronchales,Sierra de Albarracín,Aragón,363-1491,363-1491-1858,V TRAIL BRONCHALES,22K RUNNING,22000
cronorunner,V TRAIL BRONCHALES (25K),2021-07-04,Domingo,25.0,trail running,Absoluta/General,76.0,372.0,Bronchales,Sierra de Albarracín,Aragón,363-1491,363-1491-1859,V TRAIL BRONCHALES,25K,25000
cronorunner,V TRAIL BRONCHALES (13K),2021-07-04,Domingo,13.0,trail running,Absoluta/General,178.0,306.0,Bronchales,Sierra de Albarracín,Aragón,363-1491,363-1491-1857,V TRAIL BRONCHALES,13K,13000
cronorunner,XVII VOLTA A PEU NOCTURNA RIBA-ROJA DE TURIA,2021-07-02,Viernes,7.0,road running,Absoluta/General,186.0,468.0,Riba-roja de Túria,València / Valencia,Comunitat Valenciana,261-1454,261-1454-1762,XVII VOLTA A PEU NOCTURNA RIBA-ROJA DE TURIA,Carrera Absoluta,7000
cronorunner,XXVII VOLTA A PEU A GUADASSUAR (Jupetins (2016/2017)),2021-07-01,Jueves,0.1,road running,Absoluta/General,,,Guadassuar,València / Valencia,Comunitat Valenciana,561-1434,561-1434-1886,XXVII VOLTA A PEU A GUADASSUAR,Jupetins (2016/2017),100
cronorunner,XXVII VOLTA A PEU A GUADASSUAR (Prebenjamins (2014/2015)),2021-07-01,Jueves,0.25,road running,Infantil,,,Guadassuar,València / Valencia,Comunitat Valenciana,561-1434,561-1434-1887,XXVII VOLTA A PEU A GUADASSUAR,Prebenjamins (2014/2015),250
cronorunner,XXVII VOLTA A PEU A GUADASSUAR (Benjamins (2012/2013)),2021-07-01,Jueves,0.4,road running,Infantil,0.0,16.0,Guadassuar,València / Valencia,Comunitat Valenciana,561-1434,561-1434-1888,XXVII VOLTA A PEU A GUADASSUAR,Benjamins (2012/2013),400
cronorunner,XXVII VOLTA A PEU A GUADASSUAR (Alevins (2010/2011)),2021-07-01,Jueves,0.8,road running,Infantil,23.0,28.0,Guadassuar,València / Valencia,Comunitat Valenciana,561-1434,561-1434-1889,XXVII VOLTA A PEU A GUADASSUAR,Alevins (2010/2011),800
cronorunner,XXVII VOLTA A PEU A GUADASSUAR (Infantils (2008/2009)),2021-07-01,Jueves,1.2,road running,Infantil,15.0,18.0,Guadassuar,València / Valencia,Comunitat Valenciana,561-1434,561-1434-1890,XXVII VOLTA A PEU A GUADASSUAR,Infantils (2008/2009),1200
cronorunner,XXVII VOLTA A PEU A GUADASSUAR (Cadets (2006/2007)),2021-07-01,Jueves,1.2,road running,Infantil,8.0,8.0,Guadassuar,València / Valencia,Comunitat Valenciana,561-1434,561-1434-1891,XXVII VOLTA A PEU A GUADASSUAR,Cadets (2006/2007),1200
cronorunner,XXVII VOLTA A PEU A GUADASSUAR (8800m),2021-07-01,Jueves,8.0,road running,Absoluta/General,187.0,648.0,Guadassuar,València / Valencia,Comunitat Valenciana,561-1434,561-1434-1884,XXVII VOLTA A PEU A GUADASSUAR,8800m,8000
cronorunner,II Repte Virtual Burriac ATAC,2021-06-30,Miércoles,17.0,road running,Absoluta/General,3.0,4.0,Vilassar de Mar,Maresme,Catalunya,593-1506,593-1506-1882,II Repte Virtual Burriac ATAC,Repte juny,17000
cronorunner,II VOLTA VIRTUAL ALMUSSAFES,2021-06-18,Viernes,10.0,road running,Absoluta/General,13.0,19.0,Almussafes,València / Valencia,Comunitat Valenciana,595-1508,595-1508-1885,II VOLTA VIRTUAL ALMUSSAFES,10k Virtual,10000
cronorunner,XXIII 10K CIUTAT DE BENIPARRELL,2021-06-12,Sábado,10.0,road running,Absoluta/General,161.0,661.0,Onda,la Plana Baixa,Comunitat Valenciana,158-1504,158-1504-1878,XXIII 10K CIUTAT DE BENIPARRELL,10K,10000
cronorunner,I MARXA CICLOTURISTA CIUTAT DE BENICARLÓ,2021-06-12,Sábado,156.0,Ciclismo y btt,Absoluta/General,,,Benicarló,el Baix Maestrat,Comunitat Valenciana,594-1505,594-1505-1880,I MARXA CICLOTURISTA CIUTAT DE BENICARLÓ,MARCHA CICLOTURISTA BENICARLÓ,156000
cronorunner,I Repte Virtual Burriac ATAC,2021-05-31,Lunes,13.6,road running,Absoluta/General,9.0,17.0,Vilassar de Mar,Maresme,Catalunya,593-1503,593-1503-1879,I Repte Virtual Burriac ATAC,Repte Maig,13600
cronorunner,I CARRERA VIRTUAL SALESIANAS (6k),2021-04-16,Viernes,6.0,road running,Absoluta/General,11.0,11.0,València,Comarca de València,Comunitat Valenciana,592-1502,592-1502-1875,I CARRERA VIRTUAL SALESIANAS,6k,6000
cronorunner,I CARRERA VIRTUAL SALESIANAS (3k),2021-04-16,Viernes,3.0,road running,Absoluta/General,13.0,13.0,València,Comarca de València,Comunitat Valenciana,592-1502,592-1502-1876,I CARRERA VIRTUAL SALESIANAS,3k,3000
cronorunner,I CARRERA VIRTUAL SALESIANAS (FILA 0),2021-04-16,Viernes,0.0,road running,Absoluta/General,,,València,Comarca de València,Comunitat Valenciana,592-1502,592-1502-1877,I CARRERA VIRTUAL SALESIANAS,FILA 0,0
cronorunner,15K Circuito Virtual Running Horta Sud Caixa Popular,2021-03-28,Domingo,15.0,road running,Absoluta/General,20.0,53.0,Alaquàs,l'Horta Sud,Comunitat Valenciana,589-1497,589-1497-1868,15K Circuito Virtual Running Horta Sud Caixa Popular,15K,15000
cronorunner,10K Circuito Virtual Running Horta Sud Caixa Popular,2021-02-15,Lunes,10.0,road running,Absoluta/General,25.0,59.0,Alaquàs,l'Horta Sud,Comunitat Valenciana,589-1496,589-1496-1867,10K Circuito Virtual Running Horta Sud Caixa Popular,10K,10000
cronorunner,7K Circuito Virtual Running Horta Sud Caixa Popular,2021-02-14,Domingo,7.0,road running,Absoluta/General,25.0,70.0,Alaquàs,l'Horta Sud,Comunitat Valenciana,589-1495,589-1495-1866,7K Circuito Virtual Running Horta Sud Caixa Popular,7K,7000
cronorunner,I CARRERA SOLIDARIA L'EMPALME-AVAPACE,2021-01-22,Viernes,5.0,road running,Absoluta/General,4.0,7.0,Burjassot,l'Horta Nord,Comunitat Valenciana,591-1501,591-1501-1874,I CARRERA SOLIDARIA L'EMPALME-AVAPACE,Carrera  solidaria,5000
cronorunner,5K Circuito Virtual Running Horta Sud Caixa Popular,2021-01-04,Lunes,5.0,road running,Absoluta/General,27.0,67.0,Alaquàs,l'Horta Sud,Comunitat Valenciana,589-1494,589-1494-1865,5K Circuito Virtual Running Horta Sud Caixa Popular,5K,5000
cronorunner,I SAN SILVESTRE VIRTUAL SOLIDARIA DE ALDAIA (3k Lúdica),2021-01-04,Lunes,3.0,road running,Absoluta/General,,,Aldaia,l'Horta Sud,Comunitat Valenciana,590-1498,590-1498-1869,I SAN SILVESTRE VIRTUAL SOLIDARIA DE ALDAIA,3k Lúdica,3000
cronorunner,I SAN SILVESTRE VIRTUAL SOLIDARIA DE ALDAIA (7k Competitiva),2021-01-04,Lunes,7.0,road running,Absoluta/General,3.0,13.0,Aldaia,l'Horta Sud,Comunitat Valenciana,590-1498,590-1498-1870,I SAN SILVESTRE VIRTUAL SOLIDARIA DE ALDAIA,7k Competitiva,7000
cronorunner,VII 10K Arco Foios per la Fibrosi Quistica,2020-12-31,Jueves,0.0,road running,Absoluta/General,,,Foios,l'Horta Nord,Comunitat Valenciana,468-1433,468-1433-1872,VII 10K Arco Foios per la Fibrosi Quistica,Cursa per la FQ,0
cronorunner,XII SANT SILVESTRE SOLIDARIA TORRENT,2020-12-27,Domingo,1.5,road running,Absoluta/General,9.0,19.0,Torrent,l'Horta Sud,Comunitat Valenciana,548-1499,548-1499-1871,XII SANT SILVESTRE SOLIDARIA TORRENT,1.5km,1500
cronorunner,I GRAN FONS VIRTUAL PER PER LA SALUT MENTAL (Gran Fons 15k),2020-11-28,Sábado,15.0,road running,Absoluta/General,5.0,17.0,Sueca,València / Valencia,Comunitat Valenciana,587-1490,587-1490-1855,I GRAN FONS VIRTUAL PER PER LA SALUT MENTAL,Gran Fons 15k,15000
cronorunner,I GRAN FONS VIRTUAL PER PER LA SALUT MENTAL (8k),2020-11-28,Sábado,8.0,road running,Absoluta/General,21.0,39.0,Sueca,València / Valencia,Comunitat Valenciana,587-1490,587-1490-1856,I GRAN FONS VIRTUAL PER PER LA SALUT MENTAL,8k,8000
cronorunner,I Carrera y marcha virtual Una victima un minuto,2020-11-28,Sábado,0.0,marcha,Absoluta/General,,,la Pobla de Farnals,l'Horta Nord,Comunitat Valenciana,588-1492,588-1492-1861,I Carrera y marcha virtual Una victima un minuto,1 victima 1 minuto,0
cronorunner,I 10K VIRTUAL LA RODANA,2020-10-12,Lunes,10.0,road running,Absoluta/General,10.0,39.0,Vilamarxant,València / Valencia,Comunitat Valenciana,586-1489,586-1489-1854,I 10K VIRTUAL LA RODANA,10k,10000
cronorunner,I VIRTUAL RUNNING CAMINO DE SANTIAGO,2020-07-26,Domingo,10.0,road running,Absoluta/General,25.0,115.0,Vilanova,A Mariña Central,Galicia,585-1488,585-1488-1853,I VIRTUAL RUNNING CAMINO DE SANTIAGO,10k,10000
cronorunner,I Virtual Running Trail (20K),2020-06-21,Domingo,20.0,trail running,Absoluta/General,0.0,8.0,Madrid,,Comunidad de Madrid,583-1486,583-1486-1846,I Virtual Running Trail,20K,20000
cronorunner,I Virtual Running Trail (10K),2020-06-21,Domingo,10.0,trail running,Absoluta/General,9.0,43.0,Madrid,,Comunidad de Madrid,583-1486,583-1486-1847,I Virtual Running Trail,10K,10000
cronorunner,I Corremos x Puertollano (FILA 0 (COLABORACIÓN SIN COMPETIR)),2020-06-13,Sábado,0.0,road running,Absoluta/General,,,Puertollano,,Ciudad Real,584-1487,584-1487-1850,I Corremos x Puertollano,FILA 0 (COLABORACIÓN SIN COMPETIR),0
cronorunner,I Corremos x Puertollano (10k ASFALTO),2020-06-13,Sábado,10.0,road running,Absoluta/General,10.0,16.0,Puertollano,,Ciudad Real,584-1487,584-1487-1848,I Corremos x Puertollano,10k ASFALTO,10000
cronorunner,I Corremos x Puertollano (10k TRAIL),2020-06-13,Sábado,10.0,trail running,Absoluta/General,16.0,37.0,Puertollano,,Ciudad Real,584-1487,584-1487-1849,I Corremos x Puertollano,10k TRAIL,10000
cronorunner,I Virtual Running (10k),2020-06-07,Domingo,10.0,road running,Absoluta/General,52.0,253.0,Madrid,,Comunidad de Madrid,582-1485,582-1485-1844,I Virtual Running,10k,10000
cronorunner,I Virtual Running (5k),2020-06-07,Domingo,5.0,road running,Absoluta/General,59.0,137.0,Madrid,,Comunidad de Madrid,582-1485,582-1485-1845,I Virtual Running,5k,5000
cronorunner,III CARRERA DE LA DONA - MONTSERRAT,2020-03-08,Domingo,3.0,road running,Absoluta/General,,,Montserrat,València / Valencia,Comunitat Valenciana,576-1443,576-1443-1743,III CARRERA DE LA DONA - MONTSERRAT,Cursa Solidària,3000
cronorunner,IX 10k ALCÀNTERA DEL XÚQUER,2020-03-08,Domingo,10.0,road running,Absoluta/General,81.0,373.0,Alcàntera de Xúquer,València / Valencia,Comunitat Valenciana,578-1449,578-1449-1742,IX 10k ALCÀNTERA DEL XÚQUER,10KM,10000
cronorunner,VIII CARRERA DE DONES D'ALDAIA,2020-03-07,Sábado,5.0,road running,Absoluta/General,98.0,39.0,Aldaia,l'Horta Sud,Comunitat Valenciana,322-1446,322-1446-1741,VIII CARRERA DE DONES D'ALDAIA,Carrera Absoluta,5000
cronorunner,VII CARRERA DE LA DONA PER LA IGUALTAT MISLATA,2020-03-07,Sábado,0.0,road running,Absoluta/General,,,Mislata,l'Horta Sud,Comunitat Valenciana,378-1474,378-1474-1787,VII CARRERA DE LA DONA PER LA IGUALTAT MISLATA,CARRERA DE LA DONA PER LA IGUALTAT,0
cronorunner,VIII VOLTA A PEU A L ÉNOVA,2020-02-29,Sábado,8.0,road running,Absoluta/General,95.0,389.0,l'Énova,València / Valencia,Comunitat Valenciana,369-1396,369-1396-1740,VIII VOLTA A PEU A L ÉNOVA,Carrera Absoluta,8000
cronorunner,XIII CARRERA POPULAR PARQUE NATURAL DEL TÚRIA (Nanos (2015-2018)),2020-02-09,Domingo,0.05,road running,Absoluta/General,,,Pedralba de la Pradería,,Zamora,366-1368,366-1368-1682,XIII CARRERA POPULAR PARQUE NATURAL DEL TÚRIA,Nanos (2015-2018),50
cronorunner,XIII CARRERA POPULAR PARQUE NATURAL DEL TÚRIA (Pre Benjamin (2013-2014)),2020-02-09,Domingo,0.08,road running,Infantil,,,Pedralba de la Pradería,,Zamora,366-1368,366-1368-1683,XIII CARRERA POPULAR PARQUE NATURAL DEL TÚRIA,Pre Benjamin (2013-2014),80
cronorunner,XIII CARRERA POPULAR PARQUE NATURAL DEL TÚRIA (Benjamín (2011-2012)),2020-02-09,Domingo,0.3,road running,Infantil,,,Pedralba de la Pradería,,Zamora,366-1368,366-1368-1684,XIII CARRERA POPULAR PARQUE NATURAL DEL TÚRIA,Benjamín (2011-2012),300
cronorunner,XIII CARRERA POPULAR PARQUE NATURAL DEL TÚRIA (Alevín (2009-2010)),2020-02-09,Domingo,0.8,road running,Infantil,,,Pedralba de la Pradería,,Zamora,366-1368,366-1368-1685,XIII CARRERA POPULAR PARQUE NATURAL DEL TÚRIA,Alevín (2009-2010),800
cronorunner,XIII CARRERA POPULAR PARQUE NATURAL DEL TÚRIA (Infantil (2007-2008)),2020-02-09,Domingo,1.6,road running,Infantil,,,Pedralba de la Pradería,,Zamora,366-1368,366-1368-1686,XIII CARRERA POPULAR PARQUE NATURAL DEL TÚRIA,Infantil (2007-2008),1600
cronorunner,XIII CARRERA POPULAR PARQUE NATURAL DEL TÚRIA (Cadete (2005-2006)),2020-02-09,Domingo,2.8,road running,Infantil,,,Pedralba de la Pradería,,Zamora,366-1368,366-1368-1687,XIII CARRERA POPULAR PARQUE NATURAL DEL TÚRIA,Cadete (2005-2006),2800
cronorunner,XIII CARRERA POPULAR PARQUE NATURAL DEL TÚRIA (Carrera Absoluta (10K)),2020-02-09,Domingo,10.1,road running,Absoluta/General,57.0,246.0,Pedralba de la Pradería,,Zamora,366-1368,366-1368-1681,XIII CARRERA POPULAR PARQUE NATURAL DEL TÚRIA,Carrera Absoluta (10K),10100
cronorunner,XV GRAN FONS DE TURÍS MEMORIAL RAIMON SORIA (Benjamí (2012-2011)),2020-02-09,Domingo,0.6,road running,Infantil,8.0,13.0,Turís,València / Valencia,Comunitat Valenciana,295-1395,295-1395-1726,XV GRAN FONS DE TURÍS MEMORIAL RAIMON SORIA,Benjamí (2012-2011),600
cronorunner,XV GRAN FONS DE TURÍS MEMORIAL RAIMON SORIA (Aleví (2010-2009)),2020-02-09,Domingo,1.0,road running,Absoluta/General,16.0,16.0,Turís,València / Valencia,Comunitat Valenciana,295-1395,295-1395-1727,XV GRAN FONS DE TURÍS MEMORIAL RAIMON SORIA,Aleví (2010-2009),1000
cronorunner,XV GRAN FONS DE TURÍS MEMORIAL RAIMON SORIA (Infantil (2008-2007)),2020-02-09,Domingo,1.6,road running,Infantil,5.0,10.0,Turís,València / Valencia,Comunitat Valenciana,295-1395,295-1395-1728,XV GRAN FONS DE TURÍS MEMORIAL RAIMON SORIA,Infantil (2008-2007),1600
cronorunner,XV GRAN FONS DE TURÍS MEMORIAL RAIMON SORIA (Cadet (2006-2003)),2020-02-09,Domingo,2.0,road running,Infantil,2.0,6.0,Turís,València / Valencia,Comunitat Valenciana,295-1395,295-1395-1729,XV GRAN FONS DE TURÍS MEMORIAL RAIMON SORIA,Cadet (2006-2003),2000
cronorunner,XV GRAN FONS DE TURÍS MEMORIAL RAIMON SORIA (Gran Fons),2020-02-09,Domingo,16.0,road running,Absoluta/General,73.0,334.0,Turís,València / Valencia,Comunitat Valenciana,295-1395,295-1395-1731,XV GRAN FONS DE TURÍS MEMORIAL RAIMON SORIA,Gran Fons,16000
cronorunner,XV GRAN FONS DE TURÍS MEMORIAL RAIMON SORIA (Cursa d'iniciació (NO PUNTUABLE)),2020-02-09,Domingo,8.6,road running,Absoluta/General,27.0,66.0,Turís,València / Valencia,Comunitat Valenciana,295-1395,295-1395-1732,XV GRAN FONS DE TURÍS MEMORIAL RAIMON SORIA,Cursa d'iniciació (NO PUNTUABLE),8600
cronorunner,VIII ALÈDUA TRAIL MEMORIAL MJ (15KM (INDIVIDUAL)),2020-02-02,Domingo,15.0,trail running,Absoluta/General,63.0,339.0,Llombai,València / Valencia,Comunitat Valenciana,287-1385,287-1385-1707,VIII ALÈDUA TRAIL MEMORIAL MJ,15KM (INDIVIDUAL),15000
cronorunner,VIII ALÈDUA TRAIL MEMORIAL MJ (15KM (PARELLES MIXTES)),2020-02-02,Domingo,15.0,trail running,Absoluta/General,0.0,46.0,Llombai,València / Valencia,Comunitat Valenciana,287-1385,287-1385-1708,VIII ALÈDUA TRAIL MEMORIAL MJ,15KM (PARELLES MIXTES),15000
cronorunner,VI VOLTA MUNTANYA DE LLAURÍ (SPRINT),2020-01-25,Sábado,12.0,road running,Absoluta/General,39.0,126.0,Llaurí,València / Valencia,Comunitat Valenciana,321-1362,321-1362-1667,VI VOLTA MUNTANYA DE LLAURÍ,SPRINT,12000
cronorunner,VI VOLTA MUNTANYA DE LLAURÍ (TRA·LLA),2020-01-25,Sábado,18.0,road running,Absoluta/General,13.0,126.0,Llaurí,València / Valencia,Comunitat Valenciana,321-1362,321-1362-1668,VI VOLTA MUNTANYA DE LLAURÍ,TRA·LLA,18000
cronorunner,XVI TRAIL 3 PICS LES RODANES (28KM (PRUEBA REINA)),2020-01-19,Domingo,28.0,trail running,Absoluta/General,10.0,144.0,Vilamarxant,València / Valencia,Comunitat Valenciana,136-1364,136-1364-1673,XVI TRAIL 3 PICS LES RODANES,28KM (PRUEBA REINA),28000
cronorunner,XVI TRAIL 3 PICS LES RODANES (14KM (RAPITTRAIL)),2020-01-19,Domingo,14.0,trail running,Absoluta/General,92.0,303.0,Vilamarxant,València / Valencia,Comunitat Valenciana,136-1364,136-1364-1674,XVI TRAIL 3 PICS LES RODANES,14KM (RAPITTRAIL),14000
cronorunner,XVI TRAIL 3 PICS LES RODANES (8KM (INICIACIÓ TRAIL)),2020-01-19,Domingo,8.0,trail running,Absoluta/General,61.0,64.0,Vilamarxant,València / Valencia,Comunitat Valenciana,136-1364,136-1364-1675,XVI TRAIL 3 PICS LES RODANES,8KM (INICIACIÓ TRAIL),8000
cronorunner,XV MITJA MARATÓ CIUTAT DE TORRENT,2020-01-19,Domingo,21.097,road running,Absoluta/General,31.0,230.0,Torrent,l'Horta Sud,Comunitat Valenciana,567-1365,567-1365-1676,XV MITJA MARATÓ CIUTAT DE TORRENT,MITJA MARATÓ,21097
cronorunner,V TRAILKIDS 3 PICS LES RODANES VILAMARXANT (Querubí (2014-2015) -Circuito Spartan-),2020-01-18,Sábado,0.0,trail running,Absoluta/General,,,Vilamarxant,València / Valencia,Comunitat Valenciana,449-1440,449-1440-1720,V TRAILKIDS 3 PICS LES RODANES VILAMARXANT,Querubí (2014-2015) -Circuito Spartan-,0
cronorunner,V TRAILKIDS 3 PICS LES RODANES VILAMARXANT (Pre-Benjamín (2012-2013)),2020-01-18,Sábado,0.3,trail running,Infantil,,,Vilamarxant,València / Valencia,Comunitat Valenciana,449-1440,449-1440-1721,V TRAILKIDS 3 PICS LES RODANES VILAMARXANT,Pre-Benjamín (2012-2013),300
cronorunner,V TRAILKIDS 3 PICS LES RODANES VILAMARXANT (Benjamín (2010-2011)),2020-01-18,Sábado,0.6,trail running,Infantil,,,Vilamarxant,València / Valencia,Comunitat Valenciana,449-1440,449-1440-1722,V TRAILKIDS 3 PICS LES RODANES VILAMARXANT,Benjamín (2010-2011),600
cronorunner,V TRAILKIDS 3 PICS LES RODANES VILAMARXANT (Alevín (2008-2009)),2020-01-18,Sábado,1.0,trail running,Infantil,,,Vilamarxant,València / Valencia,Comunitat Valenciana,449-1440,449-1440-1723,V TRAILKIDS 3 PICS LES RODANES VILAMARXANT,Alevín (2008-2009),1000
cronorunner,V TRAILKIDS 3 PICS LES RODANES VILAMARXANT (Infantil (2006-2007)),2020-01-18,Sábado,1.5,trail running,Infantil,,,Vilamarxant,València / Valencia,Comunitat Valenciana,449-1440,449-1440-1724,V TRAILKIDS 3 PICS LES RODANES VILAMARXANT,Infantil (2006-2007),1500
cronorunner,V TRAILKIDS 3 PICS LES RODANES VILAMARXANT (Cadet (2004-2005)),2020-01-18,Sábado,2.0,trail running,Infantil,,,Vilamarxant,València / Valencia,Comunitat Valenciana,449-1440,449-1440-1725,V TRAILKIDS 3 PICS LES RODANES VILAMARXANT,Cadet (2004-2005),2000
cronorunner,GALA FINAL CIRCUIT CAIXA POPULAR HORTA SUD (5 Carreras Completadas),2020-01-17,Viernes,0.0,road running,Absoluta/General,,,Xirivella,l'Horta Sud,Comunitat Valenciana,575-1437,575-1437-1716,GALA FINAL CIRCUIT CAIXA POPULAR HORTA SUD,5 Carreras Completadas,0
cronorunner,GALA FINAL CIRCUIT CAIXA POPULAR HORTA SUD (6 Carreras Completadas),2020-01-17,Viernes,0.0,road running,Absoluta/General,,,Xirivella,l'Horta Sud,Comunitat Valenciana,575-1437,575-1437-1717,GALA FINAL CIRCUIT CAIXA POPULAR HORTA SUD,6 Carreras Completadas,0
cronorunner,GALA FINAL CIRCUIT CAIXA POPULAR HORTA SUD (7 Carreras Completadas),2020-01-17,Viernes,0.007,road running,Absoluta/General,,,Xirivella,l'Horta Sud,Comunitat Valenciana,575-1437,575-1437-1718,GALA FINAL CIRCUIT CAIXA POPULAR HORTA SUD,7 Carreras Completadas,7
cronorunner,GALA FINAL CIRCUIT CAIXA POPULAR HORTA SUD (Todas las Carreras Completadas),2020-01-17,Viernes,0.0,road running,Absoluta/General,,,Xirivella,l'Horta Sud,Comunitat Valenciana,575-1437,575-1437-1719,GALA FINAL CIRCUIT CAIXA POPULAR HORTA SUD,Todas las Carreras Completadas,0
cronorunner,XXXV SAN SILVESTRE D'ALBALAT DE LA RIBERA (Querubins (0-7 anys)),2019-12-31,Martes,0.3,road running,Absoluta/General,,,Albalat de la Ribera,València / Valencia,Comunitat Valenciana,113-1359,113-1359-1645,XXXV SAN SILVESTRE D'ALBALAT DE LA RIBERA,Querubins (0-7 anys),300
cronorunner,XXXV SAN SILVESTRE D'ALBALAT DE LA RIBERA (Infantils (8-11 anys)),2019-12-31,Martes,0.8,road running,Infantil,,,Albalat de la Ribera,València / Valencia,Comunitat Valenciana,113-1359,113-1359-1646,XXXV SAN SILVESTRE D'ALBALAT DE LA RIBERA,Infantils (8-11 anys),800
cronorunner,XXXV SAN SILVESTRE D'ALBALAT DE LA RIBERA (Absoluta (A partir de 12 anys)),2019-12-31,Martes,6.0,road running,Absoluta/General,,,Albalat de la Ribera,València / Valencia,Comunitat Valenciana,113-1359,113-1359-1647,XXXV SAN SILVESTRE D'ALBALAT DE LA RIBERA,Absoluta (A partir de 12 anys),6000
cronorunner,I SANT SILVESTRE SOLIDARIA D'ALZIRA,2019-12-29,Domingo,5.0,road running,Absoluta/General,210.0,365.0,Torrent,l'Horta Sud,Comunitat Valenciana,564-1352,564-1352-1627,I SANT SILVESTRE SOLIDARIA D'ALZIRA,5k,5000
cronorunner,VII SAN SILVESTRE SOLIDARIA DE L'ALCÚDIA,2019-12-28,Sábado,5.0,road running,Absoluta/General,,,l'Alcúdia,València / Valencia,Comunitat Valenciana,85-1382,85-1382-1690,VII SAN SILVESTRE SOLIDARIA DE L'ALCÚDIA,5K,5000
cronorunner,XI SANT SILVESTRE SOLIDARIA TORRENT,2019-12-27,Viernes,4.0,road running,Absoluta/General,,,Torrent,l'Horta Sud,Comunitat Valenciana,548-1366,548-1366-1677,XI SANT SILVESTRE SOLIDARIA TORRENT,SAN SILVESTRE SOLIDARIA TORRENT,4000
cronorunner,IV SANT SILVESTRE DE MONTSERRAT,2019-12-27,Viernes,3.0,road running,Absoluta/General,,,Montserrat,València / Valencia,Comunitat Valenciana,422-1381,422-1381-1689,IV SANT SILVESTRE DE MONTSERRAT,San Silvestre Montserrat 2019,3000
cronorunner,II CARRERA VIRTUAL SOLIDARIA L'EMPALME (FILA 0),2019-12-22,Domingo,0.0,road running,Absoluta/General,,,Burjassot,l'Horta Nord,Comunitat Valenciana,546-1351,546-1351-1625,II CARRERA VIRTUAL SOLIDARIA L'EMPALME,FILA 0,0
cronorunner,II CARRERA VIRTUAL SOLIDARIA L'EMPALME (Carrera (A partir de 18 años)),2019-12-22,Domingo,5.0,road running,Absoluta/General,,,Burjassot,l'Horta Nord,Comunitat Valenciana,546-1351,546-1351-1619,II CARRERA VIRTUAL SOLIDARIA L'EMPALME,Carrera (A partir de 18 años),5000
cronorunner,II CARRERA VIRTUAL SOLIDARIA L'EMPALME (Carrera (0-14 años)),2019-12-22,Domingo,5.0,road running,Absoluta/General,,,Burjassot,l'Horta Nord,Comunitat Valenciana,546-1351,546-1351-1620,II CARRERA VIRTUAL SOLIDARIA L'EMPALME,Carrera (0-14 años),5000
cronorunner,II CARRERA VIRTUAL SOLIDARIA L'EMPALME (Carrera (15-17 años)),2019-12-22,Domingo,5.0,road running,Absoluta/General,,,Burjassot,l'Horta Nord,Comunitat Valenciana,546-1351,546-1351-1621,II CARRERA VIRTUAL SOLIDARIA L'EMPALME,Carrera (15-17 años),5000
cronorunner,II CARRERA VIRTUAL SOLIDARIA L'EMPALME (Marcha (A partir de 18 años)),2019-12-22,Domingo,5.0,marcha,Absoluta/General,,,Burjassot,l'Horta Nord,Comunitat Valenciana,546-1351,546-1351-1622,II CARRERA VIRTUAL SOLIDARIA L'EMPALME,Marcha (A partir de 18 años),5000
cronorunner,II CARRERA VIRTUAL SOLIDARIA L'EMPALME (Marcha ( 0-14 años)),2019-12-22,Domingo,5.0,marcha,Absoluta/General,,,Burjassot,l'Horta Nord,Comunitat Valenciana,546-1351,546-1351-1623,II CARRERA VIRTUAL SOLIDARIA L'EMPALME,Marcha ( 0-14 años),5000
cronorunner,II CARRERA VIRTUAL SOLIDARIA L'EMPALME (Marcha (15-17 años)),2019-12-22,Domingo,5.0,marcha,Absoluta/General,,,Burjassot,l'Horta Nord,Comunitat Valenciana,546-1351,546-1351-1624,II CARRERA VIRTUAL SOLIDARIA L'EMPALME,Marcha (15-17 años),5000
cronorunner,VI 10K Arco Foios per la Fibrosi Quistica (10K),2019-12-22,Domingo,10.0,road running,Absoluta/General,245.0,653.0,,,,468-1264,468-1264-1648,VI 10K Arco Foios per la Fibrosi Quistica,10K,10000
cronorunner,VI 10K Arco Foios per la Fibrosi Quistica (Dorsal 0),2019-12-22,Domingo,0.0,road running,Absoluta/General,,,,,,468-1264,468-1264-1688,VI 10K Arco Foios per la Fibrosi Quistica,Dorsal 0,0
cronorunner,VI 10K Arco Foios per la Fibrosi Quistica (Querubines (4-5 años)),2019-12-22,Domingo,0.05,road running,Absoluta/General,,,,,,468-1264,468-1264-1649,VI 10K Arco Foios per la Fibrosi Quistica,Querubines (4-5 años),50
cronorunner,VI 10K Arco Foios per la Fibrosi Quistica (Pre-Benjamines (6-7 años)),2019-12-22,Domingo,0.25,road running,Infantil,,,,,,468-1264,468-1264-1650,VI 10K Arco Foios per la Fibrosi Quistica,Pre-Benjamines (6-7 años),250
cronorunner,VI 10K Arco Foios per la Fibrosi Quistica (Benjamines (8-9 años)),2019-12-22,Domingo,0.45,road running,Infantil,,,,,,468-1264,468-1264-1651,VI 10K Arco Foios per la Fibrosi Quistica,Benjamines (8-9 años),450
cronorunner,VI 10K Arco Foios per la Fibrosi Quistica (Alevines (10-11 años)),2019-12-22,Domingo,0.7,road running,Infantil,,,,,,468-1264,468-1264-1652,VI 10K Arco Foios per la Fibrosi Quistica,Alevines (10-11 años),700
cronorunner,VI 10K Arco Foios per la Fibrosi Quistica (Infantiles (12-13 años)),2019-12-22,Domingo,1.0,road running,Infantil,,,,,,468-1264,468-1264-1653,VI 10K Arco Foios per la Fibrosi Quistica,Infantiles (12-13 años),1000
cronorunner,VI 10K Arco Foios per la Fibrosi Quistica (Cadetes (14-15 años)),2019-12-22,Domingo,1.2,road running,Infantil,,,,,,468-1264,468-1264-1654,VI 10K Arco Foios per la Fibrosi Quistica,Cadetes (14-15 años),1200
cronorunner,XVI CURSA DE NADAL BÉTERA (Infantil (2006-2007)),2019-12-21,Sábado,0.0,road running,Infantil,,,,,,361-1304,361-1304-1663,XVI CURSA DE NADAL BÉTERA,Infantil (2006-2007),0
cronorunner,XVI CURSA DE NADAL BÉTERA (Aleví (2008-2009)),2019-12-21,Sábado,1.0,road running,Absoluta/General,,,,,,361-1304,361-1304-1664,XVI CURSA DE NADAL BÉTERA,Aleví (2008-2009),1000
cronorunner,XVI CURSA DE NADAL BÉTERA (Benjamí (2010-2011)),2019-12-21,Sábado,0.5,road running,Infantil,,,,,,361-1304,361-1304-1665,XVI CURSA DE NADAL BÉTERA,Benjamí (2010-2011),500
cronorunner,XVI CURSA DE NADAL BÉTERA (Pre-Benjamin (2012-2013-2014)),2019-12-21,Sábado,0.1,road running,Infantil,,,,,,361-1304,361-1304-1666,XVI CURSA DE NADAL BÉTERA,Pre-Benjamin (2012-2013-2014),100
cronorunner,XVI CURSA DE NADAL BÉTERA (5KM),2019-12-21,Sábado,5.0,road running,Absoluta/General,68.0,178.0,,,,361-1304,361-1304-1662,XVI CURSA DE NADAL BÉTERA,5KM,5000
cronorunner,XXXIX 10k y 5K MISLATA (10k Mislata),2019-12-15,Domingo,10.0,road running,Absoluta/General,74.0,359.0,Mislata,l'Horta Sud,Comunitat Valenciana,550-1294,550-1294-1612,XXXIX 10k y 5K MISLATA,10k Mislata,10000
cronorunner,XXXIX 10k y 5K MISLATA (2 x 5KM),2019-12-15,Domingo,10.0,road running,Absoluta/General,0.0,40.0,Mislata,l'Horta Sud,Comunitat Valenciana,550-1294,550-1294-1613,XXXIX 10k y 5K MISLATA,2 x 5KM,10000
cronorunner,IV SANT SILVESTRE FALLA DEL POBLE DE SOLLANA,2019-12-14,Sábado,5.2,road running,Absoluta/General,,,Sollana,València / Valencia,Comunitat Valenciana,426-1360,426-1360-1655,IV SANT SILVESTRE FALLA DEL POBLE DE SOLLANA,IV Sant Silvestre Sollana,5200
cronorunner,V 10k y 5K DINOSAURIS MONCADA (10K),2019-11-24,Domingo,10.0,road running,Absoluta/General,61.0,213.0,,,,351-1307,351-1307-1587,V 10k y 5K DINOSAURIS MONCADA,10K,10000
cronorunner,V 10k y 5K DINOSAURIS MONCADA (5K),2019-11-24,Domingo,5.0,road running,Absoluta/General,26.0,36.0,,,,351-1307,351-1307-1588,V 10k y 5K DINOSAURIS MONCADA,5K,5000
cronorunner,I GRAN FONS I CARRERA TRENCANT BARRERES PER LA SALUT MENTAL DE SUECA (Gran Fons),2019-11-24,Domingo,15.0,road running,Absoluta/General,12.0,85.0,Sueca,València / Valencia,Comunitat Valenciana,565-1353,565-1353-1628,I GRAN FONS I CARRERA TRENCANT BARRERES PER LA SALUT MENTAL DE SUECA,Gran Fons,15000
cronorunner,I GRAN FONS I CARRERA TRENCANT BARRERES PER LA SALUT MENTAL DE SUECA (Carrera),2019-11-24,Domingo,8.5,road running,Absoluta/General,52.0,72.0,Sueca,València / Valencia,Comunitat Valenciana,565-1353,565-1353-1629,I GRAN FONS I CARRERA TRENCANT BARRERES PER LA SALUT MENTAL DE SUECA,Carrera,8500
cronorunner,II CURSA ESCOLAR CAIXA RURAL TORRENT - PAIPORTA (Cadet (2005-2006)),2019-11-24,Domingo,1.5,road running,Infantil,,,Torrent,l'Horta Sud,Comunitat Valenciana,547-1361,547-1361-1678,II CURSA ESCOLAR CAIXA RURAL TORRENT - PAIPORTA,Cadet (2005-2006),1500
cronorunner,II CURSA ESCOLAR CAIXA RURAL TORRENT - PAIPORTA (Infantil (2007-2008)),2019-11-24,Domingo,1.2,road running,Infantil,,,Torrent,l'Horta Sud,Comunitat Valenciana,547-1361,547-1361-1661,II CURSA ESCOLAR CAIXA RURAL TORRENT - PAIPORTA,Infantil (2007-2008),1200
cronorunner,II CURSA ESCOLAR CAIXA RURAL TORRENT - PAIPORTA (Aleví (2009-2010)),2019-11-24,Domingo,1.0,road running,Infantil,,,Torrent,l'Horta Sud,Comunitat Valenciana,547-1361,547-1361-1660,II CURSA ESCOLAR CAIXA RURAL TORRENT - PAIPORTA,Aleví (2009-2010),1000
cronorunner,II CURSA ESCOLAR CAIXA RURAL TORRENT - PAIPORTA (Benjamí (2011-2012)),2019-11-24,Domingo,0.6,road running,Infantil,,,Torrent,l'Horta Sud,Comunitat Valenciana,547-1361,547-1361-1659,II CURSA ESCOLAR CAIXA RURAL TORRENT - PAIPORTA,Benjamí (2011-2012),600
cronorunner,II CURSA ESCOLAR CAIXA RURAL TORRENT - PAIPORTA (Prebenjamí (2013-2014)),2019-11-24,Domingo,0.4,road running,Infantil,,,Torrent,l'Horta Sud,Comunitat Valenciana,547-1361,547-1361-1657,II CURSA ESCOLAR CAIXA RURAL TORRENT - PAIPORTA,Prebenjamí (2013-2014),400
cronorunner,II CURSA ESCOLAR CAIXA RURAL TORRENT - PAIPORTA (Querubí (2015-2016)),2019-11-24,Domingo,0.2,road running,Infantil,,,Torrent,l'Horta Sud,Comunitat Valenciana,547-1361,547-1361-1658,II CURSA ESCOLAR CAIXA RURAL TORRENT - PAIPORTA,Querubí (2015-2016),200
cronorunner,"II 10k i I 4,6K MASSAMAGRELL",2019-11-24,Domingo,10.0,road running,Absoluta/General,116.0,348.0,Massamagrell,l'Horta Nord,Comunitat Valenciana,524-1259,524-1259-1312,"II 10k i I 4,6K MASSAMAGRELL",10K,10000
cronorunner,V 10K DULCES DE CASINOS (10K),2019-11-23,Sábado,10.0,road running,Absoluta/General,59.0,194.0,Jerez de la Frontera,Campiña de Jerez,Andalucía,467-1308,467-1308-1633,V 10K DULCES DE CASINOS,10K,10000
cronorunner,V 10K DULCES DE CASINOS (Mini Benjamín 2014 y posteriores),2019-11-23,Sábado,0.06,road running,Infantil,,,Jerez de la Frontera,Campiña de Jerez,Andalucía,467-1308,467-1308-1634,V 10K DULCES DE CASINOS,Mini Benjamín 2014 y posteriores,60
cronorunner,V 10K DULCES DE CASINOS (Pre-Benjamin (2012-2013)),2019-11-23,Sábado,0.1,road running,Infantil,,,Jerez de la Frontera,Campiña de Jerez,Andalucía,467-1308,467-1308-1635,V 10K DULCES DE CASINOS,Pre-Benjamin (2012-2013),100
cronorunner,V 10K DULCES DE CASINOS (Benjamin (2010-2011)),2019-11-23,Sábado,0.45,road running,Infantil,,,Jerez de la Frontera,Campiña de Jerez,Andalucía,467-1308,467-1308-1636,V 10K DULCES DE CASINOS,Benjamin (2010-2011),450
cronorunner,V 10K DULCES DE CASINOS (Alevin (2008-2009)),2019-11-23,Sábado,0.45,road running,Infantil,,,Jerez de la Frontera,Campiña de Jerez,Andalucía,467-1308,467-1308-1637,V 10K DULCES DE CASINOS,Alevin (2008-2009),450
cronorunner,V 10K DULCES DE CASINOS (Infantil (2006-2007)),2019-11-23,Sábado,0.9,road running,Infantil,,,Jerez de la Frontera,Campiña de Jerez,Andalucía,467-1308,467-1308-1638,V 10K DULCES DE CASINOS,Infantil (2006-2007),900
cronorunner,V 10K DULCES DE CASINOS (Cadete (2004-2005)),2019-11-23,Sábado,0.9,road running,Infantil,,,Jerez de la Frontera,Campiña de Jerez,Andalucía,467-1308,467-1308-1639,V 10K DULCES DE CASINOS,Cadete (2004-2005),900
cronorunner,VI GALA FINAL CIRCUIT DE L'ALBUFERA (GALA CIRCUITO ALBUFERA (De 9 a 11 pruebas SOLO CAMISETA)),2019-11-22,Viernes,0.0,road running,Absoluta/General,,,València,Comarca de València,Comunitat Valenciana,357-1355,357-1355-1640,VI GALA FINAL CIRCUIT DE L'ALBUFERA,GALA CIRCUITO ALBUFERA (De 9 a 11 pruebas SOLO CAMISETA),0
cronorunner,VI GALA FINAL CIRCUIT DE L'ALBUFERA (GALA CIRCUITO ALBUFERA (12 pruebas CAMISETA+CHANDAL)),2019-11-22,Viernes,0.0,road running,Absoluta/General,,,València,Comarca de València,Comunitat Valenciana,357-1355,357-1355-1641,VI GALA FINAL CIRCUIT DE L'ALBUFERA,GALA CIRCUITO ALBUFERA (12 pruebas CAMISETA+CHANDAL),0
cronorunner,VI GALA FINAL CIRCUIT DE L'ALBUFERA (CENA GALA CIRCUITO ALBUFERA),2019-11-22,Viernes,0.0,road running,Absoluta/General,,,València,Comarca de València,Comunitat Valenciana,357-1355,357-1355-1642,VI GALA FINAL CIRCUIT DE L'ALBUFERA,CENA GALA CIRCUITO ALBUFERA,0
cronorunner,XXIV MITJA MARATÓ CIUTAT DE XIRIVELLA,2019-11-17,Domingo,21.097,road running,Absoluta/General,41.0,318.0,Xirivella,l'Horta Sud,Comunitat Valenciana,226-1315,226-1315-1632,XXIV MITJA MARATÓ CIUTAT DE XIRIVELLA,Mitja Marató,21097
cronorunner,XIX GRAN FONDO LA POBLA DE VALLBONA (5k),2019-11-17,Domingo,5.0,road running,Absoluta/General,29.0,34.0,la Pobla de Vallbona,València / Valencia,Comunitat Valenciana,237-1339,237-1339-1540,XIX GRAN FONDO LA POBLA DE VALLBONA,5k,5000
cronorunner,XIX GRAN FONDO LA POBLA DE VALLBONA (Gran Fons),2019-11-17,Domingo,15.0,road running,Absoluta/General,15.0,96.0,la Pobla de Vallbona,València / Valencia,Comunitat Valenciana,237-1339,237-1339-1539,XIX GRAN FONDO LA POBLA DE VALLBONA,Gran Fons,15000
cronorunner,XIX GRAN FONDO LA POBLA DE VALLBONA (5k (menores)),2019-11-17,Domingo,5.0,road running,Infantil,,,la Pobla de Vallbona,València / Valencia,Comunitat Valenciana,237-1339,237-1339-1541,XIX GRAN FONDO LA POBLA DE VALLBONA,5k (menores),5000
cronorunner,VI CURSA PER EQUIPS I MARXA DE L'MPOC (EQUIPS MASCULINS (3 MEMBRES)),2019-11-17,Domingo,5.0,road running,Absoluta/General,,,,,,359-1344,359-1344-1563,VI CURSA PER EQUIPS I MARXA DE L'MPOC,EQUIPS MASCULINS (3 MEMBRES),5000
cronorunner,VI CURSA PER EQUIPS I MARXA DE L'MPOC (EQUIPS FEMENINS (3 MEMBRES)),2019-11-17,Domingo,0.0,road running,Absoluta/General,,,,,,359-1344,359-1344-1564,VI CURSA PER EQUIPS I MARXA DE L'MPOC,EQUIPS FEMENINS (3 MEMBRES),0
cronorunner,VI CURSA PER EQUIPS I MARXA DE L'MPOC (EQUIPS MIXTES (3 MEMBRES)),2019-11-17,Domingo,5.0,road running,Absoluta/General,,,,,,359-1344,359-1344-1565,VI CURSA PER EQUIPS I MARXA DE L'MPOC,EQUIPS MIXTES (3 MEMBRES),5000
cronorunner,VI CURSA PER EQUIPS I MARXA DE L'MPOC (EQUIPS FEMENINS (4 MEMBRES)),2019-11-17,Domingo,5.0,road running,Absoluta/General,,,,,,359-1344,359-1344-1566,VI CURSA PER EQUIPS I MARXA DE L'MPOC,EQUIPS FEMENINS (4 MEMBRES),5000
cronorunner,VI CURSA PER EQUIPS I MARXA DE L'MPOC (EQUIPS MASCULINS (4 MEMBRES)),2019-11-17,Domingo,5.0,road running,Absoluta/General,,,,,,359-1344,359-1344-1567,VI CURSA PER EQUIPS I MARXA DE L'MPOC,EQUIPS MASCULINS (4 MEMBRES),5000
cronorunner,VI CURSA PER EQUIPS I MARXA DE L'MPOC (EQUIPS MIXTES (4 MEMBRES)),2019-11-17,Domingo,5.0,road running,Absoluta/General,,,,,,359-1344,359-1344-1568,VI CURSA PER EQUIPS I MARXA DE L'MPOC,EQUIPS MIXTES (4 MEMBRES),5000
cronorunner,VI CURSA PER EQUIPS I MARXA DE L'MPOC (MARXA PER L'MPOC),2019-11-17,Domingo,5.0,road running,Absoluta/General,,,,,,359-1344,359-1344-1594,VI CURSA PER EQUIPS I MARXA DE L'MPOC,MARXA PER L'MPOC,5000
cronorunner,"VI VOLTA A PEU Y CAMINATA SOLIDARIA, TOTS AMB JOSEP (Chupetín y Querubín)",2019-11-17,Domingo,0.1,road running,Infantil,,,Valls,Alt Camp,Tarragona,539-1349,539-1349-1606,"VI VOLTA A PEU Y CAMINATA SOLIDARIA, TOTS AMB JOSEP",Chupetín y Querubín,100
cronorunner,"VI VOLTA A PEU Y CAMINATA SOLIDARIA, TOTS AMB JOSEP (Prebenjamín (2012/2013))",2019-11-17,Domingo,0.4,road running,Infantil,,,Valls,Alt Camp,Tarragona,539-1349,539-1349-1607,"VI VOLTA A PEU Y CAMINATA SOLIDARIA, TOTS AMB JOSEP",Prebenjamín (2012/2013),400
cronorunner,"VI VOLTA A PEU Y CAMINATA SOLIDARIA, TOTS AMB JOSEP (Benjamín (2010-2011))",2019-11-17,Domingo,0.6,road running,Infantil,,,Valls,Alt Camp,Tarragona,539-1349,539-1349-1608,"VI VOLTA A PEU Y CAMINATA SOLIDARIA, TOTS AMB JOSEP",Benjamín (2010-2011),600
cronorunner,"VI VOLTA A PEU Y CAMINATA SOLIDARIA, TOTS AMB JOSEP (Alevín (2008/2009))",2019-11-17,Domingo,1.0,road running,Infantil,,,Valls,Alt Camp,Tarragona,539-1349,539-1349-1609,"VI VOLTA A PEU Y CAMINATA SOLIDARIA, TOTS AMB JOSEP",Alevín (2008/2009),1000
cronorunner,"VI VOLTA A PEU Y CAMINATA SOLIDARIA, TOTS AMB JOSEP (Infantil (2006/2007))",2019-11-17,Domingo,1.2,road running,Infantil,,,Valls,Alt Camp,Tarragona,539-1349,539-1349-1610,"VI VOLTA A PEU Y CAMINATA SOLIDARIA, TOTS AMB JOSEP",Infantil (2006/2007),1200
cronorunner,"VI VOLTA A PEU Y CAMINATA SOLIDARIA, TOTS AMB JOSEP (Cadet (2004/2005))",2019-11-17,Domingo,1.6,road running,Infantil,,,Valls,Alt Camp,Tarragona,539-1349,539-1349-1611,"VI VOLTA A PEU Y CAMINATA SOLIDARIA, TOTS AMB JOSEP",Cadet (2004/2005),1600
cronorunner,"VI VOLTA A PEU Y CAMINATA SOLIDARIA, TOTS AMB JOSEP (Caminata)",2019-11-17,Domingo,3.5,road running,Absoluta/General,,,Valls,Alt Camp,Tarragona,539-1349,539-1349-1605,"VI VOLTA A PEU Y CAMINATA SOLIDARIA, TOTS AMB JOSEP",Caminata,3500
cronorunner,"VI VOLTA A PEU Y CAMINATA SOLIDARIA, TOTS AMB JOSEP (Carrera)",2019-11-17,Domingo,7.0,road running,Absoluta/General,68.0,161.0,Valls,Alt Camp,Tarragona,539-1349,539-1349-1604,"VI VOLTA A PEU Y CAMINATA SOLIDARIA, TOTS AMB JOSEP",Carrera,7000
cronorunner,IX GALA CIRCUIT RIBERA DE XÚQUER (GALA CRX2019 (De 12 a 14 pruebas SOLO SOFTSHELL)),2019-11-15,Viernes,0.0,road running,Absoluta/General,,,Cullera,València / Valencia,Comunitat Valenciana,356-1356,356-1356-1643,IX GALA CIRCUIT RIBERA DE XÚQUER,GALA CRX2019 (De 12 a 14 pruebas SOLO SOFTSHELL),0
cronorunner,IX GALA CIRCUIT RIBERA DE XÚQUER (GALA CRX2019 (De 15 a 18 pruebas SOFTSHELL+MOCHILA)),2019-11-15,Viernes,0.0,road running,Absoluta/General,,,Cullera,València / Valencia,Comunitat Valenciana,356-1356,356-1356-1644,IX GALA CIRCUIT RIBERA DE XÚQUER,GALA CRX2019 (De 15 a 18 pruebas SOFTSHELL+MOCHILA),0
cronorunner,VIII VOLTA A PEU SANTA CECILIA CULLERA,2019-11-10,Domingo,7.2,road running,Absoluta/General,,,Cullera,València / Valencia,Comunitat Valenciana,285-1350,285-1350-1614,VIII VOLTA A PEU SANTA CECILIA CULLERA,Carrera Absoluta,7200
cronorunner,V 10k y la VII Caminata de la Miel (10k),2019-11-03,Domingo,10.0,road running,Absoluta/General,34.0,120.0,Torrequebrada,Costa del Sol Occidental,Andalucía,409-1354,409-1354-1630,V 10k y la VII Caminata de la Miel,10k,10000
cronorunner,V 10k y la VII Caminata de la Miel (Marcha 3.5k),2019-11-03,Domingo,3.5,marcha,Absoluta/General,,,Torrequebrada,Costa del Sol Occidental,Andalucía,409-1354,409-1354-1631,V 10k y la VII Caminata de la Miel,Marcha 3.5k,3500
cronorunner,VI 5K MASSALFASSAR (Prebenjamin(2012/2019)),2019-11-02,Sábado,0.25,road running,Infantil,,,Massalfassar,l'Horta Nord,Comunitat Valenciana,442-1258,442-1258-1615,VI 5K MASSALFASSAR,Prebenjamin(2012/2019),250
cronorunner,VI 5K MASSALFASSAR (Benjamin(2009/2011)),2019-11-02,Sábado,0.5,road running,Infantil,,,Massalfassar,l'Horta Nord,Comunitat Valenciana,442-1258,442-1258-1616,VI 5K MASSALFASSAR,Benjamin(2009/2011),500
cronorunner,VI 5K MASSALFASSAR (Alevin(2006/2008)),2019-11-02,Sábado,0.75,road running,Infantil,,,Massalfassar,l'Horta Nord,Comunitat Valenciana,442-1258,442-1258-1617,VI 5K MASSALFASSAR,Alevin(2006/2008),750
cronorunner,VI 5K MASSALFASSAR (Infantil-Cadete(2002/2005)),2019-11-02,Sábado,1.0,road running,Infantil,,,Massalfassar,l'Horta Nord,Comunitat Valenciana,442-1258,442-1258-1618,VI 5K MASSALFASSAR,Infantil-Cadete(2002/2005),1000
cronorunner,VI 5K MASSALFASSAR (5K),2019-11-02,Sábado,5.0,road running,Absoluta/General,118.0,300.0,Massalfassar,l'Horta Nord,Comunitat Valenciana,442-1258,442-1258-1311,VI 5K MASSALFASSAR,5K,5000
cronorunner,XXXVI VOLTA A PEU A CULLERA,2019-10-20,Domingo,12.7,road running,Absoluta/General,85.0,325.0,Cullera,València / Valencia,Comunitat Valenciana,462-1293,462-1293-1626,XXXVI VOLTA A PEU A CULLERA,VOLTA A PEU A CULLERA,12700
cronorunner,VI 5K Y 10K ALBALAT DELS SORELLS (Benjamí (2013-2019)),2019-10-19,Sábado,0.3,road running,Infantil,,,Albalat dels Sorells,l'Horta Nord,Comunitat Valenciana,434-1257,434-1257-1590,VI 5K Y 10K ALBALAT DELS SORELLS,Benjamí (2013-2019),300
cronorunner,VI 5K Y 10K ALBALAT DELS SORELLS (Aleví (2010-2012)),2019-10-19,Sábado,0.5,road running,Absoluta/General,,,Albalat dels Sorells,l'Horta Nord,Comunitat Valenciana,434-1257,434-1257-1591,VI 5K Y 10K ALBALAT DELS SORELLS,Aleví (2010-2012),500
cronorunner,VI 5K Y 10K ALBALAT DELS SORELLS (Infantil (2007-2009)),2019-10-19,Sábado,0.8,road running,Infantil,,,Albalat dels Sorells,l'Horta Nord,Comunitat Valenciana,434-1257,434-1257-1592,VI 5K Y 10K ALBALAT DELS SORELLS,Infantil (2007-2009),800
cronorunner,VI 5K Y 10K ALBALAT DELS SORELLS (Cadet (2004-2006)),2019-10-19,Sábado,1.6,road running,Infantil,,,Albalat dels Sorells,l'Horta Nord,Comunitat Valenciana,434-1257,434-1257-1593,VI 5K Y 10K ALBALAT DELS SORELLS,Cadet (2004-2006),1600
cronorunner,VI 5K Y 10K ALBALAT DELS SORELLS (10K),2019-10-19,Sábado,10.0,road running,Absoluta/General,72.0,309.0,Albalat dels Sorells,l'Horta Nord,Comunitat Valenciana,434-1257,434-1257-1310,VI 5K Y 10K ALBALAT DELS SORELLS,10K,10000
cronorunner,VI 5K Y 10K ALBALAT DELS SORELLS (5k),2019-10-19,Sábado,5.0,road running,Absoluta/General,65.0,96.0,Albalat dels Sorells,l'Horta Nord,Comunitat Valenciana,434-1257,434-1257-1586,VI 5K Y 10K ALBALAT DELS SORELLS,5k,5000
cronorunner,XXII Mitja Marató Alzira - 10k Ciutat d'Alzira Memorial Abel Signes Rodríguez (10KM),2019-10-13,Domingo,10.0,road running,Absoluta/General,107.0,353.0,,,,549-1281,549-1281-1343,XXII Mitja Marató Alzira - 10k Ciutat d'Alzira Memorial Abel Signes Rodríguez,10KM,10000
cronorunner,XXII Mitja Marató Alzira - 10k Ciutat d'Alzira Memorial Abel Signes Rodríguez (21KM),2019-10-13,Domingo,21.0,road running,Absoluta/General,54.0,416.0,,,,549-1281,549-1281-1584,XXII Mitja Marató Alzira - 10k Ciutat d'Alzira Memorial Abel Signes Rodríguez,21KM,21000
cronorunner,XXX VOLTA A PEU VILAMARXANT (Carrera Absoluta),2019-10-09,Miércoles,10.0,road running,Absoluta/General,49.0,150.0,Vilamarxant,València / Valencia,Comunitat Valenciana,275-1303,275-1303-1595,XXX VOLTA A PEU VILAMARXANT,Carrera Absoluta,10000
cronorunner,XXX VOLTA A PEU VILAMARXANT (Juvenil (2002/2003)),2019-10-09,Miércoles,5.0,road running,Infantil,,,Vilamarxant,València / Valencia,Comunitat Valenciana,275-1303,275-1303-1596,XXX VOLTA A PEU VILAMARXANT,Juvenil (2002/2003),5000
cronorunner,XXX VOLTA A PEU VILAMARXANT (Cadets (2004/2005)),2019-10-09,Miércoles,2.35,road running,Infantil,,,Vilamarxant,València / Valencia,Comunitat Valenciana,275-1303,275-1303-1597,XXX VOLTA A PEU VILAMARXANT,Cadets (2004/2005),2350
cronorunner,XXX VOLTA A PEU VILAMARXANT (Infantil (2006/2007)),2019-10-09,Miércoles,1.2,road running,Infantil,,,Vilamarxant,València / Valencia,Comunitat Valenciana,275-1303,275-1303-1599,XXX VOLTA A PEU VILAMARXANT,Infantil (2006/2007),1200
cronorunner,XXX VOLTA A PEU VILAMARXANT (Aleví (2008/2009)),2019-10-09,Miércoles,0.6,road running,Absoluta/General,,,Vilamarxant,València / Valencia,Comunitat Valenciana,275-1303,275-1303-1600,XXX VOLTA A PEU VILAMARXANT,Aleví (2008/2009),600
cronorunner,XXX VOLTA A PEU VILAMARXANT (Benjamí (2010/2011)),2019-10-09,Miércoles,0.43,road running,Infantil,,,Vilamarxant,València / Valencia,Comunitat Valenciana,275-1303,275-1303-1601,XXX VOLTA A PEU VILAMARXANT,Benjamí (2010/2011),430
cronorunner,XXX VOLTA A PEU VILAMARXANT (Prebenjamí (2012/2013)),2019-10-09,Miércoles,0.25,road running,Infantil,,,Vilamarxant,València / Valencia,Comunitat Valenciana,275-1303,275-1303-1602,XXX VOLTA A PEU VILAMARXANT,Prebenjamí (2012/2013),250
cronorunner,XXX VOLTA A PEU VILAMARXANT (Menudets (2014/2019)),2019-10-09,Miércoles,0.1,road running,Absoluta/General,,,Vilamarxant,València / Valencia,Comunitat Valenciana,275-1303,275-1303-1603,XXX VOLTA A PEU VILAMARXANT,Menudets (2014/2019),100
cronorunner,VI MITJA MARATÓ DEL KAKI (Mitja Marató),2019-10-06,Domingo,21.097,road running,Absoluta/General,266.0,1333.0,,,,332-1313,332-1313-1490,VI MITJA MARATÓ DEL KAKI,Mitja Marató,21097
cronorunner,VI MITJA MARATÓ DEL KAKI (JO ET CONVIDE),2019-10-06,Domingo,21.097,road running,Absoluta/General,,,,,,332-1313,332-1313-1571,VI MITJA MARATÓ DEL KAKI,JO ET CONVIDE,21097
cronorunner,III 10K i III 5K RAFELBUNYOL,2019-10-06,Domingo,10.0,road running,Absoluta/General,73.0,269.0,Rafelbunyol,l'Horta Nord,Comunitat Valenciana,381-1256,381-1256-1309,III 10K i III 5K RAFELBUNYOL,10K,10000
cronorunner,II MITJA MARATÓ PER EQUIPS ALAQUÀS PER QUATRE,2019-10-05,Sábado,21.097,road running,Absoluta/General,,,,,,543-1341,543-1341-1547,II MITJA MARATÓ PER EQUIPS ALAQUÀS PER QUATRE,Media maratón por relevos,21097
cronorunner,XXXVI VOLTA A PEU PORT DE CATARROJA,2019-10-05,Sábado,10.0,road running,Absoluta/General,132.0,538.0,Catarroja,l'Horta Sud,Comunitat Valenciana,156-1246,156-1246-1324,XXXVI VOLTA A PEU PORT DE CATARROJA,Carrera Absoluta,10000
cronorunner,XX VOLTA POPULAR EN BICICLETA,2019-09-29,Domingo,13.0,road running,Absoluta/General,,,Barcelona,Barcelonès,Catalunya,414-1292,414-1292-1598,XX VOLTA POPULAR EN BICICLETA,Volta en Bicicleta,13000
cronorunner,III CARRERA Y CAMINATA SOLIDARIA BENETÚSSER (Caminata (3k)),2019-09-29,Domingo,6.8,road running,Absoluta/General,,,,,,541-1337,541-1337-1523,III CARRERA Y CAMINATA SOLIDARIA BENETÚSSER,Caminata (3k),6800
cronorunner,"III CARRERA Y CAMINATA SOLIDARIA BENETÚSSER (Carrera (6,1k))",2019-09-29,Domingo,6.8,road running,Absoluta/General,21.0,96.0,,,,541-1337,541-1337-1522,III CARRERA Y CAMINATA SOLIDARIA BENETÚSSER,"Carrera (6,1k)",6800
cronorunner,XL VOLTA A PEU CARCAIXENT,2019-09-29,Domingo,10.0,road running,Absoluta/General,119.0,532.0,Carcaixent,València / Valencia,Comunitat Valenciana,494-1269,494-1269-1342,XL VOLTA A PEU CARCAIXENT,10KM,10000
cronorunner,X VOLTA A PEU BENISSANÓ,2019-09-28,Sábado,7.2,road running,Absoluta/General,48.0,181.0,Benissanó,València / Valencia,Comunitat Valenciana,553-1302,553-1302-1531,X VOLTA A PEU BENISSANÓ,Carrera Absoluta,7200
cronorunner,XXXIII VOLTA A PEU A LA POBLA LLARGA MEMORIAL JULIO SALOM,2019-09-28,Sábado,8.0,road running,Absoluta/General,37.0,139.0,,,,16-1340,16-1340-1546,XXXIII VOLTA A PEU A LA POBLA LLARGA MEMORIAL JULIO SALOM,8k,8000
cronorunner,XXXII 10K i 20K CIUTAT DE SUECA (10K),2019-09-28,Sábado,10.0,road running,Absoluta/General,160.0,432.0,Sueca,València / Valencia,Comunitat Valenciana,161-1247,161-1247-1323,XXXII 10K i 20K CIUTAT DE SUECA,10K,10000
cronorunner,XXXII 10K i 20K CIUTAT DE SUECA (20K),2019-09-28,Sábado,20.0,road running,Absoluta/General,32.0,167.0,Sueca,València / Valencia,Comunitat Valenciana,161-1247,161-1247-1585,XXXII 10K i 20K CIUTAT DE SUECA,20K,20000
cronorunner,III 7K SALADAR-SILLA,2019-09-21,Sábado,7.0,road running,Absoluta/General,19.0,78.0,Silla,l'Horta Sud,Comunitat Valenciana,456-1312,456-1312-1326,III 7K SALADAR-SILLA,Carrera Absoluta (7K),7000
cronorunner,V CARRERA SOLIDARIA FALLA EL DIVENDRES  MASSANASSA (Marcha),2019-09-21,Sábado,1.5,marcha,Absoluta/General,,,Massanassa,l'Horta Sud,Comunitat Valenciana,337-1327,337-1327-1461,V CARRERA SOLIDARIA FALLA EL DIVENDRES  MASSANASSA,Marcha,1500
cronorunner,V CARRERA SOLIDARIA FALLA EL DIVENDRES  MASSANASSA (Carrera),2019-09-21,Sábado,6.0,road running,Absoluta/General,39.0,117.0,Massanassa,l'Horta Sud,Comunitat Valenciana,337-1327,337-1327-1460,V CARRERA SOLIDARIA FALLA EL DIVENDRES  MASSANASSA,Carrera,6000
cronorunner,XXVII VOLTA A PEU CIUTAT DE CARLET (Benjamin (2010/2011)),2019-09-21,Sábado,0.806,road running,Infantil,19.0,28.0,Carlet,València / Valencia,Comunitat Valenciana,308-1271,308-1271-1577,XXVII VOLTA A PEU CIUTAT DE CARLET,Benjamin (2010/2011),806
cronorunner,XXVII VOLTA A PEU CIUTAT DE CARLET (Alevi (2009/2008)),2019-09-21,Sábado,0.806,road running,Absoluta/General,20.0,22.0,Carlet,València / Valencia,Comunitat Valenciana,308-1271,308-1271-1578,XXVII VOLTA A PEU CIUTAT DE CARLET,Alevi (2009/2008),806
cronorunner,XXVII VOLTA A PEU CIUTAT DE CARLET (Infantil (2006/2007)),2019-09-21,Sábado,1.47,road running,Infantil,8.0,12.0,Carlet,València / Valencia,Comunitat Valenciana,308-1271,308-1271-1579,XXVII VOLTA A PEU CIUTAT DE CARLET,Infantil (2006/2007),1470
cronorunner,XXVII VOLTA A PEU CIUTAT DE CARLET (Cadet (2002/2005)),2019-09-21,Sábado,1.47,road running,Infantil,7.0,17.0,Carlet,València / Valencia,Comunitat Valenciana,308-1271,308-1271-1580,XXVII VOLTA A PEU CIUTAT DE CARLET,Cadet (2002/2005),1470
cronorunner,XXVII VOLTA A PEU CIUTAT DE CARLET (10KM),2019-09-21,Sábado,10.0,road running,Absoluta/General,111.0,458.0,Carlet,València / Valencia,Comunitat Valenciana,308-1271,308-1271-1341,XXVII VOLTA A PEU CIUTAT DE CARLET,10KM,10000
cronorunner,V GRAN FONS TRITONS ALBALAT DE LA RIBERA (15KM),2019-09-15,Domingo,15.0,road running,Absoluta/General,43.0,229.0,Albalat de la Ribera,València / Valencia,Comunitat Valenciana,354-1320,354-1320-1365,V GRAN FONS TRITONS ALBALAT DE LA RIBERA,15KM,15000
cronorunner,"V GRAN FONS TRITONS ALBALAT DE LA RIBERA (7,5KM)",2019-09-15,Domingo,7.5,road running,Absoluta/General,43.0,76.0,Albalat de la Ribera,València / Valencia,Comunitat Valenciana,354-1320,354-1320-1366,V GRAN FONS TRITONS ALBALAT DE LA RIBERA,"7,5KM",7500
cronorunner,VIII GRAN FONS NOCTURN ALFAFAR (Volta a peu (5km)),2019-09-14,Sábado,5.0,road running,Absoluta/General,1.0,214.0,,,,444-1287,444-1287-1556,VIII GRAN FONS NOCTURN ALFAFAR,Volta a peu (5km),5000
cronorunner,VIII GRAN FONS NOCTURN ALFAFAR (Gran Fons (15km)),2019-09-14,Sábado,15.0,road running,Absoluta/General,76.0,343.0,,,,444-1287,444-1287-1555,VIII GRAN FONS NOCTURN ALFAFAR,Gran Fons (15km),15000
cronorunner,XXXIII VOLTA A PEU QUART DE POBLET,2019-09-14,Sábado,8.2,road running,Absoluta/General,99.0,408.0,Quart de Poblet,l'Horta Sud,Comunitat Valenciana,400-1336,400-1336-1521,XXXIII VOLTA A PEU QUART DE POBLET,"8,2k",8200
cronorunner,VI 10K DE L'HORTA CASTELLAR-OLIVERAL (10K),2019-09-08,Domingo,10.0,road running,Absoluta/General,159.0,689.0,València,Comarca de València,Comunitat Valenciana,162-1248,162-1248-1322,VI 10K DE L'HORTA CASTELLAR-OLIVERAL,10K,10000
cronorunner,VI 10K DE L'HORTA CASTELLAR-OLIVERAL (Cadete (2004-2005)),2019-09-08,Domingo,2.0,road running,Infantil,,,València,Comarca de València,Comunitat Valenciana,162-1248,162-1248-1506,VI 10K DE L'HORTA CASTELLAR-OLIVERAL,Cadete (2004-2005),2000
cronorunner,VI 10K DE L'HORTA CASTELLAR-OLIVERAL (Infantil (2006-2007)),2019-09-08,Domingo,2.0,road running,Infantil,,,València,Comarca de València,Comunitat Valenciana,162-1248,162-1248-1505,VI 10K DE L'HORTA CASTELLAR-OLIVERAL,Infantil (2006-2007),2000
cronorunner,VI 10K DE L'HORTA CASTELLAR-OLIVERAL (Alevín (2008-2009)),2019-09-08,Domingo,1.0,road running,Infantil,,,València,Comarca de València,Comunitat Valenciana,162-1248,162-1248-1504,VI 10K DE L'HORTA CASTELLAR-OLIVERAL,Alevín (2008-2009),1000
cronorunner,VI 10K DE L'HORTA CASTELLAR-OLIVERAL (Benjamín (2010-2011)),2019-09-08,Domingo,0.5,road running,Infantil,,,València,Comarca de València,Comunitat Valenciana,162-1248,162-1248-1503,VI 10K DE L'HORTA CASTELLAR-OLIVERAL,Benjamín (2010-2011),500
cronorunner,VI 10K DE L'HORTA CASTELLAR-OLIVERAL (Pre- benjamín (2012-2013)),2019-09-08,Domingo,0.2,road running,Infantil,,,València,Comarca de València,Comunitat Valenciana,162-1248,162-1248-1502,VI 10K DE L'HORTA CASTELLAR-OLIVERAL,Pre- benjamín (2012-2013),200
cronorunner,XXXVII VUELTA A PIE  VILLAR DEL ARZOBISPO (Carrera 8k),2019-09-07,Sábado,8.0,road running,Absoluta/General,17.0,32.0,Villar del Arzobispo,La Serranía,Comunitat Valenciana,343-1345,343-1345-1569,XXXVII VUELTA A PIE  VILLAR DEL ARZOBISPO,Carrera 8k,8000
cronorunner,XXXVII VUELTA A PIE  VILLAR DEL ARZOBISPO (Trail 13k),2019-09-07,Sábado,13.0,trail running,Absoluta/General,12.0,84.0,Villar del Arzobispo,La Serranía,Comunitat Valenciana,343-1345,343-1345-1570,XXXVII VUELTA A PIE  VILLAR DEL ARZOBISPO,Trail 13k,13000
cronorunner,XXVIII VOLTA A PEU EL PUIG,2019-09-07,Sábado,8.0,road running,Absoluta/General,73.0,283.0,Puig-reig,Berguedà,Catalunya,432-1255,432-1255-1308,XXVIII VOLTA A PEU EL PUIG,Carrera Absoluta,8000
cronorunner,XXIII VOLTA A PEU ALGINET (Benjamin (2010/2011)),2019-09-07,Sábado,0.5,road running,Infantil,16.0,17.0,Alginet,València / Valencia,Comunitat Valenciana,307-1273,307-1273-1573,XXIII VOLTA A PEU ALGINET,Benjamin (2010/2011),500
cronorunner,XXIII VOLTA A PEU ALGINET (Alevín (2008/2009)),2019-09-07,Sábado,1.0,road running,Infantil,12.0,21.0,Alginet,València / Valencia,Comunitat Valenciana,307-1273,307-1273-1574,XXIII VOLTA A PEU ALGINET,Alevín (2008/2009),1000
cronorunner,XXIII VOLTA A PEU ALGINET (Infantil (2006/2007)),2019-09-07,Sábado,1.5,road running,Infantil,10.0,5.0,Alginet,València / Valencia,Comunitat Valenciana,307-1273,307-1273-1575,XXIII VOLTA A PEU ALGINET,Infantil (2006/2007),1500
cronorunner,XXIII VOLTA A PEU ALGINET (Cadet (2002/2005)),2019-09-07,Sábado,2.25,road running,Infantil,7.0,7.0,Alginet,València / Valencia,Comunitat Valenciana,307-1273,307-1273-1576,XXIII VOLTA A PEU ALGINET,Cadet (2002/2005),2250
cronorunner,XXIII VOLTA A PEU ALGINET (8KM),2019-09-07,Sábado,8.0,road running,Absoluta/General,72.0,431.0,Alginet,València / Valencia,Comunitat Valenciana,307-1273,307-1273-1340,XXIII VOLTA A PEU ALGINET,8KM,8000
cronorunner,IV MARXA DE COLORS XIRIVELLA,2019-09-06,Viernes,2.9,road running,Absoluta/General,,,,,,402-1346,402-1346-1572,IV MARXA DE COLORS XIRIVELLA,Marxa de Colors,2900
cronorunner,II GRUPO ENTRENAMIENTO MITJA MARATÓ KAKI (MARTA) (ENTRENAMIENTO CON MARTA (Sábados)),2019-08-31,Sábado,0.0,road running,Absoluta/General,,,,,,544-1347,544-1347-1582,II GRUPO ENTRENAMIENTO MITJA MARATÓ KAKI (MARTA),ENTRENAMIENTO CON MARTA (Sábados),0
cronorunner,II GRUPO ENTRENAMIENTO MITJA MARATÓ KAKI (MARTA) (ENTRENAMIENTO CON MARTA (Miércoles)),2019-08-31,Sábado,0.0,road running,Absoluta/General,,,,,,544-1347,544-1347-1581,II GRUPO ENTRENAMIENTO MITJA MARATÓ KAKI (MARTA),ENTRENAMIENTO CON MARTA (Miércoles),0
cronorunner,II GRUPO ENTRENAMIENTO MITJA MARATÓ KAKI (ALCÚDIA),2019-08-31,Sábado,0.0,road running,Absoluta/General,,,,,,545-1348,545-1348-1583,II GRUPO ENTRENAMIENTO MITJA MARATÓ KAKI (ALCÚDIA),ENTRENAMIENTO EN L'ALCÚDIA,0
cronorunner,V 10K MONTSERRAT,2019-08-30,Viernes,10.0,road running,Absoluta/General,87.0,401.0,Montserrat,València / Valencia,Comunitat Valenciana,347-1276,347-1276-1338,V 10K MONTSERRAT,10KM,10000
cronorunner,XLI VOLTA A PEU BENICULL (Chupetín (2014-2018)),2019-08-26,Lunes,0.1,road running,Infantil,,,Benicull de Xúquer,València / Valencia,Comunitat Valenciana,318-1328,318-1328-1465,XLI VOLTA A PEU BENICULL,Chupetín (2014-2018),100
cronorunner,XLI VOLTA A PEU BENICULL (Pre Benjamín (2013-2012)),2019-08-26,Lunes,0.25,road running,Infantil,,,Benicull de Xúquer,València / Valencia,Comunitat Valenciana,318-1328,318-1328-1466,XLI VOLTA A PEU BENICULL,Pre Benjamín (2013-2012),250
cronorunner,XLI VOLTA A PEU BENICULL (Benjamín (2011-2010)),2019-08-26,Lunes,0.55,road running,Infantil,,,Benicull de Xúquer,València / Valencia,Comunitat Valenciana,318-1328,318-1328-1467,XLI VOLTA A PEU BENICULL,Benjamín (2011-2010),550
cronorunner,XLI VOLTA A PEU BENICULL (Alevin (2009-2008)),2019-08-26,Lunes,0.8,road running,Infantil,,,Benicull de Xúquer,València / Valencia,Comunitat Valenciana,318-1328,318-1328-1468,XLI VOLTA A PEU BENICULL,Alevin (2009-2008),800
cronorunner,XLI VOLTA A PEU BENICULL (Infantil (2007-2006)),2019-08-26,Lunes,1.2,road running,Infantil,,,Benicull de Xúquer,València / Valencia,Comunitat Valenciana,318-1328,318-1328-1469,XLI VOLTA A PEU BENICULL,Infantil (2007-2006),1200
cronorunner,XLI VOLTA A PEU BENICULL (Cadet (2005-2002)),2019-08-26,Lunes,1.8,road running,Infantil,,,Benicull de Xúquer,València / Valencia,Comunitat Valenciana,318-1328,318-1328-1470,XLI VOLTA A PEU BENICULL,Cadet (2005-2002),1800
cronorunner,XLI VOLTA A PEU BENICULL (Carrera Absoluta (8km)),2019-08-26,Lunes,8.0,road running,Absoluta/General,57.0,270.0,Benicull de Xúquer,València / Valencia,Comunitat Valenciana,318-1328,318-1328-1464,XLI VOLTA A PEU BENICULL,Carrera Absoluta (8km),8000
cronorunner,II TRAIL NOCTURNO DE CULLERA,2019-08-24,Sábado,11.4,trail running,Absoluta/General,42.0,259.0,Cullera,València / Valencia,Comunitat Valenciana,542-1332,542-1332-1495,II TRAIL NOCTURNO DE CULLERA,"Trail de 11,4 km",11400
cronorunner,XXV VOLTA A PEU LA CANYADA,2019-08-24,Sábado,6.4,road running,Absoluta/General,73.0,201.0,La Cañada de Verich / la Canyada de Beric,Bajo Aragón,Aragón,331-1343,331-1343-1562,XXV VOLTA A PEU LA CANYADA,Volta a peu La Canyada,6400
cronorunner,X VOLTA A PEU ILLA DEL PALMAR,2019-08-24,Sábado,7.0,road running,Absoluta/General,144.0,454.0,València,Comarca de València,Comunitat Valenciana,270-1245,270-1245-1321,X VOLTA A PEU ILLA DEL PALMAR,Carrera Absoluta,7000
cronorunner,XVII VOLTA A PEU LORIGUILLA (Benjamin (2010/2011)),2019-08-23,Viernes,0.0,road running,Infantil,,,Loriguilla,València / Valencia,Comunitat Valenciana,448-1301,448-1301-1526,XVII VOLTA A PEU LORIGUILLA,Benjamin (2010/2011),0
cronorunner,XVII VOLTA A PEU LORIGUILLA (Alevín (2008-2009)),2019-08-23,Viernes,0.0,road running,Infantil,,,Loriguilla,València / Valencia,Comunitat Valenciana,448-1301,448-1301-1527,XVII VOLTA A PEU LORIGUILLA,Alevín (2008-2009),0
cronorunner,XVII VOLTA A PEU LORIGUILLA (Infantil (2006/2007)),2019-08-23,Viernes,0.0,road running,Infantil,,,Loriguilla,València / Valencia,Comunitat Valenciana,448-1301,448-1301-1528,XVII VOLTA A PEU LORIGUILLA,Infantil (2006/2007),0
cronorunner,XVII VOLTA A PEU LORIGUILLA (Cadet (2004/2005)),2019-08-23,Viernes,0.0,road running,Infantil,,,Loriguilla,València / Valencia,Comunitat Valenciana,448-1301,448-1301-1529,XVII VOLTA A PEU LORIGUILLA,Cadet (2004/2005),0
cronorunner,XVII VOLTA A PEU LORIGUILLA (Juvenil (2002/2003)),2019-08-23,Viernes,0.0,road running,Infantil,,,Loriguilla,València / Valencia,Comunitat Valenciana,448-1301,448-1301-1530,XVII VOLTA A PEU LORIGUILLA,Juvenil (2002/2003),0
cronorunner,XVII VOLTA A PEU LORIGUILLA (Carrera Absoluta),2019-08-23,Viernes,10.0,road running,Absoluta/General,54.0,196.0,Loriguilla,València / Valencia,Comunitat Valenciana,448-1301,448-1301-1525,XVII VOLTA A PEU LORIGUILLA,Carrera Absoluta,10000
cronorunner,XXIX VOLTA A PEU NOCTURNA A MANUEL (Prebenjamins (2012-2013)),2019-08-23,Viernes,0.2,road running,Infantil,14.0,16.0,Manuel,València / Valencia,Comunitat Valenciana,306-1275,306-1275-1557,XXIX VOLTA A PEU NOCTURNA A MANUEL,Prebenjamins (2012-2013),200
cronorunner,XXIX VOLTA A PEU NOCTURNA A MANUEL (Benjamins (2010-2011)),2019-08-23,Viernes,0.55,road running,Infantil,7.0,23.0,Manuel,València / Valencia,Comunitat Valenciana,306-1275,306-1275-1558,XXIX VOLTA A PEU NOCTURNA A MANUEL,Benjamins (2010-2011),550
cronorunner,XXIX VOLTA A PEU NOCTURNA A MANUEL (Alevins (2008-2009)),2019-08-23,Viernes,1.1,road running,Infantil,14.0,14.0,Manuel,València / Valencia,Comunitat Valenciana,306-1275,306-1275-1559,XXIX VOLTA A PEU NOCTURNA A MANUEL,Alevins (2008-2009),1100
cronorunner,XXIX VOLTA A PEU NOCTURNA A MANUEL (Infantils (2006-2007)),2019-08-23,Viernes,1.65,road running,Infantil,6.0,16.0,Manuel,València / Valencia,Comunitat Valenciana,306-1275,306-1275-1560,XXIX VOLTA A PEU NOCTURNA A MANUEL,Infantils (2006-2007),1650
cronorunner,XXIX VOLTA A PEU NOCTURNA A MANUEL (Cadets (2002-2005)),2019-08-23,Viernes,2.2,road running,Infantil,10.0,11.0,Manuel,València / Valencia,Comunitat Valenciana,306-1275,306-1275-1561,XXIX VOLTA A PEU NOCTURNA A MANUEL,Cadets (2002-2005),2200
cronorunner,XXIX VOLTA A PEU NOCTURNA A MANUEL (8KM),2019-08-23,Viernes,8.0,road running,Absoluta/General,110.0,444.0,Manuel,València / Valencia,Comunitat Valenciana,306-1275,306-1275-1339,XXIX VOLTA A PEU NOCTURNA A MANUEL,8KM,8000
cronorunner,XXIII LEGUA SAN ANTONIO DE BENAGÉBER,2019-08-10,Sábado,5.0,road running,Absoluta/General,51.0,153.0,Benagéber,La Serranía,Comunitat Valenciana,453-1309,453-1309-1545,XXIII LEGUA SAN ANTONIO DE BENAGÉBER,Legua San Antonio de Benageber,5000
cronorunner,III VOLTA A PEU BENIFAIÓ,2019-08-08,Jueves,5.0,road running,Absoluta/General,,,Benifaió,València / Valencia,Comunitat Valenciana,350-1342,350-1342-1554,III VOLTA A PEU BENIFAIÓ,5k,5000
cronorunner,XXXII VOLTA A PEU A TURÍS (Prexupeti (2018/2017)),2019-08-05,Lunes,0.03,road running,Absoluta/General,,,Turís,València / Valencia,Comunitat Valenciana,394-1338,394-1338-1532,XXXII VOLTA A PEU A TURÍS,Prexupeti (2018/2017),30
cronorunner,XXXII VOLTA A PEU A TURÍS (Xupeti (2016/2014)),2019-08-05,Lunes,0.06,road running,Absoluta/General,,,Turís,València / Valencia,Comunitat Valenciana,394-1338,394-1338-1533,XXXII VOLTA A PEU A TURÍS,Xupeti (2016/2014),60
cronorunner,XXXII VOLTA A PEU A TURÍS (Prebenjami(2013/2012)),2019-08-05,Lunes,0.3,road running,Infantil,,,Turís,València / Valencia,Comunitat Valenciana,394-1338,394-1338-1534,XXXII VOLTA A PEU A TURÍS,Prebenjami(2013/2012),300
cronorunner,XXXII VOLTA A PEU A TURÍS (Benjami (2011/2010)),2019-08-05,Lunes,0.6,road running,Infantil,,,Turís,València / Valencia,Comunitat Valenciana,394-1338,394-1338-1535,XXXII VOLTA A PEU A TURÍS,Benjami (2011/2010),600
cronorunner,XXXII VOLTA A PEU A TURÍS (Alevi (2009/2008)),2019-08-05,Lunes,1.0,road running,Absoluta/General,,,Turís,València / Valencia,Comunitat Valenciana,394-1338,394-1338-1536,XXXII VOLTA A PEU A TURÍS,Alevi (2009/2008),1000
cronorunner,XXXII VOLTA A PEU A TURÍS (Infantil (2007/2006)),2019-08-05,Lunes,1.6,road running,Infantil,,,Turís,València / Valencia,Comunitat Valenciana,394-1338,394-1338-1537,XXXII VOLTA A PEU A TURÍS,Infantil (2007/2006),1600
cronorunner,XXXII VOLTA A PEU A TURÍS (Juvenil-Cadet (2005/2002)),2019-08-05,Lunes,2.0,road running,Infantil,,,Turís,València / Valencia,Comunitat Valenciana,394-1338,394-1338-1538,XXXII VOLTA A PEU A TURÍS,Juvenil-Cadet (2005/2002),2000
cronorunner,XXXII VOLTA A PEU A TURÍS (Cursa Absoluta),2019-08-05,Lunes,7.7,road running,Absoluta/General,,,Turís,València / Valencia,Comunitat Valenciana,394-1338,394-1338-1524,XXXII VOLTA A PEU A TURÍS,Cursa Absoluta,7700
cronorunner,XXIV CARRERA MATUTINA A LA PLAYA DE CULLERA,2019-08-03,Sábado,7.0,road running,Absoluta/General,75.0,367.0,Cullera,València / Valencia,Comunitat Valenciana,387-1291,387-1291-1516,XXIV CARRERA MATUTINA A LA PLAYA DE CULLERA,Carrera Absoluta,7000
cronorunner,XXII VOLTA A PEU FAVARA (Benjamins (2010/2012)),2019-08-03,Sábado,0.83,road running,Infantil,,,Fabara / Favara,Bajo Aragón-Caspe / Baix Aragó-Casp,Aragón,159-1244,159-1244-1542,XXII VOLTA A PEU FAVARA,Benjamins (2010/2012),830
cronorunner,XXII VOLTA A PEU FAVARA (Alevins (2007/2009)),2019-08-03,Sábado,1.66,road running,Infantil,,,Fabara / Favara,Bajo Aragón-Caspe / Baix Aragó-Casp,Aragón,159-1244,159-1244-1543,XXII VOLTA A PEU FAVARA,Alevins (2007/2009),1660
cronorunner,XXII VOLTA A PEU FAVARA (Cadets (2003/2006)),2019-08-03,Sábado,2.49,road running,Infantil,,,Fabara / Favara,Bajo Aragón-Caspe / Baix Aragó-Casp,Aragón,159-1244,159-1244-1544,XXII VOLTA A PEU FAVARA,Cadets (2003/2006),2490
cronorunner,XXII VOLTA A PEU FAVARA (Carrera Absoluta),2019-08-03,Sábado,8.5,road running,Absoluta/General,109.0,408.0,Fabara / Favara,Bajo Aragón-Caspe / Baix Aragó-Casp,Aragón,159-1244,159-1244-1320,XXII VOLTA A PEU FAVARA,Carrera Absoluta,8500
cronorunner,XIX VOLTA A PEU PEL XÚQUER - RIOLA (Chupetin (2014/2017)),2019-08-02,Viernes,0.1,road running,Infantil,,,Cullera,València / Valencia,Comunitat Valenciana,305-1335,305-1335-1548,XIX VOLTA A PEU PEL XÚQUER - RIOLA,Chupetin (2014/2017),100
cronorunner,XIX VOLTA A PEU PEL XÚQUER - RIOLA (Pre Benjamin (2012/2013)),2019-08-02,Viernes,0.25,road running,Infantil,,,Cullera,València / Valencia,Comunitat Valenciana,305-1335,305-1335-1549,XIX VOLTA A PEU PEL XÚQUER - RIOLA,Pre Benjamin (2012/2013),250
cronorunner,XIX VOLTA A PEU PEL XÚQUER - RIOLA (Benjamin (2011/2010)),2019-08-02,Viernes,0.0,road running,Infantil,,,Cullera,València / Valencia,Comunitat Valenciana,305-1335,305-1335-1550,XIX VOLTA A PEU PEL XÚQUER - RIOLA,Benjamin (2011/2010),0
cronorunner,XIX VOLTA A PEU PEL XÚQUER - RIOLA (Alevi (2009/2008)),2019-08-02,Viernes,0.8,road running,Absoluta/General,,,Cullera,València / Valencia,Comunitat Valenciana,305-1335,305-1335-1551,XIX VOLTA A PEU PEL XÚQUER - RIOLA,Alevi (2009/2008),800
cronorunner,XIX VOLTA A PEU PEL XÚQUER - RIOLA (Infantil (2006/2007)),2019-08-02,Viernes,1.2,road running,Infantil,,,Cullera,València / Valencia,Comunitat Valenciana,305-1335,305-1335-1552,XIX VOLTA A PEU PEL XÚQUER - RIOLA,Infantil (2006/2007),1200
cronorunner,XIX VOLTA A PEU PEL XÚQUER - RIOLA (Cadet (2002/2005)),2019-08-02,Viernes,0.18,road running,Infantil,,,Cullera,València / Valencia,Comunitat Valenciana,305-1335,305-1335-1553,XIX VOLTA A PEU PEL XÚQUER - RIOLA,Cadet (2002/2005),180
cronorunner,XIX VOLTA A PEU PEL XÚQUER - RIOLA (Carrera),2019-08-02,Viernes,8.0,road running,Absoluta/General,79.0,305.0,Cullera,València / Valencia,Comunitat Valenciana,305-1335,305-1335-1507,XIX VOLTA A PEU PEL XÚQUER - RIOLA,Carrera,8000
cronorunner,XIX VOLTA A PEU PEL XÚQUER - RIOLA (Marcha),2019-08-02,Viernes,4.5,marcha,Absoluta/General,,,Cullera,València / Valencia,Comunitat Valenciana,305-1335,305-1335-1508,XIX VOLTA A PEU PEL XÚQUER - RIOLA,Marcha,4500
cronorunner,V 5K MUSEROS (Micros (0-3 anys)),2019-07-27,Sábado,0.05,road running,Absoluta/General,,,Museros,l'Horta Nord,Comunitat Valenciana,435-1254,435-1254-1474,V 5K MUSEROS,Micros (0-3 anys),50
cronorunner,V 5K MUSEROS (Pre Benjamins (4-6 anys)),2019-07-27,Sábado,0.1,road running,Infantil,,,Museros,l'Horta Nord,Comunitat Valenciana,435-1254,435-1254-1475,V 5K MUSEROS,Pre Benjamins (4-6 anys),100
cronorunner,V 5K MUSEROS (Benjamins (7-8 anys)),2019-07-27,Sábado,0.4,road running,Infantil,,,Museros,l'Horta Nord,Comunitat Valenciana,435-1254,435-1254-1477,V 5K MUSEROS,Benjamins (7-8 anys),400
cronorunner,V 5K MUSEROS (Alevins (9-11 anys)),2019-07-27,Sábado,0.5,road running,Infantil,,,Museros,l'Horta Nord,Comunitat Valenciana,435-1254,435-1254-1478,V 5K MUSEROS,Alevins (9-11 anys),500
cronorunner,V 5K MUSEROS (Infantils (12-14 anys)),2019-07-27,Sábado,1.0,road running,Infantil,,,Museros,l'Horta Nord,Comunitat Valenciana,435-1254,435-1254-1479,V 5K MUSEROS,Infantils (12-14 anys),1000
cronorunner,V 5K MUSEROS (Cadets (15-17 anys)),2019-07-27,Sábado,1.5,road running,Infantil,,,Museros,l'Horta Nord,Comunitat Valenciana,435-1254,435-1254-1480,V 5K MUSEROS,Cadets (15-17 anys),1500
cronorunner,V 5K MUSEROS (10K),2019-07-27,Sábado,10.0,road running,Absoluta/General,87.0,368.0,Museros,l'Horta Nord,Comunitat Valenciana,435-1254,435-1254-1307,V 5K MUSEROS,10K,10000
cronorunner,XXIII VOLTA A PEU LLAURÍ,2019-07-26,Viernes,8.0,road running,Absoluta/General,92.0,419.0,Llaurí,València / Valencia,Comunitat Valenciana,395-1277,395-1277-1337,XXIII VOLTA A PEU LLAURÍ,8KM,8000
cronorunner,IX 10K SENSE LÍMITS ALDAIA,2019-07-20,Sábado,10.0,road running,Absoluta/General,198.0,799.0,Aldaia,l'Horta Sud,Comunitat Valenciana,265-1286,265-1286-1481,IX 10K SENSE LÍMITS ALDAIA,10k,10000
cronorunner,XII CARRERA ENTRE OLIVOS Y PINARES VALL DE ALMONACID (Marcha),2019-07-20,Sábado,0.0,marcha,Absoluta/General,,,Vall de Almonacid,Castelló / Castellón,Comunitat Valenciana,336-1314,336-1314-1492,XII CARRERA ENTRE OLIVOS Y PINARES VALL DE ALMONACID,Marcha,0
cronorunner,XII CARRERA ENTRE OLIVOS Y PINARES VALL DE ALMONACID (Carrera),2019-07-20,Sábado,0.0,road running,Absoluta/General,46.0,142.0,Vall de Almonacid,Castelló / Castellón,Comunitat Valenciana,336-1314,336-1314-1491,XII CARRERA ENTRE OLIVOS Y PINARES VALL DE ALMONACID,Carrera,0
cronorunner,XVI VOLTA A PEU JOANOT PRESÈNCIA POLINYÀ DE XÚQUER (Chupetin),2019-07-19,Viernes,0.15,road running,Infantil,,,Polinyà de Xúquer,València / Valencia,Comunitat Valenciana,160-1333,160-1333-1518,XVI VOLTA A PEU JOANOT PRESÈNCIA POLINYÀ DE XÚQUER,Chupetin,150
cronorunner,XVI VOLTA A PEU JOANOT PRESÈNCIA POLINYÀ DE XÚQUER (Benjamin-Alevin),2019-07-19,Viernes,0.4,road running,Infantil,,,Polinyà de Xúquer,València / Valencia,Comunitat Valenciana,160-1333,160-1333-1519,XVI VOLTA A PEU JOANOT PRESÈNCIA POLINYÀ DE XÚQUER,Benjamin-Alevin,400
cronorunner,XVI VOLTA A PEU JOANOT PRESÈNCIA POLINYÀ DE XÚQUER (Infantil (10 a 13 años)),2019-07-19,Viernes,1.0,road running,Infantil,,,Polinyà de Xúquer,València / Valencia,Comunitat Valenciana,160-1333,160-1333-1520,XVI VOLTA A PEU JOANOT PRESÈNCIA POLINYÀ DE XÚQUER,Infantil (10 a 13 años),1000
cronorunner,XVI VOLTA A PEU JOANOT PRESÈNCIA POLINYÀ DE XÚQUER (Carrera Absoluta),2019-07-19,Viernes,8.0,road running,Absoluta/General,58.0,233.0,Polinyà de Xúquer,València / Valencia,Comunitat Valenciana,160-1333,160-1333-1517,XVI VOLTA A PEU JOANOT PRESÈNCIA POLINYÀ DE XÚQUER,Carrera Absoluta,8000
cronorunner,V VUELTA A PIE ALBORACHE (10KM),2019-07-14,Domingo,10.0,road running,Absoluta/General,10.0,63.0,,,,562-1334,562-1334-1497,V VUELTA A PIE ALBORACHE,10KM,10000
cronorunner,V VUELTA A PIE ALBORACHE (5KM),2019-07-14,Domingo,5.0,road running,Absoluta/General,14.0,57.0,,,,562-1334,562-1334-1498,V VUELTA A PIE ALBORACHE,5KM,5000
cronorunner,II TRAIL SANTA BÁRBARA  PINA DE MONTALGRAO-VILLANUEVA DE VIVER (Modalidad 1),2019-07-13,Sábado,5.4,trail running,Absoluta/General,53.0,57.0,Caudiel,Castelló / Castellón,Comunitat Valenciana,540-1317,540-1317-1358,II TRAIL SANTA BÁRBARA  PINA DE MONTALGRAO-VILLANUEVA DE VIVER,Modalidad 1,5400
cronorunner,II TRAIL SANTA BÁRBARA  PINA DE MONTALGRAO-VILLANUEVA DE VIVER (Modalidad 2),2019-07-13,Sábado,12.6,trail running,Absoluta/General,13.0,60.0,Caudiel,Castelló / Castellón,Comunitat Valenciana,540-1317,540-1317-1359,II TRAIL SANTA BÁRBARA  PINA DE MONTALGRAO-VILLANUEVA DE VIVER,Modalidad 2,12600
cronorunner,XXXIII VOLTA A PEU SOLLANA (Caminata),2019-07-13,Sábado,5.0,road running,Absoluta/General,,,Sollana,València / Valencia,Comunitat Valenciana,344-1243,344-1243-1494,XXXIII VOLTA A PEU SOLLANA,Caminata,5000
cronorunner,XXXIII VOLTA A PEU SOLLANA (Carrera Absoluta),2019-07-13,Sábado,8.0,road running,Absoluta/General,135.0,447.0,Sollana,València / Valencia,Comunitat Valenciana,344-1243,344-1243-1319,XXXIII VOLTA A PEU SOLLANA,Carrera Absoluta,8000
cronorunner,II 5K ARCO FOIOS,2019-07-13,Sábado,5.0,road running,Absoluta/General,165.0,400.0,,,,534-1253,534-1253-1306,II 5K ARCO FOIOS,5K,5000
cronorunner,XXXIII VOLTA A PEU NOCTURNA A LA POBLA DE VALLBONA (Mini Benjamin (2014 i posteriors)),2019-07-12,Viernes,0.05,road running,Infantil,,,la Pobla de Vallbona,València / Valencia,Comunitat Valenciana,450-1300,450-1300-1509,XXXIII VOLTA A PEU NOCTURNA A LA POBLA DE VALLBONA,Mini Benjamin (2014 i posteriors),50
cronorunner,XXXIII VOLTA A PEU NOCTURNA A LA POBLA DE VALLBONA (Pre Benjamin (2012/2013)),2019-07-12,Viernes,0.1,road running,Infantil,,,la Pobla de Vallbona,València / Valencia,Comunitat Valenciana,450-1300,450-1300-1510,XXXIII VOLTA A PEU NOCTURNA A LA POBLA DE VALLBONA,Pre Benjamin (2012/2013),100
cronorunner,XXXIII VOLTA A PEU NOCTURNA A LA POBLA DE VALLBONA (Benjamin (2010/2011)),2019-07-12,Viernes,0.425,road running,Infantil,,,la Pobla de Vallbona,València / Valencia,Comunitat Valenciana,450-1300,450-1300-1511,XXXIII VOLTA A PEU NOCTURNA A LA POBLA DE VALLBONA,Benjamin (2010/2011),425
cronorunner,XXXIII VOLTA A PEU NOCTURNA A LA POBLA DE VALLBONA (Alevín (2008/209)),2019-07-12,Viernes,0.925,road running,Infantil,,,la Pobla de Vallbona,València / Valencia,Comunitat Valenciana,450-1300,450-1300-1512,XXXIII VOLTA A PEU NOCTURNA A LA POBLA DE VALLBONA,Alevín (2008/209),925
cronorunner,XXXIII VOLTA A PEU NOCTURNA A LA POBLA DE VALLBONA (Infantil (2006/2007)),2019-07-12,Viernes,1.85,road running,Infantil,,,la Pobla de Vallbona,València / Valencia,Comunitat Valenciana,450-1300,450-1300-1513,XXXIII VOLTA A PEU NOCTURNA A LA POBLA DE VALLBONA,Infantil (2006/2007),1850
cronorunner,XXXIII VOLTA A PEU NOCTURNA A LA POBLA DE VALLBONA (Cadet (2004/2005)),2019-07-12,Viernes,1.85,road running,Infantil,,,la Pobla de Vallbona,València / Valencia,Comunitat Valenciana,450-1300,450-1300-1514,XXXIII VOLTA A PEU NOCTURNA A LA POBLA DE VALLBONA,Cadet (2004/2005),1850
cronorunner,XXXIII VOLTA A PEU NOCTURNA A LA POBLA DE VALLBONA (Juvenil (2002/2003)),2019-07-12,Viernes,1.85,road running,Infantil,,,la Pobla de Vallbona,València / Valencia,Comunitat Valenciana,450-1300,450-1300-1515,XXXIII VOLTA A PEU NOCTURNA A LA POBLA DE VALLBONA,Juvenil (2002/2003),1850
cronorunner,"XXXIII VOLTA A PEU NOCTURNA A LA POBLA DE VALLBONA (Carrera Absoluta (7,5Km))",2019-07-12,Viernes,7.5,road running,Absoluta/General,90.0,315.0,la Pobla de Vallbona,València / Valencia,Comunitat Valenciana,450-1300,450-1300-1496,XXXIII VOLTA A PEU NOCTURNA A LA POBLA DE VALLBONA,"Carrera Absoluta (7,5Km)",7500
cronorunner,XXIX VOLTA A PEU ALBAL,2019-07-06,Sábado,10.0,road running,Absoluta/General,74.0,364.0,Albal,l'Horta Sud,Comunitat Valenciana,324-1285,324-1285-1482,XXIX VOLTA A PEU ALBAL,10k,10000
cronorunner,II 10K SOLIDARIA DE MARINES (10k),2019-07-06,Sábado,10.0,road running,Absoluta/General,37.0,166.0,Marines,València / Valencia,Comunitat Valenciana,555-1310,555-1310-1483,II 10K SOLIDARIA DE MARINES,10k,10000
cronorunner,II 10K SOLIDARIA DE MARINES (5k No competitiva),2019-07-06,Sábado,5.0,road running,Absoluta/General,,,Marines,València / Valencia,Comunitat Valenciana,555-1310,555-1310-1484,II 10K SOLIDARIA DE MARINES,5k No competitiva,5000
cronorunner,XXVII LEGUA URBANA CIUTAT DE TORRENT,2019-07-06,Sábado,5.572,road running,Absoluta/General,75.0,223.0,Torrent,l'Horta Sud,Comunitat Valenciana,266-1331,266-1331-1493,XXVII LEGUA URBANA CIUTAT DE TORRENT,Legua Urbana,5572
cronorunner,XII VOLTA A PEU MARENY DE BARRAQUETES,2019-07-06,Sábado,7.1,road running,Absoluta/General,123.0,406.0,Sueca,València / Valencia,Comunitat Valenciana,304-1278,304-1278-1336,XII VOLTA A PEU MARENY DE BARRAQUETES,"7,1KM",7100
cronorunner,XXVI VOLTA A PEU A GUADASSUAR,2019-07-04,Jueves,8.0,road running,Absoluta/General,112.0,529.0,Guadassuar,València / Valencia,Comunitat Valenciana,561-1329,561-1329-1473,XXVI VOLTA A PEU A GUADASSUAR,Carrera Absoluta (8km),8000
cronorunner,III CARRERA INFANTIL CAIXA RURAL TORRENT A PICANYA (ALEVIN (2007/2008)),2019-07-03,Miércoles,1.0,road running,Infantil,,,Picanya,l'Horta Sud,Comunitat Valenciana,457-1330,457-1330-1488,III CARRERA INFANTIL CAIXA RURAL TORRENT A PICANYA,ALEVIN (2007/2008),1000
cronorunner,III CARRERA INFANTIL CAIXA RURAL TORRENT A PICANYA (BENJAMIN (2009/2010)),2019-07-03,Miércoles,0.6,road running,Infantil,,,Picanya,l'Horta Sud,Comunitat Valenciana,457-1330,457-1330-1487,III CARRERA INFANTIL CAIXA RURAL TORRENT A PICANYA,BENJAMIN (2009/2010),600
cronorunner,III CARRERA INFANTIL CAIXA RURAL TORRENT A PICANYA (PREBENJAMIN (2011/2012)),2019-07-03,Miércoles,0.4,road running,Infantil,,,Picanya,l'Horta Sud,Comunitat Valenciana,457-1330,457-1330-1486,III CARRERA INFANTIL CAIXA RURAL TORRENT A PICANYA,PREBENJAMIN (2011/2012),400
cronorunner,III CARRERA INFANTIL CAIXA RURAL TORRENT A PICANYA (QUERUBI (2013/2014)),2019-07-03,Miércoles,0.2,road running,Infantil,,,Picanya,l'Horta Sud,Comunitat Valenciana,457-1330,457-1330-1485,III CARRERA INFANTIL CAIXA RURAL TORRENT A PICANYA,QUERUBI (2013/2014),200
cronorunner,III CARRERA INFANTIL CAIXA RURAL TORRENT A PICANYA (INFANTIL (2005/2006)),2019-07-03,Miércoles,1.2,road running,Infantil,,,Picanya,l'Horta Sud,Comunitat Valenciana,457-1330,457-1330-1489,III CARRERA INFANTIL CAIXA RURAL TORRENT A PICANYA,INFANTIL (2005/2006),1200
cronorunner,XXIV TRAVESÍA A LA PLAYA DE CULLERA (Prueba Larga),2019-06-30,Domingo,2.5,road running,Absoluta/General,,,Cullera,València / Valencia,Comunitat Valenciana,391-1290,391-1290-1462,XXIV TRAVESÍA A LA PLAYA DE CULLERA,Prueba Larga,2500
cronorunner,XXIV TRAVESÍA A LA PLAYA DE CULLERA (Prueba Promoción),2019-06-30,Domingo,1.3,road running,Absoluta/General,,,Cullera,València / Valencia,Comunitat Valenciana,391-1290,391-1290-1463,XXIV TRAVESÍA A LA PLAYA DE CULLERA,Prueba Promoción,1300
cronorunner,XV VOLTA A PEU NOCTURNA RIBA-ROJA DE TURIA (5k),2019-06-28,Viernes,5.0,road running,Absoluta/General,145.0,196.0,Riba-roja de Túria,València / Valencia,Comunitat Valenciana,261-1299,261-1299-1471,XV VOLTA A PEU NOCTURNA RIBA-ROJA DE TURIA,5k,5000
cronorunner,XV VOLTA A PEU NOCTURNA RIBA-ROJA DE TURIA (10k),2019-06-28,Viernes,10.0,road running,Absoluta/General,93.0,352.0,Riba-roja de Túria,València / Valencia,Comunitat Valenciana,261-1299,261-1299-1472,XV VOLTA A PEU NOCTURNA RIBA-ROJA DE TURIA,10k,10000
cronorunner,XXVIII VOLTA A PEU BENETÚSSER,2019-06-22,Sábado,10.0,road running,Absoluta/General,116.0,563.0,Benetússer,l'Horta Sud,Comunitat Valenciana,443-1284,443-1284-1454,XXVIII VOLTA A PEU BENETÚSSER,10K,10000
cronorunner,XVI GRAN FONS CIUTAT DE LLÍRIA (No competitiva.),2019-06-15,Sábado,0.06,road running,Absoluta/General,,,Llíria,València / Valencia,Comunitat Valenciana,552-1298,552-1298-1434,XVI GRAN FONS CIUTAT DE LLÍRIA,No competitiva.,60
cronorunner,XVI GRAN FONS CIUTAT DE LLÍRIA (Sub 10),2019-06-15,Sábado,0.25,road running,Absoluta/General,,,Llíria,València / Valencia,Comunitat Valenciana,552-1298,552-1298-1435,XVI GRAN FONS CIUTAT DE LLÍRIA,Sub 10,250
cronorunner,XVI GRAN FONS CIUTAT DE LLÍRIA (Sub 12),2019-06-15,Sábado,0.6,road running,Absoluta/General,,,Llíria,València / Valencia,Comunitat Valenciana,552-1298,552-1298-1436,XVI GRAN FONS CIUTAT DE LLÍRIA,Sub 12,600
cronorunner,XVI GRAN FONS CIUTAT DE LLÍRIA (Sub 14),2019-06-15,Sábado,1.0,road running,Absoluta/General,,,Llíria,València / Valencia,Comunitat Valenciana,552-1298,552-1298-1437,XVI GRAN FONS CIUTAT DE LLÍRIA,Sub 14,1000
cronorunner,XVI GRAN FONS CIUTAT DE LLÍRIA (Sub 16),2019-06-15,Sábado,1.2,road running,Absoluta/General,,,Llíria,València / Valencia,Comunitat Valenciana,552-1298,552-1298-1438,XVI GRAN FONS CIUTAT DE LLÍRIA,Sub 16,1200
cronorunner,XVI GRAN FONS CIUTAT DE LLÍRIA (Sub 18),2019-06-15,Sábado,1.8,road running,Absoluta/General,,,Llíria,València / Valencia,Comunitat Valenciana,552-1298,552-1298-1439,XVI GRAN FONS CIUTAT DE LLÍRIA,Sub 18,1800
cronorunner,XVI GRAN FONS CIUTAT DE LLÍRIA (GRAN FONS),2019-06-15,Sábado,15.0,road running,Absoluta/General,219.0,1.0,Llíria,València / Valencia,Comunitat Valenciana,552-1298,552-1298-1432,XVI GRAN FONS CIUTAT DE LLÍRIA,GRAN FONS,15000
cronorunner,XVI GRAN FONS CIUTAT DE LLÍRIA (8KM),2019-06-15,Sábado,8.0,road running,Absoluta/General,73.0,0.0,Llíria,València / Valencia,Comunitat Valenciana,552-1298,552-1298-1433,XVI GRAN FONS CIUTAT DE LLÍRIA,8KM,8000
cronorunner,XVI SUBIDA VERTICAL GRAN HOTEL BALI (OPEN),2019-06-15,Sábado,0.0,trail running,Absoluta/General,0.0,322.0,Arroyo de la Miel-Benalmádena Costa,Costa del Sol Occidental,Andalucía,441-1223,441-1223-1246,XVI SUBIDA VERTICAL GRAN HOTEL BALI,OPEN,0
cronorunner,XVI SUBIDA VERTICAL GRAN HOTEL BALI (ELITE),2019-06-15,Sábado,0.0,trail running,Elite,0.0,42.0,Arroyo de la Miel-Benalmádena Costa,Costa del Sol Occidental,Andalucía,441-1223,441-1223-1247,XVI SUBIDA VERTICAL GRAN HOTEL BALI,ELITE,0
cronorunner,XVI SUBIDA VERTICAL GRAN HOTEL BALI (BOMBEROS/AS),2019-06-15,Sábado,0.0,trail running,Absoluta/General,0.0,56.0,Arroyo de la Miel-Benalmádena Costa,Costa del Sol Occidental,Andalucía,441-1223,441-1223-1248,XVI SUBIDA VERTICAL GRAN HOTEL BALI,BOMBEROS/AS,0
cronorunner,XXII 10K CIUTAT DE BENIPARRELL,2019-06-15,Sábado,10.0,road running,Absoluta/General,138.0,539.0,Beniparrell,l'Horta Sud,Comunitat Valenciana,158-1242,158-1242-1318,XXII 10K CIUTAT DE BENIPARRELL,10K,10000
cronorunner,VII VOLTA A PEU A SANT JOANET,2019-06-15,Sábado,8.0,road running,Absoluta/General,86.0,329.0,Arbúcies,la Selva,Catalunya,302-1279,302-1279-1335,VII VOLTA A PEU A SANT JOANET,8km,8000
cronorunner,IX 10K DOMEÑO,2019-06-02,Domingo,10.0,road running,Absoluta/General,28.0,118.0,Domeño,La Serranía,Comunitat Valenciana,452-1297,452-1297-1373,IX 10K DOMEÑO,10K,10000
cronorunner,VI PUJADA A LA BOLA DE CULLERA,2019-06-02,Domingo,10.6,road running,Absoluta/General,162.0,486.0,Cullera,València / Valencia,Comunitat Valenciana,157-1241,157-1241-1317,VI PUJADA A LA BOLA DE CULLERA,Carrera Absoluta,10600
cronorunner,XXXI GRAN FONS DE MASSANASSA,2019-06-01,Sábado,15.0,road running,Absoluta/General,51.0,388.0,Massanassa,l'Horta Sud,Comunitat Valenciana,228-1322,228-1322-1397,XXXI GRAN FONS DE MASSANASSA,15k,15000
cronorunner,III 10k POBLA DE FARNALS,2019-06-01,Sábado,10.0,road running,Absoluta/General,84.0,276.0,la Pobla de Farnals,l'Horta Nord,Comunitat Valenciana,440-1252,440-1252-1305,III 10k POBLA DE FARNALS,10K,10000
cronorunner,XXXV VOLTA A PEU SANT ONOFRE D'ALGEMESÍ (10KM),2019-06-01,Sábado,10.0,road running,Absoluta/General,109.0,533.0,Algemesí,València / Valencia,Comunitat Valenciana,301-1274,301-1274-1334,XXXV VOLTA A PEU SANT ONOFRE D'ALGEMESÍ,10KM,10000
cronorunner,XXXV VOLTA A PEU SANT ONOFRE D'ALGEMESÍ (Pre Benjamí (2012/2015)),2019-06-01,Sábado,0.08,road running,Infantil,,,Algemesí,València / Valencia,Comunitat Valenciana,301-1274,301-1274-1455,XXXV VOLTA A PEU SANT ONOFRE D'ALGEMESÍ,Pre Benjamí (2012/2015),80
cronorunner,XXXV VOLTA A PEU SANT ONOFRE D'ALGEMESÍ (Benjamí (2010/2011)),2019-06-01,Sábado,0.0,road running,Infantil,6.0,14.0,Algemesí,València / Valencia,Comunitat Valenciana,301-1274,301-1274-1456,XXXV VOLTA A PEU SANT ONOFRE D'ALGEMESÍ,Benjamí (2010/2011),0
cronorunner,XXXV VOLTA A PEU SANT ONOFRE D'ALGEMESÍ (Aleví (2008/2009)),2019-06-01,Sábado,0.0,road running,Absoluta/General,14.0,13.0,Algemesí,València / Valencia,Comunitat Valenciana,301-1274,301-1274-1457,XXXV VOLTA A PEU SANT ONOFRE D'ALGEMESÍ,Aleví (2008/2009),0
cronorunner,XXXV VOLTA A PEU SANT ONOFRE D'ALGEMESÍ (Infantil (2006/2007)),2019-06-01,Sábado,0.0,road running,Infantil,7.0,10.0,Algemesí,València / Valencia,Comunitat Valenciana,301-1274,301-1274-1458,XXXV VOLTA A PEU SANT ONOFRE D'ALGEMESÍ,Infantil (2006/2007),0
cronorunner,XXXV VOLTA A PEU SANT ONOFRE D'ALGEMESÍ (Cadet (2002/2005)),2019-06-01,Sábado,0.0,road running,Infantil,4.0,4.0,Algemesí,València / Valencia,Comunitat Valenciana,301-1274,301-1274-1459,XXXV VOLTA A PEU SANT ONOFRE D'ALGEMESÍ,Cadet (2002/2005),0
cronorunner,III SCHNEIDER ELECTRIC 7K MELIANA (Pre Benjamin (2014-2016)),2019-05-25,Sábado,0.1,road running,Infantil,,,Meliana,l'Horta Nord,Comunitat Valenciana,439-1251,439-1251-1409,III SCHNEIDER ELECTRIC 7K MELIANA,Pre Benjamin (2014-2016),100
cronorunner,III SCHNEIDER ELECTRIC 7K MELIANA (Benjamin (2012-2013)),2019-05-25,Sábado,0.25,road running,Infantil,,,Meliana,l'Horta Nord,Comunitat Valenciana,439-1251,439-1251-1410,III SCHNEIDER ELECTRIC 7K MELIANA,Benjamin (2012-2013),250
cronorunner,III SCHNEIDER ELECTRIC 7K MELIANA (Alevin (2010-2011)),2019-05-25,Sábado,0.5,road running,Infantil,,,Meliana,l'Horta Nord,Comunitat Valenciana,439-1251,439-1251-1411,III SCHNEIDER ELECTRIC 7K MELIANA,Alevin (2010-2011),500
cronorunner,III SCHNEIDER ELECTRIC 7K MELIANA (Infantil (2008-2009)),2019-05-25,Sábado,1.0,road running,Infantil,,,Meliana,l'Horta Nord,Comunitat Valenciana,439-1251,439-1251-1412,III SCHNEIDER ELECTRIC 7K MELIANA,Infantil (2008-2009),1000
cronorunner,III SCHNEIDER ELECTRIC 7K MELIANA (Cadet (2006-2007)),2019-05-25,Sábado,1.5,road running,Infantil,,,Meliana,l'Horta Nord,Comunitat Valenciana,439-1251,439-1251-1414,III SCHNEIDER ELECTRIC 7K MELIANA,Cadet (2006-2007),1500
cronorunner,III SCHNEIDER ELECTRIC 7K MELIANA (Juvenil (2003-2005)),2019-05-25,Sábado,2.0,road running,Infantil,,,Meliana,l'Horta Nord,Comunitat Valenciana,439-1251,439-1251-1416,III SCHNEIDER ELECTRIC 7K MELIANA,Juvenil (2003-2005),2000
cronorunner,III SCHNEIDER ELECTRIC 7K MELIANA (7K),2019-05-25,Sábado,7.0,road running,Absoluta/General,319.0,562.0,Meliana,l'Horta Nord,Comunitat Valenciana,439-1251,439-1251-1304,III SCHNEIDER ELECTRIC 7K MELIANA,7K,7000
cronorunner,III PICATRAIL (23K),2019-05-19,Domingo,23.0,trail running,Absoluta/General,14.0,109.0,,,,535-1316,535-1316-1413,III PICATRAIL,23K,23000
cronorunner,III PICATRAIL (13K),2019-05-19,Domingo,13.0,trail running,Absoluta/General,57.0,195.0,,,,535-1316,535-1316-1415,III PICATRAIL,13K,13000
cronorunner,III PICATRAIL (CAMINATA),2019-05-19,Domingo,8.0,trail running,Absoluta/General,,,,,,535-1316,535-1316-1417,III PICATRAIL,CAMINATA,8000
cronorunner,XXV VOLTA A PEU ALBERIC (LA CARRERA DE LA MONA) (Pre Benjamí (2012 o posteriors)),2019-05-18,Sábado,0.1,road running,Infantil,,,Alberic,València / Valencia,Comunitat Valenciana,264-1272,264-1272-1446,XXV VOLTA A PEU ALBERIC (LA CARRERA DE LA MONA),Pre Benjamí (2012 o posteriors),100
cronorunner,XXV VOLTA A PEU ALBERIC (LA CARRERA DE LA MONA) (Benjamí (2011-2010)),2019-05-18,Sábado,0.4,road running,Infantil,25.0,24.0,Alberic,València / Valencia,Comunitat Valenciana,264-1272,264-1272-1447,XXV VOLTA A PEU ALBERIC (LA CARRERA DE LA MONA),Benjamí (2011-2010),400
cronorunner,XXV VOLTA A PEU ALBERIC (LA CARRERA DE LA MONA) (Aleví (2009-2008)),2019-05-18,Sábado,1.0,road running,Absoluta/General,30.0,19.0,Alberic,València / Valencia,Comunitat Valenciana,264-1272,264-1272-1448,XXV VOLTA A PEU ALBERIC (LA CARRERA DE LA MONA),Aleví (2009-2008),1000
cronorunner,XXV VOLTA A PEU ALBERIC (LA CARRERA DE LA MONA) (Infantil (2007-2006)),2019-05-18,Sábado,1.5,road running,Infantil,6.0,9.0,Alberic,València / Valencia,Comunitat Valenciana,264-1272,264-1272-1449,XXV VOLTA A PEU ALBERIC (LA CARRERA DE LA MONA),Infantil (2007-2006),1500
cronorunner,XXV VOLTA A PEU ALBERIC (LA CARRERA DE LA MONA) (Cadets (2005-2002)),2019-05-18,Sábado,2.0,road running,Infantil,6.0,9.0,Alberic,València / Valencia,Comunitat Valenciana,264-1272,264-1272-1450,XXV VOLTA A PEU ALBERIC (LA CARRERA DE LA MONA),Cadets (2005-2002),2000
cronorunner,XXV VOLTA A PEU ALBERIC (LA CARRERA DE LA MONA) (8KM),2019-05-18,Sábado,8.0,road running,Absoluta/General,118.0,421.0,Alberic,València / Valencia,Comunitat Valenciana,264-1272,264-1272-1333,XXV VOLTA A PEU ALBERIC (LA CARRERA DE LA MONA),8KM,8000
cronorunner,XXXIX VOLTA A PEU LLUIS VIVES,2019-05-17,Viernes,5.2,road running,Absoluta/General,,,Sueca,València / Valencia,Comunitat Valenciana,384-1324,384-1324-1431,XXXIX VOLTA A PEU LLUIS VIVES,Carrera Absoluta,5200
cronorunner,IV 10K MANISES,2019-05-12,Domingo,10.0,road running,Absoluta/General,151.0,449.0,Manises,l'Horta Sud,Comunitat Valenciana,560-1325,560-1325-1440,IV 10K MANISES,Carrera Absoluta (10K),10000
cronorunner,VIII 7K SANT VICENT DE LLIRIA,2019-05-04,Sábado,10.0,road running,Absoluta/General,62.0,175.0,Llíria,València / Valencia,Comunitat Valenciana,445-1296,445-1296-1350,VIII 7K SANT VICENT DE LLIRIA,10K,10000
cronorunner,"X 10k ALBAL ""POR ESA SONRISA"" (CHUPETÍN (2015/2019))",2019-05-04,Sábado,0.1,road running,Infantil,,,,,,514-1240,514-1240-1418,"X 10k ALBAL ""POR ESA SONRISA""",CHUPETÍN (2015/2019),100
cronorunner,"X 10k ALBAL ""POR ESA SONRISA"" (PRE BENJAMÍN (2011/2014))",2019-05-04,Sábado,0.4,road running,Infantil,,,,,,514-1240,514-1240-1419,"X 10k ALBAL ""POR ESA SONRISA""",PRE BENJAMÍN (2011/2014),400
cronorunner,"X 10k ALBAL ""POR ESA SONRISA"" (BENJAMÍN (2009/2010))",2019-05-04,Sábado,0.8,road running,Infantil,,,,,,514-1240,514-1240-1420,"X 10k ALBAL ""POR ESA SONRISA""",BENJAMÍN (2009/2010),800
cronorunner,"X 10k ALBAL ""POR ESA SONRISA"" (ALEVÍN (2007/2008))",2019-05-04,Sábado,0.8,road running,Infantil,,,,,,514-1240,514-1240-1421,"X 10k ALBAL ""POR ESA SONRISA""",ALEVÍN (2007/2008),800
cronorunner,"X 10k ALBAL ""POR ESA SONRISA"" (INFANTIL (2005/2006))",2019-05-04,Sábado,1.2,road running,Infantil,,,,,,514-1240,514-1240-1422,"X 10k ALBAL ""POR ESA SONRISA""",INFANTIL (2005/2006),1200
cronorunner,"X 10k ALBAL ""POR ESA SONRISA"" (CADETE(2003/2004))",2019-05-04,Sábado,1.2,road running,Infantil,,,,,,514-1240,514-1240-1423,"X 10k ALBAL ""POR ESA SONRISA""",CADETE(2003/2004),1200
cronorunner,"X 10k ALBAL ""POR ESA SONRISA"" (JUVENIL(2001/2002))",2019-05-04,Sábado,1.2,road running,Infantil,,,,,,514-1240,514-1240-1424,"X 10k ALBAL ""POR ESA SONRISA""",JUVENIL(2001/2002),1200
cronorunner,"X 10k ALBAL ""POR ESA SONRISA"" (10K)",2019-05-04,Sábado,10.0,road running,Absoluta/General,155.0,493.0,,,,514-1240,514-1240-1316,"X 10k ALBAL ""POR ESA SONRISA""",10K,10000
cronorunner,"X 10k ALBAL ""POR ESA SONRISA"" (CAMINATA)",2019-05-04,Sábado,10.0,road running,Absoluta/General,,,,,,514-1240,514-1240-1425,"X 10k ALBAL ""POR ESA SONRISA""",CAMINATA,10000
cronorunner,IV 5K EMPERADOR MEMORIAL EVA GIMENO (Benjamín (2009-2010)),2019-05-04,Sábado,0.0,road running,Infantil,,,,,,392-1250,392-1250-1427,IV 5K EMPERADOR MEMORIAL EVA GIMENO,Benjamín (2009-2010),0
cronorunner,IV 5K EMPERADOR MEMORIAL EVA GIMENO (Alevín (2007-2008)),2019-05-04,Sábado,0.0,road running,Infantil,,,,,,392-1250,392-1250-1428,IV 5K EMPERADOR MEMORIAL EVA GIMENO,Alevín (2007-2008),0
cronorunner,IV 5K EMPERADOR MEMORIAL EVA GIMENO (Infantil (2005-2006)),2019-05-04,Sábado,0.0,road running,Infantil,,,,,,392-1250,392-1250-1429,IV 5K EMPERADOR MEMORIAL EVA GIMENO,Infantil (2005-2006),0
cronorunner,IV 5K EMPERADOR MEMORIAL EVA GIMENO (Fundación DEPORTEA),2019-05-04,Sábado,0.0,road running,Absoluta/General,,,,,,392-1250,392-1250-1430,IV 5K EMPERADOR MEMORIAL EVA GIMENO,Fundación DEPORTEA,0
cronorunner,IV 5K EMPERADOR MEMORIAL EVA GIMENO (Prebenjamin (2011-2012)),2019-05-04,Sábado,0.1,road running,Infantil,,,,,,392-1250,392-1250-1426,IV 5K EMPERADOR MEMORIAL EVA GIMENO,Prebenjamin (2011-2012),100
cronorunner,IV 5K EMPERADOR MEMORIAL EVA GIMENO (Querubí (2013 i posteriors)),2019-05-04,Sábado,0.05,road running,Absoluta/General,,,,,,392-1250,392-1250-1451,IV 5K EMPERADOR MEMORIAL EVA GIMENO,Querubí (2013 i posteriors),50
cronorunner,IV 5K EMPERADOR MEMORIAL EVA GIMENO (5K),2019-05-04,Sábado,5.0,road running,Absoluta/General,129.0,314.0,,,,392-1250,392-1250-1303,IV 5K EMPERADOR MEMORIAL EVA GIMENO,5K,5000
cronorunner,XXXII VOLTA A PEU A L´ALCÚDIA (Prebenjamí 2012/2019),2019-05-04,Sábado,0.3,road running,Infantil,,,l'Alcúdia,València / Valencia,Comunitat Valenciana,206-1270,206-1270-1441,XXXII VOLTA A PEU A L´ALCÚDIA,Prebenjamí 2012/2019,300
cronorunner,XXXII VOLTA A PEU A L´ALCÚDIA (Benjamí 2010/2011),2019-05-04,Sábado,0.6,road running,Infantil,4.0,18.0,l'Alcúdia,València / Valencia,Comunitat Valenciana,206-1270,206-1270-1442,XXXII VOLTA A PEU A L´ALCÚDIA,Benjamí 2010/2011,600
cronorunner,XXXII VOLTA A PEU A L´ALCÚDIA (Aleví 2008/2009),2019-05-04,Sábado,1.0,road running,Absoluta/General,20.0,14.0,l'Alcúdia,València / Valencia,Comunitat Valenciana,206-1270,206-1270-1443,XXXII VOLTA A PEU A L´ALCÚDIA,Aleví 2008/2009,1000
cronorunner,XXXII VOLTA A PEU A L´ALCÚDIA (Infantil 2006/2007),2019-05-04,Sábado,2.0,road running,Infantil,7.0,9.0,l'Alcúdia,València / Valencia,Comunitat Valenciana,206-1270,206-1270-1444,XXXII VOLTA A PEU A L´ALCÚDIA,Infantil 2006/2007,2000
cronorunner,XXXII VOLTA A PEU A L´ALCÚDIA (Cadet 2004/2002),2019-05-04,Sábado,2.0,road running,Infantil,6.0,6.0,l'Alcúdia,València / Valencia,Comunitat Valenciana,206-1270,206-1270-1445,XXXII VOLTA A PEU A L´ALCÚDIA,Cadet 2004/2002,2000
cronorunner,XXXII VOLTA A PEU A L´ALCÚDIA (10KM),2019-05-04,Sábado,10.0,road running,Absoluta/General,109.0,469.0,l'Alcúdia,València / Valencia,Comunitat Valenciana,206-1270,206-1270-1332,XXXII VOLTA A PEU A L´ALCÚDIA,10KM,10000
cronorunner,VIII VOLTA A PEU I MARXA BONESTAR-LA LLACUNA (Marcha),2019-05-01,Miércoles,11.8,marcha,Absoluta/General,50.0,59.0,,,,320-1280,320-1280-1286,VIII VOLTA A PEU I MARXA BONESTAR-LA LLACUNA,Marcha,11800
cronorunner,VIII VOLTA A PEU I MARXA BONESTAR-LA LLACUNA (Carrera Absoluta),2019-05-01,Miércoles,11.8,road running,Absoluta/General,53.0,130.0,,,,320-1280,320-1280-1285,VIII VOLTA A PEU I MARXA BONESTAR-LA LLACUNA,Carrera Absoluta,11800
cronorunner,VIII VOLTA A PEU A TAVERNES BLANQUES AVAPACE (Marcha),2019-05-01,Miércoles,0.0,marcha,Absoluta/General,,,,,,208-1326,208-1326-1453,VIII VOLTA A PEU A TAVERNES BLANQUES AVAPACE,Marcha,0
cronorunner,VIII VOLTA A PEU A TAVERNES BLANQUES AVAPACE (Volta a Peu),2019-05-01,Miércoles,8.0,road running,Absoluta/General,213.0,408.0,,,,208-1326,208-1326-1452,VIII VOLTA A PEU A TAVERNES BLANQUES AVAPACE,Volta a Peu,8000
cronorunner,XXXII VOLTA A PEU FIBRA VALENCIA VILA D'ALAQUAS (10K),2019-04-27,Sábado,10.0,road running,Absoluta/General,114.0,402.0,Alaquàs,l'Horta Sud,Comunitat Valenciana,323-1283,323-1283-1395,XXXII VOLTA A PEU FIBRA VALENCIA VILA D'ALAQUAS,10K,10000
cronorunner,XXXII VOLTA A PEU FIBRA VALENCIA VILA D'ALAQUAS (5K),2019-04-27,Sábado,5.0,road running,Absoluta/General,,,Alaquàs,l'Horta Sud,Comunitat Valenciana,323-1283,323-1283-1396,XXXII VOLTA A PEU FIBRA VALENCIA VILA D'ALAQUAS,5K,5000
cronorunner,XIX VOLTA A PEU GAVARDA (Iniciació (2012 o posteriores)),2019-04-27,Sábado,0.1,road running,Absoluta/General,,,Gavarda,València / Valencia,Comunitat Valenciana,296-1267,296-1267-1374,XIX VOLTA A PEU GAVARDA,Iniciació (2012 o posteriores),100
cronorunner,XIX VOLTA A PEU GAVARDA (Benjamí (2010/2011)),2019-04-27,Sábado,0.4,road running,Infantil,8.0,20.0,Gavarda,València / Valencia,Comunitat Valenciana,296-1267,296-1267-1375,XIX VOLTA A PEU GAVARDA,Benjamí (2010/2011),400
cronorunner,XIX VOLTA A PEU GAVARDA (Aleví (2008/2009)),2019-04-27,Sábado,1.0,road running,Absoluta/General,21.0,13.0,Gavarda,València / Valencia,Comunitat Valenciana,296-1267,296-1267-1376,XIX VOLTA A PEU GAVARDA,Aleví (2008/2009),1000
cronorunner,XIX VOLTA A PEU GAVARDA (Infantil (2006/2007)),2019-04-27,Sábado,1.4,road running,Infantil,7.0,12.0,Gavarda,València / Valencia,Comunitat Valenciana,296-1267,296-1267-1377,XIX VOLTA A PEU GAVARDA,Infantil (2006/2007),1400
cronorunner,XIX VOLTA A PEU GAVARDA (Cadet (2002/2005)),2019-04-27,Sábado,2.0,road running,Infantil,5.0,12.0,Gavarda,València / Valencia,Comunitat Valenciana,296-1267,296-1267-1378,XIX VOLTA A PEU GAVARDA,Cadet (2002/2005),2000
cronorunner,XIX VOLTA A PEU GAVARDA (8KM),2019-04-27,Sábado,8.0,road running,Absoluta/General,81.0,340.0,Gavarda,València / Valencia,Comunitat Valenciana,296-1267,296-1267-1331,XIX VOLTA A PEU GAVARDA,8KM,8000
cronorunner,XXXVIII VOLTA A PEU XIRIVELLA,2019-04-14,Domingo,6.9,road running,Absoluta/General,333.0,772.0,Xirivella,l'Horta Sud,Comunitat Valenciana,377-1282,377-1282-1357,XXXVIII VOLTA A PEU XIRIVELLA,Volta a peu Xirivella,6900
cronorunner,I CURSA ESCOLAR CAIXA RURAL ALDAIA (INFANTIL (2005/2006)),2019-04-14,Domingo,0.0,road running,Infantil,,,Aldaia,l'Horta Sud,Comunitat Valenciana,559-1323,559-1323-1402,I CURSA ESCOLAR CAIXA RURAL ALDAIA,INFANTIL (2005/2006),0
cronorunner,I CURSA ESCOLAR CAIXA RURAL ALDAIA (ALEVÍN (2007/2008)),2019-04-14,Domingo,0.0,road running,Infantil,,,Aldaia,l'Horta Sud,Comunitat Valenciana,559-1323,559-1323-1401,I CURSA ESCOLAR CAIXA RURAL ALDAIA,ALEVÍN (2007/2008),0
cronorunner,I CURSA ESCOLAR CAIXA RURAL ALDAIA (BENJAMIN (2009/2010)),2019-04-14,Domingo,0.0,road running,Infantil,,,Aldaia,l'Horta Sud,Comunitat Valenciana,559-1323,559-1323-1400,I CURSA ESCOLAR CAIXA RURAL ALDAIA,BENJAMIN (2009/2010),0
cronorunner,I CURSA ESCOLAR CAIXA RURAL ALDAIA (PREBENJAMIN (2011/2012)),2019-04-14,Domingo,0.0,road running,Infantil,,,Aldaia,l'Horta Sud,Comunitat Valenciana,559-1323,559-1323-1399,I CURSA ESCOLAR CAIXA RURAL ALDAIA,PREBENJAMIN (2011/2012),0
cronorunner,I CURSA ESCOLAR CAIXA RURAL ALDAIA (QUERUBI (2013/2014)),2019-04-14,Domingo,0.0,road running,Infantil,,,Aldaia,l'Horta Sud,Comunitat Valenciana,559-1323,559-1323-1398,I CURSA ESCOLAR CAIXA RURAL ALDAIA,QUERUBI (2013/2014),0
cronorunner,V 10MILPASSOS KANGURS BENIFAIÓ,2019-04-13,Sábado,10.0,road running,Absoluta/General,158.0,505.0,,,,311-1239,311-1239-1315,V 10MILPASSOS KANGURS BENIFAIÓ,10K,10000
cronorunner,iv CURSA ESCOLAR A CULLERA (Alevín Masculino (2007/2008)),2019-04-07,Domingo,1.2,road running,Infantil,,,Cullera,València / Valencia,Comunitat Valenciana,386-1289,386-1289-1387,iv CURSA ESCOLAR A CULLERA,Alevín Masculino (2007/2008),1200
cronorunner,iv CURSA ESCOLAR A CULLERA (Alevín Femenino (2007/2008)),2019-04-07,Domingo,1.2,road running,Infantil,,,Cullera,València / Valencia,Comunitat Valenciana,386-1289,386-1289-1388,iv CURSA ESCOLAR A CULLERA,Alevín Femenino (2007/2008),1200
cronorunner,iv CURSA ESCOLAR A CULLERA (Benjamín Masculino (2009/2010)),2019-04-07,Domingo,0.9,road running,Infantil,,,Cullera,València / Valencia,Comunitat Valenciana,386-1289,386-1289-1389,iv CURSA ESCOLAR A CULLERA,Benjamín Masculino (2009/2010),900
cronorunner,iv CURSA ESCOLAR A CULLERA (Benjamín Femenino (2009/2010)),2019-04-07,Domingo,0.9,road running,Infantil,,,Cullera,València / Valencia,Comunitat Valenciana,386-1289,386-1289-1390,iv CURSA ESCOLAR A CULLERA,Benjamín Femenino (2009/2010),900
cronorunner,iv CURSA ESCOLAR A CULLERA (Pre Benjamín Masculino (2011)),2019-04-07,Domingo,0.5,road running,Infantil,,,Cullera,València / Valencia,Comunitat Valenciana,386-1289,386-1289-1391,iv CURSA ESCOLAR A CULLERA,Pre Benjamín Masculino (2011),500
cronorunner,iv CURSA ESCOLAR A CULLERA (Pre Benjamín Femenino (2011)),2019-04-07,Domingo,0.5,road running,Infantil,,,Cullera,València / Valencia,Comunitat Valenciana,386-1289,386-1289-1392,iv CURSA ESCOLAR A CULLERA,Pre Benjamín Femenino (2011),500
cronorunner,iv CURSA ESCOLAR A CULLERA (Querubín Masculino (2012)),2019-04-07,Domingo,0.4,road running,Infantil,,,Cullera,València / Valencia,Comunitat Valenciana,386-1289,386-1289-1393,iv CURSA ESCOLAR A CULLERA,Querubín Masculino (2012),400
cronorunner,iv CURSA ESCOLAR A CULLERA (Querubín Femenino (2012)),2019-04-07,Domingo,0.4,road running,Infantil,,,Cullera,València / Valencia,Comunitat Valenciana,386-1289,386-1289-1394,iv CURSA ESCOLAR A CULLERA,Querubín Femenino (2012),400
cronorunner,VI 10k BIMI SILLA,2019-04-06,Sábado,10.0,road running,Absoluta/General,201.0,688.0,,,,150-1238,150-1238-1314,VI 10k BIMI SILLA,10K,10000
cronorunner,XXI GRAN FONS DE PUÇOL,2019-04-06,Sábado,15.0,road running,Absoluta/General,131.0,587.0,Puçol,l'Horta Nord,Comunitat Valenciana,433-1249,433-1249-1299,XXI GRAN FONS DE PUÇOL,Carrera Absoluta,15000
cronorunner,VI 10K BENIMODO (Menudets (2019/2014)),2019-04-06,Sábado,0.1,road running,Absoluta/General,,,Benimodo,València / Valencia,Comunitat Valenciana,163-1266,163-1266-1367,VI 10K BENIMODO,Menudets (2019/2014),100
cronorunner,VI 10K BENIMODO (Pre-Benjamí (2013/2012)),2019-04-06,Sábado,0.15,road running,Infantil,,,Benimodo,València / Valencia,Comunitat Valenciana,163-1266,163-1266-1368,VI 10K BENIMODO,Pre-Benjamí (2013/2012),150
cronorunner,VI 10K BENIMODO (Benjamí (2010/2011)),2019-04-06,Sábado,0.72,road running,Infantil,11.0,12.0,Benimodo,València / Valencia,Comunitat Valenciana,163-1266,163-1266-1369,VI 10K BENIMODO,Benjamí (2010/2011),720
cronorunner,VI 10K BENIMODO (Aleví (2008/2009)),2019-04-06,Sábado,0.72,road running,Absoluta/General,22.0,24.0,Benimodo,València / Valencia,Comunitat Valenciana,163-1266,163-1266-1370,VI 10K BENIMODO,Aleví (2008/2009),720
cronorunner,VI 10K BENIMODO (Infantil (2006/2007)),2019-04-06,Sábado,1.44,road running,Infantil,6.0,5.0,Benimodo,València / Valencia,Comunitat Valenciana,163-1266,163-1266-1371,VI 10K BENIMODO,Infantil (2006/2007),1440
cronorunner,VI 10K BENIMODO (Cadet (2002/2005)),2019-04-06,Sábado,2.16,road running,Infantil,5.0,7.0,Benimodo,València / Valencia,Comunitat Valenciana,163-1266,163-1266-1372,VI 10K BENIMODO,Cadet (2002/2005),2160
cronorunner,VI 10K BENIMODO (10KM),2019-04-06,Sábado,10.0,road running,Absoluta/General,80.0,371.0,Benimodo,València / Valencia,Comunitat Valenciana,163-1266,163-1266-1330,VI 10K BENIMODO,10KM,10000
cronorunner,IV CURSA ESCOLAR A CULLERA (Infantiles y Cadetes) (Cadete Femenino por Relevos (2002/2004)),2019-04-05,Viernes,2.0,road running,Infantil,,,Cullera,València / Valencia,Comunitat Valenciana,558-1321,558-1321-1380,IV CURSA ESCOLAR A CULLERA (Infantiles y Cadetes),Cadete Femenino por Relevos (2002/2004),2000
cronorunner,IV CURSA ESCOLAR A CULLERA (Infantiles y Cadetes) (Infantil Masculino por Relevos (2005/2006)),2019-04-05,Viernes,2.0,road running,Infantil,,,Cullera,València / Valencia,Comunitat Valenciana,558-1321,558-1321-1382,IV CURSA ESCOLAR A CULLERA (Infantiles y Cadetes),Infantil Masculino por Relevos (2005/2006),2000
cronorunner,IV CURSA ESCOLAR A CULLERA (Infantiles y Cadetes) (Infantil Femenino por Relevos (2005/2006)),2019-04-05,Viernes,1.6,road running,Infantil,,,Cullera,València / Valencia,Comunitat Valenciana,558-1321,558-1321-1381,IV CURSA ESCOLAR A CULLERA (Infantiles y Cadetes),Infantil Femenino por Relevos (2005/2006),1600
cronorunner,IV CURSA ESCOLAR A CULLERA (Infantiles y Cadetes) (Cadete Masculino (2002/2004)),2019-04-05,Viernes,2.6,road running,Infantil,,,Cullera,València / Valencia,Comunitat Valenciana,558-1321,558-1321-1383,IV CURSA ESCOLAR A CULLERA (Infantiles y Cadetes),Cadete Masculino (2002/2004),2600
cronorunner,IV CURSA ESCOLAR A CULLERA (Infantiles y Cadetes) (Cadete Femenino (2002/2004)),2019-04-05,Viernes,2.0,road running,Infantil,,,Cullera,València / Valencia,Comunitat Valenciana,558-1321,558-1321-1384,IV CURSA ESCOLAR A CULLERA (Infantiles y Cadetes),Cadete Femenino (2002/2004),2000
cronorunner,IV CURSA ESCOLAR A CULLERA (Infantiles y Cadetes) (Infantil Masculino (2005/2006)),2019-04-05,Viernes,2.0,road running,Infantil,,,Cullera,València / Valencia,Comunitat Valenciana,558-1321,558-1321-1385,IV CURSA ESCOLAR A CULLERA (Infantiles y Cadetes),Infantil Masculino (2005/2006),2000
cronorunner,IV CURSA ESCOLAR A CULLERA (Infantiles y Cadetes) (Infantil Femenino (2005/2006)),2019-04-05,Viernes,1.5,road running,Infantil,,,Cullera,València / Valencia,Comunitat Valenciana,558-1321,558-1321-1386,IV CURSA ESCOLAR A CULLERA (Infantiles y Cadetes),Infantil Femenino (2005/2006),1500
cronorunner,IV CURSA ESCOLAR A CULLERA (Infantiles y Cadetes) (Cadete Masculino por Relevos (2002/2004)),2019-04-05,Viernes,2.6,road running,Infantil,,,Cullera,València / Valencia,Comunitat Valenciana,558-1321,558-1321-1379,IV CURSA ESCOLAR A CULLERA (Infantiles y Cadetes),Cadete Masculino por Relevos (2002/2004),2600
cronorunner,XII MITJA I QUARTA MARATÓ CIUTAT DE SUECA (Mitja Marató),2019-03-31,Domingo,21.097,road running,Absoluta/General,14.0,67.0,Sueca,València / Valencia,Comunitat Valenciana,554-1306,554-1306-1301,XII MITJA I QUARTA MARATÓ CIUTAT DE SUECA,Mitja Marató,21097
cronorunner,XII MITJA I QUARTA MARATÓ CIUTAT DE SUECA (Quarta),2019-03-31,Domingo,10.58,road running,Absoluta/General,22.0,71.0,Sueca,València / Valencia,Comunitat Valenciana,554-1306,554-1306-1302,XII MITJA I QUARTA MARATÓ CIUTAT DE SUECA,Quarta,10580
cronorunner,II MORISCOS TRAIL (43K),2019-03-31,Domingo,43.0,trail running,Absoluta/General,5.0,43.0,,,,538-1222,538-1222-1245,II MORISCOS TRAIL,43K,43000
cronorunner,II MORISCOS TRAIL (23K),2019-03-31,Domingo,23.0,trail running,Absoluta/General,21.0,100.0,,,,538-1222,538-1222-1244,II MORISCOS TRAIL,23K,23000
cronorunner,II MORISCOS TRAIL (13K),2019-03-31,Domingo,13.0,trail running,Absoluta/General,38.0,79.0,,,,538-1222,538-1222-1243,II MORISCOS TRAIL,13K,13000
cronorunner,I CARRERA ESCOLAR CAIXA RURAL TORRENT (Infantil (2005 a 2006)),2019-03-24,Domingo,1.2,road running,Infantil,,,Torrent,l'Horta Sud,Comunitat Valenciana,557-1319,557-1319-1364,I CARRERA ESCOLAR CAIXA RURAL TORRENT,Infantil (2005 a 2006),1200
cronorunner,I CARRERA ESCOLAR CAIXA RURAL TORRENT (Aleví (2007 a 2008)),2019-03-24,Domingo,1.0,road running,Infantil,,,Torrent,l'Horta Sud,Comunitat Valenciana,557-1319,557-1319-1363,I CARRERA ESCOLAR CAIXA RURAL TORRENT,Aleví (2007 a 2008),1000
cronorunner,I CARRERA ESCOLAR CAIXA RURAL TORRENT (Benjamí (2009 a 2010)),2019-03-24,Domingo,0.6,road running,Infantil,,,Torrent,l'Horta Sud,Comunitat Valenciana,557-1319,557-1319-1362,I CARRERA ESCOLAR CAIXA RURAL TORRENT,Benjamí (2009 a 2010),600
cronorunner,I CARRERA ESCOLAR CAIXA RURAL TORRENT (Pre Benjamí (2011 a 2012)),2019-03-24,Domingo,0.4,road running,Infantil,,,Torrent,l'Horta Sud,Comunitat Valenciana,557-1319,557-1319-1361,I CARRERA ESCOLAR CAIXA RURAL TORRENT,Pre Benjamí (2011 a 2012),400
cronorunner,I CARRERA ESCOLAR CAIXA RURAL TORRENT (Querubí (2013 a 2014)),2019-03-24,Domingo,0.2,road running,Infantil,,,Torrent,l'Horta Sud,Comunitat Valenciana,557-1319,557-1319-1360,I CARRERA ESCOLAR CAIXA RURAL TORRENT,Querubí (2013 a 2014),200
cronorunner,II 10k CIUTAT DE PICASSENT (Chupetines (2019-2014)),2019-03-23,Sábado,0.0,road running,Infantil,,,Picassent,l'Horta Sud,Comunitat Valenciana,536-1237,536-1237-1344,II 10k CIUTAT DE PICASSENT,Chupetines (2019-2014),0
cronorunner,II 10k CIUTAT DE PICASSENT (Prebenjamines (2012-2013)),2019-03-23,Sábado,0.0,road running,Infantil,,,Picassent,l'Horta Sud,Comunitat Valenciana,536-1237,536-1237-1345,II 10k CIUTAT DE PICASSENT,Prebenjamines (2012-2013),0
cronorunner,II 10k CIUTAT DE PICASSENT (Benjamines (2010-2011)),2019-03-23,Sábado,0.0,road running,Infantil,,,Picassent,l'Horta Sud,Comunitat Valenciana,536-1237,536-1237-1346,II 10k CIUTAT DE PICASSENT,Benjamines (2010-2011),0
cronorunner,II 10k CIUTAT DE PICASSENT (Alevines (2008-2009)),2019-03-23,Sábado,0.0,road running,Infantil,,,Picassent,l'Horta Sud,Comunitat Valenciana,536-1237,536-1237-1347,II 10k CIUTAT DE PICASSENT,Alevines (2008-2009),0
cronorunner,II 10k CIUTAT DE PICASSENT (Infantiles (2006-2007)),2019-03-23,Sábado,0.0,road running,Infantil,,,Picassent,l'Horta Sud,Comunitat Valenciana,536-1237,536-1237-1348,II 10k CIUTAT DE PICASSENT,Infantiles (2006-2007),0
cronorunner,II 10k CIUTAT DE PICASSENT (Cadetes (2004-2005)),2019-03-23,Sábado,0.0,road running,Infantil,,,Picassent,l'Horta Sud,Comunitat Valenciana,536-1237,536-1237-1349,II 10k CIUTAT DE PICASSENT,Cadetes (2004-2005),0
cronorunner,II 10k CIUTAT DE PICASSENT (10K),2019-03-23,Sábado,10.0,road running,Absoluta/General,206.0,701.0,Picassent,l'Horta Sud,Comunitat Valenciana,536-1237,536-1237-1313,II 10k CIUTAT DE PICASSENT,10K,10000
cronorunner,XIX VOLTA A PEU CATADAU (Mini Benjamí 2015/2019),2019-03-23,Sábado,0.09,road running,Infantil,,,Catadau,València / Valencia,Comunitat Valenciana,299-1265,299-1265-1351,XIX VOLTA A PEU CATADAU,Mini Benjamí 2015/2019,90
cronorunner,XIX VOLTA A PEU CATADAU (Pre Benjamí 2012/2014),2019-03-23,Sábado,0.09,road running,Infantil,,,Catadau,València / Valencia,Comunitat Valenciana,299-1265,299-1265-1352,XIX VOLTA A PEU CATADAU,Pre Benjamí 2012/2014,90
cronorunner,XIX VOLTA A PEU CATADAU (Benjamí 2010/2011),2019-03-23,Sábado,0.5,road running,Infantil,10.0,19.0,Catadau,València / Valencia,Comunitat Valenciana,299-1265,299-1265-1353,XIX VOLTA A PEU CATADAU,Benjamí 2010/2011,500
cronorunner,XIX VOLTA A PEU CATADAU (Aleví 2008/2009),2019-03-23,Sábado,1.0,road running,Absoluta/General,21.0,13.0,Catadau,València / Valencia,Comunitat Valenciana,299-1265,299-1265-1354,XIX VOLTA A PEU CATADAU,Aleví 2008/2009,1000
cronorunner,XIX VOLTA A PEU CATADAU (Infantil 2006/2007),2019-03-23,Sábado,1.5,road running,Infantil,13.0,8.0,Catadau,València / Valencia,Comunitat Valenciana,299-1265,299-1265-1355,XIX VOLTA A PEU CATADAU,Infantil 2006/2007,1500
cronorunner,XIX VOLTA A PEU CATADAU (Cadet 2002/2005),2019-03-23,Sábado,2.0,road running,Infantil,9.0,12.0,Catadau,València / Valencia,Comunitat Valenciana,299-1265,299-1265-1356,XIX VOLTA A PEU CATADAU,Cadet 2002/2005,2000
cronorunner,"XIX VOLTA A PEU CATADAU (10,5KM)",2019-03-23,Sábado,10.5,road running,Absoluta/General,81.0,336.0,Catadau,València / Valencia,Comunitat Valenciana,299-1265,299-1265-1329,XIX VOLTA A PEU CATADAU,"10,5KM",10500
cronorunner,VIII 10k D' ALCÁNTERA DEL XÚQUER (Mitja),2019-03-10,Domingo,21.097,road running,Absoluta/General,24.0,131.0,Valverde de Júcar,Cuenca,Castilla-La Mancha,134-1263,134-1263-1327,VIII 10k D' ALCÁNTERA DEL XÚQUER,Mitja,21097
cronorunner,VIII 10k D' ALCÁNTERA DEL XÚQUER (Quarta),2019-03-10,Domingo,10.87,road running,Absoluta/General,86.0,302.0,Valverde de Júcar,Cuenca,Castilla-La Mancha,134-1263,134-1263-1328,VIII 10k D' ALCÁNTERA DEL XÚQUER,Quarta,10870
cronorunner,VII CARRERA DE DONES D'ALDAIA,2019-03-02,Sábado,5.0,road running,Absoluta/General,170.0,27.0,,,,322-1305,322-1305-1300,VII CARRERA DE DONES D'ALDAIA,Carrera Absoluta (5KM),5000
cronorunner,II TRAIL SERRA DE CORBERA (TRAIL),2019-03-02,Sábado,19.0,trail running,Absoluta/General,15.0,115.0,Alzira,València / Valencia,Comunitat Valenciana,472-1211,472-1211-1282,II TRAIL SERRA DE CORBERA,TRAIL,19000
cronorunner,II TRAIL SERRA DE CORBERA (SPRINT),2019-03-02,Sábado,8.0,trail running,Absoluta/General,58.0,160.0,Alzira,València / Valencia,Comunitat Valenciana,472-1211,472-1211-1283,II TRAIL SERRA DE CORBERA,SPRINT,8000
cronorunner,II TRAIL SERRA DE CORBERA (CAMINATA),2019-03-02,Sábado,5.75,trail running,Absoluta/General,,,Alzira,València / Valencia,Comunitat Valenciana,472-1211,472-1211-1284,II TRAIL SERRA DE CORBERA,CAMINATA,5750
cronorunner,VII VOLTA A PEU A L ÉNOVA,2019-03-02,Sábado,8.0,road running,Absoluta/General,81.0,348.0,l'Énova,València / Valencia,Comunitat Valenciana,369-1262,369-1262-1325,VII VOLTA A PEU A L ÉNOVA,Carrera Absoluta,8000
cronorunner,XIII GRAN FONS DE TURÍS MEMORIAL RAIMON SORIA (Benjamí (2011-2010)),2019-02-10,Domingo,0.6,road running,Infantil,10.0,16.0,,,,295-1261,295-1261-1295,XIII GRAN FONS DE TURÍS MEMORIAL RAIMON SORIA,Benjamí (2011-2010),600
cronorunner,XIII GRAN FONS DE TURÍS MEMORIAL RAIMON SORIA (Aleví (2009-2008)),2019-02-10,Domingo,1.0,road running,Absoluta/General,14.0,14.0,,,,295-1261,295-1261-1296,XIII GRAN FONS DE TURÍS MEMORIAL RAIMON SORIA,Aleví (2009-2008),1000
cronorunner,XIII GRAN FONS DE TURÍS MEMORIAL RAIMON SORIA (Infantil (2007-2006)),2019-02-10,Domingo,1.6,road running,Infantil,10.0,6.0,,,,295-1261,295-1261-1297,XIII GRAN FONS DE TURÍS MEMORIAL RAIMON SORIA,Infantil (2007-2006),1600
cronorunner,XIII GRAN FONS DE TURÍS MEMORIAL RAIMON SORIA (Cadet (2005-2002)),2019-02-10,Domingo,2.0,road running,Infantil,5.0,19.0,,,,295-1261,295-1261-1298,XIII GRAN FONS DE TURÍS MEMORIAL RAIMON SORIA,Cadet (2005-2002),2000
cronorunner,XIII GRAN FONS DE TURÍS MEMORIAL RAIMON SORIA (Gran Fons),2019-02-10,Domingo,16.0,road running,Absoluta/General,68.0,320.0,,,,295-1261,295-1261-1293,XIII GRAN FONS DE TURÍS MEMORIAL RAIMON SORIA,Gran Fons,16000
cronorunner,XIII GRAN FONS DE TURÍS MEMORIAL RAIMON SORIA (Cursa d'Iniciació),2019-02-10,Domingo,8.6,road running,Absoluta/General,22.0,76.0,,,,295-1261,295-1261-1294,XIII GRAN FONS DE TURÍS MEMORIAL RAIMON SORIA,Cursa d'Iniciació,8600
cronorunner,VII ALÈDUA TRAIL MEMORIAL MJ (K23 (23'5km)),2019-02-03,Domingo,23.5,trail running,Absoluta/General,17.0,222.0,,,,287-1226,287-1226-1258,VII ALÈDUA TRAIL MEMORIAL MJ,K23 (23'5km),23500
cronorunner,VII ALÈDUA TRAIL MEMORIAL MJ (K11 (11km)),2019-02-03,Domingo,11.0,trail running,Absoluta/General,74.0,258.0,,,,287-1226,287-1226-1259,VII ALÈDUA TRAIL MEMORIAL MJ,K11 (11km),11000
cronorunner,XII CARRERA POPULAR PARQUE NATURAL DEL TÚRIA (Nanos (2014-2017)),2019-02-03,Domingo,0.05,road running,Absoluta/General,,,Riba-roja de Túria,València / Valencia,Comunitat Valenciana,366-1234,366-1234-1276,XII CARRERA POPULAR PARQUE NATURAL DEL TÚRIA,Nanos (2014-2017),50
cronorunner,XII CARRERA POPULAR PARQUE NATURAL DEL TÚRIA (Pre Benjamin (2012-2013)),2019-02-03,Domingo,0.08,road running,Infantil,,,Riba-roja de Túria,València / Valencia,Comunitat Valenciana,366-1234,366-1234-1277,XII CARRERA POPULAR PARQUE NATURAL DEL TÚRIA,Pre Benjamin (2012-2013),80
cronorunner,XII CARRERA POPULAR PARQUE NATURAL DEL TÚRIA (Benjamin (2010-2011)),2019-02-03,Domingo,0.3,road running,Infantil,,,Riba-roja de Túria,València / Valencia,Comunitat Valenciana,366-1234,366-1234-1278,XII CARRERA POPULAR PARQUE NATURAL DEL TÚRIA,Benjamin (2010-2011),300
cronorunner,XII CARRERA POPULAR PARQUE NATURAL DEL TÚRIA (Alevin (2008-2009)),2019-02-03,Domingo,0.8,road running,Infantil,,,Riba-roja de Túria,València / Valencia,Comunitat Valenciana,366-1234,366-1234-1279,XII CARRERA POPULAR PARQUE NATURAL DEL TÚRIA,Alevin (2008-2009),800
cronorunner,XII CARRERA POPULAR PARQUE NATURAL DEL TÚRIA (Infantil (2006-2007)),2019-02-03,Domingo,1.6,road running,Infantil,,,Riba-roja de Túria,València / Valencia,Comunitat Valenciana,366-1234,366-1234-1280,XII CARRERA POPULAR PARQUE NATURAL DEL TÚRIA,Infantil (2006-2007),1600
cronorunner,XII CARRERA POPULAR PARQUE NATURAL DEL TÚRIA (Cadete (2004-2005)),2019-02-03,Domingo,2.8,road running,Infantil,,,Riba-roja de Túria,València / Valencia,Comunitat Valenciana,366-1234,366-1234-1281,XII CARRERA POPULAR PARQUE NATURAL DEL TÚRIA,Cadete (2004-2005),2800
cronorunner,XII CARRERA POPULAR PARQUE NATURAL DEL TÚRIA (Carrera Absoluta),2019-02-03,Domingo,10.0,road running,Absoluta/General,95.0,281.0,Riba-roja de Túria,València / Valencia,Comunitat Valenciana,366-1234,366-1234-1275,XII CARRERA POPULAR PARQUE NATURAL DEL TÚRIA,Carrera Absoluta,10000
cronorunner,V VOLTA MUNTANYA DE LLAURÍ (TRA·LLA),2019-01-26,Sábado,18.0,road running,Absoluta/General,14.0,151.0,Llaurí,València / Valencia,Comunitat Valenciana,321-1213,321-1213-1222,V VOLTA MUNTANYA DE LLAURÍ,TRA·LLA,18000
cronorunner,V VOLTA MUNTANYA DE LLAURÍ (SPRINT),2019-01-26,Sábado,12.0,road running,Absoluta/General,41.0,130.0,Llaurí,València / Valencia,Comunitat Valenciana,321-1213,321-1213-1223,V VOLTA MUNTANYA DE LLAURÍ,SPRINT,12000
cronorunner,X TRAIL 3 PICS LES RODANES (INICIACIÓ TRAIL 8K),2019-01-20,Domingo,8.0,trail running,Absoluta/General,66.0,73.0,Vilamarxant,València / Valencia,Comunitat Valenciana,136-1227,136-1227-1261,X TRAIL 3 PICS LES RODANES,INICIACIÓ TRAIL 8K,8000
cronorunner,X TRAIL 3 PICS LES RODANES (RAPITTRAIL 14KM),2019-01-20,Domingo,14.0,trail running,Absoluta/General,110.0,337.0,Vilamarxant,València / Valencia,Comunitat Valenciana,136-1227,136-1227-1262,X TRAIL 3 PICS LES RODANES,RAPITTRAIL 14KM,14000
cronorunner,X TRAIL 3 PICS LES RODANES (PRUEBA REINA 28KM),2019-01-20,Domingo,28.0,trail running,Absoluta/General,24.0,199.0,Vilamarxant,València / Valencia,Comunitat Valenciana,136-1227,136-1227-1263,X TRAIL 3 PICS LES RODANES,PRUEBA REINA 28KM,28000
cronorunner,IV TRAILKIDS 3 PICS LES RODANES VILAMARXANT (Querubí (2013-2014) -Circuito Spartan-),2019-01-19,Sábado,0.0,trail running,Absoluta/General,,,Vilamarxant,València / Valencia,Comunitat Valenciana,449-1288,449-1288-1287,IV TRAILKIDS 3 PICS LES RODANES VILAMARXANT,Querubí (2013-2014) -Circuito Spartan-,0
cronorunner,IV TRAILKIDS 3 PICS LES RODANES VILAMARXANT (Pre-Benjamí (2011-2012)),2019-01-19,Sábado,0.3,trail running,Infantil,,,Vilamarxant,València / Valencia,Comunitat Valenciana,449-1288,449-1288-1288,IV TRAILKIDS 3 PICS LES RODANES VILAMARXANT,Pre-Benjamí (2011-2012),300
cronorunner,IV TRAILKIDS 3 PICS LES RODANES VILAMARXANT (Benjamí (2009-2010)),2019-01-19,Sábado,0.6,trail running,Infantil,,,Vilamarxant,València / Valencia,Comunitat Valenciana,449-1288,449-1288-1289,IV TRAILKIDS 3 PICS LES RODANES VILAMARXANT,Benjamí (2009-2010),600
cronorunner,IV TRAILKIDS 3 PICS LES RODANES VILAMARXANT (Aleví (2007-2008)),2019-01-19,Sábado,1.0,trail running,Absoluta/General,,,Vilamarxant,València / Valencia,Comunitat Valenciana,449-1288,449-1288-1290,IV TRAILKIDS 3 PICS LES RODANES VILAMARXANT,Aleví (2007-2008),1000
cronorunner,IV TRAILKIDS 3 PICS LES RODANES VILAMARXANT (Infantil (2005-2006)),2019-01-19,Sábado,1.5,trail running,Infantil,,,Vilamarxant,València / Valencia,Comunitat Valenciana,449-1288,449-1288-1291,IV TRAILKIDS 3 PICS LES RODANES VILAMARXANT,Infantil (2005-2006),1500
cronorunner,IV TRAILKIDS 3 PICS LES RODANES VILAMARXANT (Cadet (2003-2004)),2019-01-19,Sábado,2.0,trail running,Infantil,,,Vilamarxant,València / Valencia,Comunitat Valenciana,449-1288,449-1288-1292,IV TRAILKIDS 3 PICS LES RODANES VILAMARXANT,Cadet (2003-2004),2000
cronorunner,XXXIV SAN SILVESTRE D'ALBALAT DE LA RIBERA (Querubins (0-7 años)),2018-12-31,Lunes,0.3,road running,Absoluta/General,,,Albalat de la Ribera,València / Valencia,Comunitat Valenciana,113-1221,113-1221-1240,XXXIV SAN SILVESTRE D'ALBALAT DE LA RIBERA,Querubins (0-7 años),300
cronorunner,XXXIV SAN SILVESTRE D'ALBALAT DE LA RIBERA (Infantils),2018-12-31,Lunes,0.8,road running,Infantil,,,Albalat de la Ribera,València / Valencia,Comunitat Valenciana,113-1221,113-1221-1241,XXXIV SAN SILVESTRE D'ALBALAT DE LA RIBERA,Infantils,800
cronorunner,XXXIV SAN SILVESTRE D'ALBALAT DE LA RIBERA (Absoluta),2018-12-31,Lunes,6.0,road running,Absoluta/General,,,Albalat de la Ribera,València / Valencia,Comunitat Valenciana,113-1221,113-1221-1242,XXXIV SAN SILVESTRE D'ALBALAT DE LA RIBERA,Absoluta,6000
cronorunner,IV SANT SILVESTRE D'ALMUSSAFES,2018-12-29,Sábado,5.0,road running,Absoluta/General,,,Almussafes,València / Valencia,Comunitat Valenciana,416-1220,416-1220-1239,IV SANT SILVESTRE D'ALMUSSAFES,SANT SILVESTRE ALMUSSAFES 2018,5000
cronorunner,VI SAN SILVESTRE SOLIDARIA DE L'ALCÚDIA,2018-12-28,Viernes,5.0,road running,Absoluta/General,29.0,185.0,l'Alcúdia,València / Valencia,Comunitat Valenciana,85-1231,85-1231-1268,VI SAN SILVESTRE SOLIDARIA DE L'ALCÚDIA,5K,5000
cronorunner,I CARRERA VIRTUAL SOLIDARIA L'EMPALME (CARRERA (A partir de 18 años)),2018-12-23,Domingo,5.0,road running,Absoluta/General,,,,,,546-1212,546-1212-1213,I CARRERA VIRTUAL SOLIDARIA L'EMPALME,CARRERA (A partir de 18 años),5000
cronorunner,I CARRERA VIRTUAL SOLIDARIA L'EMPALME (CARRERA (0-14 AÑOS)),2018-12-23,Domingo,5.0,road running,Absoluta/General,,,,,,546-1212,546-1212-1214,I CARRERA VIRTUAL SOLIDARIA L'EMPALME,CARRERA (0-14 AÑOS),5000
cronorunner,I CARRERA VIRTUAL SOLIDARIA L'EMPALME (CARRERA (15-17 AÑOS)),2018-12-23,Domingo,5.0,road running,Absoluta/General,,,,,,546-1212,546-1212-1215,I CARRERA VIRTUAL SOLIDARIA L'EMPALME,CARRERA (15-17 AÑOS),5000
cronorunner,I CARRERA VIRTUAL SOLIDARIA L'EMPALME (MARCHA (A partir de 18 años)),2018-12-23,Domingo,5.0,marcha,Absoluta/General,,,,,,546-1212,546-1212-1216,I CARRERA VIRTUAL SOLIDARIA L'EMPALME,MARCHA (A partir de 18 años),5000
cronorunner,I CARRERA VIRTUAL SOLIDARIA L'EMPALME (MARCHA (0-14 AÑOS)),2018-12-23,Domingo,5.0,marcha,Absoluta/General,,,,,,546-1212,546-1212-1217,I CARRERA VIRTUAL SOLIDARIA L'EMPALME,MARCHA (0-14 AÑOS),5000
cronorunner,I CARRERA VIRTUAL SOLIDARIA L'EMPALME (MARCHA (15-17 AÑOS)),2018-12-23,Domingo,5.0,marcha,Absoluta/General,,,,,,546-1212,546-1212-1218,I CARRERA VIRTUAL SOLIDARIA L'EMPALME,MARCHA (15-17 AÑOS),5000
cronorunner,I CARRERA VIRTUAL SOLIDARIA L'EMPALME (FILA 0),2018-12-23,Domingo,0.0,road running,Absoluta/General,,,,,,546-1212,546-1212-1221,I CARRERA VIRTUAL SOLIDARIA L'EMPALME,FILA 0,0
cronorunner,V 10K Arco Foios per la Fibrosi Quistica (Carrera Absoluta),2018-12-23,Domingo,10.0,road running,Absoluta/General,267.0,641.0,,,,468-1217,468-1217-1226,V 10K Arco Foios per la Fibrosi Quistica,Carrera Absoluta,10000
cronorunner,V 10K Arco Foios per la Fibrosi Quistica (Querubines 2013-2014),2018-12-23,Domingo,0.05,road running,Absoluta/General,,,,,,468-1217,468-1217-1227,V 10K Arco Foios per la Fibrosi Quistica,Querubines 2013-2014,50
cronorunner,V 10K Arco Foios per la Fibrosi Quistica (Pre-Benjamin 2011-2012),2018-12-23,Domingo,0.25,road running,Infantil,,,,,,468-1217,468-1217-1228,V 10K Arco Foios per la Fibrosi Quistica,Pre-Benjamin 2011-2012,250
cronorunner,V 10K Arco Foios per la Fibrosi Quistica (Benjamin 2009-2010),2018-12-23,Domingo,0.45,road running,Infantil,,,,,,468-1217,468-1217-1229,V 10K Arco Foios per la Fibrosi Quistica,Benjamin 2009-2010,450
cronorunner,V 10K Arco Foios per la Fibrosi Quistica (Alevin 2007-2008),2018-12-23,Domingo,0.7,road running,Infantil,,,,,,468-1217,468-1217-1230,V 10K Arco Foios per la Fibrosi Quistica,Alevin 2007-2008,700
cronorunner,V 10K Arco Foios per la Fibrosi Quistica (Infantil 2005-2006),2018-12-23,Domingo,1.0,road running,Infantil,,,,,,468-1217,468-1217-1231,V 10K Arco Foios per la Fibrosi Quistica,Infantil 2005-2006,1000
cronorunner,V 10K Arco Foios per la Fibrosi Quistica (Cadete 2003-2004),2018-12-23,Domingo,1.2,road running,Infantil,,,,,,468-1217,468-1217-1232,V 10K Arco Foios per la Fibrosi Quistica,Cadete 2003-2004,1200
cronorunner,IV SANT SILVESTRE NOCTURNA RIOLA (3-5 Anys (50m)),2018-12-23,Domingo,0.05,road running,Absoluta/General,,,Riola,València / Valencia,Comunitat Valenciana,360-1232,360-1232-1270,IV SANT SILVESTRE NOCTURNA RIOLA,3-5 Anys (50m),50
cronorunner,IV SANT SILVESTRE NOCTURNA RIOLA (9-10 anys (250m)),2018-12-23,Domingo,0.25,road running,Absoluta/General,,,Riola,València / Valencia,Comunitat Valenciana,360-1232,360-1232-1271,IV SANT SILVESTRE NOCTURNA RIOLA,9-10 anys (250m),250
cronorunner,IV SANT SILVESTRE NOCTURNA RIOLA (6-8 Anys (100m)),2018-12-23,Domingo,0.1,road running,Absoluta/General,,,Riola,València / Valencia,Comunitat Valenciana,360-1232,360-1232-1272,IV SANT SILVESTRE NOCTURNA RIOLA,6-8 Anys (100m),100
cronorunner,IV SANT SILVESTRE NOCTURNA RIOLA (11-13 Anys (500m)),2018-12-23,Domingo,0.5,road running,Absoluta/General,,,Riola,València / Valencia,Comunitat Valenciana,360-1232,360-1232-1273,IV SANT SILVESTRE NOCTURNA RIOLA,11-13 Anys (500m),500
cronorunner,"IV SANT SILVESTRE NOCTURNA RIOLA (Carrera Absoluta (4,8K))",2018-12-23,Domingo,4.8,road running,Absoluta/General,,,Riola,València / Valencia,Comunitat Valenciana,360-1232,360-1232-1269,IV SANT SILVESTRE NOCTURNA RIOLA,"Carrera Absoluta (4,8K)",4800
cronorunner,III SANT SILVESTRE FALLA DEL POBLE DE SOLLANA,2018-12-22,Sábado,5.2,road running,Absoluta/General,,,Sollana,València / Valencia,Comunitat Valenciana,426-1233,426-1233-1274,III SANT SILVESTRE FALLA DEL POBLE DE SOLLANA,III Sant Silvestre Sollana,5200
cronorunner,V GALA CIRCUIT CAIXA POPULAR RUNNING SOLIDARI (5 Carreras),2018-12-12,Miércoles,0.0,road running,Absoluta/General,,,,,,471-1230,471-1230-1264,V GALA CIRCUIT CAIXA POPULAR RUNNING SOLIDARI,5 Carreras,0
cronorunner,V GALA CIRCUIT CAIXA POPULAR RUNNING SOLIDARI (6 Carreras),2018-12-12,Miércoles,0.0,road running,Absoluta/General,,,,,,471-1230,471-1230-1265,V GALA CIRCUIT CAIXA POPULAR RUNNING SOLIDARI,6 Carreras,0
cronorunner,V GALA CIRCUIT CAIXA POPULAR RUNNING SOLIDARI (7 Carreras),2018-12-12,Miércoles,0.0,road running,Absoluta/General,,,,,,471-1230,471-1230-1266,V GALA CIRCUIT CAIXA POPULAR RUNNING SOLIDARI,7 Carreras,0
cronorunner,V GALA CIRCUIT CAIXA POPULAR RUNNING SOLIDARI (8 Carreras),2018-12-12,Miércoles,0.0,road running,Absoluta/General,,,,,,471-1230,471-1230-1267,V GALA CIRCUIT CAIXA POPULAR RUNNING SOLIDARI,8 Carreras,0
cronorunner,VIII GALA CIRCUIT RIBERA DE XÚQUER (De 12 a 14 Curses),2018-11-30,Viernes,0.0,road running,Absoluta/General,,,Cullera,València / Valencia,Comunitat Valenciana,356-1218,356-1218-1233,VIII GALA CIRCUIT RIBERA DE XÚQUER,De 12 a 14 Curses,0
cronorunner,VIII GALA CIRCUIT RIBERA DE XÚQUER (15 Curses o més),2018-11-30,Viernes,0.0,road running,Absoluta/General,,,Cullera,València / Valencia,Comunitat Valenciana,356-1218,356-1218-1234,VIII GALA CIRCUIT RIBERA DE XÚQUER,15 Curses o més,0
cronorunner,IV 10k y 5K DINOSAURIS MONCADA,2018-11-25,Domingo,10.0,road running,Absoluta/General,53.0,219.0,,,,351-1179,351-1179-1154,IV 10k y 5K DINOSAURIS MONCADA,10K,10000
cronorunner,XXXV VOLTA A PEU A CULLERA,2018-11-25,Domingo,12.7,road running,Absoluta/General,98.0,336.0,Cullera,València / Valencia,Comunitat Valenciana,462-1181,462-1181-1181,XXXV VOLTA A PEU A CULLERA,Volta a Peu a Cullera,12700
cronorunner,I CURSA ESCOLAR CAIXA RURAL TORRENT - PAIPORTA (Prebenjamí (2011-2012)),2018-11-25,Domingo,0.4,road running,Infantil,,,Torrent,l'Horta Sud,Comunitat Valenciana,547-1224,547-1224-1250,I CURSA ESCOLAR CAIXA RURAL TORRENT - PAIPORTA,Prebenjamí (2011-2012),400
cronorunner,I CURSA ESCOLAR CAIXA RURAL TORRENT - PAIPORTA (Benjamí (2009-2010)),2018-11-25,Domingo,0.6,road running,Infantil,,,Torrent,l'Horta Sud,Comunitat Valenciana,547-1224,547-1224-1251,I CURSA ESCOLAR CAIXA RURAL TORRENT - PAIPORTA,Benjamí (2009-2010),600
cronorunner,I CURSA ESCOLAR CAIXA RURAL TORRENT - PAIPORTA (Aleví (2007-2008)),2018-11-25,Domingo,0.8,road running,Infantil,,,Torrent,l'Horta Sud,Comunitat Valenciana,547-1224,547-1224-1252,I CURSA ESCOLAR CAIXA RURAL TORRENT - PAIPORTA,Aleví (2007-2008),800
cronorunner,I CURSA ESCOLAR CAIXA RURAL TORRENT - PAIPORTA (Infantil (2005-2006)),2018-11-25,Domingo,1.3,road running,Infantil,,,Torrent,l'Horta Sud,Comunitat Valenciana,547-1224,547-1224-1253,I CURSA ESCOLAR CAIXA RURAL TORRENT - PAIPORTA,Infantil (2005-2006),1300
cronorunner,I CURSA ESCOLAR CAIXA RURAL TORRENT - PAIPORTA (Cadet (2003-20043)),2018-11-25,Domingo,1.5,road running,Infantil,,,Torrent,l'Horta Sud,Comunitat Valenciana,547-1224,547-1224-1254,I CURSA ESCOLAR CAIXA RURAL TORRENT - PAIPORTA,Cadet (2003-20043),1500
cronorunner,I CURSA ESCOLAR CAIXA RURAL TORRENT - PAIPORTA (Querubí (2013-2014)),2018-11-25,Domingo,0.2,road running,Infantil,,,Torrent,l'Horta Sud,Comunitat Valenciana,547-1224,547-1224-1656,I CURSA ESCOLAR CAIXA RURAL TORRENT - PAIPORTA,Querubí (2013-2014),200
cronorunner,XXXVIII BESTDRIVE 10K. MISLATA 2018 (BESTDRIVE 10K. MISLATA 2018),2018-11-18,Domingo,10.0,road running,Absoluta/General,85.0,357.0,Mislata,l'Horta Sud,Comunitat Valenciana,227-1178,227-1178-1210,XXXVIII BESTDRIVE 10K. MISLATA 2018,BESTDRIVE 10K. MISLATA 2018,10000
cronorunner,XXXVIII BESTDRIVE 10K. MISLATA 2018 (2 x 5K),2018-11-18,Domingo,10.0,road running,Absoluta/General,0.0,35.0,Mislata,l'Horta Sud,Comunitat Valenciana,227-1178,227-1178-1211,XXXVIII BESTDRIVE 10K. MISLATA 2018,2 x 5K,10000
cronorunner,II GALA CIRCUIT DE L'HORTA NORD (Elección Talla Obsequio (TODAS LA CARRERAS COMPLETADAS)),2018-11-17,Sábado,0.0,road running,Absoluta/General,,,,l'Horta Nord,Comunitat Valenciana,469-1225,469-1225-1255,II GALA CIRCUIT DE L'HORTA NORD,Elección Talla Obsequio (TODAS LA CARRERAS COMPLETADAS),0
cronorunner,II GALA CIRCUIT DE L'HORTA NORD (De 7 a 9 carreras),2018-11-17,Sábado,0.0,road running,Absoluta/General,,,,l'Horta Nord,Comunitat Valenciana,469-1225,469-1225-1257,II GALA CIRCUIT DE L'HORTA NORD,De 7 a 9 carreras,0
cronorunner,II GALA CIRCUIT DE L'HORTA NORD (Acompañantes y Niños),2018-11-17,Sábado,0.0,road running,Absoluta/General,,,,l'Horta Nord,Comunitat Valenciana,469-1225,469-1225-1256,II GALA CIRCUIT DE L'HORTA NORD,Acompañantes y Niños,0
cronorunner,"V GALA FINAL CIRCUIT DE L'ALBUFERA (GALA CIRCUITO ALBUFERA (9 a 11 pruebas, SOLO CAMISETA))",2018-11-16,Viernes,0.0,road running,Absoluta/General,,,València,Comarca de València,Comunitat Valenciana,357-1219,357-1219-1235,V GALA FINAL CIRCUIT DE L'ALBUFERA,"GALA CIRCUITO ALBUFERA (9 a 11 pruebas, SOLO CAMISETA)",0
cronorunner,"V GALA FINAL CIRCUIT DE L'ALBUFERA (GALA CIRCUITO ALBUFERA (12 pruebas, CAMISETA+SOFT SHELL))",2018-11-16,Viernes,0.0,road running,Absoluta/General,,,València,Comarca de València,Comunitat Valenciana,357-1219,357-1219-1236,V GALA FINAL CIRCUIT DE L'ALBUFERA,"GALA CIRCUITO ALBUFERA (12 pruebas, CAMISETA+SOFT SHELL)",0
cronorunner,V GALA FINAL CIRCUIT DE L'ALBUFERA (GALA CIRCUITO ALBUFERA (Acompañantes y Niños)),2018-11-16,Viernes,0.0,road running,Absoluta/General,,,València,Comarca de València,Comunitat Valenciana,357-1219,357-1219-1237,V GALA FINAL CIRCUIT DE L'ALBUFERA,GALA CIRCUITO ALBUFERA (Acompañantes y Niños),0
cronorunner,V GALA FINAL CIRCUIT DE L'ALBUFERA (CENA GALA CIRCUITO ALBUFERA),2018-11-16,Viernes,0.0,road running,Absoluta/General,,,València,Comarca de València,Comunitat Valenciana,357-1219,357-1219-1238,V GALA FINAL CIRCUIT DE L'ALBUFERA,CENA GALA CIRCUITO ALBUFERA,0
cronorunner,"V VOLTA A PEU Y CAMINATA SOLIDARIA, TOTS AMB JOSEP (Carrera)",2018-11-11,Domingo,7.0,road running,Absoluta/General,76.0,184.0,Valls,Alt Camp,Tarragona,539-1189,539-1189-1082,"V VOLTA A PEU Y CAMINATA SOLIDARIA, TOTS AMB JOSEP",Carrera,7000
cronorunner,"V VOLTA A PEU Y CAMINATA SOLIDARIA, TOTS AMB JOSEP (Caminata)",2018-11-11,Domingo,3.5,road running,Absoluta/General,,,Valls,Alt Camp,Tarragona,539-1189,539-1189-1083,"V VOLTA A PEU Y CAMINATA SOLIDARIA, TOTS AMB JOSEP",Caminata,3500
cronorunner,V CURSA PER EQUIPS I MARXA DE L'MPOC (EQUIPS MASCULINS (3 MEMBRES)),2018-11-11,Domingo,5.0,road running,Absoluta/General,,,,,,359-1205,359-1205-1194,V CURSA PER EQUIPS I MARXA DE L'MPOC,EQUIPS MASCULINS (3 MEMBRES),5000
cronorunner,V CURSA PER EQUIPS I MARXA DE L'MPOC (EQUIPS FEMENINS (3 MEMBRES)),2018-11-11,Domingo,5.0,road running,Absoluta/General,,,,,,359-1205,359-1205-1195,V CURSA PER EQUIPS I MARXA DE L'MPOC,EQUIPS FEMENINS (3 MEMBRES),5000
cronorunner,V CURSA PER EQUIPS I MARXA DE L'MPOC (EQUIPS MASCULINS (4 MEMBRES)),2018-11-11,Domingo,5.0,road running,Absoluta/General,,,,,,359-1205,359-1205-1196,V CURSA PER EQUIPS I MARXA DE L'MPOC,EQUIPS MASCULINS (4 MEMBRES),5000
cronorunner,V CURSA PER EQUIPS I MARXA DE L'MPOC (EQUIPS FEMENINS (4 MEMBRES)),2018-11-11,Domingo,5.0,road running,Absoluta/General,,,,,,359-1205,359-1205-1197,V CURSA PER EQUIPS I MARXA DE L'MPOC,EQUIPS FEMENINS (4 MEMBRES),5000
cronorunner,V CURSA PER EQUIPS I MARXA DE L'MPOC (EQUIPS MIXTES (3 MEMBRES)),2018-11-11,Domingo,5.0,road running,Absoluta/General,,,,,,359-1205,359-1205-1198,V CURSA PER EQUIPS I MARXA DE L'MPOC,EQUIPS MIXTES (3 MEMBRES),5000
cronorunner,V CURSA PER EQUIPS I MARXA DE L'MPOC (EQUIPS MIXTES (4 MEMBRES)),2018-11-11,Domingo,5.0,road running,Absoluta/General,,,,,,359-1205,359-1205-1199,V CURSA PER EQUIPS I MARXA DE L'MPOC,EQUIPS MIXTES (4 MEMBRES),5000
cronorunner,V CURSA PER EQUIPS I MARXA DE L'MPOC (MARXA SOLIDARIA PER L'MPOC),2018-11-11,Domingo,5.0,road running,Absoluta/General,,,,,,359-1205,359-1205-1200,V CURSA PER EQUIPS I MARXA DE L'MPOC,MARXA SOLIDARIA PER L'MPOC,5000
cronorunner,VII VOLTA A PEU SANTA CECILIA CULLERA,2018-11-11,Domingo,6.9,road running,Absoluta/General,,,Cullera,València / Valencia,Comunitat Valenciana,285-1210,285-1210-1212,VII VOLTA A PEU SANTA CECILIA CULLERA,Volta a peu Santa Cecília,6900
cronorunner,V 5K Y 10K ALBALAT DELS SORELLS (Benjamin 2012/2018),2018-11-10,Sábado,0.3,road running,Infantil,,,Albalat dels Sorells,l'Horta Nord,Comunitat Valenciana,434-1094,434-1094-1206,V 5K Y 10K ALBALAT DELS SORELLS,Benjamin 2012/2018,300
cronorunner,V 5K Y 10K ALBALAT DELS SORELLS (Infantil 2006/2008),2018-11-10,Sábado,0.8,road running,Infantil,,,Albalat dels Sorells,l'Horta Nord,Comunitat Valenciana,434-1094,434-1094-1208,V 5K Y 10K ALBALAT DELS SORELLS,Infantil 2006/2008,800
cronorunner,V 5K Y 10K ALBALAT DELS SORELLS (Cadete 2003/2005),2018-11-10,Sábado,1.6,road running,Infantil,,,Albalat dels Sorells,l'Horta Nord,Comunitat Valenciana,434-1094,434-1094-1209,V 5K Y 10K ALBALAT DELS SORELLS,Cadete 2003/2005,1600
cronorunner,V 5K Y 10K ALBALAT DELS SORELLS (10k),2018-11-10,Sábado,10.0,road running,Absoluta/General,110.0,318.0,Albalat dels Sorells,l'Horta Nord,Comunitat Valenciana,434-1094,434-1094-983,V 5K Y 10K ALBALAT DELS SORELLS,10k,10000
cronorunner,V 5K Y 10K ALBALAT DELS SORELLS (5K),2018-11-10,Sábado,5.0,road running,Absoluta/General,73.0,95.0,Albalat dels Sorells,l'Horta Nord,Comunitat Valenciana,434-1094,434-1094-1205,V 5K Y 10K ALBALAT DELS SORELLS,5K,5000
cronorunner,V 5K Y 10K ALBALAT DELS SORELLS (Alevin 2009/2011),2018-11-10,Sábado,0.5,road running,Infantil,,,Albalat dels Sorells,l'Horta Nord,Comunitat Valenciana,434-1094,434-1094-1207,V 5K Y 10K ALBALAT DELS SORELLS,Alevin 2009/2011,500
cronorunner,XXIII MITJA MARATÓ CIUTAT DE XIRIVELLA,2018-11-04,Domingo,21.097,road running,Absoluta/General,35.0,355.0,Xirivella,l'Horta Sud,Comunitat Valenciana,226-1215,226-1215-1224,XXIII MITJA MARATÓ CIUTAT DE XIRIVELLA,Mitja Marató,21097
cronorunner,IV 10k y la VII Caminata de la Miel,2018-11-04,Domingo,10.0,road running,Absoluta/General,12.0,77.0,Torrequebrada,Costa del Sol Occidental,Andalucía,409-1216,409-1216-1225,IV 10k y la VII Caminata de la Miel,10k Carrera de la Miel Urban Trail,10000
cronorunner,V 5K MASSALFASSAR (Pre-Benjamin 2011/2018),2018-11-03,Sábado,0.25,road running,Infantil,,,Massalfassar,l'Horta Nord,Comunitat Valenciana,442-1104,442-1104-1201,V 5K MASSALFASSAR,Pre-Benjamin 2011/2018,250
cronorunner,V 5K MASSALFASSAR (Benjamin 2008/2010),2018-11-03,Sábado,0.5,road running,Infantil,,,Massalfassar,l'Horta Nord,Comunitat Valenciana,442-1104,442-1104-1202,V 5K MASSALFASSAR,Benjamin 2008/2010,500
cronorunner,V 5K MASSALFASSAR (Aleví 2005/2007),2018-11-03,Sábado,0.75,road running,Absoluta/General,,,Massalfassar,l'Horta Nord,Comunitat Valenciana,442-1104,442-1104-1203,V 5K MASSALFASSAR,Aleví 2005/2007,750
cronorunner,V 5K MASSALFASSAR (Infantil-Cadet 2001/2004),2018-11-03,Sábado,1.0,road running,Infantil,,,Massalfassar,l'Horta Nord,Comunitat Valenciana,442-1104,442-1104-1204,V 5K MASSALFASSAR,Infantil-Cadet 2001/2004,1000
cronorunner,V 5K MASSALFASSAR (5k),2018-11-03,Sábado,5.0,road running,Absoluta/General,97.0,269.0,Massalfassar,l'Horta Nord,Comunitat Valenciana,442-1104,442-1104-984,V 5K MASSALFASSAR,5k,5000
cronorunner,XXXV VOLTA A PEU PORT DE CATARROJA,2018-11-03,Sábado,10.0,road running,Absoluta/General,169.0,555.0,Catarroja,l'Horta Sud,Comunitat Valenciana,156-994,156-994-996,XXXV VOLTA A PEU PORT DE CATARROJA,10k,10000
cronorunner,XXI MITJA MARATÓ I 10K CIUTAT D'ALZIRA (10K),2018-10-14,Domingo,10.0,road running,Absoluta/General,63.0,271.0,,,,504-874,504-874-1187,XXI MITJA MARATÓ I 10K CIUTAT D'ALZIRA,10K,10000
cronorunner,XXI MITJA MARATÓ I 10K CIUTAT D'ALZIRA (Mitja Marató),2018-10-14,Domingo,21.097,road running,Absoluta/General,71.0,487.0,,,,504-874,504-874-1188,XXI MITJA MARATÓ I 10K CIUTAT D'ALZIRA,Mitja Marató,21097
cronorunner,II 10K i III 5K RAFELBUNYOL,2018-10-07,Domingo,10.0,road running,Absoluta/General,93.0,359.0,Rafelbunyol,l'Horta Nord,Comunitat Valenciana,381-1084,381-1084-982,II 10K i III 5K RAFELBUNYOL,10k,10000
cronorunner,V MITJA MARATÓ DEL KAKI,2018-10-07,Domingo,21.097,road running,Absoluta/General,,,,,,332-1144,332-1144-1096,V MITJA MARATÓ DEL KAKI,Mitja Marató,21097
cronorunner,XXXIX VOLTA A PEU CARCAIXENT,2018-09-30,Domingo,10.0,road running,Absoluta/General,85.0,442.0,Carcaixent,València / Valencia,Comunitat Valenciana,494-864,494-864-1189,XXXIX VOLTA A PEU CARCAIXENT,Carrera Absoluta,10000
cronorunner,II CARRERA Y CAMINATA SOLIDARIA BENETÚSSER (Caminata (3K)),2018-09-30,Domingo,3.0,road running,Absoluta/General,,,,,,541-1197,541-1197-1126,II CARRERA Y CAMINATA SOLIDARIA BENETÚSSER,Caminata (3K),3000
cronorunner,"II CARRERA Y CAMINATA SOLIDARIA BENETÚSSER (Carrera (6,8K))",2018-09-30,Domingo,6.8,road running,Absoluta/General,23.0,115.0,,,,541-1197,541-1197-1125,II CARRERA Y CAMINATA SOLIDARIA BENETÚSSER,"Carrera (6,8K)",6800
cronorunner,XIX VOLTA POPULAR EN BICICLETA,2018-09-30,Domingo,0.0,road running,Absoluta/General,,,Barcelona,Barcelonès,Catalunya,414-1207,414-1207-1190,XIX VOLTA POPULAR EN BICICLETA,VOLTA POPULAR EN BICICLETA,0
cronorunner,I GRUPO ENTRENAMIENTO MITJA MARATÓ KAKI (MARTA) (ENTRENAMIENTO CON MARTA (SÁBADOS)),2018-09-30,Domingo,0.0,road running,Absoluta/General,,,,,,544-1208,544-1208-1193,I GRUPO ENTRENAMIENTO MITJA MARATÓ KAKI (MARTA),ENTRENAMIENTO CON MARTA (SÁBADOS),0
cronorunner,I GRUPO ENTRENAMIENTO MITJA MARATÓ KAKI (MARTA) (ENTRENAMIENTO CON MARTA (MIÉRCOLES)),2018-09-30,Domingo,0.0,road running,Absoluta/General,,,,,,544-1208,544-1208-1191,I GRUPO ENTRENAMIENTO MITJA MARATÓ KAKI (MARTA),ENTRENAMIENTO CON MARTA (MIÉRCOLES),0
cronorunner,I GRUPO ENTRENAMIENTO MITJA MARATÓ KAKI (ALCÚDIA),2018-09-30,Domingo,0.0,road running,Absoluta/General,,,,,,545-1209,545-1209-1192,I GRUPO ENTRENAMIENTO MITJA MARATÓ KAKI (ALCÚDIA),ENTRENAMIENTO EN L'ALCÚDIA,0
cronorunner,I MITJA MARATÓ PER EQUIPS ALAQUÀS PER QUATRE,2018-09-29,Sábado,21.097,road running,Absoluta/General,,,,,,543-1203,543-1203-1160,I MITJA MARATÓ PER EQUIPS ALAQUÀS PER QUATRE,Media Maratón por Relevos,21097
cronorunner,XXXI 10K i 20K CIUTAT DE SUECA (10k),2018-09-29,Sábado,10.0,road running,Absoluta/General,139.0,391.0,Sueca,València / Valencia,Comunitat Valenciana,161-984,161-984-995,XXXI 10K i 20K CIUTAT DE SUECA,10k,10000
cronorunner,XXXI 10K i 20K CIUTAT DE SUECA (20k),2018-09-29,Sábado,20.0,road running,Absoluta/General,29.0,165.0,Sueca,València / Valencia,Comunitat Valenciana,161-984,161-984-1153,XXXI 10K i 20K CIUTAT DE SUECA,20k,20000
cronorunner,XXVI VOLTA A PEU CIUTAT DE CARLET (Benjamins (2009-2010)),2018-09-22,Sábado,0.806,road running,Infantil,8.0,22.0,Carlet,València / Valencia,Comunitat Valenciana,308-854,308-854-1183,XXVI VOLTA A PEU CIUTAT DE CARLET,Benjamins (2009-2010),806
cronorunner,XXVI VOLTA A PEU CIUTAT DE CARLET (Alevins (2007-2008)),2018-09-22,Sábado,0.806,road running,Infantil,13.0,16.0,Carlet,València / Valencia,Comunitat Valenciana,308-854,308-854-1184,XXVI VOLTA A PEU CIUTAT DE CARLET,Alevins (2007-2008),806
cronorunner,XXVI VOLTA A PEU CIUTAT DE CARLET (Infantils (2005-2006)),2018-09-22,Sábado,1.47,road running,Infantil,15.0,11.0,Carlet,València / Valencia,Comunitat Valenciana,308-854,308-854-1185,XXVI VOLTA A PEU CIUTAT DE CARLET,Infantils (2005-2006),1470
cronorunner,XXVI VOLTA A PEU CIUTAT DE CARLET (Cadets (2001-2004)),2018-09-22,Sábado,1.47,road running,Infantil,2.0,7.0,Carlet,València / Valencia,Comunitat Valenciana,308-854,308-854-1186,XXVI VOLTA A PEU CIUTAT DE CARLET,Cadets (2001-2004),1470
cronorunner,XXVI VOLTA A PEU CIUTAT DE CARLET (Carrera Absoluta),2018-09-22,Sábado,10.0,road running,Absoluta/General,114.0,467.0,Carlet,València / Valencia,Comunitat Valenciana,308-854,308-854-1182,XXVI VOLTA A PEU CIUTAT DE CARLET,Carrera Absoluta,10000
cronorunner,II 7K SALADAR-SILLA,2018-09-22,Sábado,7.0,road running,Absoluta/General,12.0,70.0,Silla,l'Horta Sud,Comunitat Valenciana,456-1191,456-1191-1086,II 7K SALADAR-SILLA,7K SALADAR - SILLA,7000
cronorunner,"IV GRAN FONS TRITONS ALBALAT DE LA RIBERA (Quart Fons (7,5km))",2018-09-16,Domingo,7.5,road running,Absoluta/General,53.0,99.0,Albalat de la Ribera,València / Valencia,Comunitat Valenciana,354-1188,354-1188-1128,IV GRAN FONS TRITONS ALBALAT DE LA RIBERA,"Quart Fons (7,5km)",7500
cronorunner,IV GRAN FONS TRITONS ALBALAT DE LA RIBERA (Gran Fons (15km)),2018-09-16,Domingo,15.0,road running,Absoluta/General,37.0,238.0,Albalat de la Ribera,València / Valencia,Comunitat Valenciana,354-1188,354-1188-1129,IV GRAN FONS TRITONS ALBALAT DE LA RIBERA,Gran Fons (15km),15000
cronorunner,I 10k CIUTAT DE PICASSENT,2018-09-15,Sábado,10.0,road running,Absoluta/General,59.0,288.0,Picassent,l'Horta Sud,Comunitat Valenciana,536-1169,536-1169-1116,I 10k CIUTAT DE PICASSENT,Carrera Absoluta 10K,10000
cronorunner,"IV CARRERA SOLIDARIA FALLA EL DIVENDRES  MASSANASSA (Caminata (1,5km))",2018-09-15,Sábado,1.5,road running,Absoluta/General,,,Massanassa,l'Horta Sud,Comunitat Valenciana,337-1194,337-1194-1111,IV CARRERA SOLIDARIA FALLA EL DIVENDRES  MASSANASSA,"Caminata (1,5km)",1500
cronorunner,IV CARRERA SOLIDARIA FALLA EL DIVENDRES  MASSANASSA (Carrera Absoluta (6km)),2018-09-15,Sábado,6.0,road running,Absoluta/General,76.0,164.0,Massanassa,l'Horta Sud,Comunitat Valenciana,337-1194,337-1194-1110,IV CARRERA SOLIDARIA FALLA EL DIVENDRES  MASSANASSA,Carrera Absoluta (6km),6000
cronorunner,V 10K DE L'HORTA CASTELLAR-OLIVERAL (10k),2018-09-09,Domingo,10.0,road running,Absoluta/General,160.0,772.0,València,Comarca de València,Comunitat Valenciana,162-974,162-974-994,V 10K DE L'HORTA CASTELLAR-OLIVERAL,10k,10000
cronorunner,V 10K DE L'HORTA CASTELLAR-OLIVERAL (Infantil 2004-2006),2018-09-09,Domingo,2.0,road running,Infantil,,,València,Comarca de València,Comunitat Valenciana,162-974,162-974-1159,V 10K DE L'HORTA CASTELLAR-OLIVERAL,Infantil 2004-2006,2000
cronorunner,V 10K DE L'HORTA CASTELLAR-OLIVERAL (Alevin 2007-2008),2018-09-09,Domingo,1.0,road running,Infantil,,,València,Comarca de València,Comunitat Valenciana,162-974,162-974-1158,V 10K DE L'HORTA CASTELLAR-OLIVERAL,Alevin 2007-2008,1000
cronorunner,V 10K DE L'HORTA CASTELLAR-OLIVERAL (Benjamin 2009-2010),2018-09-09,Domingo,0.5,road running,Infantil,,,València,Comarca de València,Comunitat Valenciana,162-974,162-974-1157,V 10K DE L'HORTA CASTELLAR-OLIVERAL,Benjamin 2009-2010,500
cronorunner,V 10K DE L'HORTA CASTELLAR-OLIVERAL (Pre Benjamin 2011-2012),2018-09-09,Domingo,0.2,road running,Infantil,,,València,Comarca de València,Comunitat Valenciana,162-974,162-974-1156,V 10K DE L'HORTA CASTELLAR-OLIVERAL,Pre Benjamin 2011-2012,200
cronorunner,V 10K DE L'HORTA CASTELLAR-OLIVERAL (Categoría hasta 5 años),2018-09-09,Domingo,0.1,road running,Absoluta/General,,,València,Comarca de València,Comunitat Valenciana,162-974,162-974-1155,V 10K DE L'HORTA CASTELLAR-OLIVERAL,Categoría hasta 5 años,100
cronorunner,XXVII VOLTA A PEU EL PUIG,2018-09-08,Sábado,8.0,road running,Absoluta/General,89.0,314.0,Puig-reig,Berguedà,Catalunya,432-1082,432-1082-981,XXVII VOLTA A PEU EL PUIG,8k,8000
cronorunner,XXII VOLTA A PEU ALGINET (Prebenjami 2018/2011 (Inscripción mismo día de la prueba)),2018-09-08,Sábado,0.0,road running,Infantil,,,Alginet,València / Valencia,Comunitat Valenciana,307-844,307-844-1169,XXII VOLTA A PEU ALGINET,Prebenjami 2018/2011 (Inscripción mismo día de la prueba),0
cronorunner,XXII VOLTA A PEU ALGINET (Benjami 2009/2010),2018-09-08,Sábado,0.5,road running,Infantil,12.0,24.0,Alginet,València / Valencia,Comunitat Valenciana,307-844,307-844-1170,XXII VOLTA A PEU ALGINET,Benjami 2009/2010,500
cronorunner,XXII VOLTA A PEU ALGINET (Alevi 2008/2007),2018-09-08,Sábado,1.0,road running,Absoluta/General,17.0,11.0,Alginet,València / Valencia,Comunitat Valenciana,307-844,307-844-1171,XXII VOLTA A PEU ALGINET,Alevi 2008/2007,1000
cronorunner,XXII VOLTA A PEU ALGINET (Infantil 2006/2005),2018-09-08,Sábado,1.5,road running,Infantil,9.0,16.0,Alginet,València / Valencia,Comunitat Valenciana,307-844,307-844-1172,XXII VOLTA A PEU ALGINET,Infantil 2006/2005,1500
cronorunner,XXII VOLTA A PEU ALGINET (Cadet 2001/2004),2018-09-08,Sábado,2.05,road running,Infantil,2.0,12.0,Alginet,València / Valencia,Comunitat Valenciana,307-844,307-844-1173,XXII VOLTA A PEU ALGINET,Cadet 2001/2004,2050
cronorunner,XXII VOLTA A PEU ALGINET (Carrera Absoluta),2018-09-08,Sábado,8.0,road running,Absoluta/General,102.0,449.0,Alginet,València / Valencia,Comunitat Valenciana,307-844,307-844-1162,XXII VOLTA A PEU ALGINET,Carrera Absoluta,8000
cronorunner,VII GRAN FONS NOCTURN ALFAFAR (Volta a peu (5km)),2018-09-01,Sábado,5.0,road running,Absoluta/General,104.0,169.0,,,,444-1165,444-1165-1150,VII GRAN FONS NOCTURN ALFAFAR,Volta a peu (5km),5000
cronorunner,VII GRAN FONS NOCTURN ALFAFAR (Gran Fons (15km)),2018-09-01,Sábado,15.0,road running,Absoluta/General,76.0,397.0,,,,444-1165,444-1165-1149,VII GRAN FONS NOCTURN ALFAFAR,Gran Fons (15km),15000
cronorunner,II HOLI REMEI RUN LLÍRIA,2018-09-01,Sábado,3.8,road running,Absoluta/General,,,,,,458-1193,458-1193-1104,II HOLI REMEI RUN LLÍRIA,"Holi Remei Run 3,8KM",3800
cronorunner,I TRAIL NOCTURNO DE CULLERA,2018-08-25,Sábado,11.4,trail running,Absoluta/General,55.0,207.0,Cullera,València / Valencia,Comunitat Valenciana,542-1202,542-1202-1152,I TRAIL NOCTURNO DE CULLERA,"Trail (11,4km)",11400
cronorunner,XXIV VOLTA A PEU LA CANYADA,2018-08-25,Sábado,6.4,road running,Absoluta/General,74.0,223.0,La Cañada de Verich / la Canyada de Beric,Bajo Aragón,Aragón,331-1204,331-1204-1180,XXIV VOLTA A PEU LA CANYADA,"Volta a peu La Canyada (6,4km)",6400
cronorunner,IX VOLTA A PEU ILLA DEL PALMAR,2018-08-25,Sábado,7.0,road running,Absoluta/General,112.0,390.0,València,Comarca de València,Comunitat Valenciana,270-964,270-964-993,IX VOLTA A PEU ILLA DEL PALMAR,Volta a Peu,7000
cronorunner,XXVIII VOLTA A PEU NOCTURNA A MANUEL (Baby 2013/2018),2018-08-24,Viernes,0.05,road running,Absoluta/General,,,Manuel,València / Valencia,Comunitat Valenciana,306-834,306-834-1163,XXVIII VOLTA A PEU NOCTURNA A MANUEL,Baby 2013/2018,50
cronorunner,XXVIII VOLTA A PEU NOCTURNA A MANUEL (Prebenjamins 2011/2012),2018-08-24,Viernes,0.2,road running,Infantil,1.0,32.0,Manuel,València / Valencia,Comunitat Valenciana,306-834,306-834-1164,XXVIII VOLTA A PEU NOCTURNA A MANUEL,Prebenjamins 2011/2012,200
cronorunner,XXVIII VOLTA A PEU NOCTURNA A MANUEL (Benjamins 2009/2010),2018-08-24,Viernes,0.55,road running,Infantil,9.0,16.0,Manuel,València / Valencia,Comunitat Valenciana,306-834,306-834-1165,XXVIII VOLTA A PEU NOCTURNA A MANUEL,Benjamins 2009/2010,550
cronorunner,XXVIII VOLTA A PEU NOCTURNA A MANUEL (Alevins 2007/2008),2018-08-24,Viernes,1.1,road running,Infantil,14.0,23.0,Manuel,València / Valencia,Comunitat Valenciana,306-834,306-834-1166,XXVIII VOLTA A PEU NOCTURNA A MANUEL,Alevins 2007/2008,1100
cronorunner,XXVIII VOLTA A PEU NOCTURNA A MANUEL (Infantils 2005/2006),2018-08-24,Viernes,1.65,road running,Infantil,13.0,11.0,Manuel,València / Valencia,Comunitat Valenciana,306-834,306-834-1167,XXVIII VOLTA A PEU NOCTURNA A MANUEL,Infantils 2005/2006,1650
cronorunner,XXVIII VOLTA A PEU NOCTURNA A MANUEL (Cadets 2001/2004),2018-08-24,Viernes,2.2,road running,Infantil,8.0,12.0,Manuel,València / Valencia,Comunitat Valenciana,306-834,306-834-1168,XXVIII VOLTA A PEU NOCTURNA A MANUEL,Cadets 2001/2004,2200
cronorunner,XXVIII VOLTA A PEU NOCTURNA A MANUEL (Carrera Absoluta),2018-08-24,Viernes,8.0,road running,Absoluta/General,95.0,459.0,Manuel,València / Valencia,Comunitat Valenciana,306-834,306-834-1161,XXVIII VOLTA A PEU NOCTURNA A MANUEL,Carrera Absoluta,8000
cronorunner,XL VOLTA A PEU BENICULL (Chupetin 2013/2017),2018-08-20,Lunes,0.0,road running,Infantil,,,Benicull de Xúquer,València / Valencia,Comunitat Valenciana,318-1200,318-1200-1174,XL VOLTA A PEU BENICULL,Chupetin 2013/2017,0
cronorunner,XL VOLTA A PEU BENICULL (Prebenjamin 2012/2011),2018-08-20,Lunes,0.25,road running,Infantil,,,Benicull de Xúquer,València / Valencia,Comunitat Valenciana,318-1200,318-1200-1175,XL VOLTA A PEU BENICULL,Prebenjamin 2012/2011,250
cronorunner,XL VOLTA A PEU BENICULL (Benjamin 2010/2009),2018-08-20,Lunes,0.55,road running,Infantil,,,Benicull de Xúquer,València / Valencia,Comunitat Valenciana,318-1200,318-1200-1176,XL VOLTA A PEU BENICULL,Benjamin 2010/2009,550
cronorunner,XL VOLTA A PEU BENICULL (Alevin 2008/2007),2018-08-20,Lunes,0.8,road running,Infantil,,,Benicull de Xúquer,València / Valencia,Comunitat Valenciana,318-1200,318-1200-1177,XL VOLTA A PEU BENICULL,Alevin 2008/2007,800
cronorunner,XL VOLTA A PEU BENICULL (Infantil 2006/2005),2018-08-20,Lunes,1.2,road running,Infantil,,,Benicull de Xúquer,València / Valencia,Comunitat Valenciana,318-1200,318-1200-1178,XL VOLTA A PEU BENICULL,Infantil 2006/2005,1200
cronorunner,XL VOLTA A PEU BENICULL (Cadet 2004/2001),2018-08-20,Lunes,1.8,road running,Infantil,,,Benicull de Xúquer,València / Valencia,Comunitat Valenciana,318-1200,318-1200-1179,XL VOLTA A PEU BENICULL,Cadet 2004/2001,1800
cronorunner,XL VOLTA A PEU BENICULL (Carrera Absoluta (8km)),2018-08-20,Lunes,8.0,road running,Absoluta/General,58.0,301.0,Benicull de Xúquer,València / Valencia,Comunitat Valenciana,318-1200,318-1200-1131,XL VOLTA A PEU BENICULL,Carrera Absoluta (8km),8000
cronorunner,IV CARRERA NOCTURNA CIUTAT DE SUECA,2018-08-13,Lunes,8.0,road running,Absoluta/General,91.0,281.0,Sueca,València / Valencia,Comunitat Valenciana,338-1198,338-1198-1127,IV CARRERA NOCTURNA CIUTAT DE SUECA,Carrera (8K),8000
cronorunner,IV 10K MONTSERRAT,2018-08-10,Viernes,10.0,road running,Absoluta/General,75.0,386.0,Montserrat,València / Valencia,Comunitat Valenciana,347-824,347-824-1151,IV 10K MONTSERRAT,Carrera Absoluta,10000
cronorunner,xxxi VOLTA A PEU A TURÍS (Prexupetins (2016-2017)),2018-08-06,Lunes,0.03,road running,Absoluta/General,,,Turís,València / Valencia,Comunitat Valenciana,394-1199,394-1199-1142,xxxi VOLTA A PEU A TURÍS,Prexupetins (2016-2017),30
cronorunner,xxxi VOLTA A PEU A TURÍS (Xupetins (2015-2013)),2018-08-06,Lunes,0.06,road running,Absoluta/General,,,Turís,València / Valencia,Comunitat Valenciana,394-1199,394-1199-1143,xxxi VOLTA A PEU A TURÍS,Xupetins (2015-2013),60
cronorunner,xxxi VOLTA A PEU A TURÍS (Prebenjamins (2012-2011)),2018-08-06,Lunes,0.3,road running,Infantil,,,Turís,València / Valencia,Comunitat Valenciana,394-1199,394-1199-1144,xxxi VOLTA A PEU A TURÍS,Prebenjamins (2012-2011),300
cronorunner,xxxi VOLTA A PEU A TURÍS (Benjamins (2010-2009)),2018-08-06,Lunes,0.6,road running,Infantil,,,Turís,València / Valencia,Comunitat Valenciana,394-1199,394-1199-1145,xxxi VOLTA A PEU A TURÍS,Benjamins (2010-2009),600
cronorunner,xxxi VOLTA A PEU A TURÍS (Alevins (2008-2007)),2018-08-06,Lunes,1.0,road running,Infantil,,,Turís,València / Valencia,Comunitat Valenciana,394-1199,394-1199-1146,xxxi VOLTA A PEU A TURÍS,Alevins (2008-2007),1000
cronorunner,xxxi VOLTA A PEU A TURÍS (Infantils (2006-2005)),2018-08-06,Lunes,1.6,road running,Infantil,,,Turís,València / Valencia,Comunitat Valenciana,394-1199,394-1199-1147,xxxi VOLTA A PEU A TURÍS,Infantils (2006-2005),1600
cronorunner,xxxi VOLTA A PEU A TURÍS (Juvenils-Cadets (2004-2001)),2018-08-06,Lunes,2.0,road running,Infantil,,,Turís,València / Valencia,Comunitat Valenciana,394-1199,394-1199-1148,xxxi VOLTA A PEU A TURÍS,Juvenils-Cadets (2004-2001),2000
cronorunner,xxxi VOLTA A PEU A TURÍS (Carrera Absoluta),2018-08-06,Lunes,7.7,road running,Absoluta/General,,,Turís,València / Valencia,Comunitat Valenciana,394-1199,394-1199-1141,xxxi VOLTA A PEU A TURÍS,Carrera Absoluta,7700
cronorunner,XXIII CARRERA MATUTINA A LA PLAYA DE CULLERA,2018-08-04,Sábado,7.0,road running,Absoluta/General,62.0,293.0,Cullera,València / Valencia,Comunitat Valenciana,387-1170,387-1170-1115,XXIII CARRERA MATUTINA A LA PLAYA DE CULLERA,Carrera Absoluta,7000
cronorunner,XXI VOLTA A PEU FAVARA (Benjamí (2009-2011)),2018-08-04,Sábado,0.83,road running,Infantil,,,Fabara / Favara,Bajo Aragón-Caspe / Baix Aragó-Casp,Aragón,159-954,159-954-1138,XXI VOLTA A PEU FAVARA,Benjamí (2009-2011),830
cronorunner,XXI VOLTA A PEU FAVARA (Aleví (2006-2008)),2018-08-04,Sábado,1.66,road running,Absoluta/General,,,Fabara / Favara,Bajo Aragón-Caspe / Baix Aragó-Casp,Aragón,159-954,159-954-1139,XXI VOLTA A PEU FAVARA,Aleví (2006-2008),1660
cronorunner,XXI VOLTA A PEU FAVARA (Cadet (2002-2005)),2018-08-04,Sábado,2.49,road running,Infantil,,,Fabara / Favara,Bajo Aragón-Caspe / Baix Aragó-Casp,Aragón,159-954,159-954-1140,XXI VOLTA A PEU FAVARA,Cadet (2002-2005),2490
cronorunner,XXI VOLTA A PEU FAVARA (Volta a Peu),2018-08-04,Sábado,8.5,road running,Absoluta/General,117.0,418.0,Fabara / Favara,Bajo Aragón-Caspe / Baix Aragó-Casp,Aragón,159-954,159-954-992,XXI VOLTA A PEU FAVARA,Volta a Peu,8500
cronorunner,XVIII VOLTA A PEU PEL XÚQUER - RIOLA (Chupetín 2012/2016),2018-08-03,Viernes,0.1,road running,Infantil,,,Riola,València / Valencia,Comunitat Valenciana,305-1192,305-1192-1098,XVIII VOLTA A PEU PEL XÚQUER - RIOLA,Chupetín 2012/2016,100
cronorunner,XVIII VOLTA A PEU PEL XÚQUER - RIOLA (Pre Benjamin 2010/2011),2018-08-03,Viernes,0.25,road running,Infantil,,,Riola,València / Valencia,Comunitat Valenciana,305-1192,305-1192-1099,XVIII VOLTA A PEU PEL XÚQUER - RIOLA,Pre Benjamin 2010/2011,250
cronorunner,XVIII VOLTA A PEU PEL XÚQUER - RIOLA (Benjamin 2008/2009),2018-08-03,Viernes,0.55,road running,Infantil,,,Riola,València / Valencia,Comunitat Valenciana,305-1192,305-1192-1100,XVIII VOLTA A PEU PEL XÚQUER - RIOLA,Benjamin 2008/2009,550
cronorunner,XVIII VOLTA A PEU PEL XÚQUER - RIOLA (Alevin 2006/2007),2018-08-03,Viernes,0.8,road running,Infantil,,,Riola,València / Valencia,Comunitat Valenciana,305-1192,305-1192-1101,XVIII VOLTA A PEU PEL XÚQUER - RIOLA,Alevin 2006/2007,800
cronorunner,XVIII VOLTA A PEU PEL XÚQUER - RIOLA (Infantil 2004/2005),2018-08-03,Viernes,1.2,road running,Infantil,,,Riola,València / Valencia,Comunitat Valenciana,305-1192,305-1192-1102,XVIII VOLTA A PEU PEL XÚQUER - RIOLA,Infantil 2004/2005,1200
cronorunner,XVIII VOLTA A PEU PEL XÚQUER - RIOLA (Carrera Absoluta (8km)),2018-08-03,Viernes,8.0,road running,Absoluta/General,85.0,293.0,Riola,València / Valencia,Comunitat Valenciana,305-1192,305-1192-1097,XVIII VOLTA A PEU PEL XÚQUER - RIOLA,Carrera Absoluta (8km),8000
cronorunner,"XVIII VOLTA A PEU PEL XÚQUER - RIOLA (Marcha (4,5km))",2018-08-03,Viernes,4.5,marcha,Absoluta/General,,,Riola,València / Valencia,Comunitat Valenciana,305-1192,305-1192-1105,XVIII VOLTA A PEU PEL XÚQUER - RIOLA,"Marcha (4,5km)",4500
cronorunner,XVIII VOLTA A PEU PEL XÚQUER - RIOLA (Cadet 2000/2003),2018-08-03,Viernes,1.8,road running,Infantil,,,Riola,València / Valencia,Comunitat Valenciana,305-1192,305-1192-1103,XVIII VOLTA A PEU PEL XÚQUER - RIOLA,Cadet 2000/2003,1800
cronorunner,IV 5K MUSEROS (Pre Benjamins ( 0-3 años)),2018-07-28,Sábado,0.25,road running,Infantil,,,Museros,l'Horta Nord,Comunitat Valenciana,435-1064,435-1064-1119,IV 5K MUSEROS,Pre Benjamins ( 0-3 años),250
cronorunner,IV 5K MUSEROS (Benjamins (4-6 años)),2018-07-28,Sábado,0.5,road running,Infantil,,,Museros,l'Horta Nord,Comunitat Valenciana,435-1064,435-1064-1120,IV 5K MUSEROS,Benjamins (4-6 años),500
cronorunner,IV 5K MUSEROS (Alevins (7-9 años)),2018-07-28,Sábado,0.9,road running,Infantil,,,Museros,l'Horta Nord,Comunitat Valenciana,435-1064,435-1064-1121,IV 5K MUSEROS,Alevins (7-9 años),900
cronorunner,IV 5K MUSEROS (Infantils (10-12 años)),2018-07-28,Sábado,1.8,road running,Infantil,,,Museros,l'Horta Nord,Comunitat Valenciana,435-1064,435-1064-1122,IV 5K MUSEROS,Infantils (10-12 años),1800
cronorunner,IV 5K MUSEROS (Cadets (13-15 años)),2018-07-28,Sábado,2.2,road running,Infantil,,,Museros,l'Horta Nord,Comunitat Valenciana,435-1064,435-1064-1123,IV 5K MUSEROS,Cadets (13-15 años),2200
cronorunner,IV 5K MUSEROS (Juvenils (16-17 años)),2018-07-28,Sábado,2.5,road running,Infantil,,,Museros,l'Horta Nord,Comunitat Valenciana,435-1064,435-1064-1124,IV 5K MUSEROS,Juvenils (16-17 años),2500
cronorunner,IV 5K MUSEROS (10k),2018-07-28,Sábado,10.0,road running,Absoluta/General,104.0,395.0,Museros,l'Horta Nord,Comunitat Valenciana,435-1064,435-1064-980,IV 5K MUSEROS,10k,10000
cronorunner,XXII VOLTA A PEU LLAURÍ,2018-07-27,Viernes,8.0,road running,Absoluta/General,126.0,494.0,Llaurí,València / Valencia,Comunitat Valenciana,395-814,395-814-1132,XXII VOLTA A PEU LLAURÍ,8K,8000
cronorunner,VIII 10K SENSE LÍMITS ALDAIA,2018-07-21,Sábado,10.0,road running,Absoluta/General,210.0,831.0,,,,265-1164,265-1164-1094,VIII 10K SENSE LÍMITS ALDAIA,Carrera Absoluta,10000
cronorunner,XI CARRERA ENTRE OLIVOS Y PINARES VALL DE ALMONACID (Marcha),2018-07-21,Sábado,8.5,marcha,Absoluta/General,,,Vall de Almonacid,Castelló / Castellón,Comunitat Valenciana,336-1177,336-1177-973,XI CARRERA ENTRE OLIVOS Y PINARES VALL DE ALMONACID,Marcha,8500
cronorunner,XI CARRERA ENTRE OLIVOS Y PINARES VALL DE ALMONACID (Carrera),2018-07-21,Sábado,8.5,road running,Absoluta/General,12.0,91.0,Vall de Almonacid,Castelló / Castellón,Comunitat Valenciana,336-1177,336-1177-972,XI CARRERA ENTRE OLIVOS Y PINARES VALL DE ALMONACID,Carrera,8500
cronorunner,XV VOLTA A PEU JOANOT PRESÈNCIA POLINYÀ DE XÚQUER,2018-07-20,Viernes,8.0,road running,Absoluta/General,183.0,586.0,Polinyà de Xúquer,València / Valencia,Comunitat Valenciana,160-944,160-944-991,XV VOLTA A PEU JOANOT PRESÈNCIA POLINYÀ DE XÚQUER,Volta a Peu,8000
cronorunner,I 5K ARCO FOIOS,2018-07-14,Sábado,5.0,road running,Absoluta/General,,,,,,534-1054,534-1054-979,I 5K ARCO FOIOS,5k,5000
cronorunner,VI VOLTA A PEU A L ÉNOVA,2018-07-14,Sábado,8.0,road running,Absoluta/General,46.0,201.0,l'Énova,València / Valencia,Comunitat Valenciana,369-804,369-804-1130,VI VOLTA A PEU A L ÉNOVA,Carrera Absoluta,8000
cronorunner,XXVIII VOLTA A PEU ALBAL,2018-07-14,Sábado,10.0,road running,Absoluta/General,0.0,390.0,Albal,l'Horta Sud,Comunitat Valenciana,324-1154,324-1154-1112,XXVIII VOLTA A PEU ALBAL,10K,10000
cronorunner,XI VOLTA A PEU MARENY DE BARRAQUETES,2018-07-07,Sábado,7.1,road running,Absoluta/General,121.0,388.0,Sueca,València / Valencia,Comunitat Valenciana,304-794,304-794-1118,XI VOLTA A PEU MARENY DE BARRAQUETES,"Carrera Absoluta (7,1km)",7100
cronorunner,XXXII VOLTA A PEU SOLLANA,2018-07-07,Sábado,8.0,road running,Absoluta/General,125.0,443.0,Sollana,València / Valencia,Comunitat Valenciana,344-934,344-934-990,XXXII VOLTA A PEU SOLLANA,8k,8000
cronorunner,"I TRAIL SANTA BÁRBARA  PINA DE MONTALGRAO-VILLANUEVA DE VIVER (MODALIDAD 1 (5,4 KM))",2018-07-07,Sábado,5.4,trail running,Absoluta/General,75.0,73.0,Caudiel,Castelló / Castellón,Comunitat Valenciana,540-1190,540-1190-1062,I TRAIL SANTA BÁRBARA  PINA DE MONTALGRAO-VILLANUEVA DE VIVER,"MODALIDAD 1 (5,4 KM)",5400
cronorunner,"I TRAIL SANTA BÁRBARA  PINA DE MONTALGRAO-VILLANUEVA DE VIVER (MODALIDAD 2 (12,2 KM))",2018-07-07,Sábado,12.2,trail running,Absoluta/General,20.0,82.0,Caudiel,Castelló / Castellón,Comunitat Valenciana,540-1190,540-1190-1063,I TRAIL SANTA BÁRBARA  PINA DE MONTALGRAO-VILLANUEVA DE VIVER,"MODALIDAD 2 (12,2 KM)",12200
cronorunner,"I TRAIL SANTA BÁRBARA  PINA DE MONTALGRAO-VILLANUEVA DE VIVER (MODALIDAD 1 (5,4 KM) (Menores))",2018-07-07,Sábado,5.4,trail running,Infantil,,,Caudiel,Castelló / Castellón,Comunitat Valenciana,540-1190,540-1190-1084,I TRAIL SANTA BÁRBARA  PINA DE MONTALGRAO-VILLANUEVA DE VIVER,"MODALIDAD 1 (5,4 KM) (Menores)",5400
cronorunner,"I TRAIL SANTA BÁRBARA  PINA DE MONTALGRAO-VILLANUEVA DE VIVER (MODALIDAD 2 (12,2 KM) (Menores))",2018-07-07,Sábado,12.2,trail running,Infantil,,,Caudiel,Castelló / Castellón,Comunitat Valenciana,540-1190,540-1190-1085,I TRAIL SANTA BÁRBARA  PINA DE MONTALGRAO-VILLANUEVA DE VIVER,"MODALIDAD 2 (12,2 KM) (Menores)",12200
cronorunner,XXVI LEGUA URBANA CIUTAT DE TORRENT,2018-07-07,Sábado,5.572,road running,Absoluta/General,0.0,419.0,Torrent,l'Horta Sud,Comunitat Valenciana,266-1195,266-1195-1117,XXVI LEGUA URBANA CIUTAT DE TORRENT,Legua Urbana,5572
cronorunner,II CARRERA INFANTIL CAIXA RURAL TORRENT A PICANYA (Prebenjamí (2010-2011)),2018-07-04,Miércoles,0.4,road running,Infantil,,,Picanya,l'Horta Sud,Comunitat Valenciana,457-1201,457-1201-1133,II CARRERA INFANTIL CAIXA RURAL TORRENT A PICANYA,Prebenjamí (2010-2011),400
cronorunner,II CARRERA INFANTIL CAIXA RURAL TORRENT A PICANYA (Benjamí (2008-2009)),2018-07-04,Miércoles,0.6,road running,Infantil,,,Picanya,l'Horta Sud,Comunitat Valenciana,457-1201,457-1201-1134,II CARRERA INFANTIL CAIXA RURAL TORRENT A PICANYA,Benjamí (2008-2009),600
cronorunner,II CARRERA INFANTIL CAIXA RURAL TORRENT A PICANYA (Aleví (2006-2007)),2018-07-04,Miércoles,0.8,road running,Infantil,,,Picanya,l'Horta Sud,Comunitat Valenciana,457-1201,457-1201-1135,II CARRERA INFANTIL CAIXA RURAL TORRENT A PICANYA,Aleví (2006-2007),800
cronorunner,II CARRERA INFANTIL CAIXA RURAL TORRENT A PICANYA (Infantil (2004-2005)),2018-07-04,Miércoles,1.3,road running,Infantil,,,Picanya,l'Horta Sud,Comunitat Valenciana,457-1201,457-1201-1136,II CARRERA INFANTIL CAIXA RURAL TORRENT A PICANYA,Infantil (2004-2005),1300
cronorunner,II CARRERA INFANTIL CAIXA RURAL TORRENT A PICANYA (Cadet (2002-2003)),2018-07-04,Miércoles,1.5,road running,Infantil,,,Picanya,l'Horta Sud,Comunitat Valenciana,457-1201,457-1201-1137,II CARRERA INFANTIL CAIXA RURAL TORRENT A PICANYA,Cadet (2002-2003),1500
cronorunner,"I 10k i I 4,6K MASSAMAGRELL",2018-07-01,Domingo,10.0,road running,Absoluta/General,85.0,353.0,Massamagrell,l'Horta Nord,Comunitat Valenciana,524-1044,524-1044-978,"I 10k i I 4,6K MASSAMAGRELL",10k,10000
cronorunner,III TRAIL BRONCHALES (43k),2018-07-01,Domingo,43.0,trail running,Absoluta/General,36.0,232.0,Bronchales,Sierra de Albarracín,Aragón,363-644,363-644-919,III TRAIL BRONCHALES,43k,43000
cronorunner,III TRAIL BRONCHALES (22k Running),2018-07-01,Domingo,22.0,trail running,Absoluta/General,51.0,106.0,Bronchales,Sierra de Albarracín,Aragón,363-644,363-644-917,III TRAIL BRONCHALES,22k Running,22000
cronorunner,III TRAIL BRONCHALES (25k),2018-07-01,Domingo,25.0,trail running,Absoluta/General,128.0,418.0,Bronchales,Sierra de Albarracín,Aragón,363-644,363-644-918,III TRAIL BRONCHALES,25k,25000
cronorunner,III TRAIL BRONCHALES (13k),2018-07-01,Domingo,13.0,trail running,Absoluta/General,253.0,294.0,Bronchales,Sierra de Albarracín,Aragón,363-644,363-644-916,III TRAIL BRONCHALES,13k,13000
cronorunner,XXIII TRAVESÍA A LA PLAYA DE CULLERA (Prueba Larga),2018-07-01,Domingo,2.5,road running,Absoluta/General,17.0,83.0,Cullera,València / Valencia,Comunitat Valenciana,391-1171,391-1171-1113,XXIII TRAVESÍA A LA PLAYA DE CULLERA,Prueba Larga,2500
cronorunner,XXIII TRAVESÍA A LA PLAYA DE CULLERA (Prueba Promoción),2018-07-01,Domingo,1.3,road running,Absoluta/General,28.0,49.0,Cullera,València / Valencia,Comunitat Valenciana,391-1171,391-1171-1114,XXIII TRAVESÍA A LA PLAYA DE CULLERA,Prueba Promoción,1300
cronorunner,XXVII VOLTA A PEU BENETÚSSER (10K),2018-06-23,Sábado,10.0,road running,Absoluta/General,82.0,354.0,Benetússer,l'Horta Sud,Comunitat Valenciana,443-1134,443-1134-1108,XXVII VOLTA A PEU BENETÚSSER,10K,10000
cronorunner,XXVII VOLTA A PEU BENETÚSSER (5K),2018-06-23,Sábado,5.0,road running,Absoluta/General,66.0,101.0,Benetússer,l'Horta Sud,Comunitat Valenciana,443-1134,443-1134-1109,XXVII VOLTA A PEU BENETÚSSER,5K,5000
cronorunner,VI VOLTA A PEU A SANT JOANET,2018-06-16,Sábado,8.0,road running,Absoluta/General,83.0,337.0,Arbúcies,la Selva,Catalunya,302-784,302-784-1095,VI VOLTA A PEU A SANT JOANET,8K,8000
cronorunner,XXI 10K CIUTAT DE BENIPARRELL,2018-06-16,Sábado,10.0,road running,Absoluta/General,131.0,511.0,Beniparrell,l'Horta Sud,Comunitat Valenciana,158-924,158-924-989,XXI 10K CIUTAT DE BENIPARRELL,10k,10000
cronorunner,II 10k POBLA DE FARNALS,2018-06-09,Sábado,10.0,road running,Absoluta/General,124.0,431.0,la Pobla de Farnals,l'Horta Nord,Comunitat Valenciana,440-1034,440-1034-977,II 10k POBLA DE FARNALS,10k,10000
cronorunner,XXX GRAN FONS DE MASSANASSA,2018-06-02,Sábado,15.0,road running,Absoluta/General,105.0,700.0,Massanassa,l'Horta Sud,Comunitat Valenciana,228-1184,228-1184-1015,XXX GRAN FONS DE MASSANASSA,15k,15000
cronorunner,XXXIV VOLTA A PEU ALGEMESI (Pre Benjami (2011-2014)),2018-06-02,Sábado,0.08,road running,Infantil,,,Algemesí,València / Valencia,Comunitat Valenciana,260-764,260-764-1077,XXXIV VOLTA A PEU ALGEMESI,Pre Benjami (2011-2014),80
cronorunner,XXXIV VOLTA A PEU ALGEMESI (Benjami (2009-2010)),2018-06-02,Sábado,0.5,road running,Infantil,16.0,12.0,Algemesí,València / Valencia,Comunitat Valenciana,260-764,260-764-1078,XXXIV VOLTA A PEU ALGEMESI,Benjami (2009-2010),500
cronorunner,XXXIV VOLTA A PEU ALGEMESI (Alevi (2007-2008)),2018-06-02,Sábado,1.0,road running,Absoluta/General,19.0,9.0,Algemesí,València / Valencia,Comunitat Valenciana,260-764,260-764-1079,XXXIV VOLTA A PEU ALGEMESI,Alevi (2007-2008),1000
cronorunner,XXXIV VOLTA A PEU ALGEMESI (Infantil (2005-2006)),2018-06-02,Sábado,1.5,road running,Infantil,15.0,9.0,Algemesí,València / Valencia,Comunitat Valenciana,260-764,260-764-1080,XXXIV VOLTA A PEU ALGEMESI,Infantil (2005-2006),1500
cronorunner,XXXIV VOLTA A PEU ALGEMESI (Cadet (2001-2004)),2018-06-02,Sábado,1.5,road running,Infantil,5.0,14.0,Algemesí,València / Valencia,Comunitat Valenciana,260-764,260-764-1081,XXXIV VOLTA A PEU ALGEMESI,Cadet (2001-2004),1500
cronorunner,XXXIV VOLTA A PEU ALGEMESI (Carrera Absoluta),2018-06-02,Sábado,10.0,road running,Absoluta/General,156.0,632.0,Algemesí,València / Valencia,Comunitat Valenciana,260-764,260-764-1076,XXXIV VOLTA A PEU ALGEMESI,Carrera Absoluta,10000
cronorunner,V PUJADA A LA BOLA DE CULLERA,2018-05-27,Domingo,10.7,road running,Absoluta/General,131.0,485.0,Cullera,València / Valencia,Comunitat Valenciana,157-914,157-914-988,V PUJADA A LA BOLA DE CULLERA,Pujada a la Bola,10700
cronorunner,II SCHNEIDER ELECTRIC 7K MELIANA (7k),2018-05-26,Sábado,7.0,road running,Absoluta/General,229.0,553.0,Meliana,l'Horta Nord,Comunitat Valenciana,439-1024,439-1024-976,II SCHNEIDER ELECTRIC 7K MELIANA,7k,7000
cronorunner,II SCHNEIDER ELECTRIC 7K MELIANA (Dorsal Solidario ASPANION),2018-05-26,Sábado,0.0,road running,Absoluta/General,,,Meliana,l'Horta Nord,Comunitat Valenciana,439-1024,439-1024-1052,II SCHNEIDER ELECTRIC 7K MELIANA,Dorsal Solidario ASPANION,0
cronorunner,XV SUBIDA VERTICAL GRAN HOTEL BALI (Descenso Silla Ruedas),2018-05-26,Sábado,0.18,trail running,Absoluta/General,0.0,1.0,Arroyo de la Miel-Benalmádena Costa,Costa del Sol Occidental,Andalucía,441-635,441-635-1107,XV SUBIDA VERTICAL GRAN HOTEL BALI,Descenso Silla Ruedas,180
cronorunner,XV SUBIDA VERTICAL GRAN HOTEL BALI (Open),2018-05-26,Sábado,0.18,trail running,Absoluta/General,60.0,230.0,Arroyo de la Miel-Benalmádena Costa,Costa del Sol Occidental,Andalucía,441-635,441-635-901,XV SUBIDA VERTICAL GRAN HOTEL BALI,Open,180
cronorunner,XV SUBIDA VERTICAL GRAN HOTEL BALI (Élite Masculina),2018-05-26,Sábado,0.18,trail running,Elite,0.0,19.0,Arroyo de la Miel-Benalmádena Costa,Costa del Sol Occidental,Andalucía,441-635,441-635-902,XV SUBIDA VERTICAL GRAN HOTEL BALI,Élite Masculina,180
cronorunner,XV SUBIDA VERTICAL GRAN HOTEL BALI (Bomber@s Equipados),2018-05-26,Sábado,0.18,trail running,Absoluta/General,0.0,25.0,Arroyo de la Miel-Benalmádena Costa,Costa del Sol Occidental,Andalucía,441-635,441-635-906,XV SUBIDA VERTICAL GRAN HOTEL BALI,Bomber@s Equipados,180
cronorunner,XV SUBIDA VERTICAL GRAN HOTEL BALI (Élite Femenina),2018-05-26,Sábado,0.18,trail running,Elite,13.0,0.0,Arroyo de la Miel-Benalmádena Costa,Costa del Sol Occidental,Andalucía,441-635,441-635-1106,XV SUBIDA VERTICAL GRAN HOTEL BALI,Élite Femenina,180
cronorunner,III CURSA ESCOLAR A CULLERA (CADETE MASCULINO (2001/02/03)),2018-05-20,Domingo,2.6,road running,Infantil,0.0,5.0,Cullera,València / Valencia,Comunitat Valenciana,386-1167,386-1167-1060,III CURSA ESCOLAR A CULLERA,CADETE MASCULINO (2001/02/03),2600
cronorunner,III CURSA ESCOLAR A CULLERA (CADETE FEMENINO (2001/02/03)),2018-05-20,Domingo,2.0,road running,Infantil,2.0,0.0,Cullera,València / Valencia,Comunitat Valenciana,386-1167,386-1167-1059,III CURSA ESCOLAR A CULLERA,CADETE FEMENINO (2001/02/03),2000
cronorunner,III CURSA ESCOLAR A CULLERA (INFANTIL MASCULINO (2004-2005)),2018-05-20,Domingo,2.0,road running,Infantil,0.0,10.0,Cullera,València / Valencia,Comunitat Valenciana,386-1167,386-1167-1058,III CURSA ESCOLAR A CULLERA,INFANTIL MASCULINO (2004-2005),2000
cronorunner,III CURSA ESCOLAR A CULLERA (INFANTIL FEMENINO (2004-2005)),2018-05-20,Domingo,1.5,road running,Infantil,4.0,0.0,Cullera,València / Valencia,Comunitat Valenciana,386-1167,386-1167-1057,III CURSA ESCOLAR A CULLERA,INFANTIL FEMENINO (2004-2005),1500
cronorunner,III CURSA ESCOLAR A CULLERA (ALEVIN (2006-2007)),2018-05-20,Domingo,1.2,road running,Infantil,28.0,35.0,Cullera,València / Valencia,Comunitat Valenciana,386-1167,386-1167-1056,III CURSA ESCOLAR A CULLERA,ALEVIN (2006-2007),1200
cronorunner,III CURSA ESCOLAR A CULLERA (BENJAMÍN (2008-2009)),2018-05-20,Domingo,0.9,road running,Infantil,34.0,64.0,Cullera,València / Valencia,Comunitat Valenciana,386-1167,386-1167-1055,III CURSA ESCOLAR A CULLERA,BENJAMÍN (2008-2009),900
cronorunner,III CURSA ESCOLAR A CULLERA (PREBENJAMÍN (2010)),2018-05-20,Domingo,0.5,road running,Infantil,23.0,24.0,Cullera,València / Valencia,Comunitat Valenciana,386-1167,386-1167-1054,III CURSA ESCOLAR A CULLERA,PREBENJAMÍN (2010),500
cronorunner,III CURSA ESCOLAR A CULLERA (QUERUBÍN (2011)),2018-05-20,Domingo,0.4,road running,Infantil,29.0,31.0,Cullera,València / Valencia,Comunitat Valenciana,386-1167,386-1167-1053,III CURSA ESCOLAR A CULLERA,QUERUBÍN (2011),400
cronorunner,I MORISCOS TRAIL (43k),2018-05-20,Domingo,43.0,trail running,Absoluta/General,7.0,35.0,,,,538-1175,538-1175-969,I MORISCOS TRAIL,43k,43000
cronorunner,I MORISCOS TRAIL (23k),2018-05-20,Domingo,23.0,trail running,Absoluta/General,34.0,107.0,,,,538-1175,538-1175-968,I MORISCOS TRAIL,23k,23000
cronorunner,I MORISCOS TRAIL (13k),2018-05-20,Domingo,13.0,trail running,Absoluta/General,69.0,138.0,,,,538-1175,538-1175-967,I MORISCOS TRAIL,13k,13000
cronorunner,XXIV VOLTA A PEU ALBERIC (LA CARRERA DE LA MONA) (Pre-benjamins (2011 o posteriores)),2018-05-19,Sábado,0.1,road running,Infantil,,,Alberic,València / Valencia,Comunitat Valenciana,264-754,264-754-1088,XXIV VOLTA A PEU ALBERIC (LA CARRERA DE LA MONA),Pre-benjamins (2011 o posteriores),100
cronorunner,XXIV VOLTA A PEU ALBERIC (LA CARRERA DE LA MONA) (Benjamins (2009-2010)),2018-05-19,Sábado,0.4,road running,Infantil,14.0,23.0,Alberic,València / Valencia,Comunitat Valenciana,264-754,264-754-1089,XXIV VOLTA A PEU ALBERIC (LA CARRERA DE LA MONA),Benjamins (2009-2010),400
cronorunner,XXIV VOLTA A PEU ALBERIC (LA CARRERA DE LA MONA) (Alevins (2007-2008)),2018-05-19,Sábado,1.0,road running,Infantil,17.0,19.0,Alberic,València / Valencia,Comunitat Valenciana,264-754,264-754-1090,XXIV VOLTA A PEU ALBERIC (LA CARRERA DE LA MONA),Alevins (2007-2008),1000
cronorunner,XXIV VOLTA A PEU ALBERIC (LA CARRERA DE LA MONA) (Infantils (2005-2006)),2018-05-19,Sábado,1.5,road running,Infantil,12.0,15.0,Alberic,València / Valencia,Comunitat Valenciana,264-754,264-754-1091,XXIV VOLTA A PEU ALBERIC (LA CARRERA DE LA MONA),Infantils (2005-2006),1500
cronorunner,XXIV VOLTA A PEU ALBERIC (LA CARRERA DE LA MONA) (Cadets (2001-2004)),2018-05-19,Sábado,2.0,road running,Infantil,4.0,7.0,Alberic,València / Valencia,Comunitat Valenciana,264-754,264-754-1092,XXIV VOLTA A PEU ALBERIC (LA CARRERA DE LA MONA),Cadets (2001-2004),2000
cronorunner,"XXIV VOLTA A PEU ALBERIC (LA CARRERA DE LA MONA) (Carrera Absoluta (8,5km))",2018-05-19,Sábado,8.5,road running,Absoluta/General,149.0,492.0,Alberic,València / Valencia,Comunitat Valenciana,264-754,264-754-1087,XXIV VOLTA A PEU ALBERIC (LA CARRERA DE LA MONA),"Carrera Absoluta (8,5km)",8500
cronorunner,XXXVIII VOLTA A PEU LLUIS VIVES,2018-05-18,Viernes,5.2,road running,Absoluta/General,,,València,Comarca de València,Comunitat Valenciana,384-1187,384-1187-1030,XXXVIII VOLTA A PEU LLUIS VIVES,Carrera Absoluta,5200
cronorunner,"IX 10k ALBAL ""POR ESA SONRISA"" (Querubín 2014/2013)",2018-05-12,Sábado,0.1,road running,Absoluta/General,,,,,,514-904,514-904-1093,"IX 10k ALBAL ""POR ESA SONRISA""",Querubín 2014/2013,100
cronorunner,"IX 10k ALBAL ""POR ESA SONRISA"" (Juvenil 2002/2001)",2018-05-12,Sábado,1.2,road running,Infantil,,,,,,514-904,514-904-1047,"IX 10k ALBAL ""POR ESA SONRISA""",Juvenil 2002/2001,1200
cronorunner,"IX 10k ALBAL ""POR ESA SONRISA"" (Cadete 2004/2003)",2018-05-12,Sábado,1.2,road running,Infantil,,,,,,514-904,514-904-1046,"IX 10k ALBAL ""POR ESA SONRISA""",Cadete 2004/2003,1200
cronorunner,"IX 10k ALBAL ""POR ESA SONRISA"" (Infantil 2006/2005)",2018-05-12,Sábado,1.2,road running,Infantil,,,,,,514-904,514-904-1045,"IX 10k ALBAL ""POR ESA SONRISA""",Infantil 2006/2005,1200
cronorunner,"IX 10k ALBAL ""POR ESA SONRISA"" (Alevin 2008/2007)",2018-05-12,Sábado,0.8,road running,Infantil,,,,,,514-904,514-904-1044,"IX 10k ALBAL ""POR ESA SONRISA""",Alevin 2008/2007,800
cronorunner,"IX 10k ALBAL ""POR ESA SONRISA"" (Benjamin 2010/2009)",2018-05-12,Sábado,0.8,road running,Infantil,,,,,,514-904,514-904-1043,"IX 10k ALBAL ""POR ESA SONRISA""",Benjamin 2010/2009,800
cronorunner,"IX 10k ALBAL ""POR ESA SONRISA"" (Pre-benjamin 2011/2012)",2018-05-12,Sábado,0.4,road running,Infantil,,,,,,514-904,514-904-1042,"IX 10k ALBAL ""POR ESA SONRISA""",Pre-benjamin 2011/2012,400
cronorunner,"IX 10k ALBAL ""POR ESA SONRISA"" (Chupetin 2015/2018)",2018-05-12,Sábado,0.1,road running,Infantil,,,,,,514-904,514-904-1041,"IX 10k ALBAL ""POR ESA SONRISA""",Chupetin 2015/2018,100
cronorunner,"IX 10k ALBAL ""POR ESA SONRISA"" (Caminata)",2018-05-12,Sábado,5.0,road running,Absoluta/General,,,,,,514-904,514-904-1040,"IX 10k ALBAL ""POR ESA SONRISA""",Caminata,5000
cronorunner,"IX 10k ALBAL ""POR ESA SONRISA"" (10k)",2018-05-12,Sábado,10.0,road running,Absoluta/General,146.0,533.0,,,,514-904,514-904-987,"IX 10k ALBAL ""POR ESA SONRISA""",10k,10000
cronorunner,II PICATRAIL (23K),2018-05-06,Domingo,23.0,trail running,Absoluta/General,9.0,121.0,,,,535-1168,535-1168-1017,II PICATRAIL,23K,23000
cronorunner,II PICATRAIL (13K),2018-05-06,Domingo,13.3,trail running,Absoluta/General,74.0,228.0,,,,535-1168,535-1168-1018,II PICATRAIL,13K,13300
cronorunner,II PICATRAIL (CAMINATA),2018-05-06,Domingo,10.5,trail running,Absoluta/General,,,,,,535-1168,535-1168-1019,II PICATRAIL,CAMINATA,10500
cronorunner,XXXI VOLTA A PEU FIBRA VALENCIA VILA D'ALAQUAS (10k),2018-05-05,Sábado,10.0,road running,Absoluta/General,84.0,368.0,Alaquàs,l'Horta Sud,Comunitat Valenciana,323-1124,323-1124-1000,XXXI VOLTA A PEU FIBRA VALENCIA VILA D'ALAQUAS,10k,10000
cronorunner,XXXI VOLTA A PEU FIBRA VALENCIA VILA D'ALAQUAS (5k),2018-05-05,Sábado,5.0,road running,Absoluta/General,63.0,70.0,Alaquàs,l'Horta Sud,Comunitat Valenciana,323-1124,323-1124-1001,XXXI VOLTA A PEU FIBRA VALENCIA VILA D'ALAQUAS,5k,5000
cronorunner,VI CARRERA DE DONES D'ALDAIA (5k),2018-05-05,Sábado,5.0,road running,Absoluta/General,154.0,24.0,,,,322-1183,322-1183-1013,VI CARRERA DE DONES D'ALDAIA,5k,5000
cronorunner,VI CARRERA DE DONES D'ALDAIA (5k (Inscripción menores de edad)),2018-05-05,Sábado,5.0,road running,Infantil,,,,,,322-1183,322-1183-1014,VI CARRERA DE DONES D'ALDAIA,5k (Inscripción menores de edad),5000
cronorunner,XXXI VOLTA A PEU A L´ALCÚDIA (PREBENJAMI (2018-2009)),2018-05-05,Sábado,0.3,road running,Infantil,,,l'Alcúdia,València / Valencia,Comunitat Valenciana,206-744,206-744-1065,XXXI VOLTA A PEU A L´ALCÚDIA,PREBENJAMI (2018-2009),300
cronorunner,XXXI VOLTA A PEU A L´ALCÚDIA (BENJAMIN (2009-2010)),2018-05-05,Sábado,0.6,road running,Infantil,9.0,13.0,l'Alcúdia,València / Valencia,Comunitat Valenciana,206-744,206-744-1066,XXXI VOLTA A PEU A L´ALCÚDIA,BENJAMIN (2009-2010),600
cronorunner,XXXI VOLTA A PEU A L´ALCÚDIA (ALEVI (2007-2008)),2018-05-05,Sábado,1.0,road running,Absoluta/General,16.0,20.0,l'Alcúdia,València / Valencia,Comunitat Valenciana,206-744,206-744-1067,XXXI VOLTA A PEU A L´ALCÚDIA,ALEVI (2007-2008),1000
cronorunner,XXXI VOLTA A PEU A L´ALCÚDIA (INFANTIL (2005-2006)),2018-05-05,Sábado,2.0,road running,Infantil,10.0,11.0,l'Alcúdia,València / Valencia,Comunitat Valenciana,206-744,206-744-1068,XXXI VOLTA A PEU A L´ALCÚDIA,INFANTIL (2005-2006),2000
cronorunner,XXXI VOLTA A PEU A L´ALCÚDIA (CADET (2003-2001)),2018-05-05,Sábado,2.0,road running,Infantil,4.0,8.0,l'Alcúdia,València / Valencia,Comunitat Valenciana,206-744,206-744-1069,XXXI VOLTA A PEU A L´ALCÚDIA,CADET (2003-2001),2000
cronorunner,XXXI VOLTA A PEU A L´ALCÚDIA (Carrera Absoluta),2018-05-05,Sábado,10.0,road running,Absoluta/General,117.0,537.0,l'Alcúdia,València / Valencia,Comunitat Valenciana,206-744,206-744-1064,XXXI VOLTA A PEU A L´ALCÚDIA,Carrera Absoluta,10000
cronorunner,III 5K EMPERADOR MEMORIAL EVA GIMENO (Prebenjamin 2010/2011),2018-05-05,Sábado,0.1,road running,Infantil,,,,,,392-1014,392-1014-1048,III 5K EMPERADOR MEMORIAL EVA GIMENO,Prebenjamin 2010/2011,100
cronorunner,III 5K EMPERADOR MEMORIAL EVA GIMENO (Benjamin 2008/2009),2018-05-05,Sábado,0.4,road running,Infantil,,,,,,392-1014,392-1014-1049,III 5K EMPERADOR MEMORIAL EVA GIMENO,Benjamin 2008/2009,400
cronorunner,III 5K EMPERADOR MEMORIAL EVA GIMENO (Alevin 2006/2007),2018-05-05,Sábado,0.8,road running,Infantil,,,,,,392-1014,392-1014-1050,III 5K EMPERADOR MEMORIAL EVA GIMENO,Alevin 2006/2007,800
cronorunner,III 5K EMPERADOR MEMORIAL EVA GIMENO (Infantil 2004/2005),2018-05-05,Sábado,1.2,road running,Infantil,,,,,,392-1014,392-1014-1051,III 5K EMPERADOR MEMORIAL EVA GIMENO,Infantil 2004/2005,1200
cronorunner,III 5K EMPERADOR MEMORIAL EVA GIMENO (Baby 2012/2018),2018-05-05,Sábado,0.0,road running,Absoluta/General,,,,,,392-1014,392-1014-1061,III 5K EMPERADOR MEMORIAL EVA GIMENO,Baby 2012/2018,0
cronorunner,III 5K EMPERADOR MEMORIAL EVA GIMENO (5k),2018-05-05,Sábado,5.0,road running,Absoluta/General,181.0,422.0,,,,392-1014,392-1014-975,III 5K EMPERADOR MEMORIAL EVA GIMENO,5k,5000
cronorunner,VII VOLTA A PEU I MARXA BONESTAR-LA LLACUNA (Marcha),2018-05-01,Martes,11.8,marcha,Absoluta/General,24.0,21.0,,,,320-1172,320-1172-1029,VII VOLTA A PEU I MARXA BONESTAR-LA LLACUNA,Marcha,11800
cronorunner,VII VOLTA A PEU I MARXA BONESTAR-LA LLACUNA (Carrera),2018-05-01,Martes,11.8,road running,Absoluta/General,25.0,99.0,,,,320-1172,320-1172-1028,VII VOLTA A PEU I MARXA BONESTAR-LA LLACUNA,Carrera,11800
cronorunner,VII VOLTA A PEU A TAVERNES BLANQUES AVAPACE (Carrera Absoluta),2018-05-01,Martes,8.0,road running,Absoluta/General,190.0,439.0,,,,208-1185,208-1185-1026,VII VOLTA A PEU A TAVERNES BLANQUES AVAPACE,Carrera Absoluta,8000
cronorunner,VII VOLTA A PEU A TAVERNES BLANQUES AVAPACE (Marcha),2018-05-01,Martes,0.0,marcha,Absoluta/General,,,,,,208-1185,208-1185-1027,VII VOLTA A PEU A TAVERNES BLANQUES AVAPACE,Marcha,0
cronorunner,IV 10MILPASSOS KANGURS BENIFAIÓ,2018-04-28,Sábado,10.0,road running,Absoluta/General,126.0,479.0,,,,311-894,311-894-986,IV 10MILPASSOS KANGURS BENIFAIÓ,10k,10000
cronorunner,XI MITJA MARATÓ CIUTAT DE SUECA,2018-04-22,Domingo,21.097,road running,Absoluta/General,18.0,160.0,Sueca,València / Valencia,Comunitat Valenciana,289-643,289-643-915,XI MITJA MARATÓ CIUTAT DE SUECA,Mitja Marató,21097
cronorunner,XIV MITJA MARATO i X10K CIUTAT DE TORRENT (10k),2018-04-22,Domingo,10.0,road running,Absoluta/General,71.0,232.0,Torrent,l'Horta Sud,Comunitat Valenciana,221-1182,221-1182-1003,XIV MITJA MARATO i X10K CIUTAT DE TORRENT,10k,10000
cronorunner,XIV MITJA MARATO i X10K CIUTAT DE TORRENT (Media maratón),2018-04-22,Domingo,21.0,road running,Absoluta/General,23.0,210.0,Torrent,l'Horta Sud,Comunitat Valenciana,221-1182,221-1182-1002,XIV MITJA MARATO i X10K CIUTAT DE TORRENT,Media maratón,21000
cronorunner,V 10K BENIMODO (Menudets 2013-2018),2018-04-21,Sábado,0.1,road running,Absoluta/General,,,Benimodo,València / Valencia,Comunitat Valenciana,163-734,163-734-1034,V 10K BENIMODO,Menudets 2013-2018,100
cronorunner,V 10K BENIMODO (Pre-Benjamí 2011-2012),2018-04-21,Sábado,0.15,road running,Infantil,,,Benimodo,València / Valencia,Comunitat Valenciana,163-734,163-734-1035,V 10K BENIMODO,Pre-Benjamí 2011-2012,150
cronorunner,V 10K BENIMODO (Aleví 2007-2008),2018-04-21,Sábado,0.72,road running,Absoluta/General,16.0,13.0,Benimodo,València / Valencia,Comunitat Valenciana,163-734,163-734-1036,V 10K BENIMODO,Aleví 2007-2008,720
cronorunner,V 10K BENIMODO (Infantil 2005-2006),2018-04-21,Sábado,1.44,road running,Infantil,11.0,5.0,Benimodo,València / Valencia,Comunitat Valenciana,163-734,163-734-1037,V 10K BENIMODO,Infantil 2005-2006,1440
cronorunner,V 10K BENIMODO (Cadet 2004-2001),2018-04-21,Sábado,2.16,road running,Infantil,4.0,10.0,Benimodo,València / Valencia,Comunitat Valenciana,163-734,163-734-1038,V 10K BENIMODO,Cadet 2004-2001,2160
cronorunner,V 10K BENIMODO (Benjamí 2009-2010),2018-04-21,Sábado,0.72,road running,Infantil,12.0,18.0,Benimodo,València / Valencia,Comunitat Valenciana,163-734,163-734-1039,V 10K BENIMODO,Benjamí 2009-2010,720
cronorunner,V 10K BENIMODO (Carrera Absoluta),2018-04-21,Sábado,10.0,road running,Absoluta/General,110.0,449.0,Benimodo,València / Valencia,Comunitat Valenciana,163-734,163-734-1033,V 10K BENIMODO,Carrera Absoluta,10000
cronorunner,XXXVII VOLTA A PEU XIRIVELLA,2018-04-15,Domingo,6.9,road running,Absoluta/General,315.0,876.0,Xirivella,l'Horta Sud,Comunitat Valenciana,377-1114,377-1114-1032,XXXVII VOLTA A PEU XIRIVELLA,Carrera Absoluta,6900
cronorunner,V 10k BIMI SILLA,2018-04-14,Sábado,10.0,road running,Absoluta/General,145.0,595.0,,,,150-884,150-884-985,V 10k BIMI SILLA,10k,10000
cronorunner,XVIII VOLTA A PEU GAVARDA (Iniciació/Nanos 2011 o posteriors),2018-04-07,Sábado,0.1,road running,Absoluta/General,,,Gavarda,València / Valencia,Comunitat Valenciana,296-724,296-724-1020,XVIII VOLTA A PEU GAVARDA,Iniciació/Nanos 2011 o posteriors,100
cronorunner,XVIII VOLTA A PEU GAVARDA (Benjamí 2009/2010),2018-04-07,Sábado,0.4,road running,Infantil,11.0,9.0,Gavarda,València / Valencia,Comunitat Valenciana,296-724,296-724-1021,XVIII VOLTA A PEU GAVARDA,Benjamí 2009/2010,400
cronorunner,XVIII VOLTA A PEU GAVARDA (Aleví 2007/2008),2018-04-07,Sábado,1.0,road running,Absoluta/General,16.0,13.0,Gavarda,València / Valencia,Comunitat Valenciana,296-724,296-724-1022,XVIII VOLTA A PEU GAVARDA,Aleví 2007/2008,1000
cronorunner,XVIII VOLTA A PEU GAVARDA (Infantil 2005/2006),2018-04-07,Sábado,1.4,road running,Infantil,10.0,6.0,Gavarda,València / Valencia,Comunitat Valenciana,296-724,296-724-1023,XVIII VOLTA A PEU GAVARDA,Infantil 2005/2006,1400
cronorunner,XVIII VOLTA A PEU GAVARDA (Cadet 2001/2004),2018-04-07,Sábado,2.0,road running,Infantil,3.0,9.0,Gavarda,València / Valencia,Comunitat Valenciana,296-724,296-724-1024,XVIII VOLTA A PEU GAVARDA,Cadet 2001/2004,2000
cronorunner,XVIII VOLTA A PEU GAVARDA (Dorsal Solidario),2018-04-07,Sábado,0.0,road running,Absoluta/General,,,Gavarda,València / Valencia,Comunitat Valenciana,296-724,296-724-1031,XVIII VOLTA A PEU GAVARDA,Dorsal Solidario,0
cronorunner,XVIII VOLTA A PEU GAVARDA (Carrera Absoluta),2018-04-07,Sábado,8.05,road running,Absoluta/General,79.0,344.0,Gavarda,València / Valencia,Comunitat Valenciana,296-724,296-724-1025,XVIII VOLTA A PEU GAVARDA,Carrera Absoluta,8050
cronorunner,XX GRAN FONS DE PUÇOL,2018-04-07,Sábado,15.0,road running,Absoluta/General,129.0,669.0,Puçol,l'Horta Nord,Comunitat Valenciana,433-1004,433-1004-974,XX GRAN FONS DE PUÇOL,15K,15000
cronorunner,XVIII VOLTA A PEU CATADAU (Benjamí 2009/2010),2018-03-24,Sábado,0.5,road running,Infantil,9.0,15.0,Catadau,València / Valencia,Comunitat Valenciana,299-714,299-714-1007,XVIII VOLTA A PEU CATADAU,Benjamí 2009/2010,500
cronorunner,XVIII VOLTA A PEU CATADAU (Aleví 2007/2008),2018-03-24,Sábado,1.0,road running,Absoluta/General,22.0,14.0,Catadau,València / Valencia,Comunitat Valenciana,299-714,299-714-1008,XVIII VOLTA A PEU CATADAU,Aleví 2007/2008,1000
cronorunner,XVIII VOLTA A PEU CATADAU (Infantil 2005/2006),2018-03-24,Sábado,1.5,road running,Infantil,13.0,5.0,Catadau,València / Valencia,Comunitat Valenciana,299-714,299-714-1009,XVIII VOLTA A PEU CATADAU,Infantil 2005/2006,1500
cronorunner,XVIII VOLTA A PEU CATADAU (Cadet 2001/2004),2018-03-24,Sábado,2.0,road running,Infantil,7.0,11.0,Catadau,València / Valencia,Comunitat Valenciana,299-714,299-714-1010,XVIII VOLTA A PEU CATADAU,Cadet 2001/2004,2000
cronorunner,XVIII VOLTA A PEU CATADAU (Mini-Benjamí 2014/2018),2018-03-24,Sábado,0.08,road running,Infantil,,,Catadau,València / Valencia,Comunitat Valenciana,299-714,299-714-1011,XVIII VOLTA A PEU CATADAU,Mini-Benjamí 2014/2018,80
cronorunner,XVIII VOLTA A PEU CATADAU (Pre-Benjamí 2011/2013),2018-03-24,Sábado,0.1,road running,Infantil,,,Catadau,València / Valencia,Comunitat Valenciana,299-714,299-714-1012,XVIII VOLTA A PEU CATADAU,Pre-Benjamí 2011/2013,100
cronorunner,XVIII VOLTA A PEU CATADAU (Carrera Absoluta),2018-03-24,Sábado,10.5,road running,Absoluta/General,90.0,369.0,Catadau,València / Valencia,Comunitat Valenciana,299-714,299-714-1006,XVIII VOLTA A PEU CATADAU,Carrera Absoluta,10500
cronorunner,"VI 7K, 15k MASKOKOTAS GUADASSUAR (7k)",2018-03-11,Domingo,7.0,road running,Absoluta/General,54.0,90.0,,,,288-1176,288-1176-970,"VI 7K, 15k MASKOKOTAS GUADASSUAR",7k,7000
cronorunner,"VI 7K, 15k MASKOKOTAS GUADASSUAR (15k)",2018-03-11,Domingo,15.0,road running,Absoluta/General,21.0,128.0,,,,288-1176,288-1176-971,"VI 7K, 15k MASKOKOTAS GUADASSUAR",15k,15000
cronorunner,VII 10k D' ALCÁNTERA DEL XÚQUER (Mitja),2018-03-11,Domingo,21.097,road running,Absoluta/General,18.0,142.0,Valverde de Júcar,Cuenca,Castilla-La Mancha,134-704,134-704-1004,VII 10k D' ALCÁNTERA DEL XÚQUER,Mitja,21097
cronorunner,VII 10k D' ALCÁNTERA DEL XÚQUER (Quarta),2018-03-11,Domingo,10.548,road running,Absoluta/General,79.0,275.0,Valverde de Júcar,Cuenca,Castilla-La Mancha,134-704,134-704-1005,VII 10k D' ALCÁNTERA DEL XÚQUER,Quarta,10548
cronorunner,I TRAIL SERRA DE CORBERA (Trail),2018-03-03,Sábado,21.0,trail running,Absoluta/General,18.0,163.0,Alzira,València / Valencia,Comunitat Valenciana,472-653,472-653-931,I TRAIL SERRA DE CORBERA,Trail,21000
cronorunner,I TRAIL SERRA DE CORBERA (Sprint),2018-03-03,Sábado,13.0,trail running,Absoluta/General,63.0,205.0,Alzira,València / Valencia,Comunitat Valenciana,472-653,472-653-932,I TRAIL SERRA DE CORBERA,Sprint,13000
cronorunner,I TRAIL SERRA DE CORBERA (Marcha),2018-03-03,Sábado,8.0,trail running,Absoluta/General,,,Alzira,València / Valencia,Comunitat Valenciana,472-653,472-653-933,I TRAIL SERRA DE CORBERA,Marcha,8000
cronorunner,XI CARRERA POPULAR PARQUE NATURAL DEL TÚRIA (Cadete),2018-02-11,Domingo,0.0,road running,Infantil,,,Riba-roja de Túria,València / Valencia,Comunitat Valenciana,366-654,366-654-940,XI CARRERA POPULAR PARQUE NATURAL DEL TÚRIA,Cadete,0
cronorunner,XI CARRERA POPULAR PARQUE NATURAL DEL TÚRIA (Nanos),2018-02-11,Domingo,0.05,road running,Absoluta/General,,,Riba-roja de Túria,València / Valencia,Comunitat Valenciana,366-654,366-654-935,XI CARRERA POPULAR PARQUE NATURAL DEL TÚRIA,Nanos,50
cronorunner,XI CARRERA POPULAR PARQUE NATURAL DEL TÚRIA (Pre Benjamin),2018-02-11,Domingo,0.08,road running,Infantil,,,Riba-roja de Túria,València / Valencia,Comunitat Valenciana,366-654,366-654-936,XI CARRERA POPULAR PARQUE NATURAL DEL TÚRIA,Pre Benjamin,80
cronorunner,XI CARRERA POPULAR PARQUE NATURAL DEL TÚRIA (Benjamin),2018-02-11,Domingo,0.3,road running,Infantil,,,Riba-roja de Túria,València / Valencia,Comunitat Valenciana,366-654,366-654-937,XI CARRERA POPULAR PARQUE NATURAL DEL TÚRIA,Benjamin,300
cronorunner,XI CARRERA POPULAR PARQUE NATURAL DEL TÚRIA (Alevin),2018-02-11,Domingo,0.8,road running,Infantil,,,Riba-roja de Túria,València / Valencia,Comunitat Valenciana,366-654,366-654-938,XI CARRERA POPULAR PARQUE NATURAL DEL TÚRIA,Alevin,800
cronorunner,XI CARRERA POPULAR PARQUE NATURAL DEL TÚRIA (Infantil),2018-02-11,Domingo,1.6,road running,Infantil,,,Riba-roja de Túria,València / Valencia,Comunitat Valenciana,366-654,366-654-939,XI CARRERA POPULAR PARQUE NATURAL DEL TÚRIA,Infantil,1600
cronorunner,XI CARRERA POPULAR PARQUE NATURAL DEL TÚRIA (Carrera Absoluta),2018-02-11,Domingo,10.0,road running,Absoluta/General,111.0,359.0,Riba-roja de Túria,València / Valencia,Comunitat Valenciana,366-654,366-654-934,XI CARRERA POPULAR PARQUE NATURAL DEL TÚRIA,Carrera Absoluta,10000
cronorunner,XIII GRAN FONS DE TURÍS MEMORIAL RAIMON SORIA (Benjamí),2018-02-11,Domingo,0.6,road running,Infantil,7.0,10.0,,,,295-694,295-694-957,XIII GRAN FONS DE TURÍS MEMORIAL RAIMON SORIA,Benjamí,600
cronorunner,XIII GRAN FONS DE TURÍS MEMORIAL RAIMON SORIA (Aleví),2018-02-11,Domingo,1.0,road running,Absoluta/General,7.0,11.0,,,,295-694,295-694-958,XIII GRAN FONS DE TURÍS MEMORIAL RAIMON SORIA,Aleví,1000
cronorunner,XIII GRAN FONS DE TURÍS MEMORIAL RAIMON SORIA (Infantil),2018-02-11,Domingo,1.6,road running,Infantil,14.0,6.0,,,,295-694,295-694-959,XIII GRAN FONS DE TURÍS MEMORIAL RAIMON SORIA,Infantil,1600
cronorunner,XIII GRAN FONS DE TURÍS MEMORIAL RAIMON SORIA (Cadet),2018-02-11,Domingo,2.0,road running,Infantil,4.0,3.0,,,,295-694,295-694-960,XIII GRAN FONS DE TURÍS MEMORIAL RAIMON SORIA,Cadet,2000
cronorunner,XIII GRAN FONS DE TURÍS MEMORIAL RAIMON SORIA (Gran Fons),2018-02-11,Domingo,16.0,road running,Absoluta/General,62.0,386.0,,,,295-694,295-694-955,XIII GRAN FONS DE TURÍS MEMORIAL RAIMON SORIA,Gran Fons,16000
cronorunner,"XIII GRAN FONS DE TURÍS MEMORIAL RAIMON SORIA (Iniciación 8,7k (NO PUNTUABLE))",2018-02-11,Domingo,8.75,road running,Absoluta/General,36.0,59.0,,,,295-694,295-694-956,XIII GRAN FONS DE TURÍS MEMORIAL RAIMON SORIA,"Iniciación 8,7k (NO PUNTUABLE)",8750
cronorunner,VI ALÈDUA TRAIL MEMORIAL MJ (k23),2018-02-04,Domingo,23.0,trail running,Absoluta/General,29.0,239.0,,,,287-634,287-634-899,VI ALÈDUA TRAIL MEMORIAL MJ,k23,23000
cronorunner,VI ALÈDUA TRAIL MEMORIAL MJ (k11),2018-02-04,Domingo,11.0,trail running,Absoluta/General,65.0,217.0,,,,287-634,287-634-900,VI ALÈDUA TRAIL MEMORIAL MJ,k11,11000
cronorunner,I DUATLÓN INVERNAL BRONCHALES (Inscripción por parejas),2018-01-27,Sábado,40.0,Multidisciplina,Absoluta/General,0.0,86.0,,,,466-629,466-629-893,I DUATLÓN INVERNAL BRONCHALES,Inscripción por parejas,40000
cronorunner,I DUATLÓN INVERNAL BRONCHALES (Categoría individual),2018-01-27,Sábado,40.0,Multidisciplina,Absoluta/General,4.0,67.0,,,,466-629,466-629-894,I DUATLÓN INVERNAL BRONCHALES,Categoría individual,40000
cronorunner,IV VOLTA MUNTANYA DE LLAURÍ (TRA·LLA),2018-01-27,Sábado,18.0,road running,Absoluta/General,20.0,138.0,Llaurí,València / Valencia,Comunitat Valenciana,321-641,321-641-911,IV VOLTA MUNTANYA DE LLAURÍ,TRA·LLA,18000
cronorunner,IV VOLTA MUNTANYA DE LLAURÍ (SPRINT),2018-01-27,Sábado,8.5,road running,Absoluta/General,51.0,111.0,Llaurí,València / Valencia,Comunitat Valenciana,321-641,321-641-912,IV VOLTA MUNTANYA DE LLAURÍ,SPRINT,8500
cronorunner,IX TRAIL 3 PICS LES RODANES (28k),2018-01-21,Domingo,28.0,trail running,Absoluta/General,22.0,159.0,Vilamarxant,València / Valencia,Comunitat Valenciana,136-636,136-636-903,IX TRAIL 3 PICS LES RODANES,28k,28000
cronorunner,IX TRAIL 3 PICS LES RODANES (14k),2018-01-21,Domingo,14.0,trail running,Absoluta/General,105.0,291.0,Vilamarxant,València / Valencia,Comunitat Valenciana,136-636,136-636-904,IX TRAIL 3 PICS LES RODANES,14k,14000
cronorunner,IX TRAIL 3 PICS LES RODANES (8k),2018-01-21,Domingo,8.0,trail running,Absoluta/General,45.0,51.0,Vilamarxant,València / Valencia,Comunitat Valenciana,136-636,136-636-905,IX TRAIL 3 PICS LES RODANES,8k,8000
cronorunner,IV GALA CIRCUIT CAIXA POPULAR RUNNING SOLIDARI,2018-01-10,Miércoles,0.0,road running,Absoluta/General,,,,,,471-652,471-652-930,IV GALA CIRCUIT CAIXA POPULAR RUNNING SOLIDARI,Gala Circuit Caixa Popular Running Solidari,0
cronorunner,IV 10K Arco Foios per la Fibrosi Quistica,2018-01-07,Domingo,10.0,road running,Absoluta/General,291.0,758.0,,,,468-631,468-631-896,IV 10K Arco Foios per la Fibrosi Quistica,Carrera Absoluta,10000
cronorunner,XXXIII SAN SILVESTRE D'ALBALAT DE LA RIBERA,2017-12-31,Domingo,0.0,road running,Absoluta/General,,,Albalat de la Ribera,València / Valencia,Comunitat Valenciana,113-647,113-647-922,XXXIII SAN SILVESTRE D'ALBALAT DE LA RIBERA,Carrera Absoluta,0
cronorunner,III SANT SILVESTRE D'ALMUSSAFES (Carrera Absoluta),2017-12-30,Sábado,0.0,road running,Absoluta/General,,,Almussafes,València / Valencia,Comunitat Valenciana,416-639,416-639-908,III SANT SILVESTRE D'ALMUSSAFES,Carrera Absoluta,0
cronorunner,III SANT SILVESTRE D'ALMUSSAFES (Curses Infantils),2017-12-30,Sábado,0.0,road running,Infantil,,,Almussafes,València / Valencia,Comunitat Valenciana,416-639,416-639-910,III SANT SILVESTRE D'ALMUSSAFES,Curses Infantils,0
cronorunner,II SANT SILVESTRE DE MONTSERRAT,2017-12-30,Sábado,0.0,road running,Absoluta/General,,,Montserrat,València / Valencia,Comunitat Valenciana,422-646,422-646-920,II SANT SILVESTRE DE MONTSERRAT,Carrera Absoluta,0
cronorunner,V SANT SILVESTRE DE CULLERA,2017-12-29,Viernes,0.0,road running,Absoluta/General,,,Cullera,València / Valencia,Comunitat Valenciana,368-645,368-645-921,V SANT SILVESTRE DE CULLERA,Carrera Absoluta,0
cronorunner,XIX SAN SILVESTRE DE MISLATA,2017-12-29,Viernes,0.0,road running,Absoluta/General,,,Mislata,l'Horta Sud,Comunitat Valenciana,367-648,367-648-924,XIX SAN SILVESTRE DE MISLATA,Carrera Absoluta,0
cronorunner,III SAN SILVESTRE SOLIDARIA DE BENETÚSSER (Carrera Absoluta),2017-12-29,Viernes,0.0,road running,Absoluta/General,,,Benetússer,l'Horta Sud,Comunitat Valenciana,470-649,470-649-925,III SAN SILVESTRE SOLIDARIA DE BENETÚSSER,Carrera Absoluta,0
cronorunner,III SAN SILVESTRE SOLIDARIA DE BENETÚSSER (Carreras Infantiles),2017-12-29,Viernes,0.0,road running,Infantil,,,Benetússer,l'Horta Sud,Comunitat Valenciana,470-649,470-649-926,III SAN SILVESTRE SOLIDARIA DE BENETÚSSER,Carreras Infantiles,0
cronorunner,III SANT SILVESTRE NOCTURNA RIOLA,2017-12-28,Jueves,5.0,road running,Absoluta/General,,,Riola,València / Valencia,Comunitat Valenciana,360-638,360-638-907,III SANT SILVESTRE NOCTURNA RIOLA,Carrera Absoluta,5000
cronorunner,VIII SANT SILVESTRE VILAMARXANT (Carrera Absoluta),2017-12-28,Jueves,0.0,road running,Absoluta/General,,,Vilamarxant,València / Valencia,Comunitat Valenciana,425-650,425-650-927,VIII SANT SILVESTRE VILAMARXANT,Carrera Absoluta,0
cronorunner,VIII SANT SILVESTRE VILAMARXANT (Carreras Infantiles),2017-12-28,Jueves,0.0,road running,Infantil,,,Vilamarxant,València / Valencia,Comunitat Valenciana,425-650,425-650-928,VIII SANT SILVESTRE VILAMARXANT,Carreras Infantiles,0
cronorunner,XVI CURSA DE NADAL BÉTERA (Carrera Absoluta),2017-12-17,Domingo,0.0,road running,Absoluta/General,,,,,,361-588,361-588-775,XVI CURSA DE NADAL BÉTERA,Carrera Absoluta,0
cronorunner,XVI CURSA DE NADAL BÉTERA (Cadete),2017-12-17,Domingo,0.0,road running,Infantil,,,,,,361-588,361-588-776,XVI CURSA DE NADAL BÉTERA,Cadete,0
cronorunner,XVI CURSA DE NADAL BÉTERA (Infantil),2017-12-17,Domingo,0.0,road running,Infantil,,,,,,361-588,361-588-777,XVI CURSA DE NADAL BÉTERA,Infantil,0
cronorunner,XVI CURSA DE NADAL BÉTERA (Alevín),2017-12-17,Domingo,0.0,road running,Infantil,,,,,,361-588,361-588-778,XVI CURSA DE NADAL BÉTERA,Alevín,0
cronorunner,XVI CURSA DE NADAL BÉTERA (Benjamín),2017-12-17,Domingo,0.0,road running,Infantil,,,,,,361-588,361-588-779,XVI CURSA DE NADAL BÉTERA,Benjamín,0
cronorunner,XVI CURSA DE NADAL BÉTERA (Pre Benjamín),2017-12-17,Domingo,0.0,road running,Infantil,,,,,,361-588,361-588-780,XVI CURSA DE NADAL BÉTERA,Pre Benjamín,0
cronorunner,XVI CURSA DE NADAL BÉTERA (Mini Benjamín),2017-12-17,Domingo,0.0,road running,Infantil,,,,,,361-588,361-588-781,XVI CURSA DE NADAL BÉTERA,Mini Benjamín,0
cronorunner,V SAN SILVESTRE SOLIDARIA POBLA DE FARNALS,2017-12-16,Sábado,0.0,road running,Absoluta/General,51.0,152.0,la Pobla de Farnals,l'Horta Nord,Comunitat Valenciana,421-640,421-640-909,V SAN SILVESTRE SOLIDARIA POBLA DE FARNALS,Carrera Absoluta,0
cronorunner,II TRAIL MARINES VELL 2017,2017-12-10,Domingo,0.0,trail running,Absoluta/General,36.0,241.0,Marines,València / Valencia,Comunitat Valenciana,446-580,446-580-748,II TRAIL MARINES VELL 2017,Trail 21k,0
cronorunner,I MARCHA CICLOTURISTA DE L’OLLERIA,2017-12-09,Sábado,0.0,Ciclismo y btt,Absoluta/General,7.0,143.0,l'Olleria,València / Valencia,Comunitat Valenciana,451-589,451-589-782,I MARCHA CICLOTURISTA DE L’OLLERIA,Carrera Absoluta,0
cronorunner,III 10k y 5K DINOSAURIS MONCADA,2017-12-03,Domingo,0.0,road running,Absoluta/General,83.0,206.0,,,,351-565,351-565-717,III 10k y 5K DINOSAURIS MONCADA,Carrera Absoluta,0
cronorunner,I GALA CIRCUIT DE L'HORTA NORD,2017-12-02,Sábado,0.0,road running,Absoluta/General,,,,l'Horta Nord,Comunitat Valenciana,469-642,469-642-914,I GALA CIRCUIT DE L'HORTA NORD,Entrada,0
cronorunner,II TRAIL DE L'OLLERÍA (Trail 23k),2017-11-26,Domingo,0.0,trail running,Absoluta/General,26.0,107.0,l'Olleria,València / Valencia,Comunitat Valenciana,411-535,411-535-679,II TRAIL DE L'OLLERÍA,Trail 23k,0
cronorunner,II TRAIL DE L'OLLERÍA (Trail 14k),2017-11-26,Domingo,0.0,trail running,Absoluta/General,52.0,188.0,l'Olleria,València / Valencia,Comunitat Valenciana,411-535,411-535-680,II TRAIL DE L'OLLERÍA,Trail 14k,0
cronorunner,II TRAIL DE L'OLLERÍA (Marcha 14k),2017-11-26,Domingo,0.0,trail running,Absoluta/General,33.0,21.0,l'Olleria,València / Valencia,Comunitat Valenciana,411-535,411-535-681,II TRAIL DE L'OLLERÍA,Marcha 14k,0
cronorunner,XXXVII BESTDRIVE 10K. MISLATA 2018,2017-11-26,Domingo,0.0,road running,Absoluta/General,128.0,484.0,Mislata,l'Horta Sud,Comunitat Valenciana,227-564,227-564-716,XXXVII BESTDRIVE 10K. MISLATA 2018,Carrera Absoluta,0
cronorunner,IV 10K DULCES DE CASINOS,2017-11-25,Sábado,0.0,road running,Absoluta/General,35.0,134.0,Jerez de la Frontera,Campiña de Jerez,Andalucía,467-630,467-630-895,IV 10K DULCES DE CASINOS,Carrera Absoluta,0
cronorunner,XVIII VOLTA POPULAR EN BICICLETA,2017-11-19,Domingo,0.0,road running,Absoluta/General,,,Barcelona,Barcelonès,Catalunya,414-633,414-633-898,XVIII VOLTA POPULAR EN BICICLETA,Volta Popular,0
cronorunner,VI VOLTA A PEU SANTA CECILIA CULLERA,2017-11-12,Domingo,0.0,road running,Absoluta/General,,,Cullera,València / Valencia,Comunitat Valenciana,285-623,285-623-888,VI VOLTA A PEU SANTA CECILIA CULLERA,Carrera Absoluta,0
cronorunner,IV CAMINATA PER LA MPOC,2017-11-12,Domingo,0.0,road running,Absoluta/General,,,,,,282-625,282-625-890,IV CAMINATA PER LA MPOC,Marcha,0
cronorunner,IV CURSA PER EQUIPS I MARXA DE L'MPOC,2017-11-12,Domingo,0.0,road running,Absoluta/General,,,,,,359-626,359-626-891,IV CURSA PER EQUIPS I MARXA DE L'MPOC,Cursa MPOC,0
cronorunner,IV 5K MASSALFASSAR,2017-11-11,Sábado,0.0,road running,Absoluta/General,123.0,394.0,Massalfassar,l'Horta Nord,Comunitat Valenciana,442-570,442-570-723,IV 5K MASSALFASSAR,5k,0
cronorunner,III 10k y la VII Caminata de la Miel,2017-11-05,Domingo,0.0,road running,Absoluta/General,33.0,178.0,Torrequebrada,Costa del Sol Occidental,Andalucía,409-627,409-627-892,III 10k y la VII Caminata de la Miel,Carrera Absoluta,0
cronorunner,IV GALA FINAL CIRCUIT DE L'ALBUFERA,2017-11-03,Viernes,0.0,road running,Absoluta/General,,,València,Comarca de València,Comunitat Valenciana,357-624,357-624-889,IV GALA FINAL CIRCUIT DE L'ALBUFERA,Absoluta,0
cronorunner,IV 5K Y 10K ALBALAT DELS SORELLS (10k),2017-10-28,Sábado,0.0,road running,Absoluta/General,83.0,337.0,Albalat dels Sorells,l'Horta Nord,Comunitat Valenciana,434-553,434-553-701,IV 5K Y 10K ALBALAT DELS SORELLS,10k,0
cronorunner,IV 5K Y 10K ALBALAT DELS SORELLS (5k),2017-10-28,Sábado,0.0,road running,Absoluta/General,97.0,107.0,Albalat dels Sorells,l'Horta Nord,Comunitat Valenciana,434-553,434-553-702,IV 5K Y 10K ALBALAT DELS SORELLS,5k,0
cronorunner,XXXIV VOLTA A PEU A CULLERA,2017-10-28,Sábado,0.001,road running,Absoluta/General,88.0,257.0,Cullera,València / Valencia,Comunitat Valenciana,462-620,462-620-885,XXXIV VOLTA A PEU A CULLERA,Carrera Absoluta,1
cronorunner,"III TRAIL DE SELLENT (Trail 17,5k)",2017-10-22,Domingo,0.0,trail running,Absoluta/General,12.0,72.0,Sellent,València / Valencia,Comunitat Valenciana,373-534,373-534-676,III TRAIL DE SELLENT,"Trail 17,5k",0
cronorunner,III TRAIL DE SELLENT (Sprint 13k),2017-10-22,Domingo,0.0,trail running,Absoluta/General,45.0,124.0,Sellent,València / Valencia,Comunitat Valenciana,373-534,373-534-677,III TRAIL DE SELLENT,Sprint 13k,0
cronorunner,III TRAIL DE SELLENT (Marcha 13k),2017-10-22,Domingo,0.0,trail running,Absoluta/General,19.0,21.0,Sellent,València / Valencia,Comunitat Valenciana,373-534,373-534-678,III TRAIL DE SELLENT,Marcha 13k,0
cronorunner,XXVIII VOLTA A PEU VILAMARXANT (Carrera Absoluta),2017-10-09,Lunes,0.0,road running,Absoluta/General,39.0,104.0,Vilamarxant,València / Valencia,Comunitat Valenciana,275-574,275-574-733,XXVIII VOLTA A PEU VILAMARXANT,Carrera Absoluta,0
cronorunner,XXVIII VOLTA A PEU VILAMARXANT (Juvenil),2017-10-09,Lunes,0.0,road running,Infantil,,,Vilamarxant,València / Valencia,Comunitat Valenciana,275-574,275-574-879,XXVIII VOLTA A PEU VILAMARXANT,Juvenil,0
cronorunner,XXVIII VOLTA A PEU VILAMARXANT (Cadete),2017-10-09,Lunes,0.0,road running,Infantil,,,Vilamarxant,València / Valencia,Comunitat Valenciana,275-574,275-574-880,XXVIII VOLTA A PEU VILAMARXANT,Cadete,0
cronorunner,II TRAIL DE TOUS (Trail 21k),2017-10-08,Domingo,0.0,trail running,Absoluta/General,10.0,87.0,Tous,València / Valencia,Comunitat Valenciana,396-533,396-533-673,II TRAIL DE TOUS,Trail 21k,0
cronorunner,II TRAIL DE TOUS (Trail 14k),2017-10-08,Domingo,0.0,trail running,Absoluta/General,37.0,112.0,Tous,València / Valencia,Comunitat Valenciana,396-533,396-533-674,II TRAIL DE TOUS,Trail 14k,0
cronorunner,II TRAIL DE TOUS (Marcha 14k),2017-10-08,Domingo,0.0,trail running,Absoluta/General,18.0,23.0,Tous,València / Valencia,Comunitat Valenciana,396-533,396-533-675,II TRAIL DE TOUS,Marcha 14k,0
cronorunner,V 10K MANISES MEMORIAL JUAN RAMON FERRER,2017-10-08,Domingo,0.0,road running,Absoluta/General,83.0,272.0,Montcada / Moncada,l'Horta Nord,Comunitat Valenciana,330-563,330-563-715,V 10K MANISES MEMORIAL JUAN RAMON FERRER,Carrera Absoluta,0
cronorunner,IV MITJA MARATÓ DEL KAKI,2017-10-01,Domingo,0.0,road running,Absoluta/General,96.0,642.0,,,,332-561,332-561-712,IV MITJA MARATÓ DEL KAKI,Carrera Absoluta,0
cronorunner,V CURSA MUNTANYA OLOCAU (Trail),2017-10-01,Domingo,0.0,trail running,Absoluta/General,,,Olocau,València / Valencia,Comunitat Valenciana,21-611,21-611-843,V CURSA MUNTANYA OLOCAU,Trail,0
cronorunner,V CURSA MUNTANYA OLOCAU (Iniciació),2017-10-01,Domingo,0.0,road running,Absoluta/General,100.0,180.0,Olocau,València / Valencia,Comunitat Valenciana,21-611,21-611-844,V CURSA MUNTANYA OLOCAU,Iniciació,0
cronorunner,V CURSA MUNTANYA OLOCAU (Kidsmountain),2017-10-01,Domingo,0.0,road running,Absoluta/General,,,Olocau,València / Valencia,Comunitat Valenciana,21-611,21-611-845,V CURSA MUNTANYA OLOCAU,Kidsmountain,0
cronorunner,I 10K i III 5K RAFELBUNYOL,2017-10-01,Domingo,0.0,road running,Absoluta/General,114.0,376.0,Rafelbunyol,l'Horta Nord,Comunitat Valenciana,381-439,381-439-443,I 10K i III 5K RAFELBUNYOL,Carrera Absoluta,0
cronorunner,XXX 10K i 20K CIUTAT DE SUECA (10k),2017-09-30,Sábado,0.0,road running,Absoluta/General,171.0,476.0,Sueca,València / Valencia,Comunitat Valenciana,161-547,161-547-692,XXX 10K i 20K CIUTAT DE SUECA,10k,0
cronorunner,XXX 10K i 20K CIUTAT DE SUECA (20k),2017-09-30,Sábado,0.0,road running,Absoluta/General,31.0,171.0,Sueca,València / Valencia,Comunitat Valenciana,161-547,161-547-693,XXX 10K i 20K CIUTAT DE SUECA,20k,0
cronorunner,II 10k IVASPE VALENCIA,2017-09-30,Sábado,0.0,road running,Absoluta/General,31.0,199.0,,,,463-621,463-621-886,II 10k IVASPE VALENCIA,Carrera Absoluta,0
cronorunner,XI PUJADA A LA MONTIELETA - BENAGUASIL,2017-09-23,Sábado,0.0,road running,Absoluta/General,80.0,398.0,Benaguasil,València / Valencia,Comunitat Valenciana,447-582,447-582-751,XI PUJADA A LA MONTIELETA - BENAGUASIL,Carrera Absoluta,0
cronorunner,III CARRERA SOLIDARIA FALLA EL DIVENDRES  MASSANASSA (Carrera),2017-09-23,Sábado,0.0,road running,Absoluta/General,121.0,168.0,Massanassa,l'Horta Sud,Comunitat Valenciana,337-600,337-600-813,III CARRERA SOLIDARIA FALLA EL DIVENDRES  MASSANASSA,Carrera,0
cronorunner,III CARRERA SOLIDARIA FALLA EL DIVENDRES  MASSANASSA (Marcha),2017-09-23,Sábado,0.0,marcha,Absoluta/General,,,Massanassa,l'Horta Sud,Comunitat Valenciana,337-600,337-600-814,III CARRERA SOLIDARIA FALLA EL DIVENDRES  MASSANASSA,Marcha,0
cronorunner,III GRAN FONS TRITONS ALBALAT DE LA RIBERA (Gran Fons),2017-09-17,Domingo,0.0,road running,Absoluta/General,44.0,254.0,Albalat de la Ribera,València / Valencia,Comunitat Valenciana,354-612,354-612-846,III GRAN FONS TRITONS ALBALAT DE LA RIBERA,Gran Fons,0
cronorunner,III GRAN FONS TRITONS ALBALAT DE LA RIBERA (Fons),2017-09-17,Domingo,0.0,road running,Absoluta/General,38.0,89.0,Albalat de la Ribera,València / Valencia,Comunitat Valenciana,354-612,354-612-847,III GRAN FONS TRITONS ALBALAT DE LA RIBERA,Fons,0
cronorunner,XXXIV VOLTA A PEU PORT DE CATARROJA,2017-09-16,Sábado,0.0,road running,Absoluta/General,135.0,602.0,Catarroja,l'Horta Sud,Comunitat Valenciana,156-546,156-546-691,XXXIV VOLTA A PEU PORT DE CATARROJA,Carrera Absoluta,0
cronorunner,XXXI VOLTA A PEU QUART DE POBLET,2017-09-16,Sábado,0.0,road running,Absoluta/General,181.0,573.0,Quart de Poblet,l'Horta Sud,Comunitat Valenciana,400-617,400-617-881,XXXI VOLTA A PEU QUART DE POBLET,Carrera Absoluta,0
cronorunner,III TRAIL ALCÀNTERA DE XÚQUER (Trail 21k),2017-09-10,Domingo,0.0,trail running,Absoluta/General,10.0,90.0,Alcàntera de Xúquer,València / Valencia,Comunitat Valenciana,372-532,372-532-670,III TRAIL ALCÀNTERA DE XÚQUER,Trail 21k,0
cronorunner,III TRAIL ALCÀNTERA DE XÚQUER (Trail 14k),2017-09-10,Domingo,0.0,trail running,Absoluta/General,47.0,143.0,Alcàntera de Xúquer,València / Valencia,Comunitat Valenciana,372-532,372-532-671,III TRAIL ALCÀNTERA DE XÚQUER,Trail 14k,0
cronorunner,III TRAIL ALCÀNTERA DE XÚQUER (Marcha 14k),2017-09-10,Domingo,0.0,trail running,Absoluta/General,10.0,4.0,Alcàntera de Xúquer,València / Valencia,Comunitat Valenciana,372-532,372-532-672,III TRAIL ALCÀNTERA DE XÚQUER,Marcha 14k,0
cronorunner,IV 10K DE L'HORTA CASTELLAR-OLIVERAL (Carrera Absoluta),2017-09-10,Domingo,0.0,road running,Absoluta/General,166.0,727.0,València,Comarca de València,Comunitat Valenciana,162-545,162-545-690,IV 10K DE L'HORTA CASTELLAR-OLIVERAL,Carrera Absoluta,0
cronorunner,IV 10K DE L'HORTA CASTELLAR-OLIVERAL (Infantil),2017-09-10,Domingo,0.0,road running,Infantil,,,València,Comarca de València,Comunitat Valenciana,162-545,162-545-863,IV 10K DE L'HORTA CASTELLAR-OLIVERAL,Infantil,0
cronorunner,IV 10K DE L'HORTA CASTELLAR-OLIVERAL (Alevin),2017-09-10,Domingo,0.0,road running,Infantil,,,València,Comarca de València,Comunitat Valenciana,162-545,162-545-864,IV 10K DE L'HORTA CASTELLAR-OLIVERAL,Alevin,0
cronorunner,IV 10K DE L'HORTA CASTELLAR-OLIVERAL (Benjamin),2017-09-10,Domingo,0.0,road running,Infantil,,,València,Comarca de València,Comunitat Valenciana,162-545,162-545-865,IV 10K DE L'HORTA CASTELLAR-OLIVERAL,Benjamin,0
cronorunner,IV 10K DE L'HORTA CASTELLAR-OLIVERAL (Pre-Benjamin),2017-09-10,Domingo,0.0,road running,Infantil,,,València,Comarca de València,Comunitat Valenciana,162-545,162-545-866,IV 10K DE L'HORTA CASTELLAR-OLIVERAL,Pre-Benjamin,0
cronorunner,XXVI VOLTA A PEU EL PUIG,2017-09-09,Sábado,0.0,road running,Absoluta/General,85.0,342.0,Puig-reig,Berguedà,Catalunya,432-550,432-550-698,XXVI VOLTA A PEU EL PUIG,Carrera Absoluta,0
cronorunner,VI GRAN FONS NOCTURN ALFAFAR (Gran Fons),2017-09-09,Sábado,0.0,road running,Absoluta/General,79.0,362.0,,,,444-573,444-573-731,VI GRAN FONS NOCTURN ALFAFAR,Gran Fons,0
cronorunner,VI GRAN FONS NOCTURN ALFAFAR (Volta a Peu),2017-09-09,Sábado,0.0,road running,Absoluta/General,81.0,114.0,,,,444-573,444-573-732,VI GRAN FONS NOCTURN ALFAFAR,Volta a Peu,0
cronorunner,XXIII VOLTA A PEU LA CANYADA,2017-08-26,Sábado,0.0,road running,Absoluta/General,118.0,293.0,La Cañada de Verich / la Canyada de Beric,Bajo Aragón,Aragón,331-559,331-559-710,XXIII VOLTA A PEU LA CANYADA,Carrera Absoluta,0
cronorunner,IX VOLTA A PEU ALBUIXECH,2017-08-25,Viernes,0.0,road running,Absoluta/General,109.0,418.0,Albuixech,l'Horta Nord,Comunitat Valenciana,437-560,437-560-711,IX VOLTA A PEU ALBUIXECH,Carrera Absoluta,0
cronorunner,XV VOLTA A PEU LORIGUILLA (Carrera Absoluta),2017-08-23,Miércoles,0.0,road running,Absoluta/General,65.0,281.0,Loriguilla,València / Valencia,Comunitat Valenciana,448-583,448-583-752,XV VOLTA A PEU LORIGUILLA,Carrera Absoluta,0
cronorunner,XV VOLTA A PEU LORIGUILLA (Cadetes),2017-08-23,Miércoles,0.0,road running,Infantil,,,Loriguilla,València / Valencia,Comunitat Valenciana,448-583,448-583-758,XV VOLTA A PEU LORIGUILLA,Cadetes,0
cronorunner,XV VOLTA A PEU LORIGUILLA (Infantiles),2017-08-23,Miércoles,0.0,road running,Infantil,,,Loriguilla,València / Valencia,Comunitat Valenciana,448-583,448-583-759,XV VOLTA A PEU LORIGUILLA,Infantiles,0
cronorunner,XV VOLTA A PEU LORIGUILLA (Alevines),2017-08-23,Miércoles,0.0,road running,Infantil,,,Loriguilla,València / Valencia,Comunitat Valenciana,448-583,448-583-760,XV VOLTA A PEU LORIGUILLA,Alevines,0
cronorunner,XV VOLTA A PEU LORIGUILLA (Benjamines),2017-08-23,Miércoles,0.0,road running,Infantil,,,Loriguilla,València / Valencia,Comunitat Valenciana,448-583,448-583-761,XV VOLTA A PEU LORIGUILLA,Benjamines,0
cronorunner,XV VOLTA A PEU LORIGUILLA (Pre Benjamines),2017-08-23,Miércoles,0.0,road running,Infantil,,,Loriguilla,València / Valencia,Comunitat Valenciana,448-583,448-583-762,XV VOLTA A PEU LORIGUILLA,Pre Benjamines,0
cronorunner,XXXIX VOLTA A PEU BENICULL (Carrera Absoluta),2017-08-21,Lunes,0.0,road running,Absoluta/General,48.0,273.0,Benicull de Xúquer,València / Valencia,Comunitat Valenciana,318-608,318-608-830,XXXIX VOLTA A PEU BENICULL,Carrera Absoluta,0
cronorunner,XXXIX VOLTA A PEU BENICULL (Infantil),2017-08-21,Lunes,0.0,road running,Infantil,,,Benicull de Xúquer,València / Valencia,Comunitat Valenciana,318-608,318-608-870,XXXIX VOLTA A PEU BENICULL,Infantil,0
cronorunner,XXXIX VOLTA A PEU BENICULL (Alevín),2017-08-21,Lunes,0.0,road running,Infantil,,,Benicull de Xúquer,València / Valencia,Comunitat Valenciana,318-608,318-608-871,XXXIX VOLTA A PEU BENICULL,Alevín,0
cronorunner,XXXIX VOLTA A PEU BENICULL (Benjamín),2017-08-21,Lunes,0.0,road running,Infantil,,,Benicull de Xúquer,València / Valencia,Comunitat Valenciana,318-608,318-608-872,XXXIX VOLTA A PEU BENICULL,Benjamín,0
cronorunner,XXXIX VOLTA A PEU BENICULL (Prebenjamín),2017-08-21,Lunes,0.0,road running,Infantil,,,Benicull de Xúquer,València / Valencia,Comunitat Valenciana,318-608,318-608-873,XXXIX VOLTA A PEU BENICULL,Prebenjamín,0
cronorunner,XXXIX VOLTA A PEU BENICULL (Querubín),2017-08-21,Lunes,0.0,road running,Absoluta/General,,,Benicull de Xúquer,València / Valencia,Comunitat Valenciana,318-608,318-608-874,XXXIX VOLTA A PEU BENICULL,Querubín,0
cronorunner,III CARRERA I MARXA FESTES DEL CRIST MASSALAVÉS (Carrera),2017-08-18,Viernes,0.0,road running,Absoluta/General,20.0,112.0,Massalavés,València / Valencia,Comunitat Valenciana,349-605,349-605-826,III CARRERA I MARXA FESTES DEL CRIST MASSALAVÉS,Carrera,0
cronorunner,III CARRERA I MARXA FESTES DEL CRIST MASSALAVÉS (Marcha),2017-08-18,Viernes,0.0,marcha,Absoluta/General,16.0,35.0,Massalavés,València / Valencia,Comunitat Valenciana,349-605,349-605-827,III CARRERA I MARXA FESTES DEL CRIST MASSALAVÉS,Marcha,0
cronorunner,XVII VOLTA A PEU PEL XÚQUER - RIOLA (8k),2017-08-12,Sábado,0.0,road running,Absoluta/General,106.0,423.0,Cullera,València / Valencia,Comunitat Valenciana,305-584,305-584-763,XVII VOLTA A PEU PEL XÚQUER - RIOLA,8k,0
cronorunner,XVII VOLTA A PEU PEL XÚQUER - RIOLA (Marcha),2017-08-12,Sábado,0.0,marcha,Absoluta/General,,,Cullera,València / Valencia,Comunitat Valenciana,305-584,305-584-764,XVII VOLTA A PEU PEL XÚQUER - RIOLA,Marcha,0
cronorunner,XVII VOLTA A PEU PEL XÚQUER - RIOLA (Chupetín),2017-08-12,Sábado,0.0,road running,Infantil,,,Cullera,València / Valencia,Comunitat Valenciana,305-584,305-584-817,XVII VOLTA A PEU PEL XÚQUER - RIOLA,Chupetín,0
cronorunner,XVII VOLTA A PEU PEL XÚQUER - RIOLA (Prebenjamín),2017-08-12,Sábado,0.0,road running,Infantil,,,Cullera,València / Valencia,Comunitat Valenciana,305-584,305-584-818,XVII VOLTA A PEU PEL XÚQUER - RIOLA,Prebenjamín,0
cronorunner,XVII VOLTA A PEU PEL XÚQUER - RIOLA (Benjamín),2017-08-12,Sábado,0.0,road running,Infantil,,,Cullera,València / Valencia,Comunitat Valenciana,305-584,305-584-819,XVII VOLTA A PEU PEL XÚQUER - RIOLA,Benjamín,0
cronorunner,XVII VOLTA A PEU PEL XÚQUER - RIOLA (Alevín),2017-08-12,Sábado,0.0,road running,Infantil,,,Cullera,València / Valencia,Comunitat Valenciana,305-584,305-584-820,XVII VOLTA A PEU PEL XÚQUER - RIOLA,Alevín,0
cronorunner,XVII VOLTA A PEU PEL XÚQUER - RIOLA (Infantil),2017-08-12,Sábado,0.0,road running,Infantil,,,Cullera,València / Valencia,Comunitat Valenciana,305-584,305-584-821,XVII VOLTA A PEU PEL XÚQUER - RIOLA,Infantil,0
cronorunner,XVII VOLTA A PEU PEL XÚQUER - RIOLA (Cadete),2017-08-12,Sábado,0.0,road running,Infantil,,,Cullera,València / Valencia,Comunitat Valenciana,305-584,305-584-822,XVII VOLTA A PEU PEL XÚQUER - RIOLA,Cadete,0
cronorunner,XI LEGUA SAN ANTONIO DE BENAGÉBER (Legua),2017-08-12,Sábado,0.0,road running,Absoluta/General,45.0,102.0,Benagéber,La Serranía,Comunitat Valenciana,453-593,453-593-788,XI LEGUA SAN ANTONIO DE BENAGÉBER,Legua,0
cronorunner,XI LEGUA SAN ANTONIO DE BENAGÉBER (0-5 años),2017-08-12,Sábado,0.0,road running,Absoluta/General,,,Benagéber,La Serranía,Comunitat Valenciana,453-593,453-593-875,XI LEGUA SAN ANTONIO DE BENAGÉBER,0-5 años,0
cronorunner,XI LEGUA SAN ANTONIO DE BENAGÉBER (6-8 años),2017-08-12,Sábado,0.0,road running,Absoluta/General,,,Benagéber,La Serranía,Comunitat Valenciana,453-593,453-593-876,XI LEGUA SAN ANTONIO DE BENAGÉBER,6-8 años,0
cronorunner,XI LEGUA SAN ANTONIO DE BENAGÉBER (9-11 años),2017-08-12,Sábado,0.0,road running,Absoluta/General,,,Benagéber,La Serranía,Comunitat Valenciana,453-593,453-593-877,XI LEGUA SAN ANTONIO DE BENAGÉBER,9-11 años,0
cronorunner,XI LEGUA SAN ANTONIO DE BENAGÉBER (12-15 años),2017-08-12,Sábado,0.0,road running,Absoluta/General,,,Benagéber,La Serranía,Comunitat Valenciana,453-593,453-593-878,XI LEGUA SAN ANTONIO DE BENAGÉBER,12-15 años,0
cronorunner,III CARRERA NOCTURNA CIUTAT DE SUECA,2017-08-07,Lunes,0.0,road running,Absoluta/General,112.0,319.0,Sueca,València / Valencia,Comunitat Valenciana,338-602,338-602-816,III CARRERA NOCTURNA CIUTAT DE SUECA,Carrera Absoluta,0
cronorunner,XXX VOLTA A PEU A TURÍS (Carrera Absoluta),2017-08-07,Lunes,0.0,road running,Absoluta/General,,,Turís,València / Valencia,Comunitat Valenciana,394-613,394-613-853,XXX VOLTA A PEU A TURÍS,Carrera Absoluta,0
cronorunner,XXX VOLTA A PEU A TURÍS (Prexupetins),2017-08-07,Lunes,0.0,road running,Absoluta/General,,,Turís,València / Valencia,Comunitat Valenciana,394-613,394-613-854,XXX VOLTA A PEU A TURÍS,Prexupetins,0
cronorunner,XXX VOLTA A PEU A TURÍS (Xupetins),2017-08-07,Lunes,0.0,road running,Absoluta/General,,,Turís,València / Valencia,Comunitat Valenciana,394-613,394-613-855,XXX VOLTA A PEU A TURÍS,Xupetins,0
cronorunner,XXX VOLTA A PEU A TURÍS (PreBenjamins),2017-08-07,Lunes,0.0,road running,Infantil,,,Turís,València / Valencia,Comunitat Valenciana,394-613,394-613-856,XXX VOLTA A PEU A TURÍS,PreBenjamins,0
cronorunner,XXX VOLTA A PEU A TURÍS (Benjamins),2017-08-07,Lunes,0.0,road running,Infantil,,,Turís,València / Valencia,Comunitat Valenciana,394-613,394-613-857,XXX VOLTA A PEU A TURÍS,Benjamins,0
cronorunner,XXX VOLTA A PEU A TURÍS (Alevins),2017-08-07,Lunes,0.0,road running,Infantil,,,Turís,València / Valencia,Comunitat Valenciana,394-613,394-613-858,XXX VOLTA A PEU A TURÍS,Alevins,0
cronorunner,XXX VOLTA A PEU A TURÍS (Infantils),2017-08-07,Lunes,0.0,road running,Infantil,,,Turís,València / Valencia,Comunitat Valenciana,394-613,394-613-859,XXX VOLTA A PEU A TURÍS,Infantils,0
cronorunner,XXX VOLTA A PEU A TURÍS (Juvenils),2017-08-07,Lunes,0.0,road running,Infantil,,,Turís,València / Valencia,Comunitat Valenciana,394-613,394-613-860,XXX VOLTA A PEU A TURÍS,Juvenils,0
cronorunner,XX VOLTA A PEU FAVARA (Carrera Absoluta),2017-08-05,Sábado,0.0,road running,Absoluta/General,113.0,514.0,Fabara / Favara,Bajo Aragón-Caspe / Baix Aragó-Casp,Aragón,159-544,159-544-689,XX VOLTA A PEU FAVARA,Carrera Absoluta,0
cronorunner,XX VOLTA A PEU FAVARA (Xupetins),2017-08-05,Sábado,0.0,road running,Absoluta/General,,,Fabara / Favara,Bajo Aragón-Caspe / Baix Aragó-Casp,Aragón,159-544,159-544-848,XX VOLTA A PEU FAVARA,Xupetins,0
cronorunner,XX VOLTA A PEU FAVARA (PreBenjamins),2017-08-05,Sábado,0.0,road running,Infantil,,,Fabara / Favara,Bajo Aragón-Caspe / Baix Aragó-Casp,Aragón,159-544,159-544-849,XX VOLTA A PEU FAVARA,PreBenjamins,0
cronorunner,XX VOLTA A PEU FAVARA (Benjamins),2017-08-05,Sábado,0.0,road running,Infantil,,,Fabara / Favara,Bajo Aragón-Caspe / Baix Aragó-Casp,Aragón,159-544,159-544-850,XX VOLTA A PEU FAVARA,Benjamins,0
cronorunner,XX VOLTA A PEU FAVARA (Alevins),2017-08-05,Sábado,0.0,road running,Infantil,,,Fabara / Favara,Bajo Aragón-Caspe / Baix Aragó-Casp,Aragón,159-544,159-544-851,XX VOLTA A PEU FAVARA,Alevins,0
cronorunner,XX VOLTA A PEU FAVARA (Cadets),2017-08-05,Sábado,0.0,road running,Infantil,,,Fabara / Favara,Bajo Aragón-Caspe / Baix Aragó-Casp,Aragón,159-544,159-544-852,XX VOLTA A PEU FAVARA,Cadets,0
cronorunner,XXII CARRERA MATUTINA A LA PLAYA DE CULLERA,2017-08-05,Sábado,0.0,road running,Absoluta/General,69.0,341.0,Cullera,València / Valencia,Comunitat Valenciana,387-579,387-579-747,XXII CARRERA MATUTINA A LA PLAYA DE CULLERA,Carrera Absoluta,0
cronorunner,XXVII VOLTA A PEU ALBALAT DELS TARONGERS,2017-08-04,Viernes,0.0,road running,Absoluta/General,43.0,189.0,Albalat dels Tarongers,el Camp de Morvedre,Comunitat Valenciana,342-606,342-606-828,XXVII VOLTA A PEU ALBALAT DELS TARONGERS,Carrera Absoluta,0
cronorunner,I 5k SOLIDARI FOIOS,2017-08-04,Viernes,0.0,road running,Absoluta/General,,,,,,460-615,460-615-868,I 5k SOLIDARI FOIOS,Carrera Absoluta,0
cronorunner,III 5K MUSEROS (10k),2017-07-29,Sábado,0.0,road running,Absoluta/General,104.0,443.0,Museros,l'Horta Nord,Comunitat Valenciana,435-554,435-554-704,III 5K MUSEROS,10k,0
cronorunner,III 5K MUSEROS (Micro),2017-07-29,Sábado,0.0,road running,Absoluta/General,,,Museros,l'Horta Nord,Comunitat Valenciana,435-554,435-554-836,III 5K MUSEROS,Micro,0
cronorunner,III 5K MUSEROS (Juniors),2017-07-29,Sábado,0.0,road running,Infantil,,,Museros,l'Horta Nord,Comunitat Valenciana,435-554,435-554-837,III 5K MUSEROS,Juniors,0
cronorunner,III 5K MUSEROS (Prebenjamines),2017-07-29,Sábado,0.0,road running,Infantil,,,Museros,l'Horta Nord,Comunitat Valenciana,435-554,435-554-838,III 5K MUSEROS,Prebenjamines,0
cronorunner,III 5K MUSEROS (Benjamines),2017-07-29,Sábado,0.0,road running,Infantil,,,Museros,l'Horta Nord,Comunitat Valenciana,435-554,435-554-839,III 5K MUSEROS,Benjamines,0
cronorunner,III 5K MUSEROS (Alevin),2017-07-29,Sábado,0.0,road running,Infantil,,,Museros,l'Horta Nord,Comunitat Valenciana,435-554,435-554-840,III 5K MUSEROS,Alevin,0
cronorunner,III 5K MUSEROS (Infantil),2017-07-29,Sábado,0.0,road running,Infantil,,,Museros,l'Horta Nord,Comunitat Valenciana,435-554,435-554-841,III 5K MUSEROS,Infantil,0
cronorunner,III 5K MUSEROS (Cadete),2017-07-29,Sábado,0.0,road running,Infantil,,,Museros,l'Horta Nord,Comunitat Valenciana,435-554,435-554-861,III 5K MUSEROS,Cadete,0
cronorunner,XXXI VOLTA A PEU SOLLANA,2017-07-29,Sábado,0.0,road running,Absoluta/General,56.0,263.0,Sollana,València / Valencia,Comunitat Valenciana,344-610,344-610-842,XXXI VOLTA A PEU SOLLANA,Carrera Absoluta,0
cronorunner,V VOLTA A PEU RAFELGUARAF (INSCRIPCIONES EN META),2017-07-27,Jueves,0.0,road running,Absoluta/General,,,Rafelguaraf,València / Valencia,Comunitat Valenciana,272-607,272-607-829,V VOLTA A PEU RAFELGUARAF (INSCRIPCIONES EN META),Carrera Absoluta,0
cronorunner,VII 10K SENSE LÍMITS ALDAIA,2017-07-22,Sábado,0.0,road running,Absoluta/General,229.0,829.0,,,,265-558,265-558-709,VII 10K SENSE LÍMITS ALDAIA,Carrera Absoluta,0
cronorunner,X CARRERA ENTRE OLIVOS Y PINARES VALL DE ALMONACID (Carrera),2017-07-22,Sábado,0.0,road running,Absoluta/General,17.0,138.0,Vall de Almonacid,Castelló / Castellón,Comunitat Valenciana,336-597,336-597-802,X CARRERA ENTRE OLIVOS Y PINARES VALL DE ALMONACID,Carrera,0
cronorunner,X CARRERA ENTRE OLIVOS Y PINARES VALL DE ALMONACID (Marcha),2017-07-22,Sábado,0.0,marcha,Absoluta/General,,,Vall de Almonacid,Castelló / Castellón,Comunitat Valenciana,336-597,336-597-803,X CARRERA ENTRE OLIVOS Y PINARES VALL DE ALMONACID,Marcha,0
cronorunner,XIV VOLTA A PEU JOANOT PRESÈNCIA POLINYÀ DE XÚQUER,2017-07-21,Viernes,0.0,road running,Absoluta/General,172.0,619.0,Polinyà de Xúquer,València / Valencia,Comunitat Valenciana,160-543,160-543-688,XIV VOLTA A PEU JOANOT PRESÈNCIA POLINYÀ DE XÚQUER,Carrera Absoluta,0
cronorunner,V TRAIL DE BICORP (Trail 21k),2017-07-16,Domingo,0.0,trail running,Absoluta/General,29.0,120.0,Bicorp,València / Valencia,Comunitat Valenciana,390-531,390-531-667,V TRAIL DE BICORP,Trail 21k,0
cronorunner,V TRAIL DE BICORP (Trail 14k),2017-07-16,Domingo,0.0,trail running,Absoluta/General,68.0,193.0,Bicorp,València / Valencia,Comunitat Valenciana,390-531,390-531-668,V TRAIL DE BICORP,Trail 14k,0
cronorunner,V TRAIL DE BICORP (Marcha 14k),2017-07-16,Domingo,0.0,trail running,Absoluta/General,25.0,5.0,Bicorp,València / Valencia,Comunitat Valenciana,390-531,390-531-669,V TRAIL DE BICORP,Marcha 14k,0
cronorunner,XXXI VOLTA A PEU NOCTURNA A LA POBLA DE VALLBONA (Carrera Absoluta),2017-07-16,Domingo,0.0,road running,Absoluta/General,89.0,301.0,la Pobla de Vallbona,València / Valencia,Comunitat Valenciana,450-587,450-587-767,XXXI VOLTA A PEU NOCTURNA A LA POBLA DE VALLBONA,Carrera Absoluta,0
cronorunner,XXXI VOLTA A PEU NOCTURNA A LA POBLA DE VALLBONA (Juvenil),2017-07-16,Domingo,0.0,road running,Infantil,,,la Pobla de Vallbona,València / Valencia,Comunitat Valenciana,450-587,450-587-768,XXXI VOLTA A PEU NOCTURNA A LA POBLA DE VALLBONA,Juvenil,0
cronorunner,XXXI VOLTA A PEU NOCTURNA A LA POBLA DE VALLBONA (Cadete),2017-07-16,Domingo,0.0,road running,Infantil,,,la Pobla de Vallbona,València / Valencia,Comunitat Valenciana,450-587,450-587-769,XXXI VOLTA A PEU NOCTURNA A LA POBLA DE VALLBONA,Cadete,0
cronorunner,XXXI VOLTA A PEU NOCTURNA A LA POBLA DE VALLBONA (Infantil),2017-07-16,Domingo,0.0,road running,Infantil,,,la Pobla de Vallbona,València / Valencia,Comunitat Valenciana,450-587,450-587-770,XXXI VOLTA A PEU NOCTURNA A LA POBLA DE VALLBONA,Infantil,0
cronorunner,XXXI VOLTA A PEU NOCTURNA A LA POBLA DE VALLBONA (Alevín),2017-07-16,Domingo,0.0,road running,Infantil,,,la Pobla de Vallbona,València / Valencia,Comunitat Valenciana,450-587,450-587-771,XXXI VOLTA A PEU NOCTURNA A LA POBLA DE VALLBONA,Alevín,0
cronorunner,XXXI VOLTA A PEU NOCTURNA A LA POBLA DE VALLBONA (Benjamin),2017-07-16,Domingo,0.0,road running,Infantil,,,la Pobla de Vallbona,València / Valencia,Comunitat Valenciana,450-587,450-587-772,XXXI VOLTA A PEU NOCTURNA A LA POBLA DE VALLBONA,Benjamin,0
cronorunner,XXXI VOLTA A PEU NOCTURNA A LA POBLA DE VALLBONA (Pre Benjamin),2017-07-16,Domingo,0.0,road running,Infantil,,,la Pobla de Vallbona,València / Valencia,Comunitat Valenciana,450-587,450-587-773,XXXI VOLTA A PEU NOCTURNA A LA POBLA DE VALLBONA,Pre Benjamin,0
cronorunner,XXXI VOLTA A PEU NOCTURNA A LA POBLA DE VALLBONA (Mini Benjamin),2017-07-16,Domingo,0.0,road running,Infantil,,,la Pobla de Vallbona,València / Valencia,Comunitat Valenciana,450-587,450-587-774,XXXI VOLTA A PEU NOCTURNA A LA POBLA DE VALLBONA,Mini Benjamin,0
cronorunner,VIII VOLTA A PEU ILLA DEL PALMAR,2017-07-08,Sábado,0.0,road running,Absoluta/General,132.0,460.0,València,Comarca de València,Comunitat Valenciana,270-542,270-542-687,VIII VOLTA A PEU ILLA DEL PALMAR,Carrera Absoluta,0
cronorunner,XXVII VOLTA A PEU ALBAL,2017-07-08,Sábado,0.0,road running,Absoluta/General,86.0,388.0,Albal,l'Horta Sud,Comunitat Valenciana,324-557,324-557-708,XXVII VOLTA A PEU ALBAL,Carrera Absoluta,0
cronorunner,XXV LEGUA URBANA CIUTAT DE TORRENT,2017-07-08,Sábado,0.0,road running,Absoluta/General,113.0,284.0,Torrent,l'Horta Sud,Comunitat Valenciana,266-604,266-604-825,XXV LEGUA URBANA CIUTAT DE TORRENT,Legua Urbana,0
cronorunner,XXIV VOLTA A PEU GUADASSUAR (INSCRIPCIONS EN META),2017-07-06,Jueves,0.0,road running,Absoluta/General,,,Guadassuar,València / Valencia,Comunitat Valenciana,229-603,229-603-823,XXIV VOLTA A PEU GUADASSUAR (INSCRIPCIONS EN META),Carrera Absoluta,0
cronorunner,II TRAIL BRONCHALES (43k),2017-07-02,Domingo,0.0,trail running,Absoluta/General,33.0,231.0,Bronchales,Sierra de Albarracín,Aragón,363-525,363-525-650,II TRAIL BRONCHALES,43k,0
cronorunner,II TRAIL BRONCHALES (25k Trail),2017-07-02,Domingo,0.0,trail running,Absoluta/General,79.0,325.0,Bronchales,Sierra de Albarracín,Aragón,363-525,363-525-651,II TRAIL BRONCHALES,25k Trail,0
cronorunner,II TRAIL BRONCHALES (22k Running),2017-07-02,Domingo,0.0,trail running,Absoluta/General,30.0,93.0,Bronchales,Sierra de Albarracín,Aragón,363-525,363-525-652,II TRAIL BRONCHALES,22k Running,0
cronorunner,II TRAIL BRONCHALES (13k Trail),2017-07-02,Domingo,0.0,trail running,Absoluta/General,216.0,308.0,Bronchales,Sierra de Albarracín,Aragón,363-525,363-525-653,II TRAIL BRONCHALES,13k Trail,0
cronorunner,XXII TRAVESÍA A LA PLAYA DE CULLERA (Prueba Larga),2017-07-02,Domingo,0.0,road running,Absoluta/General,16.0,118.0,Cullera,València / Valencia,Comunitat Valenciana,391-578,391-578-737,XXII TRAVESÍA A LA PLAYA DE CULLERA,Prueba Larga,0
cronorunner,XXII TRAVESÍA A LA PLAYA DE CULLERA (Promoción),2017-07-02,Domingo,0.0,road running,Absoluta/General,20.0,80.0,Cullera,València / Valencia,Comunitat Valenciana,391-578,391-578-738,XXII TRAVESÍA A LA PLAYA DE CULLERA,Promoción,0
cronorunner,I CARRERA INFANTIL CAIXA RURAL TORRENT A PICANYA (PreBenjamí),2017-07-02,Domingo,0.0,road running,Infantil,,,Picanya,l'Horta Sud,Comunitat Valenciana,457-609,457-609-831,I CARRERA INFANTIL CAIXA RURAL TORRENT A PICANYA,PreBenjamí,0
cronorunner,I CARRERA INFANTIL CAIXA RURAL TORRENT A PICANYA (Benjamí),2017-07-02,Domingo,0.0,road running,Infantil,,,Picanya,l'Horta Sud,Comunitat Valenciana,457-609,457-609-832,I CARRERA INFANTIL CAIXA RURAL TORRENT A PICANYA,Benjamí,0
cronorunner,I CARRERA INFANTIL CAIXA RURAL TORRENT A PICANYA (Aleví),2017-07-02,Domingo,0.0,road running,Infantil,,,Picanya,l'Horta Sud,Comunitat Valenciana,457-609,457-609-833,I CARRERA INFANTIL CAIXA RURAL TORRENT A PICANYA,Aleví,0
cronorunner,I CARRERA INFANTIL CAIXA RURAL TORRENT A PICANYA (Infantil),2017-07-02,Domingo,0.0,road running,Infantil,,,Picanya,l'Horta Sud,Comunitat Valenciana,457-609,457-609-834,I CARRERA INFANTIL CAIXA RURAL TORRENT A PICANYA,Infantil,0
cronorunner,I CARRERA INFANTIL CAIXA RURAL TORRENT A PICANYA (Cadet),2017-07-02,Domingo,0.0,road running,Infantil,,,Picanya,l'Horta Sud,Comunitat Valenciana,457-609,457-609-835,I CARRERA INFANTIL CAIXA RURAL TORRENT A PICANYA,Cadet,0
cronorunner,XIV VOLTA A PEU NOCTURNA RIBA-ROJA DE TURIA,2017-06-30,Viernes,0.0,road running,Absoluta/General,188.0,464.0,Riba-roja de Túria,València / Valencia,Comunitat Valenciana,261-598,261-598-806,XIV VOLTA A PEU NOCTURNA RIBA-ROJA DE TURIA,Carrera Absoluta,0
cronorunner,I I TRAIL NOCTURNO RIBA-ROJA DE TÚRIA,2017-06-30,Viernes,0.0,trail running,Absoluta/General,67.0,183.0,Riba-roja de Túria,València / Valencia,Comunitat Valenciana,455-599,455-599-807,I I TRAIL NOCTURNO RIBA-ROJA DE TÚRIA,Trail,0
cronorunner,XXVI VOLTA A PEU BENETÚSSER (10k),2017-06-24,Sábado,0.0,road running,Absoluta/General,65.0,307.0,Benetússer,l'Horta Sud,Comunitat Valenciana,443-572,443-572-730,XXVI VOLTA A PEU BENETÚSSER,10k,0
cronorunner,XXVI VOLTA A PEU BENETÚSSER (5k),2017-06-24,Sábado,0.0,road running,Absoluta/General,58.0,58.0,Benetússer,l'Horta Sud,Comunitat Valenciana,443-572,443-572-824,XXVI VOLTA A PEU BENETÚSSER,5k,0
cronorunner,I 7K SALADAR-SILLA,2017-06-24,Sábado,0.0,road running,Absoluta/General,25.0,106.0,Silla,l'Horta Sud,Comunitat Valenciana,456-601,456-601-815,I 7K SALADAR-SILLA,Carrera Absoluta,0
cronorunner,XX 10K CIUTAT DE BENIPARRELL (Carrera Absoluta),2017-06-17,Sábado,0.0,road running,Absoluta/General,73.0,473.0,Beniparrell,l'Horta Sud,Comunitat Valenciana,158-540,158-540-686,XX 10K CIUTAT DE BENIPARRELL,Carrera Absoluta,0
cronorunner,XX 10K CIUTAT DE BENIPARRELL (Categoria 1),2017-06-17,Sábado,0.0,road running,Absoluta/General,,,Beniparrell,l'Horta Sud,Comunitat Valenciana,158-540,158-540-808,XX 10K CIUTAT DE BENIPARRELL,Categoria 1,0
cronorunner,XX 10K CIUTAT DE BENIPARRELL (Categoria 2),2017-06-17,Sábado,0.0,road running,Absoluta/General,,,Beniparrell,l'Horta Sud,Comunitat Valenciana,158-540,158-540-809,XX 10K CIUTAT DE BENIPARRELL,Categoria 2,0
cronorunner,XX 10K CIUTAT DE BENIPARRELL (Categoria 3),2017-06-17,Sábado,0.0,road running,Absoluta/General,,,Beniparrell,l'Horta Sud,Comunitat Valenciana,158-540,158-540-810,XX 10K CIUTAT DE BENIPARRELL,Categoria 3,0
cronorunner,XX 10K CIUTAT DE BENIPARRELL (Categoria 4),2017-06-17,Sábado,0.0,road running,Absoluta/General,,,Beniparrell,l'Horta Sud,Comunitat Valenciana,158-540,158-540-811,XX 10K CIUTAT DE BENIPARRELL,Categoria 4,0
cronorunner,I 10k POBLA DE FARNALS,2017-06-17,Sábado,0.0,road running,Absoluta/General,82.0,366.0,la Pobla de Farnals,l'Horta Nord,Comunitat Valenciana,440-568,440-568-720,I 10k POBLA DE FARNALS,Carrera Absoluta,0
cronorunner,XXIX GRAN FONS DE MASSANASSA,2017-06-03,Sábado,0.0,road running,Absoluta/General,183.0,992.0,Massanassa,l'Horta Sud,Comunitat Valenciana,228-539,228-539-685,XXIX GRAN FONS DE MASSANASSA,Carrera Absoluta,0
cronorunner,I CURSA ESCOLAR CAIXA RURAL TORRENT (MONTSERRAT) (PreBenjamí),2017-05-27,Sábado,0.0,road running,Infantil,,,Torrent,l'Horta Sud,Comunitat Valenciana,454-596,454-596-798,I CURSA ESCOLAR CAIXA RURAL TORRENT (MONTSERRAT),PreBenjamí,0
cronorunner,I CURSA ESCOLAR CAIXA RURAL TORRENT (MONTSERRAT) (Benjamí),2017-05-27,Sábado,0.0,road running,Infantil,,,Torrent,l'Horta Sud,Comunitat Valenciana,454-596,454-596-799,I CURSA ESCOLAR CAIXA RURAL TORRENT (MONTSERRAT),Benjamí,0
cronorunner,I CURSA ESCOLAR CAIXA RURAL TORRENT (MONTSERRAT) (Aleví),2017-05-27,Sábado,0.0,road running,Infantil,,,Torrent,l'Horta Sud,Comunitat Valenciana,454-596,454-596-800,I CURSA ESCOLAR CAIXA RURAL TORRENT (MONTSERRAT),Aleví,0
cronorunner,I CURSA ESCOLAR CAIXA RURAL TORRENT (MONTSERRAT) (Infantil),2017-05-27,Sábado,0.0,road running,Infantil,,,Torrent,l'Horta Sud,Comunitat Valenciana,454-596,454-596-801,I CURSA ESCOLAR CAIXA RURAL TORRENT (MONTSERRAT),Infantil,0
cronorunner,IV PUJADA A LA BOLA DE CULLERA,2017-05-21,Domingo,0.0,road running,Absoluta/General,108.0,473.0,Cullera,València / Valencia,Comunitat Valenciana,157-538,157-538-684,IV PUJADA A LA BOLA DE CULLERA,Carrera Absoluta,0
cronorunner,XIII MITJA MARATO i X10K CIUTAT DE TORRENT (Media Maratón),2017-05-21,Domingo,0.0,road running,Absoluta/General,22.0,220.0,Torrent,l'Horta Sud,Comunitat Valenciana,221-586,221-586-765,XIII MITJA MARATO i X10K CIUTAT DE TORRENT,Media Maratón,0
cronorunner,XIII MITJA MARATO i X10K CIUTAT DE TORRENT (10K),2017-05-21,Domingo,0.0,road running,Absoluta/General,64.0,194.0,Torrent,l'Horta Sud,Comunitat Valenciana,221-586,221-586-766,XIII MITJA MARATO i X10K CIUTAT DE TORRENT,10K,0
cronorunner,VII 10K DOMEÑO,2017-05-21,Domingo,0.0,road running,Absoluta/General,30.0,94.0,Domeño,La Serranía,Comunitat Valenciana,452-592,452-592-787,VII 10K DOMEÑO,Carrera Absoluta,0
cronorunner,I SCHNEIDER ELECTRIC 7K MELIANA,2017-05-20,Sábado,0.0,road running,Absoluta/General,251.0,599.0,Meliana,l'Horta Nord,Comunitat Valenciana,439-567,439-567-719,I SCHNEIDER ELECTRIC 7K MELIANA,Carrera Absoluta,0
cronorunner,XXXVII VOLTA A PEU LLUIS VIVES,2017-05-20,Sábado,0.0,road running,Absoluta/General,,,València,Comarca de València,Comunitat Valenciana,384-595,384-595-797,XXXVII VOLTA A PEU LLUIS VIVES,Carrera Absoluta,0
cronorunner,XIV SUBIDA VERTICAL GRAN HOTEL BALI (Open),2017-05-13,Sábado,0.0,trail running,Absoluta/General,36.0,159.0,Arroyo de la Miel-Benalmádena Costa,Costa del Sol Occidental,Andalucía,441-569,441-569-721,XIV SUBIDA VERTICAL GRAN HOTEL BALI,Open,0
cronorunner,XIV SUBIDA VERTICAL GRAN HOTEL BALI (Élite),2017-05-13,Sábado,0.0,trail running,Elite,10.0,23.0,Arroyo de la Miel-Benalmádena Costa,Costa del Sol Occidental,Andalucía,441-569,441-569-722,XIV SUBIDA VERTICAL GRAN HOTEL BALI,Élite,0
cronorunner,XXIII VOLTA A PEU ALBERIC (LA CARRERA DE LA MONA) (Carrera Absoluta),2017-05-13,Sábado,0.0,road running,Absoluta/General,52.0,178.0,Alberic,València / Valencia,Comunitat Valenciana,264-571,264-571-725,XXIII VOLTA A PEU ALBERIC (LA CARRERA DE LA MONA),Carrera Absoluta,0
cronorunner,XXIII VOLTA A PEU ALBERIC (LA CARRERA DE LA MONA) (Infantil),2017-05-13,Sábado,0.0,road running,Infantil,,,Alberic,València / Valencia,Comunitat Valenciana,264-571,264-571-726,XXIII VOLTA A PEU ALBERIC (LA CARRERA DE LA MONA),Infantil,0
cronorunner,XXIII VOLTA A PEU ALBERIC (LA CARRERA DE LA MONA) (Alevín),2017-05-13,Sábado,0.0,road running,Infantil,,,Alberic,València / Valencia,Comunitat Valenciana,264-571,264-571-727,XXIII VOLTA A PEU ALBERIC (LA CARRERA DE LA MONA),Alevín,0
cronorunner,XXIII VOLTA A PEU ALBERIC (LA CARRERA DE LA MONA) (Benjamín),2017-05-13,Sábado,0.0,road running,Infantil,,,Alberic,València / Valencia,Comunitat Valenciana,264-571,264-571-728,XXIII VOLTA A PEU ALBERIC (LA CARRERA DE LA MONA),Benjamín,0
cronorunner,XXIII VOLTA A PEU ALBERIC (LA CARRERA DE LA MONA) (Pre  Benjamín),2017-05-13,Sábado,0.0,road running,Infantil,,,Alberic,València / Valencia,Comunitat Valenciana,264-571,264-571-729,XXIII VOLTA A PEU ALBERIC (LA CARRERA DE LA MONA),Pre  Benjamín,0
cronorunner,II TRAIL DE SUMACÁRCER (Trail 20k),2017-05-07,Domingo,0.0,trail running,Absoluta/General,18.0,87.0,Sumacàrcer,València / Valencia,Comunitat Valenciana,371-530,371-530-664,II TRAIL DE SUMACÁRCER,Trail 20k,0
cronorunner,II TRAIL DE SUMACÁRCER (Sprint 11k),2017-05-07,Domingo,0.0,trail running,Absoluta/General,68.0,172.0,Sumacàrcer,València / Valencia,Comunitat Valenciana,371-530,371-530-665,II TRAIL DE SUMACÁRCER,Sprint 11k,0
cronorunner,II TRAIL DE SUMACÁRCER (Marcha 14k),2017-05-07,Domingo,0.0,trail running,Absoluta/General,21.0,23.0,Sumacàrcer,València / Valencia,Comunitat Valenciana,371-530,371-530-666,II TRAIL DE SUMACÁRCER,Marcha 14k,0
cronorunner,II 5K EMPERADOR MEMORIAL EVA GIMENO (Carrera Absoluta),2017-05-06,Sábado,0.0,road running,Absoluta/General,182.0,378.0,,,,392-552,392-552-700,II 5K EMPERADOR MEMORIAL EVA GIMENO,Carrera Absoluta,0
cronorunner,II 5K EMPERADOR MEMORIAL EVA GIMENO (Inscripción Solidaria),2017-05-06,Sábado,0.0,road running,Absoluta/General,,,,,,392-552,392-552-790,II 5K EMPERADOR MEMORIAL EVA GIMENO,Inscripción Solidaria,0
cronorunner,II 5K EMPERADOR MEMORIAL EVA GIMENO (Pre Benjamín 2009-10),2017-05-06,Sábado,0.0,road running,Infantil,,,,,,392-552,392-552-792,II 5K EMPERADOR MEMORIAL EVA GIMENO,Pre Benjamín 2009-10,0
cronorunner,II 5K EMPERADOR MEMORIAL EVA GIMENO (Benjamin 2007-08),2017-05-06,Sábado,0.0,road running,Infantil,,,,,,392-552,392-552-793,II 5K EMPERADOR MEMORIAL EVA GIMENO,Benjamin 2007-08,0
cronorunner,II 5K EMPERADOR MEMORIAL EVA GIMENO (Alevin 2005-06),2017-05-06,Sábado,0.0,road running,Infantil,,,,,,392-552,392-552-794,II 5K EMPERADOR MEMORIAL EVA GIMENO,Alevin 2005-06,0
cronorunner,II 5K EMPERADOR MEMORIAL EVA GIMENO (Infantil 2003-04),2017-05-06,Sábado,0.0,road running,Infantil,,,,,,392-552,392-552-795,II 5K EMPERADOR MEMORIAL EVA GIMENO,Infantil 2003-04,0
cronorunner,II 5K EMPERADOR MEMORIAL EVA GIMENO (Minis 2011-13),2017-05-06,Sábado,0.0,road running,Absoluta/General,,,,,,392-552,392-552-804,II 5K EMPERADOR MEMORIAL EVA GIMENO,Minis 2011-13,0
cronorunner,II 5K EMPERADOR MEMORIAL EVA GIMENO (Super Minis 2014-16),2017-05-06,Sábado,0.0,road running,Absoluta/General,,,,,,392-552,392-552-805,II 5K EMPERADOR MEMORIAL EVA GIMENO,Super Minis 2014-16,0
cronorunner,V CARRERA DE DONES D'ALDAIA,2017-05-06,Sábado,0.0,road running,Absoluta/General,155.0,25.0,,,,322-591,322-591-786,V CARRERA DE DONES D'ALDAIA,Carrera Absoluta,0
cronorunner,VI VOLTA A PEU I MARXA BONESTAR-LA LLACUNA (Carrera),2017-05-01,Lunes,0.0,road running,Absoluta/General,20.0,88.0,,,,320-576,320-576-735,VI VOLTA A PEU I MARXA BONESTAR-LA LLACUNA,Carrera,0
cronorunner,VI VOLTA A PEU I MARXA BONESTAR-LA LLACUNA (Marcha),2017-05-01,Lunes,0.0,marcha,Absoluta/General,27.0,32.0,,,,320-576,320-576-736,VI VOLTA A PEU I MARXA BONESTAR-LA LLACUNA,Marcha,0
cronorunner,III 10MILPASSOS KANGURS BENIFAIÓ,2017-04-29,Sábado,0.0,road running,Absoluta/General,114.0,498.0,,,,311-537,311-537-683,III 10MILPASSOS KANGURS BENIFAIÓ,Carrera Absoluta,0
cronorunner,VI 7K SANT VICENT DE LLIRIA,2017-04-29,Sábado,0.0,road running,Absoluta/General,54.0,176.0,Llíria,València / Valencia,Comunitat Valenciana,445-575,445-575-734,VI 7K SANT VICENT DE LLIRIA,Carrera Absoluta,0
cronorunner,IV CULLERA TRAIL (14k),2017-04-22,Sábado,0.0,trail running,Absoluta/General,51.0,293.0,,,,375-581,375-581-749,IV CULLERA TRAIL,14k,0
cronorunner,IV CULLERA TRAIL (6.5k),2017-04-22,Sábado,0.0,trail running,Absoluta/General,28.0,56.0,,,,375-581,375-581-750,IV CULLERA TRAIL,6.5k,0
cronorunner,I TRAIL DE NAVALÓN (Trail),2017-04-09,Domingo,0.0,trail running,Absoluta/General,15.0,94.0,Fuentenava de Jábaga,Cuenca,Castilla-La Mancha,429-529,429-529-661,I TRAIL DE NAVALÓN,Trail,0
cronorunner,I TRAIL DE NAVALÓN (Sprint),2017-04-09,Domingo,0.0,trail running,Absoluta/General,41.0,122.0,Fuentenava de Jábaga,Cuenca,Castilla-La Mancha,429-529,429-529-662,I TRAIL DE NAVALÓN,Sprint,0
cronorunner,I TRAIL DE NAVALÓN (Marcha),2017-04-09,Domingo,0.0,trail running,Absoluta/General,47.0,26.0,Fuentenava de Jábaga,Cuenca,Castilla-La Mancha,429-529,429-529-663,I TRAIL DE NAVALÓN,Marcha,0
cronorunner,XXXVI VOLTA A PEU XIRIVELLA,2017-04-09,Domingo,0.0,road running,Absoluta/General,256.0,860.0,Xirivella,l'Horta Sud,Comunitat Valenciana,377-555,377-555-705,XXXVI VOLTA A PEU XIRIVELLA,Carrera Absoluta,0
cronorunner,II CURSA ESCOLAR A CULLERA (Cadete M),2017-04-09,Domingo,0.0,road running,Infantil,0.0,8.0,Cullera,València / Valencia,Comunitat Valenciana,386-577,386-577-739,II CURSA ESCOLAR A CULLERA,Cadete M,0
cronorunner,II CURSA ESCOLAR A CULLERA (Cadete F),2017-04-09,Domingo,0.0,road running,Infantil,0.0,4.0,Cullera,València / Valencia,Comunitat Valenciana,386-577,386-577-740,II CURSA ESCOLAR A CULLERA,Cadete F,0
cronorunner,II CURSA ESCOLAR A CULLERA (Infantil M),2017-04-09,Domingo,0.0,road running,Infantil,0.0,18.0,Cullera,València / Valencia,Comunitat Valenciana,386-577,386-577-741,II CURSA ESCOLAR A CULLERA,Infantil M,0
cronorunner,II CURSA ESCOLAR A CULLERA (Infantil F),2017-04-09,Domingo,0.0,road running,Infantil,0.0,5.0,Cullera,València / Valencia,Comunitat Valenciana,386-577,386-577-742,II CURSA ESCOLAR A CULLERA,Infantil F,0
cronorunner,II CURSA ESCOLAR A CULLERA (Alevin),2017-04-09,Domingo,0.0,road running,Infantil,0.0,55.0,Cullera,València / Valencia,Comunitat Valenciana,386-577,386-577-743,II CURSA ESCOLAR A CULLERA,Alevin,0
cronorunner,II CURSA ESCOLAR A CULLERA (Benjamin),2017-04-09,Domingo,0.0,road running,Infantil,0.0,72.0,Cullera,València / Valencia,Comunitat Valenciana,386-577,386-577-744,II CURSA ESCOLAR A CULLERA,Benjamin,0
cronorunner,II CURSA ESCOLAR A CULLERA (Prebenjamin),2017-04-09,Domingo,0.0,road running,Infantil,,,Cullera,València / Valencia,Comunitat Valenciana,386-577,386-577-745,II CURSA ESCOLAR A CULLERA,Prebenjamin,0
cronorunner,II CURSA ESCOLAR A CULLERA (Querubin),2017-04-09,Domingo,0.0,road running,Infantil,,,Cullera,València / Valencia,Comunitat Valenciana,386-577,386-577-746,II CURSA ESCOLAR A CULLERA,Querubin,0
cronorunner,VIII TRAIL 3 PICS LES RODANES (Prueba Reina),2017-04-02,Domingo,0.0,trail running,Absoluta/General,28.0,165.0,Vilamarxant,València / Valencia,Comunitat Valenciana,136-523,136-523-647,VIII TRAIL 3 PICS LES RODANES,Prueba Reina,0
cronorunner,VIII TRAIL 3 PICS LES RODANES (RapitTrail),2017-04-02,Domingo,0.0,trail running,Absoluta/General,91.0,277.0,Vilamarxant,València / Valencia,Comunitat Valenciana,136-523,136-523-648,VIII TRAIL 3 PICS LES RODANES,RapitTrail,0
cronorunner,VI GATOVA TRAIL (Maratón 42K),2017-04-02,Domingo,0.0,trail running,Absoluta/General,,,,,,170-590,170-590-783,VI GATOVA TRAIL,Maratón 42K,0
cronorunner,VI GATOVA TRAIL (21K),2017-04-02,Domingo,0.0,trail running,Absoluta/General,,,,,,170-590,170-590-784,VI GATOVA TRAIL,21K,0
cronorunner,VI GATOVA TRAIL (10K),2017-04-02,Domingo,0.0,trail running,Absoluta/General,0.0,155.0,,,,170-590,170-590-785,VI GATOVA TRAIL,10K,0
cronorunner,VI VOLTA A PEU A TAVERNES BLANQUES AVAPACE (Carrera Absoluta),2017-04-02,Domingo,0.0,road running,Absoluta/General,197.0,443.0,,,,208-594,208-594-791,VI VOLTA A PEU A TAVERNES BLANQUES AVAPACE,Carrera Absoluta,0
cronorunner,VI VOLTA A PEU A TAVERNES BLANQUES AVAPACE (Marcha),2017-04-02,Domingo,0.0,marcha,Absoluta/General,,,,,,208-594,208-594-796,VI VOLTA A PEU A TAVERNES BLANQUES AVAPACE,Marcha,0
cronorunner,IV 10k BIMI SILLA,2017-04-01,Sábado,0.0,road running,Absoluta/General,161.0,675.0,,,,150-536,150-536-682,IV 10k BIMI SILLA,Carrera Absoluta,0
cronorunner,XIX GRAN FONS DE PUÇOL,2017-04-01,Sábado,0.0,road running,Absoluta/General,173.0,785.0,Puçol,l'Horta Nord,Comunitat Valenciana,433-551,433-551-699,XIX GRAN FONS DE PUÇOL,Carrera Absoluta,0
cronorunner,XXX VOLTA A PEU FIBRA VALENCIA VILA D'ALAQUAS (5k),2017-04-01,Sábado,0.0,road running,Absoluta/General,28.0,41.0,Alaquàs,l'Horta Sud,Comunitat Valenciana,323-556,323-556-706,XXX VOLTA A PEU FIBRA VALENCIA VILA D'ALAQUAS,5k,0
cronorunner,XXX VOLTA A PEU FIBRA VALENCIA VILA D'ALAQUAS (10k),2017-04-01,Sábado,0.0,road running,Absoluta/General,60.0,345.0,Alaquàs,l'Horta Sud,Comunitat Valenciana,323-556,323-556-707,XXX VOLTA A PEU FIBRA VALENCIA VILA D'ALAQUAS,10k,0
cronorunner,I TRAILKIDS 3 PICS LES RODANES VILAMARXANT (Circuito Spartan Mini Kids),2017-04-01,Sábado,0.0,trail running,Absoluta/General,,,Vilamarxant,València / Valencia,Comunitat Valenciana,449-585,449-585-753,I TRAILKIDS 3 PICS LES RODANES VILAMARXANT,Circuito Spartan Mini Kids,0
cronorunner,I TRAILKIDS 3 PICS LES RODANES VILAMARXANT (Trail Kids Benjamin),2017-04-01,Sábado,0.0,trail running,Infantil,,,Vilamarxant,València / Valencia,Comunitat Valenciana,449-585,449-585-754,I TRAILKIDS 3 PICS LES RODANES VILAMARXANT,Trail Kids Benjamin,0
cronorunner,I TRAILKIDS 3 PICS LES RODANES VILAMARXANT (Trail Kids Alevin),2017-04-01,Sábado,0.0,trail running,Infantil,,,Vilamarxant,València / Valencia,Comunitat Valenciana,449-585,449-585-755,I TRAILKIDS 3 PICS LES RODANES VILAMARXANT,Trail Kids Alevin,0
cronorunner,I TRAILKIDS 3 PICS LES RODANES VILAMARXANT (Trail Kids Infantil),2017-04-01,Sábado,0.0,trail running,Infantil,,,Vilamarxant,València / Valencia,Comunitat Valenciana,449-585,449-585-756,I TRAILKIDS 3 PICS LES RODANES VILAMARXANT,Trail Kids Infantil,0
cronorunner,I TRAILKIDS 3 PICS LES RODANES VILAMARXANT (Trail Kids Juvenil),2017-04-01,Sábado,0.0,trail running,Infantil,,,Vilamarxant,València / Valencia,Comunitat Valenciana,449-585,449-585-757,I TRAILKIDS 3 PICS LES RODANES VILAMARXANT,Trail Kids Juvenil,0
cronorunner,I TRAIL DE AYORA (Trail),2017-03-26,Domingo,0.0,trail running,Absoluta/General,17.0,120.0,Ayora,València / Valencia,Comunitat Valenciana,428-528,428-528-658,I TRAIL DE AYORA,Trail,0
cronorunner,I TRAIL DE AYORA (Sprint),2017-03-26,Domingo,0.0,trail running,Absoluta/General,45.0,131.0,Ayora,València / Valencia,Comunitat Valenciana,428-528,428-528-659,I TRAIL DE AYORA,Sprint,0
cronorunner,I TRAIL DE AYORA (Marcha),2017-03-26,Domingo,0.0,trail running,Absoluta/General,19.0,16.0,Ayora,València / Valencia,Comunitat Valenciana,428-528,428-528-660,I TRAIL DE AYORA,Marcha,0
cronorunner,I MARCHA CICLOTURISTA TOUS,2017-03-12,Domingo,0.0,Ciclismo y btt,Absoluta/General,28.0,556.0,,,,427-527,427-527-657,I MARCHA CICLOTURISTA TOUS,Marcha Cicloturista,0
cronorunner,"V 7K, 15k MASKOKOTAS GUADASSUAR (7k)",2017-03-05,Domingo,0.0,road running,Absoluta/General,86.0,145.0,,,,288-562,288-562-713,"V 7K, 15k MASKOKOTAS GUADASSUAR",7k,0
cronorunner,"V 7K, 15k MASKOKOTAS GUADASSUAR (15k)",2017-03-05,Domingo,0.0,road running,Absoluta/General,41.0,189.0,,,,288-562,288-562-714,"V 7K, 15k MASKOKOTAS GUADASSUAR",15k,0
cronorunner,II TRAIL DE ANNA (Trail 21k),2017-02-26,Domingo,0.0,trail running,Absoluta/General,51.0,234.0,Anna,València / Valencia,Comunitat Valenciana,370-526,370-526-654,II TRAIL DE ANNA,Trail 21k,0
cronorunner,II TRAIL DE ANNA (Sprint 14k),2017-02-26,Domingo,0.0,trail running,Absoluta/General,117.0,261.0,Anna,València / Valencia,Comunitat Valenciana,370-526,370-526-655,II TRAIL DE ANNA,Sprint 14k,0
cronorunner,II TRAIL DE ANNA (Marcha 14k),2017-02-26,Domingo,0.0,trail running,Absoluta/General,91.0,56.0,Anna,València / Valencia,Comunitat Valenciana,370-526,370-526-656,II TRAIL DE ANNA,Marcha 14k,0
cronorunner,II 9KM 9 MESES (9KM 9 MESES),2017-02-19,Domingo,0.0,road running,Absoluta/General,8.0,227.0,Xàtiva,València / Valencia,Comunitat Valenciana,431-549,431-549-695,II 9KM 9 MESES,9KM 9 MESES,0
cronorunner,II 9KM 9 MESES (Marcha no competitiva),2017-02-19,Domingo,0.0,marcha,Absoluta/General,,,Xàtiva,València / Valencia,Comunitat Valenciana,431-549,431-549-696,II 9KM 9 MESES,Marcha no competitiva,0
cronorunner,II 9KM 9 MESES (Dorsal 0),2017-02-19,Domingo,0.0,road running,Absoluta/General,,,Xàtiva,València / Valencia,Comunitat Valenciana,431-549,431-549-697,II 9KM 9 MESES,Dorsal 0,0
cronorunner,V ALÈDUA TRAIL MEMORIAL MJ (K26),2017-02-05,Domingo,0.0,trail running,Absoluta/General,23.0,194.0,,,,287-518,287-518-635,V ALÈDUA TRAIL MEMORIAL MJ,K26,0
cronorunner,V ALÈDUA TRAIL MEMORIAL MJ (K12),2017-02-05,Domingo,0.0,trail running,Absoluta/General,,,,,,287-518,287-518-636,V ALÈDUA TRAIL MEMORIAL MJ,K12,0
cronorunner,X MITJA MARATÓ CIUTAT DE SUECA,2017-01-29,Domingo,0.0,road running,Absoluta/General,26.0,199.0,Sueca,València / Valencia,Comunitat Valenciana,289-514,289-514-626,X MITJA MARATÓ CIUTAT DE SUECA,Media Solidaria AVAPACE,0
cronorunner,V MARATÓN Y MEDIA MARATÓN DE MONTAÑA DEL CAROIG BICORP (Maratón),2017-01-29,Domingo,0.0,road running,Absoluta/General,2.0,34.0,,,,417-507,417-507-615,V MARATÓN Y MEDIA MARATÓN DE MONTAÑA DEL CAROIG BICORP,Maratón,0
cronorunner,V MARATÓN Y MEDIA MARATÓN DE MONTAÑA DEL CAROIG BICORP (Trail 21k),2017-01-29,Domingo,0.0,trail running,Absoluta/General,1.0,14.0,,,,417-507,417-507-616,V MARATÓN Y MEDIA MARATÓN DE MONTAÑA DEL CAROIG BICORP,Trail 21k,0
cronorunner,V MARATÓN Y MEDIA MARATÓN DE MONTAÑA DEL CAROIG BICORP (Sprint Trail 14k),2017-01-29,Domingo,0.0,trail running,Absoluta/General,13.0,19.0,,,,417-507,417-507-617,V MARATÓN Y MEDIA MARATÓN DE MONTAÑA DEL CAROIG BICORP,Sprint Trail 14k,0
cronorunner,V MARATÓN Y MEDIA MARATÓN DE MONTAÑA DEL CAROIG BICORP (Marcha 14k),2017-01-29,Domingo,0.0,marcha,Absoluta/General,19.0,14.0,,,,417-507,417-507-618,V MARATÓN Y MEDIA MARATÓN DE MONTAÑA DEL CAROIG BICORP,Marcha 14k,0
cronorunner,I MARATÓN CAROIG BICORP PAREJAS MIXTAS,2017-01-29,Domingo,0.0,road running,Absoluta/General,0.0,3.0,,,,420-508,420-508-621,I MARATÓN CAROIG BICORP PAREJAS MIXTAS,Parejas Mixtas,0
cronorunner,I MARATÓN CAROIG BICORP PAREJAS FEMENINAS,2017-01-29,Domingo,0.0,road running,Absoluta/General,,,,,,419-509,419-509-620,I MARATÓN CAROIG BICORP PAREJAS FEMENINAS,Parejas Femeninas,0
cronorunner,I MARATÓN CAROIG BICORP PAREJAS MASCULINAS,2017-01-29,Domingo,0.0,road running,Absoluta/General,0.0,2.0,,,,418-510,418-510-619,I MARATÓN CAROIG BICORP PAREJAS MASCULINAS,Parejas Masculinas,0
cronorunner,III VOLTA MUNTANYA DE LLAURÍ (TRA·LLA),2017-01-28,Sábado,0.0,road running,Absoluta/General,20.0,141.0,Llaurí,València / Valencia,Comunitat Valenciana,321-512,321-512-623,III VOLTA MUNTANYA DE LLAURÍ,TRA·LLA,0
cronorunner,III VOLTA MUNTANYA DE LLAURÍ (SPRINT),2017-01-28,Sábado,0.0,road running,Absoluta/General,51.0,109.0,Llaurí,València / Valencia,Comunitat Valenciana,321-512,321-512-624,III VOLTA MUNTANYA DE LLAURÍ,SPRINT,0
cronorunner,I GALA CIRCUIT CAIXA POPULAR,2017-01-20,Viernes,0.0,road running,Absoluta/General,,,València,Comarca de València,Comunitat Valenciana,430-548,430-548-694,I GALA CIRCUIT CAIXA POPULAR,Gala Final,0
cronorunner,X CARRERA POPULAR PARQUE NATURAL DEL TÚRIA (Carrera Absoluta),2017-01-15,Domingo,0.0,road running,Absoluta/General,90.0,324.0,Riba-roja de Túria,València / Valencia,Comunitat Valenciana,366-522,366-522-640,X CARRERA POPULAR PARQUE NATURAL DEL TÚRIA,Carrera Absoluta,0
cronorunner,X CARRERA POPULAR PARQUE NATURAL DEL TÚRIA (Cadete),2017-01-15,Domingo,0.0,road running,Infantil,,,Riba-roja de Túria,València / Valencia,Comunitat Valenciana,366-522,366-522-641,X CARRERA POPULAR PARQUE NATURAL DEL TÚRIA,Cadete,0
cronorunner,X CARRERA POPULAR PARQUE NATURAL DEL TÚRIA (Infantil),2017-01-15,Domingo,0.0,road running,Infantil,,,Riba-roja de Túria,València / Valencia,Comunitat Valenciana,366-522,366-522-642,X CARRERA POPULAR PARQUE NATURAL DEL TÚRIA,Infantil,0
cronorunner,X CARRERA POPULAR PARQUE NATURAL DEL TÚRIA (Alevín),2017-01-15,Domingo,0.0,road running,Infantil,,,Riba-roja de Túria,València / Valencia,Comunitat Valenciana,366-522,366-522-643,X CARRERA POPULAR PARQUE NATURAL DEL TÚRIA,Alevín,0
cronorunner,X CARRERA POPULAR PARQUE NATURAL DEL TÚRIA (Benjamín),2017-01-15,Domingo,0.0,road running,Infantil,,,Riba-roja de Túria,València / Valencia,Comunitat Valenciana,366-522,366-522-644,X CARRERA POPULAR PARQUE NATURAL DEL TÚRIA,Benjamín,0
cronorunner,X CARRERA POPULAR PARQUE NATURAL DEL TÚRIA (Pre Benjamín),2017-01-15,Domingo,0.0,road running,Infantil,,,Riba-roja de Túria,València / Valencia,Comunitat Valenciana,366-522,366-522-645,X CARRERA POPULAR PARQUE NATURAL DEL TÚRIA,Pre Benjamín,0
cronorunner,X CARRERA POPULAR PARQUE NATURAL DEL TÚRIA (Nano),2017-01-15,Domingo,0.0,road running,Absoluta/General,,,Riba-roja de Túria,València / Valencia,Comunitat Valenciana,366-522,366-522-646,X CARRERA POPULAR PARQUE NATURAL DEL TÚRIA,Nano,0
cronorunner,V CARRERA DE EQUIPOS CONTRA ZOMBIES UMH ELCHE (Carrera Absoluta),2017-01-14,Sábado,0.0,road running,Equipos,0.0,74.0,Elx / Elche,el Baix Vinalopó,Comunitat Valenciana,84-502,84-502-606,V CARRERA DE EQUIPOS CONTRA ZOMBIES UMH ELCHE,Carrera Absoluta,0
cronorunner,V CARRERA DE EQUIPOS CONTRA ZOMBIES UMH ELCHE (Carrera Infantil),2017-01-14,Sábado,0.0,road running,Equipos,,,Elx / Elche,el Baix Vinalopó,Comunitat Valenciana,84-502,84-502-612,V CARRERA DE EQUIPOS CONTRA ZOMBIES UMH ELCHE,Carrera Infantil,0
cronorunner,I SAN SILVESTRE TRAIL - SUMACÁRCER (Trail),2016-12-31,Sábado,0.0,trail running,Absoluta/General,24.0,81.0,Sumacàrcer,València / Valencia,Comunitat Valenciana,423-516,423-516-632,I SAN SILVESTRE TRAIL - SUMACÁRCER,Trail,0
cronorunner,I SAN SILVESTRE TRAIL - SUMACÁRCER (Prueba Corta),2016-12-31,Sábado,0.0,trail running,Absoluta/General,20.0,23.0,Sumacàrcer,València / Valencia,Comunitat Valenciana,423-516,423-516-633,I SAN SILVESTRE TRAIL - SUMACÁRCER,Prueba Corta,0
cronorunner,II SANT SILVESTRE D'ALMUSSAFES,2016-12-31,Sábado,0.0,road running,Absoluta/General,,,Almussafes,València / Valencia,Comunitat Valenciana,416-504,416-504-608,II SANT SILVESTRE D'ALMUSSAFES,Carrera Absoluta,0
cronorunner,XXXII SAN SILVESTRE D'ALBALAT DE LA RIBERA,2016-12-31,Sábado,0.0,road running,Absoluta/General,,,Albalat de la Ribera,València / Valencia,Comunitat Valenciana,113-506,113-506-610,XXXII SAN SILVESTRE D'ALBALAT DE LA RIBERA,Carrera Absoluta,0
cronorunner,IV SAN SILVESTRE SOLIDARIA POBLA DE FARNALS,2016-12-31,Sábado,0.0,road running,Absoluta/General,43.0,153.0,la Pobla de Farnals,l'Horta Nord,Comunitat Valenciana,421-511,421-511-622,IV SAN SILVESTRE SOLIDARIA POBLA DE FARNALS,Carrera Absoluta,0
cronorunner,IV SANT SILVESTRE DE CULLERA,2016-12-30,Viernes,0.0,road running,Absoluta/General,,,Cullera,València / Valencia,Comunitat Valenciana,368-519,368-519-637,IV SANT SILVESTRE DE CULLERA,Carrera Absoluta,0
cronorunner,XVIII SAN SILVESTRE DE MISLATA,2016-12-29,Jueves,0.0,road running,Absoluta/General,,,Mislata,l'Horta Sud,Comunitat Valenciana,367-524,367-524-649,XVIII SAN SILVESTRE DE MISLATA,Carrera Absoluta,0
cronorunner,VII SANT SILVESTRE VILAMARXANT,2016-12-28,Miércoles,0.0,road running,Absoluta/General,,,Vilamarxant,València / Valencia,Comunitat Valenciana,425-520,425-520-638,VII SANT SILVESTRE VILAMARXANT,Carrera Absoluta,0
cronorunner,I SANT SILVESTRE DE MONTSERRAT,2016-12-27,Martes,0.0,road running,Absoluta/General,,,Montserrat,València / Valencia,Comunitat Valenciana,422-515,422-515-627,I SANT SILVESTRE DE MONTSERRAT,Carrera Absoluta,0
cronorunner,II SANT SILVESTRE NOCTURNA RIOLA,2016-12-27,Martes,0.0,road running,Absoluta/General,,,Riola,València / Valencia,Comunitat Valenciana,360-505,360-505-609,II SANT SILVESTRE NOCTURNA RIOLA,Carrera Absoluta,0
cronorunner,II SANT SILVESTRE DE BENIFAIÓ,2016-12-23,Viernes,0.0,road running,Absoluta/General,,,Benifaió,València / Valencia,Comunitat Valenciana,424-517,424-517-634,II SANT SILVESTRE DE BENIFAIÓ,Carrera Absoluta,0
cronorunner,I SANT SILVESTRE FALLA DEL POBLE DE SOLLANA,2016-12-23,Viernes,0.0,road running,Absoluta/General,,,Sollana,València / Valencia,Comunitat Valenciana,426-521,426-521-639,I SANT SILVESTRE FALLA DEL POBLE DE SOLLANA,Carrera Solidaria,0
cronorunner,XV CURSA DE NADAL BÉTERA (Carrera Absoluta),2016-12-11,Domingo,0.0,road running,Absoluta/General,76.0,288.0,,,,361-492,361-492-593,XV CURSA DE NADAL BÉTERA,Carrera Absoluta,0
cronorunner,XV CURSA DE NADAL BÉTERA (Nascuts 2001-2003),2016-12-11,Domingo,0.0,road running,Absoluta/General,,,,,,361-492,361-492-628,XV CURSA DE NADAL BÉTERA,Nascuts 2001-2003,0
cronorunner,XV CURSA DE NADAL BÉTERA (Nascuts 2004-2006),2016-12-11,Domingo,0.0,road running,Absoluta/General,,,,,,361-492,361-492-629,XV CURSA DE NADAL BÉTERA,Nascuts 2004-2006,0
cronorunner,XV CURSA DE NADAL BÉTERA (Nascuts 2007-2008),2016-12-11,Domingo,0.0,road running,Absoluta/General,,,,,,361-492,361-492-630,XV CURSA DE NADAL BÉTERA,Nascuts 2007-2008,0
cronorunner,XV CURSA DE NADAL BÉTERA (Nascuts 2009-2016),2016-12-11,Domingo,0.0,road running,Absoluta/General,,,,,,361-492,361-492-631,XV CURSA DE NADAL BÉTERA,Nascuts 2009-2016,0
cronorunner,III GALA CRESPO CRONORUNNERS,2016-12-10,Sábado,0.0,road running,Absoluta/General,,,,,,364-513,364-513-625,III GALA CRESPO CRONORUNNERS,Cena,0
cronorunner,II 10k y 5K DINOSAURIS MONCADA,2016-12-06,Martes,0.0,road running,Absoluta/General,103.0,277.0,,,,351-430,351-430-429,II 10k y 5K DINOSAURIS MONCADA,Carrera Absoluta,0
cronorunner,I MARATÓN Y MEDIA MARATÓN DE MONTAÑA ANNA (Maratón),2016-12-04,Domingo,0.0,road running,Absoluta/General,1.0,27.0,,,,403-483,403-483-575,I MARATÓN Y MEDIA MARATÓN DE MONTAÑA ANNA,Maratón,0
cronorunner,I MARATÓN Y MEDIA MARATÓN DE MONTAÑA ANNA (Media Maratón),2016-12-04,Domingo,0.0,road running,Absoluta/General,0.0,22.0,,,,403-483,403-483-613,I MARATÓN Y MEDIA MARATÓN DE MONTAÑA ANNA,Media Maratón,0
cronorunner,I MARATÓN Y MEDIA MARATÓN DE MONTAÑA ANNA (Marcha),2016-12-04,Domingo,0.0,marcha,Absoluta/General,,,,,,403-483,403-483-614,I MARATÓN Y MEDIA MARATÓN DE MONTAÑA ANNA,Marcha,0
cronorunner,I MARATÓN DE MONTAÑA ANNA PAREJAS MASCULINAS,2016-12-04,Domingo,0.0,road running,Absoluta/General,0.0,9.0,,,,404-484,404-484-580,I MARATÓN DE MONTAÑA ANNA PAREJAS MASCULINAS,Parejas Masculinas,0
cronorunner,I MARATÓN DE MONTAÑA ANNA PAREJAS FEMENINAS,2016-12-04,Domingo,0.0,road running,Absoluta/General,0.0,4.0,,,,405-485,405-485-581,I MARATÓN DE MONTAÑA ANNA PAREJAS FEMENINAS,Parejas Femeninas,0
cronorunner,I MARATÓN DE MONTAÑA ANNA PAREJAS MIXTAS,2016-12-04,Domingo,0.0,road running,Absoluta/General,0.0,21.0,,,,406-486,406-486-582,I MARATÓN DE MONTAÑA ANNA PAREJAS MIXTAS,Parejas Mixtas,0
cronorunner,XXXVI BESTDRIVE 10K. MISLATA 2018,2016-11-27,Domingo,0.0,road running,Absoluta/General,193.0,649.0,Mislata,l'Horta Sud,Comunitat Valenciana,227-421,227-421-418,XXXVI BESTDRIVE 10K. MISLATA 2018,Carrera Absoluta,0
cronorunner,III CURSA PER EQUIPS I MARXA DE L'MPOC,2016-11-27,Domingo,0.0,road running,Absoluta/General,,,,,,359-500,359-500-604,III CURSA PER EQUIPS I MARXA DE L'MPOC,Carrera Absoluta,0
cronorunner,IV CAMINATA PER LA MPOC,2016-11-27,Domingo,0.0,road running,Absoluta/General,,,,,,282-501,282-501-605,IV CAMINATA PER LA MPOC,Marcha,0
cronorunner,I GALA CIRCUIT TRAIL LA RIBERA,2016-11-26,Sábado,0.0,trail running,Absoluta/General,,,Valdegovía / Gaubea,Añanako kuadrilla,Araba / Álava,415-503,415-503-607,I GALA CIRCUIT TRAIL LA RIBERA,Carrera Absoluta,0
cronorunner,I TRAIL DE L'OLLERÍA (Trail 21k),2016-11-20,Domingo,0.0,trail running,Absoluta/General,19.0,124.0,l'Olleria,València / Valencia,Comunitat Valenciana,411-494,411-494-595,I TRAIL DE L'OLLERÍA,Trail 21k,0
cronorunner,I TRAIL DE L'OLLERÍA (Sprint Trail 13k),2016-11-20,Domingo,0.0,trail running,Absoluta/General,42.0,116.0,l'Olleria,València / Valencia,Comunitat Valenciana,411-494,411-494-596,I TRAIL DE L'OLLERÍA,Sprint Trail 13k,0
cronorunner,I TRAIL DE L'OLLERÍA (Marcha 13k),2016-11-20,Domingo,0.0,trail running,Absoluta/General,46.0,40.0,l'Olleria,València / Valencia,Comunitat Valenciana,411-494,411-494-597,I TRAIL DE L'OLLERÍA,Marcha 13k,0
cronorunner,V VOLTA A PEU SANTA CECILIA CULLERA,2016-11-13,Domingo,0.0,road running,Absoluta/General,,,Cullera,València / Valencia,Comunitat Valenciana,285-493,285-493-594,V VOLTA A PEU SANTA CECILIA CULLERA,Carrera Absoluta,0
cronorunner,XVII VOLTA POPULAR EN BICICLETA (Carrera Absoluta),2016-11-06,Domingo,0.0,road running,Absoluta/General,,,Barcelona,Barcelonès,Catalunya,414-498,414-498-602,XVII VOLTA POPULAR EN BICICLETA,Carrera Absoluta,0
cronorunner,XVII VOLTA POPULAR EN BICICLETA (Carrera niños),2016-11-06,Domingo,0.0,road running,Absoluta/General,,,Barcelona,Barcelonès,Catalunya,414-498,414-498-611,XVII VOLTA POPULAR EN BICICLETA,Carrera niños,0
cronorunner,I ANIVERSARIO CRESPO CRONORUNNERS (CrespoCronorunners Social Day),2016-11-01,Martes,0.0,road running,Absoluta/General,,,,,,412-495,412-495-598,I ANIVERSARIO CRESPO CRONORUNNERS,CrespoCronorunners Social Day,0
cronorunner,I ANIVERSARIO CRESPO CRONORUNNERS (CrespoCronorunners Lunch & Bufa),2016-11-01,Martes,0.0,road running,Absoluta/General,,,,,,412-495,412-495-603,I ANIVERSARIO CRESPO CRONORUNNERS,CrespoCronorunners Lunch & Bufa,0
cronorunner,I HALLOWEEN RUN CIUTAT DE SUECA,2016-10-31,Lunes,0.0,road running,Absoluta/General,,,Sueca,València / Valencia,Comunitat Valenciana,410-491,410-491-592,I HALLOWEEN RUN CIUTAT DE SUECA,Carrera Absoluta,0
cronorunner,I NUCLEAR RUNNING DEAD VALENCIA (10k),2016-10-30,Domingo,0.0,road running,Absoluta/General,55.0,87.0,,,,408-488,408-488-584,I NUCLEAR RUNNING DEAD VALENCIA,10k,0
cronorunner,I NUCLEAR RUNNING DEAD VALENCIA (4k),2016-10-30,Domingo,0.0,road running,Absoluta/General,84.0,167.0,,,,408-488,408-488-585,I NUCLEAR RUNNING DEAD VALENCIA,4k,0
cronorunner,II 10k y la VII Caminata de la Miel,2016-10-30,Domingo,0.0,road running,Absoluta/General,,,Torrequebrada,Costa del Sol Occidental,Andalucía,409-490,409-490-591,II 10k y la VII Caminata de la Miel,Carrera Absoluta,0
cronorunner,III GALA FINAL CIRCUIT DE L'ALBUFERA,2016-10-28,Viernes,0.0,road running,Absoluta/General,,,València,Comarca de València,Comunitat Valenciana,357-496,357-496-599,III GALA FINAL CIRCUIT DE L'ALBUFERA,Cena de Gala,0
cronorunner,II TRAIL DE SELLENT (Trail 19km),2016-10-23,Domingo,0.0,trail running,Absoluta/General,18.0,93.0,Sellent,València / Valencia,Comunitat Valenciana,373-416,373-416-410,II TRAIL DE SELLENT,Trail 19km,0
cronorunner,II TRAIL DE SELLENT (Marcha 10km),2016-10-23,Domingo,0.0,trail running,Absoluta/General,49.0,18.0,Sellent,València / Valencia,Comunitat Valenciana,373-416,373-416-411,II TRAIL DE SELLENT,Marcha 10km,0
cronorunner,II TRAIL DE SELLENT (Sprint Trail 10km),2016-10-23,Domingo,0.0,trail running,Absoluta/General,46.0,109.0,Sellent,València / Valencia,Comunitat Valenciana,373-416,373-416-571,II TRAIL DE SELLENT,Sprint Trail 10km,0
cronorunner,II TRAIL DE SELLENT (Escaladores Trail),2016-10-23,Domingo,0.0,trail running,Absoluta/General,0.0,109.0,Sellent,València / Valencia,Comunitat Valenciana,373-416,373-416-600,II TRAIL DE SELLENT,Escaladores Trail,0
cronorunner,II TRAIL DE SELLENT (Escaladores Sprint),2016-10-23,Domingo,0.0,trail running,Absoluta/General,0.0,140.0,Sellent,València / Valencia,Comunitat Valenciana,373-416,373-416-601,II TRAIL DE SELLENT,Escaladores Sprint,0
cronorunner,VI GALA CIRCUIT RIBERA DE XÚQUER,2016-10-14,Viernes,0.0,road running,Absoluta/General,,,Cullera,València / Valencia,Comunitat Valenciana,356-489,356-489-590,VI GALA CIRCUIT RIBERA DE XÚQUER,Elección Talla Obsequio,0
cronorunner,XXVII VOLTA A PEU VILAMARXANT (Carrera Absoluta),2016-10-09,Domingo,0.0,road running,Absoluta/General,30.0,91.0,Vilamarxant,València / Valencia,Comunitat Valenciana,275-473,275-473-549,XXVII VOLTA A PEU VILAMARXANT,Carrera Absoluta,0
cronorunner,XXVII VOLTA A PEU VILAMARXANT (Cadete-Juvenil),2016-10-09,Domingo,0.0,road running,Infantil,,,Vilamarxant,València / Valencia,Comunitat Valenciana,275-473,275-473-550,XXVII VOLTA A PEU VILAMARXANT,Cadete-Juvenil,0
cronorunner,I TRAIL DE TOUS (Trail 21k),2016-10-09,Domingo,0.0,trail running,Absoluta/General,30.0,143.0,Tous,València / Valencia,Comunitat Valenciana,396-474,396-474-551,I TRAIL DE TOUS,Trail 21k,0
cronorunner,I TRAIL DE TOUS (SprintTrail 14k),2016-10-09,Domingo,0.0,trail running,Absoluta/General,53.0,135.0,Tous,València / Valencia,Comunitat Valenciana,396-474,396-474-586,I TRAIL DE TOUS,SprintTrail 14k,0
cronorunner,I TRAIL DE TOUS (Marcha 14k),2016-10-09,Domingo,0.0,trail running,Absoluta/General,79.0,69.0,Tous,València / Valencia,Comunitat Valenciana,396-474,396-474-587,I TRAIL DE TOUS,Marcha 14k,0
cronorunner,IV 10K MANISES MEMORIAL JUAN RAMON FERRER,2016-10-02,Domingo,0.0,road running,Absoluta/General,97.0,323.0,Montcada / Moncada,l'Horta Nord,Comunitat Valenciana,330-428,330-428-427,IV 10K MANISES MEMORIAL JUAN RAMON FERRER,Carrera Absoluta,0
cronorunner,III MITJA MARATÓ DEL KAKI,2016-10-02,Domingo,0.0,road running,Absoluta/General,45.0,441.0,,,,332-452,332-452-472,III MITJA MARATÓ DEL KAKI,Carrera Absoluta,0
cronorunner,XXXIII VOLTA A PEU PORT DE CATARROJA,2016-10-01,Sábado,0.0,road running,Absoluta/General,190.0,654.0,Catarroja,l'Horta Sud,Comunitat Valenciana,156-392,156-392-320,XXXIII VOLTA A PEU PORT DE CATARROJA,Carrera Absoluta,0
cronorunner,XXIV VOLTA A PEU CIUTAT DE CARLET (Carrera Absoluta),2016-09-25,Domingo,0.0,road running,Absoluta/General,77.0,467.0,Carlet,València / Valencia,Comunitat Valenciana,308-412,308-412-381,XXIV VOLTA A PEU CIUTAT DE CARLET,Carrera Absoluta,0
cronorunner,XXIV VOLTA A PEU CIUTAT DE CARLET (Benjamín),2016-09-25,Domingo,0.0,road running,Infantil,0.0,23.0,Carlet,València / Valencia,Comunitat Valenciana,308-412,308-412-382,XXIV VOLTA A PEU CIUTAT DE CARLET,Benjamín,0
cronorunner,XXIV VOLTA A PEU CIUTAT DE CARLET (Alevín),2016-09-25,Domingo,0.0,road running,Infantil,0.0,23.0,Carlet,València / Valencia,Comunitat Valenciana,308-412,308-412-383,XXIV VOLTA A PEU CIUTAT DE CARLET,Alevín,0
cronorunner,XXIV VOLTA A PEU CIUTAT DE CARLET (Infantil),2016-09-25,Domingo,0.0,road running,Infantil,0.0,14.0,Carlet,València / Valencia,Comunitat Valenciana,308-412,308-412-384,XXIV VOLTA A PEU CIUTAT DE CARLET,Infantil,0
cronorunner,XXIV VOLTA A PEU CIUTAT DE CARLET (Cadete),2016-09-25,Domingo,0.0,road running,Infantil,0.0,13.0,Carlet,València / Valencia,Comunitat Valenciana,308-412,308-412-385,XXIV VOLTA A PEU CIUTAT DE CARLET,Cadete,0
cronorunner,III BELLUS TRAIL MOUNTAIN LA COSTERA-LA VALL D'ALBAIDA (Special One 39k),2016-09-25,Domingo,0.0,trail running,Absoluta/General,2.0,29.0,Llutxent,València / Valencia,Comunitat Valenciana,274-457,274-457-483,III BELLUS TRAIL MOUNTAIN LA COSTERA-LA VALL D'ALBAIDA,Special One 39k,0
cronorunner,III BELLUS TRAIL MOUNTAIN LA COSTERA-LA VALL D'ALBAIDA (Speed Way 27k),2016-09-25,Domingo,0.0,trail running,Absoluta/General,2.0,31.0,Llutxent,València / Valencia,Comunitat Valenciana,274-457,274-457-484,III BELLUS TRAIL MOUNTAIN LA COSTERA-LA VALL D'ALBAIDA,Speed Way 27k,0
cronorunner,"III BELLUS TRAIL MOUNTAIN LA COSTERA-LA VALL D'ALBAIDA (Sprint Trail 12,6k)",2016-09-25,Domingo,0.0,trail running,Absoluta/General,45.0,99.0,Llutxent,València / Valencia,Comunitat Valenciana,274-457,274-457-485,III BELLUS TRAIL MOUNTAIN LA COSTERA-LA VALL D'ALBAIDA,"Sprint Trail 12,6k",0
cronorunner,XXX 10K i 20K CIUTAT DE SUECA (10k),2016-09-24,Sábado,0.0,road running,Absoluta/General,140.0,414.0,Sueca,València / Valencia,Comunitat Valenciana,161-391,161-391-318,XXX 10K i 20K CIUTAT DE SUECA,10k,0
cronorunner,XXX 10K i 20K CIUTAT DE SUECA (20k),2016-09-24,Sábado,0.0,road running,Absoluta/General,45.0,234.0,Sueca,València / Valencia,Comunitat Valenciana,161-391,161-391-319,XXX 10K i 20K CIUTAT DE SUECA,20k,0
cronorunner,II TRAIL ALCÀNTERA DE XÚQUER (Trail 21km),2016-09-18,Domingo,0.0,trail running,Absoluta/General,21.0,97.0,Alcàntera de Xúquer,València / Valencia,Comunitat Valenciana,372-415,372-415-407,II TRAIL ALCÀNTERA DE XÚQUER,Trail 21km,0
cronorunner,II TRAIL ALCÀNTERA DE XÚQUER (Trail 14km),2016-09-18,Domingo,0.0,trail running,Absoluta/General,45.0,96.0,Alcàntera de Xúquer,València / Valencia,Comunitat Valenciana,372-415,372-415-408,II TRAIL ALCÀNTERA DE XÚQUER,Trail 14km,0
cronorunner,II TRAIL ALCÀNTERA DE XÚQUER (Marcha 14km),2016-09-18,Domingo,0.0,trail running,Absoluta/General,37.0,28.0,Alcàntera de Xúquer,València / Valencia,Comunitat Valenciana,372-415,372-415-409,II TRAIL ALCÀNTERA DE XÚQUER,Marcha 14km,0
cronorunner,II TRAIL ALCÀNTERA DE XÚQUER (Escaladores 21K),2016-09-18,Domingo,0.0,trail running,Absoluta/General,0.0,106.0,Alcàntera de Xúquer,València / Valencia,Comunitat Valenciana,372-415,372-415-589,II TRAIL ALCÀNTERA DE XÚQUER,Escaladores 21K,0
cronorunner,II GRAN FONS TRITONS ALBALAT DE LA RIBERA (Fons),2016-09-18,Domingo,0.0,road running,Absoluta/General,55.0,95.0,Albalat de la Ribera,València / Valencia,Comunitat Valenciana,354-481,354-481-572,II GRAN FONS TRITONS ALBALAT DE LA RIBERA,Fons,0
cronorunner,II GRAN FONS TRITONS ALBALAT DE LA RIBERA (Gran Fons),2016-09-18,Domingo,0.0,road running,Absoluta/General,29.0,181.0,Albalat de la Ribera,València / Valencia,Comunitat Valenciana,354-481,354-481-573,II GRAN FONS TRITONS ALBALAT DE LA RIBERA,Gran Fons,0
cronorunner,II CARRERA SOLIDARIA FALLA EL DIVENDRES  MASSANASSA (Carrera Absoluta),2016-09-17,Sábado,0.0,road running,Absoluta/General,114.0,282.0,Massanassa,l'Horta Sud,Comunitat Valenciana,337-456,337-456-481,II CARRERA SOLIDARIA FALLA EL DIVENDRES  MASSANASSA,Carrera Absoluta,0
cronorunner,II CARRERA SOLIDARIA FALLA EL DIVENDRES  MASSANASSA (Marcha),2016-09-17,Sábado,0.0,marcha,Absoluta/General,,,Massanassa,l'Horta Sud,Comunitat Valenciana,337-456,337-456-482,II CARRERA SOLIDARIA FALLA EL DIVENDRES  MASSANASSA,Marcha,0
cronorunner,XXX VOLTA A PEU QUART DE POBLET,2016-09-17,Sábado,0.0,road running,Absoluta/General,172.0,610.0,Quart de Poblet,l'Horta Sud,Comunitat Valenciana,400-478,400-478-561,XXX VOLTA A PEU QUART DE POBLET,Carrera Absoluta,0
cronorunner,I VOLTA A PEU NOCTURNA CULLERA,2016-09-16,Viernes,0.0,road running,Absoluta/General,76.0,273.0,Cullera,València / Valencia,Comunitat Valenciana,407-487,407-487-583,I VOLTA A PEU NOCTURNA CULLERA,Carrera Absoluta,0
cronorunner,III 10K DE L'HORTA CASTELLAR-OLIVERAL (Carrera Absoluta),2016-09-11,Domingo,0.0,road running,Absoluta/General,142.0,585.0,València,Comarca de València,Comunitat Valenciana,162-390,162-390-317,III 10K DE L'HORTA CASTELLAR-OLIVERAL,Carrera Absoluta,0
cronorunner,III 10K DE L'HORTA CASTELLAR-OLIVERAL (Infantil),2016-09-11,Domingo,0.0,road running,Infantil,,,València,Comarca de València,Comunitat Valenciana,162-390,162-390-544,III 10K DE L'HORTA CASTELLAR-OLIVERAL,Infantil,0
cronorunner,III 10K DE L'HORTA CASTELLAR-OLIVERAL (Alevin),2016-09-11,Domingo,0.0,road running,Infantil,,,València,Comarca de València,Comunitat Valenciana,162-390,162-390-545,III 10K DE L'HORTA CASTELLAR-OLIVERAL,Alevin,0
cronorunner,III 10K DE L'HORTA CASTELLAR-OLIVERAL (Benjamin),2016-09-11,Domingo,0.0,road running,Infantil,,,València,Comarca de València,Comunitat Valenciana,162-390,162-390-546,III 10K DE L'HORTA CASTELLAR-OLIVERAL,Benjamin,0
cronorunner,III 10K DE L'HORTA CASTELLAR-OLIVERAL (Pre Benjamin),2016-09-11,Domingo,0.0,road running,Infantil,,,València,Comarca de València,Comunitat Valenciana,162-390,162-390-547,III 10K DE L'HORTA CASTELLAR-OLIVERAL,Pre Benjamin,0
cronorunner,III 10K DE L'HORTA CASTELLAR-OLIVERAL (Chupetin),2016-09-11,Domingo,0.0,road running,Infantil,,,València,Comarca de València,Comunitat Valenciana,162-390,162-390-548,III 10K DE L'HORTA CASTELLAR-OLIVERAL,Chupetin,0
cronorunner,XX VOLTA A PEU ALGINET (Carrera Absoluta),2016-09-10,Sábado,0.0,road running,Absoluta/General,125.0,576.0,Alginet,València / Valencia,Comunitat Valenciana,307-411,307-411-376,XX VOLTA A PEU ALGINET,Carrera Absoluta,0
cronorunner,XX VOLTA A PEU ALGINET (Benjamín),2016-09-10,Sábado,0.0,road running,Infantil,0.0,25.0,Alginet,València / Valencia,Comunitat Valenciana,307-411,307-411-377,XX VOLTA A PEU ALGINET,Benjamín,0
cronorunner,XX VOLTA A PEU ALGINET (Alevín),2016-09-10,Sábado,0.0,road running,Infantil,0.0,39.0,Alginet,València / Valencia,Comunitat Valenciana,307-411,307-411-378,XX VOLTA A PEU ALGINET,Alevín,0
cronorunner,XX VOLTA A PEU ALGINET (Infantil),2016-09-10,Sábado,0.0,road running,Infantil,0.0,18.0,Alginet,València / Valencia,Comunitat Valenciana,307-411,307-411-379,XX VOLTA A PEU ALGINET,Infantil,0
cronorunner,XX VOLTA A PEU ALGINET (Cadete),2016-09-10,Sábado,0.0,road running,Infantil,0.0,15.0,Alginet,València / Valencia,Comunitat Valenciana,307-411,307-411-380,XX VOLTA A PEU ALGINET,Cadete,0
cronorunner,I 5K EMPERADOR MEMORIAL EVA GIMENO (Carrera Absoluta),2016-09-10,Sábado,0.0,road running,Absoluta/General,126.0,197.0,,,,392-465,392-465-516,I 5K EMPERADOR MEMORIAL EVA GIMENO,Carrera Absoluta,0
cronorunner,I 5K EMPERADOR MEMORIAL EVA GIMENO (Pre Benjamín),2016-09-10,Sábado,0.0,road running,Infantil,,,,,,392-465,392-465-517,I 5K EMPERADOR MEMORIAL EVA GIMENO,Pre Benjamín,0
cronorunner,I 5K EMPERADOR MEMORIAL EVA GIMENO (Benjamín),2016-09-10,Sábado,0.0,road running,Infantil,,,,,,392-465,392-465-518,I 5K EMPERADOR MEMORIAL EVA GIMENO,Benjamín,0
cronorunner,I 5K EMPERADOR MEMORIAL EVA GIMENO (Alevín),2016-09-10,Sábado,0.0,road running,Infantil,,,,,,392-465,392-465-519,I 5K EMPERADOR MEMORIAL EVA GIMENO,Alevín,0
cronorunner,I 5K EMPERADOR MEMORIAL EVA GIMENO (Infantil),2016-09-10,Sábado,0.0,road running,Infantil,,,,,,392-465,392-465-520,I 5K EMPERADOR MEMORIAL EVA GIMENO,Infantil,0
cronorunner,I 5K EMPERADOR MEMORIAL EVA GIMENO (Cadete),2016-09-10,Sábado,0.0,road running,Infantil,,,,,,392-465,392-465-521,I 5K EMPERADOR MEMORIAL EVA GIMENO,Cadete,0
cronorunner,I 5K EMPERADOR MEMORIAL EVA GIMENO (Minis),2016-09-10,Sábado,0.0,road running,Absoluta/General,,,,,,392-465,392-465-588,I 5K EMPERADOR MEMORIAL EVA GIMENO,Minis,0
cronorunner,I MARXA DE COLORS XIRIVELLA,2016-09-10,Sábado,0.0,road running,Absoluta/General,,,,,,402-480,402-480-566,I MARXA DE COLORS XIRIVELLA,Marxa absoluta,0
cronorunner,II COLORINS RUN FALLA TAÜT,2016-09-10,Sábado,0.0,road running,Absoluta/General,,,,,,362-482,362-482-574,II COLORINS RUN FALLA TAÜT,Colorins Run,0
cronorunner,II CURSA I MARXA NOCTURNA GAVARDA (Carrera Absoluta),2016-09-09,Viernes,0.0,road running,Absoluta/General,,,,,,346-434,346-434-434,II CURSA I MARXA NOCTURNA GAVARDA,Carrera Absoluta,0
cronorunner,II CURSA I MARXA NOCTURNA GAVARDA (Marcha),2016-09-09,Viernes,0.0,marcha,Absoluta/General,,,,,,346-434,346-434-560,II CURSA I MARXA NOCTURNA GAVARDA,Marcha,0
cronorunner,XII CARRERA SOLIDARIA A PIE  Y XI MILLA PARALIMPICA CASTILLO DE CHIVA (Carrera Absoluta),2016-09-09,Viernes,0.0,road running,Absoluta/General,31.0,168.0,Chiva,València / Valencia,Comunitat Valenciana,401-479,401-479-565,XII CARRERA SOLIDARIA A PIE  Y XI MILLA PARALIMPICA CASTILLO DE CHIVA,Carrera Absoluta,0
cronorunner,XII CARRERA SOLIDARIA A PIE  Y XI MILLA PARALIMPICA CASTILLO DE CHIVA (Milla Paralímpica),2016-09-09,Viernes,0.0,road running,Absoluta/General,,,Chiva,València / Valencia,Comunitat Valenciana,401-479,401-479-567,XII CARRERA SOLIDARIA A PIE  Y XI MILLA PARALIMPICA CASTILLO DE CHIVA,Milla Paralímpica,0
cronorunner,XII CARRERA SOLIDARIA A PIE  Y XI MILLA PARALIMPICA CASTILLO DE CHIVA (Infantil),2016-09-09,Viernes,0.0,road running,Infantil,,,Chiva,València / Valencia,Comunitat Valenciana,401-479,401-479-568,XII CARRERA SOLIDARIA A PIE  Y XI MILLA PARALIMPICA CASTILLO DE CHIVA,Infantil,0
cronorunner,XII CARRERA SOLIDARIA A PIE  Y XI MILLA PARALIMPICA CASTILLO DE CHIVA (Cadete),2016-09-09,Viernes,0.0,road running,Infantil,,,Chiva,València / Valencia,Comunitat Valenciana,401-479,401-479-569,XII CARRERA SOLIDARIA A PIE  Y XI MILLA PARALIMPICA CASTILLO DE CHIVA,Cadete,0
cronorunner,XII CARRERA SOLIDARIA A PIE  Y XI MILLA PARALIMPICA CASTILLO DE CHIVA (Juvenil),2016-09-09,Viernes,0.0,road running,Infantil,,,Chiva,València / Valencia,Comunitat Valenciana,401-479,401-479-570,XII CARRERA SOLIDARIA A PIE  Y XI MILLA PARALIMPICA CASTILLO DE CHIVA,Juvenil,0
cronorunner,XXXII VOLTA A PEU VILLANUEVA DE CASTELLÓN,2016-09-03,Sábado,0.0,road running,Absoluta/General,33.0,130.0,Castelló,València / Valencia,Comunitat Valenciana,393-466,393-466-522,XXXII VOLTA A PEU VILLANUEVA DE CASTELLÓN,Carrera Absoluta,0
cronorunner,I MISLATA RUN COLOR FEST,2016-09-03,Sábado,0.0,road running,Absoluta/General,,,,,,399-477,399-477-559,I MISLATA RUN COLOR FEST,Carrera Absoluta,0
cronorunner,XXII VOLTA A PEU LA CANYADA,2016-08-27,Sábado,0.0,road running,Absoluta/General,88.0,345.0,La Cañada de Verich / la Canyada de Beric,Bajo Aragón,Aragón,331-425,331-425-422,XXII VOLTA A PEU LA CANYADA,Carrera Absoluta,0
cronorunner,II COLORINES RUN PARTY CIUTAT DE SUECA (Colorines Run Party),2016-08-27,Sábado,0.0,road running,Absoluta/General,,,Sueca,València / Valencia,Comunitat Valenciana,353-461,353-461-500,II COLORINES RUN PARTY CIUTAT DE SUECA,Colorines Run Party,0
cronorunner,II COLORINES RUN PARTY CIUTAT DE SUECA (Menores de 10 años),2016-08-27,Sábado,0.0,road running,Infantil,,,Sueca,València / Valencia,Comunitat Valenciana,353-461,353-461-501,II COLORINES RUN PARTY CIUTAT DE SUECA,Menores de 10 años,0
cronorunner,XXVI VOLTA A PEU NOCTURNA A MANUEL (Carrera Absoluta),2016-08-26,Viernes,0.0,road running,Absoluta/General,113.0,466.0,Manuel,València / Valencia,Comunitat Valenciana,306-410,306-410-371,XXVI VOLTA A PEU NOCTURNA A MANUEL,Carrera Absoluta,0
cronorunner,XXVI VOLTA A PEU NOCTURNA A MANUEL (Benjamín),2016-08-26,Viernes,0.0,road running,Infantil,0.0,36.0,Manuel,València / Valencia,Comunitat Valenciana,306-410,306-410-372,XXVI VOLTA A PEU NOCTURNA A MANUEL,Benjamín,0
cronorunner,XXVI VOLTA A PEU NOCTURNA A MANUEL (Alevín),2016-08-26,Viernes,0.0,road running,Infantil,0.0,35.0,Manuel,València / Valencia,Comunitat Valenciana,306-410,306-410-373,XXVI VOLTA A PEU NOCTURNA A MANUEL,Alevín,0
cronorunner,XXVI VOLTA A PEU NOCTURNA A MANUEL (Infantil),2016-08-26,Viernes,0.0,road running,Infantil,0.0,29.0,Manuel,València / Valencia,Comunitat Valenciana,306-410,306-410-374,XXVI VOLTA A PEU NOCTURNA A MANUEL,Infantil,0
cronorunner,XXVI VOLTA A PEU NOCTURNA A MANUEL (Cadete),2016-08-26,Viernes,0.0,road running,Infantil,0.0,20.0,Manuel,València / Valencia,Comunitat Valenciana,306-410,306-410-375,XXVI VOLTA A PEU NOCTURNA A MANUEL,Cadete,0
cronorunner,XXVI VOLTA A PEU NOCTURNA A MANUEL (Pre Benjamín),2016-08-26,Viernes,0.0,road running,Infantil,0.0,23.0,Manuel,València / Valencia,Comunitat Valenciana,306-410,306-410-579,XXVI VOLTA A PEU NOCTURNA A MANUEL,Pre Benjamín,0
cronorunner,XXXVIII VOLTA A PEU BENICULL (Carrera Absoluta),2016-08-22,Lunes,0.0,road running,Absoluta/General,54.0,235.0,Benicull de Xúquer,València / Valencia,Comunitat Valenciana,318-463,318-463-503,XXXVIII VOLTA A PEU BENICULL,Carrera Absoluta,0
cronorunner,XXXVIII VOLTA A PEU BENICULL (Querubín),2016-08-22,Lunes,0.0,road running,Absoluta/General,,,Benicull de Xúquer,València / Valencia,Comunitat Valenciana,318-463,318-463-504,XXXVIII VOLTA A PEU BENICULL,Querubín,0
cronorunner,XXXVIII VOLTA A PEU BENICULL (Pre Benjamín),2016-08-22,Lunes,0.0,road running,Infantil,,,Benicull de Xúquer,València / Valencia,Comunitat Valenciana,318-463,318-463-505,XXXVIII VOLTA A PEU BENICULL,Pre Benjamín,0
cronorunner,XXXVIII VOLTA A PEU BENICULL (Benjamín),2016-08-22,Lunes,0.0,road running,Infantil,,,Benicull de Xúquer,València / Valencia,Comunitat Valenciana,318-463,318-463-506,XXXVIII VOLTA A PEU BENICULL,Benjamín,0
cronorunner,XXXVIII VOLTA A PEU BENICULL (Alevín),2016-08-22,Lunes,0.0,road running,Infantil,,,Benicull de Xúquer,València / Valencia,Comunitat Valenciana,318-463,318-463-507,XXXVIII VOLTA A PEU BENICULL,Alevín,0
cronorunner,XXXVIII VOLTA A PEU BENICULL (Infantil),2016-08-22,Lunes,0.0,road running,Infantil,,,Benicull de Xúquer,València / Valencia,Comunitat Valenciana,318-463,318-463-508,XXXVIII VOLTA A PEU BENICULL,Infantil,0
cronorunner,II CARRERA I MARXA FESTES DEL CRIST MASSALAVÉS (Carrera Absoluta),2016-08-19,Viernes,0.0,road running,Absoluta/General,70.0,128.0,Massalavés,València / Valencia,Comunitat Valenciana,349-472,349-472-542,II CARRERA I MARXA FESTES DEL CRIST MASSALAVÉS,Carrera Absoluta,0
cronorunner,II CARRERA I MARXA FESTES DEL CRIST MASSALAVÉS (Marcha Absoluta),2016-08-19,Viernes,0.0,marcha,Absoluta/General,,,Massalavés,València / Valencia,Comunitat Valenciana,349-472,349-472-543,II CARRERA I MARXA FESTES DEL CRIST MASSALAVÉS,Marcha Absoluta,0
cronorunner,XXXIV VUELTA A PIE  VILLAR DEL ARZOBISPO (Carrera Absoluta),2016-08-13,Sábado,0.0,road running,Absoluta/General,37.0,189.0,Villar del Arzobispo,La Serranía,Comunitat Valenciana,343-464,343-464-509,XXXIV VUELTA A PIE  VILLAR DEL ARZOBISPO,Carrera Absoluta,0
cronorunner,XXXIV VUELTA A PIE  VILLAR DEL ARZOBISPO (Minibenjamín),2016-08-13,Sábado,0.0,road running,Infantil,,,Villar del Arzobispo,La Serranía,Comunitat Valenciana,343-464,343-464-510,XXXIV VUELTA A PIE  VILLAR DEL ARZOBISPO,Minibenjamín,0
cronorunner,XXXIV VUELTA A PIE  VILLAR DEL ARZOBISPO (Prebenjamín),2016-08-13,Sábado,0.0,road running,Infantil,,,Villar del Arzobispo,La Serranía,Comunitat Valenciana,343-464,343-464-511,XXXIV VUELTA A PIE  VILLAR DEL ARZOBISPO,Prebenjamín,0
cronorunner,XXXIV VUELTA A PIE  VILLAR DEL ARZOBISPO (Benjamín),2016-08-13,Sábado,0.0,road running,Infantil,,,Villar del Arzobispo,La Serranía,Comunitat Valenciana,343-464,343-464-512,XXXIV VUELTA A PIE  VILLAR DEL ARZOBISPO,Benjamín,0
cronorunner,XXXIV VUELTA A PIE  VILLAR DEL ARZOBISPO (Alevin),2016-08-13,Sábado,0.0,road running,Infantil,,,Villar del Arzobispo,La Serranía,Comunitat Valenciana,343-464,343-464-513,XXXIV VUELTA A PIE  VILLAR DEL ARZOBISPO,Alevin,0
cronorunner,XXXIV VUELTA A PIE  VILLAR DEL ARZOBISPO (Infantil),2016-08-13,Sábado,0.0,road running,Infantil,,,Villar del Arzobispo,La Serranía,Comunitat Valenciana,343-464,343-464-514,XXXIV VUELTA A PIE  VILLAR DEL ARZOBISPO,Infantil,0
cronorunner,XXXIV VUELTA A PIE  VILLAR DEL ARZOBISPO (Cadete),2016-08-13,Sábado,0.0,road running,Infantil,,,Villar del Arzobispo,La Serranía,Comunitat Valenciana,343-464,343-464-515,XXXIV VUELTA A PIE  VILLAR DEL ARZOBISPO,Cadete,0
cronorunner,II 10K MONTSERRAT,2016-08-12,Viernes,0.0,road running,Absoluta/General,77.0,369.0,Montserrat,València / Valencia,Comunitat Valenciana,347-409,347-409-370,II 10K MONTSERRAT,Carrera Absoluta,0
cronorunner,II CARRERA NOCTURNA CIUTAT DE SUECA,2016-08-12,Viernes,0.0,road running,Absoluta/General,79.0,261.0,Sueca,València / Valencia,Comunitat Valenciana,338-459,338-459-488,II CARRERA NOCTURNA CIUTAT DE SUECA,Carrera,0
cronorunner,II VOLTA A PEU BENIFAIÓ,2016-08-12,Viernes,0.0,road running,Absoluta/General,,,Benifaió,València / Valencia,Comunitat Valenciana,350-470,350-470-540,II VOLTA A PEU BENIFAIÓ,Carrera Absoluta,0
cronorunner,XIX VOLTA A PEU FAVARA (Carrera Absoluta),2016-08-06,Sábado,0.0,road running,Absoluta/General,97.0,354.0,Fabara / Favara,Bajo Aragón-Caspe / Baix Aragó-Casp,Aragón,159-389,159-389-316,XIX VOLTA A PEU FAVARA,Carrera Absoluta,0
cronorunner,XIX VOLTA A PEU FAVARA (Benjamin),2016-08-06,Sábado,0.0,road running,Infantil,,,Fabara / Favara,Bajo Aragón-Caspe / Baix Aragó-Casp,Aragón,159-389,159-389-562,XIX VOLTA A PEU FAVARA,Benjamin,0
cronorunner,XIX VOLTA A PEU FAVARA (Alevin),2016-08-06,Sábado,0.0,road running,Infantil,,,Fabara / Favara,Bajo Aragón-Caspe / Baix Aragó-Casp,Aragón,159-389,159-389-563,XIX VOLTA A PEU FAVARA,Alevin,0
cronorunner,XIX VOLTA A PEU FAVARA (Cadete),2016-08-06,Sábado,0.0,road running,Infantil,,,Fabara / Favara,Bajo Aragón-Caspe / Baix Aragó-Casp,Aragón,159-389,159-389-564,XIX VOLTA A PEU FAVARA,Cadete,0
cronorunner,XXI CARRERA MATUTINA A LA PLAYA DE CULLERA,2016-08-06,Sábado,0.0,road running,Absoluta/General,68.0,392.0,Cullera,València / Valencia,Comunitat Valenciana,387-446,387-446-457,XXI CARRERA MATUTINA A LA PLAYA DE CULLERA,Carrera Absoluta,0
cronorunner,XXX VOLTA A PEU SOLLANA,2016-08-06,Sábado,0.0,road running,Absoluta/General,42.0,224.0,Sollana,València / Valencia,Comunitat Valenciana,344-471,344-471-541,XXX VOLTA A PEU SOLLANA,Carrera Absoluta,0
cronorunner,XXVI VOLTA A PEU ALBALAT DELS TARONGERS (Carrera Absoluta),2016-08-04,Jueves,0.0,road running,Absoluta/General,52.0,246.0,Albalat dels Tarongers,el Camp de Morvedre,Comunitat Valenciana,342-454,342-454-475,XXVI VOLTA A PEU ALBALAT DELS TARONGERS,Carrera Absoluta,0
cronorunner,XXVI VOLTA A PEU ALBALAT DELS TARONGERS (De 0 a 3 años),2016-08-04,Jueves,0.0,road running,Absoluta/General,,,Albalat dels Tarongers,el Camp de Morvedre,Comunitat Valenciana,342-454,342-454-476,XXVI VOLTA A PEU ALBALAT DELS TARONGERS,De 0 a 3 años,0
cronorunner,XXVI VOLTA A PEU ALBALAT DELS TARONGERS (De 4 a 8 años),2016-08-04,Jueves,0.0,road running,Absoluta/General,,,Albalat dels Tarongers,el Camp de Morvedre,Comunitat Valenciana,342-454,342-454-477,XXVI VOLTA A PEU ALBALAT DELS TARONGERS,De 4 a 8 años,0
cronorunner,XXVI VOLTA A PEU ALBALAT DELS TARONGERS (De 9 a 13 años),2016-08-04,Jueves,0.0,road running,Absoluta/General,,,Albalat dels Tarongers,el Camp de Morvedre,Comunitat Valenciana,342-454,342-454-478,XXVI VOLTA A PEU ALBALAT DELS TARONGERS,De 9 a 13 años,0
cronorunner,XXVI VOLTA A PEU ALBALAT DELS TARONGERS (De 14 a 17 años),2016-08-04,Jueves,0.0,road running,Absoluta/General,,,Albalat dels Tarongers,el Camp de Morvedre,Comunitat Valenciana,342-454,342-454-479,XXVI VOLTA A PEU ALBALAT DELS TARONGERS,De 14 a 17 años,0
cronorunner,IV 10k VUELTA A PIE MACASTRE (Carrera Absoluta),2016-08-04,Jueves,0.0,road running,Absoluta/General,85.0,364.0,,,,398-476,398-476-553,IV 10k VUELTA A PIE MACASTRE,Carrera Absoluta,0
cronorunner,IV 10k VUELTA A PIE MACASTRE (Cadete),2016-08-04,Jueves,0.0,road running,Infantil,,,,,,398-476,398-476-554,IV 10k VUELTA A PIE MACASTRE,Cadete,0
cronorunner,IV 10k VUELTA A PIE MACASTRE (Alevin),2016-08-04,Jueves,0.0,road running,Infantil,,,,,,398-476,398-476-555,IV 10k VUELTA A PIE MACASTRE,Alevin,0
cronorunner,IV 10k VUELTA A PIE MACASTRE (Benjamin),2016-08-04,Jueves,0.0,road running,Infantil,,,,,,398-476,398-476-556,IV 10k VUELTA A PIE MACASTRE,Benjamin,0
cronorunner,IV 10k VUELTA A PIE MACASTRE (Pre Benjamin),2016-08-04,Jueves,0.0,road running,Infantil,,,,,,398-476,398-476-557,IV 10k VUELTA A PIE MACASTRE,Pre Benjamin,0
cronorunner,IV 10k VUELTA A PIE MACASTRE (Chupetin),2016-08-04,Jueves,0.0,road running,Infantil,,,,,,398-476,398-476-558,IV 10k VUELTA A PIE MACASTRE,Chupetin,0
cronorunner,XVI VOLTA A PEU PEL XÚQUER - RIOLA (Carrera Absoluta),2016-08-03,Miércoles,0.0,road running,Absoluta/General,178.0,626.0,Cullera,València / Valencia,Comunitat Valenciana,305-408,305-408-365,XVI VOLTA A PEU PEL XÚQUER - RIOLA,Carrera Absoluta,0
cronorunner,XVI VOLTA A PEU PEL XÚQUER - RIOLA (Benjamín),2016-08-03,Miércoles,0.0,road running,Infantil,0.0,24.0,Cullera,València / Valencia,Comunitat Valenciana,305-408,305-408-366,XVI VOLTA A PEU PEL XÚQUER - RIOLA,Benjamín,0
cronorunner,XVI VOLTA A PEU PEL XÚQUER - RIOLA (Alevín),2016-08-03,Miércoles,0.0,road running,Infantil,0.0,23.0,Cullera,València / Valencia,Comunitat Valenciana,305-408,305-408-367,XVI VOLTA A PEU PEL XÚQUER - RIOLA,Alevín,0
cronorunner,XVI VOLTA A PEU PEL XÚQUER - RIOLA (Infantil),2016-08-03,Miércoles,0.0,road running,Infantil,0.0,16.0,Cullera,València / Valencia,Comunitat Valenciana,305-408,305-408-368,XVI VOLTA A PEU PEL XÚQUER - RIOLA,Infantil,0
cronorunner,XVI VOLTA A PEU PEL XÚQUER - RIOLA (Cadete),2016-08-03,Miércoles,0.0,road running,Infantil,0.0,18.0,Cullera,València / Valencia,Comunitat Valenciana,305-408,305-408-369,XVI VOLTA A PEU PEL XÚQUER - RIOLA,Cadete,0
cronorunner,XXIX VOLTA A PEU A TURÍS (Carrera Absoluta),2016-08-01,Lunes,0.0,road running,Absoluta/General,,,Turís,València / Valencia,Comunitat Valenciana,394-468,394-468-524,XXIX VOLTA A PEU A TURÍS,Carrera Absoluta,0
cronorunner,XXIX VOLTA A PEU A TURÍS (Prexupetín),2016-08-01,Lunes,0.0,road running,Absoluta/General,,,Turís,València / Valencia,Comunitat Valenciana,394-468,394-468-525,XXIX VOLTA A PEU A TURÍS,Prexupetín,0
cronorunner,XXIX VOLTA A PEU A TURÍS (Xupetín),2016-08-01,Lunes,0.0,road running,Absoluta/General,,,Turís,València / Valencia,Comunitat Valenciana,394-468,394-468-526,XXIX VOLTA A PEU A TURÍS,Xupetín,0
cronorunner,XXIX VOLTA A PEU A TURÍS (Prebenjamín),2016-08-01,Lunes,0.0,road running,Infantil,,,Turís,València / Valencia,Comunitat Valenciana,394-468,394-468-527,XXIX VOLTA A PEU A TURÍS,Prebenjamín,0
cronorunner,XXIX VOLTA A PEU A TURÍS (Benjamín),2016-08-01,Lunes,0.0,road running,Infantil,,,Turís,València / Valencia,Comunitat Valenciana,394-468,394-468-528,XXIX VOLTA A PEU A TURÍS,Benjamín,0
cronorunner,XXIX VOLTA A PEU A TURÍS (Alevín),2016-08-01,Lunes,0.0,road running,Infantil,,,Turís,València / Valencia,Comunitat Valenciana,394-468,394-468-529,XXIX VOLTA A PEU A TURÍS,Alevín,0
cronorunner,XXIX VOLTA A PEU A TURÍS (Infantil),2016-08-01,Lunes,0.0,road running,Infantil,,,Turís,València / Valencia,Comunitat Valenciana,394-468,394-468-530,XXIX VOLTA A PEU A TURÍS,Infantil,0
cronorunner,XXIX VOLTA A PEU A TURÍS (Cadete-Juvenil),2016-08-01,Lunes,0.0,road running,Infantil,,,Turís,València / Valencia,Comunitat Valenciana,394-468,394-468-531,XXIX VOLTA A PEU A TURÍS,Cadete-Juvenil,0
cronorunner,VI 10K SENSE LÍMITS ALDAIA,2016-07-30,Sábado,0.0,road running,Absoluta/General,237.0,780.0,,,,265-424,265-424-421,VI 10K SENSE LÍMITS ALDAIA,Carrera Absoluta,0
cronorunner,XX VOLTA A PEU LLAURÍ,2016-07-30,Sábado,0.0,road running,Absoluta/General,23.0,152.0,Llaurí,València / Valencia,Comunitat Valenciana,395-469,395-469-539,XX VOLTA A PEU LLAURÍ,Carrera Absoluta,0
cronorunner,II CAMPEONATO AUTÓNOMICO C. VALENCIANA TRIATLON POR RELEVOS - ANNA,2016-07-30,Sábado,0.0,Multidisciplina,Absoluta/General,,,Anna,València / Valencia,Comunitat Valenciana,397-475,397-475-552,II CAMPEONATO AUTÓNOMICO C. VALENCIANA TRIATLON POR RELEVOS - ANNA,Carrera Absoluta,0
cronorunner,IV VOLTA A PEU A L ÉNOVA,2016-07-23,Sábado,8.0,road running,Absoluta/General,47.0,261.0,l'Énova,València / Valencia,Comunitat Valenciana,369-407,369-407-364,IV VOLTA A PEU A L ÉNOVA,Carrera Absoluta,8000
cronorunner,IX CARRERA ENTRE OLIVOS Y PINARES VALL DE ALMONACID (Carrera),2016-07-23,Sábado,0.0,road running,Absoluta/General,19.0,132.0,Vall de Almonacid,Castelló / Castellón,Comunitat Valenciana,336-453,336-453-473,IX CARRERA ENTRE OLIVOS Y PINARES VALL DE ALMONACID,Carrera,0
cronorunner,IX CARRERA ENTRE OLIVOS Y PINARES VALL DE ALMONACID (Marcha),2016-07-23,Sábado,0.0,marcha,Absoluta/General,,,Vall de Almonacid,Castelló / Castellón,Comunitat Valenciana,336-453,336-453-474,IX CARRERA ENTRE OLIVOS Y PINARES VALL DE ALMONACID,Marcha,0
cronorunner,XIII VOLTA A PEU JOANOT PRESÈNCIA POLINYÀ DE XÚQUER,2016-07-22,Viernes,0.0,road running,Absoluta/General,146.0,421.0,Polinyà de Xúquer,València / Valencia,Comunitat Valenciana,160-388,160-388-315,XIII VOLTA A PEU JOANOT PRESÈNCIA POLINYÀ DE XÚQUER,Carrera Absoluta,0
cronorunner,IV VOLTA A PEU RAFELGUARAF (INSCRIPCIONES EN META),2016-07-21,Jueves,0.0,road running,Absoluta/General,,,Rafelguaraf,València / Valencia,Comunitat Valenciana,272-467,272-467-523,IV VOLTA A PEU RAFELGUARAF (INSCRIPCIONES EN META),Carrera Absoluta,0
cronorunner,IV TRAIL DE BICORP (Sprint Trail 14km),2016-07-17,Domingo,0.0,trail running,Absoluta/General,48.0,156.0,Bicorp,València / Valencia,Comunitat Valenciana,390-450,390-450-467,IV TRAIL DE BICORP,Sprint Trail 14km,0
cronorunner,IV TRAIL DE BICORP (Trail 21km),2016-07-17,Domingo,0.0,trail running,Absoluta/General,19.0,120.0,Bicorp,València / Valencia,Comunitat Valenciana,390-450,390-450-469,IV TRAIL DE BICORP,Trail 21km,0
cronorunner,XXI TRAVESÍA A LA PLAYA DE CULLERA (Prueba Larga),2016-07-10,Domingo,0.0,road running,Absoluta/General,7.0,59.0,Cullera,València / Valencia,Comunitat Valenciana,391-451,391-451-470,XXI TRAVESÍA A LA PLAYA DE CULLERA,Prueba Larga,0
cronorunner,XXI TRAVESÍA A LA PLAYA DE CULLERA (Prueba promoción),2016-07-10,Domingo,0.0,road running,Absoluta/General,8.0,36.0,Cullera,València / Valencia,Comunitat Valenciana,391-451,391-451-471,XXI TRAVESÍA A LA PLAYA DE CULLERA,Prueba promoción,0
cronorunner,VII VOLTA A PEU ILLA DEL PALMAR,2016-07-09,Sábado,0.0,road running,Absoluta/General,100.0,361.0,València,Comarca de València,Comunitat Valenciana,270-387,270-387-314,VII VOLTA A PEU ILLA DEL PALMAR,Carrera Absoluta,0
cronorunner,XXVI VOLTA A PEU ALBAL,2016-07-09,Sábado,0.0,road running,Absoluta/General,91.0,347.0,Albal,l'Horta Sud,Comunitat Valenciana,324-429,324-429-428,XXVI VOLTA A PEU ALBAL,Carrera Absoluta,0
cronorunner,XXIII VOLTA A PEU GUADASSUAR (INSCRIPCIONS EN META),2016-07-07,Jueves,0.0,road running,Absoluta/General,,,Guadassuar,València / Valencia,Comunitat Valenciana,229-462,229-462-502,XXIII VOLTA A PEU GUADASSUAR (INSCRIPCIONS EN META),Carrera Absoluta,0
cronorunner,I TRAIL BRONCHALES (Trail 43Km),2016-07-03,Domingo,43.0,trail running,Absoluta/General,27.0,215.0,Bronchales,Sierra de Albarracín,Aragón,363-383,363-383-306,I TRAIL BRONCHALES,Trail 43Km,43000
cronorunner,I TRAIL BRONCHALES (Trail 24Km),2016-07-03,Domingo,24.0,trail running,Absoluta/General,74.0,294.0,Bronchales,Sierra de Albarracín,Aragón,363-383,363-383-307,I TRAIL BRONCHALES,Trail 24Km,24000
cronorunner,I TRAIL BRONCHALES (Trail Running 20K),2016-07-03,Domingo,20.0,trail running,Absoluta/General,25.0,115.0,Bronchales,Sierra de Albarracín,Aragón,363-383,363-383-308,I TRAIL BRONCHALES,Trail Running 20K,20000
cronorunner,I TRAIL BRONCHALES (Trail 10Km),2016-07-03,Domingo,10.0,trail running,Absoluta/General,186.0,167.0,Bronchales,Sierra de Albarracín,Aragón,363-383,363-383-309,I TRAIL BRONCHALES,Trail 10Km,10000
cronorunner,II CARRERA 2K HOLI ALAQUÀS,2016-07-03,Domingo,0.0,road running,Absoluta/General,,,,,,345-449,345-449-462,II CARRERA 2K HOLI ALAQUÀS,Fiesta Holi Alaquàs 2016,0
cronorunner,IX VOLTA A PEU MARENY DE BARRAQUETES,2016-07-02,Sábado,0.0,road running,Absoluta/General,195.0,603.0,Sueca,València / Valencia,Comunitat Valenciana,304-406,304-406-363,IX VOLTA A PEU MARENY DE BARRAQUETES,Carrera Absoluta,0
cronorunner,XXIV LEGUA URBANA CIUTAT DE TORRENT,2016-07-01,Viernes,0.0,road running,Absoluta/General,138.0,469.0,Torrent,l'Horta Sud,Comunitat Valenciana,266-455,266-455-480,XXIV LEGUA URBANA CIUTAT DE TORRENT,Carrera Absoluta,0
cronorunner,II 5k CIUTAT DE VINARÒS,2016-06-25,Sábado,0.0,road running,Absoluta/General,47.0,102.0,Vinaròs,el Baix Maestrat,Comunitat Valenciana,335-445,335-445-456,II 5k CIUTAT DE VINARÒS,Carrera Absoluta,0
cronorunner,II GALA CRESPO CRONORUNNERS,2016-06-24,Viernes,0.0,road running,Absoluta/General,,,,,,364-460,364-460-491,II GALA CRESPO CRONORUNNERS,Cena,0
cronorunner,XIX 10K CIUTAT DE BENIPARRELL (Carrera Absoluta),2016-06-18,Sábado,0.0,road running,Absoluta/General,107.0,524.0,Beniparrell,l'Horta Sud,Comunitat Valenciana,158-386,158-386-313,XIX 10K CIUTAT DE BENIPARRELL,Carrera Absoluta,0
cronorunner,XIX 10K CIUTAT DE BENIPARRELL (Categoría 1),2016-06-18,Sábado,0.0,road running,Absoluta/General,,,Beniparrell,l'Horta Sud,Comunitat Valenciana,158-386,158-386-463,XIX 10K CIUTAT DE BENIPARRELL,Categoría 1,0
cronorunner,XIX 10K CIUTAT DE BENIPARRELL (Categoría 2),2016-06-18,Sábado,0.0,road running,Absoluta/General,,,Beniparrell,l'Horta Sud,Comunitat Valenciana,158-386,158-386-464,XIX 10K CIUTAT DE BENIPARRELL,Categoría 2,0
cronorunner,XIX 10K CIUTAT DE BENIPARRELL (Categoría 3),2016-06-18,Sábado,0.0,road running,Absoluta/General,,,Beniparrell,l'Horta Sud,Comunitat Valenciana,158-386,158-386-465,XIX 10K CIUTAT DE BENIPARRELL,Categoría 3,0
cronorunner,IV VOLTA A PEU A SANT JOANET,2016-06-18,Sábado,0.0,road running,Absoluta/General,71.0,367.0,Arbúcies,la Selva,Catalunya,302-405,302-405-362,IV VOLTA A PEU A SANT JOANET,Carrera Absoluta,0
cronorunner,XXXII VOLTA A PEU ALGEMESI (Carrera Absoluta),2016-06-04,Sábado,0.0,road running,Absoluta/General,138.0,669.0,Algemesí,València / Valencia,Comunitat Valenciana,260-404,260-404-357,XXXII VOLTA A PEU ALGEMESI,Carrera Absoluta,0
cronorunner,XXXII VOLTA A PEU ALGEMESI (Benjamín),2016-06-04,Sábado,0.0,road running,Infantil,0.0,34.0,Algemesí,València / Valencia,Comunitat Valenciana,260-404,260-404-358,XXXII VOLTA A PEU ALGEMESI,Benjamín,0
cronorunner,XXXII VOLTA A PEU ALGEMESI (Alevín),2016-06-04,Sábado,0.0,road running,Infantil,0.0,26.0,Algemesí,València / Valencia,Comunitat Valenciana,260-404,260-404-359,XXXII VOLTA A PEU ALGEMESI,Alevín,0
cronorunner,XXXII VOLTA A PEU ALGEMESI (Infantil),2016-06-04,Sábado,0.0,road running,Infantil,0.0,23.0,Algemesí,València / Valencia,Comunitat Valenciana,260-404,260-404-360,XXXII VOLTA A PEU ALGEMESI,Infantil,0
cronorunner,XXXII VOLTA A PEU ALGEMESI (Cadete),2016-06-04,Sábado,0.0,road running,Infantil,0.0,14.0,Algemesí,València / Valencia,Comunitat Valenciana,260-404,260-404-361,XXXII VOLTA A PEU ALGEMESI,Cadete,0
cronorunner,III PUJADA A LA BOLA DE CULLERA,2016-05-29,Domingo,0.0,road running,Absoluta/General,97.0,436.0,Cullera,València / Valencia,Comunitat Valenciana,157-382,157-382-304,III PUJADA A LA BOLA DE CULLERA,Carrera Absoluta,0
cronorunner,I CARRERA I MARXA SOLIDARIA CONTRA EL CÀNCER GUADASSUAR (Carrera Absoluta),2016-05-29,Domingo,0.0,road running,Absoluta/General,,,,,,389-448,389-448-461,I CARRERA I MARXA SOLIDARIA CONTRA EL CÀNCER GUADASSUAR,Carrera Absoluta,0
cronorunner,I CARRERA I MARXA SOLIDARIA CONTRA EL CÀNCER GUADASSUAR (Marcha),2016-05-29,Domingo,0.0,marcha,Absoluta/General,,,,,,389-448,389-448-492,I CARRERA I MARXA SOLIDARIA CONTRA EL CÀNCER GUADASSUAR,Marcha,0
cronorunner,XXII VOLTA A PEU ALBERIC (LA CARRERA DE LA MONA) (Carrera Absoluta),2016-05-28,Sábado,0.0,road running,Absoluta/General,87.0,298.0,Alberic,València / Valencia,Comunitat Valenciana,264-437,264-437-439,XXII VOLTA A PEU ALBERIC (LA CARRERA DE LA MONA),Carrera Absoluta,0
cronorunner,XXII VOLTA A PEU ALBERIC (LA CARRERA DE LA MONA) (Pre Benjamín),2016-05-28,Sábado,0.0,road running,Infantil,,,Alberic,València / Valencia,Comunitat Valenciana,264-437,264-437-496,XXII VOLTA A PEU ALBERIC (LA CARRERA DE LA MONA),Pre Benjamín,0
cronorunner,XXII VOLTA A PEU ALBERIC (LA CARRERA DE LA MONA) (Benjamín),2016-05-28,Sábado,0.0,road running,Infantil,,,Alberic,València / Valencia,Comunitat Valenciana,264-437,264-437-497,XXII VOLTA A PEU ALBERIC (LA CARRERA DE LA MONA),Benjamín,0
cronorunner,XXII VOLTA A PEU ALBERIC (LA CARRERA DE LA MONA) (Alevin),2016-05-28,Sábado,0.0,road running,Infantil,,,Alberic,València / Valencia,Comunitat Valenciana,264-437,264-437-498,XXII VOLTA A PEU ALBERIC (LA CARRERA DE LA MONA),Alevin,0
cronorunner,XXII VOLTA A PEU ALBERIC (LA CARRERA DE LA MONA) (Infantil),2016-05-28,Sábado,0.0,road running,Infantil,,,Alberic,València / Valencia,Comunitat Valenciana,264-437,264-437-499,XXII VOLTA A PEU ALBERIC (LA CARRERA DE LA MONA),Infantil,0
cronorunner,I TRAIL DE SUMACÁRCER (Trail 21km),2016-05-22,Domingo,0.0,trail running,Absoluta/General,28.0,145.0,Sumacàrcer,València / Valencia,Comunitat Valenciana,371-414,371-414-404,I TRAIL DE SUMACÁRCER,Trail 21km,0
cronorunner,I TRAIL DE SUMACÁRCER (Trail 12km),2016-05-22,Domingo,0.0,trail running,Absoluta/General,78.0,178.0,Sumacàrcer,València / Valencia,Comunitat Valenciana,371-414,371-414-405,I TRAIL DE SUMACÁRCER,Trail 12km,0
cronorunner,I TRAIL DE SUMACÁRCER (Marcha 12km),2016-05-22,Domingo,0.0,trail running,Absoluta/General,,,Sumacàrcer,València / Valencia,Comunitat Valenciana,371-414,371-414-406,I TRAIL DE SUMACÁRCER,Marcha 12km,0
cronorunner,I TRAIL DE SUMACÁRCER (Trail 21K Escaladores),2016-05-22,Domingo,0.0,trail running,Absoluta/General,0.0,179.0,Sumacàrcer,València / Valencia,Comunitat Valenciana,371-414,371-414-489,I TRAIL DE SUMACÁRCER,Trail 21K Escaladores,0
cronorunner,I TRAIL DE SUMACÁRCER (Trail 12Km Escaladores),2016-05-22,Domingo,0.0,trail running,Absoluta/General,0.0,249.0,Sumacàrcer,València / Valencia,Comunitat Valenciana,371-414,371-414-490,I TRAIL DE SUMACÁRCER,Trail 12Km Escaladores,0
cronorunner,II CARRERA BENEFICA CONTRA LA ENFERMEDAD DE CROHN Y LA COLITIS ULCEROSA,2016-05-22,Domingo,0.0,road running,Absoluta/General,,,,,,236-438,236-438-442,II CARRERA BENEFICA CONTRA LA ENFERMEDAD DE CROHN Y LA COLITIS ULCEROSA,Carrera Absoluta,0
cronorunner,IV 10K CIUTAT D'ALZIRA (Carrera Absoluta),2016-05-21,Sábado,0.0,road running,Absoluta/General,150.0,809.0,Torrent,l'Horta Sud,Comunitat Valenciana,214-403,214-403-352,IV 10K CIUTAT D'ALZIRA,Carrera Absoluta,0
cronorunner,IV 10K CIUTAT D'ALZIRA (Benjamín),2016-05-21,Sábado,0.0,road running,Infantil,0.0,39.0,Torrent,l'Horta Sud,Comunitat Valenciana,214-403,214-403-353,IV 10K CIUTAT D'ALZIRA,Benjamín,0
cronorunner,IV 10K CIUTAT D'ALZIRA (Alevín),2016-05-21,Sábado,0.0,road running,Infantil,0.0,38.0,Torrent,l'Horta Sud,Comunitat Valenciana,214-403,214-403-354,IV 10K CIUTAT D'ALZIRA,Alevín,0
cronorunner,IV 10K CIUTAT D'ALZIRA (Infantil),2016-05-21,Sábado,0.0,road running,Infantil,0.0,29.0,Torrent,l'Horta Sud,Comunitat Valenciana,214-403,214-403-355,IV 10K CIUTAT D'ALZIRA,Infantil,0
cronorunner,IV 10K CIUTAT D'ALZIRA (Cadete),2016-05-21,Sábado,0.0,road running,Infantil,0.0,28.0,Torrent,l'Horta Sud,Comunitat Valenciana,214-403,214-403-356,IV 10K CIUTAT D'ALZIRA,Cadete,0
cronorunner,XXXVI VOLTA A PEU LLUIS VIVES,2016-05-21,Sábado,0.0,road running,Absoluta/General,,,València,Comarca de València,Comunitat Valenciana,384-442,384-442-446,XXXVI VOLTA A PEU LLUIS VIVES,Carrera Absoluta,0
cronorunner,III VOLTA A PEU EL PERELLÓ,2016-05-08,Domingo,0.0,road running,Absoluta/General,168.0,548.0,el Perelló,Baix Ebre,Tarragona,365-385,365-385-312,III VOLTA A PEU EL PERELLÓ,Carrera Absoluta,0
cronorunner,I CORRECAN XERACO,2016-05-08,Domingo,0.0,road running,Absoluta/General,,,,,,385-443,385-443-449,I CORRECAN XERACO,Carrera Absoluta,0
cronorunner,XVI VOLTA A PEU CATADAU (Carrera Absoluta),2016-05-07,Sábado,0.0,road running,Absoluta/General,88.0,451.0,Catadau,València / Valencia,Comunitat Valenciana,299-402,299-402-347,XVI VOLTA A PEU CATADAU,Carrera Absoluta,0
cronorunner,XVI VOLTA A PEU CATADAU (Benjamín),2016-05-07,Sábado,0.0,road running,Infantil,0.0,23.0,Catadau,València / Valencia,Comunitat Valenciana,299-402,299-402-348,XVI VOLTA A PEU CATADAU,Benjamín,0
cronorunner,XVI VOLTA A PEU CATADAU (Alevín),2016-05-07,Sábado,0.0,road running,Infantil,0.0,19.0,Catadau,València / Valencia,Comunitat Valenciana,299-402,299-402-349,XVI VOLTA A PEU CATADAU,Alevín,0
cronorunner,XVI VOLTA A PEU CATADAU (Infantil),2016-05-07,Sábado,0.0,road running,Infantil,0.0,22.0,Catadau,València / Valencia,Comunitat Valenciana,299-402,299-402-350,XVI VOLTA A PEU CATADAU,Infantil,0
cronorunner,XVI VOLTA A PEU CATADAU (Cadete),2016-05-07,Sábado,0.0,road running,Infantil,0.0,20.0,Catadau,València / Valencia,Comunitat Valenciana,299-402,299-402-351,XVI VOLTA A PEU CATADAU,Cadete,0
cronorunner,IV CARRERA DE DONES D'ALDAIA,2016-05-07,Sábado,0.0,road running,Absoluta/General,158.0,23.0,,,,322-423,322-423-420,IV CARRERA DE DONES D'ALDAIA,Carrera Absoluta,0
cronorunner,V VOLTA A PEU I MARXA BONESTAR-LA LLACUNA (Carrera),2016-05-01,Domingo,0.0,road running,Absoluta/General,30.0,98.0,,,,320-420,320-420-416,V VOLTA A PEU I MARXA BONESTAR-LA LLACUNA,Carrera,0
cronorunner,V VOLTA A PEU I MARXA BONESTAR-LA LLACUNA (Marcha),2016-05-01,Domingo,0.0,marcha,Absoluta/General,34.0,42.0,,,,320-420,320-420-417,V VOLTA A PEU I MARXA BONESTAR-LA LLACUNA,Marcha,0
cronorunner,XXIX VOLTA A PEU A L´ALCÚDIA (Carrera Absoluta),2016-04-30,Sábado,0.0,road running,Absoluta/General,138.0,725.0,l'Alcúdia,València / Valencia,Comunitat Valenciana,206-399,206-399-339,XXIX VOLTA A PEU A L´ALCÚDIA,Carrera Absoluta,0
cronorunner,XXIX VOLTA A PEU A L´ALCÚDIA (Benjamín),2016-04-30,Sábado,0.0,road running,Infantil,0.0,37.0,l'Alcúdia,València / Valencia,Comunitat Valenciana,206-399,206-399-340,XXIX VOLTA A PEU A L´ALCÚDIA,Benjamín,0
cronorunner,XXIX VOLTA A PEU A L´ALCÚDIA (Alevín),2016-04-30,Sábado,0.0,road running,Infantil,0.0,38.0,l'Alcúdia,València / Valencia,Comunitat Valenciana,206-399,206-399-341,XXIX VOLTA A PEU A L´ALCÚDIA,Alevín,0
cronorunner,XXIX VOLTA A PEU A L´ALCÚDIA (Infantil),2016-04-30,Sábado,0.0,road running,Infantil,0.0,24.0,l'Alcúdia,València / Valencia,Comunitat Valenciana,206-399,206-399-342,XXIX VOLTA A PEU A L´ALCÚDIA,Infantil,0
cronorunner,XXIX VOLTA A PEU A L´ALCÚDIA (Cadete),2016-04-30,Sábado,0.0,road running,Infantil,0.0,20.0,l'Alcúdia,València / Valencia,Comunitat Valenciana,206-399,206-399-343,XXIX VOLTA A PEU A L´ALCÚDIA,Cadete,0
cronorunner,XII MITJA MARATO i X10K CIUTAT DE TORRENT (Media Maratón),2016-04-24,Domingo,0.0,road running,Absoluta/General,26.0,279.0,Torrent,l'Horta Sud,Comunitat Valenciana,221-427,221-427-425,XII MITJA MARATO i X10K CIUTAT DE TORRENT,Media Maratón,0
cronorunner,XII MITJA MARATO i X10K CIUTAT DE TORRENT (10k),2016-04-24,Domingo,0.0,road running,Absoluta/General,99.0,290.0,Torrent,l'Horta Sud,Comunitat Valenciana,221-427,221-427-426,XII MITJA MARATO i X10K CIUTAT DE TORRENT,10k,0
cronorunner,"I MARCHA Y GRAN FONDO ""LOS REBOMBEOS"" DE GODELLETA (Carrera Absoluta)",2016-04-24,Domingo,0.0,marcha,Absoluta/General,2.0,29.0,Godelleta,València / Valencia,Comunitat Valenciana,379-435,379-435-435,"I MARCHA Y GRAN FONDO ""LOS REBOMBEOS"" DE GODELLETA",Carrera Absoluta,0
cronorunner,"I MARCHA Y GRAN FONDO ""LOS REBOMBEOS"" DE GODELLETA (Marcha Absoluta)",2016-04-24,Domingo,0.0,marcha,Absoluta/General,23.0,25.0,Godelleta,València / Valencia,Comunitat Valenciana,379-435,379-435-436,"I MARCHA Y GRAN FONDO ""LOS REBOMBEOS"" DE GODELLETA",Marcha Absoluta,0
cronorunner,I CURSA ESCOLAR A CULLERA (Querubín),2016-04-24,Domingo,0.0,road running,Infantil,0.0,69.0,Cullera,València / Valencia,Comunitat Valenciana,386-444,386-444-450,I CURSA ESCOLAR A CULLERA,Querubín,0
cronorunner,I CURSA ESCOLAR A CULLERA (Pre Benjamín),2016-04-24,Domingo,0.0,road running,Infantil,0.0,55.0,Cullera,València / Valencia,Comunitat Valenciana,386-444,386-444-451,I CURSA ESCOLAR A CULLERA,Pre Benjamín,0
cronorunner,I CURSA ESCOLAR A CULLERA (Benjamín),2016-04-24,Domingo,0.0,road running,Infantil,0.0,86.0,Cullera,València / Valencia,Comunitat Valenciana,386-444,386-444-455,I CURSA ESCOLAR A CULLERA,Benjamín,0
cronorunner,I CURSA ESCOLAR A CULLERA (Alevín),2016-04-24,Domingo,0.0,road running,Infantil,0.0,89.0,Cullera,València / Valencia,Comunitat Valenciana,386-444,386-444-458,I CURSA ESCOLAR A CULLERA,Alevín,0
cronorunner,I CURSA ESCOLAR A CULLERA (Infantil),2016-04-24,Domingo,0.0,road running,Infantil,0.0,36.0,Cullera,València / Valencia,Comunitat Valenciana,386-444,386-444-459,I CURSA ESCOLAR A CULLERA,Infantil,0
cronorunner,I CURSA ESCOLAR A CULLERA (Cadete),2016-04-24,Domingo,0.0,road running,Infantil,0.0,38.0,Cullera,València / Valencia,Comunitat Valenciana,386-444,386-444-460,I CURSA ESCOLAR A CULLERA,Cadete,0
cronorunner,II 10MILPASSOS KANGURS BENIFAIÓ,2016-04-23,Sábado,0.0,road running,Absoluta/General,128.0,442.0,,,,311-381,311-381-303,II 10MILPASSOS KANGURS BENIFAIÓ,Carrera Absoluta,0
cronorunner,XXIX VOLTA A PEU FIBRA VALENCIA VILA D'ALAQUAS (Prueba Reina),2016-04-23,Sábado,0.0,road running,Absoluta/General,78.0,345.0,Alaquàs,l'Horta Sud,Comunitat Valenciana,323-426,323-426-423,XXIX VOLTA A PEU FIBRA VALENCIA VILA D'ALAQUAS,Prueba Reina,0
cronorunner,XXIX VOLTA A PEU FIBRA VALENCIA VILA D'ALAQUAS (Volteta),2016-04-23,Sábado,0.0,road running,Absoluta/General,60.0,68.0,Alaquàs,l'Horta Sud,Comunitat Valenciana,323-426,323-426-424,XXIX VOLTA A PEU FIBRA VALENCIA VILA D'ALAQUAS,Volteta,0
cronorunner,XXXV VOLTA A PEU XIRIVELLA,2016-04-17,Domingo,0.0,road running,Absoluta/General,348.0,917.0,Xirivella,l'Horta Sud,Comunitat Valenciana,377-432,377-432-432,XXXV VOLTA A PEU XIRIVELLA,Carrera Absoluta,0
cronorunner,III 10K BENIMODO (Carrera Absoluta),2016-04-16,Sábado,0.0,road running,Absoluta/General,108.0,509.0,Benimodo,València / Valencia,Comunitat Valenciana,163-397,163-397-331,III 10K BENIMODO,Carrera Absoluta,0
cronorunner,III 10K BENIMODO (Benjamín),2016-04-16,Sábado,0.0,road running,Infantil,0.0,29.0,Benimodo,València / Valencia,Comunitat Valenciana,163-397,163-397-332,III 10K BENIMODO,Benjamín,0
cronorunner,III 10K BENIMODO (Alevín),2016-04-16,Sábado,0.0,road running,Infantil,0.0,36.0,Benimodo,València / Valencia,Comunitat Valenciana,163-397,163-397-333,III 10K BENIMODO,Alevín,0
cronorunner,III 10K BENIMODO (Infantil),2016-04-16,Sábado,0.0,road running,Infantil,0.0,26.0,Benimodo,València / Valencia,Comunitat Valenciana,163-397,163-397-334,III 10K BENIMODO,Infantil,0
cronorunner,III 10K BENIMODO (Cadete),2016-04-16,Sábado,0.0,road running,Infantil,0.0,19.0,Benimodo,València / Valencia,Comunitat Valenciana,163-397,163-397-335,III 10K BENIMODO,Cadete,0
cronorunner,I RACER OF RICE (RACER RICE ELITE),2016-04-10,Domingo,0.0,road running,Elite,,,,,,380-436,380-436-437,I RACER OF RICE,RACER RICE ELITE,0
cronorunner,I RACER OF RICE (RACER RICE),2016-04-10,Domingo,0.0,road running,Absoluta/General,,,,,,380-436,380-436-438,I RACER OF RICE,RACER RICE,0
cronorunner,III 10k BIMI SILLA,2016-04-09,Sábado,0.0,road running,Absoluta/General,160.0,678.0,,,,150-379,150-379-311,III 10k BIMI SILLA,Carrera Absoluta,0
cronorunner,VII TRAIL 3 PICS LES RODANES (Reina 28K),2016-04-03,Domingo,0.0,trail running,Absoluta/General,25.0,215.0,Vilamarxant,València / Valencia,Comunitat Valenciana,136-417,136-417-412,VII TRAIL 3 PICS LES RODANES,Reina 28K,0
cronorunner,VII TRAIL 3 PICS LES RODANES (RapiTTrail 14k),2016-04-03,Domingo,0.0,trail running,Absoluta/General,81.0,174.0,Vilamarxant,València / Valencia,Comunitat Valenciana,136-417,136-417-413,VII TRAIL 3 PICS LES RODANES,RapiTTrail 14k,0
cronorunner,XVI VOLTA A PEU GAVARDA (Carrera Absoluta),2016-04-02,Sábado,0.0,road running,Absoluta/General,88.0,426.0,Gavarda,València / Valencia,Comunitat Valenciana,296-396,296-396-326,XVI VOLTA A PEU GAVARDA,Carrera Absoluta,0
cronorunner,XVI VOLTA A PEU GAVARDA (Benjamín),2016-04-02,Sábado,0.0,road running,Infantil,0.0,37.0,Gavarda,València / Valencia,Comunitat Valenciana,296-396,296-396-327,XVI VOLTA A PEU GAVARDA,Benjamín,0
cronorunner,XVI VOLTA A PEU GAVARDA (Alevín),2016-04-02,Sábado,0.0,road running,Infantil,0.0,40.0,Gavarda,València / Valencia,Comunitat Valenciana,296-396,296-396-328,XVI VOLTA A PEU GAVARDA,Alevín,0
cronorunner,XVI VOLTA A PEU GAVARDA (Infantil),2016-04-02,Sábado,0.0,road running,Infantil,0.0,24.0,Gavarda,València / Valencia,Comunitat Valenciana,296-396,296-396-329,XVI VOLTA A PEU GAVARDA,Infantil,0
cronorunner,XVI VOLTA A PEU GAVARDA (Cadete),2016-04-02,Sábado,0.0,road running,Infantil,0.0,21.0,Gavarda,València / Valencia,Comunitat Valenciana,296-396,296-396-330,XVI VOLTA A PEU GAVARDA,Cadete,0
cronorunner,XVI VOLTA A PEU GAVARDA (Nanos),2016-04-02,Sábado,0.0,road running,Absoluta/General,,,Gavarda,València / Valencia,Comunitat Valenciana,296-396,296-396-440,XVI VOLTA A PEU GAVARDA,Nanos,0
cronorunner,III CULLERA TRAIL (Trail Cullera),2016-04-02,Sábado,0.0,trail running,Absoluta/General,73.0,267.0,,,,375-418,375-418-414,III CULLERA TRAIL,Trail Cullera,0
cronorunner,III CULLERA TRAIL (Sprint Trail),2016-04-02,Sábado,0.0,trail running,Absoluta/General,50.0,59.0,,,,375-418,375-418-441,III CULLERA TRAIL,Sprint Trail,0
cronorunner,III CULLERA TRAIL (Trail Escaladores),2016-04-02,Sábado,0.0,trail running,Absoluta/General,0.0,342.0,,,,375-418,375-418-448,III CULLERA TRAIL,Trail Escaladores,0
cronorunner,V 10k D' ALCÁNTERA DEL XÚQUER (MITJA MARATÓ),2016-03-13,Domingo,0.021,road running,Absoluta/General,17.0,182.0,Valverde de Júcar,Cuenca,Castilla-La Mancha,134-395,134-395-324,V 10k D' ALCÁNTERA DEL XÚQUER,MITJA MARATÓ,21
cronorunner,V 10k D' ALCÁNTERA DEL XÚQUER (QUARTA MARATÓ),2016-03-13,Domingo,0.0,road running,Absoluta/General,80.0,288.0,Valverde de Júcar,Cuenca,Castilla-La Mancha,134-395,134-395-325,V 10k D' ALCÁNTERA DEL XÚQUER,QUARTA MARATÓ,0
cronorunner,"IV 7K, 15k MASKOKOTAS GUADASSUAR (7km)",2016-03-06,Domingo,0.0,road running,Absoluta/General,96.0,194.0,,,,288-398,288-398-336,"IV 7K, 15k MASKOKOTAS GUADASSUAR",7km,0
cronorunner,"IV 7K, 15k MASKOKOTAS GUADASSUAR (14km)",2016-03-06,Domingo,0.0,road running,Absoluta/General,61.0,195.0,,,,288-398,288-398-337,"IV 7K, 15k MASKOKOTAS GUADASSUAR",14km,0
cronorunner,"IV 7K, 15k MASKOKOTAS GUADASSUAR (21km)",2016-03-06,Domingo,0.0,road running,Absoluta/General,12.0,117.0,,,,288-398,288-398-338,"IV 7K, 15k MASKOKOTAS GUADASSUAR",21km,0
cronorunner,IV VOLTA A PEU BENÉFICA FALLA EL RABAL,2016-03-06,Domingo,0.0,road running,Absoluta/General,191.0,440.0,Zaragoza,Zaragoza,Aragón,316-422,316-422-419,IV VOLTA A PEU BENÉFICA FALLA EL RABAL,Carrera Absoluta,0
cronorunner,I CARRERA DE LA DONA DE RIOLA (Carrera),2016-03-05,Sábado,0.0,road running,Absoluta/General,,,Begues,Baix Llobregat,Catalunya,376-431,376-431-430,I CARRERA DE LA DONA DE RIOLA,Carrera,0
cronorunner,I CARRERA DE LA DONA DE RIOLA (Marcha),2016-03-05,Sábado,0.0,marcha,Absoluta/General,,,Begues,Baix Llobregat,Catalunya,376-431,376-431-431,I CARRERA DE LA DONA DE RIOLA,Marcha,0
cronorunner,I TRAIL DE ANNA (Trail 21k),2016-02-28,Domingo,0.0,trail running,Absoluta/General,20.0,167.0,Anna,València / Valencia,Comunitat Valenciana,370-413,370-413-395,I TRAIL DE ANNA,Trail 21k,0
cronorunner,I TRAIL DE ANNA (Trail 14km),2016-02-28,Domingo,0.0,trail running,Absoluta/General,78.0,182.0,Anna,València / Valencia,Comunitat Valenciana,370-413,370-413-396,I TRAIL DE ANNA,Trail 14km,0
cronorunner,I TRAIL DE ANNA (Marcha 12k),2016-02-28,Domingo,0.0,trail running,Absoluta/General,200.0,124.0,Anna,València / Valencia,Comunitat Valenciana,370-413,370-413-397,I TRAIL DE ANNA,Marcha 12k,0
cronorunner,I TRAIL DE ANNA (Escaladores 21K),2016-02-28,Domingo,0.0,trail running,Absoluta/General,0.0,179.0,Anna,València / Valencia,Comunitat Valenciana,370-413,370-413-444,I TRAIL DE ANNA,Escaladores 21K,0
cronorunner,I TRAIL DE ANNA (Escaladores 14K),2016-02-28,Domingo,0.0,trail running,Absoluta/General,0.0,251.0,Anna,València / Valencia,Comunitat Valenciana,370-413,370-413-445,I TRAIL DE ANNA,Escaladores 14K,0
cronorunner,IV CARRERA SOLIDARIA DEL COMERCIO 10K SAGUNTO,2016-02-28,Domingo,0.0,road running,Absoluta/General,82.0,78.0,Sagunt / Sagunto,el Camp de Morvedre,Comunitat Valenciana,191-419,191-419-415,IV CARRERA SOLIDARIA DEL COMERCIO 10K SAGUNTO,Carrera Absoluta,0
cronorunner,III CARRERA DE LA DONA PER LA IGUALTAT MISLATA,2016-02-27,Sábado,0.0,road running,Absoluta/General,,,Mislata,l'Horta Sud,Comunitat Valenciana,378-433,378-433-433,III CARRERA DE LA DONA PER LA IGUALTAT MISLATA,Carrera Absoluta,0
cronorunner,XI GRAN FONS DE TURÍS MEMORIAL RAIMON SORIA (Gran Fons),2016-02-14,Domingo,0.0,road running,Absoluta/General,59.0,403.0,,,,295-393,295-393-322,XI GRAN FONS DE TURÍS MEMORIAL RAIMON SORIA,Gran Fons,0
cronorunner,XI GRAN FONS DE TURÍS MEMORIAL RAIMON SORIA (8k),2016-02-14,Domingo,0.0,road running,Absoluta/General,31.0,45.0,,,,295-393,295-393-323,XI GRAN FONS DE TURÍS MEMORIAL RAIMON SORIA,8k,0
cronorunner,XI GRAN FONS DE TURÍS MEMORIAL RAIMON SORIA (Benjamín),2016-02-14,Domingo,0.0,road running,Infantil,0.0,25.0,,,,295-393,295-393-386,XI GRAN FONS DE TURÍS MEMORIAL RAIMON SORIA,Benjamín,0
cronorunner,XI GRAN FONS DE TURÍS MEMORIAL RAIMON SORIA (Alevín),2016-02-14,Domingo,0.0,road running,Infantil,0.0,18.0,,,,295-393,295-393-387,XI GRAN FONS DE TURÍS MEMORIAL RAIMON SORIA,Alevín,0
cronorunner,XI GRAN FONS DE TURÍS MEMORIAL RAIMON SORIA (Infantil),2016-02-14,Domingo,0.0,road running,Infantil,0.0,15.0,,,,295-393,295-393-388,XI GRAN FONS DE TURÍS MEMORIAL RAIMON SORIA,Infantil,0
cronorunner,XI GRAN FONS DE TURÍS MEMORIAL RAIMON SORIA (Cadete),2016-02-14,Domingo,0.0,road running,Infantil,0.0,16.0,,,,295-393,295-393-389,XI GRAN FONS DE TURÍS MEMORIAL RAIMON SORIA,Cadete,0
cronorunner,XIV MITJA I QUARTA MARATÓ CIUTAT D'OLIVA (Mitja Marató),2016-02-07,Domingo,0.0,road running,Absoluta/General,74.0,322.0,Oliva,València / Valencia,Comunitat Valenciana,355-365,355-365-282,XIV MITJA I QUARTA MARATÓ CIUTAT D'OLIVA,Mitja Marató,0
cronorunner,XIV MITJA I QUARTA MARATÓ CIUTAT D'OLIVA (Quarta Marató),2016-02-07,Domingo,0.0,road running,Absoluta/General,116.0,288.0,Oliva,València / Valencia,Comunitat Valenciana,355-365,355-365-283,XIV MITJA I QUARTA MARATÓ CIUTAT D'OLIVA,Quarta Marató,0
cronorunner,XIV MITJA I QUARTA MARATÓ CIUTAT D'OLIVA (Piponets),2016-02-07,Domingo,0.0,road running,Absoluta/General,,,Oliva,València / Valencia,Comunitat Valenciana,355-365,355-365-390,XIV MITJA I QUARTA MARATÓ CIUTAT D'OLIVA,Piponets,0
cronorunner,XIV MITJA I QUARTA MARATÓ CIUTAT D'OLIVA (Pre-Benjamí),2016-02-07,Domingo,0.0,road running,Infantil,,,Oliva,València / Valencia,Comunitat Valenciana,355-365,355-365-391,XIV MITJA I QUARTA MARATÓ CIUTAT D'OLIVA,Pre-Benjamí,0
cronorunner,XIV MITJA I QUARTA MARATÓ CIUTAT D'OLIVA (Benjamí),2016-02-07,Domingo,0.0,road running,Infantil,,,Oliva,València / Valencia,Comunitat Valenciana,355-365,355-365-392,XIV MITJA I QUARTA MARATÓ CIUTAT D'OLIVA,Benjamí,0
cronorunner,XIV MITJA I QUARTA MARATÓ CIUTAT D'OLIVA (Aleví),2016-02-07,Domingo,0.0,road running,Absoluta/General,,,Oliva,València / Valencia,Comunitat Valenciana,355-365,355-365-393,XIV MITJA I QUARTA MARATÓ CIUTAT D'OLIVA,Aleví,0
cronorunner,XIV MITJA I QUARTA MARATÓ CIUTAT D'OLIVA (Infantil),2016-02-07,Domingo,0.0,road running,Infantil,,,Oliva,València / Valencia,Comunitat Valenciana,355-365,355-365-394,XIV MITJA I QUARTA MARATÓ CIUTAT D'OLIVA,Infantil,0
cronorunner,IV ALÈDUA TRAIL MEMORIAL MJ (K11),2016-02-07,Domingo,0.0,trail running,Absoluta/General,60.0,208.0,,,,287-368,287-368-286,IV ALÈDUA TRAIL MEMORIAL MJ,K11,0
cronorunner,IV ALÈDUA TRAIL MEMORIAL MJ (K25),2016-02-07,Domingo,0.0,trail running,Absoluta/General,47.0,416.0,,,,287-368,287-368-287,IV ALÈDUA TRAIL MEMORIAL MJ,K25,0
cronorunner,IX CARRERA POPULAR PARQUE NATURAL DEL TÚRIA (Carrera Absoluta),2016-02-07,Domingo,0.0,road running,Absoluta/General,135.0,461.0,Riba-roja de Túria,València / Valencia,Comunitat Valenciana,366-394,366-394-321,IX CARRERA POPULAR PARQUE NATURAL DEL TÚRIA,Carrera Absoluta,0
cronorunner,IX CARRERA POPULAR PARQUE NATURAL DEL TÚRIA (Nanos),2016-02-07,Domingo,0.0,road running,Absoluta/General,,,Riba-roja de Túria,València / Valencia,Comunitat Valenciana,366-394,366-394-398,IX CARRERA POPULAR PARQUE NATURAL DEL TÚRIA,Nanos,0
cronorunner,IX CARRERA POPULAR PARQUE NATURAL DEL TÚRIA (Pre Benjamín),2016-02-07,Domingo,0.0,road running,Infantil,,,Riba-roja de Túria,València / Valencia,Comunitat Valenciana,366-394,366-394-399,IX CARRERA POPULAR PARQUE NATURAL DEL TÚRIA,Pre Benjamín,0
cronorunner,IX CARRERA POPULAR PARQUE NATURAL DEL TÚRIA (Benjamín),2016-02-07,Domingo,0.0,road running,Infantil,,,Riba-roja de Túria,València / Valencia,Comunitat Valenciana,366-394,366-394-400,IX CARRERA POPULAR PARQUE NATURAL DEL TÚRIA,Benjamín,0
cronorunner,IX CARRERA POPULAR PARQUE NATURAL DEL TÚRIA (Alevín),2016-02-07,Domingo,0.0,road running,Infantil,,,Riba-roja de Túria,València / Valencia,Comunitat Valenciana,366-394,366-394-401,IX CARRERA POPULAR PARQUE NATURAL DEL TÚRIA,Alevín,0
cronorunner,IX CARRERA POPULAR PARQUE NATURAL DEL TÚRIA (Infantil),2016-02-07,Domingo,0.0,road running,Infantil,,,Riba-roja de Túria,València / Valencia,Comunitat Valenciana,366-394,366-394-402,IX CARRERA POPULAR PARQUE NATURAL DEL TÚRIA,Infantil,0
cronorunner,IX CARRERA POPULAR PARQUE NATURAL DEL TÚRIA (Cadete),2016-02-07,Domingo,0.0,road running,Infantil,,,Riba-roja de Túria,València / Valencia,Comunitat Valenciana,366-394,366-394-403,IX CARRERA POPULAR PARQUE NATURAL DEL TÚRIA,Cadete,0
cronorunner,IX MITJA MARATÓ CIUTAT DE SUECA,2016-01-31,Domingo,0.0,road running,Absoluta/General,68.0,399.0,Sueca,València / Valencia,Comunitat Valenciana,289-370,289-370-289,IX MITJA MARATÓ CIUTAT DE SUECA,Carrera Absoluta,0
cronorunner,II VOLTA MUNTANYA DE LLAURÍ (Prueba Reina),2016-01-30,Sábado,0.0,road running,Absoluta/General,66.0,236.0,Llaurí,València / Valencia,Comunitat Valenciana,321-375,321-375-294,II VOLTA MUNTANYA DE LLAURÍ,Prueba Reina,0
cronorunner,II VOLTA MUNTANYA DE LLAURÍ (Sprint Trail),2016-01-30,Sábado,0.0,trail running,Absoluta/General,107.0,158.0,Llaurí,València / Valencia,Comunitat Valenciana,321-375,321-375-298,II VOLTA MUNTANYA DE LLAURÍ,Sprint Trail,0
cronorunner,V 8K SANT ANTONI FORTALENY (Carrera Absoluta),2016-01-16,Sábado,0.0,road running,Absoluta/General,132.0,359.0,Fortaleny,València / Valencia,Comunitat Valenciana,358-371,358-371-290,V 8K SANT ANTONI FORTALENY,Carrera Absoluta,0
cronorunner,V 8K SANT ANTONI FORTALENY (Marcha),2016-01-16,Sábado,0.0,marcha,Absoluta/General,,,Fortaleny,València / Valencia,Comunitat Valenciana,358-371,358-371-305,V 8K SANT ANTONI FORTALENY,Marcha,0
cronorunner,XXXI SAN SILVESTRE D'ALBALAT DE LA RIBERA,2015-12-31,Jueves,0.0,road running,Absoluta/General,,,Albalat de la Ribera,València / Valencia,Comunitat Valenciana,113-374,113-374-293,XXXI SAN SILVESTRE D'ALBALAT DE LA RIBERA,Carrera Absoluta,0
cronorunner,III SANT SILVESTRE DE CULLERA (Carrera Absoluta),2015-12-30,Miércoles,0.0,road running,Absoluta/General,,,Cullera,València / Valencia,Comunitat Valenciana,368-401,368-401-345,III SANT SILVESTRE DE CULLERA,Carrera Absoluta,0
cronorunner,III SANT SILVESTRE DE CULLERA (Carreras Infantiles),2015-12-30,Miércoles,0.0,road running,Infantil,,,Cullera,València / Valencia,Comunitat Valenciana,368-401,368-401-346,III SANT SILVESTRE DE CULLERA,Carreras Infantiles,0
cronorunner,XVII SAN SILVESTRE DE MISLATA,2015-12-29,Martes,0.0,road running,Absoluta/General,,,Mislata,l'Horta Sud,Comunitat Valenciana,367-400,367-400-344,XVII SAN SILVESTRE DE MISLATA,Carrera Absoluta,0
cronorunner,I SANT SILVESTRE NOCTURNA RIOLA,2015-12-28,Lunes,0.0,road running,Absoluta/General,,,Riola,València / Valencia,Comunitat Valenciana,360-373,360-373-292,I SANT SILVESTRE NOCTURNA RIOLA,Carrera Absoluta,0
cronorunner,XIV CURSA DE NADAL BÉTERA (Carrera Absoluta),2015-12-13,Domingo,0.0,road running,Absoluta/General,97.0,357.0,,,,361-376,361-376-295,XIV CURSA DE NADAL BÉTERA,Carrera Absoluta,0
cronorunner,XIV CURSA DE NADAL BÉTERA (Nascuts 2008-2015),2015-12-13,Domingo,0.0,road running,Absoluta/General,,,,,,361-376,361-376-299,XIV CURSA DE NADAL BÉTERA,Nascuts 2008-2015,0
cronorunner,XIV CURSA DE NADAL BÉTERA (Nascuts 2006-2007),2015-12-13,Domingo,0.0,road running,Absoluta/General,,,,,,361-376,361-376-300,XIV CURSA DE NADAL BÉTERA,Nascuts 2006-2007,0
cronorunner,XIV CURSA DE NADAL BÉTERA (Nascuts 2003-2005),2015-12-13,Domingo,0.0,road running,Absoluta/General,,,,,,361-376,361-376-301,XIV CURSA DE NADAL BÉTERA,Nascuts 2003-2005,0
cronorunner,XIV CURSA DE NADAL BÉTERA (Nascuts 2000-2002),2015-12-13,Domingo,0.0,road running,Absoluta/General,,,,,,361-376,361-376-302,XIV CURSA DE NADAL BÉTERA,Nascuts 2000-2002,0
cronorunner,IV CARRERA DE EQUIPOS CONTRA ZOMBIES UMH ELCHE,2015-12-12,Sábado,0.0,road running,Equipos,0.0,145.0,Elx / Elche,el Baix Vinalopó,Comunitat Valenciana,84-377,84-377-296,IV CARRERA DE EQUIPOS CONTRA ZOMBIES UMH ELCHE,Carrera Absoluta,0
cronorunner,I GALA CRESPO CRONORUNNERS,2015-12-11,Viernes,0.0,road running,Absoluta/General,,,,,,364-384,364-384-310,I GALA CRESPO CRONORUNNERS,Gala Final,0
cronorunner,I COLORINS RUN FALLA TAÜT,2015-11-28,Sábado,0.0,road running,Absoluta/General,,,,,,362-378,362-378-297,I COLORINS RUN FALLA TAÜT,Colorins Run,0
cronorunner,XXXV BESTDRIVE 10K. MISLATA 2018,2015-11-22,Domingo,0.0,road running,Absoluta/General,227.0,832.0,Mislata,l'Horta Sud,Comunitat Valenciana,227-327,227-327-183,XXXV BESTDRIVE 10K. MISLATA 2018,Carrera Absoluta,0
cronorunner,I 10k y 5K DINOSAURIS MONCADA,2015-11-22,Domingo,0.0,road running,Absoluta/General,80.0,215.0,,,,351-360,351-360-276,I 10k y 5K DINOSAURIS MONCADA,Carrera Absoluta,0
cronorunner,II CAMINATA PER LA MPOC,2015-11-22,Domingo,0.0,road running,Absoluta/General,,,,,,282-369,282-369-288,II CAMINATA PER LA MPOC,Caminata per l´MPOC,0
cronorunner,II CURSA PER EQUIPS I MARXA DE L'MPOC,2015-11-22,Domingo,0.0,road running,Absoluta/General,,,,,,359-372,359-372-291,II CURSA PER EQUIPS I MARXA DE L'MPOC,Contrarrelloge,0
cronorunner,XX MITJA MARATÓ CIUTAT DE XIRIVELLA,2015-11-08,Domingo,21.097,road running,Absoluta/General,62.0,559.0,Xirivella,l'Horta Sud,Comunitat Valenciana,226-328,226-328-184,XX MITJA MARATÓ CIUTAT DE XIRIVELLA,Carrera Absoluta,21097
cronorunner,IV VOLTA A PEU SANTA CECILIA CULLERA,2015-11-08,Domingo,0.0,road running,Absoluta/General,,,Cullera,València / Valencia,Comunitat Valenciana,285-364,285-364-281,IV VOLTA A PEU SANTA CECILIA CULLERA,Carrera Absoluta,0
cronorunner,II GALA FINAL CIRCUIT DE L'ALBUFERA,2015-10-30,Viernes,0.0,road running,Absoluta/General,,,València,Comarca de València,Comunitat Valenciana,357-367,357-367-285,II GALA FINAL CIRCUIT DE L'ALBUFERA,Selección Talla Obsequio,0
cronorunner,II CURSA POPULAR A BORBOTÓ,2015-10-24,Sábado,0.0,road running,Absoluta/General,76.0,192.0,València,Comarca de València,Comunitat Valenciana,348-356,348-356-239,II CURSA POPULAR A BORBOTÓ,Carrera Absoluta,0
cronorunner,V GALA CIRCUIT RIBERA DE XÚQUER,2015-10-23,Viernes,0.0,road running,Absoluta/General,,,Cullera,València / Valencia,Comunitat Valenciana,356-366,356-366-284,V GALA CIRCUIT RIBERA DE XÚQUER,Talla Obsequio,0
cronorunner,XXVI VOLTA A PEU VILAMARXANT,2015-10-09,Viernes,0.0,road running,Absoluta/General,55.0,186.0,Vilamarxant,València / Valencia,Comunitat Valenciana,275-357,275-357-248,XXVI VOLTA A PEU VILAMARXANT,Carrera Absoluta,0
cronorunner,II MITJA MARATÓ DEL KAKI,2015-10-04,Domingo,0.0,road running,Absoluta/General,72.0,545.0,,,,332-335,332-335-193,II MITJA MARATÓ DEL KAKI,Carrera Absoluta,0
cronorunner,XXXII VOLTA A PEU PORT DE CATARROJA,2015-10-03,Sábado,0.0,road running,Absoluta/General,202.0,725.0,Catarroja,l'Horta Sud,Comunitat Valenciana,156-311,156-311-147,XXXII VOLTA A PEU PORT DE CATARROJA,Carrera Absoluta,0
cronorunner,I 5K SOLIDARIA BARRIO BIENSA,2015-10-03,Sábado,0.0,road running,Absoluta/General,39.0,87.0,,,,352-361,352-361-277,I 5K SOLIDARIA BARRIO BIENSA,Carrera Absoluta,0
cronorunner,XXIII VOLTA A PEU CIUTAT DE CARLET (Carrera Absoluta),2015-09-27,Domingo,0.0,road running,Absoluta/General,107.0,509.0,Carlet,València / Valencia,Comunitat Valenciana,308-302,308-302-146,XXIII VOLTA A PEU CIUTAT DE CARLET,Carrera Absoluta,0
cronorunner,XXIII VOLTA A PEU CIUTAT DE CARLET (Benjamín),2015-09-27,Domingo,0.0,road running,Infantil,0.0,20.0,Carlet,València / Valencia,Comunitat Valenciana,308-302,308-302-272,XXIII VOLTA A PEU CIUTAT DE CARLET,Benjamín,0
cronorunner,XXIII VOLTA A PEU CIUTAT DE CARLET (Alevín),2015-09-27,Domingo,0.0,road running,Infantil,0.0,10.0,Carlet,València / Valencia,Comunitat Valenciana,308-302,308-302-273,XXIII VOLTA A PEU CIUTAT DE CARLET,Alevín,0
cronorunner,XXIII VOLTA A PEU CIUTAT DE CARLET (Infantil),2015-09-27,Domingo,0.0,road running,Infantil,0.0,38.0,Carlet,València / Valencia,Comunitat Valenciana,308-302,308-302-274,XXIII VOLTA A PEU CIUTAT DE CARLET,Infantil,0
cronorunner,XXIII VOLTA A PEU CIUTAT DE CARLET (Cadete),2015-09-27,Domingo,0.0,road running,Infantil,0.0,8.0,Carlet,València / Valencia,Comunitat Valenciana,308-302,308-302-275,XXIII VOLTA A PEU CIUTAT DE CARLET,Cadete,0
cronorunner,II BELLUS TRAIL MOUNTAIN LA COSTERA-LA VALL D'ALBAIDA (Special One 42k),2015-09-27,Domingo,0.038,trail running,Absoluta/General,5.0,57.0,Llutxent,València / Valencia,Comunitat Valenciana,274-346,274-346-215,II BELLUS TRAIL MOUNTAIN LA COSTERA-LA VALL D'ALBAIDA,Special One 42k,38
cronorunner,II BELLUS TRAIL MOUNTAIN LA COSTERA-LA VALL D'ALBAIDA (Sprint Trail 13K),2015-09-27,Domingo,0.012,trail running,Absoluta/General,37.0,114.0,Llutxent,València / Valencia,Comunitat Valenciana,274-346,274-346-216,II BELLUS TRAIL MOUNTAIN LA COSTERA-LA VALL D'ALBAIDA,Sprint Trail 13K,12
cronorunner,XXVIII 10K i 20K CIUTAT DE SUECA (10k),2015-09-26,Sábado,0.0,road running,Absoluta/General,143.0,424.0,Sueca,València / Valencia,Comunitat Valenciana,161-310,161-310-144,XXVIII 10K i 20K CIUTAT DE SUECA,10k,0
cronorunner,XXVIII 10K i 20K CIUTAT DE SUECA (20k),2015-09-26,Sábado,0.0,road running,Absoluta/General,28.0,208.0,Sueca,València / Valencia,Comunitat Valenciana,161-310,161-310-145,XXVIII 10K i 20K CIUTAT DE SUECA,20k,0
cronorunner,III 10K MANISES MEMORIAL JUAN RAMON FERRER (Carrera Absoluta),2015-09-20,Domingo,0.0,road running,Absoluta/General,112.0,210.0,Montcada / Moncada,l'Horta Nord,Comunitat Valenciana,330-333,330-333-191,III 10K MANISES MEMORIAL JUAN RAMON FERRER,Carrera Absoluta,0
cronorunner,III 10K MANISES MEMORIAL JUAN RAMON FERRER (Benjamín),2015-09-20,Domingo,0.0,road running,Infantil,,,Montcada / Moncada,l'Horta Nord,Comunitat Valenciana,330-333,330-333-268,III 10K MANISES MEMORIAL JUAN RAMON FERRER,Benjamín,0
cronorunner,III 10K MANISES MEMORIAL JUAN RAMON FERRER (Alevín),2015-09-20,Domingo,0.0,road running,Infantil,,,Montcada / Moncada,l'Horta Nord,Comunitat Valenciana,330-333,330-333-269,III 10K MANISES MEMORIAL JUAN RAMON FERRER,Alevín,0
cronorunner,III 10K MANISES MEMORIAL JUAN RAMON FERRER (Infantil),2015-09-20,Domingo,0.0,road running,Infantil,,,Montcada / Moncada,l'Horta Nord,Comunitat Valenciana,330-333,330-333-270,III 10K MANISES MEMORIAL JUAN RAMON FERRER,Infantil,0
cronorunner,III 10K MANISES MEMORIAL JUAN RAMON FERRER (Cadete),2015-09-20,Domingo,0.0,road running,Infantil,,,Montcada / Moncada,l'Horta Nord,Comunitat Valenciana,330-333,330-333-271,III 10K MANISES MEMORIAL JUAN RAMON FERRER,Cadete,0
cronorunner,I GRAN FONS TRITONS ALBALAT DE LA RIBERA (15k),2015-09-20,Domingo,0.0,road running,Absoluta/General,44.0,251.0,Albalat de la Ribera,València / Valencia,Comunitat Valenciana,354-363,354-363-279,I GRAN FONS TRITONS ALBALAT DE LA RIBERA,15k,0
cronorunner,"I GRAN FONS TRITONS ALBALAT DE LA RIBERA (7,5k)",2015-09-20,Domingo,0.0,road running,Absoluta/General,47.0,87.0,Albalat de la Ribera,València / Valencia,Comunitat Valenciana,354-363,354-363-280,I GRAN FONS TRITONS ALBALAT DE LA RIBERA,"7,5k",0
cronorunner,I CARRERA SOLIDARIA FALLA EL DIVENDRES  MASSANASSA (Carrera Absoluta),2015-09-19,Sábado,0.0,road running,Absoluta/General,148.0,262.0,Massanassa,l'Horta Sud,Comunitat Valenciana,337-343,337-343-208,I CARRERA SOLIDARIA FALLA EL DIVENDRES  MASSANASSA,Carrera Absoluta,0
cronorunner,I CARRERA SOLIDARIA FALLA EL DIVENDRES  MASSANASSA (Marcha Absoluta),2015-09-19,Sábado,0.0,marcha,Absoluta/General,,,Massanassa,l'Horta Sud,Comunitat Valenciana,337-343,337-343-223,I CARRERA SOLIDARIA FALLA EL DIVENDRES  MASSANASSA,Marcha Absoluta,0
cronorunner,I COLORINES RUN PARTY CIUTAT DE SUECA,2015-09-19,Sábado,0.0,road running,Absoluta/General,,,Sueca,València / Valencia,Comunitat Valenciana,353-362,353-362-278,I COLORINES RUN PARTY CIUTAT DE SUECA,Colorines Run Party,0
cronorunner,XIX VOLTA A PEU ALGINET (Carrera Absoluta),2015-09-12,Sábado,0.0,road running,Absoluta/General,134.0,621.0,Alginet,València / Valencia,Comunitat Valenciana,307-301,307-301-143,XIX VOLTA A PEU ALGINET,Carrera Absoluta,0
cronorunner,XIX VOLTA A PEU ALGINET (Benjamín),2015-09-12,Sábado,0.0,road running,Infantil,0.0,37.0,Alginet,València / Valencia,Comunitat Valenciana,307-301,307-301-263,XIX VOLTA A PEU ALGINET,Benjamín,0
cronorunner,XIX VOLTA A PEU ALGINET (Alevín),2015-09-12,Sábado,0.0,road running,Infantil,0.0,29.0,Alginet,València / Valencia,Comunitat Valenciana,307-301,307-301-264,XIX VOLTA A PEU ALGINET,Alevín,0
cronorunner,XIX VOLTA A PEU ALGINET (Infantil),2015-09-12,Sábado,0.0,road running,Infantil,0.0,25.0,Alginet,València / Valencia,Comunitat Valenciana,307-301,307-301-265,XIX VOLTA A PEU ALGINET,Infantil,0
cronorunner,XIX VOLTA A PEU ALGINET (Cadete),2015-09-12,Sábado,0.0,road running,Infantil,0.0,14.0,Alginet,València / Valencia,Comunitat Valenciana,307-301,307-301-266,XIX VOLTA A PEU ALGINET,Cadete,0
cronorunner,II 10K DE L'HORTA CASTELLAR-OLIVERAL,2015-09-06,Domingo,0.0,road running,Absoluta/General,117.0,612.0,València,Comarca de València,Comunitat Valenciana,162-309,162-309-141,II 10K DE L'HORTA CASTELLAR-OLIVERAL,Carrera Absoluta,0
cronorunner,I CARRERA 2K HOLI ALAQUÀS,2015-09-06,Domingo,0.0,road running,Absoluta/General,,,,,,345-353,345-353-235,I CARRERA 2K HOLI ALAQUÀS,Fiesta Holi Alaquàs,0
cronorunner,XXI VOLTA A PEU LA CANYADA,2015-08-29,Sábado,0.0,road running,Absoluta/General,48.0,345.0,La Cañada de Verich / la Canyada de Beric,Bajo Aragón,Aragón,331-334,331-334-192,XXI VOLTA A PEU LA CANYADA,Carrera Absoluta,0
cronorunner,XXV VOLTA A PEU NOCTURNA A MANUEL (Carrera Absoluta),2015-08-28,Viernes,0.0,road running,Absoluta/General,134.0,506.0,Manuel,València / Valencia,Comunitat Valenciana,306-300,306-300-139,XXV VOLTA A PEU NOCTURNA A MANUEL,Carrera Absoluta,0
cronorunner,XXV VOLTA A PEU NOCTURNA A MANUEL (Benjamín),2015-08-28,Viernes,0.0,road running,Infantil,0.0,40.0,Manuel,València / Valencia,Comunitat Valenciana,306-300,306-300-225,XXV VOLTA A PEU NOCTURNA A MANUEL,Benjamín,0
cronorunner,XXV VOLTA A PEU NOCTURNA A MANUEL (Alevín),2015-08-28,Viernes,0.0,road running,Infantil,0.0,28.0,Manuel,València / Valencia,Comunitat Valenciana,306-300,306-300-226,XXV VOLTA A PEU NOCTURNA A MANUEL,Alevín,0
cronorunner,XXV VOLTA A PEU NOCTURNA A MANUEL (Infantil),2015-08-28,Viernes,0.0,road running,Infantil,0.0,25.0,Manuel,València / Valencia,Comunitat Valenciana,306-300,306-300-227,XXV VOLTA A PEU NOCTURNA A MANUEL,Infantil,0
cronorunner,XXV VOLTA A PEU NOCTURNA A MANUEL (Cadete),2015-08-28,Viernes,0.0,road running,Infantil,0.0,18.0,Manuel,València / Valencia,Comunitat Valenciana,306-300,306-300-228,XXV VOLTA A PEU NOCTURNA A MANUEL,Cadete,0
cronorunner,XXV VOLTA A PEU NOCTURNA A MANUEL (Pre-Benjamín),2015-08-28,Viernes,0.0,road running,Infantil,0.0,25.0,Manuel,València / Valencia,Comunitat Valenciana,306-300,306-300-267,XXV VOLTA A PEU NOCTURNA A MANUEL,Pre-Benjamín,0
cronorunner,XXXVII VOLTA A PEU BENICULL,2015-08-24,Lunes,0.0,road running,Absoluta/General,71.0,351.0,Benicull de Xúquer,València / Valencia,Comunitat Valenciana,318-317,318-317-118,XXXVII VOLTA A PEU BENICULL,Carrera Absoluta,0
cronorunner,I CURSA I MARXA NOCTURNA GAVARDA (Carrera),2015-08-21,Viernes,0.0,road running,Absoluta/General,,,,,,346-354,346-354-236,I CURSA I MARXA NOCTURNA GAVARDA,Carrera,0
cronorunner,I CURSA I MARXA NOCTURNA GAVARDA (Marxa),2015-08-21,Viernes,0.0,road running,Absoluta/General,,,,,,346-354,346-354-237,I CURSA I MARXA NOCTURNA GAVARDA,Marxa,0
cronorunner,I 10K MONTSERRAT,2015-08-17,Lunes,10.0,road running,Absoluta/General,69.0,285.0,Montserrat,València / Valencia,Comunitat Valenciana,347-355,347-355-238,I 10K MONTSERRAT,Carrera Absoluta,10000
cronorunner,I CARRERA I MARXA FESTES DEL CRIST MASSALAVÉS (Carrera Absoluta),2015-08-14,Viernes,0.0,road running,Absoluta/General,75.0,221.0,Massalavés,València / Valencia,Comunitat Valenciana,349-358,349-358-253,I CARRERA I MARXA FESTES DEL CRIST MASSALAVÉS,Carrera Absoluta,0
cronorunner,I CARRERA I MARXA FESTES DEL CRIST MASSALAVÉS (Marcha),2015-08-14,Viernes,0.0,marcha,Absoluta/General,,,Massalavés,València / Valencia,Comunitat Valenciana,349-358,349-358-254,I CARRERA I MARXA FESTES DEL CRIST MASSALAVÉS,Marcha,0
cronorunner,I VOLTA A PEU BENIFAIÓ,2015-08-12,Miércoles,0.0,road running,Absoluta/General,,,Benifaió,València / Valencia,Comunitat Valenciana,350-359,350-359-262,I VOLTA A PEU BENIFAIÓ,Carrera Absoluta,0
cronorunner,I CARRERA NOCTURNA CIUTAT DE SUECA,2015-08-10,Lunes,0.0,road running,Absoluta/General,119.0,377.0,Sueca,València / Valencia,Comunitat Valenciana,338-344,338-344-209,I CARRERA NOCTURNA CIUTAT DE SUECA,Carrera Absoluta,0
cronorunner,XVIII VOLTA A PEU FAVARA (Carrera Absoluta),2015-08-08,Sábado,0.0,road running,Absoluta/General,103.0,354.0,Fabara / Favara,Bajo Aragón-Caspe / Baix Aragó-Casp,Aragón,159-308,159-308-140,XVIII VOLTA A PEU FAVARA,Carrera Absoluta,0
cronorunner,XVIII VOLTA A PEU FAVARA (Prebenjamín),2015-08-08,Sábado,0.0,road running,Infantil,,,Fabara / Favara,Bajo Aragón-Caspe / Baix Aragó-Casp,Aragón,159-308,159-308-258,XVIII VOLTA A PEU FAVARA,Prebenjamín,0
cronorunner,XVIII VOLTA A PEU FAVARA (Benjamín),2015-08-08,Sábado,0.0,road running,Infantil,0.0,32.0,Fabara / Favara,Bajo Aragón-Caspe / Baix Aragó-Casp,Aragón,159-308,159-308-259,XVIII VOLTA A PEU FAVARA,Benjamín,0
cronorunner,XVIII VOLTA A PEU FAVARA (Alevín),2015-08-08,Sábado,0.0,road running,Infantil,0.0,13.0,Fabara / Favara,Bajo Aragón-Caspe / Baix Aragó-Casp,Aragón,159-308,159-308-260,XVIII VOLTA A PEU FAVARA,Alevín,0
cronorunner,XVIII VOLTA A PEU FAVARA (Cadete),2015-08-08,Sábado,0.0,road running,Infantil,0.0,7.0,Fabara / Favara,Bajo Aragón-Caspe / Baix Aragó-Casp,Aragón,159-308,159-308-261,XVIII VOLTA A PEU FAVARA,Cadete,0
cronorunner,XXV VOLTA A PEU ALBALAT DELS TARONGERS (Carrera Absoluta),2015-08-05,Miércoles,0.0,road running,Absoluta/General,86.0,352.0,Albalat dels Tarongers,el Camp de Morvedre,Comunitat Valenciana,342-350,342-350-222,XXV VOLTA A PEU ALBALAT DELS TARONGERS,Carrera Absoluta,0
cronorunner,XXV VOLTA A PEU ALBALAT DELS TARONGERS (De 0 a 3 años),2015-08-05,Miércoles,0.0,road running,Absoluta/General,,,Albalat dels Tarongers,el Camp de Morvedre,Comunitat Valenciana,342-350,342-350-249,XXV VOLTA A PEU ALBALAT DELS TARONGERS,De 0 a 3 años,0
cronorunner,XXV VOLTA A PEU ALBALAT DELS TARONGERS (de 4 a 8 años),2015-08-05,Miércoles,0.0,road running,Absoluta/General,,,Albalat dels Tarongers,el Camp de Morvedre,Comunitat Valenciana,342-350,342-350-250,XXV VOLTA A PEU ALBALAT DELS TARONGERS,de 4 a 8 años,0
cronorunner,XXV VOLTA A PEU ALBALAT DELS TARONGERS (De 9 a 13 años),2015-08-05,Miércoles,0.0,road running,Absoluta/General,,,Albalat dels Tarongers,el Camp de Morvedre,Comunitat Valenciana,342-350,342-350-251,XXV VOLTA A PEU ALBALAT DELS TARONGERS,De 9 a 13 años,0
cronorunner,XXV VOLTA A PEU ALBALAT DELS TARONGERS (De 14 a 17 años),2015-08-05,Miércoles,0.0,road running,Absoluta/General,,,Albalat dels Tarongers,el Camp de Morvedre,Comunitat Valenciana,342-350,342-350-252,XXV VOLTA A PEU ALBALAT DELS TARONGERS,De 14 a 17 años,0
cronorunner,XV VOLTA A PEU PEL XÚQUER - RIOLA (Carrera Absoluta),2015-08-03,Lunes,0.0,road running,Absoluta/General,181.0,597.0,Cullera,València / Valencia,Comunitat Valenciana,305-299,305-299-138,XV VOLTA A PEU PEL XÚQUER - RIOLA,Carrera Absoluta,0
cronorunner,XV VOLTA A PEU PEL XÚQUER - RIOLA (Benjamín),2015-08-03,Lunes,0.0,road running,Infantil,0.0,30.0,Cullera,València / Valencia,Comunitat Valenciana,305-299,305-299-229,XV VOLTA A PEU PEL XÚQUER - RIOLA,Benjamín,0
cronorunner,XV VOLTA A PEU PEL XÚQUER - RIOLA (Alevín),2015-08-03,Lunes,0.0,road running,Infantil,0.0,16.0,Cullera,València / Valencia,Comunitat Valenciana,305-299,305-299-230,XV VOLTA A PEU PEL XÚQUER - RIOLA,Alevín,0
cronorunner,XV VOLTA A PEU PEL XÚQUER - RIOLA (Infantil),2015-08-03,Lunes,0.0,road running,Infantil,0.0,16.0,Cullera,València / Valencia,Comunitat Valenciana,305-299,305-299-231,XV VOLTA A PEU PEL XÚQUER - RIOLA,Infantil,0
cronorunner,XV VOLTA A PEU PEL XÚQUER - RIOLA (Cadete-M),2015-08-03,Lunes,0.0,road running,Infantil,0.0,13.0,Cullera,València / Valencia,Comunitat Valenciana,305-299,305-299-232,XV VOLTA A PEU PEL XÚQUER - RIOLA,Cadete-M,0
cronorunner,XXXIII VUELTA A PIE  VILLAR DEL ARZOBISPO (Carrera Absoluta),2015-08-01,Sábado,10.0,road running,Absoluta/General,24.0,164.0,Villar del Arzobispo,La Serranía,Comunitat Valenciana,343-351,343-351-224,XXXIII VUELTA A PIE  VILLAR DEL ARZOBISPO,Carrera Absoluta,10000
cronorunner,XXXIII VUELTA A PIE  VILLAR DEL ARZOBISPO (Minibenjamin),2015-08-01,Sábado,0.0,road running,Infantil,,,Villar del Arzobispo,La Serranía,Comunitat Valenciana,343-351,343-351-242,XXXIII VUELTA A PIE  VILLAR DEL ARZOBISPO,Minibenjamin,0
cronorunner,XXXIII VUELTA A PIE  VILLAR DEL ARZOBISPO (Prebenjamín),2015-08-01,Sábado,0.0,road running,Infantil,,,Villar del Arzobispo,La Serranía,Comunitat Valenciana,343-351,343-351-243,XXXIII VUELTA A PIE  VILLAR DEL ARZOBISPO,Prebenjamín,0
cronorunner,XXXIII VUELTA A PIE  VILLAR DEL ARZOBISPO (Benjamín),2015-08-01,Sábado,0.0,road running,Infantil,,,Villar del Arzobispo,La Serranía,Comunitat Valenciana,343-351,343-351-244,XXXIII VUELTA A PIE  VILLAR DEL ARZOBISPO,Benjamín,0
cronorunner,XXXIII VUELTA A PIE  VILLAR DEL ARZOBISPO (Alevín),2015-08-01,Sábado,0.0,road running,Infantil,,,Villar del Arzobispo,La Serranía,Comunitat Valenciana,343-351,343-351-245,XXXIII VUELTA A PIE  VILLAR DEL ARZOBISPO,Alevín,0
cronorunner,XXXIII VUELTA A PIE  VILLAR DEL ARZOBISPO (Infantil),2015-08-01,Sábado,0.0,road running,Infantil,,,Villar del Arzobispo,La Serranía,Comunitat Valenciana,343-351,343-351-246,XXXIII VUELTA A PIE  VILLAR DEL ARZOBISPO,Infantil,0
cronorunner,XXXIII VUELTA A PIE  VILLAR DEL ARZOBISPO (Cadete),2015-08-01,Sábado,0.0,road running,Infantil,,,Villar del Arzobispo,La Serranía,Comunitat Valenciana,343-351,343-351-247,XXXIII VUELTA A PIE  VILLAR DEL ARZOBISPO,Cadete,0
cronorunner,XXIX VOLTA A PEU SOLLANA (Carrera Absoluta),2015-08-01,Sábado,8.0,road running,Absoluta/General,,,Sollana,València / Valencia,Comunitat Valenciana,344-352,344-352-233,XXIX VOLTA A PEU SOLLANA,Carrera Absoluta,8000
cronorunner,XXIX VOLTA A PEU SOLLANA (Marcha),2015-08-01,Sábado,0.0,marcha,Absoluta/General,,,Sollana,València / Valencia,Comunitat Valenciana,344-352,344-352-234,XXIX VOLTA A PEU SOLLANA,Marcha,0
cronorunner,XII VOLTA A PEU JOANOT PRESÈNCIA POLINYÀ DE XÚQUER (Carrera Absoluta),2015-07-25,Sábado,0.0,road running,Absoluta/General,133.0,469.0,Polinyà de Xúquer,València / Valencia,Comunitat Valenciana,160-307,160-307-137,XII VOLTA A PEU JOANOT PRESÈNCIA POLINYÀ DE XÚQUER,Carrera Absoluta,0
cronorunner,XII VOLTA A PEU JOANOT PRESÈNCIA POLINYÀ DE XÚQUER (De 0 a 5 años),2015-07-25,Sábado,0.0,road running,Absoluta/General,,,Polinyà de Xúquer,València / Valencia,Comunitat Valenciana,160-307,160-307-255,XII VOLTA A PEU JOANOT PRESÈNCIA POLINYÀ DE XÚQUER,De 0 a 5 años,0
cronorunner,XII VOLTA A PEU JOANOT PRESÈNCIA POLINYÀ DE XÚQUER (De 6 a 9 años),2015-07-25,Sábado,0.0,road running,Absoluta/General,,,Polinyà de Xúquer,València / Valencia,Comunitat Valenciana,160-307,160-307-256,XII VOLTA A PEU JOANOT PRESÈNCIA POLINYÀ DE XÚQUER,De 6 a 9 años,0
cronorunner,XII VOLTA A PEU JOANOT PRESÈNCIA POLINYÀ DE XÚQUER (De 10 a 13 años),2015-07-25,Sábado,0.0,road running,Absoluta/General,,,Polinyà de Xúquer,València / Valencia,Comunitat Valenciana,160-307,160-307-257,XII VOLTA A PEU JOANOT PRESÈNCIA POLINYÀ DE XÚQUER,De 10 a 13 años,0
cronorunner,V 10K SENSE LÍMITS ALDAIA,2015-07-25,Sábado,0.0,road running,Absoluta/General,209.0,700.0,,,,265-325,265-325-181,V 10K SENSE LÍMITS ALDAIA,Carrera Absoluta,0
cronorunner,III VOLTA A PEU RAFELGUARAF (INSCRIPCIONES EN META),2015-07-24,Viernes,9.3,road running,Absoluta/General,,,Rafelguaraf,València / Valencia,Comunitat Valenciana,272-349,272-349-221,III VOLTA A PEU RAFELGUARAF (INSCRIPCIONES EN META),Carrera Absoluta,9300
cronorunner,VIII CARRERA ENTRE OLIVOS Y PINARES VALL DE ALMONACID (Carrera Absoluta),2015-07-18,Sábado,0.0,road running,Absoluta/General,16.0,98.0,Vall de Almonacid,Castelló / Castellón,Comunitat Valenciana,336-342,336-342-206,VIII CARRERA ENTRE OLIVOS Y PINARES VALL DE ALMONACID,Carrera Absoluta,0
cronorunner,VIII CARRERA ENTRE OLIVOS Y PINARES VALL DE ALMONACID (Marcha Absoluta),2015-07-18,Sábado,0.0,marcha,Absoluta/General,,,Vall de Almonacid,Castelló / Castellón,Comunitat Valenciana,336-342,336-342-207,VIII CARRERA ENTRE OLIVOS Y PINARES VALL DE ALMONACID,Marcha Absoluta,0
cronorunner,IX CARRERA KIKEMORET DESAFIORUNNING (Carrera Absoluta),2015-07-17,Viernes,0.0,road running,Absoluta/General,,,,,,339-345,339-345-214,IX CARRERA KIKEMORET DESAFIORUNNING,Carrera Absoluta,0
cronorunner,IX CARRERA KIKEMORET DESAFIORUNNING (Carreras Infantiles),2015-07-17,Viernes,0.0,road running,Infantil,,,,,,339-345,339-345-220,IX CARRERA KIKEMORET DESAFIORUNNING,Carreras Infantiles,0
cronorunner,"I VOLTA A PEU ""FUERZA JULEN"" EL PERELLONET (Carrera Absoluta)",2015-07-11,Sábado,0.0,road running,Absoluta/General,140.0,400.0,València,Comarca de València,Comunitat Valenciana,315-315,315-315-160,"I VOLTA A PEU ""FUERZA JULEN"" EL PERELLONET",Carrera Absoluta,0
cronorunner,"I VOLTA A PEU ""FUERZA JULEN"" EL PERELLONET (Pre Benjamín)",2015-07-11,Sábado,0.0,road running,Infantil,,,València,Comarca de València,Comunitat Valenciana,315-315,315-315-219,"I VOLTA A PEU ""FUERZA JULEN"" EL PERELLONET",Pre Benjamín,0
cronorunner,"I VOLTA A PEU ""FUERZA JULEN"" EL PERELLONET (Benjamín)",2015-07-11,Sábado,0.0,road running,Infantil,,,València,Comarca de València,Comunitat Valenciana,315-315,315-315-240,"I VOLTA A PEU ""FUERZA JULEN"" EL PERELLONET",Benjamín,0
cronorunner,"I VOLTA A PEU ""FUERZA JULEN"" EL PERELLONET (Infantil)",2015-07-11,Sábado,0.0,road running,Infantil,,,València,Comarca de València,Comunitat Valenciana,315-315,315-315-241,"I VOLTA A PEU ""FUERZA JULEN"" EL PERELLONET",Infantil,0
cronorunner,I CARRERA POPULAR ALBORACHE,2015-07-11,Sábado,0.0,road running,Absoluta/General,19.0,100.0,Alborache,València / Valencia,Comunitat Valenciana,334-340,334-340-204,I CARRERA POPULAR ALBORACHE,Carrera Absoluta,0
cronorunner,VIII VOLTA A PEU MARENY DE BARRAQUETES,2015-07-04,Sábado,0.0,road running,Absoluta/General,151.0,511.0,Sueca,València / Valencia,Comunitat Valenciana,304-298,304-298-136,VIII VOLTA A PEU MARENY DE BARRAQUETES,Carrera Absoluta,0
cronorunner,XXV VOLTA A PEU ALBAL,2015-07-04,Sábado,0.0,road running,Absoluta/General,81.0,388.0,Albal,l'Horta Sud,Comunitat Valenciana,324-326,324-326-182,XXV VOLTA A PEU ALBAL,Carrera Absoluta,0
cronorunner,XXIII LEGUA URBANA CIUTAT DE TORRENT,2015-07-03,Viernes,0.0,road running,Absoluta/General,232.0,700.0,Torrent,l'Horta Sud,Comunitat Valenciana,266-348,266-348-218,XXIII LEGUA URBANA CIUTAT DE TORRENT,Carrera Absoluta,0
cronorunner,XXII VOLTA A PEU GUADASSUAR (INSCRIPCIONS EN META),2015-07-02,Jueves,0.008,road running,Absoluta/General,,,Guadassuar,València / Valencia,Comunitat Valenciana,229-347,229-347-217,XXII VOLTA A PEU GUADASSUAR (INSCRIPCIONS EN META),Carrera Absoluta,8
cronorunner,I 5k CIUTAT DE VINARÒS,2015-06-28,Domingo,0.0,road running,Absoluta/General,47.0,85.0,Vinaròs,el Baix Maestrat,Comunitat Valenciana,335-341,335-341-205,I 5k CIUTAT DE VINARÒS,Carrera Absoluta,0
cronorunner,II CARRERA 5K SOLIDARIA DE BUÑOL,2015-06-27,Sábado,0.0,road running,Absoluta/General,85.0,156.0,Buñol,València / Valencia,Comunitat Valenciana,333-338,333-338-202,II CARRERA 5K SOLIDARIA DE BUÑOL,Carrera Absoluta,0
cronorunner,XII VOLTA A PEU NOCTURNA RIBA-ROJA DE TURIA,2015-06-26,Viernes,0.0,road running,Absoluta/General,407.0,807.0,Riba-roja de Túria,València / Valencia,Comunitat Valenciana,261-337,261-337-195,XII VOLTA A PEU NOCTURNA RIBA-ROJA DE TURIA,Carrera Absoluta,0
cronorunner,III VOLTA A PEU A SANT JOANET,2015-06-20,Sábado,0.0,road running,Absoluta/General,102.0,456.0,Arbúcies,la Selva,Catalunya,302-296,302-296-134,III VOLTA A PEU A SANT JOANET,Carrera Absoluta,0
cronorunner,XVIII 10K CIUTAT DE BENIPARRELL (Carrera Absoluta),2015-06-20,Sábado,0.0,road running,Absoluta/General,108.0,502.0,Beniparrell,l'Horta Sud,Comunitat Valenciana,158-306,158-306-135,XVIII 10K CIUTAT DE BENIPARRELL,Carrera Absoluta,0
cronorunner,XVIII 10K CIUTAT DE BENIPARRELL (De 0 a 5 años),2015-06-20,Sábado,0.0,road running,Absoluta/General,,,Beniparrell,l'Horta Sud,Comunitat Valenciana,158-306,158-306-210,XVIII 10K CIUTAT DE BENIPARRELL,De 0 a 5 años,0
cronorunner,XVIII 10K CIUTAT DE BENIPARRELL (De 6 a 9 años),2015-06-20,Sábado,0.0,road running,Absoluta/General,,,Beniparrell,l'Horta Sud,Comunitat Valenciana,158-306,158-306-211,XVIII 10K CIUTAT DE BENIPARRELL,De 6 a 9 años,0
cronorunner,XVIII 10K CIUTAT DE BENIPARRELL (De 10 a 13 años),2015-06-20,Sábado,0.0,road running,Absoluta/General,,,Beniparrell,l'Horta Sud,Comunitat Valenciana,158-306,158-306-212,XVIII 10K CIUTAT DE BENIPARRELL,De 10 a 13 años,0
cronorunner,XXI VOLTA A PEU ALBERIC (LA CARRERA DE LA MONA),2015-06-12,Viernes,0.0,road running,Absoluta/General,101.0,375.0,Alberic,València / Valencia,Comunitat Valenciana,264-339,264-339-203,XXI VOLTA A PEU ALBERIC (LA CARRERA DE LA MONA),Carrera Absoluta,0
cronorunner,II 6K NOCTURNO SOLIDARIO PUERTO DE SAGUNTO (Carrera Absoluta),2015-06-06,Sábado,0.0,road running,Absoluta/General,111.0,183.0,Sagunt / Sagunto,el Camp de Morvedre,Comunitat Valenciana,262-336,262-336-194,II 6K NOCTURNO SOLIDARIO PUERTO DE SAGUNTO,Carrera Absoluta,0
cronorunner,II 6K NOCTURNO SOLIDARIO PUERTO DE SAGUNTO (Carreras Infantiles),2015-06-06,Sábado,0.0,road running,Infantil,,,Sagunt / Sagunto,el Camp de Morvedre,Comunitat Valenciana,262-336,262-336-213,II 6K NOCTURNO SOLIDARIO PUERTO DE SAGUNTO,Carreras Infantiles,0
cronorunner,XXXI VOLTA A PEU ALGEMESI (Carrera Absoluta),2015-06-06,Sábado,0.0,road running,Absoluta/General,147.0,800.0,Algemesí,València / Valencia,Comunitat Valenciana,260-255,260-255-130,XXXI VOLTA A PEU ALGEMESI,Carrera Absoluta,0
cronorunner,XXXI VOLTA A PEU ALGEMESI (Benjamín),2015-06-06,Sábado,0.0,road running,Infantil,0.0,32.0,Algemesí,València / Valencia,Comunitat Valenciana,260-255,260-255-198,XXXI VOLTA A PEU ALGEMESI,Benjamín,0
cronorunner,XXXI VOLTA A PEU ALGEMESI (Alevín),2015-06-06,Sábado,0.0,road running,Infantil,0.0,11.0,Algemesí,València / Valencia,Comunitat Valenciana,260-255,260-255-199,XXXI VOLTA A PEU ALGEMESI,Alevín,0
cronorunner,XXXI VOLTA A PEU ALGEMESI (Infantil),2015-06-06,Sábado,0.0,road running,Infantil,0.0,18.0,Algemesí,València / Valencia,Comunitat Valenciana,260-255,260-255-200,XXXI VOLTA A PEU ALGEMESI,Infantil,0
cronorunner,XXXI VOLTA A PEU ALGEMESI (Cadete),2015-06-06,Sábado,0.0,road running,Infantil,0.0,8.0,Algemesí,València / Valencia,Comunitat Valenciana,260-255,260-255-201,XXXI VOLTA A PEU ALGEMESI,Cadete,0
cronorunner,VI VOLTA A PEU ILLA DEL PALMAR,2015-05-30,Sábado,0.0,road running,Absoluta/General,114.0,424.0,València,Comarca de València,Comunitat Valenciana,270-314,270-314-142,VI VOLTA A PEU ILLA DEL PALMAR,Carrera Absoluta,0
cronorunner,I TRAIL 15KM BENICARLÓ,2015-05-24,Domingo,0.0,trail running,Absoluta/General,41.0,167.0,Benicarló,el Baix Maestrat,Comunitat Valenciana,293-288,293-288-105,I TRAIL 15KM BENICARLÓ,Carrera Absoluta,0
cronorunner,III 10K CIUTAT D'ALZIRA (Carrera Absoluta),2015-05-16,Sábado,0.0,road running,Absoluta/General,175.0,831.0,Torrent,l'Horta Sud,Comunitat Valenciana,214-294,214-294-129,III 10K CIUTAT D'ALZIRA,Carrera Absoluta,0
cronorunner,III 10K CIUTAT D'ALZIRA (Benjamín),2015-05-16,Sábado,0.0,road running,Infantil,,,Torrent,l'Horta Sud,Comunitat Valenciana,214-294,214-294-175,III 10K CIUTAT D'ALZIRA,Benjamín,0
cronorunner,III 10K CIUTAT D'ALZIRA (Alevín),2015-05-16,Sábado,0.0,road running,Infantil,,,Torrent,l'Horta Sud,Comunitat Valenciana,214-294,214-294-176,III 10K CIUTAT D'ALZIRA,Alevín,0
cronorunner,III 10K CIUTAT D'ALZIRA (Infantil),2015-05-16,Sábado,0.0,road running,Infantil,,,Torrent,l'Horta Sud,Comunitat Valenciana,214-294,214-294-177,III 10K CIUTAT D'ALZIRA,Infantil,0
cronorunner,III 10K CIUTAT D'ALZIRA (Cadete),2015-05-16,Sábado,0.0,road running,Infantil,0.0,1.0,Torrent,l'Horta Sud,Comunitat Valenciana,214-294,214-294-178,III 10K CIUTAT D'ALZIRA,Cadete,0
cronorunner,II PUJADA A LA BOLA DE CULLERA,2015-05-10,Domingo,0.0,road running,Absoluta/General,91.0,335.0,Cullera,València / Valencia,Comunitat Valenciana,157-305,157-305-133,II PUJADA A LA BOLA DE CULLERA,Carrera Absoluta,0
cronorunner,XXXIII MITJA MARATÓ D'ALCÀSSER,2015-05-09,Sábado,0.0,road running,Absoluta/General,48.0,413.0,,,,223-323,223-323-161,XXXIII MITJA MARATÓ D'ALCÀSSER,Carrera Absoluta,0
cronorunner,XXVIII VOLTA A PEU A L´ALCÚDIA (Carrera Absoluta),2015-05-02,Sábado,0.0,road running,Absoluta/General,145.0,674.0,l'Alcúdia,València / Valencia,Comunitat Valenciana,206-204,206-204-128,XXVIII VOLTA A PEU A L´ALCÚDIA,Carrera Absoluta,0
cronorunner,XXVIII VOLTA A PEU A L´ALCÚDIA (Benjamín),2015-05-02,Sábado,0.0,road running,Infantil,,,l'Alcúdia,València / Valencia,Comunitat Valenciana,206-204,206-204-171,XXVIII VOLTA A PEU A L´ALCÚDIA,Benjamín,0
cronorunner,XXVIII VOLTA A PEU A L´ALCÚDIA (Alevín),2015-05-02,Sábado,0.0,road running,Infantil,,,l'Alcúdia,València / Valencia,Comunitat Valenciana,206-204,206-204-172,XXVIII VOLTA A PEU A L´ALCÚDIA,Alevín,0
cronorunner,XXVIII VOLTA A PEU A L´ALCÚDIA (Infantil),2015-05-02,Sábado,0.0,road running,Infantil,,,l'Alcúdia,València / Valencia,Comunitat Valenciana,206-204,206-204-173,XXVIII VOLTA A PEU A L´ALCÚDIA,Infantil,0
cronorunner,XXVIII VOLTA A PEU A L´ALCÚDIA (Cadete),2015-05-02,Sábado,0.0,road running,Infantil,,,l'Alcúdia,València / Valencia,Comunitat Valenciana,206-204,206-204-174,XXVIII VOLTA A PEU A L´ALCÚDIA,Cadete,0
cronorunner,IV VOLTA A PEU I MARXA BONESTAR-LA LLACUNA (Carrera),2015-05-01,Viernes,0.0,road running,Absoluta/General,40.0,129.0,,,,320-319,320-319-121,IV VOLTA A PEU I MARXA BONESTAR-LA LLACUNA,Carrera,0
cronorunner,IV VOLTA A PEU I MARXA BONESTAR-LA LLACUNA (Caminantes),2015-05-01,Viernes,0.0,road running,Absoluta/General,,,,,,320-319,320-319-122,IV VOLTA A PEU I MARXA BONESTAR-LA LLACUNA,Caminantes,0
cronorunner,XI MITJA MARATO i X10K CIUTAT DE TORRENT (Media Maratón),2015-04-26,Domingo,0.0,road running,Absoluta/General,33.0,271.0,Torrent,l'Horta Sud,Comunitat Valenciana,221-322,221-322-162,XI MITJA MARATO i X10K CIUTAT DE TORRENT,Media Maratón,0
cronorunner,XI MITJA MARATO i X10K CIUTAT DE TORRENT (10k),2015-04-26,Domingo,0.0,road running,Absoluta/General,66.0,252.0,Torrent,l'Horta Sud,Comunitat Valenciana,221-322,221-322-186,XI MITJA MARATO i X10K CIUTAT DE TORRENT,10k,0
cronorunner,X GRAN FONS DE TURÍS MEMORIAL RAIMON SORIA (Carrera Absoluta),2015-04-25,Sábado,0.0,road running,Absoluta/General,60.0,296.0,,,,295-290,295-290-125,X GRAN FONS DE TURÍS MEMORIAL RAIMON SORIA,Carrera Absoluta,0
cronorunner,X GRAN FONS DE TURÍS MEMORIAL RAIMON SORIA (Benjamín),2015-04-25,Sábado,0.0,road running,Infantil,0.0,29.0,,,,295-290,295-290-163,X GRAN FONS DE TURÍS MEMORIAL RAIMON SORIA,Benjamín,0
cronorunner,X GRAN FONS DE TURÍS MEMORIAL RAIMON SORIA (Alevín),2015-04-25,Sábado,0.0,road running,Infantil,0.0,30.0,,,,295-290,295-290-164,X GRAN FONS DE TURÍS MEMORIAL RAIMON SORIA,Alevín,0
cronorunner,X GRAN FONS DE TURÍS MEMORIAL RAIMON SORIA (Infantil),2015-04-25,Sábado,0.0,road running,Infantil,0.0,14.0,,,,295-290,295-290-165,X GRAN FONS DE TURÍS MEMORIAL RAIMON SORIA,Infantil,0
cronorunner,X GRAN FONS DE TURÍS MEMORIAL RAIMON SORIA (Cadetes),2015-04-25,Sábado,0.0,road running,Infantil,0.0,9.0,,,,295-290,295-290-166,X GRAN FONS DE TURÍS MEMORIAL RAIMON SORIA,Cadetes,0
cronorunner,III CARRERA INDIVIDUAL Y EN FAMILIA DE MISLATA,2015-04-25,Sábado,0.0,road running,Absoluta/General,,,Mislata,l'Horta Sud,Comunitat Valenciana,327-330,327-330-188,III CARRERA INDIVIDUAL Y EN FAMILIA DE MISLATA,Carrera Absoluta,0
cronorunner,III CARRERA COLECTIVOS MEDIOS DE MISLATA,2015-04-25,Sábado,0.0,road running,Absoluta/General,,,Mislata,l'Horta Sud,Comunitat Valenciana,328-331,328-331-187,III CARRERA COLECTIVOS MEDIOS DE MISLATA,Colectivos Medios,0
cronorunner,III CARRERA GRANDES GRUPOS DE MISLATA,2015-04-25,Sábado,0.0,road running,Absoluta/General,,,Mislata,l'Horta Sud,Comunitat Valenciana,329-332,329-332-189,III CARRERA GRANDES GRUPOS DE MISLATA,Carrera Absoluta,0
cronorunner,II VOLTA A PEU DE LA DONA BENICARLÓ,2015-04-19,Domingo,0.0,road running,Absoluta/General,679.0,97.0,,,,292-287,292-287-104,II VOLTA A PEU DE LA DONA BENICARLÓ,Carrera Absoluta,0
cronorunner,II 10k BIMI SILLA,2015-04-19,Domingo,0.0,road running,Absoluta/General,141.0,540.0,,,,150-304,150-304-132,II 10k BIMI SILLA,Carrera Absoluta,0
cronorunner,II 10K BENIMODO (Carrera Absoluta),2015-04-19,Domingo,0.0,road running,Absoluta/General,65.0,327.0,Benimodo,València / Valencia,Comunitat Valenciana,163-164,163-164-127,II 10K BENIMODO,Carrera Absoluta,0
cronorunner,II 10K BENIMODO (Benjamín),2015-04-19,Domingo,0.0,road running,Infantil,,,Benimodo,València / Valencia,Comunitat Valenciana,163-164,163-164-167,II 10K BENIMODO,Benjamín,0
cronorunner,II 10K BENIMODO (Alevín),2015-04-19,Domingo,0.0,road running,Infantil,,,Benimodo,València / Valencia,Comunitat Valenciana,163-164,163-164-168,II 10K BENIMODO,Alevín,0
cronorunner,II 10K BENIMODO (Infantil),2015-04-19,Domingo,0.0,road running,Infantil,,,Benimodo,València / Valencia,Comunitat Valenciana,163-164,163-164-169,II 10K BENIMODO,Infantil,0
cronorunner,II 10K BENIMODO (Cadetes),2015-04-19,Domingo,0.0,road running,Infantil,,,Benimodo,València / Valencia,Comunitat Valenciana,163-164,163-164-170,II 10K BENIMODO,Cadetes,0
cronorunner,II 10K BENIMODO (Pre-Benjamín),2015-04-19,Domingo,0.0,road running,Infantil,,,Benimodo,València / Valencia,Comunitat Valenciana,163-164,163-164-196,II 10K BENIMODO,Pre-Benjamín,0
cronorunner,II 10K BENIMODO (Menudets),2015-04-19,Domingo,0.0,road running,Absoluta/General,,,Benimodo,València / Valencia,Comunitat Valenciana,163-164,163-164-197,II 10K BENIMODO,Menudets,0
cronorunner,XXVIII VOLTA A PEU FIBRA VALENCIA VILA D'ALAQUAS (Prueba Reina),2015-04-18,Sábado,0.0,road running,Absoluta/General,70.0,340.0,Alaquàs,l'Horta Sud,Comunitat Valenciana,323-324,323-324-179,XXVIII VOLTA A PEU FIBRA VALENCIA VILA D'ALAQUAS,Prueba Reina,0
cronorunner,XXVIII VOLTA A PEU FIBRA VALENCIA VILA D'ALAQUAS (Volteta),2015-04-18,Sábado,0.0,road running,Absoluta/General,71.0,57.0,Alaquàs,l'Horta Sud,Comunitat Valenciana,323-324,323-324-180,XXVIII VOLTA A PEU FIBRA VALENCIA VILA D'ALAQUAS,Volteta,0
cronorunner,XV VOLTA A PEU GAVARDA (Carrera Absoluta),2015-04-11,Sábado,0.0,road running,Absoluta/General,99.0,441.0,Gavarda,València / Valencia,Comunitat Valenciana,296-291,296-291-126,XV VOLTA A PEU GAVARDA,Carrera Absoluta,0
cronorunner,XV VOLTA A PEU GAVARDA (Benjamín),2015-04-11,Sábado,0.0,road running,Infantil,0.0,33.0,Gavarda,València / Valencia,Comunitat Valenciana,296-291,296-291-155,XV VOLTA A PEU GAVARDA,Benjamín,0
cronorunner,XV VOLTA A PEU GAVARDA (Alevín),2015-04-11,Sábado,0.0,road running,Infantil,0.0,32.0,Gavarda,València / Valencia,Comunitat Valenciana,296-291,296-291-156,XV VOLTA A PEU GAVARDA,Alevín,0
cronorunner,XV VOLTA A PEU GAVARDA (Infantil),2015-04-11,Sábado,0.0,road running,Infantil,0.0,23.0,Gavarda,València / Valencia,Comunitat Valenciana,296-291,296-291-157,XV VOLTA A PEU GAVARDA,Infantil,0
cronorunner,XV VOLTA A PEU GAVARDA (Cadetes),2015-04-11,Sábado,0.0,road running,Infantil,0.0,20.0,Gavarda,València / Valencia,Comunitat Valenciana,296-291,296-291-158,XV VOLTA A PEU GAVARDA,Cadetes,0
cronorunner,XV VOLTA A PEU GAVARDA (No competitiva),2015-04-11,Sábado,0.0,road running,Absoluta/General,,,Gavarda,València / Valencia,Comunitat Valenciana,296-291,296-291-190,XV VOLTA A PEU GAVARDA,No competitiva,0
cronorunner,I 10K CIUTAT DE BENICARLÓ,2015-03-29,Domingo,0.0,road running,Absoluta/General,79.0,232.0,Benicarló,el Baix Maestrat,Comunitat Valenciana,291-286,291-286-103,I 10K CIUTAT DE BENICARLÓ,Carrera Absoluta,0
cronorunner,VI TRAIL 3 PICS LES RODANES (REINA 28K),2015-03-29,Domingo,0.0,trail running,Absoluta/General,2.0,191.0,Vilamarxant,València / Valencia,Comunitat Valenciana,136-293,136-293-111,VI TRAIL 3 PICS LES RODANES,REINA 28K,0
cronorunner,VI TRAIL 3 PICS LES RODANES (RAPITTRAIL 14K),2015-03-29,Domingo,0.0,trail running,Absoluta/General,,,Vilamarxant,València / Valencia,Comunitat Valenciana,136-293,136-293-112,VI TRAIL 3 PICS LES RODANES,RAPITTRAIL 14K,0
cronorunner,XV VOLTA A PEU CATADAU (Carrera Absoluta),2015-03-28,Sábado,0.0,road running,Absoluta/General,93.0,393.0,Catadau,València / Valencia,Comunitat Valenciana,299-295,299-295-124,XV VOLTA A PEU CATADAU,Carrera Absoluta,0
cronorunner,XV VOLTA A PEU CATADAU (Mini-Benjamin),2015-03-28,Sábado,0.0,road running,Infantil,,,Catadau,València / Valencia,Comunitat Valenciana,299-295,299-295-148,XV VOLTA A PEU CATADAU,Mini-Benjamin,0
cronorunner,XV VOLTA A PEU CATADAU (Pre-Benjamín),2015-03-28,Sábado,0.0,road running,Infantil,,,Catadau,València / Valencia,Comunitat Valenciana,299-295,299-295-149,XV VOLTA A PEU CATADAU,Pre-Benjamín,0
cronorunner,XV VOLTA A PEU CATADAU (Benjamín),2015-03-28,Sábado,0.0,road running,Infantil,0.0,24.0,Catadau,València / Valencia,Comunitat Valenciana,299-295,299-295-150,XV VOLTA A PEU CATADAU,Benjamín,0
cronorunner,XV VOLTA A PEU CATADAU (Alevín),2015-03-28,Sábado,0.0,road running,Infantil,0.0,22.0,Catadau,València / Valencia,Comunitat Valenciana,299-295,299-295-151,XV VOLTA A PEU CATADAU,Alevín,0
cronorunner,XV VOLTA A PEU CATADAU (Infantil),2015-03-28,Sábado,0.0,road running,Infantil,0.0,16.0,Catadau,València / Valencia,Comunitat Valenciana,299-295,299-295-152,XV VOLTA A PEU CATADAU,Infantil,0
cronorunner,XV VOLTA A PEU CATADAU (Cadetes),2015-03-28,Sábado,0.0,road running,Infantil,0.0,16.0,Catadau,València / Valencia,Comunitat Valenciana,299-295,299-295-153,XV VOLTA A PEU CATADAU,Cadetes,0
cronorunner,I 10MILPASSOS KANGURS BENIFAIÓ,2015-03-28,Sábado,0.0,road running,Absoluta/General,106.0,361.0,,,,311-303,311-303-120,I 10MILPASSOS KANGURS BENIFAIÓ,Carrera Absoluta,0
cronorunner,XXXVII PUJADA A LA FONT ROJA,2015-03-22,Domingo,0.0,road running,Absoluta/General,43.0,175.0,Alcoi / Alcoy,Alacant / Alicante,Comunitat Valenciana,326-329,326-329-185,XXXVII PUJADA A LA FONT ROJA,Carrera Absoluta,0
cronorunner,I VOLTA MUNTANYA DE LLAURÍ,2015-03-21,Sábado,0.0,road running,Absoluta/General,17.0,81.0,Llaurí,València / Valencia,Comunitat Valenciana,321-320,321-320-154,I VOLTA MUNTANYA DE LLAURÍ,Carrera Absoluta,0
cronorunner,XV VOLTA A PEU A LA CIUTAT DE CASTELLO TROFEU LUIS ADSUARA,2015-03-15,Domingo,0.0,road running,Absoluta/General,175.0,452.0,,,,312-312,312-312-117,XV VOLTA A PEU A LA CIUTAT DE CASTELLO TROFEU LUIS ADSUARA,Carrera Absoluta,0
cronorunner,IV 10k D' ALCÁNTERA DEL XÚQUER (Mitja Marató),2015-03-15,Domingo,0.0,road running,Absoluta/General,21.0,210.0,Valverde de Júcar,Cuenca,Castilla-La Mancha,134-134,134-134-108,IV 10k D' ALCÁNTERA DEL XÚQUER,Mitja Marató,0
cronorunner,IV 10k D' ALCÁNTERA DEL XÚQUER (Quarta Marató),2015-03-15,Domingo,0.0,road running,Absoluta/General,72.0,233.0,Valverde de Júcar,Cuenca,Castilla-La Mancha,134-134,134-134-109,IV 10k D' ALCÁNTERA DEL XÚQUER,Quarta Marató,0
cronorunner,"III 7K, 15k MASKOKOTAS GUADASSUAR (7k)",2015-03-08,Domingo,0.0,road running,Absoluta/General,,,,,,288-283,288-283-97,"III 7K, 15k MASKOKOTAS GUADASSUAR",7k,0
cronorunner,"III 7K, 15k MASKOKOTAS GUADASSUAR (14k)",2015-03-08,Domingo,0.0,road running,Absoluta/General,,,,,,288-283,288-283-98,"III 7K, 15k MASKOKOTAS GUADASSUAR",14k,0
cronorunner,"III 7K, 15k MASKOKOTAS GUADASSUAR (21k)",2015-03-08,Domingo,0.0,road running,Absoluta/General,,,,,,288-283,288-283-99,"III 7K, 15k MASKOKOTAS GUADASSUAR",21k,0
cronorunner,XIX MEDIA MARATÓN DE RIBARROJA,2015-03-08,Domingo,0.0,road running,Absoluta/General,,,Riba-roja de Túria,València / Valencia,Comunitat Valenciana,294-289,294-289-106,XIX MEDIA MARATÓN DE RIBARROJA,Carrera Absoluta,0
cronorunner,III CARRERA SOLIDARIA DEL COMERCIO 10K SAGUNTO (Carrera Absoluta),2015-03-07,Sábado,0.0,road running,Absoluta/General,32.0,96.0,Sagunt / Sagunto,el Camp de Morvedre,Comunitat Valenciana,191-292,191-292-107,III CARRERA SOLIDARIA DEL COMERCIO 10K SAGUNTO,Carrera Absoluta,0
cronorunner,III CARRERA SOLIDARIA DEL COMERCIO 10K SAGUNTO (Carrera de la mujer),2015-03-07,Sábado,0.0,road running,Absoluta/General,,,Sagunt / Sagunto,el Camp de Morvedre,Comunitat Valenciana,191-292,191-292-131,III CARRERA SOLIDARIA DEL COMERCIO 10K SAGUNTO,Carrera de la mujer,0
cronorunner,III VOLTA A PEU BENÉFICA FALLA EL RABAL,2015-03-07,Sábado,0.0,road running,Absoluta/General,243.0,618.0,Zaragoza,Zaragoza,Aragón,316-316,316-316-110,III VOLTA A PEU BENÉFICA FALLA EL RABAL,Carrera Absoluta,0
cronorunner,III CARRERA DE DONES D'ALDAIA,2015-03-07,Sábado,5.0,road running,Absoluta/General,136.0,38.0,,,,322-321,322-321-159,III CARRERA DE DONES D'ALDAIA,Carrera de la dona,5000
cronorunner,I CARRERA SOLIDARIA SAN ANTONIO DE BENAGÉBER,2015-02-28,Sábado,0.0,road running,Absoluta/General,111.0,168.0,Benagéber,La Serranía,Comunitat Valenciana,319-318,319-318-119,I CARRERA SOLIDARIA SAN ANTONIO DE BENAGÉBER,Carrera Absoluta,0
cronorunner,II MEETING SOLIDARI CIUTAT DE SUECA (800),2015-02-21,Sábado,0.0,road running,Absoluta/General,,,Sueca,València / Valencia,Comunitat Valenciana,313-313,313-313-113,II MEETING SOLIDARI CIUTAT DE SUECA,800,0
cronorunner,II MEETING SOLIDARI CIUTAT DE SUECA (1500),2015-02-21,Sábado,0.0,road running,Absoluta/General,,,Sueca,València / Valencia,Comunitat Valenciana,313-313,313-313-114,II MEETING SOLIDARI CIUTAT DE SUECA,1500,0
cronorunner,II MEETING SOLIDARI CIUTAT DE SUECA (3000 obs),2015-02-21,Sábado,0.0,road running,Absoluta/General,,,Sueca,València / Valencia,Comunitat Valenciana,313-313,313-313-115,II MEETING SOLIDARI CIUTAT DE SUECA,3000 obs,0
cronorunner,II MEETING SOLIDARI CIUTAT DE SUECA (5000),2015-02-21,Sábado,0.0,road running,Absoluta/General,,,Sueca,València / Valencia,Comunitat Valenciana,313-313,313-313-116,II MEETING SOLIDARI CIUTAT DE SUECA,5000,0
cronorunner,II MEETING SOLIDARI CIUTAT DE SUECA (Categorías Infantiles),2015-02-21,Sábado,0.0,road running,Infantil,,,Sueca,València / Valencia,Comunitat Valenciana,313-313,313-313-123,II MEETING SOLIDARI CIUTAT DE SUECA,Categorías Infantiles,0
cronorunner,III ALÈDUA TRAIL MEMORIAL MJ (K25),2015-02-08,Domingo,0.0,trail running,Absoluta/General,32.0,307.0,,,,287-282,287-282-95,III ALÈDUA TRAIL MEMORIAL MJ,K25,0
cronorunner,III ALÈDUA TRAIL MEMORIAL MJ (k10),2015-02-08,Domingo,0.0,trail running,Absoluta/General,80.0,202.0,,,,287-282,287-282-96,III ALÈDUA TRAIL MEMORIAL MJ,k10,0
cronorunner,VIII MITJA MARATÓ CIUTAT DE SUECA,2015-02-08,Domingo,0.0,road running,Absoluta/General,38.0,248.0,Sueca,València / Valencia,Comunitat Valenciana,289-284,289-284-100,VIII MITJA MARATÓ CIUTAT DE SUECA,Carrera Absoluta,0
cronorunner,XXXVII SAN SILVESTRE BENICARLÓ,2014-12-31,Miércoles,0.0,road running,Absoluta/General,63.0,247.0,Benicarló,el Baix Maestrat,Comunitat Valenciana,290-285,290-285-102,XXXVII SAN SILVESTRE BENICARLÓ,Carrera Absoluta,0
cronorunner,VIII SAN SILVESTRE SOLIDARIA  RIBA-ROJA DEL TúRIA,2014-12-20,Sábado,0.0,road running,Absoluta/General,,,Riba-roja de Túria,València / Valencia,Comunitat Valenciana,283-277,283-277-93,VIII SAN SILVESTRE SOLIDARIA  RIBA-ROJA DEL TúRIA,Carrera Absoluta,0
cronorunner,III CARRERA DE EQUIPOS CONTRA ZOMBIES UMH ELCHE,2014-12-13,Sábado,0.0,road running,Equipos,,,Elx / Elche,el Baix Vinalopó,Comunitat Valenciana,84-278,84-278-101,III CARRERA DE EQUIPOS CONTRA ZOMBIES UMH ELCHE,Absoluta,0
cronorunner,I CARRERA SOLIDARIA PAPANOEL,2014-12-13,Sábado,0.0,road running,Absoluta/General,,,,,,286-281,286-281-94,I CARRERA SOLIDARIA PAPANOEL,Carrera Absoluta,0
cronorunner,IV CARRERA POR MONTAÑA SIERRA DE CHIVA TRAIL 34KM,2014-12-07,Domingo,0.0,trail running,Absoluta/General,43.0,309.0,,,,279-273,279-273-89,IV CARRERA POR MONTAÑA SIERRA DE CHIVA TRAIL 34KM,Trail 34km,0
cronorunner,V CARRERA POR MONTAÑA SIERRA DE CHIVA MASTER 61KM,2014-12-07,Domingo,0.0,road running,Mayores/Veteranos,33.0,354.0,,,,63-64,63-64-88,V CARRERA POR MONTAÑA SIERRA DE CHIVA MASTER 61KM,Master 61km,0
cronorunner,I CAMINATA PER LA MPOC,2014-11-23,Domingo,0.0,road running,Absoluta/General,,,,,,282-276,282-276-92,I CAMINATA PER LA MPOC,MARCHA SOLIDARIA PER LA EPOC,0
cronorunner,XXXIV BESTDRIVE 10K. MISLATA 2018,2014-11-23,Domingo,0.0,road running,Absoluta/General,247.0,920.0,Mislata,l'Horta Sud,Comunitat Valenciana,227-224,227-224-25,XXXIV BESTDRIVE 10K. MISLATA 2018,Carrera Absoluta,0
cronorunner,XIX MITJA MARATÓ CIUTAT DE XIRIVELLA,2014-11-09,Domingo,0.0,road running,Absoluta/General,,,Xirivella,l'Horta Sud,Comunitat Valenciana,226-223,226-223-87,XIX MITJA MARATÓ CIUTAT DE XIRIVELLA,Absoluta,0
cronorunner,I GALA FINAL CIRCUIT DIVINA PASTORA PARC DE L'ALBUFERA (SELECCIÓN DE TALLA OBSEQUIO),2014-10-31,Viernes,0.0,road running,Absoluta/General,,,Gavarda,València / Valencia,Comunitat Valenciana,280-274,280-274-90,I GALA FINAL CIRCUIT DIVINA PASTORA PARC DE L'ALBUFERA (SELECCIÓN DE TALLA OBSEQUIO),Gala Final,0
cronorunner,I Mitja Marathon del Kaki,2014-10-26,Domingo,0.0,road running,Absoluta/General,52.0,578.0,,,,273-268,273-268-86,I Mitja Marathon del Kaki,Carrera Absoluta,0
cronorunner,XXV VOLTA A PEU VILAMARXANT,2014-10-09,Jueves,0.0,road running,Absoluta/General,42.0,150.0,Vilamarxant,València / Valencia,Comunitat Valenciana,275-270,275-270-82,XXV VOLTA A PEU VILAMARXANT,Carrera Absoluta,0
cronorunner,VII Volta a Peu Solidaria 9 d'octubre de  Villalonga,2014-10-09,Jueves,0.0,road running,Absoluta/General,47.0,174.0,Vilallonga / Villalonga,València / Valencia,Comunitat Valenciana,277-272,277-272-84,VII Volta a Peu Solidaria 9 d'octubre de  Villalonga,Carrera Absoluta,0
cronorunner,XXVIII MITJA MARATÓ D'ALAQUÁS,2014-10-04,Sábado,0.0,road running,Absoluta/General,41.0,388.0,,,,15-17,15-17-85,XXVIII MITJA MARATÓ D'ALAQUÁS,Carrera Absoluta,0
cronorunner,XXXI VOLTA A PEU PORT DE CATARROJA,2014-10-04,Sábado,0.0,road running,Absoluta/General,117.0,524.0,Catarroja,l'Horta Sud,Comunitat Valenciana,156-157,156-157-81,XXXI VOLTA A PEU PORT DE CATARROJA,Carrera Absoluta,0
cronorunner,II TRAIL RIBARROJA DEL TURIA (K25),2014-09-28,Domingo,0.0,trail running,Absoluta/General,13.0,186.0,Riba-roja de Túria,València / Valencia,Comunitat Valenciana,268-263,268-263-69,II TRAIL RIBARROJA DEL TURIA,K25,0
cronorunner,II TRAIL RIBARROJA DEL TURIA (K12),2014-09-28,Domingo,0.0,trail running,Absoluta/General,43.0,163.0,Riba-roja de Túria,València / Valencia,Comunitat Valenciana,268-263,268-263-70,II TRAIL RIBARROJA DEL TURIA,K12,0
cronorunner,I BELLUS TRAIL MOUNTAIN LA COSTERA-LA VALL D'ALBAIDA (SPECIAL ONE TRAIL 42K),2014-09-27,Sábado,0.0,trail running,Absoluta/General,1.0,40.0,Llutxent,València / Valencia,Comunitat Valenciana,274-269,274-269-79,I BELLUS TRAIL MOUNTAIN LA COSTERA-LA VALL D'ALBAIDA,SPECIAL ONE TRAIL 42K,0
cronorunner,I BELLUS TRAIL MOUNTAIN LA COSTERA-LA VALL D'ALBAIDA (SPRINT TRAIL 12K),2014-09-27,Sábado,0.0,trail running,Absoluta/General,11.0,79.0,Llutxent,València / Valencia,Comunitat Valenciana,274-269,274-269-80,I BELLUS TRAIL MOUNTAIN LA COSTERA-LA VALL D'ALBAIDA,SPRINT TRAIL 12K,0
cronorunner,XXVII 10K i 20K CIUTAT DE SUECA (20k),2014-09-27,Sábado,0.0,road running,Absoluta/General,18.0,152.0,Sueca,València / Valencia,Comunitat Valenciana,161-162,161-162-72,XXVII 10K i 20K CIUTAT DE SUECA,20k,0
cronorunner,XXVII 10K i 20K CIUTAT DE SUECA (10k),2014-09-27,Sábado,0.0,road running,Absoluta/General,101.0,326.0,Sueca,València / Valencia,Comunitat Valenciana,161-162,161-162-73,XXVII 10K i 20K CIUTAT DE SUECA,10k,0
cronorunner,I 10K DE L'HORTA CASTELLAR-OLIVERAL,2014-09-07,Domingo,0.0,road running,Absoluta/General,96.0,537.0,València,Comarca de València,Comunitat Valenciana,162-163,162-163-66,I 10K DE L'HORTA CASTELLAR-OLIVERAL,Prueba Reina,0
cronorunner,II Carrera i marxa de la dona de l'Alcúdia,2014-09-06,Sábado,0.0,road running,Absoluta/General,,,l'Alcúdia,València / Valencia,Comunitat Valenciana,276-271,276-271-83,II Carrera i marxa de la dona de l'Alcúdia,Carrera Absoluta,0
cronorunner,XVII VOLTA A PEU FAVARA (Prova Reina),2014-08-02,Sábado,0.0,road running,Absoluta/General,64.0,282.0,Fabara / Favara,Bajo Aragón-Caspe / Baix Aragó-Casp,Aragón,159-160,159-160-65,XVII VOLTA A PEU FAVARA,Prova Reina,0
cronorunner,XVII VOLTA A PEU FAVARA (Cadets),2014-08-02,Sábado,0.0,road running,Infantil,,,Fabara / Favara,Bajo Aragón-Caspe / Baix Aragó-Casp,Aragón,159-160,159-160-75,XVII VOLTA A PEU FAVARA,Cadets,0
cronorunner,XVII VOLTA A PEU FAVARA (Alevins),2014-08-02,Sábado,0.0,road running,Infantil,,,Fabara / Favara,Bajo Aragón-Caspe / Baix Aragó-Casp,Aragón,159-160,159-160-76,XVII VOLTA A PEU FAVARA,Alevins,0
cronorunner,XVII VOLTA A PEU FAVARA (Benjamins),2014-08-02,Sábado,0.0,road running,Infantil,,,Fabara / Favara,Bajo Aragón-Caspe / Baix Aragó-Casp,Aragón,159-160,159-160-77,XVII VOLTA A PEU FAVARA,Benjamins,0
cronorunner,V VOLTA A PEU ILLA DEL PALMAR (Carrera Absoluta),2014-07-30,Miércoles,0.0,road running,Absoluta/General,82.0,157.0,València,Comarca de València,Comunitat Valenciana,270-265,270-265-68,V VOLTA A PEU ILLA DEL PALMAR,Carrera Absoluta,0
cronorunner,V VOLTA A PEU ILLA DEL PALMAR (Menores Carrera Absoluta),2014-07-30,Miércoles,0.0,road running,Infantil,,,València,Comarca de València,Comunitat Valenciana,270-265,270-265-78,V VOLTA A PEU ILLA DEL PALMAR,Menores Carrera Absoluta,0
cronorunner,IV 10K SENSE LÍMITS ALDAIA,2014-07-26,Sábado,0.0,road running,Absoluta/General,152.0,670.0,,,,265-260,265-260-58,IV 10K SENSE LÍMITS ALDAIA,Absoluta,0
cronorunner,VII VOLTA A PEU JOANOT PRESÈNCIA POLINYÀ DE XÚQUER,2014-07-26,Sábado,0.0,road running,Absoluta/General,101.0,381.0,Polinyà de Xúquer,València / Valencia,Comunitat Valenciana,160-161,160-161-63,VII VOLTA A PEU JOANOT PRESÈNCIA POLINYÀ DE XÚQUER,Carrera Absoluta,0
cronorunner,"I CARRERA NOCTURNA SOLIDARIA ""FUERZA JULEN""",2014-07-25,Viernes,0.0,road running,Absoluta/General,134.0,252.0,,,,271-266,271-266-71,"I CARRERA NOCTURNA SOLIDARIA ""FUERZA JULEN""",Carrera Absoluta (6k),0
cronorunner,VII CARRERA Y MARCHA ENTRE OLIVOS Y PINARES (Carrera Absoluta),2014-07-19,Sábado,0.0,marcha,Absoluta/General,27.0,143.0,Lécera,Campo de Belchite,Aragón,267-262,267-262-60,VII CARRERA Y MARCHA ENTRE OLIVOS Y PINARES,Carrera Absoluta,0
cronorunner,VII CARRERA Y MARCHA ENTRE OLIVOS Y PINARES (Carreras Infantiles),2014-07-19,Sábado,0.0,marcha,Infantil,,,Lécera,Campo de Belchite,Aragón,267-262,267-262-61,VII CARRERA Y MARCHA ENTRE OLIVOS Y PINARES,Carreras Infantiles,0
cronorunner,VII CARRERA Y MARCHA ENTRE OLIVOS Y PINARES (Caminantes no competitiva),2014-07-19,Sábado,0.0,marcha,Absoluta/General,,,Lécera,Campo de Belchite,Aragón,267-262,267-262-74,VII CARRERA Y MARCHA ENTRE OLIVOS Y PINARES,Caminantes no competitiva,0
cronorunner,XXII LEGUA URBANA CIUTAT DE TORRENT,2014-07-04,Viernes,0.0,road running,Absoluta/General,98.0,352.0,Torrent,l'Horta Sud,Comunitat Valenciana,266-261,266-261-62,XXII LEGUA URBANA CIUTAT DE TORRENT,Absoluta,0
cronorunner,XI VOLTA A PEU NOCTURNA RIBA-ROJA DE TURIA (Carrera Absoluta),2014-06-27,Viernes,0.0,road running,Absoluta/General,0.0,1045.0,Riba-roja de Túria,València / Valencia,Comunitat Valenciana,261-256,261-256-47,XI VOLTA A PEU NOCTURNA RIBA-ROJA DE TURIA,Carrera Absoluta,0
cronorunner,XI VOLTA A PEU NOCTURNA RIBA-ROJA DE TURIA (Chupetines(80m)),2014-06-27,Viernes,0.0,road running,Infantil,,,Riba-roja de Túria,València / Valencia,Comunitat Valenciana,261-256,261-256-48,XI VOLTA A PEU NOCTURNA RIBA-ROJA DE TURIA,Chupetines(80m),0
cronorunner,XI VOLTA A PEU NOCTURNA RIBA-ROJA DE TURIA (Pre-Benjamines(200m)),2014-06-27,Viernes,0.0,road running,Infantil,,,Riba-roja de Túria,València / Valencia,Comunitat Valenciana,261-256,261-256-49,XI VOLTA A PEU NOCTURNA RIBA-ROJA DE TURIA,Pre-Benjamines(200m),0
cronorunner,XI VOLTA A PEU NOCTURNA RIBA-ROJA DE TURIA (Benjamines(400m)),2014-06-27,Viernes,0.0,road running,Infantil,,,Riba-roja de Túria,València / Valencia,Comunitat Valenciana,261-256,261-256-50,XI VOLTA A PEU NOCTURNA RIBA-ROJA DE TURIA,Benjamines(400m),0
cronorunner,XI VOLTA A PEU NOCTURNA RIBA-ROJA DE TURIA (Alevines(1000m)),2014-06-27,Viernes,0.0,road running,Infantil,,,Riba-roja de Túria,València / Valencia,Comunitat Valenciana,261-256,261-256-51,XI VOLTA A PEU NOCTURNA RIBA-ROJA DE TURIA,Alevines(1000m),0
cronorunner,XI VOLTA A PEU NOCTURNA RIBA-ROJA DE TURIA (Infantiles(1350m)),2014-06-27,Viernes,0.0,road running,Infantil,,,Riba-roja de Túria,València / Valencia,Comunitat Valenciana,261-256,261-256-52,XI VOLTA A PEU NOCTURNA RIBA-ROJA DE TURIA,Infantiles(1350m),0
cronorunner,XI VOLTA A PEU NOCTURNA RIBA-ROJA DE TURIA (Cadetes(1750m)),2014-06-27,Viernes,0.0,road running,Infantil,,,Riba-roja de Túria,València / Valencia,Comunitat Valenciana,261-256,261-256-53,XI VOLTA A PEU NOCTURNA RIBA-ROJA DE TURIA,Cadetes(1750m),0
cronorunner,XVII 10K CIUTAT DE BENIPARRELL (Absoluta),2014-06-21,Sábado,0.0,road running,Absoluta/General,87.0,454.0,Beniparrell,l'Horta Sud,Comunitat Valenciana,158-159,158-159-56,XVII 10K CIUTAT DE BENIPARRELL,Absoluta,0
cronorunner,XVII 10K CIUTAT DE BENIPARRELL (Carreras infantiles),2014-06-21,Sábado,0.0,road running,Infantil,,,Beniparrell,l'Horta Sud,Comunitat Valenciana,158-159,158-159-59,XVII 10K CIUTAT DE BENIPARRELL,Carreras infantiles,0
cronorunner,I 6K NOCTURNO SOLIDARIO PUERTO DE SAGUNTO (Categoría Absoluta (6000)),2014-06-14,Sábado,0.0,road running,Absoluta/General,177.0,288.0,Sagunt / Sagunto,el Camp de Morvedre,Comunitat Valenciana,262-257,262-257-54,I 6K NOCTURNO SOLIDARIO PUERTO DE SAGUNTO,Categoría Absoluta (6000),0
cronorunner,I 6K NOCTURNO SOLIDARIO PUERTO DE SAGUNTO (Carrera infantil),2014-06-14,Sábado,0.0,road running,Infantil,,,Sagunt / Sagunto,el Camp de Morvedre,Comunitat Valenciana,262-257,262-257-55,I 6K NOCTURNO SOLIDARIO PUERTO DE SAGUNTO,Carrera infantil,0
cronorunner,I PUJADA A LA BOLA DE CULLERA,2014-05-25,Domingo,0.0,road running,Absoluta/General,53.0,241.0,Cullera,València / Valencia,Comunitat Valenciana,157-158,157-158-26,I PUJADA A LA BOLA DE CULLERA,10600,0
cronorunner,XXXII MITJA MARATÓ D'ALCÀSSER,2014-05-10,Sábado,0.0,road running,Absoluta/General,47.0,489.0,,,,223-220,223-220-24,XXXII MITJA MARATÓ D'ALCÀSSER,Mitja Marató,0
cronorunner,X MITJA MARATO i X10K CIUTAT DE TORRENT,2014-05-04,Domingo,0.0,road running,Absoluta/General,20.0,267.0,Torrent,l'Horta Sud,Comunitat Valenciana,221-218,221-218-22,X MITJA MARATO i X10K CIUTAT DE TORRENT,Media Maratón,0
cronorunner,I 10 KM CIUTAT DE TORRENT,2014-05-04,Domingo,0.0,road running,Absoluta/General,47.0,172.0,Torrent,l'Horta Sud,Comunitat Valenciana,222-219,222-219-23,I 10 KM CIUTAT DE TORRENT,10k,0
cronorunner,III VOLTA A PEU I MARCHA BONESTAR LA LLACUNA (Corredores),2014-05-01,Jueves,0.0,marcha,Absoluta/General,49.0,148.0,la Llacuna,Anoia,Catalunya,151-151,151-151-21,III VOLTA A PEU I MARCHA BONESTAR LA LLACUNA,Corredores,0
cronorunner,III VOLTA A PEU I MARCHA BONESTAR LA LLACUNA (Caminantes),2014-05-01,Jueves,0.0,marcha,Absoluta/General,,,la Llacuna,Anoia,Catalunya,151-151,151-151-29,III VOLTA A PEU I MARCHA BONESTAR LA LLACUNA,Caminantes,0
cronorunner,II CARRERA SOLIDARIA AFACAM 10K PUERTO DE SAGUNTO (Alevines),2014-04-06,Domingo,0.0,road running,Infantil,,,Sagunt / Sagunto,el Camp de Morvedre,Comunitat Valenciana,197-195,197-195-18,II CARRERA SOLIDARIA AFACAM 10K PUERTO DE SAGUNTO,Alevines,0
cronorunner,II CARRERA SOLIDARIA AFACAM 10K PUERTO DE SAGUNTO (Juvenil),2014-04-06,Domingo,0.0,road running,Infantil,,,Sagunt / Sagunto,el Camp de Morvedre,Comunitat Valenciana,197-195,197-195-19,II CARRERA SOLIDARIA AFACAM 10K PUERTO DE SAGUNTO,Juvenil,0
cronorunner,II CARRERA SOLIDARIA AFACAM 10K PUERTO DE SAGUNTO (Absoluta),2014-04-06,Domingo,0.0,road running,Absoluta/General,,,Sagunt / Sagunto,el Camp de Morvedre,Comunitat Valenciana,197-195,197-195-20,II CARRERA SOLIDARIA AFACAM 10K PUERTO DE SAGUNTO,Absoluta,0
cronorunner,I 10k BIMI SILLA,2014-04-05,Sábado,0.0,road running,Absoluta/General,94.0,482.0,,,,150-150,150-150-15,I 10k BIMI SILLA,10K SILLA,0
cronorunner,V TRAIL 3 PICS LES RODANES (REINA 23K),2014-03-30,Domingo,0.0,trail running,Absoluta/General,33.0,378.0,Vilamarxant,València / Valencia,Comunitat Valenciana,136-136,136-136-13,V TRAIL 3 PICS LES RODANES,REINA 23K,0
cronorunner,V TRAIL 3 PICS LES RODANES (RAPITTRAIL 13K),2014-03-30,Domingo,0.0,trail running,Absoluta/General,65.0,139.0,Vilamarxant,València / Valencia,Comunitat Valenciana,136-136,136-136-14,V TRAIL 3 PICS LES RODANES,RAPITTRAIL 13K,0
cronorunner,II CARRERA DE EQUIPOS CONTRA ZOMBIES UMH ELCHE,2013-12-14,Sábado,0.0,road running,Equipos,0.0,112.0,Elx / Elche,el Baix Vinalopó,Comunitat Valenciana,84-85,84-85-12,II CARRERA DE EQUIPOS CONTRA ZOMBIES UMH ELCHE,Circuito Zombies,0
cronorunner,I Competición Popular en la pista de la ciutat de Sueca (800m),2013-11-30,Sábado,0.0,road running,Absoluta/General,,,Sueca,València / Valencia,Comunitat Valenciana,79-80,79-80-9,I Competición Popular en la pista de la ciutat de Sueca,800m,0
cronorunner,I Competición Popular en la pista de la ciutat de Sueca (1500m),2013-11-30,Sábado,0.0,road running,Absoluta/General,,,Sueca,València / Valencia,Comunitat Valenciana,79-80,79-80-10,I Competición Popular en la pista de la ciutat de Sueca,1500m,0
cronorunner,I Competición Popular en la pista de la ciutat de Sueca (5000m),2013-11-30,Sábado,0.0,road running,Absoluta/General,,,Sueca,València / Valencia,Comunitat Valenciana,79-80,79-80-11,I Competición Popular en la pista de la ciutat de Sueca,5000m,0
cronorunner,I CONTROL PISTA A.L. CRONORUNNER C.A. L'ALCÚDIA (1500m),2013-11-02,Sábado,0.0,road running,Absoluta/General,,,l'Alcúdia,València / Valencia,Comunitat Valenciana,69-70,69-70-6,I CONTROL PISTA A.L. CRONORUNNER C.A. L'ALCÚDIA,1500m,0
cronorunner,I CONTROL PISTA A.L. CRONORUNNER C.A. L'ALCÚDIA (3000m),2013-11-02,Sábado,0.0,road running,Absoluta/General,,,l'Alcúdia,València / Valencia,Comunitat Valenciana,69-70,69-70-7,I CONTROL PISTA A.L. CRONORUNNER C.A. L'ALCÚDIA,3000m,0
cronorunner,I CONTROL PISTA A.L. CRONORUNNER C.A. L'ALCÚDIA (5000m),2013-11-02,Sábado,0.0,road running,Absoluta/General,,,l'Alcúdia,València / Valencia,Comunitat Valenciana,69-70,69-70-8,I CONTROL PISTA A.L. CRONORUNNER C.A. L'ALCÚDIA,5000m,0
